Datetime,Open,High,Low,Close,Volume
2026-04-29 13:30:00+00:00,95.02999877929688,95.02999877929688,95.00499725341797,95.01000213623047,171810
2026-04-29 13:35:00+00:00,95.0,95.01129913330078,94.99009704589844,95.01000213623047,61544
2026-04-29 13:40:00+00:00,95.01499938964844,95.01909637451172,94.99299621582031,95.0000991821289,75019
2026-04-29 13:45:00+00:00,95.0,95.0,94.96499633789062,94.9749984741211,189300
2026-04-29 13:50:00+00:00,94.9749984741211,94.98500061035156,94.93499755859375,94.94499969482422,201429
2026-04-29 13:55:00+00:00,94.94499969482422,94.95500183105469,94.9220962524414,94.93499755859375,134710
2026-04-29 14:00:00+00:00,94.93499755859375,94.93499755859375,94.91000366210938,94.91999816894531,142270
2026-04-29 14:05:00+00:00,94.91500091552734,94.93000030517578,94.9000015258789,94.92500305175781,354579
2026-04-29 14:10:00+00:00,94.92500305175781,94.9800033569336,94.92500305175781,94.9749984741211,154109
2026-04-29 14:15:00+00:00,94.9749984741211,94.98500061035156,94.97000122070312,94.9800033569336,108971
2026-04-29 14:20:00+00:00,94.98500061035156,94.99500274658203,94.97000122070312,94.99500274658203,27567
2026-04-29 14:25:00+00:00,94.99500274658203,94.99939727783203,94.9749984741211,94.9749984741211,26041
2026-04-29 14:30:00+00:00,94.97000122070312,94.98500061035156,94.95999908447266,94.98069763183594,44598
2026-04-29 14:35:00+00:00,94.98500061035156,95.0,94.9800033569336,94.9800033569336,16443
2026-04-29 14:40:00+00:00,94.97000122070312,94.97000122070312,94.95120239257812,94.96499633789062,10261
2026-04-29 14:45:00+00:00,94.97000122070312,94.97000122070312,94.94000244140625,94.95500183105469,75300
2026-04-29 14:50:00+00:00,94.95500183105469,94.96990203857422,94.94000244140625,94.94499969482422,32547
2026-04-29 14:55:00+00:00,94.94499969482422,94.94999694824219,94.93499755859375,94.94390106201172,37022
2026-04-29 15:00:00+00:00,94.94999694824219,94.95999908447266,94.94999694824219,94.95500183105469,21049
2026-04-29 15:05:00+00:00,94.95500183105469,94.95999908447266,94.94029998779297,94.94750213623047,13074
2026-04-29 15:10:00+00:00,94.94010162353516,94.96499633789062,94.94010162353516,94.95500183105469,28526
2026-04-29 15:15:00+00:00,94.95110321044922,94.96499633789062,94.94499969482422,94.94969940185547,33840
2026-04-29 15:20:00+00:00,94.94979858398438,94.95999908447266,94.93499755859375,94.95500183105469,26270
2026-04-29 15:25:00+00:00,94.95999908447266,94.97000122070312,94.94999694824219,94.95500183105469,47976
2026-04-29 15:30:00+00:00,94.94999694824219,94.95500183105469,94.91230010986328,94.92559814453125,63270
2026-04-29 15:35:00+00:00,94.92120361328125,94.94499969482422,94.91130065917969,94.94499969482422,19586
2026-04-29 15:40:00+00:00,94.94979858398438,94.94999694824219,94.91999816894531,94.93499755859375,35893
2026-04-29 15:45:00+00:00,94.94000244140625,94.97930145263672,94.94000244140625,94.96499633789062,29478
2026-04-29 15:50:00+00:00,94.96499633789062,94.99500274658203,94.83000183105469,94.8499984741211,426269
2026-04-29 15:55:00+00:00,94.8550033569336,94.91999816894531,94.84500122070312,94.91999816894531,113550
2026-04-29 16:00:00+00:00,94.91500091552734,94.95500183105469,94.91500091552734,94.95500183105469,20877
2026-04-29 16:05:00+00:00,94.94999694824219,94.9657974243164,94.92500305175781,94.94000244140625,97044
2026-04-29 16:10:00+00:00,94.93499755859375,94.94499969482422,94.91000366210938,94.91500091552734,39349
2026-04-29 16:15:00+00:00,94.91510009765625,94.92849731445312,94.8949966430664,94.9000015258789,19853
2026-04-29 16:20:00+00:00,94.90499877929688,94.92500305175781,94.90010070800781,94.91500091552734,43993
2026-04-29 16:25:00+00:00,94.91500091552734,94.91500091552734,94.9000015258789,94.90809631347656,45307
2026-04-29 16:30:00+00:00,94.9000015258789,94.90499877929688,94.86419677734375,94.875,284785
2026-04-29 16:35:00+00:00,94.87200164794922,94.91000366210938,94.87200164794922,94.91000366210938,24010
2026-04-29 16:40:00+00:00,94.9000015258789,94.91220092773438,94.88999938964844,94.90499877929688,16315
2026-04-29 16:45:00+00:00,94.90499877929688,94.91500091552734,94.90499877929688,94.91000366210938,13562
2026-04-29 16:50:00+00:00,94.91500091552734,94.91500091552734,94.88999938964844,94.8949966430664,42238
2026-04-29 16:55:00+00:00,94.8949966430664,94.91999816894531,94.8949966430664,94.91999816894531,21154
2026-04-29 17:00:00+00:00,94.91500091552734,94.91500091552734,94.88500213623047,94.88500213623047,12053
2026-04-29 17:05:00+00:00,94.8949966430664,94.9166030883789,94.8949966430664,94.91000366210938,9463
2026-04-29 17:10:00+00:00,94.91390228271484,94.91799926757812,94.88500213623047,94.88500213623047,29816
2026-04-29 17:15:00+00:00,94.88999938964844,94.8949966430664,94.87999725341797,94.88999938964844,27671
2026-04-29 17:20:00+00:00,94.88999938964844,94.91790008544922,94.88500213623047,94.89610290527344,98916
2026-04-29 17:25:00+00:00,94.9000015258789,94.90499877929688,94.8949966430664,94.8949966430664,4585
2026-04-29 17:30:00+00:00,94.8949966430664,94.91850280761719,94.8949966430664,94.91500091552734,51637
2026-04-29 17:35:00+00:00,94.91500091552734,94.9197998046875,94.91000366210938,94.91500091552734,16721
2026-04-29 17:40:00+00:00,94.91500091552734,94.91999816894531,94.90499877929688,94.91500091552734,21965
2026-04-29 17:45:00+00:00,94.91999816894531,94.94000244140625,94.91500091552734,94.93499755859375,23985
2026-04-29 17:50:00+00:00,94.93990325927734,94.94999694824219,94.93499755859375,94.94499969482422,85078
2026-04-29 17:55:00+00:00,94.94499969482422,94.97000122070312,94.94000244140625,94.97000122070312,244911
2026-04-29 18:00:00+00:00,94.94000244140625,94.95999908447266,94.84500122070312,94.875,277163
2026-04-29 18:05:00+00:00,94.9000015258789,94.91000366210938,94.82499694824219,94.83000183105469,52376
2026-04-29 18:10:00+00:00,94.83499908447266,94.83999633789062,94.79000091552734,94.79000091552734,66433
2026-04-29 18:15:00+00:00,94.79499816894531,94.875,94.78500366210938,94.8635025024414,74461
2026-04-29 18:20:00+00:00,94.87000274658203,94.87000274658203,94.83999633789062,94.8550033569336,49856
2026-04-29 18:25:00+00:00,94.8499984741211,94.8499984741211,94.83000183105469,94.83499908447266,34862
2026-04-29 18:30:00+00:00,94.84030151367188,94.8550033569336,94.80999755859375,94.81999969482422,72238
2026-04-29 18:35:00+00:00,94.82980346679688,94.91500091552734,94.80000305175781,94.83000183105469,152644
2026-04-29 18:40:00+00:00,94.81999969482422,94.81999969482422,94.71499633789062,94.71499633789062,91752
2026-04-29 18:45:00+00:00,94.71499633789062,94.75,94.69499969482422,94.75,206333
2026-04-29 18:50:00+00:00,94.75,94.78500366210938,94.75,94.76499938964844,106515
2026-04-29 18:55:00+00:00,94.76499938964844,94.80999755859375,94.76229858398438,94.80999755859375,125029
2026-04-29 19:00:00+00:00,94.80500030517578,94.86000061035156,94.80500030517578,94.83999633789062,72674
2026-04-29 19:05:00+00:00,94.8301010131836,94.87000274658203,94.83000183105469,94.86000061035156,93756
2026-04-29 19:10:00+00:00,94.85980224609375,94.9000015258789,94.85980224609375,94.9000015258789,58657
2026-04-29 19:15:00+00:00,94.9000015258789,94.9000015258789,94.88500213623047,94.88500213623047,45101
2026-04-29 19:20:00+00:00,94.88999938964844,94.88999938964844,94.87000274658203,94.87999725341797,43210
2026-04-29 19:25:00+00:00,94.87999725341797,94.88500213623047,94.8499984741211,94.86499786376953,58807
2026-04-29 19:30:00+00:00,94.86000061035156,94.86000061035156,94.80000305175781,94.81749725341797,87009
2026-04-29 19:35:00+00:00,94.81749725341797,94.83000183105469,94.8021011352539,94.82499694824219,92432
2026-04-29 19:40:00+00:00,94.82499694824219,94.8499984741211,94.80000305175781,94.80500030517578,80080
2026-04-29 19:45:00+00:00,94.80999755859375,94.81749725341797,94.80000305175781,94.80500030517578,117935
2026-04-29 19:50:00+00:00,94.80000305175781,94.83000183105469,94.80000305175781,94.80999755859375,187112
2026-04-29 19:55:00+00:00,94.80500030517578,94.83000183105469,94.80000305175781,94.81999969482422,321396
2026-04-30 13:30:00+00:00,95.02999877929688,95.04750061035156,95.01000213623047,95.01000213623047,181478
2026-04-30 13:35:00+00:00,95.00499725341797,95.01499938964844,94.9801025390625,95.00499725341797,71077
2026-04-30 13:40:00+00:00,95.00499725341797,95.00499725341797,94.97000122070312,95.0,61313
2026-04-30 13:45:00+00:00,95.0,95.0250015258789,94.99500274658203,94.99500274658203,38725
2026-04-30 13:50:00+00:00,94.99500274658203,95.00499725341797,94.9800033569336,95.00499725341797,42385
2026-04-30 13:55:00+00:00,95.0,95.00499725341797,94.9800033569336,94.9800033569336,39407
2026-04-30 14:00:00+00:00,94.97000122070312,95.01499938964844,94.97000122070312,94.98500061035156,28902
2026-04-30 14:05:00+00:00,94.98989868164062,94.98999786376953,94.94000244140625,94.94999694824219,137297
2026-04-30 14:10:00+00:00,94.95010375976562,94.96499633789062,94.94499969482422,94.95500183105469,403136
2026-04-30 14:15:00+00:00,94.95500183105469,94.98500061035156,94.93000030517578,94.9749984741211,124696
2026-04-30 14:20:00+00:00,94.97010040283203,94.98999786376953,94.96019744873047,94.96499633789062,68824
2026-04-30 14:25:00+00:00,94.97000122070312,94.98999786376953,94.96099853515625,94.98999786376953,108441
2026-04-30 14:30:00+00:00,94.98999786376953,95.01499938964844,94.9749984741211,94.99500274658203,64489
2026-04-30 14:35:00+00:00,94.99009704589844,94.99500274658203,94.93659973144531,94.95999908447266,64489
2026-04-30 14:40:00+00:00,94.97000122070312,94.99500274658203,94.96659851074219,94.99009704589844,19891
2026-04-30 14:45:00+00:00,94.98999786376953,94.98999786376953,94.97419738769531,94.9800033569336,34743
2026-04-30 14:50:00+00:00,94.98999786376953,95.0154037475586,94.98999786376953,95.01499938964844,22007
2026-04-30 14:55:00+00:00,95.01499938964844,95.0199966430664,94.98999786376953,94.98999786376953,94659
2026-04-30 15:00:00+00:00,94.98999786376953,95.0,94.9738998413086,94.98999786376953,28087
2026-04-30 15:05:00+00:00,94.99009704589844,95.01499938964844,94.9800033569336,95.01000213623047,7963
2026-04-30 15:10:00+00:00,95.0199966430664,95.02970123291016,95.0,95.0,39758
2026-04-30 15:15:00+00:00,95.0,95.01000213623047,94.99500274658203,95.00499725341797,45335
2026-04-30 15:20:00+00:00,95.0,95.01000213623047,94.98500061035156,95.01000213623047,18800
2026-04-30 15:25:00+00:00,95.00499725341797,95.0199966430664,95.00499725341797,95.0199966430664,13436
2026-04-30 15:30:00+00:00,95.01499938964844,95.0364990234375,95.0,95.00499725341797,29644
2026-04-30 15:35:00+00:00,95.00499725341797,95.00499725341797,94.9822006225586,95.00499725341797,9390
2026-04-30 15:40:00+00:00,95.00499725341797,95.01000213623047,94.99009704589844,94.99019622802734,24107
2026-04-30 15:45:00+00:00,94.98999786376953,94.99500274658203,94.97989654541016,94.99500274658203,35476
2026-04-30 15:50:00+00:00,94.98999786376953,94.98999786376953,94.9800033569336,94.98500061035156,49214
2026-04-30 15:55:00+00:00,94.98500061035156,94.98999786376953,94.970703125,94.97100067138672,29897
2026-04-30 16:00:00+00:00,94.9800033569336,94.98500061035156,94.96189880371094,94.98200225830078,19949
2026-04-30 16:05:00+00:00,94.98999786376953,95.00499725341797,94.98999786376953,94.99500274658203,23938
2026-04-30 16:10:00+00:00,94.99659729003906,95.0250015258789,94.99500274658203,95.0250015258789,9697
2026-04-30 16:15:00+00:00,95.0250015258789,95.0250015258789,94.97010040283203,94.9749984741211,23562
2026-04-30 16:20:00+00:00,94.9800033569336,94.98989868164062,94.97949981689453,94.9800033569336,30491
2026-04-30 16:25:00+00:00,94.9896011352539,94.98999786376953,94.97119903564453,94.97370147705078,46543
2026-04-30 16:30:00+00:00,94.9749984741211,94.9749984741211,94.95010375976562,94.95980072021484,31346
2026-04-30 16:35:00+00:00,94.95500183105469,94.9563980102539,94.94499969482422,94.94999694824219,33926
2026-04-30 16:40:00+00:00,94.94999694824219,94.9802017211914,94.94999694824219,94.97000122070312,62931
2026-04-30 16:45:00+00:00,94.96499633789062,94.96499633789062,94.94010162353516,94.94999694824219,25080
2026-04-30 16:50:00+00:00,94.94999694824219,94.94999694824219,94.94000244140625,94.94999694824219,107280
2026-04-30 16:55:00+00:00,94.94999694824219,94.95500183105469,94.93499755859375,94.94000244140625,18665
2026-04-30 17:00:00+00:00,94.95500183105469,94.97000122070312,94.94010162353516,94.97000122070312,24378
2026-04-30 17:05:00+00:00,94.96499633789062,94.97000122070312,94.95999908447266,94.96499633789062,16440
2026-04-30 17:10:00+00:00,94.96499633789062,94.9749984741211,94.95999908447266,94.95999908447266,7806
2026-04-30 17:15:00+00:00,94.95999908447266,94.95999908447266,94.94000244140625,94.95500183105469,27792
2026-04-30 17:20:00+00:00,94.95500183105469,94.96499633789062,94.94499969482422,94.94499969482422,21211
2026-04-30 17:25:00+00:00,94.94059753417969,94.95500183105469,94.94000244140625,94.95500183105469,14927
2026-04-30 17:30:00+00:00,94.95999908447266,94.98500061035156,94.95999908447266,94.96499633789062,29688
2026-04-30 17:35:00+00:00,94.96929931640625,94.97000122070312,94.95099639892578,94.95500183105469,48448
2026-04-30 17:40:00+00:00,94.95500183105469,94.9800033569336,94.95500183105469,94.9749984741211,66047
2026-04-30 17:45:00+00:00,94.97049713134766,94.98500061035156,94.97049713134766,94.98159790039062,8698
2026-04-30 17:50:00+00:00,94.98500061035156,94.98999786376953,94.9800033569336,94.9800033569336,25979
2026-04-30 17:55:00+00:00,94.9749984741211,94.99949645996094,94.9749984741211,94.99500274658203,9531
2026-04-30 18:00:00+00:00,95.0,95.02999877929688,94.99500274658203,95.01000213623047,46127
2026-04-30 18:05:00+00:00,95.01499938964844,95.01940155029297,95.01000213623047,95.01499938964844,16629
2026-04-30 18:10:00+00:00,95.0199966430664,95.0199966430664,95.0,95.00499725341797,3213512
2026-04-30 18:15:00+00:00,95.00499725341797,95.04499816894531,95.00289916992188,95.04499816894531,13288
2026-04-30 18:20:00+00:00,95.04100036621094,95.05500030517578,95.04000091552734,95.05000305175781,69787
2026-04-30 18:25:00+00:00,95.04019927978516,95.04499816894531,95.02999877929688,95.02999877929688,14831
2026-04-30 18:30:00+00:00,95.02999877929688,95.02999877929688,95.0,95.0188980102539,40162
2026-04-30 18:35:00+00:00,95.01850128173828,95.02989959716797,95.01110076904297,95.0199966430664,25288
2026-04-30 18:40:00+00:00,95.01499938964844,95.0199966430664,95.0,95.00499725341797,37282
2026-04-30 18:45:00+00:00,95.00499725341797,95.01499938964844,95.00199890136719,95.00499725341797,49931
2026-04-30 18:50:00+00:00,95.01000213623047,95.02970123291016,95.00499725341797,95.00499725341797,38534
2026-04-30 18:55:00+00:00,95.00499725341797,95.01000213623047,94.9844970703125,95.00499725341797,201842
2026-04-30 19:00:00+00:00,95.00499725341797,95.04000091552734,95.00499725341797,95.03050231933594,24963
2026-04-30 19:05:00+00:00,95.03500366210938,95.05999755859375,95.02999877929688,95.05500030517578,119983
2026-04-30 19:10:00+00:00,95.05500030517578,95.08000183105469,95.05010223388672,95.06500244140625,71731
2026-04-30 19:15:00+00:00,95.0697021484375,95.0886001586914,95.05999755859375,95.06500244140625,55683
2026-04-30 19:20:00+00:00,95.05999755859375,95.05999755859375,95.04000091552734,95.04119873046875,37858
2026-04-30 19:25:00+00:00,95.04499816894531,95.04989624023438,95.0199966430664,95.02999877929688,54414
2026-04-30 19:30:00+00:00,95.02999877929688,95.04000091552734,95.02999877929688,95.03929901123047,126583
2026-04-30 19:35:00+00:00,95.04000091552734,95.06999969482422,95.02999877929688,95.05500030517578,132647
2026-04-30 19:40:00+00:00,95.05500030517578,95.05500030517578,95.02999877929688,95.04000091552734,140606
2026-04-30 19:45:00+00:00,95.03500366210938,95.04499816894531,94.9800033569336,94.98999786376953,177734
2026-04-30 19:50:00+00:00,94.98500061035156,94.98500061035156,94.94999694824219,94.94999694824219,290802
2026-04-30 19:55:00+00:00,94.94999694824219,94.98999786376953,94.86499786376953,94.9800033569336,1612088
2026-05-01 13:30:00+00:00,94.69000244140625,94.7249984741211,94.66000366210938,94.70999908447266,138363
2026-05-01 13:35:00+00:00,94.70500183105469,94.7052001953125,94.69000244140625,94.69499969482422,35207
2026-05-01 13:40:00+00:00,94.6895980834961,94.69999694824219,94.66999816894531,94.67749786376953,18553
2026-05-01 13:45:00+00:00,94.67500305175781,94.67500305175781,94.62249755859375,94.63500213623047,48168
2026-05-01 13:50:00+00:00,94.62999725341797,94.68000030517578,94.625,94.67500305175781,140853
2026-05-01 13:55:00+00:00,94.68000030517578,94.7750015258789,94.68000030517578,94.76000213623047,190018
2026-05-01 14:00:00+00:00,94.7699966430664,94.89990234375,94.7699966430664,94.88999938964844,284092
2026-05-01 14:05:00+00:00,94.88999938964844,94.92500305175781,94.87000274658203,94.92500305175781,213911
2026-05-01 14:10:00+00:00,94.92500305175781,94.98500061035156,94.91999816894531,94.9749984741211,162770
2026-05-01 14:15:00+00:00,94.97509765625,94.98999786376953,94.97000122070312,94.98999786376953,57321
2026-05-01 14:20:00+00:00,95.0,95.04000091552734,94.98999786376953,95.02999877929688,85281
2026-05-01 14:25:00+00:00,95.00990295410156,95.02999877929688,94.99500274658203,94.99500274658203,47914
2026-05-01 14:30:00+00:00,94.98999786376953,94.98999786376953,94.93009948730469,94.93009948730469,89301
2026-05-01 14:35:00+00:00,94.93000030517578,94.93000030517578,94.875,94.88999938964844,173052
2026-05-01 14:40:00+00:00,94.88999938964844,94.8949966430664,94.8511962890625,94.87999725341797,74114
2026-05-01 14:45:00+00:00,94.875,94.88500213623047,94.8550033569336,94.87010192871094,17995
2026-05-01 14:50:00+00:00,94.87000274658203,94.87000274658203,94.83000183105469,94.83000183105469,12025
2026-05-01 14:55:00+00:00,94.83000183105469,94.87100219726562,94.83000183105469,94.87000274658203,12607
2026-05-01 15:00:00+00:00,94.86499786376953,94.86499786376953,94.80500030517578,94.83000183105469,58621
2026-05-01 15:05:00+00:00,94.83499908447266,94.83499908447266,94.7750015258789,94.79000091552734,31491
2026-05-01 15:10:00+00:00,94.79000091552734,94.80500030517578,94.79000091552734,94.80500030517578,7966
2026-05-01 15:15:00+00:00,94.80999755859375,94.82990264892578,94.80500030517578,94.80500030517578,36422
2026-05-01 15:20:00+00:00,94.80989837646484,94.82499694824219,94.80030059814453,94.82499694824219,14427
2026-05-01 15:25:00+00:00,94.82990264892578,94.82990264892578,94.79100036621094,94.80500030517578,38189
2026-05-01 15:30:00+00:00,94.81500244140625,94.82499694824219,94.79499816894531,94.80000305175781,103546
2026-05-01 15:35:00+00:00,94.79499816894531,94.82499694824219,94.79499816894531,94.80999755859375,40117
2026-05-01 15:40:00+00:00,94.80999755859375,94.81990051269531,94.79499816894531,94.80500030517578,37106
2026-05-01 15:45:00+00:00,94.81500244140625,94.84850311279297,94.81500244140625,94.84850311279297,20806
2026-05-01 15:50:00+00:00,94.83499908447266,94.83499908447266,94.80500030517578,94.81500244140625,99470
2026-05-01 15:55:00+00:00,94.80500030517578,94.80999755859375,94.76200103759766,94.78500366210938,14303
2026-05-01 16:00:00+00:00,94.78500366210938,94.80500030517578,94.77030181884766,94.80500030517578,24716
2026-05-01 16:05:00+00:00,94.80989837646484,94.81999969482422,94.79010009765625,94.81999969482422,19396
2026-05-01 16:10:00+00:00,94.81819915771484,94.83979797363281,94.81819915771484,94.83439636230469,6940
2026-05-01 16:15:00+00:00,94.86000061035156,94.87999725341797,94.8550033569336,94.87010192871094,19648
2026-05-01 16:20:00+00:00,94.87650299072266,94.88500213623047,94.80999755859375,94.83999633789062,100909
2026-05-01 16:25:00+00:00,94.83000183105469,94.84880065917969,94.83000183105469,94.83000183105469,79774
2026-05-01 16:30:00+00:00,94.82990264892578,94.83499908447266,94.79499816894531,94.80999755859375,32274
2026-05-01 16:35:00+00:00,94.81500244140625,94.86150360107422,94.80500030517578,94.86150360107422,22857
2026-05-01 16:40:00+00:00,94.8656997680664,94.87000274658203,94.85009765625,94.8550033569336,30373
2026-05-01 16:45:00+00:00,94.85990142822266,94.86969757080078,94.8499984741211,94.8499984741211,28183
2026-05-01 16:50:00+00:00,94.8499984741211,94.8499984741211,94.82499694824219,94.8302993774414,25769
2026-05-01 16:55:00+00:00,94.83999633789062,94.83999633789062,94.80999755859375,94.80999755859375,73042
2026-05-01 17:00:00+00:00,94.80000305175781,94.80999755859375,94.7699966430664,94.7750015258789,638350
2026-05-01 17:05:00+00:00,94.77110290527344,94.80889892578125,94.77110290527344,94.80889892578125,9427
2026-05-01 17:10:00+00:00,94.80500030517578,94.80999755859375,94.79000091552734,94.80500030517578,16222
2026-05-01 17:15:00+00:00,94.80500030517578,94.80999755859375,94.79000091552734,94.80500030517578,44950
2026-05-01 17:20:00+00:00,94.80989837646484,94.82499694824219,94.80989837646484,94.81500244140625,18635
2026-05-01 17:25:00+00:00,94.80999755859375,94.80999755859375,94.80000305175781,94.80500030517578,11731
2026-05-01 17:30:00+00:00,94.80500030517578,94.81500244140625,94.80000305175781,94.81500244140625,19199
2026-05-01 17:35:00+00:00,94.81500244140625,94.81500244140625,94.79010009765625,94.80500030517578,24025
2026-05-01 17:40:00+00:00,94.80500030517578,94.80999755859375,94.80000305175781,94.80500030517578,23011
2026-05-01 17:45:00+00:00,94.80999755859375,94.80999755859375,94.79280090332031,94.80809783935547,18878
2026-05-01 17:50:00+00:00,94.80500030517578,94.84500122070312,94.80500030517578,94.82499694824219,31628
2026-05-01 17:55:00+00:00,94.81999969482422,94.82499694824219,94.810302734375,94.810302734375,21068
2026-05-01 18:00:00+00:00,94.81500244140625,94.81880187988281,94.80000305175781,94.81880187988281,15709
2026-05-01 18:05:00+00:00,94.80999755859375,94.80999755859375,94.77999877929688,94.78500366210938,54185
2026-05-01 18:10:00+00:00,94.78959655761719,94.79000091552734,94.77069854736328,94.77999877929688,24225
2026-05-01 18:15:00+00:00,94.77999877929688,94.79000091552734,94.76499938964844,94.78500366210938,72800
2026-05-01 18:20:00+00:00,94.79000091552734,94.79000091552734,94.78340148925781,94.78500366210938,15857
2026-05-01 18:25:00+00:00,94.77999877929688,94.80000305175781,94.77010345458984,94.80000305175781,41370
2026-05-01 18:30:00+00:00,94.80500030517578,94.81500244140625,94.80030059814453,94.80989837646484,53105
2026-05-01 18:35:00+00:00,94.80870056152344,94.81839752197266,94.8010025024414,94.81500244140625,16375
2026-05-01 18:40:00+00:00,94.80999755859375,94.81999969482422,94.80999755859375,94.81500244140625,14117
2026-05-01 18:45:00+00:00,94.81500244140625,94.81999969482422,94.80220031738281,94.81500244140625,21990
2026-05-01 18:50:00+00:00,94.81950378417969,94.81999969482422,94.80999755859375,94.80999755859375,21906
2026-05-01 18:55:00+00:00,94.80999755859375,94.81770324707031,94.79000091552734,94.79499816894531,223089
2026-05-01 19:00:00+00:00,94.80000305175781,94.80570220947266,94.77999877929688,94.80000305175781,74543
2026-05-01 19:05:00+00:00,94.80000305175781,94.80000305175781,94.79319763183594,94.79499816894531,11271
2026-05-01 19:10:00+00:00,94.79499816894531,94.80000305175781,94.79000091552734,94.79000091552734,41874
2026-05-01 19:15:00+00:00,94.80000305175781,94.80999755859375,94.80000305175781,94.80999755859375,49617
2026-05-01 19:20:00+00:00,94.80500030517578,94.80999755859375,94.80000305175781,94.80500030517578,62127
2026-05-01 19:25:00+00:00,94.80999755859375,94.80999755859375,94.77999877929688,94.78500366210938,45570
2026-05-01 19:30:00+00:00,94.78500366210938,94.78610229492188,94.77100372314453,94.7750015258789,27672
2026-05-01 19:35:00+00:00,94.7750015258789,94.77999877929688,94.7699966430664,94.7750015258789,63156
2026-05-01 19:40:00+00:00,94.7750015258789,94.7750015258789,94.75,94.75,85642
2026-05-01 19:45:00+00:00,94.75499725341797,94.75990295410156,94.75,94.75499725341797,18413
2026-05-01 19:50:00+00:00,94.7594985961914,94.76000213623047,94.72509765625,94.73989868164062,94086
2026-05-01 19:55:00+00:00,94.7300033569336,94.76840209960938,94.72000122070312,94.76000213623047,142177
2026-05-04 13:30:00+00:00,94.58000183105469,94.5999984741211,94.55000305175781,94.58999633789062,144019
2026-05-04 13:35:00+00:00,94.58999633789062,94.5999984741211,94.56050109863281,94.57499694824219,81061
2026-05-04 13:40:00+00:00,94.56999969482422,94.56999969482422,94.54989624023438,94.54989624023438,31404
2026-05-04 13:45:00+00:00,94.54499816894531,94.54989624023438,94.5250015258789,94.52999877929688,63796
2026-05-04 13:50:00+00:00,94.53589630126953,94.55000305175781,94.5199966430664,94.5250015258789,97049
2026-05-04 13:55:00+00:00,94.5250015258789,94.52999877929688,94.50499725341797,94.51000213623047,57849
2026-05-04 14:00:00+00:00,94.5,94.5250015258789,94.4800033569336,94.5250015258789,82140
2026-05-04 14:05:00+00:00,94.5199966430664,94.54499816894531,94.51000213623047,94.51499938964844,246151
2026-05-04 14:10:00+00:00,94.51499938964844,94.55000305175781,94.51429748535156,94.54010009765625,43838
2026-05-04 14:15:00+00:00,94.54000091552734,94.56500244140625,94.52999877929688,94.56099700927734,21005
2026-05-04 14:20:00+00:00,94.560302734375,94.5801010131836,94.560302734375,94.57499694824219,25467
2026-05-04 14:25:00+00:00,94.58000183105469,94.5999984741211,94.57499694824219,94.57499694824219,22258
2026-05-04 14:30:00+00:00,94.5780029296875,94.58000183105469,94.56500244140625,94.57499694824219,27550
2026-05-04 14:35:00+00:00,94.57959747314453,94.57959747314453,94.55500030517578,94.55999755859375,60159
2026-05-04 14:40:00+00:00,94.56199645996094,94.56999969482422,94.5510025024414,94.55989837646484,15978
2026-05-04 14:45:00+00:00,94.55999755859375,94.57499694824219,94.55149841308594,94.55500030517578,86949
2026-05-04 14:50:00+00:00,94.55999755859375,94.56500244140625,94.55000305175781,94.56500244140625,116901
2026-05-04 14:55:00+00:00,94.5624008178711,94.5624008178711,94.50499725341797,94.50499725341797,55277
2026-05-04 15:00:00+00:00,94.50789642333984,94.54720306396484,94.47000122070312,94.5199966430664,55484
2026-05-04 15:05:00+00:00,94.51499938964844,94.5199966430664,94.50499725341797,94.51499938964844,54471
2026-05-04 15:10:00+00:00,94.51499938964844,94.51740264892578,94.49500274658203,94.5000991821289,23076
2026-05-04 15:15:00+00:00,94.50499725341797,94.5250015258789,94.43499755859375,94.43499755859375,116554
2026-05-04 15:20:00+00:00,94.42500305175781,94.43499755859375,94.38500213623047,94.40010070800781,227552
2026-05-04 15:25:00+00:00,94.41000366210938,94.43499755859375,94.40440368652344,94.43499755859375,83406
2026-05-04 15:30:00+00:00,94.43900299072266,94.43900299072266,94.3949966430664,94.40499877929688,264798
2026-05-04 15:35:00+00:00,94.38999938964844,94.41500091552734,94.38500213623047,94.40499877929688,48538
2026-05-04 15:40:00+00:00,94.4000015258789,94.4000015258789,94.375,94.3949966430664,42825
2026-05-04 15:45:00+00:00,94.3949966430664,94.3949966430664,94.375,94.375,47504
2026-05-04 15:50:00+00:00,94.37000274658203,94.37999725341797,94.33000183105469,94.3550033569336,148491
2026-05-04 15:55:00+00:00,94.3550033569336,94.36499786376953,94.33999633789062,94.34010314941406,56496
2026-05-04 16:00:00+00:00,94.34500122070312,94.375,94.30000305175781,94.31500244140625,98525
2026-05-04 16:05:00+00:00,94.31500244140625,94.33499908447266,94.23149871826172,94.25,222623
2026-05-04 16:10:00+00:00,94.25,94.2750015258789,94.2300033569336,94.23999786376953,79795
2026-05-04 16:15:00+00:00,94.23999786376953,94.30000305175781,94.22000122070312,94.2750015258789,215111
2026-05-04 16:20:00+00:00,94.28500366210938,94.31999969482422,94.27999877929688,94.31500244140625,139706
2026-05-04 16:25:00+00:00,94.31999969482422,94.33000183105469,94.28500366210938,94.29499816894531,150356
2026-05-04 16:30:00+00:00,94.30000305175781,94.32499694824219,94.29499816894531,94.31500244140625,89248
2026-05-04 16:35:00+00:00,94.31999969482422,94.32499694824219,94.2750015258789,94.28500366210938,104294
2026-05-04 16:40:00+00:00,94.28500366210938,94.29499816894531,94.2750015258789,94.28500366210938,37281
2026-05-04 16:45:00+00:00,94.28500366210938,94.29989624023438,94.28009796142578,94.28009796142578,54818
2026-05-04 16:50:00+00:00,94.28500366210938,94.29499816894531,94.27999877929688,94.28500366210938,66987
2026-05-04 16:55:00+00:00,94.28500366210938,94.30000305175781,94.28500366210938,94.29499816894531,36750
2026-05-04 17:00:00+00:00,94.29499816894531,94.31500244140625,94.28500366210938,94.31500244140625,44417
2026-05-04 17:05:00+00:00,94.30999755859375,94.3499984741211,94.30500030517578,94.33090209960938,68234
2026-05-04 17:10:00+00:00,94.33499908447266,94.33999633789062,94.33000183105469,94.33499908447266,26010
2026-05-04 17:15:00+00:00,94.33000183105469,94.37000274658203,94.31500244140625,94.36000061035156,62960
2026-05-04 17:20:00+00:00,94.3550033569336,94.375,94.3499984741211,94.37000274658203,23873
2026-05-04 17:25:00+00:00,94.37000274658203,94.38999938964844,94.3499984741211,94.38500213623047,55861
2026-05-04 17:30:00+00:00,94.38009643554688,94.38999938964844,94.37000274658203,94.37000274658203,31602
2026-05-04 17:35:00+00:00,94.36000061035156,94.36000061035156,94.33000183105469,94.33999633789062,20548
2026-05-04 17:40:00+00:00,94.33999633789062,94.35990142822266,94.33499908447266,94.35990142822266,54064
2026-05-04 17:45:00+00:00,94.3550033569336,94.3550033569336,94.33999633789062,94.34339904785156,29660
2026-05-04 17:50:00+00:00,94.35009765625,94.3550033569336,94.3499984741211,94.3550033569336,14955
2026-05-04 17:55:00+00:00,94.3550033569336,94.36000061035156,94.3499984741211,94.3550033569336,15921
2026-05-04 18:00:00+00:00,94.3550033569336,94.37000274658203,94.35099792480469,94.36499786376953,44740
2026-05-04 18:05:00+00:00,94.36000061035156,94.375,94.34500122070312,94.35900115966797,73555
2026-05-04 18:10:00+00:00,94.36000061035156,94.36000061035156,94.3499984741211,94.35009765625,19203
2026-05-04 18:15:00+00:00,94.36000061035156,94.36000061035156,94.33999633789062,94.34500122070312,45128
2026-05-04 18:20:00+00:00,94.34500122070312,94.34500122070312,94.33499908447266,94.33499908447266,25460
2026-05-04 18:25:00+00:00,94.33000183105469,94.33999633789062,94.32499694824219,94.33499908447266,66461
2026-05-04 18:30:00+00:00,94.33999633789062,94.36000061035156,94.33000183105469,94.36000061035156,45109
2026-05-04 18:35:00+00:00,94.36499786376953,94.37000274658203,94.33999633789062,94.3550033569336,32076
2026-05-04 18:40:00+00:00,94.3550033569336,94.3550033569336,94.33470153808594,94.33499908447266,37597
2026-05-04 18:45:00+00:00,94.33000183105469,94.34989929199219,94.33000183105469,94.34500122070312,19892
2026-05-04 18:50:00+00:00,94.34950256347656,94.3550033569336,94.33000183105469,94.33499908447266,54123
2026-05-04 18:55:00+00:00,94.33000183105469,94.3499984741211,94.33000183105469,94.3499984741211,96977
2026-05-04 19:00:00+00:00,94.3499984741211,94.37000274658203,94.3499984741211,94.35009765625,37526
2026-05-04 19:05:00+00:00,94.35990142822266,94.41999816894531,94.35990142822266,94.4000015258789,223923
2026-05-04 19:10:00+00:00,94.40499877929688,94.41999816894531,94.3949966430664,94.41539764404297,71428
2026-05-04 19:15:00+00:00,94.41500091552734,94.42500305175781,94.4000015258789,94.41500091552734,58964
2026-05-04 19:20:00+00:00,94.41500091552734,94.41500091552734,94.4000015258789,94.40499877929688,43790
2026-05-04 19:25:00+00:00,94.4000015258789,94.40499877929688,94.38999938964844,94.39009857177734,47724
2026-05-04 19:30:00+00:00,94.3949966430664,94.41000366210938,94.38999938964844,94.40499877929688,53479
2026-05-04 19:35:00+00:00,94.40499877929688,94.41000366210938,94.4000015258789,94.40499877929688,39991
2026-05-04 19:40:00+00:00,94.41000366210938,94.41000366210938,94.38999938964844,94.40499877929688,55796
2026-05-04 19:45:00+00:00,94.40499877929688,94.41000366210938,94.39009857177734,94.40499877929688,54519
2026-05-04 19:50:00+00:00,94.40499877929688,94.41780090332031,94.38999938964844,94.40499877929688,100164
2026-05-04 19:55:00+00:00,94.40499877929688,94.41500091552734,94.38999938964844,94.40499877929688,675414
2026-05-05 13:30:00+00:00,94.5,94.52999877929688,94.5,94.52989959716797,144692
2026-05-05 13:35:00+00:00,94.5250015258789,94.5250015258789,94.4800033569336,94.4800033569336,123785
2026-05-05 13:40:00+00:00,94.49759674072266,94.5,94.4800033569336,94.48500061035156,26485
2026-05-05 13:45:00+00:00,94.48500061035156,94.50499725341797,94.48249816894531,94.49759674072266,54047
2026-05-05 13:50:00+00:00,94.49500274658203,94.5,94.48500061035156,94.5,19465
2026-05-05 13:55:00+00:00,94.49500274658203,94.51000213623047,94.4800033569336,94.4800033569336,33634
2026-05-05 14:00:00+00:00,94.48999786376953,94.56500244140625,94.48999786376953,94.55500030517578,157107
2026-05-05 14:05:00+00:00,94.55500030517578,94.63500213623047,94.55500030517578,94.61000061035156,67194
2026-05-05 14:10:00+00:00,94.61000061035156,94.61499786376953,94.51000213623047,94.52999877929688,90300
2026-05-05 14:15:00+00:00,94.54000091552734,94.54499816894531,94.4749984741211,94.50499725341797,183733
2026-05-05 14:20:00+00:00,94.5,94.54000091552734,94.5,94.54000091552734,29022
2026-05-05 14:25:00+00:00,94.54499816894531,94.56500244140625,94.54000091552734,94.55000305175781,166698
2026-05-05 14:30:00+00:00,94.54499816894531,94.54499816894531,94.51010131835938,94.52989959716797,31352
2026-05-05 14:35:00+00:00,94.52970123291016,94.54499816894531,94.50499725341797,94.54499816894531,28638
2026-05-05 14:40:00+00:00,94.54499816894531,94.54499816894531,94.52999877929688,94.53500366210938,72095
2026-05-05 14:45:00+00:00,94.52999877929688,94.54499816894531,94.51499938964844,94.54499816894531,173977
2026-05-05 14:50:00+00:00,94.54119873046875,94.56990051269531,94.52999877929688,94.54499816894531,40229
2026-05-05 14:55:00+00:00,94.55000305175781,94.55500030517578,94.52999877929688,94.54499816894531,51217
2026-05-05 15:00:00+00:00,94.55000305175781,94.55500030517578,94.53500366210938,94.55000305175781,22452
2026-05-05 15:05:00+00:00,94.55500030517578,94.55500030517578,94.53170013427734,94.53170013427734,18707
2026-05-05 15:10:00+00:00,94.53990173339844,94.54499816894531,94.53500366210938,94.54000091552734,9709
2026-05-05 15:15:00+00:00,94.54499816894531,94.55989837646484,94.54499816894531,94.55500030517578,24639
2026-05-05 15:20:00+00:00,94.55020141601562,94.57550048828125,94.54000091552734,94.55500030517578,302462
2026-05-05 15:25:00+00:00,94.55020141601562,94.57499694824219,94.55000305175781,94.56500244140625,15427
2026-05-05 15:30:00+00:00,94.57620239257812,94.5999984741211,94.57499694824219,94.58499908447266,33332
2026-05-05 15:35:00+00:00,94.58499908447266,94.59500122070312,94.58000183105469,94.58499908447266,16417
2026-05-05 15:40:00+00:00,94.58999633789062,94.5999984741211,94.57939910888672,94.5999984741211,16428
2026-05-05 15:45:00+00:00,94.5999984741211,94.5999984741211,94.58999633789062,94.59500122070312,14510
2026-05-05 15:50:00+00:00,94.59500122070312,94.60990142822266,94.59500122070312,94.59500122070312,32700
2026-05-05 15:55:00+00:00,94.59500122070312,94.61000061035156,94.59500122070312,94.6050033569336,801966
2026-05-05 16:00:00+00:00,94.61000061035156,94.6261978149414,94.61000061035156,94.62000274658203,30667
2026-05-05 16:05:00+00:00,94.62000274658203,94.62999725341797,94.61000061035156,94.625,21448
2026-05-05 16:10:00+00:00,94.625,94.62640380859375,94.62000274658203,94.62000274658203,15090
2026-05-05 16:15:00+00:00,94.625,94.62550354003906,94.6050033569336,94.625,33677
2026-05-05 16:20:00+00:00,94.625,94.625,94.59500122070312,94.59500122070312,15857
2026-05-05 16:25:00+00:00,94.59500122070312,94.59980010986328,94.58999633789062,94.59980010986328,14524
2026-05-05 16:30:00+00:00,94.59500122070312,94.5999984741211,94.55500030517578,94.55500030517578,51238
2026-05-05 16:35:00+00:00,94.55999755859375,94.57499694824219,94.55500030517578,94.56990051269531,36646
2026-05-05 16:40:00+00:00,94.56500244140625,94.56990051269531,94.55999755859375,94.56500244140625,36274
2026-05-05 16:45:00+00:00,94.56500244140625,94.57569885253906,94.55999755859375,94.56999969482422,29376
2026-05-05 16:50:00+00:00,94.57499694824219,94.57499694824219,94.55999755859375,94.56500244140625,21203
2026-05-05 16:55:00+00:00,94.56500244140625,94.58000183105469,94.55999755859375,94.57499694824219,36273
2026-05-05 17:00:00+00:00,94.57499694824219,94.57949829101562,94.57009887695312,94.57009887695312,8805
2026-05-05 17:05:00+00:00,94.57499694824219,94.57499694824219,94.56500244140625,94.56500244140625,9702
2026-05-05 17:10:00+00:00,94.55500030517578,94.55500030517578,94.54000091552734,94.55500030517578,155060
2026-05-05 17:15:00+00:00,94.55500030517578,94.56500244140625,94.55000305175781,94.55020141601562,54326
2026-05-05 17:20:00+00:00,94.55500030517578,94.55500030517578,94.54070281982422,94.54499816894531,32176
2026-05-05 17:25:00+00:00,94.54499816894531,94.55999755859375,94.54499816894531,94.55500030517578,400747
2026-05-05 17:30:00+00:00,94.56500244140625,94.56999969482422,94.55999755859375,94.56500244140625,56344
2026-05-05 17:35:00+00:00,94.56500244140625,94.56929779052734,94.55500030517578,94.56500244140625,39431
2026-05-05 17:40:00+00:00,94.56999969482422,94.57499694824219,94.55999755859375,94.55999755859375,22328
2026-05-05 17:45:00+00:00,94.55500030517578,94.56500244140625,94.55020141601562,94.56500244140625,17277
2026-05-05 17:50:00+00:00,94.55500030517578,94.56500244140625,94.55000305175781,94.55500030517578,3948447
2026-05-05 17:55:00+00:00,94.55500030517578,94.55999755859375,94.55000305175781,94.55500030517578,14902
2026-05-05 18:00:00+00:00,94.55000305175781,94.55500030517578,94.52999877929688,94.53800201416016,58144
2026-05-05 18:05:00+00:00,94.53500366210938,94.55500030517578,94.53009796142578,94.54499816894531,27625
2026-05-05 18:10:00+00:00,94.54499816894531,94.55000305175781,94.54000091552734,94.55000305175781,20272
2026-05-05 18:15:00+00:00,94.54969787597656,94.55999755859375,94.54969787597656,94.55500030517578,55970
2026-05-05 18:20:00+00:00,94.55500030517578,94.55549621582031,94.54100036621094,94.54499816894531,28852
2026-05-05 18:25:00+00:00,94.54499816894531,94.54499816894531,94.53299713134766,94.53410339355469,23735
2026-05-05 18:30:00+00:00,94.53500366210938,94.54000091552734,94.51499938964844,94.5250015258789,92882
2026-05-05 18:35:00+00:00,94.5250015258789,94.52999877929688,94.51499938964844,94.52999877929688,45457
2026-05-05 18:40:00+00:00,94.5250015258789,94.54000091552734,94.5199966430664,94.53970336914062,34470
2026-05-05 18:45:00+00:00,94.53500366210938,94.54000091552734,94.53009796142578,94.53500366210938,25422
2026-05-05 18:50:00+00:00,94.53500366210938,94.55000305175781,94.53040313720703,94.55000305175781,47146
2026-05-05 18:55:00+00:00,94.54499816894531,94.55999755859375,94.54499816894531,94.55000305175781,78843
2026-05-05 19:00:00+00:00,94.55500030517578,94.55999755859375,94.54499816894531,94.55280303955078,55063
2026-05-05 19:05:00+00:00,94.55500030517578,94.55660247802734,94.54010009765625,94.54499816894531,35220
2026-05-05 19:10:00+00:00,94.54940032958984,94.55500030517578,94.53009796142578,94.53009796142578,41308
2026-05-05 19:15:00+00:00,94.53880310058594,94.54000091552734,94.52999877929688,94.54000091552734,28747
2026-05-05 19:20:00+00:00,94.53500366210938,94.54000091552734,94.52010345458984,94.53500366210938,45854
2026-05-05 19:25:00+00:00,94.53500366210938,94.54000091552734,94.5199966430664,94.53009796142578,37122
2026-05-05 19:30:00+00:00,94.53500366210938,94.55000305175781,94.52999877929688,94.55000305175781,47226
2026-05-05 19:35:00+00:00,94.54499816894531,94.55000305175781,94.53009796142578,94.53500366210938,48325
2026-05-05 19:40:00+00:00,94.52999877929688,94.52999877929688,94.51969909667969,94.5250015258789,69216
2026-05-05 19:45:00+00:00,94.5250015258789,94.52999877929688,94.51010131835938,94.51499938964844,66298
2026-05-05 19:50:00+00:00,94.51719665527344,94.5250015258789,94.51010131835938,94.5250015258789,191331
2026-05-05 19:55:00+00:00,94.5250015258789,94.54000091552734,94.51499938964844,94.5250015258789,615820
2026-05-06 13:30:00+00:00,94.93000030517578,94.94999694824219,94.92500305175781,94.94499969482422,244281
2026-05-06 13:35:00+00:00,94.94499969482422,94.94999694824219,94.91059875488281,94.91500091552734,90917
2026-05-06 13:40:00+00:00,94.91500091552734,94.92500305175781,94.875,94.875,152303
2026-05-06 13:45:00+00:00,94.87999725341797,94.9000015258789,94.86000061035156,94.8949966430664,61761
2026-05-06 13:50:00+00:00,94.8949966430664,94.92780303955078,94.87999725341797,94.91999816894531,86273
2026-05-06 13:55:00+00:00,94.91500091552734,94.93000030517578,94.90499877929688,94.91000366210938,81163
2026-05-06 14:00:00+00:00,94.91000366210938,94.93499755859375,94.90499877929688,94.93000030517578,117142
2026-05-06 14:05:00+00:00,94.92990112304688,94.92990112304688,94.87999725341797,94.91999816894531,105838
2026-05-06 14:10:00+00:00,94.91500091552734,94.94999694824219,94.91500091552734,94.94000244140625,44645
2026-05-06 14:15:00+00:00,94.94000244140625,94.95500183105469,94.93000030517578,94.94499969482422,37747
2026-05-06 14:20:00+00:00,94.94499969482422,94.9800033569336,94.94000244140625,94.9749984741211,28613
2026-05-06 14:25:00+00:00,94.9749984741211,94.9749984741211,94.90499877929688,94.91500091552734,45096
2026-05-06 14:30:00+00:00,94.91999816894531,94.94499969482422,94.91999816894531,94.92990112304688,31415
2026-05-06 14:35:00+00:00,94.92500305175781,94.93910217285156,94.91500091552734,94.92500305175781,196232
2026-05-06 14:40:00+00:00,94.93920135498047,95.0,94.92500305175781,95.0,82415
2026-05-06 14:45:00+00:00,95.01000213623047,95.01000213623047,94.94999694824219,94.9542007446289,674328
2026-05-06 14:50:00+00:00,94.95999908447266,94.97019958496094,94.95500183105469,94.96990203857422,142096
2026-05-06 14:55:00+00:00,94.97000122070312,94.9800033569336,94.96499633789062,94.9800033569336,293572
2026-05-06 15:00:00+00:00,94.97000122070312,95.0,94.95999908447266,94.99819946289062,51692
2026-05-06 15:05:00+00:00,94.98999786376953,94.98999786376953,94.95079803466797,94.9749984741211,25220
2026-05-06 15:10:00+00:00,94.9749984741211,94.98500061035156,94.94499969482422,94.95500183105469,62053
2026-05-06 15:15:00+00:00,94.97000122070312,95.0,94.97000122070312,94.99929809570312,29394
2026-05-06 15:20:00+00:00,95.01000213623047,95.0199966430664,94.99500274658203,95.00499725341797,60050
2026-05-06 15:25:00+00:00,95.00499725341797,95.0199966430664,94.99500274658203,95.0199966430664,18101
2026-05-06 15:30:00+00:00,95.01499938964844,95.0250015258789,95.01000213623047,95.01000213623047,14272
2026-05-06 15:35:00+00:00,95.01499938964844,95.01499938964844,94.97000122070312,94.9800033569336,60208
2026-05-06 15:40:00+00:00,94.96499633789062,94.98999786376953,94.95500183105469,94.9800033569336,132378
2026-05-06 15:45:00+00:00,94.9800033569336,94.98989868164062,94.97000122070312,94.98500061035156,18831
2026-05-06 15:50:00+00:00,94.98999786376953,94.98999786376953,94.9749984741211,94.98500061035156,25462
2026-05-06 15:55:00+00:00,94.9800033569336,94.98999786376953,94.9800033569336,94.98500061035156,22445
2026-05-06 16:00:00+00:00,94.98500061035156,94.98999786376953,94.9800033569336,94.98500061035156,59996
2026-05-06 16:05:00+00:00,94.98500061035156,94.98500061035156,94.95999908447266,94.9635009765625,23030
2026-05-06 16:10:00+00:00,94.96499633789062,94.98500061035156,94.95999908447266,94.98500061035156,21106
2026-05-06 16:15:00+00:00,94.98500061035156,95.00499725341797,94.9843978881836,95.0,39253
2026-05-06 16:20:00+00:00,95.0,95.00789642333984,94.99040222167969,95.0022964477539,41712
2026-05-06 16:25:00+00:00,95.0000991821289,95.00499725341797,95.0,95.0,16581
2026-05-06 16:30:00+00:00,94.9999008178711,95.0,94.9800033569336,94.98500061035156,32967
2026-05-06 16:35:00+00:00,94.98500061035156,94.98999786376953,94.9800033569336,94.98500061035156,18002
2026-05-06 16:40:00+00:00,94.9800033569336,94.98999786376953,94.97000122070312,94.9749984741211,31681
2026-05-06 16:45:00+00:00,94.9749984741211,94.98989868164062,94.95500183105469,94.95500183105469,52225
2026-05-06 16:50:00+00:00,94.95500183105469,94.95999908447266,94.94999694824219,94.95500183105469,32428
2026-05-06 16:55:00+00:00,94.94999694824219,94.95999908447266,94.93009948730469,94.93499755859375,41807
2026-05-06 17:00:00+00:00,94.93499755859375,94.9800033569336,94.93499755859375,94.97049713134766,65011
2026-05-06 17:05:00+00:00,94.9749984741211,94.9800033569336,94.96499633789062,94.9749984741211,12308
2026-05-06 17:10:00+00:00,94.97989654541016,94.98999786376953,94.97000122070312,94.97000122070312,15035
2026-05-06 17:15:00+00:00,94.9749984741211,94.9800033569336,94.97000122070312,94.9749984741211,20852
2026-05-06 17:20:00+00:00,94.9800033569336,94.99500274658203,94.9800033569336,94.9906005859375,34291
2026-05-06 17:25:00+00:00,94.99500274658203,95.01000213623047,94.99019622802734,95.01000213623047,26153
2026-05-06 17:30:00+00:00,95.01000213623047,95.0250015258789,95.0000991821289,95.0199966430664,58820
2026-05-06 17:35:00+00:00,95.01499938964844,95.02999877929688,95.00499725341797,95.01010131835938,340562
2026-05-06 17:40:00+00:00,95.01000213623047,95.02999877929688,95.00499725341797,95.0250015258789,59763
2026-05-06 17:45:00+00:00,95.02580261230469,95.02999877929688,95.01000213623047,95.01499938964844,45669
2026-05-06 17:50:00+00:00,95.01499938964844,95.01499938964844,94.98500061035156,94.98500061035156,26479
2026-05-06 17:55:00+00:00,94.98680114746094,94.98999786376953,94.9800033569336,94.98500061035156,12205
2026-05-06 18:00:00+00:00,94.98500061035156,94.99500274658203,94.9800033569336,94.98989868164062,19431
2026-05-06 18:05:00+00:00,94.98500061035156,95.00499725341797,94.98500061035156,95.00499725341797,119624
2026-05-06 18:10:00+00:00,95.0,95.00499725341797,94.99009704589844,94.99009704589844,19554
2026-05-06 18:15:00+00:00,94.99500274658203,95.0,94.98999786376953,94.99500274658203,103095
2026-05-06 18:20:00+00:00,94.99500274658203,95.0,94.98999786376953,94.98999786376953,27207
2026-05-06 18:25:00+00:00,94.98500061035156,94.98989868164062,94.95999908447266,94.95999908447266,17990
2026-05-06 18:30:00+00:00,94.96099853515625,94.98500061035156,94.95999908447266,94.9749984741211,38126
2026-05-06 18:35:00+00:00,94.9749984741211,94.97989654541016,94.97000122070312,94.97000122070312,30867
2026-05-06 18:40:00+00:00,94.9749984741211,94.9800033569336,94.95999908447266,94.9749984741211,34883
2026-05-06 18:45:00+00:00,94.9749984741211,94.9800033569336,94.97470092773438,94.9749984741211,38833
2026-05-06 18:50:00+00:00,94.9800033569336,94.98999786376953,94.9749984741211,94.98500061035156,47300
2026-05-06 18:55:00+00:00,94.98999786376953,95.0,94.9749984741211,94.9749984741211,2356738
2026-05-06 19:00:00+00:00,94.9749984741211,95.00499725341797,94.97000122070312,95.00499725341797,275429
2026-05-06 19:05:00+00:00,95.00499725341797,95.01000213623047,95.00140380859375,95.01000213623047,25038
2026-05-06 19:10:00+00:00,95.00959777832031,95.01740264892578,95.0,95.01499938964844,61521
2026-05-06 19:15:00+00:00,95.01499938964844,95.0199966430664,95.01000213623047,95.01499938964844,52395
2026-05-06 19:20:00+00:00,95.01499938964844,95.02999877929688,95.00499725341797,95.0199966430664,49059
2026-05-06 19:25:00+00:00,95.01239776611328,95.02870178222656,95.01000213623047,95.01000213623047,59404
2026-05-06 19:30:00+00:00,95.0,95.0250015258789,94.98999786376953,95.0250015258789,151445
2026-05-06 19:35:00+00:00,95.0250015258789,95.02999877929688,95.01000213623047,95.01499938964844,52295
2026-05-06 19:40:00+00:00,95.01499938964844,95.02999877929688,95.01190185546875,95.02010345458984,66652
2026-05-06 19:45:00+00:00,95.0250015258789,95.02989959716797,95.0,95.00260162353516,40329
2026-05-06 19:50:00+00:00,95.00990295410156,95.02999877929688,95.00990295410156,95.01499938964844,175921
2026-05-06 19:55:00+00:00,95.01499938964844,95.02999877929688,94.9800033569336,94.9800033569336,337006
2026-05-07 13:30:00+00:00,95.18000030517578,95.18000030517578,95.13999938964844,95.15499877929688,170522
2026-05-07 13:35:00+00:00,95.16000366210938,95.16000366210938,95.13500213623047,95.1500015258789,35547
2026-05-07 13:40:00+00:00,95.13999938964844,95.16999816894531,95.13999938964844,95.1500015258789,20848
2026-05-07 13:45:00+00:00,95.15989685058594,95.16999816894531,95.1050033569336,95.11000061035156,61042
2026-05-07 13:50:00+00:00,95.0999984741211,95.11499786376953,95.08999633789062,95.08999633789062,23521
2026-05-07 13:55:00+00:00,95.0999984741211,95.13040161132812,95.0999984741211,95.125,19988
2026-05-07 14:00:00+00:00,95.12999725341797,95.13999938964844,95.11499786376953,95.13999938964844,34680
2026-05-07 14:05:00+00:00,95.13999938964844,95.1458969116211,95.125,95.13500213623047,30383
2026-05-07 14:10:00+00:00,95.13999938964844,95.15959930419922,95.13500213623047,95.15959930419922,15047
2026-05-07 14:15:00+00:00,95.15119934082031,95.16000366210938,95.12000274658203,95.125,47427
2026-05-07 14:20:00+00:00,95.125,95.13990020751953,95.12000274658203,95.12000274658203,24669
2026-05-07 14:25:00+00:00,95.11499786376953,95.11949920654297,95.08499908447266,95.08979797363281,13755
2026-05-07 14:30:00+00:00,95.08090209960938,95.09500122070312,95.07369995117188,95.07499694824219,32342
2026-05-07 14:35:00+00:00,95.07499694824219,95.08999633789062,95.05500030517578,95.08499908447266,53008
2026-05-07 14:40:00+00:00,95.08499908447266,95.08699798583984,95.07009887695312,95.07990264892578,13761
2026-05-07 14:45:00+00:00,95.07499694824219,95.0999984741211,95.07499694824219,95.09010314941406,8528
2026-05-07 14:50:00+00:00,95.09500122070312,95.11000061035156,95.08499908447266,95.10990142822266,18938
2026-05-07 14:55:00+00:00,95.10990142822266,95.125,95.10990142822266,95.11499786376953,29295
2026-05-07 15:00:00+00:00,95.11499786376953,95.12000274658203,95.05999755859375,95.06500244140625,34219
2026-05-07 15:05:00+00:00,95.06500244140625,95.06500244140625,95.0250015258789,95.03500366210938,38644
2026-05-07 15:10:00+00:00,95.03500366210938,95.04000091552734,95.0199966430664,95.02140045166016,47016
2026-05-07 15:15:00+00:00,95.02660369873047,95.03500366210938,95.0,95.0197982788086,12718
2026-05-07 15:20:00+00:00,95.01119995117188,95.01119995117188,94.95500183105469,94.95999908447266,26452
2026-05-07 15:25:00+00:00,94.95500183105469,94.96499633789062,94.91999816894531,94.94000244140625,48392
2026-05-07 15:30:00+00:00,94.94999694824219,94.96499633789062,94.94499969482422,94.94999694824219,12682
2026-05-07 15:35:00+00:00,94.94499969482422,94.95999908447266,94.94000244140625,94.94499969482422,22471
2026-05-07 15:40:00+00:00,94.94499969482422,94.9552993774414,94.93450164794922,94.9552993774414,21746
2026-05-07 15:45:00+00:00,94.94999694824219,94.94999694824219,94.91500091552734,94.91500091552734,17740
2026-05-07 15:50:00+00:00,94.91999816894531,94.92500305175781,94.90499877929688,94.90499877929688,13020
2026-05-07 15:55:00+00:00,94.90910339355469,94.91000366210938,94.8949966430664,94.90039825439453,26566
2026-05-07 16:00:00+00:00,94.8949966430664,94.91999816894531,94.8949966430664,94.8949966430664,32201
2026-05-07 16:05:00+00:00,94.88999938964844,94.8949966430664,94.87000274658203,94.8949966430664,36456
2026-05-07 16:10:00+00:00,94.8949966430664,94.9000015258789,94.86029815673828,94.86029815673828,67567
2026-05-07 16:15:00+00:00,94.86000061035156,94.86499786376953,94.84500122070312,94.84989929199219,42846
2026-05-07 16:20:00+00:00,94.84500122070312,94.875,94.84500122070312,94.875,12856
2026-05-07 16:25:00+00:00,94.87000274658203,94.87989807128906,94.87000274658203,94.87000274658203,19324
2026-05-07 16:30:00+00:00,94.875,94.87999725341797,94.8499984741211,94.87979888916016,41262
2026-05-07 16:35:00+00:00,94.87999725341797,94.885498046875,94.84049987792969,94.84500122070312,45156
2026-05-07 16:40:00+00:00,94.84500122070312,94.8550033569336,94.84500122070312,94.8550033569336,13199
2026-05-07 16:45:00+00:00,94.83999633789062,94.85009765625,94.82990264892578,94.83999633789062,67200
2026-05-07 16:50:00+00:00,94.83499908447266,94.8550033569336,94.83000183105469,94.8550033569336,19644
2026-05-07 16:55:00+00:00,94.8550033569336,94.86000061035156,94.83270263671875,94.83270263671875,51126
2026-05-07 17:00:00+00:00,94.83499908447266,94.83550262451172,94.81999969482422,94.82499694824219,61790
2026-05-07 17:05:00+00:00,94.82499694824219,94.82499694824219,94.80999755859375,94.81500244140625,53975
2026-05-07 17:10:00+00:00,94.81999969482422,94.82499694824219,94.810302734375,94.81500244140625,40449
2026-05-07 17:15:00+00:00,94.81500244140625,94.81999969482422,94.78500366210938,94.79499816894531,52403
2026-05-07 17:20:00+00:00,94.79010009765625,94.81500244140625,94.79010009765625,94.81500244140625,37296
2026-05-07 17:25:00+00:00,94.81999969482422,94.83000183105469,94.71499633789062,94.7300033569336,200370
2026-05-07 17:30:00+00:00,94.72850036621094,94.75,94.72000122070312,94.73999786376953,79967
2026-05-07 17:35:00+00:00,94.74500274658203,94.7698974609375,94.73500061035156,94.73500061035156,26075
2026-05-07 17:40:00+00:00,94.73999786376953,94.74500274658203,94.72000122070312,94.72000122070312,26526
2026-05-07 17:45:00+00:00,94.7249984741211,94.72650146484375,94.71499633789062,94.7249984741211,26805
2026-05-07 17:50:00+00:00,94.7249984741211,94.73999786376953,94.71009826660156,94.71499633789062,43963
2026-05-07 17:55:00+00:00,94.72000122070312,94.76499938964844,94.70999908447266,94.76499938964844,88606
2026-05-07 18:00:00+00:00,94.76499938964844,94.77999877929688,94.75499725341797,94.76499938964844,29198
2026-05-07 18:05:00+00:00,94.76499938964844,94.77999877929688,94.7603988647461,94.7699966430664,21304
2026-05-07 18:10:00+00:00,94.76499938964844,94.7750015258789,94.75499725341797,94.76499938964844,20992
2026-05-07 18:15:00+00:00,94.75,94.7750015258789,94.75,94.7750015258789,40367
2026-05-07 18:20:00+00:00,94.7750015258789,94.7750015258789,94.7699966430664,94.7699966430664,25049
2026-05-07 18:25:00+00:00,94.7697982788086,94.7697982788086,94.76000213623047,94.76499938964844,15323
2026-05-07 18:30:00+00:00,94.76499938964844,94.76499938964844,94.74500274658203,94.7499008178711,40057
2026-05-07 18:35:00+00:00,94.74980163574219,94.75499725341797,94.73999786376953,94.75050354003906,26520
2026-05-07 18:40:00+00:00,94.75499725341797,94.7698974609375,94.70999908447266,94.70999908447266,46787
2026-05-07 18:45:00+00:00,94.72000122070312,94.73999786376953,94.72000122070312,94.7300033569336,24245
2026-05-07 18:50:00+00:00,94.73500061035156,94.7479019165039,94.7249984741211,94.73500061035156,59373
2026-05-07 18:55:00+00:00,94.7300033569336,94.73999786376953,94.71179962158203,94.7300033569336,107161
2026-05-07 19:00:00+00:00,94.73500061035156,94.75499725341797,94.7249984741211,94.73500061035156,25831
2026-05-07 19:05:00+00:00,94.73970031738281,94.75499725341797,94.7300033569336,94.74500274658203,85848
2026-05-07 19:10:00+00:00,94.73999786376953,94.75499725341797,94.73500061035156,94.73500061035156,92030
2026-05-07 19:15:00+00:00,94.7249984741211,94.73500061035156,94.68499755859375,94.69020080566406,154741
2026-05-07 19:20:00+00:00,94.69000244140625,94.72000122070312,94.68499755859375,94.72000122070312,93520
2026-05-07 19:25:00+00:00,94.71499633789062,94.73999786376953,94.70999908447266,94.7249984741211,136977
2026-05-07 19:30:00+00:00,94.7300033569336,94.75,94.7218017578125,94.74500274658203,97694
2026-05-07 19:35:00+00:00,94.74500274658203,94.7699966430664,94.74099731445312,94.76010131835938,109436
2026-05-07 19:40:00+00:00,94.76499938964844,94.77999877929688,94.76010131835938,94.7699966430664,115844
2026-05-07 19:45:00+00:00,94.76100158691406,94.76499938964844,94.73999786376953,94.74500274658203,127471
2026-05-07 19:50:00+00:00,94.7405014038086,94.75,94.69000244140625,94.72000122070312,427910
2026-05-07 19:55:00+00:00,94.71499633789062,94.7300033569336,94.69999694824219,94.7300033569336,302167
2026-05-08 13:30:00+00:00,95.0199966430664,95.05000305175781,95.01000213623047,95.04000091552734,163030
2026-05-08 13:35:00+00:00,95.03500366210938,95.05000305175781,95.0198974609375,95.0198974609375,100376
2026-05-08 13:40:00+00:00,95.01499938964844,95.07499694824219,95.01499938964844,95.07499694824219,119098
2026-05-08 13:45:00+00:00,95.08000183105469,95.08999633789062,95.05500030517578,95.06500244140625,78500
2026-05-08 13:50:00+00:00,95.06500244140625,95.06500244140625,95.04499816894531,95.05500030517578,36607
2026-05-08 13:55:00+00:00,95.05500030517578,95.06500244140625,95.04010009765625,95.05500030517578,23061
2026-05-08 14:00:00+00:00,95.05500030517578,95.07689666748047,95.03500366210938,95.05000305175781,52263
2026-05-08 14:05:00+00:00,95.05000305175781,95.05979919433594,95.02200317382812,95.03500366210938,91915
2026-05-08 14:10:00+00:00,95.0250015258789,95.02970123291016,95.01000213623047,95.0250015258789,53294
2026-05-08 14:15:00+00:00,95.0250015258789,95.04560089111328,95.01499938964844,95.03990173339844,17518
2026-05-08 14:20:00+00:00,95.04989624023438,95.05000305175781,95.02999877929688,95.04499816894531,20727
2026-05-08 14:25:00+00:00,95.05000305175781,95.05000305175781,95.0250015258789,95.03500366210938,51493
2026-05-08 14:30:00+00:00,95.03500366210938,95.04000091552734,95.01499938964844,95.01499938964844,19228
2026-05-08 14:35:00+00:00,95.0199966430664,95.04000091552734,95.0199966430664,95.0199966430664,14469
2026-05-08 14:40:00+00:00,95.01000213623047,95.02999877929688,95.01000213623047,95.02629852294922,7828
2026-05-08 14:45:00+00:00,95.0250015258789,95.0250015258789,95.00499725341797,95.01499938964844,13160
2026-05-08 14:50:00+00:00,95.01499938964844,95.01920318603516,95.0,95.01000213623047,12407
2026-05-08 14:55:00+00:00,95.00499725341797,95.00499725341797,94.9800033569336,94.98719787597656,34901
2026-05-08 15:00:00+00:00,94.9800033569336,94.9999008178711,94.97000122070312,94.97019958496094,35235
2026-05-08 15:05:00+00:00,94.97889709472656,95.0,94.9749984741211,94.98989868164062,27307
2026-05-08 15:10:00+00:00,94.98249816894531,94.98999786376953,94.9749984741211,94.9749984741211,10571
2026-05-08 15:15:00+00:00,94.97059631347656,94.9800033569336,94.94999694824219,94.95999908447266,65649
2026-05-08 15:20:00+00:00,94.95500183105469,94.97679901123047,94.94999694824219,94.96499633789062,26322
2026-05-08 15:25:00+00:00,94.96499633789062,94.9749984741211,94.95459747314453,94.9749984741211,22346
2026-05-08 15:30:00+00:00,94.9749984741211,94.9749984741211,94.94999694824219,94.96499633789062,26667
2026-05-08 15:35:00+00:00,94.9800033569336,94.9800033569336,94.97000122070312,94.9749984741211,8727
2026-05-08 15:40:00+00:00,94.9749984741211,94.9749984741211,94.91999816894531,94.94000244140625,63137
2026-05-08 15:45:00+00:00,94.93000030517578,94.95500183105469,94.93000030517578,94.94499969482422,185425
2026-05-08 15:50:00+00:00,94.94499969482422,94.94999694824219,94.94000244140625,94.94560241699219,26607
2026-05-08 15:55:00+00:00,94.94499969482422,94.9551010131836,94.94000244140625,94.94999694824219,25492
2026-05-08 16:00:00+00:00,94.94999694824219,94.96499633789062,94.94999694824219,94.95500183105469,20378
2026-05-08 16:05:00+00:00,94.95500183105469,94.97000122070312,94.94999694824219,94.95500183105469,25597
2026-05-08 16:10:00+00:00,94.94999694824219,94.96499633789062,94.94869995117188,94.95999908447266,76826
2026-05-08 16:15:00+00:00,94.96499633789062,94.96499633789062,94.95010375976562,94.95500183105469,12081
2026-05-08 16:20:00+00:00,94.95999908447266,94.96499633789062,94.94999694824219,94.96499633789062,17137
2026-05-08 16:25:00+00:00,94.96730041503906,94.97000122070312,94.94999694824219,94.97000122070312,14669
2026-05-08 16:30:00+00:00,94.96499633789062,94.9800033569336,94.96499633789062,94.97560119628906,6818
2026-05-08 16:35:00+00:00,94.9749984741211,94.9749984741211,94.96150207519531,94.97260284423828,19726
2026-05-08 16:40:00+00:00,94.9749984741211,94.9749984741211,94.94999694824219,94.95500183105469,21460
2026-05-08 16:45:00+00:00,94.95999908447266,94.97000122070312,94.95999908447266,94.96499633789062,18133
2026-05-08 16:50:00+00:00,94.96499633789062,94.97000122070312,94.95999908447266,94.96499633789062,46536
2026-05-08 16:55:00+00:00,94.96990203857422,94.97000122070312,94.94499969482422,94.94499969482422,19049
2026-05-08 17:00:00+00:00,94.94999694824219,94.95500183105469,94.94660186767578,94.95500183105469,13085
2026-05-08 17:05:00+00:00,94.9583969116211,94.95939636230469,94.94000244140625,94.94259643554688,32718
2026-05-08 17:10:00+00:00,94.94840240478516,94.95500183105469,94.94840240478516,94.94999694824219,15691
2026-05-08 17:15:00+00:00,94.94499969482422,94.95999908447266,94.94499969482422,94.95989990234375,32607
2026-05-08 17:20:00+00:00,94.95559692382812,94.97000122070312,94.95500183105469,94.96499633789062,8439
2026-05-08 17:25:00+00:00,94.96499633789062,94.9800033569336,94.96499633789062,94.9749984741211,21524
2026-05-08 17:30:00+00:00,94.9749984741211,94.9800033569336,94.95999908447266,94.95999908447266,9471
2026-05-08 17:35:00+00:00,94.97000122070312,94.9800033569336,94.97000122070312,94.97000122070312,11589
2026-05-08 17:40:00+00:00,94.9655990600586,94.9655990600586,94.96119689941406,94.96499633789062,949
2026-05-08 17:45:00+00:00,94.97000122070312,94.97000122070312,94.96089935302734,94.96499633789062,5709
2026-05-08 17:50:00+00:00,94.9625015258789,94.9749984741211,94.94999694824219,94.95500183105469,25440
2026-05-08 17:55:00+00:00,94.95279693603516,94.96499633789062,94.95220184326172,94.95999908447266,10414
2026-05-08 18:00:00+00:00,94.94999694824219,94.98899841308594,94.94999694824219,94.98500061035156,33499
2026-05-08 18:05:00+00:00,94.98500061035156,95.00890350341797,94.98500061035156,95.00890350341797,11955
2026-05-08 18:10:00+00:00,95.0011978149414,95.0199966430664,94.98999786376953,95.01499938964844,37502
2026-05-08 18:15:00+00:00,95.01020050048828,95.01499938964844,94.98999786376953,94.98999786376953,47451
2026-05-08 18:20:00+00:00,94.98359680175781,94.98999786376953,94.9749984741211,94.9749984741211,15720
2026-05-08 18:25:00+00:00,94.9749984741211,94.98500061035156,94.9749984741211,94.9800033569336,14715
2026-05-08 18:30:00+00:00,94.98999786376953,94.98999786376953,94.98500061035156,94.98989868164062,0
2026-05-08 18:35:00+00:00,94.98500061035156,94.98500061035156,94.9749984741211,94.98500061035156,12788
2026-05-08 18:40:00+00:00,94.9800033569336,94.9800033569336,94.95999908447266,94.9749984741211,51366
2026-05-08 18:45:00+00:00,94.97000122070312,94.9800033569336,94.97000122070312,94.9749984741211,10432
2026-05-08 18:50:00+00:00,94.97979736328125,94.98999786376953,94.9749984741211,94.9800033569336,31044
2026-05-08 18:55:00+00:00,94.9749984741211,94.9749984741211,94.95500183105469,94.96499633789062,54214
2026-05-08 19:00:00+00:00,94.95999908447266,94.95999908447266,94.95010375976562,94.95010375976562,17171
2026-05-08 19:05:00+00:00,94.95500183105469,94.95999908447266,94.94999694824219,94.95500183105469,48299
2026-05-08 19:10:00+00:00,94.95500183105469,94.95500183105469,94.94499969482422,94.94499969482422,19091
2026-05-08 19:15:00+00:00,94.94499969482422,94.94999694824219,94.94000244140625,94.94979858398438,30721
2026-05-08 19:20:00+00:00,94.94499969482422,94.94509887695312,94.94000244140625,94.94499969482422,17079
2026-05-08 19:25:00+00:00,94.94499969482422,94.94999694824219,94.94499969482422,94.94499969482422,21717
2026-05-08 19:30:00+00:00,94.94499969482422,94.94999694824219,94.93000030517578,94.94989776611328,38986
2026-05-08 19:35:00+00:00,94.94010162353516,94.94999694824219,94.93000030517578,94.94499969482422,43107
2026-05-08 19:40:00+00:00,94.94499969482422,94.9749984741211,94.94499969482422,94.96600341796875,34695
2026-05-08 19:45:00+00:00,94.96990203857422,94.97000122070312,94.95999908447266,94.96499633789062,25011
2026-05-08 19:50:00+00:00,94.96990203857422,94.97000122070312,94.95999908447266,94.96499633789062,84221
2026-05-08 19:55:00+00:00,94.97000122070312,94.9800033569336,94.95500183105469,94.95500183105469,261830
2026-05-11 13:30:00+00:00,94.86000061035156,94.87000274658203,94.84040069580078,94.8550033569336,211262
2026-05-11 13:35:00+00:00,94.8550033569336,94.8550033569336,94.83000183105469,94.83999633789062,70150
2026-05-11 13:40:00+00:00,94.83999633789062,94.8550033569336,94.83499908447266,94.8499984741211,81924
2026-05-11 13:45:00+00:00,94.8499984741211,94.87899780273438,94.8499984741211,94.87000274658203,82156
2026-05-11 13:50:00+00:00,94.86499786376953,94.86499786376953,94.84500122070312,94.8550033569336,30392
2026-05-11 13:55:00+00:00,94.85990142822266,94.87000274658203,94.8499984741211,94.87000274658203,40932
2026-05-11 14:00:00+00:00,94.86000061035156,94.86000061035156,94.79499816894531,94.79930114746094,44139
2026-05-11 14:05:00+00:00,94.79499816894531,94.80509948730469,94.77999877929688,94.79019927978516,40131
2026-05-11 14:10:00+00:00,94.79090118408203,94.80000305175781,94.77110290527344,94.79010009765625,46748
2026-05-11 14:15:00+00:00,94.80000305175781,94.82869720458984,94.79499816894531,94.82869720458984,41707
2026-05-11 14:20:00+00:00,94.82499694824219,94.82499694824219,94.78500366210938,94.79010009765625,23208
2026-05-11 14:25:00+00:00,94.79499816894531,94.80500030517578,94.79000091552734,94.80010223388672,25031
2026-05-11 14:30:00+00:00,94.80000305175781,94.80500030517578,94.73999786376953,94.76010131835938,59171
2026-05-11 14:35:00+00:00,94.7698974609375,94.78500366210938,94.76000213623047,94.7750015258789,40134
2026-05-11 14:40:00+00:00,94.7699966430664,94.79000091552734,94.7699966430664,94.7750015258789,6841
2026-05-11 14:45:00+00:00,94.77999877929688,94.77999877929688,94.76499938964844,94.76499938964844,21052
2026-05-11 14:50:00+00:00,94.7699966430664,94.77999877929688,94.76000213623047,94.76000213623047,16654
2026-05-11 14:55:00+00:00,94.76000213623047,94.76499938964844,94.75299835205078,94.76000213623047,6885
2026-05-11 15:00:00+00:00,94.75,94.7699966430664,94.74929809570312,94.7499008178711,17695
2026-05-11 15:05:00+00:00,94.75,94.7698974609375,94.75,94.75499725341797,6364
2026-05-11 15:10:00+00:00,94.76499938964844,94.7699966430664,94.75499725341797,94.76499938964844,16225
2026-05-11 15:15:00+00:00,94.76000213623047,94.78500366210938,94.75499725341797,94.78500366210938,30064
2026-05-11 15:20:00+00:00,94.79000091552734,94.80500030517578,94.78379821777344,94.80500030517578,41273
2026-05-11 15:25:00+00:00,94.80500030517578,94.80500030517578,94.78500366210938,94.78500366210938,92729
2026-05-11 15:30:00+00:00,94.78500366210938,94.80500030517578,94.7843017578125,94.80500030517578,17023
2026-05-11 15:35:00+00:00,94.80500030517578,94.80999755859375,94.80000305175781,94.80879974365234,15898
2026-05-11 15:40:00+00:00,94.80149841308594,94.80999755859375,94.77999877929688,94.77999877929688,27688
2026-05-11 15:45:00+00:00,94.78500366210938,94.78500366210938,94.7750015258789,94.77999877929688,12926
2026-05-11 15:50:00+00:00,94.77989959716797,94.79000091552734,94.7750015258789,94.78009796142578,87265
2026-05-11 15:55:00+00:00,94.78089904785156,94.78500366210938,94.77850341796875,94.78500366210938,12701
2026-05-11 16:00:00+00:00,94.77999877929688,94.79000091552734,94.77999877929688,94.78500366210938,8966
2026-05-11 16:05:00+00:00,94.78500366210938,94.79560089111328,94.78379821777344,94.78500366210938,22151
2026-05-11 16:10:00+00:00,94.78500366210938,94.78500366210938,94.7699966430664,94.7699966430664,9963
2026-05-11 16:15:00+00:00,94.77010345458984,94.77999877929688,94.76499938964844,94.77999877929688,16257
2026-05-11 16:20:00+00:00,94.7750015258789,94.77999877929688,94.7699966430664,94.7750015258789,15256
2026-05-11 16:25:00+00:00,94.7699966430664,94.77989959716797,94.76499938964844,94.76499938964844,17267
2026-05-11 16:30:00+00:00,94.76969909667969,94.76969909667969,94.75170135498047,94.75170135498047,18215
2026-05-11 16:35:00+00:00,94.75499725341797,94.76000213623047,94.75,94.75,35771
2026-05-11 16:40:00+00:00,94.7426986694336,94.74500274658203,94.70500183105469,94.7300033569336,47035
2026-05-11 16:45:00+00:00,94.7249984741211,94.7300033569336,94.72010040283203,94.72010040283203,19003
2026-05-11 16:50:00+00:00,94.7249984741211,94.7249984741211,94.70999908447266,94.72000122070312,25830
2026-05-11 16:55:00+00:00,94.71499633789062,94.71990203857422,94.70999908447266,94.71499633789062,22506
2026-05-11 17:00:00+00:00,94.7197036743164,94.72000122070312,94.68499755859375,94.68499755859375,46069
2026-05-11 17:05:00+00:00,94.68499755859375,94.70980072021484,94.68499755859375,94.70500183105469,58675
2026-05-11 17:10:00+00:00,94.70500183105469,94.70549774169922,94.69000244140625,94.69499969482422,29643
2026-05-11 17:15:00+00:00,94.69000244140625,94.69000244140625,94.66999816894531,94.67500305175781,40045
2026-05-11 17:20:00+00:00,94.68000030517578,94.69000244140625,94.67500305175781,94.69000244140625,25027
2026-05-11 17:25:00+00:00,94.69000244140625,94.69999694824219,94.69000244140625,94.69499969482422,29659
2026-05-11 17:30:00+00:00,94.69999694824219,94.70999908447266,94.69499969482422,94.70500183105469,25730
2026-05-11 17:35:00+00:00,94.70500183105469,94.70999908447266,94.69010162353516,94.69499969482422,46812
2026-05-11 17:40:00+00:00,94.69010162353516,94.69499969482422,94.68009948730469,94.68499755859375,36819
2026-05-11 17:45:00+00:00,94.68990325927734,94.69000244140625,94.68000030517578,94.68499755859375,17084
2026-05-11 17:50:00+00:00,94.68499755859375,94.69000244140625,94.68000030517578,94.68000030517578,37896
2026-05-11 17:55:00+00:00,94.68499755859375,94.68499755859375,94.67009735107422,94.67859649658203,23374
2026-05-11 18:00:00+00:00,94.67500305175781,94.69999694824219,94.67500305175781,94.69969940185547,29149
2026-05-11 18:05:00+00:00,94.69999694824219,94.70999908447266,94.69000244140625,94.70960235595703,21689
2026-05-11 18:10:00+00:00,94.70500183105469,94.70770263671875,94.69999694824219,94.69999694824219,26475
2026-05-11 18:15:00+00:00,94.70989990234375,94.70989990234375,94.69999694824219,94.70500183105469,20553
2026-05-11 18:20:00+00:00,94.70500183105469,94.70999908447266,94.69010162353516,94.70500183105469,88776
2026-05-11 18:25:00+00:00,94.70500183105469,94.70999908447266,94.69999694824219,94.70500183105469,20304
2026-05-11 18:30:00+00:00,94.70500183105469,94.70999908447266,94.69999694824219,94.70500183105469,32575
2026-05-11 18:35:00+00:00,94.70500183105469,94.7166976928711,94.69499969482422,94.69499969482422,198520
2026-05-11 18:40:00+00:00,94.69499969482422,94.69999694824219,94.68000030517578,94.68000030517578,28850
2026-05-11 18:45:00+00:00,94.68000030517578,94.69000244140625,94.66999816894531,94.68499755859375,35036
2026-05-11 18:50:00+00:00,94.68499755859375,94.6854019165039,94.66999816894531,94.67990112304688,26758
2026-05-11 18:55:00+00:00,94.67500305175781,94.67669677734375,94.6500015258789,94.6500015258789,78684
2026-05-11 19:00:00+00:00,94.6449966430664,94.65979766845703,94.63500213623047,94.6500015258789,38180
2026-05-11 19:05:00+00:00,94.65499877929688,94.66000366210938,94.64399719238281,94.65499877929688,133904
2026-05-11 19:10:00+00:00,94.65979766845703,94.66000366210938,94.6500015258789,94.65499877929688,28257
2026-05-11 19:15:00+00:00,94.65499877929688,94.66000366210938,94.65499877929688,94.65499877929688,35518
2026-05-11 19:20:00+00:00,94.65499877929688,94.66000366210938,94.65499877929688,94.65499877929688,23042
2026-05-11 19:25:00+00:00,94.65499877929688,94.66000366210938,94.6500015258789,94.65499877929688,36224
2026-05-11 19:30:00+00:00,94.65499877929688,94.66000366210938,94.6500015258789,94.66000366210938,54646
2026-05-11 19:35:00+00:00,94.66000366210938,94.66000366210938,94.6449966430664,94.6449966430664,54026
2026-05-11 19:40:00+00:00,94.6449966430664,94.6500015258789,94.64009857177734,94.64420318603516,77534
2026-05-11 19:45:00+00:00,94.63999938964844,94.64990234375,94.63999938964844,94.6449966430664,46213
2026-05-11 19:50:00+00:00,94.64209747314453,94.64990234375,94.63999938964844,94.6449966430664,138676
2026-05-11 19:55:00+00:00,94.6449966430664,94.6500015258789,94.63999938964844,94.6449966430664,308345
2026-05-12 13:30:00+00:00,94.43000030517578,94.43000030517578,94.37999725341797,94.38500213623047,239458
2026-05-12 13:35:00+00:00,94.37999725341797,94.41000366210938,94.36000061035156,94.37999725341797,174496
2026-05-12 13:40:00+00:00,94.37999725341797,94.41500091552734,94.37999725341797,94.4011001586914,153951
2026-05-12 13:45:00+00:00,94.4000015258789,94.41000366210938,94.375,94.375,77384
2026-05-12 13:50:00+00:00,94.37999725341797,94.38500213623047,94.3499984741211,94.37000274658203,35757
2026-05-12 13:55:00+00:00,94.36000061035156,94.375,94.34500122070312,94.34500122070312,20261
2026-05-12 14:00:00+00:00,94.36000061035156,94.36499786376953,94.35009765625,94.3550033569336,15848
2026-05-12 14:05:00+00:00,94.37000274658203,94.375,94.3499984741211,94.37190246582031,83277
2026-05-12 14:10:00+00:00,94.37059783935547,94.37870025634766,94.3499984741211,94.375,111052
2026-05-12 14:15:00+00:00,94.37889862060547,94.37999725341797,94.36000061035156,94.3687973022461,26559
2026-05-12 14:20:00+00:00,94.36000061035156,94.37000274658203,94.3499984741211,94.36000061035156,23996
2026-05-12 14:25:00+00:00,94.36990356445312,94.375,94.3499984741211,94.3604965209961,28807
2026-05-12 14:30:00+00:00,94.36000061035156,94.36990356445312,94.34500122070312,94.36000061035156,25773
2026-05-12 14:35:00+00:00,94.38500213623047,94.38500213623047,94.36000061035156,94.36499786376953,24272
2026-05-12 14:40:00+00:00,94.36000061035156,94.37950134277344,94.3550033569336,94.375,50814
2026-05-12 14:45:00+00:00,94.375,94.37999725341797,94.36000061035156,94.375,19154
2026-05-12 14:50:00+00:00,94.375,94.37850189208984,94.36360168457031,94.36499786376953,26729
2026-05-12 14:55:00+00:00,94.36000061035156,94.375,94.3499984741211,94.375,9371
2026-05-12 15:00:00+00:00,94.375,94.375,94.3499984741211,94.36499786376953,34137
2026-05-12 15:05:00+00:00,94.36000061035156,94.37000274658203,94.3499984741211,94.36509704589844,20535
2026-05-12 15:10:00+00:00,94.375,94.37999725341797,94.37000274658203,94.375,28360
2026-05-12 15:15:00+00:00,94.375,94.38999938964844,94.37000274658203,94.38500213623047,37351
2026-05-12 15:20:00+00:00,94.36009979248047,94.37999725341797,94.36000061035156,94.36499786376953,131633
2026-05-12 15:25:00+00:00,94.36499786376953,94.38500213623047,94.36000061035156,94.375,62839
2026-05-12 15:30:00+00:00,94.37999725341797,94.40499877929688,94.37999725341797,94.4000015258789,40341
2026-05-12 15:35:00+00:00,94.4000015258789,94.40989685058594,94.4000015258789,94.40499877929688,8693
2026-05-12 15:40:00+00:00,94.40499877929688,94.41500091552734,94.40010070800781,94.41500091552734,22787
2026-05-12 15:45:00+00:00,94.41500091552734,94.41960144042969,94.3949966430664,94.3949966430664,14852
2026-05-12 15:50:00+00:00,94.3949966430664,94.3949966430664,94.37999725341797,94.38500213623047,30445
2026-05-12 15:55:00+00:00,94.37999725341797,94.38500213623047,94.37000274658203,94.375,24318
2026-05-12 16:00:00+00:00,94.375,94.38870239257812,94.36000061035156,94.38500213623047,22692
2026-05-12 16:05:00+00:00,94.38069915771484,94.38500213623047,94.36499786376953,94.375,20184
2026-05-12 16:10:00+00:00,94.375,94.4000015258789,94.37159729003906,94.3949966430664,9410
2026-05-12 16:15:00+00:00,94.38999938964844,94.38999938964844,94.37000274658203,94.37989807128906,20546
2026-05-12 16:20:00+00:00,94.37000274658203,94.37000274658203,94.36000061035156,94.36499786376953,16115
2026-05-12 16:25:00+00:00,94.36499786376953,94.3676986694336,94.3550033569336,94.3550033569336,22388
2026-05-12 16:30:00+00:00,94.36000061035156,94.37999725341797,94.3499984741211,94.37999725341797,44437
2026-05-12 16:35:00+00:00,94.37999725341797,94.38999938964844,94.37999725341797,94.38500213623047,36946
2026-05-12 16:40:00+00:00,94.38500213623047,94.38999938964844,94.375,94.375,53549
2026-05-12 16:45:00+00:00,94.375,94.37999725341797,94.37000274658203,94.375,26519
2026-05-12 16:50:00+00:00,94.375,94.375,94.36000061035156,94.36000061035156,13951
2026-05-12 16:55:00+00:00,94.36009979248047,94.36499786376953,94.3499984741211,94.3550033569336,30427
2026-05-12 17:00:00+00:00,94.3550033569336,94.375,94.33999633789062,94.375,43395
2026-05-12 17:05:00+00:00,94.375,94.37999725341797,94.36499786376953,94.36969757080078,43452
2026-05-12 17:10:00+00:00,94.36499786376953,94.3666000366211,94.3499984741211,94.35559844970703,20281
2026-05-12 17:15:00+00:00,94.3550033569336,94.3667984008789,94.3499984741211,94.36129760742188,11862
2026-05-12 17:20:00+00:00,94.36499786376953,94.37000274658203,94.35659790039062,94.36499786376953,31744
2026-05-12 17:25:00+00:00,94.36000061035156,94.36499786376953,94.3499984741211,94.3499984741211,17452
2026-05-12 17:30:00+00:00,94.3550033569336,94.3550033569336,94.33999633789062,94.33999633789062,37368
2026-05-12 17:35:00+00:00,94.33000183105469,94.33999633789062,94.33000183105469,94.33999633789062,10393
2026-05-12 17:40:00+00:00,94.33499908447266,94.36499786376953,94.33000183105469,94.36499786376953,50309
2026-05-12 17:45:00+00:00,94.36499786376953,94.36990356445312,94.3499984741211,94.3550033569336,15396
2026-05-12 17:50:00+00:00,94.3550033569336,94.35549926757812,94.3499984741211,94.3550033569336,13352
2026-05-12 17:55:00+00:00,94.3550033569336,94.3550033569336,94.32499694824219,94.345703125,46258
2026-05-12 18:00:00+00:00,94.34500122070312,94.34500122070312,94.31999969482422,94.32450103759766,50783
2026-05-12 18:05:00+00:00,94.32499694824219,94.33999633789062,94.31999969482422,94.33499908447266,21658
2026-05-12 18:10:00+00:00,94.33999633789062,94.33999633789062,94.3301010131836,94.3301010131836,17849
2026-05-12 18:15:00+00:00,94.33499908447266,94.33999633789062,94.31500244140625,94.31500244140625,20601
2026-05-12 18:20:00+00:00,94.31999969482422,94.33000183105469,94.31999969482422,94.32499694824219,21504
2026-05-12 18:25:00+00:00,94.33000183105469,94.3550033569336,94.33000183105469,94.34010314941406,33655
2026-05-12 18:30:00+00:00,94.33999633789062,94.3499984741211,94.31999969482422,94.32499694824219,21802
2026-05-12 18:35:00+00:00,94.32499694824219,94.33000183105469,94.31500244140625,94.31500244140625,31123
2026-05-12 18:40:00+00:00,94.31009674072266,94.31999969482422,94.30030059814453,94.31500244140625,176769
2026-05-12 18:45:00+00:00,94.31500244140625,94.31990051269531,94.30000305175781,94.30500030517578,82384
2026-05-12 18:50:00+00:00,94.30010223388672,94.30999755859375,94.30000305175781,94.30500030517578,122306
2026-05-12 18:55:00+00:00,94.30000305175781,94.31500244140625,94.30000305175781,94.30500030517578,212986
2026-05-12 19:00:00+00:00,94.30509948730469,94.31500244140625,94.30000305175781,94.30500030517578,25525
2026-05-12 19:05:00+00:00,94.30500030517578,94.30999755859375,94.30000305175781,94.30989837646484,11213
2026-05-12 19:10:00+00:00,94.30500030517578,94.33000183105469,94.30139923095703,94.32499694824219,54403
2026-05-12 19:15:00+00:00,94.33000183105469,94.33999633789062,94.3102035522461,94.31880187988281,130215
2026-05-12 19:20:00+00:00,94.31120300292969,94.31120300292969,94.30000305175781,94.30349731445312,22225
2026-05-12 19:25:00+00:00,94.30500030517578,94.30999755859375,94.30010223388672,94.30010223388672,23181
2026-05-12 19:30:00+00:00,94.3041000366211,94.33999633789062,94.30000305175781,94.33499908447266,73934
2026-05-12 19:35:00+00:00,94.33499908447266,94.33999633789062,94.33000183105469,94.33999633789062,53804
2026-05-12 19:40:00+00:00,94.33989715576172,94.33999633789062,94.33000183105469,94.33499908447266,28355
2026-05-12 19:45:00+00:00,94.33499908447266,94.33999633789062,94.31999969482422,94.33000183105469,32820
2026-05-12 19:50:00+00:00,94.32499694824219,94.33999633789062,94.32499694824219,94.33999633789062,172379
2026-05-12 19:55:00+00:00,94.33999633789062,94.34500122070312,94.30999755859375,94.30999755859375,1430109
2026-05-13 13:30:00+00:00,94.30000305175781,94.33000183105469,94.27999877929688,94.31500244140625,141505
2026-05-13 13:35:00+00:00,94.3240966796875,94.33999633789062,94.30999755859375,94.33499908447266,34383
2026-05-13 13:40:00+00:00,94.339599609375,94.3551025390625,94.31999969482422,94.3499984741211,39891
2026-05-13 13:45:00+00:00,94.35900115966797,94.375,94.32499694824219,94.33000183105469,129364
2026-05-13 13:50:00+00:00,94.32499694824219,94.33499908447266,94.30000305175781,94.30960083007812,14680
2026-05-13 13:55:00+00:00,94.31500244140625,94.31500244140625,94.30149841308594,94.30500030517578,12185
2026-05-13 14:00:00+00:00,94.30000305175781,94.31999969482422,94.28099822998047,94.31999969482422,34237
2026-05-13 14:05:00+00:00,94.30999755859375,94.30999755859375,94.2750015258789,94.28500366210938,21831
2026-05-13 14:10:00+00:00,94.27999877929688,94.29620361328125,94.2750015258789,94.2750015258789,32662
2026-05-13 14:15:00+00:00,94.27999877929688,94.27999877929688,94.2500991821289,94.25499725341797,22408
2026-05-13 14:20:00+00:00,94.25499725341797,94.25499725341797,94.22119903564453,94.2300033569336,40547
2026-05-13 14:25:00+00:00,94.22100067138672,94.23500061035156,94.20999908447266,94.23500061035156,22909
2026-05-13 14:30:00+00:00,94.2300033569336,94.25499725341797,94.2300033569336,94.25,18044
2026-05-13 14:35:00+00:00,94.24929809570312,94.24929809570312,94.2300033569336,94.23500061035156,13584
2026-05-13 14:40:00+00:00,94.2300033569336,94.2300033569336,94.20999908447266,94.22000122070312,77783
2026-05-13 14:45:00+00:00,94.22779846191406,94.22779846191406,94.19999694824219,94.20500183105469,29155
2026-05-13 14:50:00+00:00,94.19999694824219,94.19999694824219,94.18499755859375,94.19499969482422,25419
2026-05-13 14:55:00+00:00,94.19000244140625,94.19999694824219,94.18499755859375,94.18900299072266,16664
2026-05-13 15:00:00+00:00,94.18499755859375,94.20999908447266,94.18499755859375,94.19000244140625,47734
2026-05-13 15:05:00+00:00,94.19850158691406,94.20500183105469,94.19000244140625,94.19499969482422,20946
2026-05-13 15:10:00+00:00,94.19499969482422,94.20500183105469,94.17340087890625,94.18009948730469,39624
2026-05-13 15:15:00+00:00,94.17970275878906,94.19509887695312,94.17970275878906,94.18499755859375,22697
2026-05-13 15:20:00+00:00,94.1885986328125,94.1885986328125,94.17449951171875,94.18000030517578,16774
2026-05-13 15:25:00+00:00,94.17500305175781,94.17500305175781,94.15170288085938,94.15499877929688,44118
2026-05-13 15:30:00+00:00,94.13999938964844,94.17500305175781,94.11000061035156,94.17500305175781,47646
2026-05-13 15:35:00+00:00,94.17500305175781,94.2249984741211,94.17500305175781,94.2249984741211,37573
2026-05-13 15:40:00+00:00,94.22989654541016,94.2385025024414,94.20500183105469,94.20500183105469,36958
2026-05-13 15:45:00+00:00,94.20010375976562,94.20010375976562,94.17500305175781,94.18499755859375,10744
2026-05-13 15:50:00+00:00,94.19110107421875,94.20500183105469,94.19000244140625,94.19999694824219,20860
2026-05-13 15:55:00+00:00,94.20500183105469,94.20999908447266,94.19499969482422,94.19999694824219,11811
2026-05-13 16:00:00+00:00,94.20500183105469,94.20649719238281,94.18499755859375,94.18499755859375,13227
2026-05-13 16:05:00+00:00,94.19000244140625,94.20999908447266,94.18499755859375,94.20999908447266,25740
2026-05-13 16:10:00+00:00,94.20999908447266,94.23999786376953,94.20999908447266,94.23030090332031,16613
2026-05-13 16:15:00+00:00,94.2300033569336,94.23999786376953,94.2249984741211,94.23500061035156,80148
2026-05-13 16:20:00+00:00,94.23999786376953,94.30999755859375,94.23999786376953,94.29000091552734,131757
2026-05-13 16:25:00+00:00,94.29499816894531,94.3386001586914,94.29000091552734,94.30999755859375,74549
2026-05-13 16:30:00+00:00,94.29499816894531,94.31500244140625,94.28500366210938,94.29499816894531,25242
2026-05-13 16:35:00+00:00,94.29499816894531,94.29889678955078,94.28279876708984,94.28279876708984,16573
2026-05-13 16:40:00+00:00,94.28620147705078,94.28620147705078,94.26010131835938,94.26499938964844,20228
2026-05-13 16:45:00+00:00,94.2698974609375,94.28500366210938,94.26499938964844,94.2750015258789,15577
2026-05-13 16:50:00+00:00,94.27580261230469,94.27749633789062,94.2699966430664,94.2750015258789,19089
2026-05-13 16:55:00+00:00,94.28959655761719,94.28959655761719,94.26499938964844,94.2750015258789,65978
2026-05-13 17:00:00+00:00,94.2750015258789,94.2750015258789,94.23500061035156,94.2750015258789,52884
2026-05-13 17:05:00+00:00,94.27020263671875,94.28990173339844,94.26499938964844,94.26499938964844,17855
2026-05-13 17:10:00+00:00,94.26499938964844,94.29989624023438,94.26499938964844,94.28500366210938,19913
2026-05-13 17:15:00+00:00,94.27999877929688,94.29000091552734,94.27999877929688,94.28500366210938,43968
2026-05-13 17:20:00+00:00,94.28980255126953,94.30000305175781,94.2822036743164,94.30000305175781,22408
2026-05-13 17:25:00+00:00,94.29499816894531,94.30500030517578,94.29499816894531,94.30500030517578,19119
2026-05-13 17:30:00+00:00,94.30500030517578,94.30500030517578,94.28009796142578,94.28500366210938,16058
2026-05-13 17:35:00+00:00,94.28500366210938,94.28500366210938,94.2750015258789,94.2750015258789,17898
2026-05-13 17:40:00+00:00,94.27269744873047,94.27999877929688,94.25499725341797,94.25499725341797,20814
2026-05-13 17:45:00+00:00,94.26000213623047,94.26000213623047,94.24500274658203,94.24500274658203,70998
2026-05-13 17:50:00+00:00,94.24500274658203,94.25499725341797,94.23999786376953,94.24019622802734,23120
2026-05-13 17:55:00+00:00,94.25,94.25,94.23999786376953,94.24500274658203,13659
2026-05-13 18:00:00+00:00,94.23999786376953,94.26499938964844,94.23999786376953,94.26499938964844,13937
2026-05-13 18:05:00+00:00,94.26499938964844,94.27649688720703,94.26499938964844,94.2750015258789,9760
2026-05-13 18:10:00+00:00,94.2750015258789,94.27999877929688,94.26499938964844,94.26499938964844,19719
2026-05-13 18:15:00+00:00,94.26000213623047,94.2699966430664,94.26000213623047,94.26000213623047,13795
2026-05-13 18:20:00+00:00,94.26499938964844,94.27539825439453,94.26000213623047,94.2750015258789,33005
2026-05-13 18:25:00+00:00,94.2750015258789,94.27999877929688,94.27110290527344,94.2750015258789,32414
2026-05-13 18:30:00+00:00,94.2750015258789,94.27999877929688,94.2699966430664,94.27989959716797,27459
2026-05-13 18:35:00+00:00,94.2750015258789,94.27999877929688,94.2699966430664,94.2750015258789,32679
2026-05-13 18:40:00+00:00,94.27999877929688,94.28500366210938,94.2699966430664,94.2750015258789,53039
2026-05-13 18:45:00+00:00,94.2750015258789,94.27989959716797,94.26380157470703,94.2699966430664,75618
2026-05-13 18:50:00+00:00,94.27539825439453,94.28500366210938,94.27189636230469,94.28009796142578,17669
2026-05-13 18:55:00+00:00,94.27999877929688,94.28500366210938,94.2699966430664,94.2750015258789,14141
2026-05-13 19:00:00+00:00,94.2750015258789,94.29000091552734,94.2750015258789,94.2750015258789,39502
2026-05-13 19:05:00+00:00,94.27999877929688,94.28510284423828,94.2750015258789,94.27999877929688,30558
2026-05-13 19:10:00+00:00,94.2750015258789,94.31500244140625,94.27320098876953,94.30999755859375,37094
2026-05-13 19:15:00+00:00,94.30999755859375,94.31500244140625,94.28450012207031,94.30500030517578,32704
2026-05-13 19:20:00+00:00,94.30999755859375,94.32499694824219,94.30999755859375,94.32499694824219,23882
2026-05-13 19:25:00+00:00,94.32499694824219,94.34500122070312,94.3239974975586,94.34500122070312,48452
2026-05-13 19:30:00+00:00,94.34500122070312,94.3499984741211,94.30500030517578,94.31500244140625,51824
2026-05-13 19:35:00+00:00,94.31500244140625,94.31999969482422,94.30999755859375,94.31500244140625,347844
2026-05-13 19:40:00+00:00,94.31999969482422,94.31999969482422,94.30999755859375,94.31500244140625,51532
2026-05-13 19:45:00+00:00,94.30999755859375,94.33000183105469,94.30999755859375,94.31009674072266,22934
2026-05-13 19:50:00+00:00,94.3196029663086,94.32990264892578,94.3102035522461,94.31999969482422,63587
2026-05-13 19:55:00+00:00,94.31999969482422,94.33000183105469,94.31009674072266,94.32499694824219,284790
2026-05-14 13:30:00+00:00,94.54000091552734,94.54000091552734,94.51499938964844,94.52989959716797,94407
2026-05-14 13:35:00+00:00,94.5250015258789,94.5260009765625,94.48500061035156,94.48500061035156,31294
2026-05-14 13:40:00+00:00,94.48500061035156,94.5250015258789,94.48500061035156,94.5199966430664,46459
2026-05-14 13:45:00+00:00,94.5199966430664,94.55000305175781,94.51499938964844,94.55000305175781,25199
2026-05-14 13:50:00+00:00,94.55999755859375,94.55999755859375,94.54000091552734,94.55000305175781,109616
2026-05-14 13:55:00+00:00,94.55000305175781,94.55500030517578,94.48999786376953,94.48999786376953,73333
2026-05-14 14:00:00+00:00,94.49500274658203,94.49500274658203,94.46499633789062,94.47000122070312,90784
2026-05-14 14:05:00+00:00,94.46499633789062,94.48500061035156,94.45999908447266,94.45999908447266,31368
2026-05-14 14:10:00+00:00,94.46499633789062,94.46499633789062,94.44999694824219,94.45500183105469,59125
2026-05-14 14:15:00+00:00,94.45500183105469,94.46499633789062,94.44499969482422,94.44999694824219,15004
2026-05-14 14:20:00+00:00,94.44999694824219,94.44999694824219,94.42500305175781,94.43000030517578,40480
2026-05-14 14:25:00+00:00,94.4000015258789,94.42759704589844,94.38500213623047,94.41500091552734,31439
2026-05-14 14:30:00+00:00,94.41000366210938,94.41999816894531,94.40499877929688,94.41999816894531,19391
2026-05-14 14:35:00+00:00,94.42500305175781,94.44000244140625,94.42500305175781,94.44000244140625,96668
2026-05-14 14:40:00+00:00,94.43009948730469,94.45500183105469,94.43009948730469,94.44999694824219,25792
2026-05-14 14:45:00+00:00,94.44499969482422,94.47000122070312,94.44499969482422,94.46749877929688,21717
2026-05-14 14:50:00+00:00,94.46499633789062,94.4749984741211,94.45999908447266,94.46499633789062,23787
2026-05-14 14:55:00+00:00,94.45999908447266,94.4800033569336,94.45999908447266,94.45999908447266,54625
2026-05-14 15:00:00+00:00,94.45999908447266,94.45999908447266,94.43499755859375,94.43499755859375,47671
2026-05-14 15:05:00+00:00,94.43499755859375,94.44999694824219,94.43000030517578,94.43499755859375,46667
2026-05-14 15:10:00+00:00,94.44000244140625,94.44999694824219,94.43000030517578,94.43499755859375,32882
2026-05-14 15:15:00+00:00,94.43000030517578,94.43499755859375,94.42500305175781,94.42500305175781,16136
2026-05-14 15:20:00+00:00,94.42500305175781,94.46499633789062,94.42500305175781,94.46499633789062,42518
2026-05-14 15:25:00+00:00,94.46499633789062,94.46499633789062,94.44999694824219,94.45010375976562,15110
2026-05-14 15:30:00+00:00,94.45500183105469,94.45999908447266,94.44999694824219,94.44999694824219,24866
2026-05-14 15:35:00+00:00,94.44999694824219,94.46499633789062,94.44300079345703,94.44999694824219,34127
2026-05-14 15:40:00+00:00,94.45500183105469,94.46499633789062,94.45449829101562,94.45500183105469,22405
2026-05-14 15:45:00+00:00,94.4551010131836,94.47000122070312,94.45500183105469,94.46499633789062,18467
2026-05-14 15:50:00+00:00,94.46499633789062,94.4800033569336,94.46499633789062,94.4800033569336,25019
2026-05-14 15:55:00+00:00,94.4800033569336,94.49500274658203,94.4800033569336,94.48999786376953,34887
2026-05-14 16:00:00+00:00,94.49500274658203,94.49549865722656,94.48500061035156,94.49150085449219,24306
2026-05-14 16:05:00+00:00,94.49500274658203,94.49729919433594,94.48320007324219,94.48500061035156,18561
2026-05-14 16:10:00+00:00,94.48500061035156,94.49500274658203,94.4800033569336,94.48999786376953,16553
2026-05-14 16:15:00+00:00,94.48500061035156,94.48999786376953,94.4800033569336,94.481201171875,4620
2026-05-14 16:20:00+00:00,94.4800033569336,94.48989868164062,94.4800033569336,94.48500061035156,15077
2026-05-14 16:25:00+00:00,94.4800033569336,94.48500061035156,94.45500183105469,94.46649932861328,48489
2026-05-14 16:30:00+00:00,94.46019744873047,94.47000122070312,94.44390106201172,94.45500183105469,44923
2026-05-14 16:35:00+00:00,94.45500183105469,94.45500183105469,94.44999694824219,94.45020294189453,12762
2026-05-14 16:40:00+00:00,94.45500183105469,94.45999908447266,94.43499755859375,94.44509887695312,40998
2026-05-14 16:45:00+00:00,94.44999694824219,94.45500183105469,94.44000244140625,94.4531021118164,1359139
2026-05-14 16:50:00+00:00,94.45500183105469,94.46499633789062,94.45439910888672,94.45500183105469,29381
2026-05-14 16:55:00+00:00,94.44999694824219,94.4657974243164,94.44010162353516,94.45999908447266,37265
2026-05-14 17:00:00+00:00,94.46009826660156,94.4749984741211,94.46009826660156,94.46499633789062,25658
2026-05-14 17:05:00+00:00,94.46499633789062,94.47000122070312,94.45999908447266,94.46499633789062,33369
2026-05-14 17:10:00+00:00,94.46499633789062,94.46499633789062,94.45500183105469,94.45999908447266,38294
2026-05-14 17:15:00+00:00,94.45999908447266,94.46499633789062,94.44999694824219,94.46499633789062,29546
2026-05-14 17:20:00+00:00,94.45999908447266,94.46499633789062,94.44999694824219,94.45500183105469,29174
2026-05-14 17:25:00+00:00,94.4531021118164,94.46499633789062,94.44999694824219,94.45999908447266,34021
2026-05-14 17:30:00+00:00,94.45500183105469,94.45999908447266,94.44999694824219,94.44999694824219,5894
2026-05-14 17:35:00+00:00,94.45500183105469,94.46499633789062,94.45010375976562,94.46499633789062,21029
2026-05-14 17:40:00+00:00,94.46499633789062,94.46499633789062,94.45010375976562,94.45500183105469,29010
2026-05-14 17:45:00+00:00,94.45500183105469,94.45500183105469,94.44499969482422,94.44499969482422,9156
2026-05-14 17:50:00+00:00,94.44499969482422,94.44999694824219,94.43499755859375,94.43499755859375,51181
2026-05-14 17:55:00+00:00,94.44000244140625,94.44999694824219,94.4397964477539,94.44499969482422,7695
2026-05-14 18:00:00+00:00,94.44499969482422,94.44999694824219,94.41500091552734,94.4198989868164,27879
2026-05-14 18:05:00+00:00,94.41500091552734,94.42720031738281,94.41500091552734,94.41999816894531,19265
2026-05-14 18:10:00+00:00,94.41999816894531,94.43000030517578,94.41000366210938,94.41000366210938,41285
2026-05-14 18:15:00+00:00,94.40499877929688,94.41999816894531,94.40499877929688,94.41999816894531,19773
2026-05-14 18:20:00+00:00,94.41999816894531,94.43000030517578,94.418701171875,94.41999816894531,106356
2026-05-14 18:25:00+00:00,94.41999816894531,94.43000030517578,94.41999816894531,94.42500305175781,25046
2026-05-14 18:30:00+00:00,94.42500305175781,94.43000030517578,94.4000015258789,94.40499877929688,36023
2026-05-14 18:35:00+00:00,94.40499877929688,94.41000366210938,94.3949966430664,94.40499877929688,26636
2026-05-14 18:40:00+00:00,94.40480041503906,94.40769958496094,94.39099884033203,94.39849853515625,37156
2026-05-14 18:45:00+00:00,94.4000015258789,94.41000366210938,94.3949966430664,94.4000015258789,33827
2026-05-14 18:50:00+00:00,94.4000015258789,94.40499877929688,94.38500213623047,94.38500213623047,27271
2026-05-14 18:55:00+00:00,94.38999938964844,94.4000015258789,94.38500213623047,94.3949966430664,48553
2026-05-14 19:00:00+00:00,94.3949966430664,94.3949966430664,94.37999725341797,94.38500213623047,47853
2026-05-14 19:05:00+00:00,94.38500213623047,94.38999938964844,94.37000274658203,94.37010192871094,124166
2026-05-14 19:10:00+00:00,94.37879943847656,94.37999725341797,94.37000274658203,94.375,41494
2026-05-14 19:15:00+00:00,94.375,94.37999725341797,94.37000274658203,94.375,29212
2026-05-14 19:20:00+00:00,94.37000274658203,94.37999725341797,94.36499786376953,94.36499786376953,46830
2026-05-14 19:25:00+00:00,94.36499786376953,94.36499786376953,94.33999633789062,94.34500122070312,45028
2026-05-14 19:30:00+00:00,94.34500122070312,94.3550033569336,94.33999633789062,94.3550033569336,68707
2026-05-14 19:35:00+00:00,94.3550033569336,94.3550033569336,94.30999755859375,94.31500244140625,130300
2026-05-14 19:40:00+00:00,94.31500244140625,94.33000183105469,94.28500366210938,94.30000305175781,264705
2026-05-14 19:45:00+00:00,94.29209899902344,94.29830169677734,94.26499938964844,94.26499938964844,47386
2026-05-14 19:50:00+00:00,94.2699966430664,94.29000091552734,94.26249694824219,94.28990173339844,127822
2026-05-14 19:55:00+00:00,94.27999877929688,94.27999877929688,94.24500274658203,94.25,318771
2026-05-15 13:30:00+00:00,93.7249984741211,93.75,93.69999694824219,93.69999694824219,490447
2026-05-15 13:35:00+00:00,93.70500183105469,93.7300033569336,93.69999694824219,93.7300033569336,580990
2026-05-15 13:40:00+00:00,93.7249984741211,93.73999786376953,93.67500305175781,93.68009948730469,298607
2026-05-15 13:45:00+00:00,93.68499755859375,93.68499755859375,93.62000274658203,93.62989807128906,845208
2026-05-15 13:50:00+00:00,93.62999725341797,93.65499877929688,93.62000274658203,93.63500213623047,208890
2026-05-15 13:55:00+00:00,93.63960266113281,93.63960266113281,93.61499786376953,93.62999725341797,249051
2026-05-15 14:00:00+00:00,93.63500213623047,93.63999938964844,93.61000061035156,93.625,190759
2026-05-15 14:05:00+00:00,93.625,93.68000030517578,93.625,93.66000366210938,129653
2026-05-15 14:10:00+00:00,93.66500091552734,93.66729736328125,93.63500213623047,93.65499877929688,131266
2026-05-15 14:15:00+00:00,93.65499877929688,93.70989990234375,93.6500015258789,93.70500183105469,84369
2026-05-15 14:20:00+00:00,93.70500183105469,93.7300033569336,93.69499969482422,93.72669982910156,109594
2026-05-15 14:25:00+00:00,93.72000122070312,93.7249984741211,93.69000244140625,93.70999908447266,75182
2026-05-15 14:30:00+00:00,93.70500183105469,93.72969818115234,93.69010162353516,93.72969818115234,70505
2026-05-15 14:35:00+00:00,93.7300033569336,93.73999786376953,93.69999694824219,93.70500183105469,108604
2026-05-15 14:40:00+00:00,93.70500183105469,93.70500183105469,93.69000244140625,93.69499969482422,59144
2026-05-15 14:45:00+00:00,93.69499969482422,93.69999694824219,93.66999816894531,93.67500305175781,45230
2026-05-15 14:50:00+00:00,93.67500305175781,93.69000244140625,93.6500015258789,93.68000030517578,81169
2026-05-15 14:55:00+00:00,93.69000244140625,93.69499969482422,93.68000030517578,93.68009948730469,24452
2026-05-15 15:00:00+00:00,93.68499755859375,93.69000244140625,93.62999725341797,93.62999725341797,65200
2026-05-15 15:05:00+00:00,93.625,93.6449966430664,93.62000274658203,93.6449966430664,50348
2026-05-15 15:10:00+00:00,93.6449966430664,93.67500305175781,93.6449966430664,93.65499877929688,41792
2026-05-15 15:15:00+00:00,93.65499877929688,93.66500091552734,93.6449966430664,93.6449966430664,47132
2026-05-15 15:20:00+00:00,93.6449966430664,93.6500015258789,93.63999938964844,93.6449966430664,24779
2026-05-15 15:25:00+00:00,93.63999938964844,93.6500015258789,93.625,93.63500213623047,172057
2026-05-15 15:30:00+00:00,93.63999938964844,93.6500015258789,93.58999633789062,93.59500122070312,178121
2026-05-15 15:35:00+00:00,93.59760284423828,93.61000061035156,93.58999633789062,93.6050033569336,126526
2026-05-15 15:40:00+00:00,93.6050033569336,93.61000061035156,93.56999969482422,93.56999969482422,192530
2026-05-15 15:45:00+00:00,93.56999969482422,93.5780029296875,93.56999969482422,93.57499694824219,50187
2026-05-15 15:50:00+00:00,93.57499694824219,93.57990264892578,93.55999755859375,93.55999755859375,26311
2026-05-15 15:55:00+00:00,93.56500244140625,93.61000061035156,93.55999755859375,93.61000061035156,62640
2026-05-15 16:00:00+00:00,93.62000274658203,93.62999725341797,93.5999984741211,93.6050033569336,463703
2026-05-15 16:05:00+00:00,93.60980224609375,93.625,93.58999633789062,93.62000274658203,43847
2026-05-15 16:10:00+00:00,93.62000274658203,93.625,93.61000061035156,93.61499786376953,306314
2026-05-15 16:15:00+00:00,93.61000061035156,93.61499786376953,93.58000183105469,93.59500122070312,57839
2026-05-15 16:20:00+00:00,93.58999633789062,93.5999984741211,93.5833969116211,93.58499908447266,36399
2026-05-15 16:25:00+00:00,93.58000183105469,93.58999633789062,93.56999969482422,93.58499908447266,75061
2026-05-15 16:30:00+00:00,93.58499908447266,93.5999984741211,93.55500030517578,93.55999755859375,63454
2026-05-15 16:35:00+00:00,93.55989837646484,93.57499694824219,93.55390167236328,93.57499694824219,50631
2026-05-15 16:40:00+00:00,93.58000183105469,93.58499908447266,93.5438003540039,93.56500244140625,66710
2026-05-15 16:45:00+00:00,93.56659698486328,93.56999969482422,93.55229949951172,93.55500030517578,67335
2026-05-15 16:50:00+00:00,93.55500030517578,93.56999969482422,93.55000305175781,93.55500030517578,60216
2026-05-15 16:55:00+00:00,93.55999755859375,93.56500244140625,93.55010223388672,93.55500030517578,65310
2026-05-15 17:00:00+00:00,93.54499816894531,93.55500030517578,93.5425033569336,93.55500030517578,54326
2026-05-15 17:05:00+00:00,93.55000305175781,93.5698013305664,93.55000305175781,93.56500244140625,39790
2026-05-15 17:10:00+00:00,93.56500244140625,93.56999969482422,93.55999755859375,93.55999755859375,23514
2026-05-15 17:15:00+00:00,93.56500244140625,93.58000183105469,93.55500030517578,93.56999969482422,62188
2026-05-15 17:20:00+00:00,93.57499694824219,93.58499908447266,93.56999969482422,93.58499908447266,34655
2026-05-15 17:25:00+00:00,93.58499908447266,93.6050033569336,93.58499908447266,93.5906982421875,66339
2026-05-15 17:30:00+00:00,93.58999633789062,93.59500122070312,93.5801010131836,93.59500122070312,38907
2026-05-15 17:35:00+00:00,93.59500122070312,93.59519958496094,93.57499694824219,93.57499694824219,37131
2026-05-15 17:40:00+00:00,93.57499694824219,93.58000183105469,93.56999969482422,93.57499694824219,41832
2026-05-15 17:45:00+00:00,93.57499694824219,93.57990264892578,93.55999755859375,93.55999755859375,33600
2026-05-15 17:50:00+00:00,93.56500244140625,93.57510375976562,93.53500366210938,93.53500366210938,71841
2026-05-15 17:55:00+00:00,93.53990173339844,93.53990173339844,93.52220153808594,93.53500366210938,41986
2026-05-15 18:00:00+00:00,93.53500366210938,93.5365982055664,93.5199966430664,93.5199966430664,39172
2026-05-15 18:05:00+00:00,93.51499938964844,93.53569793701172,93.5,93.52999877929688,199540
2026-05-15 18:10:00+00:00,93.5250015258789,93.54499816894531,93.5199966430664,93.54499816894531,80983
2026-05-15 18:15:00+00:00,93.54010009765625,93.55580139160156,93.54000091552734,93.55500030517578,236787
2026-05-15 18:20:00+00:00,93.55570220947266,93.55999755859375,93.55000305175781,93.55500030517578,346135
2026-05-15 18:25:00+00:00,93.55000305175781,93.55999755859375,93.54499816894531,93.55500030517578,44240
2026-05-15 18:30:00+00:00,93.55500030517578,93.55500030517578,93.5199966430664,93.5250015258789,34399
2026-05-15 18:35:00+00:00,93.5250015258789,93.53500366210938,93.5250015258789,93.5250015258789,44060
2026-05-15 18:40:00+00:00,93.5250015258789,93.52999877929688,93.5199966430664,93.52799987792969,30495
2026-05-15 18:45:00+00:00,93.5199966430664,93.52999877929688,93.5199966430664,93.5199966430664,36383
2026-05-15 18:50:00+00:00,93.5250015258789,93.52999877929688,93.5199966430664,93.5250015258789,50304
2026-05-15 18:55:00+00:00,93.5199966430664,93.52999877929688,93.5,93.5250015258789,693118
2026-05-15 19:00:00+00:00,93.52020263671875,93.52999877929688,93.5199966430664,93.5250015258789,41049
2026-05-15 19:05:00+00:00,93.5250015258789,93.52999877929688,93.51000213623047,93.51789855957031,103869
2026-05-15 19:10:00+00:00,93.51000213623047,93.5199966430664,93.51000213623047,93.51499938964844,112189
2026-05-15 19:15:00+00:00,93.5199966430664,93.52999877929688,93.51000213623047,93.5250015258789,81159
2026-05-15 19:20:00+00:00,93.5250015258789,93.54000091552734,93.5199966430664,93.53500366210938,79832
2026-05-15 19:25:00+00:00,93.53500366210938,93.54000091552734,93.52999877929688,93.53500366210938,47810
2026-05-15 19:30:00+00:00,93.53500366210938,93.54000091552734,93.51000213623047,93.51499938964844,118857
2026-05-15 19:35:00+00:00,93.51499938964844,93.52999877929688,93.51499938964844,93.5250015258789,173616
2026-05-15 19:40:00+00:00,93.5250015258789,93.5250015258789,93.5,93.50499725341797,407228
2026-05-15 19:45:00+00:00,93.50499725341797,93.5199966430664,93.5,93.51499938964844,249257
2026-05-15 19:50:00+00:00,93.51119995117188,93.5199966430664,93.5,93.50499725341797,235492
2026-05-15 19:55:00+00:00,93.50469970703125,93.52999877929688,93.48999786376953,93.52999877929688,1127875
2026-05-18 13:30:00+00:00,93.62000274658203,93.63500213623047,93.5999984741211,93.6050033569336,201826
2026-05-18 13:35:00+00:00,93.6082992553711,93.62000274658203,93.5999984741211,93.61000061035156,61819
2026-05-18 13:40:00+00:00,93.61499786376953,93.63999938964844,93.59500122070312,93.61019897460938,161356
2026-05-18 13:45:00+00:00,93.61000061035156,93.71499633789062,93.59500122070312,93.70010375976562,269210
2026-05-18 13:50:00+00:00,93.70999908447266,93.74819946289062,93.70500183105469,93.74819946289062,147819
2026-05-18 13:55:00+00:00,93.73999786376953,93.74500274658203,93.70999908447266,93.70999908447266,82236
2026-05-18 14:00:00+00:00,93.69999694824219,93.69999694824219,93.65010070800781,93.65499877929688,108413
2026-05-18 14:05:00+00:00,93.66000366210938,93.66000366210938,93.61499786376953,93.63500213623047,198067
2026-05-18 14:10:00+00:00,93.63500213623047,93.6500015258789,93.61000061035156,93.61009979248047,51946
2026-05-18 14:15:00+00:00,93.61000061035156,93.62989807128906,93.6050033569336,93.625,34238
2026-05-18 14:20:00+00:00,93.625,93.625,93.56009674072266,93.56999969482422,75082
2026-05-18 14:25:00+00:00,93.58000183105469,93.58000183105469,93.55999755859375,93.56999969482422,73625
2026-05-18 14:30:00+00:00,93.56500244140625,93.56999969482422,93.5,93.50499725341797,40941
2026-05-18 14:35:00+00:00,93.50499725341797,93.53009796142578,93.49500274658203,93.52999877929688,63836
2026-05-18 14:40:00+00:00,93.53500366210938,93.53500366210938,93.50499725341797,93.50499725341797,28422
2026-05-18 14:45:00+00:00,93.50499725341797,93.53500366210938,93.50050354003906,93.53500366210938,326526
2026-05-18 14:50:00+00:00,93.53500366210938,93.55010223388672,93.53500366210938,93.54000091552734,20745
2026-05-18 14:55:00+00:00,93.53500366210938,93.5458984375,93.52999877929688,93.54499816894531,46183
2026-05-18 15:00:00+00:00,93.55500030517578,93.56500244140625,93.44999694824219,93.45500183105469,95883
2026-05-18 15:05:00+00:00,93.45500183105469,93.5199966430664,93.45030212402344,93.5,60745
2026-05-18 15:10:00+00:00,93.49600219726562,93.5093002319336,93.48500061035156,93.48999786376953,55218
2026-05-18 15:15:00+00:00,93.49500274658203,93.50990295410156,93.48999786376953,93.4926986694336,17051
2026-05-18 15:20:00+00:00,93.51000213623047,93.51000213623047,93.48999786376953,93.49500274658203,17691
2026-05-18 15:25:00+00:00,93.5,93.5,93.47049713134766,93.48500061035156,59764
2026-05-18 15:30:00+00:00,93.48979949951172,93.50499725341797,93.48179626464844,93.50499725341797,56153
2026-05-18 15:35:00+00:00,93.50499725341797,93.54000091552734,93.5,93.54000091552734,141857
2026-05-18 15:40:00+00:00,93.55000305175781,93.55000305175781,93.50499725341797,93.50499725341797,41579
2026-05-18 15:45:00+00:00,93.50990295410156,93.51000213623047,93.49500274658203,93.49909973144531,29647
2026-05-18 15:50:00+00:00,93.5,93.5199966430664,93.49349975585938,93.5199966430664,12055
2026-05-18 15:55:00+00:00,93.53109741210938,93.54499816894531,93.52010345458984,93.52999877929688,56256
2026-05-18 16:00:00+00:00,93.54000091552734,93.54989624023438,93.53500366210938,93.54399871826172,26876
2026-05-18 16:05:00+00:00,93.54759979248047,93.54989624023438,93.52010345458984,93.53150177001953,17079
2026-05-18 16:10:00+00:00,93.53500366210938,93.55000305175781,93.52989959716797,93.55000305175781,33181
2026-05-18 16:15:00+00:00,93.55500030517578,93.56999969482422,93.55500030517578,93.56510162353516,9867
2026-05-18 16:20:00+00:00,93.56999969482422,93.58999633789062,93.51499938964844,93.51499938964844,47732
2026-05-18 16:25:00+00:00,93.52999877929688,93.5364990234375,93.46820068359375,93.4749984741211,48565
2026-05-18 16:30:00+00:00,93.47000122070312,93.53500366210938,93.46499633789062,93.53260040283203,28767
2026-05-18 16:35:00+00:00,93.54000091552734,93.56500244140625,93.54000091552734,93.54010009765625,53500
2026-05-18 16:40:00+00:00,93.5458984375,93.55000305175781,93.54000091552734,93.54959869384766,14721
2026-05-18 16:45:00+00:00,93.55000305175781,93.55500030517578,93.54000091552734,93.55500030517578,212625
2026-05-18 16:50:00+00:00,93.55500030517578,93.55809783935547,93.52999877929688,93.54000091552734,44297
2026-05-18 16:55:00+00:00,93.54199981689453,93.55000305175781,93.53060150146484,93.53780364990234,48786
2026-05-18 17:00:00+00:00,93.53500366210938,93.53500366210938,93.49019622802734,93.51499938964844,54543
2026-05-18 17:05:00+00:00,93.51499938964844,93.55780029296875,93.51499938964844,93.55500030517578,25437
2026-05-18 17:10:00+00:00,93.55500030517578,93.55989837646484,93.54000091552734,93.54499816894531,28726
2026-05-18 17:15:00+00:00,93.54499816894531,93.57499694824219,93.54499816894531,93.56500244140625,64013
2026-05-18 17:20:00+00:00,93.55999755859375,93.56890106201172,93.5199966430664,93.52999877929688,23571
2026-05-18 17:25:00+00:00,93.5250015258789,93.52989959716797,93.51499938964844,93.51499938964844,88059
2026-05-18 17:30:00+00:00,93.51499938964844,93.5198974609375,93.51000213623047,93.51000213623047,13736
2026-05-18 17:35:00+00:00,93.51000213623047,93.51000213623047,93.48999786376953,93.51000213623047,292070
2026-05-18 17:40:00+00:00,93.51499938964844,93.5250015258789,93.51499938964844,93.5250015258789,21957
2026-05-18 17:45:00+00:00,93.5250015258789,93.5363998413086,93.5199966430664,93.52010345458984,24255
2026-05-18 17:50:00+00:00,93.52989959716797,93.52989959716797,93.5199966430664,93.5250015258789,24875
2026-05-18 17:55:00+00:00,93.5250015258789,93.52890014648438,93.52010345458984,93.5250015258789,9051
2026-05-18 18:00:00+00:00,93.5250015258789,93.5250015258789,93.4800033569336,93.4800033569336,133175
2026-05-18 18:05:00+00:00,93.4800033569336,93.48500061035156,93.45999908447266,93.46499633789062,40673
2026-05-18 18:10:00+00:00,93.45999908447266,93.47000122070312,93.45500183105469,93.45500183105469,35445
2026-05-18 18:15:00+00:00,93.44999694824219,93.45500183105469,93.44000244140625,93.44499969482422,153381
2026-05-18 18:20:00+00:00,93.44499969482422,93.44999694824219,93.41000366210938,93.41000366210938,63599
2026-05-18 18:25:00+00:00,93.40499877929688,93.40499877929688,93.34490203857422,93.38500213623047,115909
2026-05-18 18:30:00+00:00,93.38999938964844,93.43000030517578,93.38999938964844,93.41500091552734,40988
2026-05-18 18:35:00+00:00,93.41999816894531,93.42500305175781,93.37999725341797,93.37999725341797,191722
2026-05-18 18:40:00+00:00,93.38500213623047,93.38719940185547,93.36499786376953,93.37999725341797,73841
2026-05-18 18:45:00+00:00,93.37999725341797,93.40499877929688,93.375,93.404296875,51914
2026-05-18 18:50:00+00:00,93.40809631347656,93.40809631347656,93.38999938964844,93.3949966430664,93367
2026-05-18 18:55:00+00:00,93.38999938964844,93.43000030517578,93.36000061035156,93.36499786376953,150963
2026-05-18 19:00:00+00:00,93.36000061035156,93.58000183105469,93.36000061035156,93.52999877929688,1351316
2026-05-18 19:05:00+00:00,93.5250015258789,93.55000305175781,93.4800033569336,93.5199966430664,395292
2026-05-18 19:10:00+00:00,93.52010345458984,93.52010345458984,93.4749984741211,93.4749984741211,71232
2026-05-18 19:15:00+00:00,93.4800033569336,93.49500274658203,93.4749984741211,93.49500274658203,75577
2026-05-18 19:20:00+00:00,93.49500274658203,93.51499938964844,93.45500183105469,93.45999908447266,90127
2026-05-18 19:25:00+00:00,93.45999908447266,93.4749984741211,93.42500305175781,93.4749984741211,73640
2026-05-18 19:30:00+00:00,93.4749984741211,93.51000213623047,93.4749984741211,93.48500061035156,84483
2026-05-18 19:35:00+00:00,93.48500061035156,93.5250015258789,93.48500061035156,93.51010131835938,123214
2026-05-18 19:40:00+00:00,93.51499938964844,93.5199966430664,93.50499725341797,93.5093002319336,61605
2026-05-18 19:45:00+00:00,93.50499725341797,93.54000091552734,93.5,93.52999877929688,175642
2026-05-18 19:50:00+00:00,93.53500366210938,93.54000091552734,93.5199966430664,93.52459716796875,92898
2026-05-18 19:55:00+00:00,93.5250015258789,93.54499816894531,93.46499633789062,93.4800033569336,511955
2026-05-19 13:30:00+00:00,93.13999938964844,93.15650177001953,93.12999725341797,93.1449966430664,214556
2026-05-19 13:35:00+00:00,93.13999938964844,93.1801986694336,93.12010192871094,93.1449966430664,91013
2026-05-19 13:40:00+00:00,93.13999938964844,93.13999938964844,93.1050033569336,93.12000274658203,171285
2026-05-19 13:45:00+00:00,93.125,93.13999938964844,93.11499786376953,93.13999938964844,224489
2026-05-19 13:50:00+00:00,93.1500015258789,93.21499633789062,93.1500015258789,93.20999908447266,130188
2026-05-19 13:55:00+00:00,93.20999908447266,93.22750091552734,93.20999908447266,93.21499633789062,42230
2026-05-19 14:00:00+00:00,93.20999908447266,93.26000213623047,93.19499969482422,93.26000213623047,69375
2026-05-19 14:05:00+00:00,93.2699966430664,93.2699966430664,93.17500305175781,93.17500305175781,55277
2026-05-19 14:10:00+00:00,93.17500305175781,93.19750213623047,93.1449966430664,93.1449966430664,92492
2026-05-19 14:15:00+00:00,93.1449966430664,93.1500015258789,93.1050033569336,93.11000061035156,104558
2026-05-19 14:20:00+00:00,93.1050033569336,93.1050033569336,92.96499633789062,92.96499633789062,369107
2026-05-19 14:25:00+00:00,92.96499633789062,93.00509643554688,92.94499969482422,92.9749984741211,286882
2026-05-19 14:30:00+00:00,92.9749984741211,93.01000213623047,92.95999908447266,93.0,70132
2026-05-19 14:35:00+00:00,93.00499725341797,93.05999755859375,93.00019836425781,93.04499816894531,387928
2026-05-19 14:40:00+00:00,93.04000091552734,93.06990051269531,93.00499725341797,93.0250015258789,624945
2026-05-19 14:45:00+00:00,93.0250015258789,93.04000091552734,93.00499725341797,93.0250015258789,598815
2026-05-19 14:50:00+00:00,93.0250015258789,93.02999877929688,92.99500274658203,93.0,123480
2026-05-19 14:55:00+00:00,93.0,93.03500366210938,92.98500061035156,93.0199966430664,53954
2026-05-19 15:00:00+00:00,93.01899719238281,93.07499694824219,93.01200103759766,93.06999969482422,464200
2026-05-19 15:05:00+00:00,93.05999755859375,93.06719970703125,93.0199966430664,93.03500366210938,332142
2026-05-19 15:10:00+00:00,93.03500366210938,93.04499816894531,93.01010131835938,93.0374984741211,32010
2026-05-19 15:15:00+00:00,93.03990173339844,93.08999633789062,93.03990173339844,93.06500244140625,38118
2026-05-19 15:20:00+00:00,93.06500244140625,93.06500244140625,93.0199966430664,93.0199966430664,43531
2026-05-19 15:25:00+00:00,93.01499938964844,93.02999877929688,93.00499725341797,93.01750183105469,51083
2026-05-19 15:30:00+00:00,93.0199966430664,93.0374984741211,93.01000213623047,93.0198974609375,122573
2026-05-19 15:35:00+00:00,93.01210021972656,93.05000305175781,93.0,93.03500366210938,60874
2026-05-19 15:40:00+00:00,93.04000091552734,93.04750061035156,93.0199966430664,93.04000091552734,824817
2026-05-19 15:45:00+00:00,93.02999877929688,93.05999755859375,93.02999877929688,93.05500030517578,52735
2026-05-19 15:50:00+00:00,93.05999755859375,93.07990264892578,93.05500030517578,93.07420349121094,28555
2026-05-19 15:55:00+00:00,93.07150268554688,93.08000183105469,93.06210327148438,93.06500244140625,41229
2026-05-19 16:00:00+00:00,93.06999969482422,93.09989929199219,93.06999969482422,93.07499694824219,77189
2026-05-19 16:05:00+00:00,93.0790023803711,93.0790023803711,93.01499938964844,93.01499938964844,70634
2026-05-19 16:10:00+00:00,93.00499725341797,93.02999877929688,92.99500274658203,93.02559661865234,55607
2026-05-19 16:15:00+00:00,93.0199966430664,93.05000305175781,93.0199966430664,93.04969787597656,31786
2026-05-19 16:20:00+00:00,93.05500030517578,93.09500122070312,93.0521011352539,93.09500122070312,94333
2026-05-19 16:25:00+00:00,93.0999984741211,93.13999938964844,93.0999984741211,93.13500213623047,108600
2026-05-19 16:30:00+00:00,93.12999725341797,93.15499877929688,93.10279846191406,93.1050033569336,58272
2026-05-19 16:35:00+00:00,93.1050033569336,93.11000061035156,93.08499908447266,93.11000061035156,26322
2026-05-19 16:40:00+00:00,93.11000061035156,93.11499786376953,93.08499908447266,93.08499908447266,45528
2026-05-19 16:45:00+00:00,93.08499908447266,93.0999984741211,93.08499908447266,93.09989929199219,26924
2026-05-19 16:50:00+00:00,93.09500122070312,93.12000274658203,93.09500122070312,93.11499786376953,11395
2026-05-19 16:55:00+00:00,93.12000274658203,93.12999725341797,93.11000061035156,93.125,32358
2026-05-19 17:00:00+00:00,93.11990356445312,93.13500213623047,93.11499786376953,93.13189697265625,26685
2026-05-19 17:05:00+00:00,93.13770294189453,93.13990020751953,93.12000274658203,93.125,41496
2026-05-19 17:10:00+00:00,93.13500213623047,93.16549682617188,93.13500213623047,93.16500091552734,47360
2026-05-19 17:15:00+00:00,93.18000030517578,93.19000244140625,93.17980194091797,93.18000030517578,13017
2026-05-19 17:20:00+00:00,93.18000030517578,93.18789672851562,93.15499877929688,93.15499877929688,19610
2026-05-19 17:25:00+00:00,93.1500015258789,93.18000030517578,93.1449966430664,93.16500091552734,28893
2026-05-19 17:30:00+00:00,93.16999816894531,93.19660186767578,93.16439819335938,93.16840362548828,22565
2026-05-19 17:35:00+00:00,93.16510009765625,93.19000244140625,93.16010284423828,93.17500305175781,280332
2026-05-19 17:40:00+00:00,93.17500305175781,93.18499755859375,93.16999816894531,93.18499755859375,29886
2026-05-19 17:45:00+00:00,93.19499969482422,93.20700073242188,93.18009948730469,93.18990325927734,66604
2026-05-19 17:50:00+00:00,93.19000244140625,93.20500183105469,93.18499755859375,93.19999694824219,85246
2026-05-19 17:55:00+00:00,93.1989974975586,93.1989974975586,93.17500305175781,93.19000244140625,16581
2026-05-19 18:00:00+00:00,93.19000244140625,93.2249984741211,93.18499755859375,93.22000122070312,63174
2026-05-19 18:05:00+00:00,93.22000122070312,93.2249984741211,93.21499633789062,93.21499633789062,18742
2026-05-19 18:10:00+00:00,93.21499633789062,93.22000122070312,93.21009826660156,93.21499633789062,24641
2026-05-19 18:15:00+00:00,93.21109771728516,93.21109771728516,93.17009735107422,93.18499755859375,26500
2026-05-19 18:20:00+00:00,93.18579864501953,93.19000244140625,93.15499877929688,93.15499877929688,155395
2026-05-19 18:25:00+00:00,93.15499877929688,93.17500305175781,93.09500122070312,93.09500122070312,124483
2026-05-19 18:30:00+00:00,93.07499694824219,93.11000061035156,93.0521011352539,93.1050033569336,101615
2026-05-19 18:35:00+00:00,93.10890197753906,93.11000061035156,93.09220123291016,93.1050033569336,100955
2026-05-19 18:40:00+00:00,93.11499786376953,93.16500091552734,93.11499786376953,93.1449966430664,69177
2026-05-19 18:45:00+00:00,93.14009857177734,93.14009857177734,93.11000061035156,93.1134033203125,32629
2026-05-19 18:50:00+00:00,93.11499786376953,93.12000274658203,93.08499908447266,93.08499908447266,23134
2026-05-19 18:55:00+00:00,93.08000183105469,93.08999633789062,93.04010009765625,93.07499694824219,99423
2026-05-19 19:00:00+00:00,93.06999969482422,93.12999725341797,93.06999969482422,93.0999984741211,115616
2026-05-19 19:05:00+00:00,93.09500122070312,93.0999984741211,93.08000183105469,93.08000183105469,35309
2026-05-19 19:10:00+00:00,93.08499908447266,93.0999984741211,93.08000183105469,93.0989990234375,49015
2026-05-19 19:15:00+00:00,93.09500122070312,93.11000061035156,93.08999633789062,93.0999984741211,59490
2026-05-19 19:20:00+00:00,93.0999984741211,93.0999984741211,93.08000183105469,93.08499908447266,33555
2026-05-19 19:25:00+00:00,93.08000183105469,93.0999984741211,93.08000183105469,93.08999633789062,56076
2026-05-19 19:30:00+00:00,93.08999633789062,93.11000061035156,93.08999633789062,93.09500122070312,102245
2026-05-19 19:35:00+00:00,93.0999984741211,93.12000274658203,93.08999633789062,93.11509704589844,605285
2026-05-19 19:40:00+00:00,93.11499786376953,93.12999725341797,93.11000061035156,93.11499786376953,59125
2026-05-19 19:45:00+00:00,93.11499786376953,93.12000274658203,93.0999984741211,93.11360168457031,75444
2026-05-19 19:50:00+00:00,93.12000274658203,93.12999725341797,93.11000061035156,93.11499786376953,65219
2026-05-19 19:55:00+00:00,93.11000061035156,93.12000274658203,93.09500122070312,93.12000274658203,542855
2026-05-20 13:30:00+00:00,93.1500015258789,93.2249984741211,93.1500015258789,93.2249984741211,121126
2026-05-20 13:35:00+00:00,93.2249984741211,93.22589874267578,93.16100311279297,93.16940307617188,34110
2026-05-20 13:40:00+00:00,93.16500091552734,93.19999694824219,93.16000366210938,93.19049835205078,56912
2026-05-20 13:45:00+00:00,93.19499969482422,93.22589874267578,93.19100189208984,93.20500183105469,56128
2026-05-20 13:50:00+00:00,93.20999908447266,93.21499633789062,93.19999694824219,93.19999694824219,16823
2026-05-20 13:55:00+00:00,93.19000244140625,93.22000122070312,93.19000244140625,93.19499969482422,43481
2026-05-20 14:00:00+00:00,93.19499969482422,93.19499969482422,93.17150115966797,93.18499755859375,50618
2026-05-20 14:05:00+00:00,93.16999816894531,93.17980194091797,93.15010070800781,93.16500091552734,23193
2026-05-20 14:10:00+00:00,93.16010284423828,93.2249984741211,93.15010070800781,93.19499969482422,189033
2026-05-20 14:15:00+00:00,93.19499969482422,93.41000366210938,93.19000244140625,93.3550033569336,672898
2026-05-20 14:20:00+00:00,93.3550033569336,93.38500213623047,93.30020141601562,93.30999755859375,279168
2026-05-20 14:25:00+00:00,93.31500244140625,93.3550033569336,93.3031005859375,93.3550033569336,80059
2026-05-20 14:30:00+00:00,93.3550033569336,93.41000366210938,93.3550033569336,93.3949966430664,316877
2026-05-20 14:35:00+00:00,93.3949966430664,93.43000030517578,93.37999725341797,93.43000030517578,161078
2026-05-20 14:40:00+00:00,93.43000030517578,93.43499755859375,93.37000274658203,93.40499877929688,150380
2026-05-20 14:45:00+00:00,93.41000366210938,93.41999816894531,93.375,93.40499877929688,193115
2026-05-20 14:50:00+00:00,93.41000366210938,93.47789764404297,93.38999938964844,93.4749984741211,813300
2026-05-20 14:55:00+00:00,93.47000122070312,93.5199966430664,93.47000122070312,93.5199966430664,67148
2026-05-20 15:00:00+00:00,93.52999877929688,93.56320190429688,93.5031967163086,93.50499725341797,371116
2026-05-20 15:05:00+00:00,93.50499725341797,93.54000091552734,93.49320220947266,93.50990295410156,308723
2026-05-20 15:10:00+00:00,93.5,93.5250015258789,93.5,93.5199966430664,36986
2026-05-20 15:15:00+00:00,93.51499938964844,93.79499816894531,93.51499938964844,93.68000030517578,1817927
2026-05-20 15:20:00+00:00,93.68499755859375,93.72000122070312,93.63050079345703,93.63050079345703,176007
2026-05-20 15:25:00+00:00,93.62999725341797,93.6500015258789,93.62000274658203,93.63069915771484,301132
2026-05-20 15:30:00+00:00,93.63500213623047,93.67500305175781,93.61499786376953,93.66000366210938,92117
2026-05-20 15:35:00+00:00,93.65499877929688,93.70999908447266,93.65499877929688,93.70999908447266,151034
2026-05-20 15:40:00+00:00,93.70999908447266,93.7300033569336,93.68250274658203,93.68499755859375,36160
2026-05-20 15:45:00+00:00,93.69499969482422,93.71890258789062,93.68499755859375,93.71499633789062,20467
2026-05-20 15:50:00+00:00,93.73999786376953,93.73999786376953,93.65499877929688,93.66100311279297,559184
2026-05-20 15:55:00+00:00,93.6624984741211,93.68000030517578,93.6135025024414,93.625,470004
2026-05-20 16:00:00+00:00,93.62750244140625,93.65499877929688,93.62750244140625,93.65499877929688,181273
2026-05-20 16:05:00+00:00,93.65959930419922,93.68499755859375,93.65149688720703,93.66999816894531,19007
2026-05-20 16:10:00+00:00,93.66320037841797,93.67500305175781,93.64219665527344,93.66010284423828,15374
2026-05-20 16:15:00+00:00,93.66500091552734,93.67829895019531,93.65499877929688,93.66999816894531,86981
2026-05-20 16:20:00+00:00,93.66010284423828,93.66500091552734,93.5999984741211,93.6050033569336,75632
2026-05-20 16:25:00+00:00,93.59989929199219,93.60169982910156,93.58000183105469,93.60169982910156,55378
2026-05-20 16:30:00+00:00,93.5999984741211,93.5999984741211,93.58000183105469,93.58499908447266,21503
2026-05-20 16:35:00+00:00,93.59500122070312,93.614501953125,93.58999633789062,93.61100006103516,49565
2026-05-20 16:40:00+00:00,93.61000061035156,93.6500015258789,93.6050033569336,93.6500015258789,54554
2026-05-20 16:45:00+00:00,93.66500091552734,93.67500305175781,93.62850189208984,93.63500213623047,102434
2026-05-20 16:50:00+00:00,93.62999725341797,93.66549682617188,93.62999725341797,93.65499877929688,44919
2026-05-20 16:55:00+00:00,93.65010070800781,93.66999816894531,93.64089965820312,93.66000366210938,86179
2026-05-20 17:00:00+00:00,93.66500091552734,93.68499755859375,93.65499877929688,93.66500091552734,57666
2026-05-20 17:05:00+00:00,93.66500091552734,93.68499755859375,93.65499877929688,93.66500091552734,225063
2026-05-20 17:10:00+00:00,93.66500091552734,93.70500183105469,93.63500213623047,93.6698989868164,267353
2026-05-20 17:15:00+00:00,93.66500091552734,93.67500305175781,93.65139770507812,93.6698989868164,104465
2026-05-20 17:20:00+00:00,93.66999816894531,93.68499755859375,93.66000366210938,93.66500091552734,130754
2026-05-20 17:25:00+00:00,93.66899871826172,93.66999816894531,93.62999725341797,93.6697006225586,177823
2026-05-20 17:30:00+00:00,93.66999816894531,93.67500305175781,93.6500015258789,93.65499877929688,191781
2026-05-20 17:35:00+00:00,93.65499877929688,93.7249984741211,93.65499877929688,93.69499969482422,245014
2026-05-20 17:40:00+00:00,93.69010162353516,93.69499969482422,93.6449966430664,93.6449966430664,41016
2026-05-20 17:45:00+00:00,93.6500015258789,93.68000030517578,93.6500015258789,93.66000366210938,1611649
2026-05-20 17:50:00+00:00,93.65499877929688,93.67009735107422,93.6500015258789,93.65499877929688,33073
2026-05-20 17:55:00+00:00,93.6500015258789,93.6500015258789,93.62100219726562,93.625,31858
2026-05-20 18:00:00+00:00,93.62000274658203,93.65499877929688,93.59500122070312,93.63999938964844,71826
2026-05-20 18:05:00+00:00,93.64450073242188,93.65499877929688,93.63500213623047,93.64990234375,29052
2026-05-20 18:10:00+00:00,93.6500015258789,93.66000366210938,93.6500015258789,93.66000366210938,8848
2026-05-20 18:15:00+00:00,93.66999816894531,93.70870208740234,93.6604995727539,93.69999694824219,58368
2026-05-20 18:20:00+00:00,93.69999694824219,93.70999908447266,93.68000030517578,93.69000244140625,48201
2026-05-20 18:25:00+00:00,93.68499755859375,93.70829772949219,93.66999816894531,93.70500183105469,46647
2026-05-20 18:30:00+00:00,93.70500183105469,93.72000122070312,93.70010375976562,93.70999908447266,34641
2026-05-20 18:35:00+00:00,93.70500183105469,93.7249984741211,93.70500183105469,93.71499633789062,33894
2026-05-20 18:40:00+00:00,93.71499633789062,93.72699737548828,93.69000244140625,93.69499969482422,41448
2026-05-20 18:45:00+00:00,93.67500305175781,93.72000122070312,93.67500305175781,93.71279907226562,32789
2026-05-20 18:50:00+00:00,93.72000122070312,93.75,93.71499633789062,93.74500274658203,71213
2026-05-20 18:55:00+00:00,93.75499725341797,93.77999877929688,93.7300033569336,93.74500274658203,126457
2026-05-20 19:00:00+00:00,93.7509994506836,93.79000091552734,93.75,93.75990295410156,35073
2026-05-20 19:05:00+00:00,93.75499725341797,93.75499725341797,93.73999786376953,93.74500274658203,45405
2026-05-20 19:10:00+00:00,93.74500274658203,93.76000213623047,93.73500061035156,93.73500061035156,98839
2026-05-20 19:15:00+00:00,93.73989868164062,93.74500274658203,93.7300033569336,93.74500274658203,390003
2026-05-20 19:20:00+00:00,93.74009704589844,93.75,93.74009704589844,93.74500274658203,26218
2026-05-20 19:25:00+00:00,93.74929809570312,93.76000213623047,93.74009704589844,93.75499725341797,44186
2026-05-20 19:30:00+00:00,93.75499725341797,93.7699966430664,93.75,93.75499725341797,67825
2026-05-20 19:35:00+00:00,93.76000213623047,93.80500030517578,93.75,93.79000091552734,304639
2026-05-20 19:40:00+00:00,93.78500366210938,93.79000091552734,93.73999786376953,93.74500274658203,558325
2026-05-20 19:45:00+00:00,93.7499008178711,93.76000213623047,93.73999786376953,93.75,109589
2026-05-20 19:50:00+00:00,93.75,93.75830078125,93.71009826660156,93.71499633789062,244324
2026-05-20 19:55:00+00:00,93.72000122070312,93.76499938964844,93.70999908447266,93.73999786376953,572913
2026-05-21 13:30:00+00:00,93.44999694824219,93.4749984741211,93.40499877929688,93.41500091552734,220949
2026-05-21 13:35:00+00:00,93.41000366210938,93.42500305175781,93.36499786376953,93.375,50896
2026-05-21 13:40:00+00:00,93.37999725341797,93.38999938964844,93.30999755859375,93.30999755859375,152119
2026-05-21 13:45:00+00:00,93.30999755859375,93.36499786376953,93.30999755859375,93.36000061035156,80134
2026-05-21 13:50:00+00:00,93.36000061035156,93.53500366210938,93.36000061035156,93.5250015258789,178196
2026-05-21 13:55:00+00:00,93.5250015258789,93.5250015258789,93.46499633789062,93.47419738769531,29154
2026-05-21 14:00:00+00:00,93.5,93.5,93.44650268554688,93.44650268554688,28279
2026-05-21 14:05:00+00:00,93.44000244140625,93.45500183105469,93.41999816894531,93.44999694824219,104914
2026-05-21 14:10:00+00:00,93.44629669189453,93.48500061035156,93.43000030517578,93.48500061035156,299731
2026-05-21 14:15:00+00:00,93.48500061035156,93.48500061035156,93.418701171875,93.45999908447266,73879
2026-05-21 14:20:00+00:00,93.45999908447266,93.45999908447266,93.41999816894531,93.41999816894531,39669
2026-05-21 14:25:00+00:00,93.43000030517578,93.4749984741211,93.42500305175781,93.46800231933594,52789
2026-05-21 14:30:00+00:00,93.47000122070312,93.4999008178711,93.47000122070312,93.48999786376953,46296
2026-05-21 14:35:00+00:00,93.48500061035156,93.48500061035156,93.47000122070312,93.4749984741211,24960
2026-05-21 14:40:00+00:00,93.47000122070312,93.47000122070312,93.3949966430664,93.4000015258789,57309
2026-05-21 14:45:00+00:00,93.41000366210938,93.44000244140625,93.4000015258789,93.43049621582031,77519
2026-05-21 14:50:00+00:00,93.43499755859375,93.44999694824219,93.42009735107422,93.44090270996094,39469
2026-05-21 14:55:00+00:00,93.45500183105469,93.4749984741211,93.44499969482422,93.47000122070312,65616
2026-05-21 15:00:00+00:00,93.47000122070312,93.47000122070312,93.44999694824219,93.45999908447266,38142
2026-05-21 15:05:00+00:00,93.46499633789062,93.46630096435547,93.4000015258789,93.41999816894531,43962
2026-05-21 15:10:00+00:00,93.43000030517578,93.5,93.43000030517578,93.45240020751953,64440
2026-05-21 15:15:00+00:00,93.45500183105469,93.4677963256836,93.45079803466797,93.45999908447266,39838
2026-05-21 15:20:00+00:00,93.45500183105469,93.45999908447266,93.43000030517578,93.43000030517578,203363
2026-05-21 15:25:00+00:00,93.43099975585938,93.43939971923828,93.40979766845703,93.41999816894531,39652
2026-05-21 15:30:00+00:00,93.42500305175781,93.43499755859375,93.41500091552734,93.43000030517578,39267
2026-05-21 15:35:00+00:00,93.43499755859375,93.43499755859375,93.41410064697266,93.43000030517578,43916
2026-05-21 15:40:00+00:00,93.43499755859375,93.44000244140625,93.3949966430664,93.3949966430664,29361
2026-05-21 15:45:00+00:00,93.41000366210938,93.41999816894531,93.4000015258789,93.4198989868164,63560
2026-05-21 15:50:00+00:00,93.3949966430664,93.42990112304688,93.3949966430664,93.41999816894531,71404
2026-05-21 15:55:00+00:00,93.42500305175781,93.45500183105469,93.42500305175781,93.44999694824219,26385
2026-05-21 16:00:00+00:00,93.45999908447266,93.51499938964844,93.45999908447266,93.50499725341797,46777
2026-05-21 16:05:00+00:00,93.51000213623047,93.52999877929688,93.49500274658203,93.5250015258789,30578
2026-05-21 16:10:00+00:00,93.5199966430664,93.5250015258789,93.4800033569336,93.5,90361
2026-05-21 16:15:00+00:00,93.5,93.51000213623047,93.4800033569336,93.51000213623047,27331
2026-05-21 16:20:00+00:00,93.51000213623047,93.51499938964844,93.47010040283203,93.48249816894531,25615
2026-05-21 16:25:00+00:00,93.48999786376953,93.53890228271484,93.48999786376953,93.52999877929688,25400
2026-05-21 16:30:00+00:00,93.53810119628906,93.54000091552734,93.51000213623047,93.5199966430664,37513
2026-05-21 16:35:00+00:00,93.5199966430664,93.53500366210938,93.51000213623047,93.51010131835938,39145
2026-05-21 16:40:00+00:00,93.51499938964844,93.54010009765625,93.51499938964844,93.54010009765625,12004
2026-05-21 16:45:00+00:00,93.54499816894531,93.55000305175781,93.53500366210938,93.54660034179688,31868
2026-05-21 16:50:00+00:00,93.55000305175781,93.55000305175781,93.53109741210938,93.54000091552734,29871
2026-05-21 16:55:00+00:00,93.54499816894531,93.54979705810547,93.5208969116211,93.52999877929688,27363
2026-05-21 17:00:00+00:00,93.53500366210938,93.54560089111328,93.48999786376953,93.5,69340
2026-05-21 17:05:00+00:00,93.50499725341797,93.50990295410156,93.4906005859375,93.50499725341797,15560
2026-05-21 17:10:00+00:00,93.51000213623047,93.62000274658203,93.51000213623047,93.61759948730469,258705
2026-05-21 17:15:00+00:00,93.62000274658203,93.70999908447266,93.62000274658203,93.70500183105469,337106
2026-05-21 17:20:00+00:00,93.70999908447266,93.76000213623047,93.67500305175781,93.70999908447266,398372
2026-05-21 17:25:00+00:00,93.71499633789062,93.73999786376953,93.69000244140625,93.73999786376953,66732
2026-05-21 17:30:00+00:00,93.74500274658203,93.7750015258789,93.70500183105469,93.73500061035156,144158
2026-05-21 17:35:00+00:00,93.73999786376953,93.7699966430664,93.7300033569336,93.7698974609375,25719
2026-05-21 17:40:00+00:00,93.77999877929688,93.80999755859375,93.7750015258789,93.80000305175781,45217
2026-05-21 17:45:00+00:00,93.80000305175781,93.80999755859375,93.78009796142578,93.80999755859375,42106
2026-05-21 17:50:00+00:00,93.81500244140625,93.83000183105469,93.80999755859375,93.81999969482422,45803
2026-05-21 17:55:00+00:00,93.82250213623047,93.83499908447266,93.80000305175781,93.80000305175781,36115
2026-05-21 18:00:00+00:00,93.80000305175781,93.83000183105469,93.75499725341797,93.75499725341797,105825
2026-05-21 18:05:00+00:00,93.75499725341797,93.78600311279297,93.75,93.77999877929688,53909
2026-05-21 18:10:00+00:00,93.78510284423828,93.79000091552734,93.75,93.76499938964844,104329
2026-05-21 18:15:00+00:00,93.7699966430664,93.80000305175781,93.7699966430664,93.79889678955078,28487
2026-05-21 18:20:00+00:00,93.7925033569336,93.81990051269531,93.7925033569336,93.81500244140625,80959
2026-05-21 18:25:00+00:00,93.81510162353516,93.81999969482422,93.79000091552734,93.80000305175781,45839
2026-05-21 18:30:00+00:00,93.80000305175781,93.80000305175781,93.7699966430664,93.77909851074219,43606
2026-05-21 18:35:00+00:00,93.7699966430664,93.77999877929688,93.76499938964844,93.7750015258789,156679
2026-05-21 18:40:00+00:00,93.7699966430664,93.80500030517578,93.7699966430664,93.78500366210938,38787
2026-05-21 18:45:00+00:00,93.79000091552734,93.79499816894531,93.72000122070312,93.7396011352539,133777
2026-05-21 18:50:00+00:00,93.73500061035156,93.76499938964844,93.6500015258789,93.66500091552734,464264
2026-05-21 18:55:00+00:00,93.65499877929688,93.67859649658203,93.625,93.63500213623047,183997
2026-05-21 19:00:00+00:00,93.63500213623047,93.69499969482422,93.625,93.69499969482422,150414
2026-05-21 19:05:00+00:00,93.69000244140625,93.69000244140625,93.6500015258789,93.68499755859375,166099
2026-05-21 19:10:00+00:00,93.68340301513672,93.69969940185547,93.66999816894531,93.6897964477539,70908
2026-05-21 19:15:00+00:00,93.68250274658203,93.70999908447266,93.68250274658203,93.70500183105469,39411
2026-05-21 19:20:00+00:00,93.70500183105469,93.7300033569336,93.70249938964844,93.72000122070312,48760
2026-05-21 19:25:00+00:00,93.7300033569336,93.73999786376953,93.70999908447266,93.71499633789062,46240
2026-05-21 19:30:00+00:00,93.70999908447266,93.73999786376953,93.70999908447266,93.7300033569336,42298
2026-05-21 19:35:00+00:00,93.7249984741211,93.7699966430664,93.72270202636719,93.76499938964844,81657
2026-05-21 19:40:00+00:00,93.7699966430664,93.77999877929688,93.74500274658203,93.74500274658203,157524
2026-05-21 19:45:00+00:00,93.74009704589844,93.76000213623047,93.7300033569336,93.74500274658203,108900
2026-05-21 19:50:00+00:00,93.75,93.7699966430664,93.69499969482422,93.70999908447266,151713
2026-05-21 19:55:00+00:00,93.70999908447266,93.80999755859375,93.69999694824219,93.79000091552734,635616
2026-05-22 13:30:00+00:00,93.9800033569336,93.98999786376953,93.95500183105469,93.95500183105469,100010
2026-05-22 13:35:00+00:00,93.95999908447266,93.96990203857422,93.93499755859375,93.93499755859375,109653
2026-05-22 13:40:00+00:00,93.93499755859375,93.93990325927734,93.86000061035156,93.90499877929688,216448
2026-05-22 13:45:00+00:00,93.91000366210938,93.91500091552734,93.83499908447266,93.84500122070312,91295
2026-05-22 13:50:00+00:00,93.83999633789062,93.86000061035156,93.82499694824219,93.8499984741211,144708
2026-05-22 13:55:00+00:00,93.85880279541016,93.87999725341797,93.85179901123047,93.875,106120
2026-05-22 14:00:00+00:00,93.87000274658203,93.87000274658203,93.73500061035156,93.74500274658203,317753
2026-05-22 14:05:00+00:00,93.73069763183594,93.74500274658203,93.70110321044922,93.72979736328125,46142
2026-05-22 14:10:00+00:00,93.7300033569336,93.74500274658203,93.68000030517578,93.69499969482422,82180
2026-05-22 14:15:00+00:00,93.72000122070312,93.74569702148438,93.72000122070312,93.74019622802734,34124
2026-05-22 14:20:00+00:00,93.74500274658203,93.74549865722656,93.7249984741211,93.7300033569336,28747
2026-05-22 14:25:00+00:00,93.7300033569336,93.7488021850586,93.72000122070312,93.7301025390625,31927
2026-05-22 14:30:00+00:00,93.7249984741211,93.73539733886719,93.70500183105469,93.72000122070312,22956
2026-05-22 14:35:00+00:00,93.7249984741211,93.7300033569336,93.65229797363281,93.65499877929688,39061
2026-05-22 14:40:00+00:00,93.6500015258789,93.6781997680664,93.6449966430664,93.65499877929688,44781
2026-05-22 14:45:00+00:00,93.66500091552734,93.68000030517578,93.65270233154297,93.65499877929688,24982
2026-05-22 14:50:00+00:00,93.65750122070312,93.6854019165039,93.62999725341797,93.68000030517578,57437
2026-05-22 14:55:00+00:00,93.68000030517578,93.68499755859375,93.6500015258789,93.67040252685547,24079
2026-05-22 15:00:00+00:00,93.66500091552734,93.66500091552734,93.62999725341797,93.66000366210938,25345
2026-05-22 15:05:00+00:00,93.66000366210938,93.67790222167969,93.65499877929688,93.65499877929688,14137
2026-05-22 15:10:00+00:00,93.66000366210938,93.67500305175781,93.66000366210938,93.66059875488281,48941
2026-05-22 15:15:00+00:00,93.68000030517578,93.70500183105469,93.68000030517578,93.70500183105469,35547
2026-05-22 15:20:00+00:00,93.70999908447266,93.70999908447266,93.68499755859375,93.68499755859375,72588
2026-05-22 15:25:00+00:00,93.68000030517578,93.68499755859375,93.66999816894531,93.67500305175781,22737
2026-05-22 15:30:00+00:00,93.68000030517578,93.69999694824219,93.68000030517578,93.68499755859375,37668
2026-05-22 15:35:00+00:00,93.68150329589844,93.70999908447266,93.67510223388672,93.70500183105469,57512
2026-05-22 15:40:00+00:00,93.70999908447266,93.71499633789062,93.69999694824219,93.71499633789062,18037
2026-05-22 15:45:00+00:00,93.71499633789062,93.7249984741211,93.68409729003906,93.70010375976562,33035
2026-05-22 15:50:00+00:00,93.70960235595703,93.71589660644531,93.70010375976562,93.71499633789062,18764
2026-05-22 15:55:00+00:00,93.71980285644531,93.71980285644531,93.68930053710938,93.69989776611328,20770
2026-05-22 16:00:00+00:00,93.69999694824219,93.69999694824219,93.6449966430664,93.65499877929688,366292
2026-05-22 16:05:00+00:00,93.65409851074219,93.68009948730469,93.6500015258789,93.68000030517578,19437
2026-05-22 16:10:00+00:00,93.69000244140625,93.7249984741211,93.69000244140625,93.7123031616211,31217
2026-05-22 16:15:00+00:00,93.71499633789062,93.71499633789062,93.68009948730469,93.68499755859375,23834
2026-05-22 16:20:00+00:00,93.68499755859375,93.69999694824219,93.68280029296875,93.69499969482422,14786
2026-05-22 16:25:00+00:00,93.70999908447266,93.7300033569336,93.70999908447266,93.72989654541016,29025
2026-05-22 16:30:00+00:00,93.7249984741211,93.75990295410156,93.72000122070312,93.7249984741211,60466
2026-05-22 16:35:00+00:00,93.70500183105469,93.70500183105469,93.65499877929688,93.65499877929688,21430
2026-05-22 16:40:00+00:00,93.65499877929688,93.68499755859375,93.6500015258789,93.66999816894531,31697
2026-05-22 16:45:00+00:00,93.67500305175781,93.7300033569336,93.67500305175781,93.7249984741211,45846
2026-05-22 16:50:00+00:00,93.71499633789062,93.7300033569336,93.70500183105469,93.71499633789062,19847
2026-05-22 16:55:00+00:00,93.71499633789062,93.7300033569336,93.70500183105469,93.72750091552734,52183
2026-05-22 17:00:00+00:00,93.7300033569336,93.76000213623047,93.7300033569336,93.7300033569336,49106
2026-05-22 17:05:00+00:00,93.72090148925781,93.75,93.72090148925781,93.7468032836914,39538
2026-05-22 17:10:00+00:00,93.74500274658203,93.76000213623047,93.73500061035156,93.73500061035156,43077
2026-05-22 17:15:00+00:00,93.73999786376953,93.76499938964844,93.71499633789062,93.71499633789062,136175
2026-05-22 17:20:00+00:00,93.72000122070312,93.75,93.71499633789062,93.75,73785
2026-05-22 17:25:00+00:00,93.75,93.83499908447266,93.75,93.83000183105469,392941
2026-05-22 17:30:00+00:00,93.83999633789062,93.89849853515625,93.81500244140625,93.81500244140625,235657
2026-05-22 17:35:00+00:00,93.80500030517578,93.80500030517578,93.79309844970703,93.80500030517578,21035
2026-05-22 17:40:00+00:00,93.80999755859375,93.84500122070312,93.80500030517578,93.83000183105469,31685
2026-05-22 17:45:00+00:00,93.81999969482422,93.81999969482422,93.79309844970703,93.80500030517578,13000
2026-05-22 17:50:00+00:00,93.8009033203125,93.80989837646484,93.79499816894531,93.79499816894531,24186
2026-05-22 17:55:00+00:00,93.80000305175781,93.80999755859375,93.79000091552734,93.79989624023438,71757
2026-05-22 18:00:00+00:00,93.79499816894531,93.80549621582031,93.74500274658203,93.79000091552734,494856
2026-05-22 18:05:00+00:00,93.79000091552734,93.80999755859375,93.77999877929688,93.79000091552734,35681
2026-05-22 18:10:00+00:00,93.78500366210938,93.79989624023438,93.77179718017578,93.78009796142578,27609
2026-05-22 18:15:00+00:00,93.78079986572266,93.80979919433594,93.78079986572266,93.80049896240234,14979
2026-05-22 18:20:00+00:00,93.80999755859375,93.81999969482422,93.8009033203125,93.81500244140625,169808
2026-05-22 18:25:00+00:00,93.81500244140625,93.83000183105469,93.81009674072266,93.81500244140625,80759
2026-05-22 18:30:00+00:00,93.81500244140625,93.81999969482422,93.81009674072266,93.81500244140625,19833
2026-05-22 18:35:00+00:00,93.81500244140625,93.86499786376953,93.80999755859375,93.8550033569336,110909
2026-05-22 18:40:00+00:00,93.8499984741211,93.8499984741211,93.83499908447266,93.83499908447266,71245
2026-05-22 18:45:00+00:00,93.83499908447266,93.84989929199219,93.83499908447266,93.83499908447266,44026
2026-05-22 18:50:00+00:00,93.83580017089844,93.8499984741211,93.83499908447266,93.84500122070312,57367
2026-05-22 18:55:00+00:00,93.84500122070312,93.8550033569336,93.83999633789062,93.8499984741211,100333
2026-05-22 19:00:00+00:00,93.84940338134766,93.8499984741211,93.77999877929688,93.79499816894531,201449
2026-05-22 19:05:00+00:00,93.79029846191406,93.80000305175781,93.78040313720703,93.79499816894531,60034
2026-05-22 19:10:00+00:00,93.79499816894531,93.79969787597656,93.79000091552734,93.79499816894531,11584
2026-05-22 19:15:00+00:00,93.79000091552734,93.80999755859375,93.79000091552734,93.80500030517578,37698
2026-05-22 19:20:00+00:00,93.80000305175781,93.80989837646484,93.79039764404297,93.80989837646484,54089
2026-05-22 19:25:00+00:00,93.80049896240234,93.80999755859375,93.80000305175781,93.80000305175781,44765
2026-05-22 19:30:00+00:00,93.80500030517578,93.80999755859375,93.80000305175781,93.80500030517578,108242
2026-05-22 19:35:00+00:00,93.80500030517578,93.80999755859375,93.80000305175781,93.80999755859375,29815
2026-05-22 19:40:00+00:00,93.80500030517578,93.83000183105469,93.80000305175781,93.83000183105469,102251
2026-05-22 19:45:00+00:00,93.83000183105469,93.83999633789062,93.82489776611328,93.83499908447266,32794
2026-05-22 19:50:00+00:00,93.83499908447266,93.86000061035156,93.83000183105469,93.85980224609375,59243
2026-05-22 19:55:00+00:00,93.86000061035156,93.8949966430664,93.86000061035156,93.88500213623047,268316
2026-05-26 13:30:00+00:00,94.31999969482422,94.3499984741211,94.30500030517578,94.30999755859375,208962
2026-05-26 13:35:00+00:00,94.30000305175781,94.32499694824219,94.29499816894531,94.32499694824219,50682
2026-05-26 13:40:00+00:00,94.32499694824219,94.33000183105469,94.30500030517578,94.31500244140625,159521
2026-05-26 13:45:00+00:00,94.31500244140625,94.33999633789062,94.27999877929688,94.27999877929688,92339
2026-05-26 13:50:00+00:00,94.2750015258789,94.2750015258789,94.19000244140625,94.2114028930664,112310
2026-05-26 13:55:00+00:00,94.22000122070312,94.26000213623047,94.2157974243164,94.23999786376953,52499
2026-05-26 14:00:00+00:00,94.25,94.26499938964844,94.23999786376953,94.26000213623047,92275
2026-05-26 14:05:00+00:00,94.26000213623047,94.29000091552734,94.26000213623047,94.26689910888672,31469
2026-05-26 14:10:00+00:00,94.26499938964844,94.26499938964844,94.2249984741211,94.23500061035156,60529
2026-05-26 14:15:00+00:00,94.23500061035156,94.2499008178711,94.2249984741211,94.24500274658203,95600
2026-05-26 14:20:00+00:00,94.25,94.27989959716797,94.23999786376953,94.2699966430664,37377
2026-05-26 14:25:00+00:00,94.27220153808594,94.29499816894531,94.25,94.25,38039
2026-05-26 14:30:00+00:00,94.25170135498047,94.27960205078125,94.24500274658203,94.26000213623047,33818
2026-05-26 14:35:00+00:00,94.2699966430664,94.28919982910156,94.24500274658203,94.24500274658203,28414
2026-05-26 14:40:00+00:00,94.24500274658203,94.25910186767578,94.24500274658203,94.25499725341797,20060
2026-05-26 14:45:00+00:00,94.24500274658203,94.26499938964844,94.24500274658203,94.25019836425781,15831
2026-05-26 14:50:00+00:00,94.25499725341797,94.26000213623047,94.25,94.25800323486328,12960
2026-05-26 14:55:00+00:00,94.25,94.25499725341797,94.19499969482422,94.19499969482422,84315
2026-05-26 15:00:00+00:00,94.19000244140625,94.19499969482422,94.1613998413086,94.16999816894531,35539
2026-05-26 15:05:00+00:00,94.17500305175781,94.2063980102539,94.17500305175781,94.18340301513672,35441
2026-05-26 15:10:00+00:00,94.19499969482422,94.20500183105469,94.19000244140625,94.19499969482422,22355
2026-05-26 15:15:00+00:00,94.19499969482422,94.21499633789062,94.18000030517578,94.18000030517578,75392
2026-05-26 15:20:00+00:00,94.18499755859375,94.19000244140625,94.17500305175781,94.17500305175781,15387
2026-05-26 15:25:00+00:00,94.17500305175781,94.19499969482422,94.16500091552734,94.17769622802734,31962
2026-05-26 15:30:00+00:00,94.17070007324219,94.17970275878906,94.15499877929688,94.16999816894531,25589
2026-05-26 15:35:00+00:00,94.16000366210938,94.16500091552734,94.12999725341797,94.1500015258789,71914
2026-05-26 15:40:00+00:00,94.16000366210938,94.18499755859375,94.16000366210938,94.18499755859375,43173
2026-05-26 15:45:00+00:00,94.18499755859375,94.19000244140625,94.18000030517578,94.18990325927734,114257
2026-05-26 15:50:00+00:00,94.18499755859375,94.20500183105469,94.18000030517578,94.19499969482422,35933
2026-05-26 15:55:00+00:00,94.19999694824219,94.20670318603516,94.19000244140625,94.19999694824219,41567
2026-05-26 16:00:00+00:00,94.20339965820312,94.2300033569336,94.20339965820312,94.20970153808594,56578
2026-05-26 16:05:00+00:00,94.21499633789062,94.2300033569336,94.21499633789062,94.21499633789062,30870
2026-05-26 16:10:00+00:00,94.20999908447266,94.20999908447266,94.16500091552734,94.16500091552734,23287
2026-05-26 16:15:00+00:00,94.16999816894531,94.19999694824219,94.16999816894531,94.19770050048828,40199
2026-05-26 16:20:00+00:00,94.19499969482422,94.19499969482422,94.18000030517578,94.19010162353516,44065
2026-05-26 16:25:00+00:00,94.19999694824219,94.19999694824219,94.18219757080078,94.19000244140625,37981
2026-05-26 16:30:00+00:00,94.19000244140625,94.2300033569336,94.19000244140625,94.22000122070312,48328
2026-05-26 16:35:00+00:00,94.22000122070312,94.2249984741211,94.20999908447266,94.21499633789062,33006
2026-05-26 16:40:00+00:00,94.20999908447266,94.20999908447266,94.19499969482422,94.19499969482422,30301
2026-05-26 16:45:00+00:00,94.19000244140625,94.19989776611328,94.17420196533203,94.18000030517578,23288
2026-05-26 16:50:00+00:00,94.17500305175781,94.19000244140625,94.17019653320312,94.1852035522461,94918
2026-05-26 16:55:00+00:00,94.19000244140625,94.19999694824219,94.18000030517578,94.19000244140625,66631
2026-05-26 17:00:00+00:00,94.18499755859375,94.20989990234375,94.18499755859375,94.19499969482422,47042
2026-05-26 17:05:00+00:00,94.19499969482422,94.20709991455078,94.18499755859375,94.20709991455078,32814
2026-05-26 17:10:00+00:00,94.2072982788086,94.20999908447266,94.18009948730469,94.18499755859375,22174
2026-05-26 17:15:00+00:00,94.18499755859375,94.1884994506836,94.18000030517578,94.18499755859375,13840
2026-05-26 17:20:00+00:00,94.18499755859375,94.18499755859375,94.1500015258789,94.1500015258789,37863
2026-05-26 17:25:00+00:00,94.15499877929688,94.15499877929688,94.13500213623047,94.15499877929688,46017
2026-05-26 17:30:00+00:00,94.16000366210938,94.19000244140625,94.15499877929688,94.19000244140625,45321
2026-05-26 17:35:00+00:00,94.189697265625,94.19000244140625,94.16999816894531,94.16999816894531,20954
2026-05-26 17:40:00+00:00,94.17500305175781,94.18499755859375,94.16999816894531,94.17990112304688,85569
2026-05-26 17:45:00+00:00,94.1792984008789,94.18879699707031,94.16999816894531,94.17500305175781,323389
2026-05-26 17:50:00+00:00,94.18000030517578,94.19000244140625,94.17500305175781,94.18499755859375,30508
2026-05-26 17:55:00+00:00,94.19000244140625,94.19000244140625,94.18000030517578,94.18990325927734,18270
2026-05-26 18:00:00+00:00,94.18499755859375,94.18990325927734,94.18000030517578,94.18000030517578,24994
2026-05-26 18:05:00+00:00,94.18499755859375,94.19000244140625,94.18000030517578,94.18499755859375,33711
2026-05-26 18:10:00+00:00,94.18990325927734,94.20989990234375,94.18499755859375,94.19819641113281,41509
2026-05-26 18:15:00+00:00,94.19999694824219,94.20999908447266,94.1948013305664,94.20330047607422,55715
2026-05-26 18:20:00+00:00,94.20500183105469,94.20989990234375,94.19180297851562,94.20010375976562,67422
2026-05-26 18:25:00+00:00,94.20500183105469,94.21499633789062,94.20210266113281,94.21499633789062,21684
2026-05-26 18:30:00+00:00,94.22000122070312,94.22989654541016,94.22000122070312,94.2249984741211,23892
2026-05-26 18:35:00+00:00,94.22699737548828,94.2300033569336,94.21189880371094,94.22969818115234,30597
2026-05-26 18:40:00+00:00,94.22000122070312,94.24500274658203,94.22000122070312,94.22000122070312,92942
2026-05-26 18:45:00+00:00,94.22820281982422,94.23989868164062,94.22090148925781,94.23500061035156,162579
2026-05-26 18:50:00+00:00,94.23999786376953,94.26000213623047,94.2322998046875,94.25199890136719,26066
2026-05-26 18:55:00+00:00,94.25499725341797,94.28500366210938,94.25,94.2699966430664,157775
2026-05-26 19:00:00+00:00,94.27999877929688,94.28500366210938,94.25499725341797,94.27249908447266,145682
2026-05-26 19:05:00+00:00,94.27429962158203,94.27950286865234,94.26229858398438,94.2750015258789,28398
2026-05-26 19:10:00+00:00,94.27570343017578,94.29000091552734,94.26010131835938,94.27909851074219,53699
2026-05-26 19:15:00+00:00,94.2750015258789,94.27989959716797,94.25,94.25499725341797,31980
2026-05-26 19:20:00+00:00,94.25499725341797,94.25499725341797,94.22000122070312,94.2300033569336,33959
2026-05-26 19:25:00+00:00,94.23500061035156,94.23999786376953,94.2300033569336,94.23500061035156,18688
2026-05-26 19:30:00+00:00,94.23500061035156,94.25,94.2300033569336,94.24500274658203,45548
2026-05-26 19:35:00+00:00,94.24500274658203,94.2698974609375,94.23999786376953,94.25499725341797,120301
2026-05-26 19:40:00+00:00,94.25499725341797,94.2699966430664,94.25,94.25499725341797,44982
2026-05-26 19:45:00+00:00,94.25289916992188,94.2676010131836,94.25,94.26010131835938,30025
2026-05-26 19:50:00+00:00,94.26000213623047,94.2699966430664,94.24500274658203,94.25,188051
2026-05-26 19:55:00+00:00,94.25,94.2699966430664,94.24330139160156,94.2699966430664,297304
2026-05-27 13:30:00+00:00,94.34500122070312,94.38999938964844,94.34500122070312,94.38500213623047,68946
2026-05-27 13:35:00+00:00,94.37999725341797,94.3949966430664,94.36000061035156,94.3949966430664,25080
2026-05-27 13:40:00+00:00,94.3949966430664,94.42500305175781,94.3949966430664,94.41000366210938,73078
2026-05-27 13:45:00+00:00,94.41000366210938,94.4749984741211,94.41000366210938,94.45999908447266,107070
2026-05-27 13:50:00+00:00,94.45999908447266,94.47000122070312,94.43000030517578,94.44499969482422,75008
2026-05-27 13:55:00+00:00,94.44499969482422,94.44999694824219,94.43000030517578,94.44989776611328,42647
2026-05-27 14:00:00+00:00,94.44999694824219,94.47000122070312,94.44000244140625,94.47000122070312,50867
2026-05-27 14:05:00+00:00,94.47000122070312,94.4800033569336,94.43499755859375,94.45500183105469,95465
2026-05-27 14:10:00+00:00,94.44999694824219,94.44999694824219,94.43000030517578,94.43499755859375,39832
2026-05-27 14:15:00+00:00,94.4365005493164,94.4800033569336,94.43250274658203,94.46499633789062,181532
2026-05-27 14:20:00+00:00,94.47000122070312,94.47000122070312,94.38999938964844,94.38999938964844,84496
2026-05-27 14:25:00+00:00,94.3949966430664,94.42500305175781,94.375,94.42500305175781,21834
2026-05-27 14:30:00+00:00,94.41999816894531,94.42900085449219,94.29499816894531,94.30999755859375,320790
2026-05-27 14:35:00+00:00,94.31999969482422,94.36579895019531,94.31500244140625,94.36499786376953,96567
2026-05-27 14:40:00+00:00,94.36219787597656,94.375,94.33499908447266,94.3499984741211,76625
2026-05-27 14:45:00+00:00,94.36499786376953,94.40499877929688,94.36499786376953,94.37999725341797,46756
2026-05-27 14:50:00+00:00,94.37059783935547,94.38960266113281,94.37000274658203,94.375,26941
2026-05-27 14:55:00+00:00,94.375,94.38999938964844,94.37000274658203,94.38999938964844,31828
2026-05-27 15:00:00+00:00,94.37999725341797,94.41000366210938,94.37470245361328,94.3949966430664,38390
2026-05-27 15:05:00+00:00,94.4000015258789,94.4000015258789,94.375,94.38999938964844,55002
2026-05-27 15:10:00+00:00,94.38500213623047,94.40499877929688,94.37999725341797,94.4000015258789,25344
2026-05-27 15:15:00+00:00,94.4000015258789,94.4000015258789,94.36499786376953,94.38500213623047,14644
2026-05-27 15:20:00+00:00,94.38500213623047,94.41500091552734,94.38099670410156,94.41500091552734,18164
2026-05-27 15:25:00+00:00,94.4103012084961,94.41960144042969,94.3916015625,94.41500091552734,31832
2026-05-27 15:30:00+00:00,94.41500091552734,94.45999908447266,94.41000366210938,94.44999694824219,42922
2026-05-27 15:35:00+00:00,94.44499969482422,94.4623031616211,94.42500305175781,94.42500305175781,39593
2026-05-27 15:40:00+00:00,94.42500305175781,94.43000030517578,94.33999633789062,94.33999633789062,28760
2026-05-27 15:45:00+00:00,94.34500122070312,94.38500213623047,94.3322982788086,94.33499908447266,83103
2026-05-27 15:50:00+00:00,94.33999633789062,94.37000274658203,94.33000183105469,94.36499786376953,115683
2026-05-27 15:55:00+00:00,94.36499786376953,94.37999725341797,94.34159851074219,94.3550033569336,22677
2026-05-27 16:00:00+00:00,94.35350036621094,94.375,94.30500030517578,94.31500244140625,75881
2026-05-27 16:05:00+00:00,94.31999969482422,94.34500122070312,94.31210327148438,94.33000183105469,85015
2026-05-27 16:10:00+00:00,94.33000183105469,94.34500122070312,94.32499694824219,94.34500122070312,26865
2026-05-27 16:15:00+00:00,94.34500122070312,94.36499786376953,94.33499908447266,94.36499786376953,26627
2026-05-27 16:20:00+00:00,94.36669921875,94.38999938964844,94.36499786376953,94.38500213623047,147355
2026-05-27 16:25:00+00:00,94.38500213623047,94.38999938964844,94.375,94.37640380859375,17211
2026-05-27 16:30:00+00:00,94.375,94.37989807128906,94.36000061035156,94.37000274658203,55013
2026-05-27 16:35:00+00:00,94.36499786376953,94.38999938964844,94.36499786376953,94.38999938964844,40810
2026-05-27 16:40:00+00:00,94.38500213623047,94.41000366210938,94.3843002319336,94.38500213623047,30473
2026-05-27 16:45:00+00:00,94.38999938964844,94.4000015258789,94.38420104980469,94.38420104980469,22117
2026-05-27 16:50:00+00:00,94.38500213623047,94.38999938964844,94.37999725341797,94.38500213623047,20413
2026-05-27 16:55:00+00:00,94.37999725341797,94.37999725341797,94.3550033569336,94.3550033569336,14838
2026-05-27 17:00:00+00:00,94.35009765625,94.36000061035156,94.33499908447266,94.34500122070312,116038
2026-05-27 17:05:00+00:00,94.34500122070312,94.34500122070312,94.29499816894531,94.30989837646484,42369
2026-05-27 17:10:00+00:00,94.29239654541016,94.31999969482422,94.29239654541016,94.30999755859375,34555
2026-05-27 17:15:00+00:00,94.30999755859375,94.33000183105469,94.30229949951172,94.33000183105469,26943
2026-05-27 17:20:00+00:00,94.32969665527344,94.33999633789062,94.32009887695312,94.33000183105469,25057
2026-05-27 17:25:00+00:00,94.32499694824219,94.339599609375,94.31999969482422,94.33000183105469,21547
2026-05-27 17:30:00+00:00,94.31999969482422,94.33940124511719,94.314697265625,94.33499908447266,24590
2026-05-27 17:35:00+00:00,94.33999633789062,94.33999633789062,94.32499694824219,94.32499694824219,26491
2026-05-27 17:40:00+00:00,94.32250213623047,94.3499984741211,94.31999969482422,94.33999633789062,22643
2026-05-27 17:45:00+00:00,94.34970092773438,94.34970092773438,94.32019805908203,94.32340240478516,12350
2026-05-27 17:50:00+00:00,94.32499694824219,94.34500122070312,94.32499694824219,94.33999633789062,34867
2026-05-27 17:55:00+00:00,94.33499908447266,94.3499984741211,94.33499908447266,94.34500122070312,68460
2026-05-27 18:00:00+00:00,94.34130096435547,94.34500122070312,94.33000183105469,94.3301010131836,38308
2026-05-27 18:05:00+00:00,94.33499908447266,94.33999633789062,94.33000183105469,94.33499908447266,32203
2026-05-27 18:10:00+00:00,94.3324966430664,94.33999633789062,94.33000183105469,94.33499908447266,16457
2026-05-27 18:15:00+00:00,94.33499908447266,94.3499984741211,94.33499908447266,94.33499908447266,52374
2026-05-27 18:20:00+00:00,94.33499908447266,94.3550033569336,94.33000183105469,94.3550033569336,28732
2026-05-27 18:25:00+00:00,94.35639953613281,94.37000274658203,94.35050201416016,94.36650085449219,22896
2026-05-27 18:30:00+00:00,94.36499786376953,94.37999725341797,94.36000061035156,94.36949920654297,259430
2026-05-27 18:35:00+00:00,94.36000061035156,94.36499786376953,94.3499984741211,94.3499984741211,54579
2026-05-27 18:40:00+00:00,94.34500122070312,94.34870147705078,94.33999633789062,94.34449768066406,88810
2026-05-27 18:45:00+00:00,94.34989929199219,94.34989929199219,94.33999633789062,94.33999633789062,134542
2026-05-27 18:50:00+00:00,94.34500122070312,94.3550033569336,94.33000183105469,94.33499908447266,170197
2026-05-27 18:55:00+00:00,94.33499908447266,94.3593978881836,94.3301010131836,94.3550033569336,233529
2026-05-27 19:00:00+00:00,94.3499984741211,94.36000061035156,94.3499984741211,94.3550033569336,18031
2026-05-27 19:05:00+00:00,94.3550033569336,94.36990356445312,94.3499984741211,94.3550033569336,78132
2026-05-27 19:10:00+00:00,94.3550033569336,94.37000274658203,94.3499984741211,94.37000274658203,152757
2026-05-27 19:15:00+00:00,94.36499786376953,94.375,94.3550033569336,94.3550033569336,55089
2026-05-27 19:20:00+00:00,94.36000061035156,94.36000061035156,94.3499984741211,94.3550033569336,37948
2026-05-27 19:25:00+00:00,94.35009765625,94.36000061035156,94.33000183105469,94.33499908447266,54964
2026-05-27 19:30:00+00:00,94.33999633789062,94.3499984741211,94.33000183105469,94.3499984741211,47392
2026-05-27 19:35:00+00:00,94.34500122070312,94.3499984741211,94.33499908447266,94.34500122070312,55905
2026-05-27 19:40:00+00:00,94.34500122070312,94.3499984741211,94.33000183105469,94.34500122070312,85526
2026-05-27 19:45:00+00:00,94.34500122070312,94.3499984741211,94.33999633789062,94.34500122070312,115844
2026-05-27 19:50:00+00:00,94.34500122070312,94.34500122070312,94.33000183105469,94.33000183105469,136546
2026-05-27 19:55:00+00:00,94.33000183105469,94.33000183105469,94.30999755859375,94.32499694824219,410800
2026-05-28 13:30:00+00:00,94.33999633789062,94.36000061035156,94.3114013671875,94.3114013671875,92940
2026-05-28 13:35:00+00:00,94.31999969482422,94.31999969482422,94.29000091552734,94.29499816894531,18438
2026-05-28 13:40:00+00:00,94.29010009765625,94.33000183105469,94.28500366210938,94.33000183105469,33437
2026-05-28 13:45:00+00:00,94.32499694824219,94.3499984741211,94.32499694824219,94.33999633789062,44575
2026-05-28 13:50:00+00:00,94.33999633789062,94.35970306396484,94.33999633789062,94.34500122070312,27703
2026-05-28 13:55:00+00:00,94.33499908447266,94.33920288085938,94.3197021484375,94.32499694824219,11592
2026-05-28 14:00:00+00:00,94.32050323486328,94.33000183105469,94.29000091552734,94.30000305175781,28456
2026-05-28 14:05:00+00:00,94.30500030517578,94.33000183105469,94.30000305175781,94.33000183105469,15334
2026-05-28 14:10:00+00:00,94.31999969482422,94.66500091552734,94.30999755859375,94.58999633789062,974821
2026-05-28 14:15:00+00:00,94.58999633789062,94.58999633789062,94.51000213623047,94.5199966430664,179197
2026-05-28 14:20:00+00:00,94.51000213623047,94.52999877929688,94.47000122070312,94.49500274658203,129402
2026-05-28 14:25:00+00:00,94.48999786376953,94.5250015258789,94.48999786376953,94.5199966430664,91683
2026-05-28 14:30:00+00:00,94.52999877929688,94.53970336914062,94.45500183105469,94.46859741210938,231554
2026-05-28 14:35:00+00:00,94.4697036743164,94.48999786376953,94.44999694824219,94.4551010131836,133651
2026-05-28 14:40:00+00:00,94.45500183105469,94.50499725341797,94.45500183105469,94.45999908447266,123619
2026-05-28 14:45:00+00:00,94.47000122070312,94.5,94.41999816894531,94.44029998779297,101348
2026-05-28 14:50:00+00:00,94.45500183105469,94.4800033569336,94.44999694824219,94.4800033569336,86338
2026-05-28 14:55:00+00:00,94.48429870605469,94.50499725341797,94.47000122070312,94.50499725341797,57465
2026-05-28 15:00:00+00:00,94.50499725341797,94.52580261230469,94.5000991821289,94.5250015258789,40622
2026-05-28 15:05:00+00:00,94.5250015258789,94.53500366210938,94.48999786376953,94.50810241699219,71080
2026-05-28 15:10:00+00:00,94.50499725341797,94.50499725341797,94.48500061035156,94.49500274658203,229835
2026-05-28 15:15:00+00:00,94.49500274658203,94.51000213623047,94.48500061035156,94.5,25580
2026-05-28 15:20:00+00:00,94.49009704589844,94.5,94.47000122070312,94.48500061035156,57307
2026-05-28 15:25:00+00:00,94.48500061035156,94.48999786376953,94.4749984741211,94.48500061035156,53047
2026-05-28 15:30:00+00:00,94.48500061035156,94.49610137939453,94.46499633789062,94.49530029296875,84738
2026-05-28 15:35:00+00:00,94.48999786376953,94.5,94.48500061035156,94.48999786376953,45298
2026-05-28 15:40:00+00:00,94.4800033569336,94.48999786376953,94.45649719238281,94.46499633789062,28826
2026-05-28 15:45:00+00:00,94.47000122070312,94.4749984741211,94.45500183105469,94.45909881591797,62880
2026-05-28 15:50:00+00:00,94.45500183105469,94.4749984741211,94.45500183105469,94.45980072021484,28146
2026-05-28 15:55:00+00:00,94.45149993896484,94.47000122070312,94.44999694824219,94.44999694824219,27008
2026-05-28 16:00:00+00:00,94.45500183105469,94.45570373535156,94.43499755859375,94.44000244140625,29465
2026-05-28 16:05:00+00:00,94.44000244140625,94.46499633789062,94.44000244140625,94.46499633789062,76858
2026-05-28 16:10:00+00:00,94.46499633789062,94.47760009765625,94.45999908447266,94.47000122070312,24003
2026-05-28 16:15:00+00:00,94.4800033569336,94.53500366210938,94.47000122070312,94.51000213623047,121883
2026-05-28 16:20:00+00:00,94.50499725341797,94.55509948730469,94.50350189208984,94.54540252685547,42483
2026-05-28 16:25:00+00:00,94.55000305175781,94.56999969482422,94.53019714355469,94.54000091552734,57348
2026-05-28 16:30:00+00:00,94.54000091552734,94.54000091552734,94.51000213623047,94.5250015258789,32918
2026-05-28 16:35:00+00:00,94.5250015258789,94.52880096435547,94.51000213623047,94.5250015258789,21381
2026-05-28 16:40:00+00:00,94.5250015258789,94.55000305175781,94.5250015258789,94.54499816894531,14571
2026-05-28 16:45:00+00:00,94.55999755859375,94.55999755859375,94.55000305175781,94.55000305175781,18573
2026-05-28 16:50:00+00:00,94.55010223388672,94.56770324707031,94.54010009765625,94.55500030517578,67987
2026-05-28 16:55:00+00:00,94.55999755859375,94.56999969482422,94.55000305175781,94.55960083007812,30624
2026-05-28 17:00:00+00:00,94.55500030517578,94.56999969482422,94.54010009765625,94.54010009765625,19915
2026-05-28 17:05:00+00:00,94.55000305175781,94.55000305175781,94.52999877929688,94.5458984375,36923
2026-05-28 17:10:00+00:00,94.54499816894531,94.54499816894531,94.52999877929688,94.54000091552734,21721
2026-05-28 17:15:00+00:00,94.54000091552734,94.54000091552734,94.51000213623047,94.5199966430664,55199
2026-05-28 17:20:00+00:00,94.51000213623047,94.52999877929688,94.51000213623047,94.52999877929688,23868
2026-05-28 17:25:00+00:00,94.5199966430664,94.5199966430664,94.5,94.50499725341797,53712
2026-05-28 17:30:00+00:00,94.51000213623047,94.5250015258789,94.51000213623047,94.5250015258789,14765
2026-05-28 17:35:00+00:00,94.52999877929688,94.53500366210938,94.52169799804688,94.52999877929688,24899
2026-05-28 17:40:00+00:00,94.52999877929688,94.56990051269531,94.52999877929688,94.55999755859375,30630
2026-05-28 17:45:00+00:00,94.55999755859375,94.56990051269531,94.55000305175781,94.55500030517578,19010
2026-05-28 17:50:00+00:00,94.55000305175781,94.55000305175781,94.5199966430664,94.54000091552734,251086
2026-05-28 17:55:00+00:00,94.53500366210938,94.55000305175781,94.53500366210938,94.54029846191406,13018
2026-05-28 18:00:00+00:00,94.54499816894531,94.55000305175781,94.53500366210938,94.53500366210938,37346
2026-05-28 18:05:00+00:00,94.53500366210938,94.54499816894531,94.52999877929688,94.53009796142578,19560
2026-05-28 18:10:00+00:00,94.53500366210938,94.53500366210938,94.50659942626953,94.52999877929688,31451
2026-05-28 18:15:00+00:00,94.52999877929688,94.55500030517578,94.5250015258789,94.53500366210938,179105
2026-05-28 18:20:00+00:00,94.53990173339844,94.54000091552734,94.5250015258789,94.53230285644531,31110
2026-05-28 18:25:00+00:00,94.53500366210938,94.54000091552734,94.51499938964844,94.54000091552734,44178
2026-05-28 18:30:00+00:00,94.52999877929688,94.52999877929688,94.50499725341797,94.51850128173828,33745
2026-05-28 18:35:00+00:00,94.51499938964844,94.51730346679688,94.5000991821289,94.50499725341797,26719
2026-05-28 18:40:00+00:00,94.50499725341797,94.5199966430664,94.5,94.5199966430664,13666
2026-05-28 18:45:00+00:00,94.5199966430664,94.5199966430664,94.51499938964844,94.51499938964844,28877
2026-05-28 18:50:00+00:00,94.51000213623047,94.51969909667969,94.5,94.51969909667969,26684
2026-05-28 18:55:00+00:00,94.51000213623047,94.53500366210938,94.50160217285156,94.52999877929688,79175
2026-05-28 19:00:00+00:00,94.5250015258789,94.5250015258789,94.50070190429688,94.51860046386719,30622
2026-05-28 19:05:00+00:00,94.51499938964844,94.5198974609375,94.50050354003906,94.51499938964844,45160
2026-05-28 19:10:00+00:00,94.5166015625,94.5199966430664,94.51000213623047,94.51499938964844,16397
2026-05-28 19:15:00+00:00,94.51499938964844,94.53500366210938,94.5114974975586,94.53500366210938,40828
2026-05-28 19:20:00+00:00,94.52999877929688,94.53500366210938,94.52220153808594,94.53500366210938,51782
2026-05-28 19:25:00+00:00,94.52999877929688,94.52999877929688,94.51210021972656,94.5199966430664,38537
2026-05-28 19:30:00+00:00,94.5199966430664,94.55000305175781,94.5199966430664,94.54499816894531,41314
2026-05-28 19:35:00+00:00,94.54940032958984,94.56849670410156,94.54109954833984,94.55500030517578,44536
2026-05-28 19:40:00+00:00,94.55500030517578,94.55999755859375,94.54239654541016,94.55650329589844,71185
2026-05-28 19:45:00+00:00,94.54750061035156,94.55000305175781,94.54000091552734,94.54499816894531,47881
2026-05-28 19:50:00+00:00,94.54000091552734,94.55000305175781,94.51000213623047,94.51000213623047,71011
2026-05-28 19:55:00+00:00,94.51499938964844,94.53500366210938,94.51000213623047,94.52999877929688,328840
2026-05-29 13:30:00+00:00,94.62999725341797,94.62999725341797,94.61000061035156,94.61499786376953,134156
2026-05-29 13:35:00+00:00,94.61060333251953,94.61499786376953,94.58000183105469,94.6050033569336,168973
2026-05-29 13:40:00+00:00,94.5999984741211,94.61000061035156,94.55999755859375,94.57499694824219,255929
2026-05-29 13:45:00+00:00,94.57499694824219,94.57969665527344,94.52999877929688,94.54010009765625,227497
2026-05-29 13:50:00+00:00,94.54499816894531,94.56999969482422,94.54499816894531,94.56500244140625,188497
2026-05-29 13:55:00+00:00,94.56500244140625,94.56999969482422,94.55010223388672,94.55010223388672,253350
2026-05-29 14:00:00+00:00,94.55000305175781,94.60970306396484,94.55000305175781,94.59500122070312,212611
2026-05-29 14:05:00+00:00,94.59500122070312,94.6050033569336,94.58499908447266,94.58499908447266,64986
2026-05-29 14:10:00+00:00,94.58999633789062,94.59970092773438,94.56009674072266,94.56999969482422,751273
2026-05-29 14:15:00+00:00,94.56009674072266,94.58499908447266,94.55500030517578,94.58499908447266,32753
2026-05-29 14:20:00+00:00,94.58000183105469,94.5896987915039,94.56500244140625,94.5896987915039,43279
2026-05-29 14:25:00+00:00,94.58000183105469,94.58999633789062,94.57489776611328,94.57579803466797,36996
2026-05-29 14:30:00+00:00,94.57499694824219,94.59970092773438,94.56999969482422,94.59500122070312,19156
2026-05-29 14:35:00+00:00,94.57499694824219,94.58999633789062,94.55500030517578,94.56500244140625,35592
2026-05-29 14:40:00+00:00,94.56999969482422,94.6050033569336,94.56990051269531,94.6050033569336,35732
2026-05-29 14:45:00+00:00,94.6050033569336,94.61499786376953,94.59500122070312,94.61499786376953,33210
2026-05-29 14:50:00+00:00,94.62000274658203,94.72000122070312,94.62000274658203,94.66000366210938,425954
2026-05-29 14:55:00+00:00,94.66500091552734,94.68499755859375,94.66000366210938,94.66500091552734,371572
2026-05-29 15:00:00+00:00,94.66500091552734,94.689697265625,94.6343002319336,94.63999938964844,407222
2026-05-29 15:05:00+00:00,94.63999938964844,94.68499755859375,94.63500213623047,94.68000030517578,44794
2026-05-29 15:10:00+00:00,94.67500305175781,94.71499633789062,94.67500305175781,94.70999908447266,58387
2026-05-29 15:15:00+00:00,94.71499633789062,94.73500061035156,94.70999908447266,94.71499633789062,181838
2026-05-29 15:20:00+00:00,94.72000122070312,94.73989868164062,94.69499969482422,94.73500061035156,37465
2026-05-29 15:25:00+00:00,94.7300033569336,94.73999786376953,94.72000122070312,94.72000122070312,51055
2026-05-29 15:30:00+00:00,94.71499633789062,94.7300033569336,94.71499633789062,94.71499633789062,62008
2026-05-29 15:35:00+00:00,94.71499633789062,94.7249984741211,94.67500305175781,94.69419860839844,61400
2026-05-29 15:40:00+00:00,94.69499969482422,94.70500183105469,94.62999725341797,94.6500015258789,360069
2026-05-29 15:45:00+00:00,94.6500015258789,94.67990112304688,94.63999938964844,94.67990112304688,81663
2026-05-29 15:50:00+00:00,94.67500305175781,94.67500305175781,94.6500015258789,94.66500091552734,34863
2026-05-29 15:55:00+00:00,94.66999816894531,94.68000030517578,94.66500091552734,94.67500305175781,26664
2026-05-29 16:00:00+00:00,94.67559814453125,94.68499755859375,94.66500091552734,94.67990112304688,22143
2026-05-29 16:05:00+00:00,94.67500305175781,94.67500305175781,94.6500015258789,94.65010070800781,21917
2026-05-29 16:10:00+00:00,94.65499877929688,94.67500305175781,94.6500015258789,94.66500091552734,66731
2026-05-29 16:15:00+00:00,94.66999816894531,94.68499755859375,94.66000366210938,94.66799926757812,776993
2026-05-29 16:20:00+00:00,94.66000366210938,94.67990112304688,94.6500015258789,94.67500305175781,12947
2026-05-29 16:25:00+00:00,94.67500305175781,94.69000244140625,94.67500305175781,94.69000244140625,36821
2026-05-29 16:30:00+00:00,94.68499755859375,94.7249984741211,94.68499755859375,94.70500183105469,163897
2026-05-29 16:35:00+00:00,94.70950317382812,94.72000122070312,94.70500183105469,94.72000122070312,33058
2026-05-29 16:40:00+00:00,94.72000122070312,94.7300033569336,94.71499633789062,94.72000122070312,330323
2026-05-29 16:45:00+00:00,94.7249984741211,94.7300033569336,94.69999694824219,94.70500183105469,123955
2026-05-29 16:50:00+00:00,94.69999694824219,94.69999694824219,94.69000244140625,94.69499969482422,30197
2026-05-29 16:55:00+00:00,94.69999694824219,94.69999694824219,94.69000244140625,94.69999694824219,18553
2026-05-29 17:00:00+00:00,94.69999694824219,94.70500183105469,94.69010162353516,94.70500183105469,23956
2026-05-29 17:05:00+00:00,94.70500183105469,94.70500183105469,94.68499755859375,94.68499755859375,29101
2026-05-29 17:10:00+00:00,94.685302734375,94.68990325927734,94.66999816894531,94.67500305175781,21126
2026-05-29 17:15:00+00:00,94.67500305175781,94.69000244140625,94.67310333251953,94.68109893798828,45475
2026-05-29 17:20:00+00:00,94.68499755859375,94.68499755859375,94.66000366210938,94.67980194091797,91777
2026-05-29 17:25:00+00:00,94.66999816894531,94.68000030517578,94.66000366210938,94.66000366210938,86380
2026-05-29 17:30:00+00:00,94.66000366210938,94.66500091552734,94.66000366210938,94.66500091552734,7730
2026-05-29 17:35:00+00:00,94.66000366210938,94.66500091552734,94.6500015258789,94.6500015258789,21560
2026-05-29 17:40:00+00:00,94.6449966430664,94.65599822998047,94.62999725341797,94.63680267333984,16567
2026-05-29 17:45:00+00:00,94.63999938964844,94.63999938964844,94.625,94.63500213623047,24227
2026-05-29 17:50:00+00:00,94.63500213623047,94.6449966430664,94.62000274658203,94.62000274658203,84021
2026-05-29 17:55:00+00:00,94.625,94.63500213623047,94.62000274658203,94.625,35606
2026-05-29 18:00:00+00:00,94.625,94.62999725341797,94.61499786376953,94.61499786376953,37377
2026-05-29 18:05:00+00:00,94.62000274658203,94.62999725341797,94.61499786376953,94.62059783935547,32306
2026-05-29 18:10:00+00:00,94.625,94.63999938964844,94.62000274658203,94.63999938964844,18124
2026-05-29 18:15:00+00:00,94.6449966430664,94.6698989868164,94.6449966430664,94.66500091552734,34205
2026-05-29 18:20:00+00:00,94.66500091552734,94.67500305175781,94.66000366210938,94.66000366210938,26338
2026-05-29 18:25:00+00:00,94.66500091552734,94.66999816894531,94.65499877929688,94.6688003540039,32254
2026-05-29 18:30:00+00:00,94.66999816894531,94.69000244140625,94.66999816894531,94.67500305175781,13611
2026-05-29 18:35:00+00:00,94.67990112304688,94.67990112304688,94.66220092773438,94.66500091552734,25558
2026-05-29 18:40:00+00:00,94.6697998046875,94.6697998046875,94.66000366210938,94.66500091552734,17492
2026-05-29 18:45:00+00:00,94.66000366210938,94.66200256347656,94.62999725341797,94.63349914550781,105608
2026-05-29 18:50:00+00:00,94.63500213623047,94.63500213623047,94.625,94.625,11381
2026-05-29 18:55:00+00:00,94.625,94.63500213623047,94.56999969482422,94.56999969482422,46815
2026-05-29 19:00:00+00:00,94.58499908447266,94.59989929199219,94.56999969482422,94.58999633789062,45377
2026-05-29 19:05:00+00:00,94.57969665527344,94.59829711914062,94.56999969482422,94.59829711914062,138838
2026-05-29 19:10:00+00:00,94.5999984741211,94.6050033569336,94.58439636230469,94.58499908447266,77150
2026-05-29 19:15:00+00:00,94.58499908447266,94.58999633789062,94.5801010131836,94.58999633789062,13706
2026-05-29 19:20:00+00:00,94.58000183105469,94.58999633789062,94.58000183105469,94.58999633789062,37523
2026-05-29 19:25:00+00:00,94.59500122070312,94.62000274658203,94.59500122070312,94.62000274658203,31438
2026-05-29 19:30:00+00:00,94.61499786376953,94.61720275878906,94.5999984741211,94.6050033569336,37279
2026-05-29 19:35:00+00:00,94.6050033569336,94.62000274658203,94.5999984741211,94.6050033569336,111045
2026-05-29 19:40:00+00:00,94.59500122070312,94.5999984741211,94.56500244140625,94.56510162353516,75041
2026-05-29 19:45:00+00:00,94.56500244140625,94.58999633789062,94.56210327148438,94.58989715576172,119847
2026-05-29 19:50:00+00:00,94.58499908447266,94.61000061035156,94.58000183105469,94.5999984741211,230830
2026-05-29 19:55:00+00:00,94.58999633789062,94.6500015258789,94.55999755859375,94.6500015258789,773841
2026-06-01 13:30:00+00:00,93.91000366210938,93.93499755859375,93.875,93.90499877929688,192599
2026-06-01 13:35:00+00:00,93.908203125,93.94999694824219,93.88999938964844,93.93000030517578,421745
2026-06-01 13:40:00+00:00,93.92500305175781,93.92500305175781,93.90499877929688,93.90499877929688,65832
2026-06-01 13:45:00+00:00,93.9093017578125,93.94000244140625,93.904296875,93.93000030517578,64213
2026-06-01 13:50:00+00:00,93.93499755859375,93.94000244140625,93.90499877929688,93.91000366210938,475561
2026-06-01 13:55:00+00:00,93.91999816894531,93.91999816894531,93.83999633789062,93.83999633789062,373683
2026-06-01 14:00:00+00:00,93.83000183105469,93.87000274658203,93.80999755859375,93.8550033569336,195258
2026-06-01 14:05:00+00:00,93.8550033569336,93.86000061035156,93.82099914550781,93.8499984741211,58971
2026-06-01 14:10:00+00:00,93.8499984741211,93.87799835205078,93.80999755859375,93.875,117893
2026-06-01 14:15:00+00:00,93.875,93.91999816894531,93.84960174560547,93.8499984741211,137849
2026-06-01 14:20:00+00:00,93.8499984741211,93.87689971923828,93.84500122070312,93.87000274658203,80569
2026-06-01 14:25:00+00:00,93.8499984741211,93.86000061035156,93.84500122070312,93.86000061035156,59149
2026-06-01 14:30:00+00:00,93.86000061035156,93.87000274658203,93.83999633789062,93.85260009765625,82942
2026-06-01 14:35:00+00:00,93.8550033569336,93.8550033569336,93.83350372314453,93.84500122070312,28826
2026-06-01 14:40:00+00:00,93.84989929199219,93.85880279541016,93.84500122070312,93.84500122070312,18111
2026-06-01 14:45:00+00:00,93.8550033569336,93.8550033569336,93.83999633789062,93.83999633789062,14455
2026-06-01 14:50:00+00:00,93.83300018310547,93.83999633789062,93.81999969482422,93.8385009765625,15976
2026-06-01 14:55:00+00:00,93.83499908447266,93.84989929199219,93.82009887695312,93.82009887695312,32938
2026-06-01 15:00:00+00:00,93.83000183105469,93.84500122070312,93.80500030517578,93.84500122070312,25136
2026-06-01 15:05:00+00:00,93.83999633789062,93.86000061035156,93.80500030517578,93.86000061035156,89054
2026-06-01 15:10:00+00:00,93.85009765625,93.87999725341797,93.85009765625,93.875,23801
2026-06-01 15:15:00+00:00,93.86499786376953,93.8949966430664,93.86000061035156,93.89099884033203,78790
2026-06-01 15:20:00+00:00,93.9000015258789,93.9198989868164,93.89990234375,93.89990234375,139328
2026-06-01 15:25:00+00:00,93.9000015258789,93.91500091552734,93.89910125732422,93.9000015258789,88601
2026-06-01 15:30:00+00:00,93.8949966430664,93.99500274658203,93.8949966430664,93.95999908447266,223809
2026-06-01 15:35:00+00:00,93.94999694824219,93.95500183105469,93.91500091552734,93.91500091552734,77793
2026-06-01 15:40:00+00:00,93.91500091552734,93.92620086669922,93.91000366210938,93.91010284423828,24794
2026-06-01 15:45:00+00:00,93.9020004272461,93.91999816894531,93.9020004272461,93.90499877929688,67484
2026-06-01 15:50:00+00:00,93.90499877929688,93.91500091552734,93.9000015258789,93.91000366210938,18783
2026-06-01 15:55:00+00:00,93.90499877929688,93.9271011352539,93.90499877929688,93.92500305175781,42296
2026-06-01 16:00:00+00:00,93.92500305175781,93.96499633789062,93.9209976196289,93.92500305175781,142362
2026-06-01 16:05:00+00:00,93.92990112304688,93.92990112304688,93.90499877929688,93.91010284423828,18159
2026-06-01 16:10:00+00:00,93.91000366210938,93.91000366210938,93.87999725341797,93.8949966430664,69465
2026-06-01 16:15:00+00:00,93.88999938964844,93.88999938964844,93.83999633789062,93.86000061035156,37177
2026-06-01 16:20:00+00:00,93.87000274658203,93.8761978149414,93.87000274658203,93.87000274658203,16815
2026-06-01 16:25:00+00:00,93.86940002441406,93.87999725341797,93.86430358886719,93.87999725341797,15659
2026-06-01 16:30:00+00:00,93.88999938964844,93.91000366210938,93.88999938964844,93.90499877929688,30368
2026-06-01 16:35:00+00:00,93.90599822998047,93.9197006225586,93.9010009765625,93.9197006225586,39112
2026-06-01 16:40:00+00:00,93.9198989868164,93.93000030517578,93.91500091552734,93.9198989868164,26444
2026-06-01 16:45:00+00:00,93.91999816894531,93.93990325927734,93.91500091552734,93.93990325927734,27948
2026-06-01 16:50:00+00:00,93.94000244140625,94.0199966430664,93.94000244140625,94.0199966430664,52101
2026-06-01 16:55:00+00:00,94.02999877929688,94.04499816894531,94.0199966430664,94.04499816894531,47177
2026-06-01 17:00:00+00:00,94.04000091552734,94.04499816894531,94.0250015258789,94.03500366210938,74995
2026-06-01 17:05:00+00:00,94.04000091552734,94.05000305175781,94.03209686279297,94.04499816894531,26218
2026-06-01 17:10:00+00:00,94.04109954833984,94.05500030517578,94.04000091552734,94.05500030517578,55762
2026-06-01 17:15:00+00:00,94.05989837646484,94.07499694824219,94.05000305175781,94.07499694824219,20436
2026-06-01 17:20:00+00:00,94.07499694824219,94.07559967041016,94.04000091552734,94.04000091552734,33472
2026-06-01 17:25:00+00:00,94.04969787597656,94.12000274658203,94.04499816894531,94.11499786376953,60035
2026-06-01 17:30:00+00:00,94.11000061035156,94.13999938964844,94.09500122070312,94.0999984741211,95869
2026-06-01 17:35:00+00:00,94.09500122070312,94.11579895019531,94.08999633789062,94.09500122070312,81398
2026-06-01 17:40:00+00:00,94.09500122070312,94.19499969482422,94.09500122070312,94.12000274658203,386114
2026-06-01 17:45:00+00:00,94.12999725341797,94.1449966430664,94.11499786376953,94.125,40150
2026-06-01 17:50:00+00:00,94.125,94.13500213623047,94.12000274658203,94.13500213623047,346476
2026-06-01 17:55:00+00:00,94.13500213623047,94.13929748535156,94.12000274658203,94.125,27240
2026-06-01 18:00:00+00:00,94.12989807128906,94.12989807128906,94.1050033569336,94.1050033569336,37355
2026-06-01 18:05:00+00:00,94.11000061035156,94.12000274658203,94.0999984741211,94.11499786376953,35224
2026-06-01 18:10:00+00:00,94.1187973022461,94.12000274658203,94.11009979248047,94.11009979248047,22723
2026-06-01 18:15:00+00:00,94.11499786376953,94.11820220947266,94.0999984741211,94.1050033569336,57347
2026-06-01 18:20:00+00:00,94.11000061035156,94.12000274658203,94.1050033569336,94.1050033569336,37120
2026-06-01 18:25:00+00:00,94.1050033569336,94.1050033569336,94.08999633789062,94.09100341796875,35229
2026-06-01 18:30:00+00:00,94.09500122070312,94.09500122070312,94.08000183105469,94.08499908447266,33538
2026-06-01 18:35:00+00:00,94.08499908447266,94.08999633789062,94.08000183105469,94.08499908447266,64845
2026-06-01 18:40:00+00:00,94.08499908447266,94.09500122070312,94.07499694824219,94.09500122070312,80344
2026-06-01 18:45:00+00:00,94.09500122070312,94.0999984741211,94.09010314941406,94.09500122070312,46659
2026-06-01 18:50:00+00:00,94.09500122070312,94.0999984741211,94.08000183105469,94.08499908447266,36260
2026-06-01 18:55:00+00:00,94.08429718017578,94.11000061035156,94.08000183105469,94.08999633789062,47984
2026-06-01 19:00:00+00:00,94.08999633789062,94.1050033569336,94.08999633789062,94.09500122070312,24472
2026-06-01 19:05:00+00:00,94.0999984741211,94.0999984741211,94.08499908447266,94.09010314941406,40559
2026-06-01 19:10:00+00:00,94.08999633789062,94.0999984741211,94.08499908447266,94.08499908447266,28100
2026-06-01 19:15:00+00:00,94.08499908447266,94.0999984741211,94.08000183105469,94.08499908447266,35124
2026-06-01 19:20:00+00:00,94.08999633789062,94.0999984741211,94.08100128173828,94.09960174560547,29608
2026-06-01 19:25:00+00:00,94.09989929199219,94.11000061035156,94.09500122070312,94.1050033569336,37000
2026-06-01 19:30:00+00:00,94.1050033569336,94.12999725341797,94.1050033569336,94.125,98897
2026-06-01 19:35:00+00:00,94.125,94.12999725341797,94.12000274658203,94.12999725341797,57871
2026-06-01 19:40:00+00:00,94.125,94.12999725341797,94.11000061035156,94.12999725341797,73470
2026-06-01 19:45:00+00:00,94.12989807128906,94.1500015258789,94.12010192871094,94.1500015258789,109250
2026-06-01 19:50:00+00:00,94.1449966430664,94.16000366210938,94.13999938964844,94.13999938964844,224757
2026-06-01 19:55:00+00:00,94.1449966430664,94.19999694824219,94.1449966430664,94.19000244140625,618835
2026-06-02 13:30:00+00:00,94.31999969482422,94.31999969482422,94.28500366210938,94.28500366210938,188310
2026-06-02 13:35:00+00:00,94.28500366210938,94.29499816894531,94.2699966430664,94.28500366210938,22719
2026-06-02 13:40:00+00:00,94.28500366210938,94.29499816894531,94.2750015258789,94.2750015258789,109852
2026-06-02 13:45:00+00:00,94.27010345458984,94.28720092773438,94.27010345458984,94.2750015258789,47308
2026-06-02 13:50:00+00:00,94.27989959716797,94.27989959716797,94.26000213623047,94.26000213623047,26548
2026-06-02 13:55:00+00:00,94.2699966430664,94.29000091552734,94.2698974609375,94.2750015258789,44991
2026-06-02 14:00:00+00:00,94.27970123291016,94.27970123291016,94.16000366210938,94.23500061035156,372755
2026-06-02 14:05:00+00:00,94.23500061035156,94.25499725341797,94.2301025390625,94.24500274658203,10692
2026-06-02 14:10:00+00:00,94.23999786376953,94.26499938964844,94.2300033569336,94.24189758300781,26132
2026-06-02 14:15:00+00:00,94.24500274658203,94.26000213623047,94.23999786376953,94.2499008178711,55557
2026-06-02 14:20:00+00:00,94.25,94.26499938964844,94.2300033569336,94.24500274658203,30989
2026-06-02 14:25:00+00:00,94.24500274658203,94.2750015258789,94.24009704589844,94.26499938964844,48144
2026-06-02 14:30:00+00:00,94.26499938964844,94.26499938964844,94.24299621582031,94.25499725341797,43232
2026-06-02 14:35:00+00:00,94.25,94.27860260009766,94.25,94.2699966430664,26041
2026-06-02 14:40:00+00:00,94.2750015258789,94.2750015258789,94.26000213623047,94.26840209960938,10732
2026-06-02 14:45:00+00:00,94.26499938964844,94.2699966430664,94.2426986694336,94.25,17735
2026-06-02 14:50:00+00:00,94.25499725341797,94.2698974609375,94.25499725341797,94.26499938964844,3193
2026-06-02 14:55:00+00:00,94.26339721679688,94.2699966430664,94.22799682617188,94.23500061035156,125903
2026-06-02 15:00:00+00:00,94.23500061035156,94.2488021850586,94.2300033569336,94.2488021850586,24265
2026-06-02 15:05:00+00:00,94.23899841308594,94.26499938964844,94.23500061035156,94.26499938964844,11761
2026-06-02 15:10:00+00:00,94.26000213623047,94.26000213623047,94.23999786376953,94.24960327148438,391132
2026-06-02 15:15:00+00:00,94.25,94.25800323486328,94.23500061035156,94.25,21198
2026-06-02 15:20:00+00:00,94.26000213623047,94.2699966430664,94.26000213623047,94.26010131835938,11493
2026-06-02 15:25:00+00:00,94.2697982788086,94.2750015258789,94.25499725341797,94.2698974609375,24202
2026-06-02 15:30:00+00:00,94.2645034790039,94.26589965820312,94.25440216064453,94.25499725341797,9327
2026-06-02 15:35:00+00:00,94.25499725341797,94.27999877929688,94.25499725341797,94.2750015258789,30274
2026-06-02 15:40:00+00:00,94.27999877929688,94.27999877929688,94.26000213623047,94.26499938964844,50485
2026-06-02 15:45:00+00:00,94.26499938964844,94.29000091552734,94.26499938964844,94.27999877929688,157003
2026-06-02 15:50:00+00:00,94.28500366210938,94.28500366210938,94.25,94.25509643554688,34383
2026-06-02 15:55:00+00:00,94.25499725341797,94.2655029296875,94.2509994506836,94.2655029296875,84409
2026-06-02 16:00:00+00:00,94.2699966430664,94.2750015258789,94.24500274658203,94.25,12459
2026-06-02 16:05:00+00:00,94.24009704589844,94.26000213623047,94.2300033569336,94.24500274658203,29754
2026-06-02 16:10:00+00:00,94.24500274658203,94.25499725341797,94.2301025390625,94.23999786376953,9781
2026-06-02 16:15:00+00:00,94.23500061035156,94.23999786376953,94.19999694824219,94.19999694824219,9193075
2026-06-02 16:20:00+00:00,94.19999694824219,94.21980285644531,94.19000244140625,94.21980285644531,24634
2026-06-02 16:25:00+00:00,94.19999694824219,94.20010375976562,94.19020080566406,94.19020080566406,5286
2026-06-02 16:30:00+00:00,94.19989776611328,94.19989776611328,94.16999816894531,94.17500305175781,18957
2026-06-02 16:35:00+00:00,94.16999816894531,94.17500305175781,94.16220092773438,94.17500305175781,51601
2026-06-02 16:40:00+00:00,94.16999816894531,94.17510223388672,94.16000366210938,94.16999816894531,15230
2026-06-02 16:45:00+00:00,94.17500305175781,94.19999694824219,94.16999816894531,94.19989776611328,46478
2026-06-02 16:50:00+00:00,94.20500183105469,94.20989990234375,94.19499969482422,94.20989990234375,25726
2026-06-02 16:55:00+00:00,94.20500183105469,94.22000122070312,94.20500183105469,94.21499633789062,51781
2026-06-02 17:00:00+00:00,94.21499633789062,94.23500061035156,94.21499633789062,94.22000122070312,65993
2026-06-02 17:05:00+00:00,94.2249984741211,94.23999786376953,94.21499633789062,94.2249984741211,43803
2026-06-02 17:10:00+00:00,94.2249984741211,94.2249984741211,94.20500183105469,94.21499633789062,19781
2026-06-02 17:15:00+00:00,94.21499633789062,94.21499633789062,94.18499755859375,94.19499969482422,38948
2026-06-02 17:20:00+00:00,94.19499969482422,94.19999694824219,94.19190216064453,94.19999694824219,287186
2026-06-02 17:25:00+00:00,94.19979858398438,94.20989990234375,94.19979858398438,94.20500183105469,21383
2026-06-02 17:30:00+00:00,94.2029037475586,94.22000122070312,94.19999694824219,94.22000122070312,30050
2026-06-02 17:35:00+00:00,94.20999908447266,94.21929931640625,94.20999908447266,94.21499633789062,25320
2026-06-02 17:40:00+00:00,94.20999908447266,94.2249984741211,94.20500183105469,94.2249984741211,32916
2026-06-02 17:45:00+00:00,94.2249984741211,94.2249984741211,94.20999908447266,94.21009826660156,26416
2026-06-02 17:50:00+00:00,94.21499633789062,94.2197036743164,94.20999908447266,94.21499633789062,22183
2026-06-02 17:55:00+00:00,94.21499633789062,94.22010040283203,94.19999694824219,94.22010040283203,42917
2026-06-02 18:00:00+00:00,94.2300033569336,94.23639678955078,94.22010040283203,94.2300033569336,42252
2026-06-02 18:05:00+00:00,94.22090148925781,94.22760009765625,94.22000122070312,94.2249984741211,20757
2026-06-02 18:10:00+00:00,94.2249984741211,94.23500061035156,94.20999908447266,94.2249984741211,23120
2026-06-02 18:15:00+00:00,94.2249984741211,94.2249984741211,94.20999908447266,94.20999908447266,20240
2026-06-02 18:20:00+00:00,94.21499633789062,94.22000122070312,94.21240234375,94.21499633789062,8472
2026-06-02 18:25:00+00:00,94.2123031616211,94.23500061035156,94.2123031616211,94.23500061035156,36817
2026-06-02 18:30:00+00:00,94.2300033569336,94.23999786376953,94.22000122070312,94.23500061035156,524609
2026-06-02 18:35:00+00:00,94.23500061035156,94.23989868164062,94.2300033569336,94.23500061035156,66426
2026-06-02 18:40:00+00:00,94.23500061035156,94.23500061035156,94.20500183105469,94.20999908447266,351288
2026-06-02 18:45:00+00:00,94.20999908447266,94.2249984741211,94.20500183105469,94.22000122070312,147900
2026-06-02 18:50:00+00:00,94.22000122070312,94.22989654541016,94.22000122070312,94.2249984741211,48732
2026-06-02 18:55:00+00:00,94.2249984741211,94.2249984741211,94.20999908447266,94.20999908447266,60502
2026-06-02 19:00:00+00:00,94.20999908447266,94.22000122070312,94.20500183105469,94.20999908447266,155785
2026-06-02 19:05:00+00:00,94.20999908447266,94.21600341796875,94.19999694824219,94.20500183105469,27927
2026-06-02 19:10:00+00:00,94.20500183105469,94.22000122070312,94.20500183105469,94.21009826660156,71237
2026-06-02 19:15:00+00:00,94.22000122070312,94.22000122070312,94.20999908447266,94.20999908447266,80153
2026-06-02 19:20:00+00:00,94.20999908447266,94.22000122070312,94.20999908447266,94.21499633789062,105142
2026-06-02 19:25:00+00:00,94.21499633789062,94.2300033569336,94.21410369873047,94.2249984741211,33314
2026-06-02 19:30:00+00:00,94.2300033569336,94.2300033569336,94.22010040283203,94.2249984741211,43033
2026-06-02 19:35:00+00:00,94.22509765625,94.23999786376953,94.22000122070312,94.22989654541016,68820
2026-06-02 19:40:00+00:00,94.2249984741211,94.23999786376953,94.22000122070312,94.23500061035156,70366
2026-06-02 19:45:00+00:00,94.23500061035156,94.23989868164062,94.2300033569336,94.2300033569336,36474
2026-06-02 19:50:00+00:00,94.23159790039062,94.25,94.2301025390625,94.24500274658203,95877
2026-06-02 19:55:00+00:00,94.25,94.25,94.21499633789062,94.23500061035156,426585
2026-06-03 13:30:00+00:00,93.98989868164062,93.99500274658203,93.9800033569336,93.98590087890625,110716
2026-06-03 13:35:00+00:00,93.98500061035156,94.0083999633789,93.98059844970703,93.98999786376953,35801
2026-06-03 13:40:00+00:00,93.99500274658203,93.99500274658203,93.97049713134766,93.9749984741211,32053
2026-06-03 13:45:00+00:00,93.9749984741211,93.98500061035156,93.95500183105469,93.9800033569336,125019
2026-06-03 13:50:00+00:00,93.9749984741211,93.99710083007812,93.97000122070312,93.99030303955078,115379
2026-06-03 13:55:00+00:00,93.99500274658203,94.00499725341797,93.98999786376953,93.99009704589844,25844
2026-06-03 14:00:00+00:00,93.98999786376953,94.04840087890625,93.9749984741211,94.0250015258789,50807
2026-06-03 14:05:00+00:00,94.0250015258789,94.05999755859375,94.0250015258789,94.05860137939453,84562
2026-06-03 14:10:00+00:00,94.05509948730469,94.08999633789062,94.04000091552734,94.08309936523438,47647
2026-06-03 14:15:00+00:00,94.08499908447266,94.08999633789062,94.05000305175781,94.07499694824219,175543
2026-06-03 14:20:00+00:00,94.05999755859375,94.09600067138672,94.05999755859375,94.09010314941406,52688
2026-06-03 14:25:00+00:00,94.08999633789062,94.09649658203125,94.06999969482422,94.09500122070312,55181
2026-06-03 14:30:00+00:00,94.09500122070312,94.09500122070312,94.06999969482422,94.07499694824219,24349
2026-06-03 14:35:00+00:00,94.07499694824219,94.08999633789062,94.06999969482422,94.07499694824219,30514
2026-06-03 14:40:00+00:00,94.07499694824219,94.07869720458984,94.02999877929688,94.03500366210938,189523
2026-06-03 14:45:00+00:00,94.03500366210938,94.03990173339844,94.0199966430664,94.0250015258789,67755
2026-06-03 14:50:00+00:00,94.0250015258789,94.06999969482422,94.0250015258789,94.06999969482422,57001
2026-06-03 14:55:00+00:00,94.06500244140625,94.06500244140625,94.05500030517578,94.05500030517578,22831
2026-06-03 15:00:00+00:00,94.05000305175781,94.05999755859375,94.02999877929688,94.02999877929688,31467
2026-06-03 15:05:00+00:00,94.02999877929688,94.02999877929688,94.01499938964844,94.0199966430664,14071
2026-06-03 15:10:00+00:00,94.02010345458984,94.02999877929688,93.99500274658203,94.01499938964844,39872
2026-06-03 15:15:00+00:00,94.01499938964844,94.04000091552734,94.01000213623047,94.01499938964844,32511
2026-06-03 15:20:00+00:00,94.00499725341797,94.01589965820312,93.98370361328125,93.98370361328125,16690
2026-06-03 15:25:00+00:00,93.98500061035156,93.98999786376953,93.9749984741211,93.98500061035156,42585
2026-06-03 15:30:00+00:00,93.9801025390625,93.99500274658203,93.97000122070312,93.9749984741211,775501
2026-06-03 15:35:00+00:00,93.97000122070312,93.97000122070312,93.93000030517578,93.94000244140625,62614
2026-06-03 15:40:00+00:00,93.94499969482422,93.94499969482422,93.93000030517578,93.93000030517578,47509
2026-06-03 15:45:00+00:00,93.94000244140625,93.94000244140625,93.91000366210938,93.91500091552734,83839
2026-06-03 15:50:00+00:00,93.9198989868164,93.94499969482422,93.91500091552734,93.94499969482422,73234
2026-06-03 15:55:00+00:00,93.94989776611328,93.95500183105469,93.93499755859375,93.93499755859375,21966
2026-06-03 16:00:00+00:00,93.94499969482422,93.94499969482422,93.91999816894531,93.91999816894531,56446
2026-06-03 16:05:00+00:00,93.92500305175781,93.93499755859375,93.91349792480469,93.9198989868164,23130
2026-06-03 16:10:00+00:00,93.92009735107422,93.93000030517578,93.91500091552734,93.91999816894531,10135
2026-06-03 16:15:00+00:00,93.91999816894531,93.91999816894531,93.90499877929688,93.91000366210938,12873
2026-06-03 16:20:00+00:00,93.91999816894531,93.92649841308594,93.91000366210938,93.91500091552734,97364
2026-06-03 16:25:00+00:00,93.91419982910156,93.92990112304688,93.91000366210938,93.92500305175781,26621
2026-06-03 16:30:00+00:00,93.93000030517578,93.94999694824219,93.93000030517578,93.94000244140625,56146
2026-06-03 16:35:00+00:00,93.94499969482422,93.95500183105469,93.94000244140625,93.95099639892578,51564
2026-06-03 16:40:00+00:00,93.95500183105469,93.9572982788086,93.95010375976562,93.95010375976562,16886
2026-06-03 16:45:00+00:00,93.96499633789062,93.9697036743164,93.95500183105469,93.95500183105469,22733
2026-06-03 16:50:00+00:00,93.95500183105469,93.95999908447266,93.94499969482422,93.94889831542969,157548
2026-06-03 16:55:00+00:00,93.95500183105469,93.97000122070312,93.95500183105469,93.96499633789062,27986
2026-06-03 17:00:00+00:00,93.96499633789062,93.9749984741211,93.96499633789062,93.96499633789062,25325
2026-06-03 17:05:00+00:00,93.96499633789062,94.00299835205078,93.96499633789062,93.99500274658203,88169
2026-06-03 17:10:00+00:00,93.99500274658203,94.0,93.9542007446289,93.96499633789062,26695
2026-06-03 17:15:00+00:00,93.96499633789062,93.96499633789062,93.95999908447266,93.95999908447266,32012
2026-06-03 17:20:00+00:00,93.95500183105469,93.95999908447266,93.94999694824219,93.95500183105469,42154
2026-06-03 17:25:00+00:00,93.95500183105469,93.96499633789062,93.94999694824219,93.96499633789062,23148
2026-06-03 17:30:00+00:00,93.96499633789062,93.96749877929688,93.94999694824219,93.96499633789062,35409
2026-06-03 17:35:00+00:00,93.96009826660156,93.96499633789062,93.95999908447266,93.96499633789062,17035
2026-06-03 17:40:00+00:00,93.96499633789062,93.9800033569336,93.95999908447266,93.96499633789062,507276
2026-06-03 17:45:00+00:00,93.96499633789062,93.9800033569336,93.96499633789062,93.9749984741211,207645
2026-06-03 17:50:00+00:00,93.9749984741211,93.97509765625,93.97000122070312,93.9749984741211,36096
2026-06-03 17:55:00+00:00,93.9749984741211,93.99500274658203,93.9749984741211,93.99500274658203,36726
2026-06-03 18:00:00+00:00,93.99500274658203,94.0,93.98999786376953,93.99040222167969,24971
2026-06-03 18:05:00+00:00,93.99500274658203,94.00499725341797,93.98999786376953,93.99500274658203,31101
2026-06-03 18:10:00+00:00,93.997802734375,93.997802734375,93.98500061035156,93.99500274658203,22591
2026-06-03 18:15:00+00:00,93.99009704589844,93.99500274658203,93.9800033569336,93.98500061035156,35542
2026-06-03 18:20:00+00:00,93.98500061035156,94.00499725341797,93.9749984741211,94.0011978149414,46571
2026-06-03 18:25:00+00:00,94.01000213623047,94.01000213623047,94.0,94.00499725341797,13489
2026-06-03 18:30:00+00:00,94.00499725341797,94.0199966430664,93.98500061035156,93.98500061035156,116009
2026-06-03 18:35:00+00:00,93.98500061035156,93.99500274658203,93.9749984741211,93.98999786376953,67168
2026-06-03 18:40:00+00:00,93.98500061035156,94.0,93.9800033569336,93.99500274658203,33224
2026-06-03 18:45:00+00:00,93.99500274658203,94.01000213623047,93.99500274658203,94.00499725341797,50038
2026-06-03 18:50:00+00:00,94.00420379638672,94.01000213623047,94.0,94.00499725341797,26648
2026-06-03 18:55:00+00:00,94.00499725341797,94.01000213623047,93.9800033569336,93.98999786376953,253986
2026-06-03 19:00:00+00:00,93.9800033569336,94.0,93.97000122070312,93.99500274658203,95182
2026-06-03 19:05:00+00:00,94.0,94.0,93.98999786376953,93.99500274658203,46201
2026-06-03 19:10:00+00:00,93.99500274658203,93.99500274658203,93.9800033569336,93.98500061035156,144256
2026-06-03 19:15:00+00:00,93.98999786376953,94.01499938964844,93.98500061035156,94.00499725341797,78429
2026-06-03 19:20:00+00:00,94.00499725341797,94.01000213623047,93.98999786376953,93.99500274658203,25906
2026-06-03 19:25:00+00:00,93.99500274658203,93.9999008178711,93.98999786376953,93.99500274658203,46395
2026-06-03 19:30:00+00:00,93.99500274658203,94.0,93.9800033569336,93.98750305175781,89444
2026-06-03 19:35:00+00:00,93.98500061035156,93.99749755859375,93.9800033569336,93.99500274658203,126374
2026-06-03 19:40:00+00:00,93.99500274658203,94.0,93.98999786376953,93.9999008178711,101409
2026-06-03 19:45:00+00:00,93.99500274658203,94.0,93.98500061035156,93.99500274658203,67412
2026-06-03 19:50:00+00:00,93.99720001220703,94.0,93.98999786376953,93.99500274658203,443428
2026-06-03 19:55:00+00:00,93.99500274658203,94.01000213623047,93.98999786376953,94.01000213623047,547048
2026-06-04 13:30:00+00:00,94.20999908447266,94.21499633789062,94.19000244140625,94.20999908447266,377081
2026-06-04 13:35:00+00:00,94.19999694824219,94.21549987792969,94.19499969482422,94.20500183105469,34218
2026-06-04 13:40:00+00:00,94.21499633789062,94.21499633789062,94.19000244140625,94.19999694824219,72699
2026-06-04 13:45:00+00:00,94.20999908447266,94.25499725341797,94.20999908447266,94.25499725341797,67672
2026-06-04 13:50:00+00:00,94.26000213623047,94.26000213623047,94.22979736328125,94.2300033569336,18838
2026-06-04 13:55:00+00:00,94.23500061035156,94.24749755859375,94.2300033569336,94.23999786376953,33873
2026-06-04 14:00:00+00:00,94.24500274658203,94.27999877929688,94.24500274658203,94.2699966430664,41109
2026-06-04 14:05:00+00:00,94.2750015258789,94.27749633789062,94.24099731445312,94.25,41595
2026-06-04 14:10:00+00:00,94.25499725341797,94.26000213623047,94.23999786376953,94.25499725341797,40284
2026-06-04 14:15:00+00:00,94.25499725341797,94.27749633789062,94.25,94.26499938964844,73725
2026-06-04 14:20:00+00:00,94.26000213623047,94.26000213623047,94.19999694824219,94.20500183105469,68550
2026-06-04 14:25:00+00:00,94.20500183105469,94.20899963378906,94.17500305175781,94.18000030517578,199125
2026-06-04 14:30:00+00:00,94.16999816894531,94.19000244140625,94.15029907226562,94.19000244140625,75437
2026-06-04 14:35:00+00:00,94.1875,94.1875,94.16500091552734,94.17500305175781,27674
2026-06-04 14:40:00+00:00,94.16999816894531,94.18000030517578,94.16500091552734,94.17990112304688,9954
2026-06-04 14:45:00+00:00,94.18000030517578,94.19989776611328,94.17169952392578,94.18499755859375,18609
2026-06-04 14:50:00+00:00,94.18499755859375,94.19989776611328,94.18000030517578,94.19499969482422,22520
2026-06-04 14:55:00+00:00,94.18499755859375,94.1875,94.17120361328125,94.17130279541016,10377
2026-06-04 15:00:00+00:00,94.18000030517578,94.18499755859375,94.16999816894531,94.17500305175781,14962
2026-06-04 15:05:00+00:00,94.17500305175781,94.18000030517578,94.16000366210938,94.18000030517578,20374
2026-06-04 15:10:00+00:00,94.18000030517578,94.19000244140625,94.17500305175781,94.18499755859375,8791
2026-06-04 15:15:00+00:00,94.19750213623047,94.19999694824219,94.18499755859375,94.18499755859375,20299
2026-06-04 15:20:00+00:00,94.18499755859375,94.19999694824219,94.18499755859375,94.19499969482422,68667
2026-06-04 15:25:00+00:00,94.19499969482422,94.19989776611328,94.18499755859375,94.18499755859375,15347
2026-06-04 15:30:00+00:00,94.19000244140625,94.19000244140625,94.17500305175781,94.17500305175781,17193
2026-06-04 15:35:00+00:00,94.17749786376953,94.1875,94.16999816894531,94.18499755859375,11766
2026-06-04 15:40:00+00:00,94.19000244140625,94.19000244140625,94.16999816894531,94.16999816894531,98909
2026-06-04 15:45:00+00:00,94.16999816894531,94.19499969482422,94.16999816894531,94.19499969482422,10739
2026-06-04 15:50:00+00:00,94.19499969482422,94.19499969482422,94.16999816894531,94.17340087890625,15870
2026-06-04 15:55:00+00:00,94.18000030517578,94.1875,94.17369842529297,94.18000030517578,6812
2026-06-04 16:00:00+00:00,94.18000030517578,94.1875,94.16999816894531,94.17500305175781,5882
2026-06-04 16:05:00+00:00,94.17500305175781,94.20999908447266,94.16999816894531,94.20999908447266,58345
2026-06-04 16:10:00+00:00,94.20500183105469,94.20999908447266,94.19010162353516,94.19499969482422,15458
2026-06-04 16:15:00+00:00,94.19999694824219,94.19999694824219,94.18000030517578,94.18000030517578,15471
2026-06-04 16:20:00+00:00,94.18499755859375,94.1875,94.18000030517578,94.18499755859375,45895
2026-06-04 16:25:00+00:00,94.1875,94.19000244140625,94.18000030517578,94.18499755859375,18771
2026-06-04 16:30:00+00:00,94.18000030517578,94.19000244140625,94.16999816894531,94.18009948730469,33917
2026-06-04 16:35:00+00:00,94.19000244140625,94.19000244140625,94.16999816894531,94.16999816894531,7880
2026-06-04 16:40:00+00:00,94.17500305175781,94.18000030517578,94.16500091552734,94.17990112304688,8130
2026-06-04 16:45:00+00:00,94.16999816894531,94.17749786376953,94.16470336914062,94.17500305175781,22641
2026-06-04 16:50:00+00:00,94.17500305175781,94.18000030517578,94.16000366210938,94.16000366210938,13756
2026-06-04 16:55:00+00:00,94.16000366210938,94.16999816894531,94.16000366210938,94.16500091552734,14848
2026-06-04 17:00:00+00:00,94.16000366210938,94.1675033569336,94.1500015258789,94.15760040283203,13151
2026-06-04 17:05:00+00:00,94.15499877929688,94.16000366210938,94.1500015258789,94.15499877929688,17679
2026-06-04 17:10:00+00:00,94.15499877929688,94.16000366210938,94.1500015258789,94.1500015258789,7987
2026-06-04 17:15:00+00:00,94.15499877929688,94.15979766845703,94.13999938964844,94.15499877929688,26339
2026-06-04 17:20:00+00:00,94.15499877929688,94.15750122070312,94.14129638671875,94.14129638671875,10836
2026-06-04 17:25:00+00:00,94.13999938964844,94.15750122070312,94.13999938964844,94.15499877929688,23095
2026-06-04 17:30:00+00:00,94.1500015258789,94.18000030517578,94.1500015258789,94.17790222167969,255309
2026-06-04 17:35:00+00:00,94.17500305175781,94.17500305175781,94.15499877929688,94.15499877929688,91748
2026-06-04 17:40:00+00:00,94.15499877929688,94.16000366210938,94.13999938964844,94.15740203857422,28510
2026-06-04 17:45:00+00:00,94.15499877929688,94.16000366210938,94.1417007446289,94.15499877929688,38118
2026-06-04 17:50:00+00:00,94.15589904785156,94.15589904785156,94.13500213623047,94.13500213623047,30650
2026-06-04 17:55:00+00:00,94.12999725341797,94.13999938964844,94.12999725341797,94.12999725341797,11033
2026-06-04 18:00:00+00:00,94.12000274658203,94.1500015258789,94.11499786376953,94.12999725341797,172961
2026-06-04 18:05:00+00:00,94.12999725341797,94.14749908447266,94.12999725341797,94.13999938964844,19922
2026-06-04 18:10:00+00:00,94.13500213623047,94.13980102539062,94.13169860839844,94.13500213623047,10391
2026-06-04 18:15:00+00:00,94.13500213623047,94.1500015258789,94.13500213623047,94.1500015258789,19428
2026-06-04 18:20:00+00:00,94.15550231933594,94.15979766845703,94.13009643554688,94.13009643554688,68178
2026-06-04 18:25:00+00:00,94.13500213623047,94.13500213623047,94.12000274658203,94.125,12199
2026-06-04 18:30:00+00:00,94.12000274658203,94.12000274658203,94.0999984741211,94.1050033569336,13611
2026-06-04 18:35:00+00:00,94.0999984741211,94.1050033569336,94.08999633789062,94.09500122070312,31082
2026-06-04 18:40:00+00:00,94.09500122070312,94.11589813232422,94.09500122070312,94.11499786376953,18036
2026-06-04 18:45:00+00:00,94.11499786376953,94.12950134277344,94.11019897460938,94.125,11377
2026-06-04 18:50:00+00:00,94.125,94.14969635009766,94.125,94.13500213623047,27775
2026-06-04 18:55:00+00:00,94.13500213623047,94.13970184326172,94.11000061035156,94.11499786376953,37091
2026-06-04 19:00:00+00:00,94.11000061035156,94.12000274658203,94.1050033569336,94.11499786376953,26099
2026-06-04 19:05:00+00:00,94.11499786376953,94.12000274658203,94.1050033569336,94.12000274658203,21722
2026-06-04 19:10:00+00:00,94.12000274658203,94.12999725341797,94.12000274658203,94.125,11110
2026-06-04 19:15:00+00:00,94.12989807128906,94.13990020751953,94.12409973144531,94.12999725341797,18451
2026-06-04 19:20:00+00:00,94.13500213623047,94.13999938964844,94.12000274658203,94.12999725341797,30029
2026-06-04 19:25:00+00:00,94.12999725341797,94.13999938964844,94.12999725341797,94.1355972290039,51891
2026-06-04 19:30:00+00:00,94.13500213623047,94.1500015258789,94.12000274658203,94.125,112958
2026-06-04 19:35:00+00:00,94.12000274658203,94.12999725341797,94.12000274658203,94.125,82218
2026-06-04 19:40:00+00:00,94.125,94.12560272216797,94.11000061035156,94.11499786376953,115809
2026-06-04 19:45:00+00:00,94.11000061035156,94.12000274658203,94.0,94.11499786376953,157172
2026-06-04 19:50:00+00:00,94.11199951171875,94.12000274658203,94.11000061035156,94.11499786376953,307942
2026-06-04 19:55:00+00:00,94.11000061035156,94.12000274658203,94.0999984741211,94.12000274658203,215911
2026-06-05 13:30:00+00:00,93.71499633789062,93.73999786376953,93.69999694824219,93.73500061035156,181169
2026-06-05 13:35:00+00:00,93.73999786376953,93.76000213623047,93.72000122070312,93.7249984741211,122441
2026-06-05 13:40:00+00:00,93.7249984741211,93.73999786376953,93.71499633789062,93.7249984741211,134458
2026-06-05 13:45:00+00:00,93.73500061035156,93.74500274658203,93.72000122070312,93.73999786376953,132891
2026-06-05 13:50:00+00:00,93.74500274658203,93.75499725341797,93.70999908447266,93.73500061035156,66512
2026-06-05 13:55:00+00:00,93.7249984741211,93.7300033569336,93.66999816894531,93.67500305175781,84926
2026-06-05 14:00:00+00:00,93.67500305175781,93.73999786376953,93.6500015258789,93.70210266113281,89793
2026-06-05 14:05:00+00:00,93.71900177001953,93.73500061035156,93.67230224609375,93.69999694824219,76628
2026-06-05 14:10:00+00:00,93.70500183105469,93.71499633789062,93.69010162353516,93.70999908447266,86382
2026-06-05 14:15:00+00:00,93.71499633789062,93.72000122070312,93.68499755859375,93.69499969482422,117950
2026-06-05 14:20:00+00:00,93.69999694824219,93.69999694824219,93.65499877929688,93.67749786376953,167914
2026-06-05 14:25:00+00:00,93.67500305175781,93.7074966430664,93.67500305175781,93.69999694824219,45768
2026-06-05 14:30:00+00:00,93.69969940185547,93.7249984741211,93.69000244140625,93.69000244140625,48550
2026-06-05 14:35:00+00:00,93.69499969482422,93.69499969482422,93.66500091552734,93.66999816894531,57216
2026-06-05 14:40:00+00:00,93.66950225830078,93.66999816894531,93.63999938964844,93.6449966430664,50801
2026-06-05 14:45:00+00:00,93.6500015258789,93.71749877929688,93.6500015258789,93.71749877929688,70016
2026-06-05 14:50:00+00:00,93.70999908447266,93.72000122070312,93.69499969482422,93.69499969482422,36801
2026-06-05 14:55:00+00:00,93.69999694824219,93.71749877929688,93.69499969482422,93.70500183105469,57964
2026-06-05 15:00:00+00:00,93.70989990234375,93.72000122070312,93.69999694824219,93.70500183105469,24317
2026-06-05 15:05:00+00:00,93.70999908447266,93.71990203857422,93.69499969482422,93.7074966430664,33294
2026-06-05 15:10:00+00:00,93.69999694824219,93.71749877929688,93.69499969482422,93.69999694824219,23971
2026-06-05 15:15:00+00:00,93.69080352783203,93.69999694824219,93.67500305175781,93.69000244140625,72480
2026-06-05 15:20:00+00:00,93.68499755859375,93.70999908447266,93.66999816894531,93.69000244140625,355486
2026-06-05 15:25:00+00:00,93.69000244140625,93.69750213623047,93.67990112304688,93.68499755859375,109272
2026-06-05 15:30:00+00:00,93.69000244140625,93.70999908447266,93.69000244140625,93.69499969482422,59043
2026-06-05 15:35:00+00:00,93.69999694824219,93.69999694824219,93.66999816894531,93.67500305175781,33700
2026-06-05 15:40:00+00:00,93.67500305175781,93.69499969482422,93.66999816894531,93.69499969482422,69664
2026-06-05 15:45:00+00:00,93.69499969482422,93.7074966430664,93.68499755859375,93.6865005493164,63817
2026-06-05 15:50:00+00:00,93.69000244140625,93.69499969482422,93.68000030517578,93.68499755859375,37520
2026-06-05 15:55:00+00:00,93.69000244140625,93.69000244140625,93.68000030517578,93.69000244140625,36804
2026-06-05 16:00:00+00:00,93.68000030517578,93.69999694824219,93.66999816894531,93.69499969482422,47275
2026-06-05 16:05:00+00:00,93.69000244140625,93.69499969482422,93.6449966430664,93.6449966430664,136700
2026-06-05 16:10:00+00:00,93.64240264892578,93.67500305175781,93.64240264892578,93.66500091552734,72568
2026-06-05 16:15:00+00:00,93.66500091552734,93.66999816894531,93.62000274658203,93.63610076904297,176230
2026-06-05 16:20:00+00:00,93.63500213623047,93.66000366210938,93.62999725341797,93.66000366210938,55828
2026-06-05 16:25:00+00:00,93.66000366210938,93.69000244140625,93.66000366210938,93.67749786376953,65065
2026-06-05 16:30:00+00:00,93.66999816894531,93.67500305175781,93.66000366210938,93.66999816894531,17729
2026-06-05 16:35:00+00:00,93.66999816894531,93.69999694824219,93.66999816894531,93.69999694824219,34930
2026-06-05 16:40:00+00:00,93.69499969482422,93.70999908447266,93.68000030517578,93.70500183105469,27081
2026-06-05 16:45:00+00:00,93.71499633789062,93.75569915771484,93.70999908447266,93.75499725341797,129435
2026-06-05 16:50:00+00:00,93.76000213623047,93.76499938964844,93.74500274658203,93.76499938964844,60060
2026-06-05 16:55:00+00:00,93.76499938964844,93.78759765625,93.76000213623047,93.7750015258789,92241
2026-06-05 17:00:00+00:00,93.7750015258789,93.7750015258789,93.76000213623047,93.7698974609375,39155
2026-06-05 17:05:00+00:00,93.7698974609375,93.77999877929688,93.76000213623047,93.76010131835938,56194
2026-06-05 17:10:00+00:00,93.76000213623047,93.76000213623047,93.74240112304688,93.74500274658203,25757
2026-06-05 17:15:00+00:00,93.73999786376953,93.73999786376953,93.70999908447266,93.72000122070312,73505
2026-06-05 17:20:00+00:00,93.7249984741211,93.7249984741211,93.69499969482422,93.69499969482422,112412
2026-06-05 17:25:00+00:00,93.69499969482422,93.70500183105469,93.68009948730469,93.69499969482422,135629
2026-06-05 17:30:00+00:00,93.69499969482422,93.69499969482422,93.68000030517578,93.68000030517578,54562
2026-06-05 17:35:00+00:00,93.68499755859375,93.69499969482422,93.68000030517578,93.69499969482422,30852
2026-06-05 17:40:00+00:00,93.69499969482422,93.69999694824219,93.68000030517578,93.68499755859375,23373
2026-06-05 17:45:00+00:00,93.68499755859375,93.69509887695312,93.63999938964844,93.65499877929688,173906
2026-06-05 17:50:00+00:00,93.65499877929688,93.66500091552734,93.6500015258789,93.65499877929688,48245
2026-06-05 17:55:00+00:00,93.65499877929688,93.65989685058594,93.6500015258789,93.65499877929688,22209
2026-06-05 18:00:00+00:00,93.65699768066406,93.6698989868164,93.63500213623047,93.63500213623047,128715
2026-06-05 18:05:00+00:00,93.62999725341797,93.62999725341797,93.5999984741211,93.61579895019531,105367
2026-06-05 18:10:00+00:00,93.61000061035156,93.625,93.58999633789062,93.625,106026
2026-06-05 18:15:00+00:00,93.625,93.6500015258789,93.61499786376953,93.63999938964844,29735
2026-06-05 18:20:00+00:00,93.6449966430664,93.66999816894531,93.6449966430664,93.66000366210938,40137
2026-06-05 18:25:00+00:00,93.66500091552734,93.68000030517578,93.65499877929688,93.66500091552734,658481
2026-06-05 18:30:00+00:00,93.66000366210938,93.66999816894531,93.66000366210938,93.66500091552734,67731
2026-06-05 18:35:00+00:00,93.67500305175781,93.68000030517578,93.66000366210938,93.66500091552734,90156
2026-06-05 18:40:00+00:00,93.66500091552734,93.66999816894531,93.6520004272461,93.65499877929688,57926
2026-06-05 18:45:00+00:00,93.65499877929688,93.68499755859375,93.65360260009766,93.68499755859375,58266
2026-06-05 18:50:00+00:00,93.68000030517578,93.69999694824219,93.66999816894531,93.69499969482422,66832
2026-06-05 18:55:00+00:00,93.69000244140625,93.7300033569336,93.67389678955078,93.69999694824219,270206
2026-06-05 19:00:00+00:00,93.69989776611328,93.70999908447266,93.68499755859375,93.69349670410156,378954
2026-06-05 19:05:00+00:00,93.69499969482422,93.69989776611328,93.62999725341797,93.6449966430664,468042
2026-06-05 19:10:00+00:00,93.64869689941406,93.66000366210938,93.64009857177734,93.65499877929688,61960
2026-06-05 19:15:00+00:00,93.65499877929688,93.66999816894531,93.6500015258789,93.66500091552734,157143
2026-06-05 19:20:00+00:00,93.66010284423828,93.67500305175781,93.6449966430664,93.660400390625,261469
2026-06-05 19:25:00+00:00,93.66500091552734,93.6698989868164,93.6500015258789,93.6500015258789,46112
2026-06-05 19:30:00+00:00,93.65499877929688,93.66999816894531,93.6500015258789,93.66500091552734,91823
2026-06-05 19:35:00+00:00,93.66010284423828,93.66570281982422,93.65499877929688,93.66500091552734,69371
2026-06-05 19:40:00+00:00,93.66500091552734,93.66500091552734,93.62999725341797,93.64990234375,131725
2026-06-05 19:45:00+00:00,93.6449966430664,93.6500015258789,93.62999725341797,93.63069915771484,53861
2026-06-05 19:50:00+00:00,93.62999725341797,93.63999938964844,93.62000274658203,93.625,527531
2026-06-05 19:55:00+00:00,93.625,93.65499877929688,93.61000061035156,93.6500015258789,898074
2026-06-08 13:30:00+00:00,93.80000305175781,93.8550033569336,93.80000305175781,93.84030151367188,221614
2026-06-08 13:35:00+00:00,93.84500122070312,93.86000061035156,93.83000183105469,93.84500122070312,146025
2026-06-08 13:40:00+00:00,93.84100341796875,93.84500122070312,93.79000091552734,93.79499816894531,33554
2026-06-08 13:45:00+00:00,93.79499816894531,93.79499816894531,93.76000213623047,93.76000213623047,171993
2026-06-08 13:50:00+00:00,93.75900268554688,93.7699966430664,93.7300033569336,93.73500061035156,127795
2026-06-08 13:55:00+00:00,93.7249984741211,93.73560333251953,93.7249984741211,93.7249984741211,31602
2026-06-08 14:00:00+00:00,93.72000122070312,93.73500061035156,93.69000244140625,93.69000244140625,34176
2026-06-08 14:05:00+00:00,93.69000244140625,93.70500183105469,93.67500305175781,93.6781005859375,44816
2026-06-08 14:10:00+00:00,93.67320251464844,93.68499755859375,93.66000366210938,93.66500091552734,59925
2026-06-08 14:15:00+00:00,93.66000366210938,93.66500091552734,93.6449966430664,93.65899658203125,86273
2026-06-08 14:20:00+00:00,93.65499877929688,93.65499877929688,93.62999725341797,93.63500213623047,18556
2026-06-08 14:25:00+00:00,93.62999725341797,93.65499877929688,93.62000274658203,93.65499877929688,170931
2026-06-08 14:30:00+00:00,93.6449966430664,93.64990234375,93.62999725341797,93.63970184326172,265614
2026-06-08 14:35:00+00:00,93.63500213623047,93.6449966430664,93.58499908447266,93.5999984741211,344382
2026-06-08 14:40:00+00:00,93.61000061035156,93.625,93.5999984741211,93.62000274658203,45702
2026-06-08 14:45:00+00:00,93.625,93.63999938964844,93.61509704589844,93.61509704589844,76763
2026-06-08 14:50:00+00:00,93.61499786376953,93.6259994506836,93.61009979248047,93.625,45891
2026-06-08 14:55:00+00:00,93.62999725341797,93.6449966430664,93.6218032836914,93.6449966430664,40211
2026-06-08 15:00:00+00:00,93.64990234375,93.68990325927734,93.64009857177734,93.6500015258789,65874
2026-06-08 15:05:00+00:00,93.652099609375,93.65660095214844,93.6449966430664,93.6449966430664,36762
2026-06-08 15:10:00+00:00,93.6449966430664,93.66000366210938,93.63500213623047,93.6500015258789,217361
2026-06-08 15:15:00+00:00,93.6449966430664,93.68499755859375,93.63999938964844,93.67500305175781,94292
2026-06-08 15:20:00+00:00,93.67389678955078,93.68499755859375,93.66010284423828,93.68499755859375,56581
2026-06-08 15:25:00+00:00,93.68000030517578,93.68000030517578,93.625,93.625,0
2026-06-08 15:30:00+00:00,93.62660217285156,93.62660217285156,93.58999633789062,93.5999984741211,103823
2026-06-08 15:35:00+00:00,93.6050033569336,93.6050033569336,93.58999633789062,93.6050033569336,87223
2026-06-08 15:40:00+00:00,93.6050033569336,93.61000061035156,93.59500122070312,93.59500122070312,89102
2026-06-08 15:45:00+00:00,93.59860229492188,93.59860229492188,93.57499694824219,93.5801010131836,55904
2026-06-08 15:50:00+00:00,93.58499908447266,93.59660339355469,93.58000183105469,93.59500122070312,28662
2026-06-08 15:55:00+00:00,93.59500122070312,93.60659790039062,93.58300018310547,93.59500122070312,193161
2026-06-08 16:00:00+00:00,93.58999633789062,93.597900390625,93.58000183105469,93.58999633789062,13322
2026-06-08 16:05:00+00:00,93.59500122070312,93.60990142822266,93.59020233154297,93.59020233154297,41135
2026-06-08 16:10:00+00:00,93.59500122070312,93.59870147705078,93.58000183105469,93.59500122070312,109423
2026-06-08 16:15:00+00:00,93.59989929199219,93.59989929199219,93.56999969482422,93.58000183105469,30815
2026-06-08 16:20:00+00:00,93.58000183105469,93.5999984741211,93.58000183105469,93.58999633789062,18580
2026-06-08 16:25:00+00:00,93.59500122070312,93.5999984741211,93.59459686279297,93.59500122070312,4101
2026-06-08 16:30:00+00:00,93.59500122070312,93.6050033569336,93.59500122070312,93.5999984741211,11476
2026-06-08 16:35:00+00:00,93.58999633789062,93.59989929199219,93.58499908447266,93.59500122070312,18625
2026-06-08 16:40:00+00:00,93.59500122070312,93.5989990234375,93.58499908447266,93.59020233154297,29470
2026-06-08 16:45:00+00:00,93.59500122070312,93.61000061035156,93.58999633789062,93.5999984741211,34473
2026-06-08 16:50:00+00:00,93.5999984741211,93.6050033569336,93.58999633789062,93.60030364990234,23456
2026-06-08 16:55:00+00:00,93.6050033569336,93.61009979248047,93.5999984741211,93.5999984741211,9093
2026-06-08 17:00:00+00:00,93.58999633789062,93.59500122070312,93.58999633789062,93.59500122070312,5336
2026-06-08 17:05:00+00:00,93.6050033569336,93.60749816894531,93.5999984741211,93.5999984741211,14723
2026-06-08 17:10:00+00:00,93.5999984741211,93.61499786376953,93.5999984741211,93.6050033569336,20947
2026-06-08 17:15:00+00:00,93.60990142822266,93.61000061035156,93.5999984741211,93.5999984741211,48126
2026-06-08 17:20:00+00:00,93.5999984741211,93.6083984375,93.59500122070312,93.6050033569336,11736
2026-06-08 17:25:00+00:00,93.6050033569336,93.61000061035156,93.5999984741211,93.6050033569336,18257
2026-06-08 17:30:00+00:00,93.60240173339844,93.62000274658203,93.58999633789062,93.6001968383789,93992
2026-06-08 17:35:00+00:00,93.6001968383789,93.60990142822266,93.59030151367188,93.6050033569336,12906
2026-06-08 17:40:00+00:00,93.6050033569336,93.62000274658203,93.6050033569336,93.61499786376953,16579
2026-06-08 17:45:00+00:00,93.62000274658203,93.63999938964844,93.61430358886719,93.63839721679688,32350
2026-06-08 17:50:00+00:00,93.635498046875,93.63990020751953,93.625,93.63500213623047,14330
2026-06-08 17:55:00+00:00,93.62999725341797,93.63500213623047,93.62999725341797,93.63500213623047,6591
2026-06-08 18:00:00+00:00,93.62999725341797,93.6500015258789,93.62999725341797,93.6449966430664,19788
2026-06-08 18:05:00+00:00,93.6500015258789,93.66000366210938,93.63999938964844,93.6500015258789,20891
2026-06-08 18:10:00+00:00,93.6500015258789,93.6500015258789,93.63500213623047,93.63999938964844,21260
2026-06-08 18:15:00+00:00,93.6500015258789,93.6500015258789,93.6449966430664,93.6449966430664,14547
2026-06-08 18:20:00+00:00,93.6449966430664,93.66999816894531,93.63999938964844,93.65499877929688,78089
2026-06-08 18:25:00+00:00,93.65499877929688,93.67500305175781,93.65499877929688,93.67500305175781,31734
2026-06-08 18:30:00+00:00,93.677001953125,93.68000030517578,93.66500091552734,93.67009735107422,25081
2026-06-08 18:35:00+00:00,93.67630004882812,93.67900085449219,93.66000366210938,93.66999816894531,52979
2026-06-08 18:40:00+00:00,93.67500305175781,93.67960357666016,93.66500091552734,93.67960357666016,20191
2026-06-08 18:45:00+00:00,93.66999816894531,93.67500305175781,93.66010284423828,93.66500091552734,15715
2026-06-08 18:50:00+00:00,93.66500091552734,93.66999816894531,93.6500015258789,93.66999816894531,34678
2026-06-08 18:55:00+00:00,93.66999816894531,93.66999816894531,93.62999725341797,93.62999725341797,27153
2026-06-08 19:00:00+00:00,93.62999725341797,93.63999938964844,93.61499786376953,93.62999725341797,49063
2026-06-08 19:05:00+00:00,93.63990020751953,93.63990020751953,93.625,93.63500213623047,40885
2026-06-08 19:10:00+00:00,93.63500213623047,93.6458969116211,93.62229919433594,93.62999725341797,47063
2026-06-08 19:15:00+00:00,93.625,93.62999725341797,93.62229919433594,93.62999725341797,7588
2026-06-08 19:20:00+00:00,93.625,93.62770080566406,93.61000061035156,93.61000061035156,38506
2026-06-08 19:25:00+00:00,93.61499786376953,93.61990356445312,93.60009765625,93.6050033569336,33664
2026-06-08 19:30:00+00:00,93.6050033569336,93.60990142822266,93.59500122070312,93.59500122070312,21813
2026-06-08 19:35:00+00:00,93.59010314941406,93.6050033569336,93.5801010131836,93.58499908447266,26973
2026-06-08 19:40:00+00:00,93.58499908447266,93.58999633789062,93.58000183105469,93.58499908447266,32294
2026-06-08 19:45:00+00:00,93.5822982788086,93.5999984741211,93.58000183105469,93.58999633789062,50030
2026-06-08 19:50:00+00:00,93.58999633789062,93.5999984741211,93.55999755859375,93.56999969482422,298703
2026-06-08 19:55:00+00:00,93.57990264892578,93.57990264892578,93.5250015258789,93.52999877929688,443890
2026-06-09 13:30:00+00:00,93.69999694824219,93.74500274658203,93.69999694824219,93.73999786376953,124392
2026-06-09 13:35:00+00:00,93.73500061035156,93.75,93.7300033569336,93.74500274658203,82140
2026-06-09 13:40:00+00:00,93.74500274658203,93.75800323486328,93.73999786376953,93.75,51672
2026-06-09 13:45:00+00:00,93.75,93.79000091552734,93.74009704589844,93.77999877929688,136064
2026-06-09 13:50:00+00:00,93.77999877929688,93.77999877929688,93.71499633789062,93.72000122070312,64632
2026-06-09 13:55:00+00:00,93.7249984741211,93.7249984741211,93.68000030517578,93.68499755859375,78376
2026-06-09 14:00:00+00:00,93.69000244140625,93.72000122070312,93.68000030517578,93.70999908447266,40356
2026-06-09 14:05:00+00:00,93.70500183105469,93.72000122070312,93.69010162353516,93.72000122070312,21244
2026-06-09 14:10:00+00:00,93.7249984741211,93.7249984741211,93.69499969482422,93.70230102539062,149136
2026-06-09 14:15:00+00:00,93.70500183105469,93.71499633789062,93.69000244140625,93.69499969482422,42971
2026-06-09 14:20:00+00:00,93.70500183105469,93.74500274658203,93.70040130615234,93.73999786376953,93875
2026-06-09 14:25:00+00:00,93.73999786376953,93.74500274658203,93.73500061035156,93.74500274658203,54781
2026-06-09 14:30:00+00:00,93.74500274658203,93.75499725341797,93.73999786376953,93.73999786376953,18610
2026-06-09 14:35:00+00:00,93.73500061035156,93.73999786376953,93.69309997558594,93.70500183105469,80375
2026-06-09 14:40:00+00:00,93.70500183105469,93.71659851074219,93.69999694824219,93.70999908447266,67137
2026-06-09 14:45:00+00:00,93.70249938964844,93.72000122070312,93.68000030517578,93.68350219726562,283717
2026-06-09 14:50:00+00:00,93.68499755859375,93.69999694824219,93.67500305175781,93.68000030517578,54130
2026-06-09 14:55:00+00:00,93.68000030517578,93.68000030517578,93.6500015258789,93.65499877929688,29741
2026-06-09 15:00:00+00:00,93.65499877929688,93.67500305175781,93.65010070800781,93.66000366210938,28812
2026-06-09 15:05:00+00:00,93.66500091552734,93.66500091552734,93.65350341796875,93.66500091552734,23991
2026-06-09 15:10:00+00:00,93.66500091552734,93.66999816894531,93.66000366210938,93.66999816894531,23404
2026-06-09 15:15:00+00:00,93.66500091552734,93.68000030517578,93.66000366210938,93.66500091552734,38825
2026-06-09 15:20:00+00:00,93.66500091552734,93.67500305175781,93.65249633789062,93.67500305175781,16110
2026-06-09 15:25:00+00:00,93.68000030517578,93.68000030517578,93.62999725341797,93.63490295410156,109151
2026-06-09 15:30:00+00:00,93.63999938964844,93.64250183105469,93.61000061035156,93.63999938964844,224787
2026-06-09 15:35:00+00:00,93.63999938964844,93.66500091552734,93.62999725341797,93.65499877929688,210036
2026-06-09 15:40:00+00:00,93.65499877929688,93.68000030517578,93.65499877929688,93.68000030517578,53626
2026-06-09 15:45:00+00:00,93.68000030517578,93.68499755859375,93.67500305175781,93.67510223388672,36632
2026-06-09 15:50:00+00:00,93.69000244140625,93.7249984741211,93.69000244140625,93.71499633789062,103910
2026-06-09 15:55:00+00:00,93.72000122070312,93.78500366210938,93.72000122070312,93.77999877929688,58746
2026-06-09 16:00:00+00:00,93.79499816894531,93.80000305175781,93.77999877929688,93.79000091552734,182731
2026-06-09 16:05:00+00:00,93.79499816894531,93.81999969482422,93.79000091552734,93.81999969482422,101856
2026-06-09 16:10:00+00:00,93.80999755859375,93.81999969482422,93.79000091552734,93.80500030517578,328827
2026-06-09 16:15:00+00:00,93.80500030517578,93.84500122070312,93.80500030517578,93.83000183105469,166776
2026-06-09 16:20:00+00:00,93.82499694824219,93.83989715576172,93.81999969482422,93.82499694824219,30861
2026-06-09 16:25:00+00:00,93.82499694824219,93.83000183105469,93.80010223388672,93.80500030517578,15293
2026-06-09 16:30:00+00:00,93.80500030517578,93.81999969482422,93.80500030517578,93.81500244140625,38111
2026-06-09 16:35:00+00:00,93.81500244140625,93.83000183105469,93.63500213623047,93.68000030517578,820670
2026-06-09 16:40:00+00:00,93.66999816894531,93.68499755859375,93.625,93.68499755859375,248582
2026-06-09 16:45:00+00:00,93.68000030517578,93.7300033569336,93.66999816894531,93.69499969482422,224407
2026-06-09 16:50:00+00:00,93.71499633789062,93.7249984741211,93.70240020751953,93.70999908447266,65900
2026-06-09 16:55:00+00:00,93.70999908447266,93.7300033569336,93.70500183105469,93.72000122070312,69942
2026-06-09 17:00:00+00:00,93.7249984741211,93.7300033569336,93.70999908447266,93.7249984741211,30692
2026-06-09 17:05:00+00:00,93.72989654541016,93.73999786376953,93.72209930419922,93.7249984741211,33109
2026-06-09 17:10:00+00:00,93.72000122070312,93.73999786376953,93.69999694824219,93.72000122070312,37572
2026-06-09 17:15:00+00:00,93.73999786376953,93.75499725341797,93.72350311279297,93.72350311279297,52782
2026-06-09 17:20:00+00:00,93.75499725341797,93.79499816894531,93.74500274658203,93.79019927978516,75802
2026-06-09 17:25:00+00:00,93.79199981689453,93.80000305175781,93.77999877929688,93.77999877929688,147297
2026-06-09 17:30:00+00:00,93.78500366210938,93.79499816894531,93.77999877929688,93.77999877929688,67470
2026-06-09 17:35:00+00:00,93.78500366210938,93.79499816894531,93.7750015258789,93.78500366210938,24836
2026-06-09 17:40:00+00:00,93.77999877929688,93.79499816894531,93.7750015258789,93.78500366210938,34517
2026-06-09 17:45:00+00:00,93.78500366210938,93.79000091552734,93.7750015258789,93.78730010986328,17192
2026-06-09 17:50:00+00:00,93.78500366210938,93.78500366210938,93.7699966430664,93.77420043945312,30924
2026-06-09 17:55:00+00:00,93.7699966430664,93.78500366210938,93.76000213623047,93.78500366210938,61001
2026-06-09 18:00:00+00:00,93.78500366210938,93.79000091552734,93.73500061035156,93.7406005859375,49922
2026-06-09 18:05:00+00:00,93.74500274658203,93.74970245361328,93.73500061035156,93.74500274658203,25701
2026-06-09 18:10:00+00:00,93.74500274658203,93.75,93.7249984741211,93.74500274658203,49127
2026-06-09 18:15:00+00:00,93.73999786376953,93.75499725341797,93.73999786376953,93.75,95515
2026-06-09 18:20:00+00:00,93.76010131835938,93.77999877929688,93.75330352783203,93.77230072021484,26861
2026-06-09 18:25:00+00:00,93.7750015258789,93.77989959716797,93.7699966430664,93.77169799804688,47174
2026-06-09 18:30:00+00:00,93.77999877929688,93.79000091552734,93.7750015258789,93.78589630126953,44689
2026-06-09 18:35:00+00:00,93.77999877929688,93.79000091552734,93.7699966430664,93.78990173339844,23947
2026-06-09 18:40:00+00:00,93.78500366210938,93.80000305175781,93.7750015258789,93.79499816894531,107889
2026-06-09 18:45:00+00:00,93.79499816894531,93.80000305175781,93.77999877929688,93.77999877929688,51992
2026-06-09 18:50:00+00:00,93.78500366210938,93.80000305175781,93.78500366210938,93.80000305175781,109186
2026-06-09 18:55:00+00:00,93.80000305175781,93.81500244140625,93.80000305175781,93.80500030517578,131734
2026-06-09 19:00:00+00:00,93.80999755859375,93.81890106201172,93.80000305175781,93.80000305175781,40292
2026-06-09 19:05:00+00:00,93.80000305175781,93.81659698486328,93.80000305175781,93.80999755859375,59035
2026-06-09 19:10:00+00:00,93.80500030517578,93.8197021484375,93.80000305175781,93.80500030517578,35542
2026-06-09 19:15:00+00:00,93.80500030517578,93.80500030517578,93.79000091552734,93.79010009765625,36283
2026-06-09 19:20:00+00:00,93.79499816894531,93.79989624023438,93.77999877929688,93.79000091552734,44292
2026-06-09 19:25:00+00:00,93.78500366210938,93.80000305175781,93.78500366210938,93.80000305175781,51866
2026-06-09 19:30:00+00:00,93.79499816894531,93.80989837646484,93.79499816894531,93.80000305175781,93398
2026-06-09 19:35:00+00:00,93.80500030517578,93.80999755859375,93.79010009765625,93.80000305175781,92335
2026-06-09 19:40:00+00:00,93.80500030517578,93.80999755859375,93.77999877929688,93.77999877929688,139909
2026-06-09 19:45:00+00:00,93.78500366210938,93.79000091552734,93.77999877929688,93.78009796142578,87556
2026-06-09 19:50:00+00:00,93.78130340576172,93.80000305175781,93.77999877929688,93.78500366210938,306514
2026-06-09 19:55:00+00:00,93.77010345458984,93.80000305175781,93.77010345458984,93.78500366210938,286060
2026-06-10 13:30:00+00:00,93.81999969482422,93.8375015258789,93.80249786376953,93.80500030517578,109581
2026-06-10 13:35:00+00:00,93.80999755859375,93.8499984741211,93.80999755859375,93.82499694824219,125013
2026-06-10 13:40:00+00:00,93.83000183105469,93.8499984741211,93.81500244140625,93.8499984741211,63756
2026-06-10 13:45:00+00:00,93.87000274658203,93.87999725341797,93.84989929199219,93.8550033569336,115938
2026-06-10 13:50:00+00:00,93.86039733886719,93.86039733886719,93.81999969482422,93.81999969482422,43916
2026-06-10 13:55:00+00:00,93.80999755859375,93.83499908447266,93.80139923095703,93.83499908447266,56067
2026-06-10 14:00:00+00:00,93.83999633789062,93.8550033569336,93.83290100097656,93.8469009399414,254263
2026-06-10 14:05:00+00:00,93.84500122070312,93.8499984741211,93.81500244140625,93.83000183105469,58544
2026-06-10 14:10:00+00:00,93.8499984741211,93.88999938964844,93.8499984741211,93.87670135498047,51362
2026-06-10 14:15:00+00:00,93.875,93.89990234375,93.8499984741211,93.87000274658203,66946
2026-06-10 14:20:00+00:00,93.86900329589844,93.87000274658203,93.8499984741211,93.87000274658203,71829
2026-06-10 14:25:00+00:00,93.86499786376953,93.86990356445312,93.82499694824219,93.83999633789062,62667
2026-06-10 14:30:00+00:00,93.83999633789062,93.83999633789062,93.81999969482422,93.83000183105469,35525
2026-06-10 14:35:00+00:00,93.84249877929688,93.8499984741211,93.83499908447266,93.84459686279297,38987
2026-06-10 14:40:00+00:00,93.8499984741211,93.86000061035156,93.84500122070312,93.8499984741211,34410
2026-06-10 14:45:00+00:00,93.8499984741211,93.86990356445312,93.8499984741211,93.86499786376953,24454
2026-06-10 14:50:00+00:00,93.86499786376953,93.875,93.83499908447266,93.86100006103516,158603
2026-06-10 14:55:00+00:00,93.86000061035156,93.86000061035156,93.83499908447266,93.83499908447266,38793
2026-06-10 15:00:00+00:00,93.83499908447266,93.83499908447266,93.81500244140625,93.82499694824219,64626
2026-06-10 15:05:00+00:00,93.83000183105469,93.83499908447266,93.81999969482422,93.83000183105469,29244
2026-06-10 15:10:00+00:00,93.83000183105469,93.8499984741211,93.83000183105469,93.84259796142578,50643
2026-06-10 15:15:00+00:00,93.83999633789062,93.83999633789062,93.82499694824219,93.83989715576172,96457
2026-06-10 15:20:00+00:00,93.83499908447266,93.83999633789062,93.81999969482422,93.82499694824219,50049
2026-06-10 15:25:00+00:00,93.81999969482422,93.86000061035156,93.81999969482422,93.8550033569336,74147
2026-06-10 15:30:00+00:00,93.8550033569336,93.87000274658203,93.83999633789062,93.86990356445312,42099
2026-06-10 15:35:00+00:00,93.86830139160156,93.86830139160156,93.8499984741211,93.8499984741211,23122
2026-06-10 15:40:00+00:00,93.8499984741211,93.8499984741211,93.8218994140625,93.8218994140625,17595
2026-06-10 15:45:00+00:00,93.82990264892578,93.84500122070312,93.7300033569336,93.77999877929688,270201
2026-06-10 15:50:00+00:00,93.77999877929688,93.80400085449219,93.73500061035156,93.79000091552734,114015
2026-06-10 15:55:00+00:00,93.78500366210938,93.80599975585938,93.78500366210938,93.80500030517578,17002
2026-06-10 16:00:00+00:00,93.81500244140625,93.82749938964844,93.79000091552734,93.80999755859375,66361
2026-06-10 16:05:00+00:00,93.80500030517578,93.81999969482422,93.79499816894531,93.80500030517578,57981
2026-06-10 16:10:00+00:00,93.80000305175781,93.81559753417969,93.79000091552734,93.81500244140625,18510
2026-06-10 16:15:00+00:00,93.81500244140625,93.81770324707031,93.79499816894531,93.80500030517578,35226
2026-06-10 16:20:00+00:00,93.80999755859375,93.81999969482422,93.79499816894531,93.79499816894531,62393
2026-06-10 16:25:00+00:00,93.7926025390625,93.81500244140625,93.79000091552734,93.80500030517578,38256
2026-06-10 16:30:00+00:00,93.80999755859375,93.81500244140625,93.80000305175781,93.81500244140625,35678
2026-06-10 16:35:00+00:00,93.81500244140625,93.81500244140625,93.77999877929688,93.77999877929688,44523
2026-06-10 16:40:00+00:00,93.78500366210938,93.79000091552734,93.77100372314453,93.77999877929688,46875
2026-06-10 16:45:00+00:00,93.78500366210938,93.78500366210938,93.73999786376953,93.7499008178711,56863
2026-06-10 16:50:00+00:00,93.74500274658203,93.75499725341797,93.73999786376953,93.74009704589844,27436
2026-06-10 16:55:00+00:00,93.73999786376953,93.75,93.7249984741211,93.73999786376953,149201
2026-06-10 17:00:00+00:00,93.74500274658203,93.76499938964844,93.74500274658203,93.76499938964844,50438
2026-06-10 17:05:00+00:00,93.76499938964844,93.7699966430664,93.73500061035156,93.73919677734375,50818
2026-06-10 17:10:00+00:00,93.73500061035156,93.73999786376953,93.72250366210938,93.7300033569336,32365
2026-06-10 17:15:00+00:00,93.7249984741211,93.7300033569336,93.68460083007812,93.68460083007812,52375
2026-06-10 17:20:00+00:00,93.68499755859375,93.70500183105469,93.66999816894531,93.68990325927734,74317
2026-06-10 17:25:00+00:00,93.68499755859375,93.68499755859375,93.66500091552734,93.66500091552734,36292
2026-06-10 17:30:00+00:00,93.66500091552734,93.66999816894531,93.6500015258789,93.6500015258789,88458
2026-06-10 17:35:00+00:00,93.64990234375,93.64990234375,93.62999725341797,93.63500213623047,52680
2026-06-10 17:40:00+00:00,93.62999725341797,93.63500213623047,93.62000274658203,93.62000274658203,43574
2026-06-10 17:45:00+00:00,93.62000274658203,93.66500091552734,93.61940002441406,93.66010284423828,96583
2026-06-10 17:50:00+00:00,93.66000366210938,93.67500305175781,93.59500122070312,93.67500305175781,524112
2026-06-10 17:55:00+00:00,93.68000030517578,93.69999694824219,93.67500305175781,93.69499969482422,43270
2026-06-10 18:00:00+00:00,93.70500183105469,93.73999786376953,93.70500183105469,93.73999786376953,41077
2026-06-10 18:05:00+00:00,93.73999786376953,93.75,93.73999786376953,93.75,34368
2026-06-10 18:10:00+00:00,93.74749755859375,93.75,93.74189758300781,93.74500274658203,38362
2026-06-10 18:15:00+00:00,93.74500274658203,93.76000213623047,93.73500061035156,93.73500061035156,78534
2026-06-10 18:20:00+00:00,93.73500061035156,93.73500061035156,93.72010040283203,93.7249984741211,45090
2026-06-10 18:25:00+00:00,93.71499633789062,93.73999786376953,93.71279907226562,93.73500061035156,20346
2026-06-10 18:30:00+00:00,93.7300033569336,93.75,93.72250366210938,93.73999786376953,63145
2026-06-10 18:35:00+00:00,93.73999786376953,93.73999786376953,93.72000122070312,93.73999786376953,64070
2026-06-10 18:40:00+00:00,93.74500274658203,93.76000213623047,93.74009704589844,93.75499725341797,16195
2026-06-10 18:45:00+00:00,93.75499725341797,93.76000213623047,93.74500274658203,93.75499725341797,53438
2026-06-10 18:50:00+00:00,93.75499725341797,93.75499725341797,93.73999786376953,93.74500274658203,25362
2026-06-10 18:55:00+00:00,93.73999786376953,93.73999786376953,93.7249984741211,93.7300033569336,95242
2026-06-10 19:00:00+00:00,93.73999786376953,93.73999786376953,93.7300033569336,93.7300033569336,55119
2026-06-10 19:05:00+00:00,93.7301025390625,93.73500061035156,93.71499633789062,93.72010040283203,34210
2026-06-10 19:10:00+00:00,93.7249984741211,93.7300033569336,93.72000122070312,93.72989654541016,36558
2026-06-10 19:15:00+00:00,93.7300033569336,93.7300033569336,93.70999908447266,93.71990203857422,55347
2026-06-10 19:20:00+00:00,93.72000122070312,93.7300033569336,93.71499633789062,93.7249984741211,26770
2026-06-10 19:25:00+00:00,93.72000122070312,93.7300033569336,93.69999694824219,93.69999694824219,71583
2026-06-10 19:30:00+00:00,93.69999694824219,93.71499633789062,93.69999694824219,93.71009826660156,21992
2026-06-10 19:35:00+00:00,93.71499633789062,93.7249984741211,93.69999694824219,93.7249984741211,69390
2026-06-10 19:40:00+00:00,93.7249984741211,93.7300033569336,93.70999908447266,93.7249984741211,79020
2026-06-10 19:45:00+00:00,93.7249984741211,93.7300033569336,93.72000122070312,93.72969818115234,26330
2026-06-10 19:50:00+00:00,93.72000122070312,93.7249984741211,93.70999908447266,93.7249984741211,66188
2026-06-10 19:55:00+00:00,93.72000122070312,93.72010040283203,93.69000244140625,93.71499633789062,399996
2026-06-11 13:30:00+00:00,93.80000305175781,93.8499984741211,93.80000305175781,93.83499908447266,137807
2026-06-11 13:35:00+00:00,93.83000183105469,93.83000183105469,93.80000305175781,93.81999969482422,41095
2026-06-11 13:40:00+00:00,93.82499694824219,93.84839630126953,93.8240966796875,93.84839630126953,10190
2026-06-11 13:45:00+00:00,93.84609985351562,93.91999816894531,93.84500122070312,93.875,155279
2026-06-11 13:50:00+00:00,93.875,93.93000030517578,93.875,93.91000366210938,85937
2026-06-11 13:55:00+00:00,93.91500091552734,93.92500305175781,93.90499877929688,93.90799713134766,25542
2026-06-11 14:00:00+00:00,93.90499877929688,93.91000366210938,93.88500213623047,93.89129638671875,29359
2026-06-11 14:05:00+00:00,93.89520263671875,93.9094009399414,93.89099884033203,93.90550231933594,12770
2026-06-11 14:10:00+00:00,93.90499877929688,93.90499877929688,93.87000274658203,93.88310241699219,32490
2026-06-11 14:15:00+00:00,93.88999938964844,93.8949966430664,93.86499786376953,93.87000274658203,35904
2026-06-11 14:20:00+00:00,93.86499786376953,93.86499786376953,93.85009765625,93.8550033569336,31270
2026-06-11 14:25:00+00:00,93.8550033569336,93.8593978881836,93.83499908447266,93.83999633789062,17649
2026-06-11 14:30:00+00:00,93.83999633789062,93.84500122070312,93.83219909667969,93.8386001586914,11766
2026-06-11 14:35:00+00:00,93.83499908447266,93.83999633789062,93.82499694824219,93.83989715576172,14384
2026-06-11 14:40:00+00:00,93.83499908447266,93.8499984741211,93.8333969116211,93.83470153808594,19165
2026-06-11 14:45:00+00:00,93.83499908447266,93.83499908447266,93.81999969482422,93.83000183105469,15757
2026-06-11 14:50:00+00:00,93.83989715576172,93.83989715576172,93.8313980102539,93.83499908447266,6694
2026-06-11 14:55:00+00:00,93.83999633789062,93.86000061035156,93.83999633789062,93.85050201416016,17503
2026-06-11 15:00:00+00:00,93.85929870605469,93.86499786376953,93.84149932861328,93.86499786376953,19756
2026-06-11 15:05:00+00:00,93.87000274658203,93.88980102539062,93.84500122070312,93.87699890136719,687158
2026-06-11 15:10:00+00:00,93.875,93.88999938964844,93.86009979248047,93.86009979248047,20064
2026-06-11 15:15:00+00:00,93.86000061035156,93.87550354003906,93.86000061035156,93.86009979248047,13131
2026-06-11 15:20:00+00:00,93.875,93.87989807128906,93.86499786376953,93.87989807128906,6344
2026-06-11 15:25:00+00:00,93.87999725341797,93.91000366210938,93.87999725341797,93.88500213623047,100039
2026-06-11 15:30:00+00:00,93.87000274658203,93.88999938964844,93.87000274658203,93.875,19659
2026-06-11 15:35:00+00:00,93.87000274658203,93.87000274658203,93.8499984741211,93.86499786376953,32937
2026-06-11 15:40:00+00:00,93.86499786376953,93.86849975585938,93.83999633789062,93.84500122070312,26180
2026-06-11 15:45:00+00:00,93.84989929199219,93.84989929199219,93.83499908447266,93.847900390625,30836
2026-06-11 15:50:00+00:00,93.84500122070312,93.84500122070312,93.83000183105469,93.83699798583984,14294
2026-06-11 15:55:00+00:00,93.83180236816406,93.8550033569336,93.82499694824219,93.83499908447266,45137
2026-06-11 16:00:00+00:00,93.83499908447266,93.83989715576172,93.80500030517578,93.80500030517578,34299
2026-06-11 16:05:00+00:00,93.80870056152344,93.83000183105469,93.80500030517578,93.82499694824219,13038
2026-06-11 16:10:00+00:00,93.81999969482422,93.82499694824219,93.81500244140625,93.81500244140625,11991
2026-06-11 16:15:00+00:00,93.81999969482422,93.82990264892578,93.80999755859375,93.82499694824219,37007
2026-06-11 16:20:00+00:00,93.82499694824219,93.82499694824219,93.7699966430664,93.81500244140625,212490
2026-06-11 16:25:00+00:00,93.80999755859375,93.81500244140625,93.79000091552734,93.79000091552734,13455
2026-06-11 16:30:00+00:00,93.78500366210938,93.81500244140625,93.78500366210938,93.81500244140625,125233
2026-06-11 16:35:00+00:00,93.80500030517578,93.80989837646484,93.80000305175781,93.80000305175781,16317
2026-06-11 16:40:00+00:00,93.79879760742188,93.80500030517578,93.79000091552734,93.79989624023438,14922
2026-06-11 16:45:00+00:00,93.79499816894531,93.79989624023438,93.79499816894531,93.79499816894531,7379
2026-06-11 16:50:00+00:00,93.80999755859375,93.81999969482422,93.80999755859375,93.80999755859375,26045
2026-06-11 16:55:00+00:00,93.81500244140625,93.81500244140625,93.80010223388672,93.80010223388672,20338
2026-06-11 17:00:00+00:00,93.80999755859375,93.81999969482422,93.75,93.77269744873047,133223
2026-06-11 17:05:00+00:00,93.77999877929688,93.77999877929688,93.76229858398438,93.77999877929688,7612
2026-06-11 17:10:00+00:00,93.80000305175781,93.82969665527344,93.80000305175781,93.80500030517578,112218
2026-06-11 17:15:00+00:00,93.80500030517578,93.81500244140625,93.80000305175781,93.81500244140625,9816
2026-06-11 17:20:00+00:00,93.81500244140625,93.82499694824219,93.81500244140625,93.82499694824219,30843
2026-06-11 17:25:00+00:00,93.81999969482422,94.02999877929688,93.80999755859375,93.98500061035156,909769
2026-06-11 17:30:00+00:00,93.98999786376953,94.07499694824219,93.97000122070312,94.06999969482422,242976
2026-06-11 17:35:00+00:00,94.06999969482422,94.125,94.05999755859375,94.12000274658203,216834
2026-06-11 17:40:00+00:00,94.12999725341797,94.21499633789062,94.12999725341797,94.19999694824219,410903
2026-06-11 17:45:00+00:00,94.19999694824219,94.20500183105469,94.16000366210938,94.19000244140625,372812
2026-06-11 17:50:00+00:00,94.19000244140625,94.20999908447266,94.16000366210938,94.16999816894531,724494
2026-06-11 17:55:00+00:00,94.19000244140625,94.19499969482422,94.16310119628906,94.16500091552734,66849
2026-06-11 18:00:00+00:00,94.16999816894531,94.18000030517578,94.09010314941406,94.1050033569336,484554
2026-06-11 18:05:00+00:00,94.10600280761719,94.13999938964844,94.08999633789062,94.12000274658203,73132
2026-06-11 18:10:00+00:00,94.12000274658203,94.17559814453125,94.12000274658203,94.17410278320312,61283
2026-06-11 18:15:00+00:00,94.18000030517578,94.25499725341797,94.18000030517578,94.25499725341797,234855
2026-06-11 18:20:00+00:00,94.25499725341797,94.2571029663086,94.19499969482422,94.22000122070312,466167
2026-06-11 18:25:00+00:00,94.2249984741211,94.23500061035156,94.21499633789062,94.22000122070312,291697
2026-06-11 18:30:00+00:00,94.2249984741211,94.23999786376953,94.19999694824219,94.2249984741211,477295
2026-06-11 18:35:00+00:00,94.22989654541016,94.25,94.2249984741211,94.24500274658203,114892
2026-06-11 18:40:00+00:00,94.2499008178711,94.26000213623047,94.24009704589844,94.25,26672
2026-06-11 18:45:00+00:00,94.25,94.29000091552734,94.24500274658203,94.29000091552734,196354
2026-06-11 18:50:00+00:00,94.29000091552734,94.29499816894531,94.27999877929688,94.28500366210938,51029
2026-06-11 18:55:00+00:00,94.29000091552734,94.30000305175781,94.25,94.25,199028
2026-06-11 19:00:00+00:00,94.26000213623047,94.28500366210938,94.26000213623047,94.28500366210938,50272
2026-06-11 19:05:00+00:00,94.28500366210938,94.28510284423828,94.24500274658203,94.27010345458984,48663
2026-06-11 19:10:00+00:00,94.2750015258789,94.33000183105469,94.2750015258789,94.31500244140625,361593
2026-06-11 19:15:00+00:00,94.31890106201172,94.33000183105469,94.30500030517578,94.33000183105469,144082
2026-06-11 19:20:00+00:00,94.33000183105469,94.33000183105469,94.31999969482422,94.33000183105469,54810
2026-06-11 19:25:00+00:00,94.32499694824219,94.33999633789062,94.3147964477539,94.31990051269531,174245
2026-06-11 19:30:00+00:00,94.31510162353516,94.375,94.31510162353516,94.35600280761719,174663
2026-06-11 19:35:00+00:00,94.3550033569336,94.36000061035156,94.34870147705078,94.3499984741211,111209
2026-06-11 19:40:00+00:00,94.3550033569336,94.37000274658203,94.3301010131836,94.33999633789062,111008
2026-06-11 19:45:00+00:00,94.33000183105469,94.33999633789062,94.31999969482422,94.33000183105469,87962
2026-06-11 19:50:00+00:00,94.32499694824219,94.3499984741211,94.32499694824219,94.34010314941406,574425
2026-06-11 19:55:00+00:00,94.34380340576172,94.36000061035156,94.33000183105469,94.33000183105469,509108
2026-06-12 13:30:00+00:00,94.1500015258789,94.16999816894531,94.13999938964844,94.13999938964844,71773
2026-06-12 13:35:00+00:00,94.1449966430664,94.1449966430664,94.12000274658203,94.13809967041016,168802
2026-06-12 13:40:00+00:00,94.12999725341797,94.12999725341797,94.0250015258789,94.06500244140625,425208
2026-06-12 13:45:00+00:00,94.06999969482422,94.09500122070312,94.05500030517578,94.08499908447266,101102
2026-06-12 13:50:00+00:00,94.08499908447266,94.09500122070312,94.07170104980469,94.07499694824219,29162
2026-06-12 13:55:00+00:00,94.06999969482422,94.08000183105469,94.05000305175781,94.06500244140625,27192
2026-06-12 14:00:00+00:00,94.05999755859375,94.11000061035156,94.05999755859375,94.08499908447266,265105
2026-06-12 14:05:00+00:00,94.08499908447266,94.09500122070312,94.08000183105469,94.08499908447266,41241
2026-06-12 14:10:00+00:00,94.09500122070312,94.09500122070312,94.06999969482422,94.08999633789062,28041
2026-06-12 14:15:00+00:00,94.08100128173828,94.11000061035156,94.08070373535156,94.08769989013672,46807
2026-06-12 14:20:00+00:00,94.08000183105469,94.08000183105469,94.06009674072266,94.08000183105469,26951
2026-06-12 14:25:00+00:00,94.08499908447266,94.08499908447266,94.04499816894531,94.05500030517578,47724
2026-06-12 14:30:00+00:00,94.05000305175781,94.05999755859375,94.04199981689453,94.05000305175781,88513
2026-06-12 14:35:00+00:00,94.05000305175781,94.08000183105469,94.04499816894531,94.07499694824219,94216
2026-06-12 14:40:00+00:00,94.06999969482422,94.06999969482422,94.02339935302734,94.02339935302734,38865
2026-06-12 14:45:00+00:00,94.02999877929688,94.04000091552734,94.02010345458984,94.02989959716797,83709
2026-06-12 14:50:00+00:00,94.0261001586914,94.1449966430664,94.01499938964844,94.11000061035156,368711
2026-06-12 14:55:00+00:00,94.12000274658203,94.1500015258789,94.11000061035156,94.13999938964844,217473
2026-06-12 15:00:00+00:00,94.13999938964844,94.19000244140625,94.12999725341797,94.15499877929688,147927
2026-06-12 15:05:00+00:00,94.16000366210938,94.17510223388672,94.1500015258789,94.16500091552734,65532
2026-06-12 15:10:00+00:00,94.16999816894531,94.19000244140625,94.16500091552734,94.19000244140625,15857
2026-06-12 15:15:00+00:00,94.18990325927734,94.19999694824219,94.18000030517578,94.19000244140625,8299
2026-06-12 15:20:00+00:00,94.18499755859375,94.21820068359375,94.18000030517578,94.21499633789062,861270
2026-06-12 15:25:00+00:00,94.21499633789062,94.22000122070312,94.19000244140625,94.20120239257812,85366
2026-06-12 15:30:00+00:00,94.19999694824219,94.20500183105469,94.18879699707031,94.19499969482422,32655
2026-06-12 15:35:00+00:00,94.19999694824219,94.2699966430664,94.19000244140625,94.2300033569336,400970
2026-06-12 15:40:00+00:00,94.22000122070312,94.22969818115234,94.20999908447266,94.20999908447266,16758
2026-06-12 15:45:00+00:00,94.20999908447266,94.21880340576172,94.18499755859375,94.19499969482422,19086
2026-06-12 15:50:00+00:00,94.19000244140625,94.20999908447266,94.19000244140625,94.20500183105469,34246
2026-06-12 15:55:00+00:00,94.19999694824219,94.20500183105469,94.19000244140625,94.19000244140625,22334
2026-06-12 16:00:00+00:00,94.19000244140625,94.19000244140625,94.16500091552734,94.18000030517578,45646
2026-06-12 16:05:00+00:00,94.17500305175781,94.17960357666016,94.1500015258789,94.1500015258789,79988
2026-06-12 16:10:00+00:00,94.14119720458984,94.2300033569336,94.13999938964844,94.19999694824219,630205
2026-06-12 16:15:00+00:00,94.20500183105469,94.2249984741211,94.19000244140625,94.19000244140625,55974
2026-06-12 16:20:00+00:00,94.19499969482422,94.20909881591797,94.18000030517578,94.1863021850586,400834
2026-06-12 16:25:00+00:00,94.18879699707031,94.18920135498047,94.17500305175781,94.17500305175781,30774
2026-06-12 16:30:00+00:00,94.17500305175781,94.17500305175781,94.16500091552734,94.17500305175781,35668
2026-06-12 16:35:00+00:00,94.17500305175781,94.17500305175781,94.1500015258789,94.16000366210938,181835
2026-06-12 16:40:00+00:00,94.16000366210938,94.18000030517578,94.13999938964844,94.16500091552734,194053
2026-06-12 16:45:00+00:00,94.16000366210938,94.17070007324219,94.16000366210938,94.1698989868164,128964
2026-06-12 16:50:00+00:00,94.16500091552734,94.18000030517578,94.15499877929688,94.16999816894531,19121
2026-06-12 16:55:00+00:00,94.16000366210938,94.16000366210938,94.1500015258789,94.16000366210938,8945
2026-06-12 17:00:00+00:00,94.16000366210938,94.16000366210938,94.1449966430664,94.15989685058594,88870
2026-06-12 17:05:00+00:00,94.15499877929688,94.2300033569336,94.15499877929688,94.18000030517578,303530
2026-06-12 17:10:00+00:00,94.18000030517578,94.18000030517578,94.16000366210938,94.16500091552734,25301
2026-06-12 17:15:00+00:00,94.18000030517578,94.19499969482422,94.18000030517578,94.19000244140625,15861
2026-06-12 17:20:00+00:00,94.19000244140625,94.19999694824219,94.18000030517578,94.18070220947266,26834
2026-06-12 17:25:00+00:00,94.18499755859375,94.19499969482422,94.17500305175781,94.19499969482422,31004
2026-06-12 17:30:00+00:00,94.19499969482422,94.19499969482422,94.18000030517578,94.18000030517578,8724
2026-06-12 17:35:00+00:00,94.18499755859375,94.1895980834961,94.16999816894531,94.1895980834961,13563
2026-06-12 17:40:00+00:00,94.18499755859375,94.19999694824219,94.18499755859375,94.19889831542969,26841
2026-06-12 17:45:00+00:00,94.19499969482422,94.19499969482422,94.18000030517578,94.18939971923828,27441
2026-06-12 17:50:00+00:00,94.18990325927734,94.20500183105469,94.18499755859375,94.18499755859375,48619
2026-06-12 17:55:00+00:00,94.18000030517578,94.18000030517578,94.16300201416016,94.17030334472656,26376
2026-06-12 18:00:00+00:00,94.17050170898438,94.17610168457031,94.16500091552734,94.16999816894531,27160
2026-06-12 18:05:00+00:00,94.16500091552734,94.19000244140625,94.16500091552734,94.19000244140625,37479
2026-06-12 18:10:00+00:00,94.18779754638672,94.19000244140625,94.18000030517578,94.18499755859375,18584
2026-06-12 18:15:00+00:00,94.18499755859375,94.19499969482422,94.18000030517578,94.19000244140625,117723
2026-06-12 18:20:00+00:00,94.18550109863281,94.19999694824219,94.18409729003906,94.19499969482422,120466
2026-06-12 18:25:00+00:00,94.19499969482422,94.19999694824219,94.19000244140625,94.19499969482422,21353
2026-06-12 18:30:00+00:00,94.19999694824219,94.20999908447266,94.19499969482422,94.19499969482422,55041
2026-06-12 18:35:00+00:00,94.19499969482422,94.20999908447266,94.19499969482422,94.19999694824219,31095
2026-06-12 18:40:00+00:00,94.20249938964844,94.20500183105469,94.19999694824219,94.20500183105469,10369
2026-06-12 18:45:00+00:00,94.20500183105469,94.20999908447266,94.19010162353516,94.20500183105469,43322
2026-06-12 18:50:00+00:00,94.20999908447266,94.20999908447266,94.19000244140625,94.19010162353516,16564
2026-06-12 18:55:00+00:00,94.19499969482422,94.20989990234375,94.13500213623047,94.13999938964844,113045
2026-06-12 19:00:00+00:00,94.13999938964844,94.15499877929688,94.12000274658203,94.1541976928711,31960
2026-06-12 19:05:00+00:00,94.1500015258789,94.16000366210938,94.12999725341797,94.1500015258789,278124
2026-06-12 19:10:00+00:00,94.1449966430664,94.1500015258789,94.12999725341797,94.1500015258789,62230
2026-06-12 19:15:00+00:00,94.14990234375,94.16000366210938,94.1417007446289,94.15499877929688,24042
2026-06-12 19:20:00+00:00,94.15989685058594,94.16000366210938,94.13999938964844,94.13999938964844,22700
2026-06-12 19:25:00+00:00,94.14900207519531,94.16000366210938,94.13999938964844,94.16000366210938,18646
2026-06-12 19:30:00+00:00,94.15499877929688,94.16000366210938,94.1500015258789,94.15499877929688,24693
2026-06-12 19:35:00+00:00,94.15499877929688,94.18000030517578,94.1500015258789,94.16000366210938,372659
2026-06-12 19:40:00+00:00,94.15499877929688,94.16000366210938,94.1500015258789,94.15499877929688,57018
2026-06-12 19:45:00+00:00,94.1500015258789,94.1500015258789,94.13500213623047,94.13500213623047,74118
2026-06-12 19:50:00+00:00,94.13999938964844,94.16000366210938,94.13999938964844,94.1449966430664,185163
2026-06-12 19:55:00+00:00,94.1500015258789,94.19000244140625,94.1449966430664,94.18499755859375,548649
2026-06-15 13:30:00+00:00,94.38999938964844,94.43000030517578,94.381103515625,94.41000366210938,154688
2026-06-15 13:35:00+00:00,94.41000366210938,94.42500305175781,94.4010009765625,94.41500091552734,656185
2026-06-15 13:40:00+00:00,94.41500091552734,94.41999816894531,94.40499877929688,94.41000366210938,338374
2026-06-15 13:45:00+00:00,94.41000366210938,94.41999816894531,94.3949966430664,94.4000015258789,315678
2026-06-15 13:50:00+00:00,94.40499877929688,94.41999816894531,94.3949966430664,94.41500091552734,49315
2026-06-15 13:55:00+00:00,94.41500091552734,94.42669677734375,94.41000366210938,94.42500305175781,36765
2026-06-15 14:00:00+00:00,94.42500305175781,94.43990325927734,94.4220962524414,94.43499755859375,28471
2026-06-15 14:05:00+00:00,94.44000244140625,94.44999694824219,94.44000244140625,94.44499969482422,98533
2026-06-15 14:10:00+00:00,94.44999694824219,94.45500183105469,94.43099975585938,94.44499969482422,347550
2026-06-15 14:15:00+00:00,94.44999694824219,94.47000122070312,94.44999694824219,94.45500183105469,0
2026-06-15 14:20:00+00:00,94.45999908447266,94.47000122070312,94.45010375976562,94.45500183105469,0
2026-06-15 14:25:00+00:00,94.45500183105469,94.45999908447266,94.44110107421875,94.44499969482422,19791
2026-06-15 14:30:00+00:00,94.44999694824219,94.44999694824219,94.43659973144531,94.43659973144531,19610
2026-06-15 14:35:00+00:00,94.43499755859375,94.44999694824219,94.41000366210938,94.42849731445312,27172
2026-06-15 14:40:00+00:00,94.42500305175781,94.43000030517578,94.41999816894531,94.42500305175781,2706
2026-06-15 14:45:00+00:00,94.42500305175781,94.43000030517578,94.41000366210938,94.41179656982422,30358
2026-06-15 14:50:00+00:00,94.41230010986328,94.41230010986328,94.375,94.375,31315
2026-06-15 14:55:00+00:00,94.375,94.38999938964844,94.36499786376953,94.375,22854
2026-06-15 15:00:00+00:00,94.37000274658203,94.37000274658203,94.34010314941406,94.34500122070312,16982
2026-06-15 15:05:00+00:00,94.3499984741211,94.3550033569336,94.33499908447266,94.33999633789062,55646
2026-06-15 15:10:00+00:00,94.34500122070312,94.3550033569336,94.33000183105469,94.33499908447266,33779
2026-06-15 15:15:00+00:00,94.33999633789062,94.36000061035156,94.33499908447266,94.34500122070312,20840
2026-06-15 15:20:00+00:00,94.34500122070312,94.3499984741211,94.33000183105469,94.33650207519531,48047
2026-06-15 15:25:00+00:00,94.33499908447266,94.3550033569336,94.33000183105469,94.3550033569336,24724
2026-06-15 15:30:00+00:00,94.3550033569336,94.3550033569336,94.33499908447266,94.34500122070312,80949
2026-06-15 15:35:00+00:00,94.34500122070312,94.36000061035156,94.33999633789062,94.36000061035156,23317
2026-06-15 15:40:00+00:00,94.36000061035156,94.36000061035156,94.33999633789062,94.3499984741211,19889
2026-06-15 15:45:00+00:00,94.3499984741211,94.36499786376953,94.3499984741211,94.36499786376953,33734
2026-06-15 15:50:00+00:00,94.36219787597656,94.37000274658203,94.36000061035156,94.36499786376953,111538
2026-06-15 15:55:00+00:00,94.36499786376953,94.375,94.36009979248047,94.36499786376953,36074
2026-06-15 16:00:00+00:00,94.36499786376953,94.38999938964844,94.36499786376953,94.375,53365
2026-06-15 16:05:00+00:00,94.375,94.375,94.36000061035156,94.36499786376953,12356
2026-06-15 16:10:00+00:00,94.36499786376953,94.37000274658203,94.36009979248047,94.36650085449219,15802
2026-06-15 16:15:00+00:00,94.36499786376953,94.36990356445312,94.3313980102539,94.33989715576172,20623
2026-06-15 16:20:00+00:00,94.33499908447266,94.36000061035156,94.33000183105469,94.3499984741211,29784
2026-06-15 16:25:00+00:00,94.3550033569336,94.36000061035156,94.35009765625,94.35030364990234,7197
2026-06-15 16:30:00+00:00,94.3550033569336,94.35870361328125,94.32499694824219,94.32499694824219,32708
2026-06-15 16:35:00+00:00,94.32859802246094,94.33499908447266,94.31999969482422,94.33000183105469,31272
2026-06-15 16:40:00+00:00,94.33000183105469,94.33000183105469,94.31999969482422,94.32450103759766,15651
2026-06-15 16:45:00+00:00,94.32499694824219,94.32499694824219,94.30999755859375,94.31500244140625,13496
2026-06-15 16:50:00+00:00,94.31500244140625,94.31500244140625,94.30000305175781,94.30000305175781,26443
2026-06-15 16:55:00+00:00,94.30000305175781,94.30000305175781,94.29000091552734,94.29499816894531,18228
2026-06-15 17:00:00+00:00,94.29499816894531,94.29499816894531,94.26229858398438,94.2645034790039,46322
2026-06-15 17:05:00+00:00,94.26499938964844,94.2750015258789,94.26000213623047,94.2750015258789,63038
2026-06-15 17:10:00+00:00,94.27010345458984,94.2853012084961,94.2699966430664,94.28500366210938,97789
2026-06-15 17:15:00+00:00,94.28500366210938,94.2876968383789,94.27999877929688,94.28500366210938,25574
2026-06-15 17:20:00+00:00,94.28500366210938,94.28500366210938,94.26210021972656,94.2750015258789,48371
2026-06-15 17:25:00+00:00,94.27999877929688,94.28500366210938,94.27999877929688,94.28500366210938,15508
2026-06-15 17:30:00+00:00,94.28500366210938,94.30500030517578,94.27999877929688,94.29139709472656,24524
2026-06-15 17:35:00+00:00,94.29499816894531,94.29879760742188,94.28500366210938,94.29000091552734,22801
2026-06-15 17:40:00+00:00,94.2979965209961,94.2979965209961,94.27999877929688,94.28500366210938,18127
2026-06-15 17:45:00+00:00,94.27999877929688,94.2876968383789,94.27999877929688,94.28500366210938,15701
2026-06-15 17:50:00+00:00,94.28500366210938,94.29989624023438,94.27999877929688,94.29499816894531,14152
2026-06-15 17:55:00+00:00,94.29499816894531,94.29499816894531,94.27999877929688,94.27999877929688,16924
2026-06-15 18:00:00+00:00,94.27999877929688,94.28500366210938,94.27010345458984,94.28500366210938,28943
2026-06-15 18:05:00+00:00,94.285400390625,94.28559875488281,94.27010345458984,94.27010345458984,17227
2026-06-15 18:10:00+00:00,94.2750015258789,94.27999877929688,94.2699966430664,94.2750015258789,39192
2026-06-15 18:15:00+00:00,94.2750015258789,94.2750015258789,94.26499938964844,94.2699966430664,15771
2026-06-15 18:20:00+00:00,94.2698974609375,94.28849792480469,94.26499938964844,94.28009796142578,15684
2026-06-15 18:25:00+00:00,94.28500366210938,94.29499816894531,94.27999877929688,94.28500366210938,13057
2026-06-15 18:30:00+00:00,94.27999877929688,94.27999877929688,94.2699966430664,94.27989959716797,23799
2026-06-15 18:35:00+00:00,94.2699966430664,94.27529907226562,94.26499938964844,94.2750015258789,13157
2026-06-15 18:40:00+00:00,94.2699966430664,94.27989959716797,94.2699966430664,94.2750015258789,22798
2026-06-15 18:45:00+00:00,94.28500366210938,94.28500366210938,94.2750015258789,94.28500366210938,21430
2026-06-15 18:50:00+00:00,94.27999877929688,94.27999877929688,94.2699966430664,94.2750015258789,23143
2026-06-15 18:55:00+00:00,94.2699966430664,94.27999877929688,94.26499938964844,94.2750015258789,35389
2026-06-15 19:00:00+00:00,94.27999877929688,94.30000305175781,94.27999877929688,94.29499816894531,46675
2026-06-15 19:05:00+00:00,94.29499816894531,94.30999755859375,94.29309844970703,94.30500030517578,28797
2026-06-15 19:10:00+00:00,94.3021011352539,94.31999969482422,94.30180358886719,94.31999969482422,20404
2026-06-15 19:15:00+00:00,94.31500244140625,94.31990051269531,94.30999755859375,94.31500244140625,19899
2026-06-15 19:20:00+00:00,94.31500244140625,94.31999969482422,94.30999755859375,94.30999755859375,20296
2026-06-15 19:25:00+00:00,94.30999755859375,94.3156967163086,94.29499816894531,94.29930114746094,49882
2026-06-15 19:30:00+00:00,94.30000305175781,94.30500030517578,94.27999877929688,94.27999877929688,32981
2026-06-15 19:35:00+00:00,94.27999877929688,94.29000091552734,94.2750015258789,94.2750015258789,76653
2026-06-15 19:40:00+00:00,94.27999877929688,94.29000091552734,94.27010345458984,94.2750015258789,80052
2026-06-15 19:45:00+00:00,94.2750015258789,94.30000305175781,94.2750015258789,94.29499816894531,112944
2026-06-15 19:50:00+00:00,94.29499816894531,94.30000305175781,94.27999877929688,94.29010009765625,131218
2026-06-15 19:55:00+00:00,94.29000091552734,94.29499816894531,94.26000213623047,94.2699966430664,293927
2026-06-16 13:30:00+00:00,94.37000274658203,94.4000015258789,94.36000061035156,94.3949966430664,110028
2026-06-16 13:35:00+00:00,94.4000015258789,94.40499877929688,94.38999938964844,94.38999938964844,35608
2026-06-16 13:40:00+00:00,94.38999938964844,94.38999938964844,94.37000274658203,94.37069702148438,39717
2026-06-16 13:45:00+00:00,94.37000274658203,94.37000274658203,94.3499984741211,94.36990356445312,40707
2026-06-16 13:50:00+00:00,94.37000274658203,94.40989685058594,94.37000274658203,94.38500213623047,152756
2026-06-16 13:55:00+00:00,94.38999938964844,94.4000015258789,94.38990020751953,94.3949966430664,126501
2026-06-16 14:00:00+00:00,94.39959716796875,94.40499877929688,94.38999938964844,94.39129638671875,28712
2026-06-16 14:05:00+00:00,94.38999938964844,94.4000015258789,94.38009643554688,94.38500213623047,86267
2026-06-16 14:10:00+00:00,94.38870239257812,94.39990234375,94.37999725341797,94.39990234375,35023
2026-06-16 14:15:00+00:00,94.38999938964844,94.4000015258789,94.38999938964844,94.4000015258789,25859
2026-06-16 14:20:00+00:00,94.4093017578125,94.41999816894531,94.4000015258789,94.40899658203125,19702
2026-06-16 14:25:00+00:00,94.41000366210938,94.42659759521484,94.41000366210938,94.41500091552734,12198
2026-06-16 14:30:00+00:00,94.41500091552734,94.41999816894531,94.40149688720703,94.40499877929688,22171
2026-06-16 14:35:00+00:00,94.40989685058594,94.42359924316406,94.40499877929688,94.41300201416016,76169
2026-06-16 14:40:00+00:00,94.41500091552734,94.41999816894531,94.40499877929688,94.40499877929688,10314
2026-06-16 14:45:00+00:00,94.40119934082031,94.41200256347656,94.4000015258789,94.41200256347656,14310
2026-06-16 14:50:00+00:00,94.4198989868164,94.4198989868164,94.4000015258789,94.40499877929688,10153
2026-06-16 14:55:00+00:00,94.4010009765625,94.44660186767578,94.4010009765625,94.44000244140625,21774
2026-06-16 15:00:00+00:00,94.44499969482422,94.44499969482422,94.42500305175781,94.43789672851562,42702
2026-06-16 15:05:00+00:00,94.42990112304688,94.43499755859375,94.42500305175781,94.42849731445312,8208
2026-06-16 15:10:00+00:00,94.42009735107422,94.44000244140625,94.42009735107422,94.43579864501953,7070
2026-06-16 15:15:00+00:00,94.43009948730469,94.44499969482422,94.43000030517578,94.44499969482422,37196
2026-06-16 15:20:00+00:00,94.44439697265625,94.44999694824219,94.43499755859375,94.44300079345703,27533
2026-06-16 15:25:00+00:00,94.44499969482422,94.44999694824219,94.44499969482422,94.44750213623047,14399
2026-06-16 15:30:00+00:00,94.44499969482422,94.47000122070312,94.44000244140625,94.4625015258789,68195
2026-06-16 15:35:00+00:00,94.46499633789062,94.47820281982422,94.45999908447266,94.47000122070312,8330
2026-06-16 15:40:00+00:00,94.4749984741211,94.4813003540039,94.46499633789062,94.4749984741211,609444
2026-06-16 15:45:00+00:00,94.4800033569336,94.48500061035156,94.45999908447266,94.48500061035156,21596
2026-06-16 15:50:00+00:00,94.48500061035156,94.56500244140625,94.48500061035156,94.55999755859375,34677
2026-06-16 15:55:00+00:00,94.56500244140625,94.6050033569336,94.55999755859375,94.57499694824219,111889
2026-06-16 16:00:00+00:00,94.56500244140625,94.56999969482422,94.54499816894531,94.54499816894531,24618
2026-06-16 16:05:00+00:00,94.54499816894531,94.55999755859375,94.54499816894531,94.55000305175781,16016
2026-06-16 16:10:00+00:00,94.55500030517578,94.56999969482422,94.55000305175781,94.56529998779297,28653
2026-06-16 16:15:00+00:00,94.56269836425781,94.58000183105469,94.56269836425781,94.58000183105469,30760
2026-06-16 16:20:00+00:00,94.56999969482422,94.5801010131836,94.56500244140625,94.57499694824219,27385
2026-06-16 16:25:00+00:00,94.57499694824219,94.58560180664062,94.56500244140625,94.56500244140625,9753
2026-06-16 16:30:00+00:00,94.56500244140625,94.58000183105469,94.56500244140625,94.57990264892578,13985
2026-06-16 16:35:00+00:00,94.57009887695312,94.57589721679688,94.56500244140625,94.57499694824219,17101
2026-06-16 16:40:00+00:00,94.56999969482422,94.56999969482422,94.55999755859375,94.55999755859375,8091
2026-06-16 16:45:00+00:00,94.55500030517578,94.58000183105469,94.55500030517578,94.57499694824219,12549
2026-06-16 16:50:00+00:00,94.57610321044922,94.58000183105469,94.56220245361328,94.56510162353516,104120
2026-06-16 16:55:00+00:00,94.57499694824219,94.58699798583984,94.56999969482422,94.56999969482422,25490
2026-06-16 17:00:00+00:00,94.57499694824219,94.61000061035156,94.57499694824219,94.58499908447266,64173
2026-06-16 17:05:00+00:00,94.58499908447266,94.58999633789062,94.58000183105469,94.58499908447266,15815
2026-06-16 17:10:00+00:00,94.58499908447266,94.589599609375,94.58000183105469,94.58000183105469,14375
2026-06-16 17:15:00+00:00,94.58989715576172,94.5999984741211,94.58000183105469,94.58499908447266,30761
2026-06-16 17:20:00+00:00,94.58000183105469,94.58000183105469,94.56999969482422,94.57499694824219,14096
2026-06-16 17:25:00+00:00,94.58999633789062,94.58999633789062,94.57099914550781,94.57499694824219,23875
2026-06-16 17:30:00+00:00,94.57499694824219,94.58999633789062,94.57499694824219,94.58499908447266,19650
2026-06-16 17:35:00+00:00,94.58820343017578,94.59500122070312,94.58000183105469,94.58219909667969,27694
2026-06-16 17:40:00+00:00,94.58499908447266,94.58999633789062,94.58000183105469,94.58499908447266,105488
2026-06-16 17:45:00+00:00,94.58999633789062,94.5999984741211,94.58999633789062,94.59519958496094,23453
2026-06-16 17:50:00+00:00,94.5979995727539,94.61000061035156,94.59230041503906,94.60009765625,20415
2026-06-16 17:55:00+00:00,94.61000061035156,94.6155014038086,94.60009765625,94.6050033569336,35278
2026-06-16 18:00:00+00:00,94.5999984741211,94.61000061035156,94.59500122070312,94.59500122070312,27524
2026-06-16 18:05:00+00:00,94.59500122070312,94.59500122070312,94.58000183105469,94.58499908447266,25273
2026-06-16 18:10:00+00:00,94.58499908447266,94.58999633789062,94.56999969482422,94.57499694824219,44157
2026-06-16 18:15:00+00:00,94.57499694824219,94.57649993896484,94.56999969482422,94.57009887695312,12476
2026-06-16 18:20:00+00:00,94.56999969482422,94.58000183105469,94.55999755859375,94.56500244140625,43851
2026-06-16 18:25:00+00:00,94.56500244140625,94.57499694824219,94.56230163574219,94.57499694824219,42276
2026-06-16 18:30:00+00:00,94.57360076904297,94.58499908447266,94.55999755859375,94.56500244140625,68119
2026-06-16 18:35:00+00:00,94.56999969482422,94.57499694824219,94.56500244140625,94.57499694824219,32071
2026-06-16 18:40:00+00:00,94.56999969482422,94.58000183105469,94.56999969482422,94.57499694824219,21842
2026-06-16 18:45:00+00:00,94.58000183105469,94.58000183105469,94.57009887695312,94.57499694824219,26142
2026-06-16 18:50:00+00:00,94.57499694824219,94.58000183105469,94.57009887695312,94.57499694824219,37474
2026-06-16 18:55:00+00:00,94.57499694824219,94.5999984741211,94.5636978149414,94.56919860839844,87461
2026-06-16 19:00:00+00:00,94.56999969482422,94.58999633789062,94.56999969482422,94.58499908447266,88876
2026-06-16 19:05:00+00:00,94.58499908447266,94.58999633789062,94.57499694824219,94.58499908447266,110870
2026-06-16 19:10:00+00:00,94.58989715576172,94.59500122070312,94.58499908447266,94.58499908447266,60225
2026-06-16 19:15:00+00:00,94.58499908447266,94.58999633789062,94.56999969482422,94.57499694824219,177065
2026-06-16 19:20:00+00:00,94.57499694824219,94.58499908447266,94.57009887695312,94.58499908447266,56156
2026-06-16 19:25:00+00:00,94.58499908447266,94.58999633789062,94.58000183105469,94.58499908447266,52381
2026-06-16 19:30:00+00:00,94.58499908447266,94.58999633789062,94.58000183105469,94.58499908447266,67520
2026-06-16 19:35:00+00:00,94.58499908447266,94.58999633789062,94.57360076904297,94.57499694824219,78771
2026-06-16 19:40:00+00:00,94.57499694824219,94.58000183105469,94.56500244140625,94.56999969482422,81799
2026-06-16 19:45:00+00:00,94.56999969482422,94.56999969482422,94.55999755859375,94.55999755859375,48458
2026-06-16 19:50:00+00:00,94.56500244140625,94.56999969482422,94.55229949951172,94.55989837646484,103994
2026-06-16 19:55:00+00:00,94.55500030517578,94.55500030517578,94.5199966430664,94.5199966430664,220077
2026-06-17 13:30:00+00:00,94.52999877929688,94.53199768066406,94.51000213623047,94.51000213623047,77560
2026-06-17 13:35:00+00:00,94.5,94.5199966430664,94.48500061035156,94.48500061035156,31962
2026-06-17 13:40:00+00:00,94.48500061035156,94.5,94.4749984741211,94.5,38915
2026-06-17 13:45:00+00:00,94.49500274658203,94.52989959716797,94.48999786376953,94.51499938964844,146629
2026-06-17 13:50:00+00:00,94.5250015258789,94.54499816894531,94.5250015258789,94.54499816894531,67316
2026-06-17 13:55:00+00:00,94.54499816894531,94.56999969482422,94.54499816894531,94.55149841308594,403170
2026-06-17 14:00:00+00:00,94.55000305175781,94.55989837646484,94.52059936523438,94.52349853515625,34123
2026-06-17 14:05:00+00:00,94.5250015258789,94.54499816894531,94.5250015258789,94.52999877929688,29170
2026-06-17 14:10:00+00:00,94.52030181884766,94.52030181884766,94.49500274658203,94.50499725341797,29538
2026-06-17 14:15:00+00:00,94.49500274658203,94.52989959716797,94.49500274658203,94.52010345458984,100161
2026-06-17 14:20:00+00:00,94.5199966430664,94.52999877929688,94.5199966430664,94.5250015258789,65941
2026-06-17 14:25:00+00:00,94.54000091552734,94.54499816894531,94.52999877929688,94.54000091552734,112231
2026-06-17 14:30:00+00:00,94.53500366210938,94.53500366210938,94.51499938964844,94.5250015258789,25938
2026-06-17 14:35:00+00:00,94.5250015258789,94.5250015258789,94.51000213623047,94.51119995117188,27270
2026-06-17 14:40:00+00:00,94.51000213623047,94.51000213623047,94.49500274658203,94.50499725341797,15633
2026-06-17 14:45:00+00:00,94.50499725341797,94.51000213623047,94.4000015258789,94.48989868164062,228970
2026-06-17 14:50:00+00:00,94.47000122070312,94.51499938964844,94.46499633789062,94.5,86005
2026-06-17 14:55:00+00:00,94.4800033569336,94.5,94.45500183105469,94.45500183105469,218811
2026-06-17 15:00:00+00:00,94.45999908447266,94.4800033569336,94.44999694824219,94.4749984741211,31468
2026-06-17 15:05:00+00:00,94.4749984741211,94.49500274658203,94.4749984741211,94.48970031738281,32339
2026-06-17 15:10:00+00:00,94.48500061035156,94.48999786376953,94.47509765625,94.48999786376953,30902
2026-06-17 15:15:00+00:00,94.4800033569336,94.5250015258789,94.4800033569336,94.5250015258789,14291
2026-06-17 15:20:00+00:00,94.5199966430664,94.55500030517578,94.5199966430664,94.55500030517578,47083
2026-06-17 15:25:00+00:00,94.55500030517578,94.56500244140625,94.53500366210938,94.54000091552734,20831
2026-06-17 15:30:00+00:00,94.54000091552734,94.54499816894531,94.53040313720703,94.54000091552734,47374
2026-06-17 15:35:00+00:00,94.52999877929688,94.53610229492188,94.50499725341797,94.51499938964844,19721
2026-06-17 15:40:00+00:00,94.51000213623047,94.5250015258789,94.50499725341797,94.51499938964844,18313
2026-06-17 15:45:00+00:00,94.51499938964844,94.5199966430664,94.51100158691406,94.51499938964844,12264
2026-06-17 15:50:00+00:00,94.5199966430664,94.5199966430664,94.49009704589844,94.4999008178711,210049
2026-06-17 15:55:00+00:00,94.49500274658203,94.51499938964844,94.49500274658203,94.50980377197266,742379
2026-06-17 16:00:00+00:00,94.51000213623047,94.5199966430664,94.5,94.50499725341797,313718
2026-06-17 16:05:00+00:00,94.51000213623047,94.52999877929688,94.50499725341797,94.52369689941406,19107
2026-06-17 16:10:00+00:00,94.5250015258789,94.52999877929688,94.52110290527344,94.52110290527344,13589
2026-06-17 16:15:00+00:00,94.52999877929688,94.55000305175781,94.52999877929688,94.54499816894531,23201
2026-06-17 16:20:00+00:00,94.54499816894531,94.56999969482422,94.54000091552734,94.56009674072266,17065
2026-06-17 16:25:00+00:00,94.56500244140625,94.5696029663086,94.5510025024414,94.5510025024414,27215
2026-06-17 16:30:00+00:00,94.55500030517578,94.55999755859375,94.54219818115234,94.54219818115234,21015
2026-06-17 16:35:00+00:00,94.54219818115234,94.55999755859375,94.53500366210938,94.55999755859375,13388
2026-06-17 16:40:00+00:00,94.55500030517578,94.55999755859375,94.55000305175781,94.55500030517578,3809
2026-06-17 16:45:00+00:00,94.55500030517578,94.55999755859375,94.55180358886719,94.55999755859375,10401
2026-06-17 16:50:00+00:00,94.55999755859375,94.55999755859375,94.55000305175781,94.55500030517578,15606
2026-06-17 16:55:00+00:00,94.55500030517578,94.55999755859375,94.55500030517578,94.55500030517578,6947
2026-06-17 17:00:00+00:00,94.55500030517578,94.55500030517578,94.53160095214844,94.53849792480469,25748
2026-06-17 17:05:00+00:00,94.52999877929688,94.53500366210938,94.48500061035156,94.5250015258789,289033
2026-06-17 17:10:00+00:00,94.52999877929688,94.53500366210938,94.5199966430664,94.5250015258789,13700
2026-06-17 17:15:00+00:00,94.52999877929688,94.52999877929688,94.51499938964844,94.5199966430664,28636
2026-06-17 17:20:00+00:00,94.51010131835938,94.53500366210938,94.51010131835938,94.52999877929688,21071
2026-06-17 17:25:00+00:00,94.5250015258789,94.54000091552734,94.5250015258789,94.52999877929688,16560
2026-06-17 17:30:00+00:00,94.53500366210938,94.54000091552734,94.52999877929688,94.53500366210938,20496
2026-06-17 17:35:00+00:00,94.52999877929688,94.54000091552734,94.52999877929688,94.52999877929688,22853
2026-06-17 17:40:00+00:00,94.53500366210938,94.5385971069336,94.5250015258789,94.5385971069336,16569
2026-06-17 17:45:00+00:00,94.54000091552734,94.55000305175781,94.54000091552734,94.54499816894531,16671
2026-06-17 17:50:00+00:00,94.54499816894531,94.56500244140625,94.54000091552734,94.56500244140625,132675
2026-06-17 17:55:00+00:00,94.56500244140625,94.56999969482422,94.55999755859375,94.56500244140625,68408
2026-06-17 18:00:00+00:00,94.56999969482422,94.56999969482422,94.20500183105469,94.25,805970
2026-06-17 18:05:00+00:00,94.25499725341797,94.30500030517578,94.23500061035156,94.29499816894531,94415
2026-06-17 18:10:00+00:00,94.29989624023438,94.31500244140625,94.27059936523438,94.30999755859375,304526
2026-06-17 18:15:00+00:00,94.30000305175781,94.375,94.30000305175781,94.34649658203125,150833
2026-06-17 18:20:00+00:00,94.34500122070312,94.38999938964844,94.33080291748047,94.37000274658203,56460
2026-06-17 18:25:00+00:00,94.37000274658203,94.37000274658203,94.30999755859375,94.34049987792969,145892
2026-06-17 18:30:00+00:00,94.35990142822266,94.51000213623047,94.25,94.26000213623047,506474
2026-06-17 18:35:00+00:00,94.2699966430664,94.41500091552734,94.2699966430664,94.375,188142
2026-06-17 18:40:00+00:00,94.37999725341797,94.48999786376953,94.33499908447266,94.45999908447266,283752
2026-06-17 18:45:00+00:00,94.44999694824219,94.46759796142578,94.41500091552734,94.44499969482422,88882
2026-06-17 18:50:00+00:00,94.44000244140625,94.4800033569336,94.41010284423828,94.41500091552734,189954
2026-06-17 18:55:00+00:00,94.41500091552734,94.41500091552734,94.2605972290039,94.2750015258789,460471
2026-06-17 19:00:00+00:00,94.2750015258789,94.30500030517578,94.2300033569336,94.25499725341797,263503
2026-06-17 19:05:00+00:00,94.25499725341797,94.29499816894531,94.20999908447266,94.20999908447266,295539
2026-06-17 19:10:00+00:00,94.20500183105469,94.24500274658203,94.16999816894531,94.24430084228516,479216
2026-06-17 19:15:00+00:00,94.25,94.27999877929688,94.20970153808594,94.22000122070312,308210
2026-06-17 19:20:00+00:00,94.22000122070312,94.2249984741211,94.12030029296875,94.12999725341797,234855
2026-06-17 19:25:00+00:00,94.125,94.1449966430664,94.09500122070312,94.0999984741211,286212
2026-06-17 19:30:00+00:00,94.0999984741211,94.11990356445312,94.06999969482422,94.06999969482422,364846
2026-06-17 19:35:00+00:00,94.06999969482422,94.09500122070312,94.05999755859375,94.07499694824219,142620
2026-06-17 19:40:00+00:00,94.07499694824219,94.08999633789062,94.05999755859375,94.08000183105469,202413
2026-06-17 19:45:00+00:00,94.08000183105469,94.08699798583984,94.0250015258789,94.0250015258789,177842
2026-06-17 19:50:00+00:00,94.0250015258789,94.04499816894531,94.01000213623047,94.03500366210938,294907
2026-06-17 19:55:00+00:00,94.03500366210938,94.05999755859375,94.0250015258789,94.0250015258789,494240
2026-06-18 13:30:00+00:00,94.44000244140625,94.5,94.44000244140625,94.4749984741211,564945
2026-06-18 13:35:00+00:00,94.4749984741211,94.5198974609375,94.4749984741211,94.50499725341797,125360
2026-06-18 13:40:00+00:00,94.50499725341797,94.5250015258789,94.49500274658203,94.50499725341797,262195
2026-06-18 13:45:00+00:00,94.50499725341797,94.53500366210938,94.48999786376953,94.53500366210938,130050
2026-06-18 13:50:00+00:00,94.53500366210938,94.53500366210938,94.49500274658203,94.5,106979
2026-06-18 13:55:00+00:00,94.506103515625,94.51000213623047,94.49500274658203,94.5,149075
2026-06-18 14:00:00+00:00,94.49500274658203,94.49500274658203,94.4749984741211,94.48500061035156,76781
2026-06-18 14:05:00+00:00,94.48049926757812,94.49500274658203,94.47000122070312,94.48500061035156,60166
2026-06-18 14:10:00+00:00,94.48500061035156,94.50499725341797,94.47239685058594,94.50499725341797,57004
2026-06-18 14:15:00+00:00,94.50499725341797,94.53620147705078,94.50499725341797,94.5250015258789,98707
2026-06-18 14:20:00+00:00,94.53990173339844,94.53990173339844,94.5199966430664,94.5250015258789,63253
2026-06-18 14:25:00+00:00,94.52010345458984,94.53500366210938,94.51110076904297,94.53150177001953,55529
2026-06-18 14:30:00+00:00,94.53089904785156,94.53990173339844,94.52999877929688,94.53079986572266,68007
2026-06-18 14:35:00+00:00,94.53500366210938,94.54499816894531,94.52999877929688,94.53990173339844,111177
2026-06-18 14:40:00+00:00,94.53009796142578,94.55000305175781,94.53009796142578,94.53500366210938,152066
2026-06-18 14:45:00+00:00,94.53500366210938,94.54499816894531,94.52030181884766,94.5250015258789,58748
2026-06-18 14:50:00+00:00,94.52999877929688,94.53990173339844,94.52059936523438,94.52989959716797,46087
2026-06-18 14:55:00+00:00,94.5250015258789,94.54000091552734,94.5250015258789,94.53500366210938,49499
2026-06-18 15:00:00+00:00,94.53500366210938,94.53500366210938,94.5199966430664,94.53500366210938,57553
2026-06-18 15:05:00+00:00,94.53500366210938,94.56510162353516,94.53500366210938,94.56500244140625,69108
2026-06-18 15:10:00+00:00,94.56500244140625,94.5999984741211,94.56500244140625,94.57499694824219,94408
2026-06-18 15:15:00+00:00,94.5770034790039,94.58999633789062,94.56999969482422,94.58000183105469,53804
2026-06-18 15:20:00+00:00,94.58000183105469,94.58000183105469,94.55500030517578,94.55999755859375,60425
2026-06-18 15:25:00+00:00,94.55500030517578,94.55500030517578,94.48500061035156,94.48999786376953,73630
2026-06-18 15:30:00+00:00,94.48999786376953,94.49500274658203,94.48500061035156,94.49500274658203,34940
2026-06-18 15:35:00+00:00,94.48999786376953,94.49530029296875,94.4749984741211,94.4749984741211,45994
2026-06-18 15:40:00+00:00,94.4749984741211,94.49500274658203,94.47000122070312,94.48500061035156,151710
2026-06-18 15:45:00+00:00,94.4802017211914,94.48500061035156,94.4717025756836,94.4717025756836,33928
2026-06-18 15:50:00+00:00,94.47450256347656,94.48999786376953,94.47450256347656,94.4800033569336,42177
2026-06-18 15:55:00+00:00,94.48059844970703,94.48989868164062,94.43000030517578,94.43000030517578,49684
2026-06-18 16:00:00+00:00,94.43000030517578,94.44819641113281,94.41059875488281,94.41059875488281,137167
2026-06-18 16:05:00+00:00,94.41649627685547,94.44499969482422,94.41649627685547,94.43000030517578,142888
2026-06-18 16:10:00+00:00,94.4302978515625,94.45500183105469,94.4302978515625,94.44999694824219,37868
2026-06-18 16:15:00+00:00,94.44059753417969,94.44999694824219,94.43150329589844,94.43150329589844,41045
2026-06-18 16:20:00+00:00,94.43009948730469,94.44000244140625,94.43000030517578,94.44000244140625,25280
2026-06-18 16:25:00+00:00,94.44499969482422,94.47000122070312,94.44499969482422,94.47000122070312,33712
2026-06-18 16:30:00+00:00,94.46499633789062,94.4800033569336,94.44000244140625,94.44730377197266,61272
2026-06-18 16:35:00+00:00,94.44000244140625,94.45500183105469,94.43499755859375,94.44499969482422,21104
2026-06-18 16:40:00+00:00,94.44499969482422,94.4655990600586,94.44000244140625,94.45999908447266,54160
2026-06-18 16:45:00+00:00,94.45690155029297,94.45690155029297,94.44000244140625,94.44499969482422,15028
2026-06-18 16:50:00+00:00,94.44010162353516,94.44010162353516,94.43000030517578,94.43499755859375,15978
2026-06-18 16:55:00+00:00,94.43499755859375,94.44999694824219,94.43499755859375,94.44999694824219,15744
2026-06-18 17:00:00+00:00,94.44999694824219,94.46499633789062,94.43000030517578,94.46499633789062,45860
2026-06-18 17:05:00+00:00,94.46990203857422,94.47000122070312,94.45500183105469,94.45500183105469,13216
2026-06-18 17:10:00+00:00,94.44999694824219,94.44999694824219,94.44100189208984,94.44499969482422,6900
2026-06-18 17:15:00+00:00,94.44499969482422,94.45999908447266,94.44499969482422,94.45999908447266,20055
2026-06-18 17:20:00+00:00,94.47000122070312,94.48999786376953,94.47000122070312,94.48999786376953,21180
2026-06-18 17:25:00+00:00,94.49500274658203,94.51000213623047,94.49440002441406,94.50499725341797,40737
2026-06-18 17:30:00+00:00,94.48500061035156,94.49500274658203,94.4800033569336,94.48500061035156,57580
2026-06-18 17:35:00+00:00,94.48500061035156,94.48500061035156,94.4749984741211,94.4749984741211,13623
2026-06-18 17:40:00+00:00,94.4800033569336,94.48999786376953,94.4800033569336,94.48989868164062,36367
2026-06-18 17:45:00+00:00,94.48500061035156,94.48999786376953,94.47000122070312,94.48079681396484,27984
2026-06-18 17:50:00+00:00,94.48500061035156,94.48999786376953,94.4800033569336,94.48999786376953,18324
2026-06-18 17:55:00+00:00,94.48500061035156,94.48999786376953,94.4833984375,94.48999786376953,20249
2026-06-18 18:00:00+00:00,94.48500061035156,94.48500061035156,94.47000122070312,94.4749984741211,38238
2026-06-18 18:05:00+00:00,94.47769927978516,94.48500061035156,94.46499633789062,94.47000122070312,36988
2026-06-18 18:10:00+00:00,94.4749984741211,94.48989868164062,94.47000122070312,94.47000122070312,17797
2026-06-18 18:15:00+00:00,94.47049713134766,94.48500061035156,94.46009826660156,94.4801025390625,24241
2026-06-18 18:20:00+00:00,94.4800033569336,94.48989868164062,94.4749984741211,94.48500061035156,21979
2026-06-18 18:25:00+00:00,94.48500061035156,94.48500061035156,94.45500183105469,94.46499633789062,45743
2026-06-18 18:30:00+00:00,94.45999908447266,94.45999908447266,94.43499755859375,94.44499969482422,33792
2026-06-18 18:35:00+00:00,94.44989776611328,94.44999694824219,94.43000030517578,94.43499755859375,36702
2026-06-18 18:40:00+00:00,94.43000030517578,94.4365005493164,94.41999816894531,94.42500305175781,33290
2026-06-18 18:45:00+00:00,94.42500305175781,94.43000030517578,94.41999816894531,94.41999816894531,19071
2026-06-18 18:50:00+00:00,94.41999816894531,94.42500305175781,94.41400146484375,94.41500091552734,49774
2026-06-18 18:55:00+00:00,94.41999816894531,94.43000030517578,94.4000015258789,94.4000015258789,83831
2026-06-18 19:00:00+00:00,94.3949966430664,94.3949966430664,94.3550033569336,94.36499786376953,69146
2026-06-18 19:05:00+00:00,94.36499786376953,94.37000274658203,94.36000061035156,94.37000274658203,37687
2026-06-18 19:10:00+00:00,94.36499786376953,94.37750244140625,94.36000061035156,94.36009979248047,165083
2026-06-18 19:15:00+00:00,94.36499786376953,94.375,94.3550033569336,94.36499786376953,69117
2026-06-18 19:20:00+00:00,94.36499786376953,94.37000274658203,94.3499984741211,94.3550033569336,41023
2026-06-18 19:25:00+00:00,94.3499984741211,94.36000061035156,94.3499984741211,94.36000061035156,28602
2026-06-18 19:30:00+00:00,94.3550033569336,94.36000061035156,94.33999633789062,94.34500122070312,87899
2026-06-18 19:35:00+00:00,94.34500122070312,94.3550033569336,94.33419799804688,94.33999633789062,89257
2026-06-18 19:40:00+00:00,94.33999633789062,94.3499984741211,94.33000183105469,94.34500122070312,613133
2026-06-18 19:45:00+00:00,94.34500122070312,94.3499984741211,94.33999633789062,94.33999633789062,152097
2026-06-18 19:50:00+00:00,94.33999633789062,94.3499984741211,94.3322982788086,94.34500122070312,276428
2026-06-18 19:55:00+00:00,94.3499984741211,94.36499786376953,94.33999633789062,94.36000061035156,462080
2026-06-22 13:30:00+00:00,94.0999984741211,94.125,94.09500122070312,94.11499786376953,217989
2026-06-22 13:35:00+00:00,94.11319732666016,94.12059783935547,94.08499908447266,94.09500122070312,39105
2026-06-22 13:40:00+00:00,94.09500122070312,94.1050033569336,94.03500366210938,94.05999755859375,93981
2026-06-22 13:45:00+00:00,94.06500244140625,94.11000061035156,94.06500244140625,94.11000061035156,78980
2026-06-22 13:50:00+00:00,94.0999984741211,94.0999984741211,94.05999755859375,94.05999755859375,43891
2026-06-22 13:55:00+00:00,94.05999755859375,94.05999755859375,94.02249908447266,94.0250015258789,93685
2026-06-22 14:00:00+00:00,94.0199966430664,94.04499816894531,94.0199966430664,94.04139709472656,47916
2026-06-22 14:05:00+00:00,94.04000091552734,94.11000061035156,94.04000091552734,94.08499908447266,58803
2026-06-22 14:10:00+00:00,94.08000183105469,94.11990356445312,94.0510025024414,94.1050033569336,85411
2026-06-22 14:15:00+00:00,94.11000061035156,94.12999725341797,94.11000061035156,94.125,71937
2026-06-22 14:20:00+00:00,94.125,94.125,94.0999984741211,94.1050033569336,73408
2026-06-22 14:25:00+00:00,94.1050033569336,94.1050033569336,94.07499694824219,94.08499908447266,29179
2026-06-22 14:30:00+00:00,94.08000183105469,94.08000183105469,94.05999755859375,94.06500244140625,29591
2026-06-22 14:35:00+00:00,94.06749725341797,94.08000183105469,94.05999755859375,94.06999969482422,27712
2026-06-22 14:40:00+00:00,94.06999969482422,94.08499908447266,94.06500244140625,94.08000183105469,37403
2026-06-22 14:45:00+00:00,94.08000183105469,94.10690307617188,94.07990264892578,94.08999633789062,29209
2026-06-22 14:50:00+00:00,94.08999633789062,94.11750030517578,94.08499908447266,94.0999984741211,53498
2026-06-22 14:55:00+00:00,94.0999984741211,94.0999984741211,94.07499694824219,94.07499694824219,20918
2026-06-22 15:00:00+00:00,94.06999969482422,94.1050033569336,94.06999969482422,94.08499908447266,38210
2026-06-22 15:05:00+00:00,94.08499908447266,94.11000061035156,94.08499908447266,94.11000061035156,37796
2026-06-22 15:10:00+00:00,94.12000274658203,94.12000274658203,94.11000061035156,94.11750030517578,22425
2026-06-22 15:15:00+00:00,94.11000061035156,94.12999725341797,94.11000061035156,94.12999725341797,16023
2026-06-22 15:20:00+00:00,94.12750244140625,94.12750244140625,94.10009765625,94.1050033569336,31680
2026-06-22 15:25:00+00:00,94.1050033569336,94.11000061035156,94.08000183105469,94.08999633789062,121766
2026-06-22 15:30:00+00:00,94.08650207519531,94.08650207519531,94.0604019165039,94.06999969482422,37889
2026-06-22 15:35:00+00:00,94.06999969482422,94.08999633789062,94.05999755859375,94.07450103759766,23604
2026-06-22 15:40:00+00:00,94.07499694824219,94.08999633789062,94.07499694824219,94.0823974609375,43042
2026-06-22 15:45:00+00:00,94.08000183105469,94.08000183105469,94.0,94.0,78659
2026-06-22 15:50:00+00:00,93.99500274658203,94.04000091552734,93.99500274658203,94.0250015258789,33042
2026-06-22 15:55:00+00:00,94.0199966430664,94.04000091552734,94.01339721679688,94.01499938964844,12444
2026-06-22 16:00:00+00:00,94.0199966430664,94.02010345458984,93.9800033569336,93.9988021850586,300877
2026-06-22 16:05:00+00:00,94.0,94.01499938964844,94.0,94.01000213623047,20389
2026-06-22 16:10:00+00:00,94.0,94.01000213623047,93.9906005859375,94.01000213623047,29679
2026-06-22 16:15:00+00:00,94.01010131835938,94.0199966430664,94.00499725341797,94.01499938964844,36216
2026-06-22 16:20:00+00:00,94.01499938964844,94.01799774169922,94.0,94.00499725341797,24421
2026-06-22 16:25:00+00:00,94.0,94.00499725341797,93.9927978515625,93.99500274658203,36853
2026-06-22 16:30:00+00:00,93.98999786376953,94.0,93.98500061035156,93.99500274658203,14012
2026-06-22 16:35:00+00:00,93.99500274658203,94.01000213623047,93.99500274658203,94.00499725341797,14375
2026-06-22 16:40:00+00:00,94.0,94.00990295410156,93.98999786376953,94.00499725341797,27880
2026-06-22 16:45:00+00:00,94.01000213623047,94.01499938964844,94.0000991821289,94.01499938964844,19273
2026-06-22 16:50:00+00:00,94.01499938964844,94.01499938964844,94.01000213623047,94.0105972290039,4286
2026-06-22 16:55:00+00:00,94.01010131835938,94.04499816894531,94.00499725341797,94.02870178222656,184910
2026-06-22 17:00:00+00:00,94.02989959716797,94.02989959716797,94.01010131835938,94.0199966430664,14666
2026-06-22 17:05:00+00:00,94.01499938964844,94.0198974609375,94.01000213623047,94.01499938964844,5213
2026-06-22 17:10:00+00:00,94.0103988647461,94.0103988647461,94.0,94.0,53562
2026-06-22 17:15:00+00:00,94.0000991821289,94.01000213623047,94.0,94.00990295410156,8119
2026-06-22 17:20:00+00:00,94.00379943847656,94.0199966430664,94.0000991821289,94.00499725341797,27516
2026-06-22 17:25:00+00:00,94.00569915771484,94.0198974609375,94.0,94.01499938964844,10258
2026-06-22 17:30:00+00:00,94.01499938964844,94.01499938964844,93.98429870605469,93.98500061035156,112663
2026-06-22 17:35:00+00:00,93.98999786376953,93.98999786376953,93.97000122070312,93.9749984741211,15892
2026-06-22 17:40:00+00:00,93.97229766845703,93.98699951171875,93.97000122070312,93.98500061035156,32801
2026-06-22 17:45:00+00:00,93.98500061035156,93.98989868164062,93.9749984741211,93.9749984741211,25580
2026-06-22 17:50:00+00:00,93.9749984741211,93.98999786376953,93.9749984741211,93.98999786376953,13622
2026-06-22 17:55:00+00:00,93.98999786376953,94.00499725341797,93.98370361328125,94.00499725341797,22426
2026-06-22 18:00:00+00:00,94.0,94.0199966430664,94.0,94.01580047607422,50513
2026-06-22 18:05:00+00:00,94.0154037475586,94.02999877929688,94.0154037475586,94.0250015258789,19496
2026-06-22 18:10:00+00:00,94.02999877929688,94.03500366210938,94.02439880371094,94.0250015258789,20765
2026-06-22 18:15:00+00:00,94.0250015258789,94.02989959716797,94.01329803466797,94.01329803466797,19562
2026-06-22 18:20:00+00:00,94.01499938964844,94.01499938964844,93.99500274658203,94.00499725341797,27803
2026-06-22 18:25:00+00:00,94.0,94.00990295410156,93.98999786376953,94.00499725341797,12817
2026-06-22 18:30:00+00:00,94.01000213623047,94.0198974609375,94.0000991821289,94.00499725341797,47960
2026-06-22 18:35:00+00:00,94.00499725341797,94.0199966430664,94.00499725341797,94.01499938964844,20917
2026-06-22 18:40:00+00:00,94.01499938964844,94.0199966430664,94.01000213623047,94.0199966430664,20393
2026-06-22 18:45:00+00:00,94.01499938964844,94.02999877929688,94.01010131835938,94.0250015258789,52841
2026-06-22 18:50:00+00:00,94.0250015258789,94.0250015258789,94.01499938964844,94.0199966430664,19845
2026-06-22 18:55:00+00:00,94.01000213623047,94.0199966430664,94.0,94.0199966430664,143231
2026-06-22 19:00:00+00:00,94.0199966430664,94.02999877929688,94.0,94.00499725341797,95801
2026-06-22 19:05:00+00:00,94.00499725341797,94.01000213623047,93.99500274658203,94.00499725341797,66670
2026-06-22 19:10:00+00:00,94.00499725341797,94.01000213623047,94.0,94.0,29308
2026-06-22 19:15:00+00:00,94.00499725341797,94.0199966430664,94.0,94.00499725341797,49091
2026-06-22 19:20:00+00:00,94.0,94.01499938964844,94.0,94.01499938964844,39868
2026-06-22 19:25:00+00:00,94.01499938964844,94.0199966430664,94.01000213623047,94.01000213623047,40386
2026-06-22 19:30:00+00:00,94.01000213623047,94.0199966430664,94.0000991821289,94.00189971923828,31336
2026-06-22 19:35:00+00:00,94.01000213623047,94.0199966430664,94.00450134277344,94.0199966430664,66843
2026-06-22 19:40:00+00:00,94.01499938964844,94.0199966430664,94.00499725341797,94.00499725341797,48706
2026-06-22 19:45:00+00:00,94.00830078125,94.01000213623047,94.0,94.00990295410156,63964
2026-06-22 19:50:00+00:00,94.0,94.0199966430664,94.0,94.0199966430664,167876
2026-06-22 19:55:00+00:00,94.01499938964844,94.02999877929688,94.0,94.01000213623047,262518
2026-06-23 13:30:00+00:00,94.15149688720703,94.19000244140625,94.15149688720703,94.18499755859375,512954
2026-06-23 13:35:00+00:00,94.18499755859375,94.23989868164062,94.18499755859375,94.22000122070312,207293
2026-06-23 13:40:00+00:00,94.22000122070312,94.22000122070312,94.19499969482422,94.20500183105469,15485
2026-06-23 13:45:00+00:00,94.19499969482422,94.2249984741211,94.18499755859375,94.2249984741211,47994
2026-06-23 13:50:00+00:00,94.22850036621094,94.2300033569336,94.19999694824219,94.22010040283203,27770
2026-06-23 13:55:00+00:00,94.21189880371094,94.2300033569336,94.20999908447266,94.21499633789062,196946
2026-06-23 14:00:00+00:00,94.20999908447266,94.24500274658203,94.19999694824219,94.23970031738281,29202
2026-06-23 14:05:00+00:00,94.23500061035156,94.23999786376953,94.2249984741211,94.23359680175781,16289
2026-06-23 14:10:00+00:00,94.23999786376953,94.23999786376953,94.2300033569336,94.2300033569336,18602
2026-06-23 14:15:00+00:00,94.23500061035156,94.23529815673828,94.22000122070312,94.2249984741211,20999
2026-06-23 14:20:00+00:00,94.2300033569336,94.2300033569336,94.21499633789062,94.2249984741211,68379
2026-06-23 14:25:00+00:00,94.2249984741211,94.2300033569336,94.22100067138672,94.2249984741211,21396
2026-06-23 14:30:00+00:00,94.2249984741211,94.2300033569336,94.19999694824219,94.20989990234375,22919
2026-06-23 14:35:00+00:00,94.20500183105469,94.20500183105469,94.18499755859375,94.18949890136719,40359
2026-06-23 14:40:00+00:00,94.18499755859375,94.20500183105469,94.18499755859375,94.19000244140625,28650
2026-06-23 14:45:00+00:00,94.18820190429688,94.19499969482422,94.1843032836914,94.19499969482422,8418
2026-06-23 14:50:00+00:00,94.19499969482422,94.20999908447266,94.1906967163086,94.20500183105469,18831
2026-06-23 14:55:00+00:00,94.19999694824219,94.19999694824219,94.16000366210938,94.17250061035156,111856
2026-06-23 15:00:00+00:00,94.16999816894531,94.18000030517578,94.16500091552734,94.17500305175781,32822
2026-06-23 15:05:00+00:00,94.16999816894531,94.17900085449219,94.16500091552734,94.17160034179688,20410
2026-06-23 15:10:00+00:00,94.17340087890625,94.18000030517578,94.16500091552734,94.18000030517578,16297
2026-06-23 15:15:00+00:00,94.17500305175781,94.19499969482422,94.17500305175781,94.18499755859375,19212
2026-06-23 15:20:00+00:00,94.18499755859375,94.18499755859375,94.17500305175781,94.17500305175781,10981
2026-06-23 15:25:00+00:00,94.1897964477539,94.20989990234375,94.1897964477539,94.19419860839844,218264
2026-06-23 15:30:00+00:00,94.19999694824219,94.21990203857422,94.19999694824219,94.21499633789062,22037
2026-06-23 15:35:00+00:00,94.22000122070312,94.22750091552734,94.19999694824219,94.20500183105469,48190
2026-06-23 15:40:00+00:00,94.20459747314453,94.22989654541016,94.20459747314453,94.2249984741211,12622
2026-06-23 15:45:00+00:00,94.22100067138672,94.24500274658203,94.21499633789062,94.23500061035156,122382
2026-06-23 15:50:00+00:00,94.23999786376953,94.24500274658203,94.2300033569336,94.23500061035156,20671
2026-06-23 15:55:00+00:00,94.23500061035156,94.23999786376953,94.2300033569336,94.23899841308594,19367
2026-06-23 16:00:00+00:00,94.23999786376953,94.23999786376953,94.23370361328125,94.23999786376953,14757
2026-06-23 16:05:00+00:00,94.24500274658203,94.24500274658203,94.23429870605469,94.23500061035156,6561
2026-06-23 16:10:00+00:00,94.23999786376953,94.24500274658203,94.23500061035156,94.24500274658203,8175
2026-06-23 16:15:00+00:00,94.24009704589844,94.25,94.23259735107422,94.23989868164062,19585
2026-06-23 16:20:00+00:00,94.2300033569336,94.23989868164062,94.222900390625,94.23280334472656,66477
2026-06-23 16:25:00+00:00,94.23999786376953,94.24500274658203,94.2301025390625,94.23500061035156,10145
2026-06-23 16:30:00+00:00,94.23500061035156,94.24539947509766,94.23500061035156,94.24500274658203,19696
2026-06-23 16:35:00+00:00,94.24500274658203,94.25,94.23999786376953,94.24500274658203,4916
2026-06-23 16:40:00+00:00,94.24500274658203,94.25499725341797,94.23999786376953,94.24500274658203,28538
2026-06-23 16:45:00+00:00,94.24500274658203,94.24620056152344,94.23500061035156,94.24620056152344,13651
2026-06-23 16:50:00+00:00,94.24500274658203,94.2499008178711,94.23999786376953,94.24500274658203,21227
2026-06-23 16:55:00+00:00,94.24500274658203,94.25,94.2249984741211,94.22779846191406,70405
2026-06-23 17:00:00+00:00,94.2249984741211,94.22989654541016,94.22000122070312,94.22889709472656,15186
2026-06-23 17:05:00+00:00,94.22889709472656,94.2300033569336,94.20500183105469,94.20500183105469,36463
2026-06-23 17:10:00+00:00,94.20989990234375,94.20989990234375,94.19000244140625,94.19010162353516,38894
2026-06-23 17:15:00+00:00,94.19999694824219,94.20500183105469,94.19499969482422,94.20500183105469,23060
2026-06-23 17:20:00+00:00,94.20500183105469,94.20500183105469,94.19000244140625,94.19499969482422,31398
2026-06-23 17:25:00+00:00,94.19000244140625,94.19000244140625,94.17420196533203,94.17420196533203,52533
2026-06-23 17:30:00+00:00,94.17379760742188,94.19000244140625,94.17379760742188,94.18920135498047,10832
2026-06-23 17:35:00+00:00,94.19000244140625,94.19000244140625,94.18000030517578,94.18499755859375,10654
2026-06-23 17:40:00+00:00,94.18499755859375,94.18990325927734,94.16000366210938,94.16000366210938,26176
2026-06-23 17:45:00+00:00,94.16000366210938,94.17980194091797,94.16000366210938,94.17500305175781,37695
2026-06-23 17:50:00+00:00,94.17559814453125,94.17559814453125,94.15010070800781,94.15499877929688,23470
2026-06-23 17:55:00+00:00,94.16000366210938,94.16999816894531,94.15989685058594,94.16000366210938,18628
2026-06-23 18:00:00+00:00,94.15969848632812,94.16000366210938,94.13999938964844,94.13999938964844,29135
2026-06-23 18:05:00+00:00,94.14689636230469,94.14949798583984,94.12000274658203,94.12200164794922,18413
2026-06-23 18:10:00+00:00,94.12010192871094,94.1449966430664,94.12010192871094,94.1405029296875,14090
2026-06-23 18:15:00+00:00,94.1449966430664,94.1500015258789,94.14250183105469,94.14659881591797,12734
2026-06-23 18:20:00+00:00,94.13999938964844,94.1500015258789,94.12999725341797,94.12999725341797,23507
2026-06-23 18:25:00+00:00,94.12999725341797,94.13500213623047,94.12999725341797,94.13500213623047,13970
2026-06-23 18:30:00+00:00,94.13500213623047,94.13500213623047,94.12020111083984,94.125,26987
2026-06-23 18:35:00+00:00,94.12999725341797,94.13990020751953,94.12999725341797,94.12999725341797,20187
2026-06-23 18:40:00+00:00,94.13500213623047,94.13999938964844,94.12020111083984,94.13500213623047,23576
2026-06-23 18:45:00+00:00,94.13500213623047,94.1500015258789,94.13500213623047,94.14510345458984,18864
2026-06-23 18:50:00+00:00,94.1449966430664,94.16500091552734,94.14009857177734,94.15499877929688,25821
2026-06-23 18:55:00+00:00,94.15840148925781,94.16000366210938,94.12999725341797,94.13500213623047,53679
2026-06-23 19:00:00+00:00,94.13999938964844,94.1500015258789,94.13169860839844,94.1449966430664,58389
2026-06-23 19:05:00+00:00,94.1449966430664,94.1500015258789,94.13500213623047,94.13880157470703,30250
2026-06-23 19:10:00+00:00,94.13349914550781,94.13999938964844,94.11000061035156,94.12000274658203,41788
2026-06-23 19:15:00+00:00,94.125,94.12999725341797,94.11000061035156,94.11000061035156,31031
2026-06-23 19:20:00+00:00,94.11499786376953,94.12000274658203,94.11000061035156,94.11000061035156,22653
2026-06-23 19:25:00+00:00,94.11009979248047,94.11009979248047,94.08999633789062,94.0999984741211,74741
2026-06-23 19:30:00+00:00,94.09500122070312,94.12000274658203,94.09500122070312,94.11499786376953,135199
2026-06-23 19:35:00+00:00,94.11100006103516,94.13999938964844,94.11009979248047,94.125,43924
2026-06-23 19:40:00+00:00,94.12999725341797,94.12999725341797,94.12229919433594,94.12999725341797,20858
2026-06-23 19:45:00+00:00,94.125,94.13680267333984,94.125,94.13500213623047,20801
2026-06-23 19:50:00+00:00,94.13500213623047,94.13680267333984,94.12000274658203,94.12999725341797,61545
2026-06-23 19:55:00+00:00,94.13359832763672,94.13999938964844,94.12000274658203,94.125,2861845
2026-06-24 13:30:00+00:00,94.55999755859375,94.58999633789062,94.55500030517578,94.56500244140625,139740
2026-06-24 13:35:00+00:00,94.56500244140625,94.58999633789062,94.56009674072266,94.58499908447266,136734
2026-06-24 13:40:00+00:00,94.58499908447266,94.61000061035156,94.58499908447266,94.60769653320312,46025
2026-06-24 13:45:00+00:00,94.59500122070312,94.59500122070312,94.56009674072266,94.58869934082031,115397
2026-06-24 13:50:00+00:00,94.58940124511719,94.61730194091797,94.58499908447266,94.60060119628906,21801
2026-06-24 13:55:00+00:00,94.6050033569336,94.62000274658203,94.60089874267578,94.61990356445312,26447
2026-06-24 14:00:00+00:00,94.62000274658203,94.65989685058594,94.62000274658203,94.65499877929688,66142
2026-06-24 14:05:00+00:00,94.65499877929688,94.66999816894531,94.65139770507812,94.66999816894531,70999
2026-06-24 14:10:00+00:00,94.66500091552734,94.66999816894531,94.6500015258789,94.65499877929688,40817
2026-06-24 14:15:00+00:00,94.65499877929688,94.66000366210938,94.6449966430664,94.6449966430664,33962
2026-06-24 14:20:00+00:00,94.6449966430664,94.66000366210938,94.63500213623047,94.65499877929688,61840
2026-06-24 14:25:00+00:00,94.65499877929688,94.66000366210938,94.6500015258789,94.65499877929688,29083
2026-06-24 14:30:00+00:00,94.65499877929688,94.66999816894531,94.6449966430664,94.66500091552734,83149
2026-06-24 14:35:00+00:00,94.66500091552734,94.67890167236328,94.66000366210938,94.67890167236328,56302
2026-06-24 14:40:00+00:00,94.67990112304688,94.69000244140625,94.6720962524414,94.69000244140625,43275
2026-06-24 14:45:00+00:00,94.69000244140625,94.69999694824219,94.68009948730469,94.69000244140625,40107
2026-06-24 14:50:00+00:00,94.69000244140625,94.70989990234375,94.69000244140625,94.69499969482422,33987
2026-06-24 14:55:00+00:00,94.69999694824219,94.70999908447266,94.69499969482422,94.70989990234375,35332
2026-06-24 15:00:00+00:00,94.69999694824219,94.72000122070312,94.69499969482422,94.71320343017578,65806
2026-06-24 15:05:00+00:00,94.71040344238281,94.72000122070312,94.69000244140625,94.69499969482422,18769
2026-06-24 15:10:00+00:00,94.69499969482422,94.69999694824219,94.66500091552734,94.68499755859375,34610
2026-06-24 15:15:00+00:00,94.68000030517578,94.69860076904297,94.67240142822266,94.69860076904297,45465
2026-06-24 15:20:00+00:00,94.69999694824219,94.69999694824219,94.68499755859375,94.69000244140625,31832
2026-06-24 15:25:00+00:00,94.68499755859375,94.71990203857422,94.67500305175781,94.71499633789062,214428
2026-06-24 15:30:00+00:00,94.70999908447266,94.70999908447266,94.69499969482422,94.69499969482422,67682
2026-06-24 15:35:00+00:00,94.69499969482422,94.70999908447266,94.69049835205078,94.70110321044922,65558
2026-06-24 15:40:00+00:00,94.7052993774414,94.7249984741211,94.70500183105469,94.7249984741211,95007
2026-06-24 15:45:00+00:00,94.7300033569336,94.7300033569336,94.70500183105469,94.71810150146484,57734
2026-06-24 15:50:00+00:00,94.72000122070312,94.7249984741211,94.70500183105469,94.70500183105469,68830
2026-06-24 15:55:00+00:00,94.70999908447266,94.7249984741211,94.70989990234375,94.7249984741211,30112
2026-06-24 16:00:00+00:00,94.7300033569336,94.73999786376953,94.7249984741211,94.73500061035156,30303
2026-06-24 16:05:00+00:00,94.73999786376953,94.75,94.7333984375,94.7499008178711,50671
2026-06-24 16:10:00+00:00,94.74800109863281,94.75,94.7301025390625,94.7301025390625,33231
2026-06-24 16:15:00+00:00,94.73500061035156,94.75,94.7300033569336,94.74500274658203,171788
2026-06-24 16:20:00+00:00,94.7499008178711,94.75,94.7301025390625,94.73500061035156,29383
2026-06-24 16:25:00+00:00,94.73179626464844,94.73500061035156,94.72010040283203,94.7249984741211,59496
2026-06-24 16:30:00+00:00,94.7249984741211,94.72640228271484,94.70999908447266,94.70999908447266,37916
2026-06-24 16:35:00+00:00,94.7051010131836,94.72000122070312,94.70500183105469,94.7052001953125,42310
2026-06-24 16:40:00+00:00,94.70500183105469,94.70989990234375,94.69000244140625,94.69499969482422,32205
2026-06-24 16:45:00+00:00,94.69499969482422,94.69529724121094,94.68000030517578,94.68499755859375,15487
2026-06-24 16:50:00+00:00,94.69000244140625,94.69999694824219,94.68000030517578,94.68499755859375,32997
2026-06-24 16:55:00+00:00,94.68240356445312,94.69999694824219,94.68240356445312,94.69979858398438,27094
2026-06-24 17:00:00+00:00,94.69000244140625,94.71499633789062,94.68000030517578,94.69999694824219,156588
2026-06-24 17:05:00+00:00,94.69999694824219,94.70989990234375,94.69010162353516,94.69499969482422,21359
2026-06-24 17:10:00+00:00,94.69499969482422,94.70999908447266,94.69000244140625,94.70230102539062,253096
2026-06-24 17:15:00+00:00,94.70500183105469,94.71499633789062,94.69999694824219,94.70999908447266,26641
2026-06-24 17:20:00+00:00,94.70020294189453,94.70999908447266,94.70020294189453,94.70999908447266,6750
2026-06-24 17:25:00+00:00,94.7051010131836,94.73500061035156,94.70500183105469,94.73500061035156,28717
2026-06-24 17:30:00+00:00,94.73500061035156,94.76000213623047,94.73500061035156,94.75499725341797,123590
2026-06-24 17:35:00+00:00,94.75499725341797,94.76499938964844,94.75,94.75499725341797,40197
2026-06-24 17:40:00+00:00,94.75499725341797,94.75800323486328,94.7300033569336,94.73500061035156,22461
2026-06-24 17:45:00+00:00,94.73500061035156,94.7354965209961,94.72380065917969,94.7300033569336,38751
2026-06-24 17:50:00+00:00,94.73500061035156,94.74500274658203,94.73500061035156,94.73500061035156,48987
2026-06-24 17:55:00+00:00,94.73500061035156,94.73999786376953,94.72000122070312,94.72000122070312,116610
2026-06-24 18:00:00+00:00,94.7249984741211,94.76000213623047,94.72229766845703,94.75499725341797,25039
2026-06-24 18:05:00+00:00,94.75759887695312,94.7699966430664,94.75,94.76000213623047,64906
2026-06-24 18:10:00+00:00,94.76000213623047,94.76499938964844,94.75,94.76499938964844,18991
2026-06-24 18:15:00+00:00,94.76499938964844,94.7699966430664,94.76000213623047,94.76000213623047,12789
2026-06-24 18:20:00+00:00,94.75499725341797,94.76000213623047,94.75029754638672,94.75499725341797,21028
2026-06-24 18:25:00+00:00,94.75499725341797,94.75499725341797,94.74009704589844,94.74009704589844,109738
2026-06-24 18:30:00+00:00,94.7499008178711,94.75,94.73999786376953,94.75,32348
2026-06-24 18:35:00+00:00,94.74500274658203,94.75499725341797,94.73999786376953,94.74500274658203,92487
2026-06-24 18:40:00+00:00,94.74500274658203,94.7583999633789,94.74500274658203,94.75499725341797,18159
2026-06-24 18:45:00+00:00,94.75499725341797,94.76000213623047,94.75,94.75990295410156,14292
2026-06-24 18:50:00+00:00,94.75499725341797,94.77989959716797,94.752197265625,94.76000213623047,101262
2026-06-24 18:55:00+00:00,94.76000213623047,94.7699966430664,94.75,94.75,69670
2026-06-24 19:00:00+00:00,94.76000213623047,94.77999877929688,94.75,94.75499725341797,36071
2026-06-24 19:05:00+00:00,94.75499725341797,94.75990295410156,94.73999786376953,94.73999786376953,67664
2026-06-24 19:10:00+00:00,94.74500274658203,94.75,94.73999786376953,94.74500274658203,34414
2026-06-24 19:15:00+00:00,94.74500274658203,94.74500274658203,94.7300033569336,94.73500061035156,34850
2026-06-24 19:20:00+00:00,94.73500061035156,94.73500061035156,94.70999908447266,94.71499633789062,49413
2026-06-24 19:25:00+00:00,94.71330261230469,94.7249984741211,94.70999908447266,94.71309661865234,51154
2026-06-24 19:30:00+00:00,94.70999908447266,94.7300033569336,94.70999908447266,94.7249984741211,38497
2026-06-24 19:35:00+00:00,94.7249984741211,94.7300033569336,94.72000122070312,94.7249984741211,35669
2026-06-24 19:40:00+00:00,94.7249984741211,94.73999786376953,94.72000122070312,94.73190307617188,36913
2026-06-24 19:45:00+00:00,94.73500061035156,94.73999786376953,94.72000122070312,94.7249984741211,36097
2026-06-24 19:50:00+00:00,94.72010040283203,94.75,94.72000122070312,94.73500061035156,214883
2026-06-24 19:55:00+00:00,94.7300033569336,94.73500061035156,94.71009826660156,94.73500061035156,202205
2026-06-25 13:30:00+00:00,94.86000061035156,94.88999938964844,94.86000061035156,94.875,99310
2026-06-25 13:35:00+00:00,94.875,94.8949966430664,94.87000274658203,94.88999938964844,17585
2026-06-25 13:40:00+00:00,94.9000015258789,94.94499969482422,94.9000015258789,94.93000030517578,30141
2026-06-25 13:45:00+00:00,94.91999816894531,94.9999008178711,94.91999816894531,94.97000122070312,230992
2026-06-25 13:50:00+00:00,94.95500183105469,94.98989868164062,94.95500183105469,94.96009826660156,169770
2026-06-25 13:55:00+00:00,94.97000122070312,94.98999786376953,94.96499633789062,94.98030090332031,57820
2026-06-25 14:00:00+00:00,94.9800033569336,95.01000213623047,94.97250366210938,94.9800033569336,45192
2026-06-25 14:05:00+00:00,94.98500061035156,94.99500274658203,94.9749984741211,94.9800033569336,120883
2026-06-25 14:10:00+00:00,94.98999786376953,94.99369812011719,94.94999694824219,94.95500183105469,82868
2026-06-25 14:15:00+00:00,94.95010375976562,94.9749984741211,94.95010375976562,94.95500183105469,47206
2026-06-25 14:20:00+00:00,94.95500183105469,94.95999908447266,94.94000244140625,94.95010375976562,178610
2026-06-25 14:25:00+00:00,94.94999694824219,94.94999694824219,94.93000030517578,94.94499969482422,0
2026-06-25 14:30:00+00:00,94.94270324707031,94.95999908447266,94.93499755859375,94.95999908447266,37710
2026-06-25 14:35:00+00:00,94.95999908447266,94.96990203857422,94.95330047607422,94.96499633789062,26837
2026-06-25 14:40:00+00:00,94.96499633789062,94.9800033569336,94.95999908447266,94.95999908447266,31995
2026-06-25 14:45:00+00:00,94.96499633789062,94.9697036743164,94.95999908447266,94.95999908447266,31578
2026-06-25 14:50:00+00:00,94.95989990234375,94.96499633789062,94.94000244140625,94.94499969482422,21999
2026-06-25 14:55:00+00:00,94.94499969482422,94.94999694824219,94.9198989868164,94.9198989868164,13017
2026-06-25 15:00:00+00:00,94.91500091552734,94.91999816894531,94.90499877929688,94.91500091552734,65312
2026-06-25 15:05:00+00:00,94.91000366210938,94.91000366210938,94.86009979248047,94.87409973144531,46830
2026-06-25 15:10:00+00:00,94.87999725341797,94.8949966430664,94.87999725341797,94.8949966430664,17176
2026-06-25 15:15:00+00:00,94.86499786376953,94.87999725341797,94.86499786376953,94.86990356445312,28953
2026-06-25 15:20:00+00:00,94.87000274658203,94.87000274658203,94.86000061035156,94.87000274658203,20999
2026-06-25 15:25:00+00:00,94.87000274658203,94.87989807128906,94.86000061035156,94.86499786376953,11996
2026-06-25 15:30:00+00:00,94.86499786376953,94.89830017089844,94.86499786376953,94.89830017089844,46088
2026-06-25 15:35:00+00:00,94.89009857177734,94.9000015258789,94.88500213623047,94.8949966430664,10559
2026-06-25 15:40:00+00:00,94.88999938964844,94.89600372314453,94.87000274658203,94.88990020751953,17620
2026-06-25 15:45:00+00:00,94.88500213623047,94.9198989868164,94.88500213623047,94.91500091552734,22521
2026-06-25 15:50:00+00:00,94.91510009765625,94.93000030517578,94.91480255126953,94.9186019897461,9632
2026-06-25 15:55:00+00:00,94.91000366210938,94.9198989868164,94.91000366210938,94.91500091552734,8918
2026-06-25 16:00:00+00:00,94.91000366210938,94.91500091552734,94.9000015258789,94.9000015258789,7799
2026-06-25 16:05:00+00:00,94.9000015258789,94.90850067138672,94.87999725341797,94.88500213623047,44196
2026-06-25 16:10:00+00:00,94.88500213623047,94.8949966430664,94.87460327148438,94.8949966430664,27044
2026-06-25 16:15:00+00:00,94.89019775390625,94.94499969482422,94.89019775390625,94.9397964477539,118892
2026-06-25 16:20:00+00:00,94.93000030517578,94.94000244140625,94.91010284423828,94.93990325927734,11631
2026-06-25 16:25:00+00:00,94.93499755859375,94.93499755859375,94.93499755859375,94.93499755859375,3549
2026-06-25 16:30:00+00:00,94.93499755859375,94.93820190429688,94.91000366210938,94.91999816894531,17219
2026-06-25 16:35:00+00:00,94.92500305175781,94.93000030517578,94.91999816894531,94.93000030517578,7308
2026-06-25 16:40:00+00:00,94.92500305175781,94.93000030517578,94.91000366210938,94.91560363769531,17452
2026-06-25 16:45:00+00:00,94.91000366210938,94.9188003540039,94.88999938964844,94.91000366210938,22442
2026-06-25 16:50:00+00:00,94.90899658203125,94.90899658203125,94.88999938964844,94.88999938964844,14013
2026-06-25 16:55:00+00:00,94.88500213623047,94.88999938964844,94.87239837646484,94.875,10491
2026-06-25 17:00:00+00:00,94.875,94.90499877929688,94.875,94.90499877929688,33064
2026-06-25 17:05:00+00:00,94.9000015258789,94.9000015258789,94.88500213623047,94.88500213623047,20211
2026-06-25 17:10:00+00:00,94.87999725341797,94.8998031616211,94.87999725341797,94.88999938964844,23640
2026-06-25 17:15:00+00:00,94.88999938964844,94.8949966430664,94.87999725341797,94.87999725341797,23434
2026-06-25 17:20:00+00:00,94.87999725341797,94.88980102539062,94.87999725341797,94.88500213623047,27574
2026-06-25 17:25:00+00:00,94.87999725341797,94.88500213623047,94.87010192871094,94.88099670410156,18780
2026-06-25 17:30:00+00:00,94.88500213623047,94.88749694824219,94.875,94.875,32679
2026-06-25 17:35:00+00:00,94.87999725341797,94.87999725341797,94.87000274658203,94.87999725341797,366964
2026-06-25 17:40:00+00:00,94.875,94.88999938964844,94.875,94.88999938964844,18842
2026-06-25 17:45:00+00:00,94.88500213623047,94.8949966430664,94.875,94.8949966430664,42701
2026-06-25 17:50:00+00:00,94.8949966430664,94.89550018310547,94.88999938964844,94.89550018310547,22465
2026-06-25 17:55:00+00:00,94.88999938964844,94.8949966430664,94.86499786376953,94.86499786376953,180464
2026-06-25 18:00:00+00:00,94.8499984741211,94.8550033569336,94.79000091552734,94.79499816894531,130853
2026-06-25 18:05:00+00:00,94.79499816894531,94.80500030517578,94.78500366210938,94.80000305175781,27910
2026-06-25 18:10:00+00:00,94.80000305175781,94.83000183105469,94.80000305175781,94.82499694824219,32558
2026-06-25 18:15:00+00:00,94.82499694824219,94.83000183105469,94.81999969482422,94.83000183105469,16046
2026-06-25 18:20:00+00:00,94.83499908447266,94.83580017089844,94.81999969482422,94.82499694824219,39955
2026-06-25 18:25:00+00:00,94.82499694824219,94.82980346679688,94.81999969482422,94.82499694824219,11682
2026-06-25 18:30:00+00:00,94.82499694824219,94.83000183105469,94.80999755859375,94.81500244140625,33258
2026-06-25 18:35:00+00:00,94.80999755859375,94.83000183105469,94.80999755859375,94.81999969482422,69088
2026-06-25 18:40:00+00:00,94.80999755859375,94.81990051269531,94.80010223388672,94.80349731445312,19993
2026-06-25 18:45:00+00:00,94.80000305175781,94.81999969482422,94.80000305175781,94.81500244140625,15767
2026-06-25 18:50:00+00:00,94.80999755859375,94.82499694824219,94.80999755859375,94.81999969482422,77493
2026-06-25 18:55:00+00:00,94.81999969482422,94.8499984741211,94.81999969482422,94.83499908447266,80975
2026-06-25 19:00:00+00:00,94.83000183105469,94.83789825439453,94.80999755859375,94.82499694824219,83283
2026-06-25 19:05:00+00:00,94.82499694824219,94.83000183105469,94.81999969482422,94.82240295410156,17978
2026-06-25 19:10:00+00:00,94.82499694824219,94.83000183105469,94.80999755859375,94.81500244140625,29192
2026-06-25 19:15:00+00:00,94.80999755859375,94.81500244140625,94.79000091552734,94.80500030517578,48242
2026-06-25 19:20:00+00:00,94.80500030517578,94.83000183105469,94.80500030517578,94.82499694824219,26575
2026-06-25 19:25:00+00:00,94.83000183105469,94.83999633789062,94.81999969482422,94.83650207519531,80960
2026-06-25 19:30:00+00:00,94.83650207519531,94.83999633789062,94.83000183105469,94.83499908447266,104024
2026-06-25 19:35:00+00:00,94.83499908447266,94.83999633789062,94.83000183105469,94.83499908447266,51554
2026-06-25 19:40:00+00:00,94.83499908447266,94.84500122070312,94.79000091552734,94.80000305175781,103960
2026-06-25 19:45:00+00:00,94.79499816894531,94.80999755859375,94.79000091552734,94.80500030517578,30477
2026-06-25 19:50:00+00:00,94.80000305175781,94.8053970336914,94.79000091552734,94.79000091552734,139866
2026-06-25 19:55:00+00:00,94.79000091552734,94.79850006103516,94.77999877929688,94.79499816894531,858512
2026-06-26 13:30:00+00:00,94.83499908447266,94.87039947509766,94.8311996459961,94.87039947509766,110258
2026-06-26 13:35:00+00:00,94.87000274658203,94.88500213623047,94.86000061035156,94.88500213623047,105352
2026-06-26 13:40:00+00:00,94.87999725341797,94.8949966430664,94.87999725341797,94.88500213623047,63989
2026-06-26 13:45:00+00:00,94.87999725341797,94.91500091552734,94.875,94.91500091552734,50830
2026-06-26 13:50:00+00:00,94.91899871826172,94.94999694824219,94.91899871826172,94.91999816894531,45867
2026-06-26 13:55:00+00:00,94.92500305175781,94.92859649658203,94.91000366210938,94.92500305175781,15887
2026-06-26 14:00:00+00:00,94.92970275878906,94.95500183105469,94.92970275878906,94.95500183105469,46395
2026-06-26 14:05:00+00:00,94.95500183105469,94.9749984741211,94.94439697265625,94.94499969482422,47074
2026-06-26 14:10:00+00:00,94.94499969482422,94.94499969482422,94.93499755859375,94.94000244140625,10508
2026-06-26 14:15:00+00:00,94.94000244140625,94.94989776611328,94.94000244140625,94.94499969482422,11857
2026-06-26 14:20:00+00:00,94.94000244140625,94.95500183105469,94.94000244140625,94.95500183105469,15355
2026-06-26 14:25:00+00:00,94.95719909667969,94.96990203857422,94.94999694824219,94.95780181884766,66852
2026-06-26 14:30:00+00:00,94.95500183105469,94.95999908447266,94.95079803466797,94.95500183105469,31107
2026-06-26 14:35:00+00:00,94.95500183105469,94.96499633789062,94.95500183105469,94.96369934082031,55440
2026-06-26 14:40:00+00:00,94.97000122070312,94.98989868164062,94.96499633789062,94.98989868164062,29227
2026-06-26 14:45:00+00:00,94.99500274658203,95.05000305175781,94.98500061035156,95.04859924316406,1052132
2026-06-26 14:50:00+00:00,95.04000091552734,95.04000091552734,94.99970245361328,94.99970245361328,31777
2026-06-26 14:55:00+00:00,94.99500274658203,95.0,94.98500061035156,94.99500274658203,23987
2026-06-26 15:00:00+00:00,94.99009704589844,95.01499938964844,94.99009704589844,95.01000213623047,10473
2026-06-26 15:05:00+00:00,95.00509643554688,95.03810119628906,95.00499725341797,95.03810119628906,21146
2026-06-26 15:10:00+00:00,95.03500366210938,95.03500366210938,95.0199966430664,95.02970123291016,20010
2026-06-26 15:15:00+00:00,95.02999877929688,95.03500366210938,95.01499938964844,95.01499938964844,17437
2026-06-26 15:20:00+00:00,95.01499938964844,95.03990173339844,95.01499938964844,95.03500366210938,17177
2026-06-26 15:25:00+00:00,95.03500366210938,95.04000091552734,95.0199966430664,95.0250015258789,15611
2026-06-26 15:30:00+00:00,95.03500366210938,95.05000305175781,95.03500366210938,95.04499816894531,29114
2026-06-26 15:35:00+00:00,95.04000091552734,95.08000183105469,95.04000091552734,95.05500030517578,281953
2026-06-26 15:40:00+00:00,95.05500030517578,95.05500030517578,95.03009796142578,95.03209686279297,20320
2026-06-26 15:45:00+00:00,95.04000091552734,95.04000091552734,95.02999877929688,95.02999877929688,32946
2026-06-26 15:50:00+00:00,95.0250015258789,95.0250015258789,94.95999908447266,94.98500061035156,562579
2026-06-26 15:55:00+00:00,94.9800033569336,95.01000213623047,94.9749984741211,95.01000213623047,59798
2026-06-26 16:00:00+00:00,95.01000213623047,95.01000213623047,94.99500274658203,95.0020980834961,27299
2026-06-26 16:05:00+00:00,95.00499725341797,95.01000213623047,94.98500061035156,94.98500061035156,41140
2026-06-26 16:10:00+00:00,94.9801025390625,94.9999008178711,94.9749984741211,94.99500274658203,31184
2026-06-26 16:15:00+00:00,94.99500274658203,95.0,94.98999786376953,94.99009704589844,60554
2026-06-26 16:20:00+00:00,94.98999786376953,94.98999786376953,94.95999908447266,94.96820068359375,89441
2026-06-26 16:25:00+00:00,94.96499633789062,94.98500061035156,94.95999908447266,94.9801025390625,14080
2026-06-26 16:30:00+00:00,94.98979949951172,95.0199966430664,94.98410034179688,95.0199966430664,44687
2026-06-26 16:35:00+00:00,95.01499938964844,95.02559661865234,95.01499938964844,95.02239990234375,9720
2026-06-26 16:40:00+00:00,95.0250015258789,95.0250015258789,95.01010131835938,95.01499938964844,16627
2026-06-26 16:45:00+00:00,95.01499938964844,95.0197982788086,95.01000213623047,95.01499938964844,33457
2026-06-26 16:50:00+00:00,95.01499938964844,95.0250015258789,95.01170349121094,95.01499938964844,32325
2026-06-26 16:55:00+00:00,95.01499938964844,95.02999877929688,95.01499938964844,95.02999877929688,16927
2026-06-26 17:00:00+00:00,95.0250015258789,95.03559875488281,95.0250015258789,95.03500366210938,12259
2026-06-26 17:05:00+00:00,95.03500366210938,95.0374984741211,95.0250015258789,95.03500366210938,19228
2026-06-26 17:10:00+00:00,95.03500366210938,95.0374984741211,95.00499725341797,95.01499938964844,29811
2026-06-26 17:15:00+00:00,95.01499938964844,95.02999877929688,95.01000213623047,95.01499938964844,20237
2026-06-26 17:20:00+00:00,95.0199966430664,95.0199966430664,95.0,95.01000213623047,135493
2026-06-26 17:25:00+00:00,95.01000213623047,95.01000213623047,95.0,95.00749969482422,13096
2026-06-26 17:30:00+00:00,95.00569915771484,95.00749969482422,94.98999786376953,94.99009704589844,67000
2026-06-26 17:35:00+00:00,94.99500274658203,95.0,94.98500061035156,94.99500274658203,97919
2026-06-26 17:40:00+00:00,94.99500274658203,95.01000213623047,94.99369812011719,95.01000213623047,13649
2026-06-26 17:45:00+00:00,95.00499725341797,95.01000213623047,95.00499725341797,95.00849914550781,8481
2026-06-26 17:50:00+00:00,95.01000213623047,95.01750183105469,95.0,95.00499725341797,48435
2026-06-26 17:55:00+00:00,95.00499725341797,95.01000213623047,95.0,95.00749969482422,28110
2026-06-26 18:00:00+00:00,95.0,95.01000213623047,94.99019622802734,95.01000213623047,51953
2026-06-26 18:05:00+00:00,95.01000213623047,95.0199966430664,95.01000213623047,95.01499938964844,16978
2026-06-26 18:10:00+00:00,95.01499938964844,95.01750183105469,95.00140380859375,95.00499725341797,38185
2026-06-26 18:15:00+00:00,95.00499725341797,95.01000213623047,95.00499725341797,95.01000213623047,16087
2026-06-26 18:20:00+00:00,95.00969696044922,95.01000213623047,95.0000991821289,95.00499725341797,20368
2026-06-26 18:25:00+00:00,95.01000213623047,95.01000213623047,95.0,95.01000213623047,18286
2026-06-26 18:30:00+00:00,95.01000213623047,95.02999877929688,95.01000213623047,95.0250015258789,43092
2026-06-26 18:35:00+00:00,95.0250015258789,95.02749633789062,95.01499938964844,95.01499938964844,28484
2026-06-26 18:40:00+00:00,95.0199966430664,95.02999877929688,95.01100158691406,95.0250015258789,38789
2026-06-26 18:45:00+00:00,95.0250015258789,95.02749633789062,95.01000213623047,95.01499938964844,31820
2026-06-26 18:50:00+00:00,95.01010131835938,95.01499938964844,95.0,95.00499725341797,76347
2026-06-26 18:55:00+00:00,95.00499725341797,95.02989959716797,95.00499725341797,95.01499938964844,34678
2026-06-26 19:00:00+00:00,95.0199966430664,95.0199966430664,95.0000991821289,95.01499938964844,211627
2026-06-26 19:05:00+00:00,95.0199966430664,95.0250015258789,95.01110076904297,95.0250015258789,27880
2026-06-26 19:10:00+00:00,95.0250015258789,95.02999877929688,95.01499938964844,95.0199966430664,18940
2026-06-26 19:15:00+00:00,95.0199966430664,95.0199966430664,95.01000213623047,95.01750183105469,20622
2026-06-26 19:20:00+00:00,95.01499938964844,95.0199966430664,95.0,95.01000213623047,37159
2026-06-26 19:25:00+00:00,95.01499938964844,95.01750183105469,95.01000213623047,95.01499938964844,27257
2026-06-26 19:30:00+00:00,95.01499938964844,95.0199966430664,95.0000991821289,95.01499938964844,91050
2026-06-26 19:35:00+00:00,95.01750183105469,95.0199966430664,95.0,95.0,34608
2026-06-26 19:40:00+00:00,95.00499725341797,95.01000213623047,94.98999786376953,95.0,64524
2026-06-26 19:45:00+00:00,95.0,95.01000213623047,94.98999786376953,95.00499725341797,99412
2026-06-26 19:50:00+00:00,95.00499725341797,95.0199966430664,95.0,95.0199966430664,98512
2026-06-26 19:55:00+00:00,95.0199966430664,95.04000091552734,95.01000213623047,95.02999877929688,425352
2026-06-29 13:30:00+00:00,94.9800033569336,94.98999786376953,94.97000122070312,94.98500061035156,93447
2026-06-29 13:35:00+00:00,94.98999786376953,95.00499725341797,94.98999786376953,95.0,77565
2026-06-29 13:40:00+00:00,95.0,95.0199966430664,95.0,95.00499725341797,61958
2026-06-29 13:45:00+00:00,95.00499725341797,95.01000213623047,94.97000122070312,94.9749984741211,74019
2026-06-29 13:50:00+00:00,94.9761962890625,95.02999877929688,94.9749984741211,95.0199966430664,98901
2026-06-29 13:55:00+00:00,95.0250015258789,95.04000091552734,95.01000213623047,95.01000213623047,67001
2026-06-29 14:00:00+00:00,95.0199966430664,95.05000305175781,95.0199966430664,95.03500366210938,110378
2026-06-29 14:05:00+00:00,95.03009796142578,95.05000305175781,95.02010345458984,95.02010345458984,41932
2026-06-29 14:10:00+00:00,95.0250015258789,95.035400390625,94.98500061035156,94.98999786376953,84310
2026-06-29 14:15:00+00:00,94.9800033569336,95.01499938964844,94.9749984741211,95.01499938964844,284665
2026-06-29 14:20:00+00:00,95.0250015258789,95.02999877929688,95.00990295410156,95.01499938964844,108146
2026-06-29 14:25:00+00:00,95.0199966430664,95.03500366210938,94.99500274658203,94.99500274658203,119345
2026-06-29 14:30:00+00:00,94.99500274658203,94.99710083007812,94.9800033569336,94.98999786376953,102453
2026-06-29 14:35:00+00:00,95.0,95.0,94.9801025390625,94.99500274658203,104724
2026-06-29 14:40:00+00:00,94.98999786376953,94.99710083007812,94.9749984741211,94.98500061035156,80521
2026-06-29 14:45:00+00:00,94.98999786376953,95.00389862060547,94.98210144042969,94.98999786376953,64716
2026-06-29 14:50:00+00:00,94.98999786376953,95.0,94.97000122070312,94.98500061035156,140061
2026-06-29 14:55:00+00:00,94.98909759521484,94.99739837646484,94.97000122070312,94.97000122070312,50192
2026-06-29 15:00:00+00:00,94.9800033569336,94.99500274658203,94.9749984741211,94.98500061035156,47060
2026-06-29 15:05:00+00:00,94.98500061035156,94.98999786376953,94.98500061035156,94.98999786376953,16913
2026-06-29 15:10:00+00:00,94.98999786376953,95.00499725341797,94.98999786376953,95.00499725341797,51869
2026-06-29 15:15:00+00:00,95.0,95.0,94.9800033569336,94.9800033569336,156564
2026-06-29 15:20:00+00:00,94.9749984741211,94.97859954833984,94.94999694824219,94.95999908447266,41297
2026-06-29 15:25:00+00:00,94.96289825439453,94.9749984741211,94.95500183105469,94.96499633789062,40845
2026-06-29 15:30:00+00:00,94.96499633789062,94.97000122070312,94.94000244140625,94.94010162353516,72498
2026-06-29 15:35:00+00:00,94.94000244140625,94.95500183105469,94.93000030517578,94.94499969482422,28305
2026-06-29 15:40:00+00:00,94.94999694824219,94.95999908447266,94.94499969482422,94.95500183105469,16948
2026-06-29 15:45:00+00:00,94.95330047607422,94.97000122070312,94.95330047607422,94.95999908447266,51137
2026-06-29 15:50:00+00:00,94.9749984741211,94.98999786376953,94.97100067138672,94.9749984741211,71219
2026-06-29 15:55:00+00:00,94.97440338134766,94.98999786376953,94.97440338134766,94.98999786376953,26662
2026-06-29 16:00:00+00:00,94.99500274658203,94.99500274658203,94.97000122070312,94.97000122070312,35774
2026-06-29 16:05:00+00:00,94.97740173339844,94.97820281982422,94.96499633789062,94.9749984741211,11093
2026-06-29 16:10:00+00:00,94.97270202636719,94.98500061035156,94.96499633789062,94.96499633789062,18161
2026-06-29 16:15:00+00:00,94.96499633789062,94.9800033569336,94.95999908447266,94.97000122070312,16501
2026-06-29 16:20:00+00:00,94.96769714355469,94.96769714355469,94.94999694824219,94.94999694824219,5349
2026-06-29 16:25:00+00:00,94.95500183105469,94.95989990234375,94.94000244140625,94.95500183105469,224038
2026-06-29 16:30:00+00:00,94.95159912109375,94.95999908447266,94.94000244140625,94.94000244140625,41098
2026-06-29 16:35:00+00:00,94.94499969482422,94.96499633789062,94.94499969482422,94.96499633789062,36760
2026-06-29 16:40:00+00:00,94.95999908447266,94.95999908447266,94.94000244140625,94.95999908447266,29795
2026-06-29 16:45:00+00:00,94.95999908447266,94.96990203857422,94.95999908447266,94.96499633789062,29146
2026-06-29 16:50:00+00:00,94.97000122070312,94.9800033569336,94.96499633789062,94.96499633789062,52154
2026-06-29 16:55:00+00:00,94.96499633789062,94.96980285644531,94.96499633789062,94.96499633789062,6597
2026-06-29 17:00:00+00:00,94.96499633789062,94.98999786376953,94.96499633789062,94.98500061035156,146020
2026-06-29 17:05:00+00:00,94.9800033569336,94.98500061035156,94.97579956054688,94.97930145263672,27048
2026-06-29 17:10:00+00:00,94.9800033569336,94.98999786376953,94.97509765625,94.9800033569336,26146
2026-06-29 17:15:00+00:00,94.98500061035156,94.99500274658203,94.9800033569336,94.98500061035156,28085
2026-06-29 17:20:00+00:00,94.98999786376953,94.98999786376953,94.97010040283203,94.97869873046875,10738
2026-06-29 17:25:00+00:00,94.9749984741211,94.9749984741211,94.95999908447266,94.95999908447266,38851
2026-06-29 17:30:00+00:00,94.95500183105469,95.01000213623047,94.94999694824219,95.00499725341797,97703
2026-06-29 17:35:00+00:00,95.0,95.01499938964844,95.0,95.01000213623047,20692
2026-06-29 17:40:00+00:00,95.01499938964844,95.01499938964844,95.01000213623047,95.01499938964844,11417
2026-06-29 17:45:00+00:00,95.01210021972656,95.0199966430664,95.01000213623047,95.01229858398438,27385
2026-06-29 17:50:00+00:00,95.01119995117188,95.0165023803711,95.0,95.00409698486328,17306
2026-06-29 17:55:00+00:00,95.0,95.01000213623047,94.98999786376953,94.99500274658203,73109
2026-06-29 18:00:00+00:00,94.98999786376953,94.99500274658203,94.98370361328125,94.98500061035156,16213
2026-06-29 18:05:00+00:00,94.98999786376953,94.98999786376953,94.9801025390625,94.98500061035156,23147
2026-06-29 18:10:00+00:00,94.98500061035156,94.98999786376953,94.9813003540039,94.98989868164062,12570
2026-06-29 18:15:00+00:00,94.98999786376953,95.0,94.98500061035156,94.98999786376953,31947
2026-06-29 18:20:00+00:00,94.98989868164062,94.98999786376953,94.96499633789062,94.97489929199219,33713
2026-06-29 18:25:00+00:00,94.9749984741211,94.97689819335938,94.94499969482422,94.95500183105469,24494
2026-06-29 18:30:00+00:00,94.95999908447266,94.9800033569336,94.95999908447266,94.97010040283203,79545
2026-06-29 18:35:00+00:00,94.97000122070312,94.97989654541016,94.96289825439453,94.96499633789062,17404
2026-06-29 18:40:00+00:00,94.97000122070312,94.97000122070312,94.95999908447266,94.96009826660156,11979
2026-06-29 18:45:00+00:00,94.96499633789062,94.9749984741211,94.95999908447266,94.9749984741211,24131
2026-06-29 18:50:00+00:00,94.9749984741211,94.97550201416016,94.97000122070312,94.9749984741211,15233
2026-06-29 18:55:00+00:00,94.9749984741211,95.0,94.97239685058594,94.9800033569336,111551
2026-06-29 19:00:00+00:00,94.99500274658203,95.01000213623047,94.99500274658203,95.00499725341797,28635
2026-06-29 19:05:00+00:00,95.00499725341797,95.00969696044922,94.99500274658203,94.99500274658203,31384
2026-06-29 19:10:00+00:00,94.99500274658203,95.0,94.98999786376953,94.99500274658203,331314
2026-06-29 19:15:00+00:00,94.99500274658203,95.00499725341797,94.99500274658203,95.0000991821289,209597
2026-06-29 19:20:00+00:00,95.00499725341797,95.00569915771484,95.0,95.0,68609
2026-06-29 19:25:00+00:00,95.0,95.01499938964844,95.0,95.01499938964844,88283
2026-06-29 19:30:00+00:00,95.01499938964844,95.02999877929688,95.01499938964844,95.0250015258789,61768
2026-06-29 19:35:00+00:00,95.0250015258789,95.04000091552734,95.0199966430664,95.04000091552734,87956
2026-06-29 19:40:00+00:00,95.03500366210938,95.05000305175781,95.03500366210938,95.05000305175781,116744
2026-06-29 19:45:00+00:00,95.05000305175781,95.05000305175781,95.02999877929688,95.03299713134766,115972
2026-06-29 19:50:00+00:00,95.02999877929688,95.05000305175781,95.02999877929688,95.04389953613281,118904
2026-06-29 19:55:00+00:00,95.05000305175781,95.06999969482422,95.04000091552734,95.04000091552734,346277
2026-06-30 13:30:00+00:00,94.87999725341797,94.90010070800781,94.87999725341797,94.88999938964844,74377
2026-06-30 13:35:00+00:00,94.87999725341797,94.9000015258789,94.875,94.88500213623047,138834
2026-06-30 13:40:00+00:00,94.87999725341797,94.88770294189453,94.86979675292969,94.87950134277344,36182
2026-06-30 13:45:00+00:00,94.87940216064453,94.87960052490234,94.8499984741211,94.8550033569336,56976
2026-06-30 13:50:00+00:00,94.8563003540039,94.86499786376953,94.8499984741211,94.8550033569336,711817
2026-06-30 13:55:00+00:00,94.8582992553711,94.87000274658203,94.83999633789062,94.83999633789062,54950
2026-06-30 14:00:00+00:00,94.83499908447266,94.83499908447266,94.79000091552734,94.79499816894531,253932
2026-06-30 14:05:00+00:00,94.78900146484375,94.80999755859375,94.78900146484375,94.79499816894531,59484
2026-06-30 14:10:00+00:00,94.80000305175781,94.83999633789062,94.80000305175781,94.83000183105469,173713
2026-06-30 14:15:00+00:00,94.83499908447266,94.8550033569336,94.83000183105469,94.84819793701172,123940
2026-06-30 14:20:00+00:00,94.84500122070312,94.85990142822266,94.83499908447266,94.83499908447266,55323
2026-06-30 14:25:00+00:00,94.83999633789062,94.83999633789062,94.82499694824219,94.83000183105469,78426
2026-06-30 14:30:00+00:00,94.83000183105469,94.83999633789062,94.82499694824219,94.83670043945312,32572
2026-06-30 14:35:00+00:00,94.83000183105469,94.83999633789062,94.81300354003906,94.83000183105469,87189
2026-06-30 14:40:00+00:00,94.83499908447266,94.84989929199219,94.83499908447266,94.83499908447266,20275
2026-06-30 14:45:00+00:00,94.83509826660156,94.85559844970703,94.83499908447266,94.8499984741211,83507
2026-06-30 14:50:00+00:00,94.8550033569336,94.85990142822266,94.83999633789062,94.8499984741211,51480
2026-06-30 14:55:00+00:00,94.85990142822266,94.85990142822266,94.82080078125,94.82499694824219,128981
2026-06-30 15:00:00+00:00,94.82499694824219,94.82499694824219,94.81500244140625,94.81999969482422,40488
2026-06-30 15:05:00+00:00,94.81999969482422,94.82990264892578,94.81009674072266,94.82499694824219,440449
2026-06-30 15:10:00+00:00,94.82499694824219,94.83499908447266,94.78199768066406,94.79000091552734,125254
2026-06-30 15:15:00+00:00,94.78500366210938,94.79499816894531,94.76000213623047,94.78500366210938,178970
2026-06-30 15:20:00+00:00,94.77999877929688,94.79499816894531,94.77999877929688,94.78500366210938,106576
2026-06-30 15:25:00+00:00,94.78510284423828,94.79000091552734,94.78240203857422,94.79000091552734,180891
2026-06-30 15:30:00+00:00,94.79499816894531,94.80729675292969,94.78500366210938,94.80500030517578,37744
2026-06-30 15:35:00+00:00,94.80500030517578,94.83000183105469,94.80000305175781,94.82009887695312,72228
2026-06-30 15:40:00+00:00,94.81999969482422,94.82939910888672,94.80999755859375,94.82499694824219,141258
2026-06-30 15:45:00+00:00,94.83000183105469,94.83999633789062,94.83000183105469,94.8386001586914,35862
2026-06-30 15:50:00+00:00,94.83499908447266,94.84989929199219,94.83000183105469,94.83000183105469,110067
2026-06-30 15:55:00+00:00,94.8301010131836,94.84500122070312,94.83000183105469,94.83999633789062,41457
2026-06-30 16:00:00+00:00,94.83499908447266,94.84500122070312,94.81500244140625,94.81500244140625,18610
2026-06-30 16:05:00+00:00,94.81500244140625,94.81999969482422,94.80500030517578,94.80500030517578,13466
2026-06-30 16:10:00+00:00,94.80000305175781,94.80500030517578,94.79000091552734,94.79499816894531,21628
2026-06-30 16:15:00+00:00,94.80000305175781,94.82499694824219,94.80000305175781,94.82499694824219,55427
2026-06-30 16:20:00+00:00,94.82499694824219,94.82499694824219,94.79989624023438,94.79989624023438,49606
2026-06-30 16:25:00+00:00,94.79499816894531,94.80509948730469,94.79010009765625,94.80500030517578,69416
2026-06-30 16:30:00+00:00,94.80999755859375,94.81999969482422,94.80999755859375,94.81999969482422,15602
2026-06-30 16:35:00+00:00,94.82499694824219,94.82929992675781,94.81500244140625,94.81500244140625,20539
2026-06-30 16:40:00+00:00,94.81510162353516,94.82980346679688,94.80999755859375,94.82499694824219,134373
2026-06-30 16:45:00+00:00,94.82990264892578,94.82990264892578,94.80999755859375,94.80999755859375,20878
2026-06-30 16:50:00+00:00,94.81819915771484,94.81819915771484,94.80000305175781,94.80500030517578,12547
2026-06-30 16:55:00+00:00,94.80500030517578,94.80500030517578,94.79000091552734,94.79989624023438,21285
2026-06-30 17:00:00+00:00,94.79000091552734,94.79989624023438,94.78500366210938,94.79499816894531,11018
2026-06-30 17:05:00+00:00,94.79029846191406,94.79029846191406,94.7750015258789,94.7750015258789,35008
2026-06-30 17:10:00+00:00,94.7750015258789,94.78990173339844,94.7750015258789,94.7750015258789,60723
2026-06-30 17:15:00+00:00,94.7750015258789,94.77989959716797,94.7699966430664,94.77989959716797,9921
2026-06-30 17:20:00+00:00,94.77989959716797,94.77999877929688,94.76499938964844,94.77999877929688,48060
2026-06-30 17:25:00+00:00,94.7750015258789,94.7760009765625,94.7699966430664,94.7750015258789,10631
2026-06-30 17:30:00+00:00,94.7750015258789,94.79499816894531,94.7750015258789,94.7750015258789,86672
2026-06-30 17:35:00+00:00,94.77439880371094,94.78500366210938,94.76499938964844,94.78500366210938,83347
2026-06-30 17:40:00+00:00,94.77999877929688,94.78900146484375,94.7750015258789,94.77999877929688,46187
2026-06-30 17:45:00+00:00,94.77999877929688,94.77999877929688,94.7699966430664,94.7750015258789,52019
2026-06-30 17:50:00+00:00,94.7750015258789,94.78990173339844,94.7750015258789,94.77999877929688,83725
2026-06-30 17:55:00+00:00,94.78500366210938,94.78500366210938,94.7699966430664,94.7699966430664,37412
2026-06-30 18:00:00+00:00,94.7699966430664,94.77999877929688,94.76020050048828,94.7699966430664,35585
2026-06-30 18:05:00+00:00,94.7750015258789,94.7771987915039,94.75,94.75499725341797,71643
2026-06-30 18:10:00+00:00,94.76000213623047,94.76000213623047,94.74349975585938,94.75499725341797,53520
2026-06-30 18:15:00+00:00,94.75499725341797,94.76000213623047,94.75,94.75389862060547,23767
2026-06-30 18:20:00+00:00,94.75689697265625,94.76000213623047,94.75029754638672,94.75499725341797,22957
2026-06-30 18:25:00+00:00,94.75969696044922,94.76000213623047,94.73999786376953,94.74500274658203,39367
2026-06-30 18:30:00+00:00,94.73999786376953,94.74639892578125,94.72489929199219,94.74500274658203,112394
2026-06-30 18:35:00+00:00,94.74500274658203,94.74759674072266,94.7249984741211,94.72989654541016,94184
2026-06-30 18:40:00+00:00,94.7249984741211,94.73999786376953,94.72000122070312,94.72989654541016,46827
2026-06-30 18:45:00+00:00,94.7249984741211,94.73500061035156,94.7249984741211,94.73500061035156,26129
2026-06-30 18:50:00+00:00,94.73500061035156,94.73690032958984,94.7300033569336,94.7300033569336,46525
2026-06-30 18:55:00+00:00,94.7300033569336,94.73999786376953,94.69999694824219,94.70500183105469,309247
2026-06-30 19:00:00+00:00,94.69999694824219,94.7249984741211,94.69999694824219,94.71499633789062,114136
2026-06-30 19:05:00+00:00,94.71499633789062,94.71499633789062,94.69000244140625,94.6968002319336,50730
2026-06-30 19:10:00+00:00,94.69499969482422,94.69499969482422,94.66500091552734,94.66999816894531,71088
2026-06-30 19:15:00+00:00,94.66999816894531,94.66999816894531,94.6500015258789,94.65499877929688,56139
2026-06-30 19:20:00+00:00,94.65499877929688,94.65899658203125,94.63999938964844,94.6449966430664,52459
2026-06-30 19:25:00+00:00,94.6449966430664,94.6500015258789,94.62999725341797,94.6449966430664,147118
2026-06-30 19:30:00+00:00,94.6449966430664,94.6500015258789,94.62000274658203,94.62999725341797,229629
2026-06-30 19:35:00+00:00,94.62999725341797,94.66000366210938,94.62999725341797,94.65010070800781,149242
2026-06-30 19:40:00+00:00,94.65499877929688,94.66000366210938,94.6449966430664,94.64990234375,191080
2026-06-30 19:45:00+00:00,94.6449966430664,94.6500015258789,94.61499786376953,94.61499786376953,124724
2026-06-30 19:50:00+00:00,94.61599731445312,94.61640167236328,94.58999633789062,94.59500122070312,246310
2026-06-30 19:55:00+00:00,94.59500122070312,94.59500122070312,94.54499816894531,94.56999969482422,639975
2026-07-01 13:30:00+00:00,94.04000091552734,94.06500244140625,94.01020050048828,94.0199966430664,616523
2026-07-01 13:35:00+00:00,94.01499938964844,94.06610107421875,93.99500274658203,94.04000091552734,147277
2026-07-01 13:40:00+00:00,94.04000091552734,94.06500244140625,94.04000091552734,94.05999755859375,143056
2026-07-01 13:45:00+00:00,94.06500244140625,94.11000061035156,94.06500244140625,94.09500122070312,124815
2026-07-01 13:50:00+00:00,94.0999984741211,94.125,94.08499908447266,94.11499786376953,124734
2026-07-01 13:55:00+00:00,94.11000061035156,94.11250305175781,94.08999633789062,94.0999984741211,87774
2026-07-01 14:00:00+00:00,94.11000061035156,94.1500015258789,94.0999984741211,94.125,398948
2026-07-01 14:05:00+00:00,94.125,94.18810272216797,94.125,94.17230224609375,74621
2026-07-01 14:10:00+00:00,94.17500305175781,94.19999694824219,94.16999816894531,94.18000030517578,244060
2026-07-01 14:15:00+00:00,94.18009948730469,94.19499969482422,94.16000366210938,94.16500091552734,201048
2026-07-01 14:20:00+00:00,94.16500091552734,94.18499755859375,94.1449966430664,94.15499877929688,195048
2026-07-01 14:25:00+00:00,94.15499877929688,94.15859985351562,94.13999938964844,94.15859985351562,98917
2026-07-01 14:30:00+00:00,94.15499877929688,94.19000244140625,94.15499877929688,94.19000244140625,68496
2026-07-01 14:35:00+00:00,94.18499755859375,94.18499755859375,94.13999938964844,94.16010284423828,65587
2026-07-01 14:40:00+00:00,94.16010284423828,94.16500091552734,94.13500213623047,94.13849639892578,26261
2026-07-01 14:45:00+00:00,94.13500213623047,94.13999938964844,94.12010192871094,94.13999938964844,72787
2026-07-01 14:50:00+00:00,94.13999938964844,94.15499877929688,94.125,94.13500213623047,63401
2026-07-01 14:55:00+00:00,94.13500213623047,94.1449966430664,94.13500213623047,94.1449966430664,31351
2026-07-01 15:00:00+00:00,94.13999938964844,94.16999816894531,94.13999938964844,94.15029907226562,57036
2026-07-01 15:05:00+00:00,94.15399932861328,94.16000366210938,94.14340209960938,94.15010070800781,48767
2026-07-01 15:10:00+00:00,94.1449966430664,94.1500015258789,94.12000274658203,94.1500015258789,116610
2026-07-01 15:15:00+00:00,94.1498031616211,94.1498031616211,94.12999725341797,94.13999938964844,49497
2026-07-01 15:20:00+00:00,94.13500213623047,94.158203125,94.12000274658203,94.13999938964844,258645
2026-07-01 15:25:00+00:00,94.13990020751953,94.16000366210938,94.13500213623047,94.1449966430664,50034
2026-07-01 15:30:00+00:00,94.1449966430664,94.16500091552734,94.13999938964844,94.13999938964844,98649
2026-07-01 15:35:00+00:00,94.13999938964844,94.1500015258789,94.13500213623047,94.1500015258789,50753
2026-07-01 15:40:00+00:00,94.1500015258789,94.15989685058594,94.12000274658203,94.1500015258789,50919
2026-07-01 15:45:00+00:00,94.15499877929688,94.16000366210938,94.1500015258789,94.16000366210938,34930
2026-07-01 15:50:00+00:00,94.16000366210938,94.17990112304688,94.16000366210938,94.16500091552734,34651
2026-07-01 15:55:00+00:00,94.16500091552734,94.1698989868164,94.1449966430664,94.15499877929688,57184
2026-07-01 16:00:00+00:00,94.15499877929688,94.16500091552734,94.13999938964844,94.16500091552734,51581
2026-07-01 16:05:00+00:00,94.1614990234375,94.18000030517578,94.1614990234375,94.16500091552734,37284
2026-07-01 16:10:00+00:00,94.16000366210938,94.16999816894531,94.16000366210938,94.16010284423828,54321
2026-07-01 16:15:00+00:00,94.16500091552734,94.16500091552734,94.13999938964844,94.15599822998047,188651
2026-07-01 16:20:00+00:00,94.1500015258789,94.1500015258789,94.12999725341797,94.13500213623047,158310
2026-07-01 16:25:00+00:00,94.13500213623047,94.1500015258789,94.13130187988281,94.1500015258789,21477
2026-07-01 16:30:00+00:00,94.1449966430664,94.16000366210938,94.1449966430664,94.1500015258789,22586
2026-07-01 16:35:00+00:00,94.15499877929688,94.15989685058594,94.12999725341797,94.12999725341797,17995
2026-07-01 16:40:00+00:00,94.12000274658203,94.12999725341797,94.11000061035156,94.12000274658203,73141
2026-07-01 16:45:00+00:00,94.11499786376953,94.13999938964844,94.11499786376953,94.125,64175
2026-07-01 16:50:00+00:00,94.125,94.125,94.11229705810547,94.125,24841
2026-07-01 16:55:00+00:00,94.125,94.12999725341797,94.08999633789062,94.08999633789062,49966
2026-07-01 17:00:00+00:00,94.08999633789062,94.11000061035156,94.08149719238281,94.11000061035156,59022
2026-07-01 17:05:00+00:00,94.1050033569336,94.10769653320312,94.0999984741211,94.10330200195312,12960
2026-07-01 17:10:00+00:00,94.11000061035156,94.12999725341797,94.11000061035156,94.12989807128906,51256
2026-07-01 17:15:00+00:00,94.125,94.12999725341797,94.11000061035156,94.11000061035156,52729
2026-07-01 17:20:00+00:00,94.11000061035156,94.11499786376953,94.08999633789062,94.09500122070312,19640
2026-07-01 17:25:00+00:00,94.08999633789062,94.0999984741211,94.08000183105469,94.09500122070312,46651
2026-07-01 17:30:00+00:00,94.0916976928711,94.11000061035156,94.08999633789062,94.1050033569336,47198
2026-07-01 17:35:00+00:00,94.1050033569336,94.11000061035156,94.10189819335938,94.1050033569336,16757
2026-07-01 17:40:00+00:00,94.11000061035156,94.12999725341797,94.11000061035156,94.12999725341797,57363
2026-07-01 17:45:00+00:00,94.13500213623047,94.1500015258789,94.13179779052734,94.1449966430664,72138
2026-07-01 17:50:00+00:00,94.1449966430664,94.1500015258789,94.13179779052734,94.1449966430664,59091
2026-07-01 17:55:00+00:00,94.1449966430664,94.14990234375,94.12000274658203,94.125,51096
2026-07-01 18:00:00+00:00,94.12000274658203,94.13999938964844,94.12000274658203,94.12159729003906,69844
2026-07-01 18:05:00+00:00,94.12429809570312,94.12899780273438,94.12000274658203,94.125,39268
2026-07-01 18:10:00+00:00,94.12000274658203,94.12000274658203,94.11000061035156,94.11000061035156,37109
2026-07-01 18:15:00+00:00,94.11000061035156,94.11519622802734,94.08999633789062,94.09500122070312,99095
2026-07-01 18:20:00+00:00,94.08999633789062,94.10579681396484,94.08999633789062,94.09010314941406,41138
2026-07-01 18:25:00+00:00,94.09500122070312,94.0999984741211,94.08000183105469,94.08499908447266,71680
2026-07-01 18:30:00+00:00,94.08000183105469,94.08000183105469,94.06500244140625,94.06500244140625,29378
2026-07-01 18:35:00+00:00,94.06500244140625,94.06990051269531,94.06500244140625,94.06500244140625,27056
2026-07-01 18:40:00+00:00,94.06009674072266,94.06009674072266,94.04000091552734,94.05500030517578,167114
2026-07-01 18:45:00+00:00,94.05500030517578,94.05999755859375,94.05000305175781,94.05500030517578,75769
2026-07-01 18:50:00+00:00,94.05500030517578,94.05999755859375,94.05000305175781,94.05000305175781,81203
2026-07-01 18:55:00+00:00,94.05000305175781,94.06999969482422,94.04000091552734,94.06500244140625,210053
2026-07-01 19:00:00+00:00,94.06500244140625,94.06999969482422,94.05500030517578,94.05819702148438,100640
2026-07-01 19:05:00+00:00,94.06839752197266,94.06990051269531,94.05500030517578,94.06500244140625,97500
2026-07-01 19:10:00+00:00,94.06500244140625,94.06999969482422,94.05999755859375,94.06999969482422,71687
2026-07-01 19:15:00+00:00,94.05999755859375,94.05999755859375,94.03500366210938,94.03500366210938,81455
2026-07-01 19:20:00+00:00,94.03990173339844,94.04000091552734,94.0199966430664,94.03500366210938,71899
2026-07-01 19:25:00+00:00,94.03500366210938,94.04000091552734,94.03009796142578,94.03500366210938,64264
2026-07-01 19:30:00+00:00,94.04000091552734,94.05000305175781,94.0199966430664,94.04499816894531,148618
2026-07-01 19:35:00+00:00,94.04000091552734,94.05000305175781,94.04000091552734,94.05000305175781,47582
2026-07-01 19:40:00+00:00,94.05000305175781,94.05999755859375,94.04000091552734,94.04000091552734,73511
2026-07-01 19:45:00+00:00,94.04499816894531,94.05819702148438,94.04000091552734,94.05819702148438,95634
2026-07-01 19:50:00+00:00,94.05500030517578,94.05500030517578,94.02999877929688,94.04000091552734,159580
2026-07-01 19:55:00+00:00,94.03500366210938,94.05999755859375,94.02999877929688,94.03500366210938,404600
2026-07-02 13:30:00+00:00,94.08200073242188,94.16000366210938,94.08000183105469,94.13999938964844,136993
2026-07-02 13:35:00+00:00,94.15499877929688,94.16500091552734,94.12999725341797,94.13999938964844,73069
2026-07-02 13:40:00+00:00,94.13500213623047,94.16000366210938,94.12000274658203,94.13500213623047,420384
2026-07-02 13:45:00+00:00,94.13500213623047,94.1449966430664,94.08999633789062,94.08999633789062,71233
2026-07-02 13:50:00+00:00,94.09500122070312,94.12000274658203,94.08999633789062,94.09500122070312,98716
2026-07-02 13:55:00+00:00,94.09500122070312,94.125,94.08999633789062,94.08999633789062,150764
2026-07-02 14:00:00+00:00,94.08999633789062,94.0999984741211,94.06999969482422,94.08499908447266,117857
2026-07-02 14:05:00+00:00,94.08000183105469,94.10880279541016,94.08000183105469,94.1050033569336,96232
2026-07-02 14:10:00+00:00,94.1050033569336,94.10810089111328,94.07170104980469,94.09200286865234,191221
2026-07-02 14:15:00+00:00,94.09500122070312,94.1063003540039,94.06999969482422,94.07499694824219,62103
2026-07-02 14:20:00+00:00,94.07499694824219,94.1050033569336,94.04989624023438,94.1050033569336,184678
2026-07-02 14:25:00+00:00,94.0999984741211,94.12000274658203,94.09500122070312,94.12000274658203,89795
2026-07-02 14:30:00+00:00,94.11499786376953,94.125,94.11000061035156,94.11000061035156,137325
2026-07-02 14:35:00+00:00,94.0999984741211,94.13999938964844,94.09020233154297,94.13600158691406,146849
2026-07-02 14:40:00+00:00,94.13500213623047,94.14990234375,94.12010192871094,94.13999938964844,149718
2026-07-02 14:45:00+00:00,94.13999938964844,94.16000366210938,94.12999725341797,94.15499877929688,218486
2026-07-02 14:50:00+00:00,94.15499877929688,94.19999694824219,94.15019989013672,94.19000244140625,74385
2026-07-02 14:55:00+00:00,94.19000244140625,94.21499633789062,94.18000030517578,94.1801986694336,135945
2026-07-02 15:00:00+00:00,94.18000030517578,94.20999908447266,94.16999816894531,94.20999908447266,64995
2026-07-02 15:05:00+00:00,94.20500183105469,94.22660064697266,94.20500183105469,94.21009826660156,57336
2026-07-02 15:10:00+00:00,94.22000122070312,94.22899627685547,94.21499633789062,94.2249984741211,95743
2026-07-02 15:15:00+00:00,94.2249984741211,94.2300033569336,94.22000122070312,94.2249984741211,33741
2026-07-02 15:20:00+00:00,94.2249984741211,94.2490005493164,94.22000122070312,94.23500061035156,175121
2026-07-02 15:25:00+00:00,94.24500274658203,94.24759674072266,94.2219009399414,94.2384033203125,48060
2026-07-02 15:30:00+00:00,94.23500061035156,94.25669860839844,94.23500061035156,94.25,88083
2026-07-02 15:35:00+00:00,94.25499725341797,94.26000213623047,94.23999786376953,94.25499725341797,45617
2026-07-02 15:40:00+00:00,94.25,94.26000213623047,94.23829650878906,94.25499725341797,54289
2026-07-02 15:45:00+00:00,94.25499725341797,94.25990295410156,94.23149871826172,94.23500061035156,71382
2026-07-02 15:50:00+00:00,94.23500061035156,94.23500061035156,94.20500183105469,94.20999908447266,22951
2026-07-02 15:55:00+00:00,94.21150207519531,94.22000122070312,94.19999694824219,94.20999908447266,44005
2026-07-02 16:00:00+00:00,94.19999694824219,94.22000122070312,94.18499755859375,94.18499755859375,27091
2026-07-02 16:05:00+00:00,94.18659973144531,94.18659973144531,94.16500091552734,94.16999816894531,24050
2026-07-02 16:10:00+00:00,94.17500305175781,94.18000030517578,94.16000366210938,94.17500305175781,67990
2026-07-02 16:15:00+00:00,94.17500305175781,94.17500305175781,94.14129638671875,94.1500015258789,59806
2026-07-02 16:20:00+00:00,94.15499877929688,94.15650177001953,94.12999725341797,94.12999725341797,34728
2026-07-02 16:25:00+00:00,94.12999725341797,94.13500213623047,94.11000061035156,94.11499786376953,30402
2026-07-02 16:30:00+00:00,94.10990142822266,94.12000274658203,94.1050033569336,94.11499786376953,22290
2026-07-02 16:35:00+00:00,94.11499786376953,94.12999725341797,94.0999984741211,94.10169982910156,69857
2026-07-02 16:40:00+00:00,94.1050033569336,94.11990356445312,94.10179901123047,94.11499786376953,22443
2026-07-02 16:45:00+00:00,94.11499786376953,94.11499786376953,94.08999633789062,94.09500122070312,35571
2026-07-02 16:50:00+00:00,94.0999984741211,94.11000061035156,94.08000183105469,94.08999633789062,48931
2026-07-02 16:55:00+00:00,94.08499908447266,94.12000274658203,94.08499908447266,94.09500122070312,40659
2026-07-02 17:00:00+00:00,94.08999633789062,94.11000061035156,94.08999633789062,94.09500122070312,41621
2026-07-02 17:05:00+00:00,94.09500122070312,94.0999984741211,94.08499908447266,94.08499908447266,8003
2026-07-02 17:10:00+00:00,94.08999633789062,94.08999633789062,94.08499908447266,94.08999633789062,14376
2026-07-02 17:15:00+00:00,94.08499908447266,94.08999633789062,94.07499694824219,94.08499908447266,38560
2026-07-02 17:20:00+00:00,94.0824966430664,94.0864028930664,94.07499694824219,94.07499694824219,48640
2026-07-02 17:25:00+00:00,94.06999969482422,94.06999969482422,94.05000305175781,94.05500030517578,25893
2026-07-02 17:30:00+00:00,94.05500030517578,94.06999969482422,94.05000305175781,94.06999969482422,32145
2026-07-02 17:35:00+00:00,94.06500244140625,94.06999969482422,94.04000091552734,94.04010009765625,33091
2026-07-02 17:40:00+00:00,94.04499816894531,94.05000305175781,94.04499816894531,94.05000305175781,25912
2026-07-02 17:45:00+00:00,94.05500030517578,94.05999755859375,94.04000091552734,94.04499816894531,22506
2026-07-02 17:50:00+00:00,94.04499816894531,94.04499816894531,94.02999877929688,94.04000091552734,86843
2026-07-02 17:55:00+00:00,94.04000091552734,94.04989624023438,94.03500366210938,94.04499816894531,144181
2026-07-02 18:00:00+00:00,94.04989624023438,94.05999755859375,94.04010009765625,94.05500030517578,176101
2026-07-02 18:05:00+00:00,94.05500030517578,94.06999969482422,94.04499816894531,94.05500030517578,341335
2026-07-02 18:10:00+00:00,94.05000305175781,94.05950164794922,94.04180145263672,94.05500030517578,205242
2026-07-02 18:15:00+00:00,94.05999755859375,94.05999755859375,94.03500366210938,94.03500366210938,96100
2026-07-02 18:20:00+00:00,94.02999877929688,94.04989624023438,94.02999877929688,94.04989624023438,72891
2026-07-02 18:25:00+00:00,94.04499816894531,94.05000305175781,94.03009796142578,94.03009796142578,23281
2026-07-02 18:30:00+00:00,94.03050231933594,94.03820037841797,94.02999877929688,94.03260040283203,11055
2026-07-02 18:35:00+00:00,94.03500366210938,94.05000305175781,94.03500366210938,94.04499816894531,26860
2026-07-02 18:40:00+00:00,94.04499816894531,94.05000305175781,94.04499816894531,94.05000305175781,95560
2026-07-02 18:45:00+00:00,94.05000305175781,94.05999755859375,94.0427017211914,94.05500030517578,20216
2026-07-02 18:50:00+00:00,94.05500030517578,94.05999755859375,94.05000305175781,94.05500030517578,19062
2026-07-02 18:55:00+00:00,94.05010223388672,94.05999755859375,94.05000305175781,94.05999755859375,46959
2026-07-02 19:00:00+00:00,94.05999755859375,94.08000183105469,94.05500030517578,94.07499694824219,389265
2026-07-02 19:05:00+00:00,94.07230377197266,94.11000061035156,94.07230377197266,94.11000061035156,652359
2026-07-02 19:10:00+00:00,94.1050033569336,94.11000061035156,94.0999984741211,94.1050033569336,34775
2026-07-02 19:15:00+00:00,94.11000061035156,94.12000274658203,94.11000061035156,94.11499786376953,154660
2026-07-02 19:20:00+00:00,94.11499786376953,94.12789916992188,94.11009979248047,94.125,47541
2026-07-02 19:25:00+00:00,94.12010192871094,94.12999725341797,94.12000274658203,94.125,67116
2026-07-02 19:30:00+00:00,94.125,94.13999938964844,94.12000274658203,94.12999725341797,30756
2026-07-02 19:35:00+00:00,94.12999725341797,94.1500015258789,94.12999725341797,94.1449966430664,57747
2026-07-02 19:40:00+00:00,94.1449966430664,94.1500015258789,94.13500213623047,94.13500213623047,70864
2026-07-02 19:45:00+00:00,94.13500213623047,94.1449966430664,94.12999725341797,94.1449966430664,54232
2026-07-02 19:50:00+00:00,94.1449966430664,94.16000366210938,94.13999938964844,94.15010070800781,32115
2026-07-02 19:55:00+00:00,94.1500015258789,94.16000366210938,94.12999725341797,94.13999938964844,205555
2026-07-06 13:30:00+00:00,94.12000274658203,94.16500091552734,94.11499786376953,94.16010284423828,361072
2026-07-06 13:35:00+00:00,94.16999816894531,94.16999816894531,94.13999938964844,94.13999938964844,125806
2026-07-06 13:40:00+00:00,94.1449966430664,94.1500015258789,94.125,94.12989807128906,325592
2026-07-06 13:45:00+00:00,94.125,94.13500213623047,94.12000274658203,94.13020324707031,60625
2026-07-06 13:50:00+00:00,94.12999725341797,94.13500213623047,94.125,94.125,18927
2026-07-06 13:55:00+00:00,94.12000274658203,94.12999725341797,94.09500122070312,94.09500122070312,29658
2026-07-06 14:00:00+00:00,94.08999633789062,94.12000274658203,94.08499908447266,94.12000274658203,78819
2026-07-06 14:05:00+00:00,94.1144027709961,94.11990356445312,94.09500122070312,94.09500122070312,91581
2026-07-06 14:10:00+00:00,94.1050033569336,94.11499786376953,94.09010314941406,94.0999984741211,22050
2026-07-06 14:15:00+00:00,94.0999984741211,94.0999984741211,94.07499694824219,94.08999633789062,130062
2026-07-06 14:20:00+00:00,94.08499908447266,94.08999633789062,94.06500244140625,94.08000183105469,49952
2026-07-06 14:25:00+00:00,94.07009887695312,94.08499908447266,94.06500244140625,94.06999969482422,96945
2026-07-06 14:30:00+00:00,94.07009887695312,94.08000183105469,94.05999755859375,94.08000183105469,42214
2026-07-06 14:35:00+00:00,94.07499694824219,94.08000183105469,94.0344009399414,94.0344009399414,91267
2026-07-06 14:40:00+00:00,94.04000091552734,94.04989624023438,94.03500366210938,94.04499816894531,26281
2026-07-06 14:45:00+00:00,94.04499816894531,94.05000305175781,94.03009796142578,94.03820037841797,15350
2026-07-06 14:50:00+00:00,94.03500366210938,94.05500030517578,94.02999877929688,94.05500030517578,37699
2026-07-06 14:55:00+00:00,94.05000305175781,94.06999969482422,94.043701171875,94.06999969482422,46935
2026-07-06 15:00:00+00:00,94.05819702148438,94.06999969482422,94.05000305175781,94.06990051269531,15797
2026-07-06 15:05:00+00:00,94.06999969482422,94.07839965820312,94.06169891357422,94.06999969482422,22763
2026-07-06 15:10:00+00:00,94.07499694824219,94.08999633789062,94.06500244140625,94.08499908447266,10073
2026-07-06 15:15:00+00:00,94.08499908447266,94.08499908447266,94.06500244140625,94.06500244140625,14781
2026-07-06 15:20:00+00:00,94.06990051269531,94.08830261230469,94.06169891357422,94.07009887695312,26370
2026-07-06 15:25:00+00:00,94.07499694824219,94.07849884033203,94.06379699707031,94.06500244140625,16724
2026-07-06 15:30:00+00:00,94.06500244140625,94.06849670410156,94.05500030517578,94.05999755859375,14002
2026-07-06 15:35:00+00:00,94.06500244140625,94.08000183105469,94.05999755859375,94.07499694824219,12925
2026-07-06 15:40:00+00:00,94.07499694824219,94.08499908447266,94.07150268554688,94.0801010131836,13756
2026-07-06 15:45:00+00:00,94.08000183105469,94.08999633789062,94.08000183105469,94.08999633789062,16496
2026-07-06 15:50:00+00:00,94.08000183105469,94.0863037109375,94.06999969482422,94.07019805908203,14307
2026-07-06 15:55:00+00:00,94.07499694824219,94.07980346679688,94.06999969482422,94.06999969482422,20950
2026-07-06 16:00:00+00:00,94.060302734375,94.060302734375,94.0447998046875,94.05500030517578,11269
2026-07-06 16:05:00+00:00,94.05500030517578,94.05870056152344,94.04499816894531,94.05500030517578,9995
2026-07-06 16:10:00+00:00,94.05500030517578,94.06999969482422,94.05000305175781,94.06500244140625,95432
2026-07-06 16:15:00+00:00,94.06430053710938,94.08000183105469,94.06009674072266,94.08000183105469,35016
2026-07-06 16:20:00+00:00,94.09159851074219,94.09500122070312,94.08499908447266,94.08499908447266,32012
2026-07-06 16:25:00+00:00,94.08499908447266,94.09500122070312,94.08000183105469,94.08999633789062,55682
2026-07-06 16:30:00+00:00,94.09400177001953,94.09500122070312,94.0739974975586,94.09500122070312,41630
2026-07-06 16:35:00+00:00,94.09500122070312,94.09500122070312,94.0801010131836,94.08670043945312,25152
2026-07-06 16:40:00+00:00,94.08000183105469,94.0884017944336,94.08000183105469,94.0801010131836,7169
2026-07-06 16:45:00+00:00,94.08499908447266,94.08809661865234,94.07360076904297,94.08499908447266,25848
2026-07-06 16:50:00+00:00,94.08999633789062,94.1050033569336,94.08499908447266,94.09500122070312,35929
2026-07-06 16:55:00+00:00,94.09500122070312,94.09970092773438,94.08999633789062,94.09159851074219,18833
2026-07-06 17:00:00+00:00,94.09010314941406,94.0999984741211,94.08499908447266,94.09500122070312,30311
2026-07-06 17:05:00+00:00,94.09500122070312,94.1050033569336,94.08999633789062,94.1050033569336,28300
2026-07-06 17:10:00+00:00,94.1050033569336,94.1050033569336,94.09500122070312,94.1050033569336,52375
2026-07-06 17:15:00+00:00,94.0999984741211,94.11000061035156,94.0999984741211,94.10659790039062,31912
2026-07-06 17:20:00+00:00,94.0999984741211,94.11499786376953,94.0999984741211,94.11499786376953,20140
2026-07-06 17:25:00+00:00,94.11000061035156,94.11810302734375,94.0999984741211,94.1050033569336,21192
2026-07-06 17:30:00+00:00,94.10250091552734,94.10970306396484,94.0999984741211,94.0999984741211,29765
2026-07-06 17:35:00+00:00,94.0999984741211,94.1050033569336,94.08999633789062,94.09529876708984,28762
2026-07-06 17:40:00+00:00,94.08999633789062,94.0999984741211,94.08999633789062,94.09500122070312,27875
2026-07-06 17:45:00+00:00,94.08999633789062,94.1050033569336,94.08000183105469,94.0999984741211,62607
2026-07-06 17:50:00+00:00,94.1050033569336,94.1072998046875,94.0999984741211,94.0999984741211,31388
2026-07-06 17:55:00+00:00,94.1050033569336,94.10590362548828,94.08999633789062,94.0999984741211,25446
2026-07-06 18:00:00+00:00,94.0999984741211,94.11000061035156,94.0999984741211,94.1050033569336,20882
2026-07-06 18:05:00+00:00,94.1050033569336,94.11000061035156,94.0999984741211,94.0999984741211,21444
2026-07-06 18:10:00+00:00,94.0999984741211,94.12000274658203,94.0999984741211,94.11499786376953,61749
2026-07-06 18:15:00+00:00,94.11499786376953,94.11969757080078,94.11000061035156,94.11499786376953,10084
2026-07-06 18:20:00+00:00,94.11000061035156,94.11000061035156,94.0999984741211,94.1050033569336,16883
2026-07-06 18:25:00+00:00,94.10009765625,94.11000061035156,94.0999984741211,94.1050033569336,62084
2026-07-06 18:30:00+00:00,94.1050033569336,94.12000274658203,94.10179901123047,94.11499786376953,43166
2026-07-06 18:35:00+00:00,94.11499786376953,94.11859893798828,94.11000061035156,94.11499786376953,12184
2026-07-06 18:40:00+00:00,94.11499786376953,94.12000274658203,94.11499786376953,94.11499786376953,9925
2026-07-06 18:45:00+00:00,94.11499786376953,94.12999725341797,94.11000061035156,94.125,35892
2026-07-06 18:50:00+00:00,94.125,94.12750244140625,94.11009979248047,94.11499786376953,27934
2026-07-06 18:55:00+00:00,94.11000061035156,94.125,94.11000061035156,94.125,32033
2026-07-06 19:00:00+00:00,94.125,94.12999725341797,94.11000061035156,94.11499786376953,47876
2026-07-06 19:05:00+00:00,94.11499786376953,94.12999725341797,94.11170196533203,94.125,29693
2026-07-06 19:10:00+00:00,94.125,94.13990020751953,94.12010192871094,94.125,74112
2026-07-06 19:15:00+00:00,94.125,94.12999725341797,94.12010192871094,94.125,8595
2026-07-06 19:20:00+00:00,94.125,94.1449966430664,94.125,94.1449966430664,29479
2026-07-06 19:25:00+00:00,94.1449966430664,94.16000366210938,94.14199829101562,94.15499877929688,59587
2026-07-06 19:30:00+00:00,94.15499877929688,94.16999816894531,94.1500015258789,94.16500091552734,48701
2026-07-06 19:35:00+00:00,94.16500091552734,94.16999816894531,94.16010284423828,94.16500091552734,24937
2026-07-06 19:40:00+00:00,94.16500091552734,94.16999816894531,94.16000366210938,94.16999816894531,71056
2026-07-06 19:45:00+00:00,94.16999816894531,94.18000030517578,94.16950225830078,94.18000030517578,75476
2026-07-06 19:50:00+00:00,94.17500305175781,94.19000244140625,94.17009735107422,94.18499755859375,38153
2026-07-06 19:55:00+00:00,94.18499755859375,94.19000244140625,94.18000030517578,94.18499755859375,124816
2026-07-07 13:30:00+00:00,93.97000122070312,94.01000213623047,93.97000122070312,93.99500274658203,330750
2026-07-07 13:35:00+00:00,93.99500274658203,94.0199966430664,93.99500274658203,94.01499938964844,59217
2026-07-07 13:40:00+00:00,94.01000213623047,94.0199966430664,94.00499725341797,94.01499938964844,65586
2026-07-07 13:45:00+00:00,94.01000213623047,94.0199966430664,94.0,94.00499725341797,31437
2026-07-07 13:50:00+00:00,94.00499725341797,94.0083999633789,93.96199798583984,93.96199798583984,54770
2026-07-07 13:55:00+00:00,93.96499633789062,93.96839904785156,93.94000244140625,93.94000244140625,26609
2026-07-07 14:00:00+00:00,93.93499755859375,93.94819641113281,93.86000061035156,93.86990356445312,168722
2026-07-07 14:05:00+00:00,93.87000274658203,93.87999725341797,93.8550033569336,93.87010192871094,60780
2026-07-07 14:10:00+00:00,93.864501953125,93.89969635009766,93.85220336914062,93.8949966430664,67697
2026-07-07 14:15:00+00:00,93.9000015258789,93.92500305175781,93.9000015258789,93.92500305175781,19029
2026-07-07 14:20:00+00:00,93.92829895019531,93.92829895019531,93.90499877929688,93.91000366210938,32149
2026-07-07 14:25:00+00:00,93.91500091552734,93.92990112304688,93.91439819335938,93.91500091552734,15251
2026-07-07 14:30:00+00:00,93.91999816894531,93.9385986328125,93.91999816894531,93.93000030517578,31922
2026-07-07 14:35:00+00:00,93.93499755859375,93.94000244140625,93.9135971069336,93.92500305175781,39053
2026-07-07 14:40:00+00:00,93.92500305175781,93.93499755859375,93.91999816894531,93.93000030517578,30965
2026-07-07 14:45:00+00:00,93.93000030517578,93.94989776611328,93.92500305175781,93.94989776611328,14428
2026-07-07 14:50:00+00:00,93.94999694824219,93.95999908447266,93.94499969482422,93.95999908447266,18693
2026-07-07 14:55:00+00:00,93.95999908447266,93.95999908447266,93.91999816894531,93.91999816894531,42848
2026-07-07 15:00:00+00:00,93.91999816894531,93.93000030517578,93.9000015258789,93.92500305175781,233386
2026-07-07 15:05:00+00:00,93.92500305175781,93.939697265625,93.91999816894531,93.93499755859375,35341
2026-07-07 15:10:00+00:00,93.93000030517578,93.93000030517578,93.90499877929688,93.90499877929688,52395
2026-07-07 15:15:00+00:00,93.91000366210938,93.91999816894531,93.9010009765625,93.91999816894531,117039
2026-07-07 15:20:00+00:00,93.91999816894531,93.92970275878906,93.91400146484375,93.91500091552734,18186
2026-07-07 15:25:00+00:00,93.91500091552734,93.93000030517578,93.91230010986328,93.92500305175781,16200
2026-07-07 15:30:00+00:00,93.92500305175781,93.94000244140625,93.90149688720703,93.91000366210938,46554
2026-07-07 15:35:00+00:00,93.91500091552734,93.91999816894531,93.90989685058594,93.91999816894531,16063
2026-07-07 15:40:00+00:00,93.91000366210938,93.91999816894531,93.9000015258789,93.9000015258789,33385
2026-07-07 15:45:00+00:00,93.90499877929688,93.90499877929688,93.88500213623047,93.89009857177734,13758
2026-07-07 15:50:00+00:00,93.88999938964844,93.88999938964844,93.87319946289062,93.87999725341797,44331
2026-07-07 15:55:00+00:00,93.87999725341797,93.8949966430664,93.87000274658203,93.8949966430664,132913
2026-07-07 16:00:00+00:00,93.8949966430664,93.9000015258789,93.88999938964844,93.8949966430664,28675
2026-07-07 16:05:00+00:00,93.8949966430664,93.90989685058594,93.8949966430664,93.90499877929688,22120
2026-07-07 16:10:00+00:00,93.90499877929688,93.90499877929688,93.8949966430664,93.8949966430664,7110
2026-07-07 16:15:00+00:00,93.8949966430664,93.9000015258789,93.87999725341797,93.87999725341797,9826
2026-07-07 16:20:00+00:00,93.875,93.875,93.8550033569336,93.8550033569336,44480
2026-07-07 16:25:00+00:00,93.8583984375,93.86000061035156,93.84500122070312,93.8550033569336,30218
2026-07-07 16:30:00+00:00,93.86000061035156,93.86630249023438,93.85369873046875,93.8550033569336,15262
2026-07-07 16:35:00+00:00,93.8550033569336,93.86499786376953,93.8499984741211,93.86389923095703,20822
2026-07-07 16:40:00+00:00,93.86499786376953,93.87000274658203,93.85030364990234,93.86000061035156,62078
2026-07-07 16:45:00+00:00,93.8499984741211,93.86000061035156,93.8499984741211,93.86000061035156,27326
2026-07-07 16:50:00+00:00,93.86000061035156,93.86000061035156,93.84390258789062,93.8499984741211,96119
2026-07-07 16:55:00+00:00,93.84500122070312,93.8550033569336,93.83999633789062,93.8550033569336,10434
2026-07-07 17:00:00+00:00,93.8550033569336,93.87999725341797,93.84500122070312,93.87999725341797,115493
2026-07-07 17:05:00+00:00,93.87229919433594,93.87229919433594,93.86000061035156,93.86499786376953,22929
2026-07-07 17:10:00+00:00,93.8677978515625,93.8677978515625,93.85399627685547,93.86499786376953,28466
2026-07-07 17:15:00+00:00,93.86990356445312,93.86990356445312,93.84500122070312,93.84500122070312,19159
2026-07-07 17:20:00+00:00,93.8499984741211,93.8499984741211,93.83999633789062,93.84989929199219,26475
2026-07-07 17:25:00+00:00,93.84500122070312,93.86000061035156,93.84500122070312,93.86000061035156,20656
2026-07-07 17:30:00+00:00,93.8550033569336,93.87000274658203,93.8550033569336,93.86499786376953,39638
2026-07-07 17:35:00+00:00,93.86499786376953,93.87000274658203,93.86170196533203,93.86499786376953,11608
2026-07-07 17:40:00+00:00,93.87000274658203,93.87999725341797,93.86499786376953,93.875,18118
2026-07-07 17:45:00+00:00,93.875,93.87999725341797,93.87000274658203,93.87840270996094,17770
2026-07-07 17:50:00+00:00,93.875,93.87999725341797,93.86000061035156,93.86990356445312,28226
2026-07-07 17:55:00+00:00,93.86499786376953,93.87000274658203,93.86000061035156,93.87000274658203,46572
2026-07-07 18:00:00+00:00,93.87000274658203,93.87000274658203,93.86000061035156,93.86000061035156,21954
2026-07-07 18:05:00+00:00,93.86499786376953,93.87000274658203,93.86000061035156,93.86499786376953,90796
2026-07-07 18:10:00+00:00,93.86499786376953,93.87000274658203,93.83999633789062,93.84500122070312,206584
2026-07-07 18:15:00+00:00,93.84500122070312,93.8499984741211,93.83999633789062,93.84850311279297,43042
2026-07-07 18:20:00+00:00,93.83999633789062,93.85990142822266,93.83999633789062,93.8550033569336,45832
2026-07-07 18:25:00+00:00,93.8499984741211,93.86000061035156,93.8499984741211,93.8550033569336,44930
2026-07-07 18:30:00+00:00,93.8499984741211,93.8550033569336,93.83999633789062,93.84249877929688,136899
2026-07-07 18:35:00+00:00,93.84500122070312,93.86499786376953,93.84249877929688,93.8550033569336,59143
2026-07-07 18:40:00+00:00,93.8499984741211,93.86000061035156,93.83999633789062,93.8550033569336,60797
2026-07-07 18:45:00+00:00,93.85250091552734,93.86650085449219,93.80999755859375,93.82250213623047,97173
2026-07-07 18:50:00+00:00,93.82250213623047,93.83499908447266,93.79000091552734,93.79000091552734,66312
2026-07-07 18:55:00+00:00,93.79000091552734,93.80999755859375,93.78009796142578,93.80500030517578,66625
2026-07-07 19:00:00+00:00,93.80500030517578,93.80500030517578,93.77999877929688,93.77999877929688,79777
2026-07-07 19:05:00+00:00,93.77999877929688,93.77999877929688,93.75,93.75569915771484,124342
2026-07-07 19:10:00+00:00,93.75,93.75990295410156,93.7302017211914,93.73500061035156,80405
2026-07-07 19:15:00+00:00,93.7300033569336,93.7300033569336,93.68499755859375,93.7249984741211,95961
2026-07-07 19:20:00+00:00,93.7249984741211,93.73999786376953,93.72000122070312,93.7300033569336,158361
2026-07-07 19:25:00+00:00,93.73500061035156,93.73999786376953,93.71499633789062,93.7301025390625,42622
2026-07-07 19:30:00+00:00,93.73500061035156,93.75,93.7300033569336,93.75,138176
2026-07-07 19:35:00+00:00,93.75499725341797,93.77999877929688,93.7500991821289,93.76499938964844,350485
2026-07-07 19:40:00+00:00,93.76499938964844,93.7699966430664,93.75,93.75,58642
2026-07-07 19:45:00+00:00,93.75640106201172,93.75990295410156,93.72000122070312,93.7300033569336,79707
2026-07-07 19:50:00+00:00,93.72979736328125,93.73999786376953,93.72000122070312,93.73989868164062,90774
2026-07-07 19:55:00+00:00,93.7300033569336,93.73999786376953,93.69999694824219,93.69999694824219,391459
2026-07-08 13:30:00+00:00,93.52999877929688,93.55000305175781,93.5199966430664,93.54000091552734,198093
2026-07-08 13:35:00+00:00,93.54499816894531,93.54499816894531,93.51499938964844,93.52989959716797,61575
2026-07-08 13:40:00+00:00,93.52999877929688,93.54499816894531,93.5199966430664,93.52989959716797,126301
2026-07-08 13:45:00+00:00,93.52989959716797,93.54000091552734,93.5199966430664,93.5250015258789,53105
2026-07-08 13:50:00+00:00,93.5250015258789,93.53500366210938,93.47010040283203,93.4749984741211,29845
2026-07-08 13:55:00+00:00,93.4749984741211,93.4749984741211,93.45500183105469,93.45999908447266,47119
2026-07-08 14:00:00+00:00,93.47000122070312,93.4800033569336,93.45999908447266,93.47830200195312,87235
2026-07-08 14:05:00+00:00,93.4749984741211,93.47899627685547,93.45999908447266,93.46499633789062,50708
2026-07-08 14:10:00+00:00,93.46980285644531,93.4800033569336,93.45010375976562,93.45169830322266,43008
2026-07-08 14:15:00+00:00,93.45500183105469,93.4583969116211,93.44000244140625,93.44999694824219,32618
2026-07-08 14:20:00+00:00,93.44999694824219,93.4563980102539,93.44229888916016,93.44499969482422,23778
2026-07-08 14:25:00+00:00,93.44999694824219,93.46499633789062,93.42009735107422,93.43499755859375,39510
2026-07-08 14:30:00+00:00,93.43000030517578,93.43990325927734,93.38999938964844,93.40989685058594,73509
2026-07-08 14:35:00+00:00,93.40989685058594,93.43000030517578,93.40499877929688,93.43000030517578,103208
2026-07-08 14:40:00+00:00,93.44000244140625,93.44999694824219,93.43009948730469,93.4384994506836,16263
2026-07-08 14:45:00+00:00,93.4364013671875,93.44000244140625,93.41999816894531,93.4219970703125,42062
2026-07-08 14:50:00+00:00,93.42990112304688,93.43000030517578,93.40499877929688,93.40979766845703,21476
2026-07-08 14:55:00+00:00,93.40499877929688,93.41179656982422,93.40010070800781,93.40010070800781,19939
2026-07-08 15:00:00+00:00,93.4000015258789,93.4000015258789,93.37010192871094,93.375,23014
2026-07-08 15:05:00+00:00,93.375,93.39559936523438,93.375,93.38639831542969,22233
2026-07-08 15:10:00+00:00,93.37999725341797,93.38500213623047,93.36499786376953,93.37000274658203,57026
2026-07-08 15:15:00+00:00,93.36990356445312,93.3949966430664,93.36170196533203,93.3949966430664,22405
2026-07-08 15:20:00+00:00,93.3949966430664,93.40499877929688,93.38999938964844,93.3949966430664,41274
2026-07-08 15:25:00+00:00,93.38999938964844,93.38999938964844,93.37000274658203,93.375,27356
2026-07-08 15:30:00+00:00,93.375,93.375,93.3552017211914,93.36499786376953,41047
2026-07-08 15:35:00+00:00,93.37000274658203,93.37999725341797,93.36000061035156,93.36990356445312,37240
2026-07-08 15:40:00+00:00,93.36990356445312,93.3949966430664,93.36000061035156,93.38999938964844,31277
2026-07-08 15:45:00+00:00,93.38999938964844,93.3949966430664,93.375,93.38179779052734,29130
2026-07-08 15:50:00+00:00,93.38500213623047,93.4000015258789,93.375,93.38860321044922,33209
2026-07-08 15:55:00+00:00,93.38999938964844,93.38999938964844,93.37999725341797,93.38009643554688,12572
2026-07-08 16:00:00+00:00,93.37999725341797,93.3865966796875,93.375,93.375,42500
2026-07-08 16:05:00+00:00,93.37999725341797,93.41000366210938,93.37999725341797,93.4000015258789,54442
2026-07-08 16:10:00+00:00,93.40499877929688,93.41500091552734,93.4000015258789,93.41500091552734,48053
2026-07-08 16:15:00+00:00,93.4000015258789,93.41000366210938,93.3949966430664,93.40499877929688,15404
2026-07-08 16:20:00+00:00,93.40499877929688,93.41500091552734,93.4000015258789,93.40499877929688,14399
2026-07-08 16:25:00+00:00,93.40499877929688,93.41999816894531,93.4000015258789,93.41999816894531,102130
2026-07-08 16:30:00+00:00,93.41500091552734,93.43000030517578,93.41000366210938,93.42500305175781,68033
2026-07-08 16:35:00+00:00,93.42009735107422,93.45500183105469,93.4197998046875,93.44999694824219,158122
2026-07-08 16:40:00+00:00,93.44000244140625,93.47000122070312,93.43499755859375,93.44979858398438,127373
2026-07-08 16:45:00+00:00,93.44999694824219,93.45999908447266,93.44000244140625,93.45999908447266,74732
2026-07-08 16:50:00+00:00,93.45500183105469,93.45500183105469,93.44000244140625,93.44499969482422,29035
2026-07-08 16:55:00+00:00,93.44999694824219,93.47000122070312,93.43499755859375,93.43499755859375,36070
2026-07-08 17:00:00+00:00,93.44000244140625,93.48999786376953,93.43000030517578,93.45500183105469,84241
2026-07-08 17:05:00+00:00,93.45999908447266,93.48999786376953,93.45999908447266,93.47000122070312,15138
2026-07-08 17:10:00+00:00,93.47989654541016,93.48600006103516,93.4749984741211,93.48500061035156,16890
2026-07-08 17:15:00+00:00,93.4800033569336,93.48999786376953,93.4800033569336,93.48819732666016,11709
2026-07-08 17:20:00+00:00,93.4800033569336,93.49500274658203,93.4800033569336,93.48819732666016,26044
2026-07-08 17:25:00+00:00,93.48500061035156,93.5,93.48500061035156,93.49500274658203,15276
2026-07-08 17:30:00+00:00,93.5,93.5199966430664,93.49500274658203,93.50499725341797,38894
2026-07-08 17:35:00+00:00,93.50039672851562,93.51000213623047,93.49140167236328,93.49500274658203,32012
2026-07-08 17:40:00+00:00,93.49500274658203,93.5,93.49009704589844,93.49500274658203,8985
2026-07-08 17:45:00+00:00,93.49500274658203,93.5,93.48500061035156,93.48500061035156,36274
2026-07-08 17:50:00+00:00,93.48500061035156,93.50499725341797,93.4800033569336,93.49500274658203,178977
2026-07-08 17:55:00+00:00,93.49500274658203,93.4999008178711,93.48999786376953,93.4999008178711,7862
2026-07-08 18:00:00+00:00,93.49500274658203,93.52999877929688,93.4800033569336,93.51499938964844,95659
2026-07-08 18:05:00+00:00,93.51010131835938,93.52970123291016,93.51000213623047,93.5250015258789,6993
2026-07-08 18:10:00+00:00,93.5199966430664,93.55000305175781,93.5199966430664,93.54499816894531,14958
2026-07-08 18:15:00+00:00,93.54499816894531,93.55000305175781,93.5250015258789,93.5250015258789,30669
2026-07-08 18:20:00+00:00,93.52619934082031,93.54499816894531,93.52369689941406,93.54499816894531,21789
2026-07-08 18:25:00+00:00,93.54499816894531,93.55000305175781,93.52999877929688,93.54560089111328,29864
2026-07-08 18:30:00+00:00,93.54190063476562,93.55000305175781,93.53040313720703,93.53140258789062,25448
2026-07-08 18:35:00+00:00,93.53500366210938,93.54000091552734,93.52999877929688,93.53500366210938,16885
2026-07-08 18:40:00+00:00,93.54499816894531,93.54540252685547,93.52999877929688,93.54499816894531,30050
2026-07-08 18:45:00+00:00,93.55000305175781,93.55999755859375,93.54499816894531,93.55999755859375,31998
2026-07-08 18:50:00+00:00,93.55500030517578,93.56999969482422,93.55000305175781,93.55500030517578,95040
2026-07-08 18:55:00+00:00,93.55000305175781,93.55999755859375,93.55000305175781,93.55999755859375,47678
2026-07-08 19:00:00+00:00,93.55010223388672,93.57589721679688,93.55010223388672,93.56159973144531,52777
2026-07-08 19:05:00+00:00,93.56159973144531,93.58000183105469,93.56159973144531,93.57499694824219,97489
2026-07-08 19:10:00+00:00,93.58000183105469,93.58999633789062,93.58000183105469,93.58499908447266,376177
2026-07-08 19:15:00+00:00,93.58499908447266,93.58999633789062,93.58000183105469,93.58999633789062,58567
2026-07-08 19:20:00+00:00,93.5801010131836,93.58999633789062,93.57250213623047,93.57499694824219,43086
2026-07-08 19:25:00+00:00,93.57499694824219,93.58000183105469,93.57160186767578,93.57499694824219,49350
2026-07-08 19:30:00+00:00,93.57499694824219,93.58000183105469,93.55000305175781,93.55500030517578,61867
2026-07-08 19:35:00+00:00,93.55999755859375,93.55999755859375,93.55000305175781,93.55000305175781,74607
2026-07-08 19:40:00+00:00,93.55000305175781,93.55999755859375,93.52999877929688,93.53009796142578,69271
2026-07-08 19:45:00+00:00,93.53500366210938,93.54000091552734,93.4800033569336,93.48989868164062,69159
2026-07-08 19:50:00+00:00,93.48989868164062,93.5199966430664,93.48500061035156,93.51000213623047,183592
2026-07-08 19:55:00+00:00,93.51499938964844,93.53500366210938,93.51000213623047,93.52999877929688,325702
2026-07-09 13:30:00+00:00,93.5999984741211,93.61499786376953,93.58999633789062,93.6050033569336,75630
2026-07-09 13:35:00+00:00,93.6050033569336,93.6083984375,93.59500122070312,93.59500122070312,19782
2026-07-09 13:40:00+00:00,93.61000061035156,93.62999725341797,93.61000061035156,93.62999725341797,4357
2026-07-09 13:45:00+00:00,93.63639831542969,93.63980102539062,93.6050033569336,93.62000274658203,52707
2026-07-09 13:50:00+00:00,93.62000274658203,93.62000274658203,93.61000061035156,93.61000061035156,11833
2026-07-09 13:55:00+00:00,93.60649871826172,93.625,93.59500122070312,93.625,141828
2026-07-09 14:00:00+00:00,93.625,93.66999816894531,93.625,93.66500091552734,20954
2026-07-09 14:05:00+00:00,93.6520004272461,93.66000366210938,93.63500213623047,93.63500213623047,59449
2026-07-09 14:10:00+00:00,93.63899993896484,93.63999938964844,93.6343994140625,93.63500213623047,7275
2026-07-09 14:15:00+00:00,93.63500213623047,93.6449966430664,93.62999725341797,93.63999938964844,22484
2026-07-09 14:20:00+00:00,93.64649963378906,93.64649963378906,93.625,93.62979888916016,11889
2026-07-09 14:25:00+00:00,93.625,93.62850189208984,93.61920166015625,93.625,33397
2026-07-09 14:30:00+00:00,93.625,93.652099609375,93.625,93.652099609375,9426
2026-07-09 14:35:00+00:00,93.66000366210938,93.66500091552734,93.6500015258789,93.65499877929688,20882
2026-07-09 14:40:00+00:00,93.65499877929688,93.65499877929688,93.64009857177734,93.6449966430664,10382
2026-07-09 14:45:00+00:00,93.64029693603516,93.6500015258789,93.63500213623047,93.63500213623047,13859
2026-07-09 14:50:00+00:00,93.63870239257812,93.66500091552734,93.63189697265625,93.66500091552734,204619
2026-07-09 14:55:00+00:00,93.66010284423828,93.68000030517578,93.66000366210938,93.66999816894531,16867
2026-07-09 15:00:00+00:00,93.67769622802734,93.69000244140625,93.66999816894531,93.67500305175781,23199
2026-07-09 15:05:00+00:00,93.67169952392578,93.69010162353516,93.67009735107422,93.69000244140625,17971
2026-07-09 15:10:00+00:00,93.69499969482422,93.69819641113281,93.68499755859375,93.68499755859375,12897
2026-07-09 15:15:00+00:00,93.68499755859375,93.69609832763672,93.68190002441406,93.68499755859375,45104
2026-07-09 15:20:00+00:00,93.69000244140625,93.70999908447266,93.69000244140625,93.70999908447266,20933
2026-07-09 15:25:00+00:00,93.70500183105469,93.70999908447266,93.69999694824219,93.69999694824219,26508
2026-07-09 15:30:00+00:00,93.70500183105469,93.7083969116211,93.69000244140625,93.69499969482422,36286
2026-07-09 15:35:00+00:00,93.69609832763672,93.69999694824219,93.69000244140625,93.69499969482422,21641
2026-07-09 15:40:00+00:00,93.69180297851562,93.7249984741211,93.69010162353516,93.7249984741211,18239
2026-07-09 15:45:00+00:00,93.7249984741211,93.73829650878906,93.72000122070312,93.7249984741211,30578
2026-07-09 15:50:00+00:00,93.7249984741211,93.73670196533203,93.7249984741211,93.7300033569336,37638
2026-07-09 15:55:00+00:00,93.7249984741211,93.7300033569336,93.7217025756836,93.7249984741211,30745
2026-07-09 16:00:00+00:00,93.7300033569336,93.7300033569336,93.71499633789062,93.71499633789062,26385
2026-07-09 16:05:00+00:00,93.71499633789062,93.7300033569336,93.71009826660156,93.72010040283203,20752
2026-07-09 16:10:00+00:00,93.7249984741211,93.7300033569336,93.70999908447266,93.7249984741211,33925
2026-07-09 16:15:00+00:00,93.7249984741211,93.73500061035156,93.72000122070312,93.7249984741211,25064
2026-07-09 16:20:00+00:00,93.7249984741211,93.7300033569336,93.72000122070312,93.7249984741211,9806
2026-07-09 16:25:00+00:00,93.7249984741211,93.75,93.72000122070312,93.7499008178711,19384
2026-07-09 16:30:00+00:00,93.74500274658203,93.75,93.74150085449219,93.74500274658203,12226
2026-07-09 16:35:00+00:00,93.74500274658203,93.75,93.73999786376953,93.73999786376953,16458
2026-07-09 16:40:00+00:00,93.73999786376953,93.75,93.73500061035156,93.74500274658203,8734
2026-07-09 16:45:00+00:00,93.74500274658203,93.75,93.73999786376953,93.73999786376953,10325
2026-07-09 16:50:00+00:00,93.74500274658203,93.7699966430664,93.73999786376953,93.76499938964844,40263
2026-07-09 16:55:00+00:00,93.76499938964844,93.7699966430664,93.74019622802734,93.74859619140625,94075
2026-07-09 17:00:00+00:00,93.7500991821289,93.77999877929688,93.75,93.77999877929688,70705
2026-07-09 17:05:00+00:00,93.77999877929688,93.79499816894531,93.77999877929688,93.77999877929688,32614
2026-07-09 17:10:00+00:00,93.79000091552734,93.79000091552734,93.77179718017578,93.7750015258789,38471
2026-07-09 17:15:00+00:00,93.7781982421875,93.80500030517578,93.7781982421875,93.80500030517578,35823
2026-07-09 17:20:00+00:00,93.80500030517578,93.81500244140625,93.80000305175781,93.80999755859375,9113
2026-07-09 17:25:00+00:00,93.81500244140625,93.83499908447266,93.81500244140625,93.82499694824219,78812
2026-07-09 17:30:00+00:00,93.82499694824219,93.83000183105469,93.81999969482422,93.81999969482422,17949
2026-07-09 17:35:00+00:00,93.82499694824219,93.82839965820312,93.80999755859375,93.81500244140625,52954
2026-07-09 17:40:00+00:00,93.80999755859375,93.81500244140625,93.80000305175781,93.81500244140625,21384
2026-07-09 17:45:00+00:00,93.81849670410156,93.83499908447266,93.81169891357422,93.83000183105469,34445
2026-07-09 17:50:00+00:00,93.83499908447266,93.84660339355469,93.8301010131836,93.83830261230469,49262
2026-07-09 17:55:00+00:00,93.8385009765625,93.83999633789062,93.83000183105469,93.83499908447266,14877
2026-07-09 18:00:00+00:00,93.83999633789062,93.83999633789062,93.80500030517578,93.80500030517578,18306
2026-07-09 18:05:00+00:00,93.80500030517578,93.80999755859375,93.79499816894531,93.80500030517578,35266
2026-07-09 18:10:00+00:00,93.80999755859375,93.80999755859375,93.80000305175781,93.80000305175781,19608
2026-07-09 18:15:00+00:00,93.80000305175781,93.80999755859375,93.79180145263672,93.79499816894531,13163
2026-07-09 18:20:00+00:00,93.79499816894531,93.79499816894531,93.7750015258789,93.7750015258789,9771
2026-07-09 18:25:00+00:00,93.7750015258789,93.77999877929688,93.7615966796875,93.76499938964844,17472
2026-07-09 18:30:00+00:00,93.7699966430664,93.77999877929688,93.75499725341797,93.77999877929688,43224
2026-07-09 18:35:00+00:00,93.7750015258789,93.77899932861328,93.76029968261719,93.76499938964844,28019
2026-07-09 18:40:00+00:00,93.76000213623047,93.77870178222656,93.76000213623047,93.7750015258789,11136
2026-07-09 18:45:00+00:00,93.7750015258789,93.77999877929688,93.7699966430664,93.7750015258789,17163
2026-07-09 18:50:00+00:00,93.77999877929688,93.79000091552734,93.77010345458984,93.78500366210938,45591
2026-07-09 18:55:00+00:00,93.78500366210938,93.80000305175781,93.77999877929688,93.77999877929688,54418
2026-07-09 19:00:00+00:00,93.77999877929688,93.80000305175781,93.7750015258789,93.79000091552734,72222
2026-07-09 19:05:00+00:00,93.79000091552734,93.80000305175781,93.77999877929688,93.78009796142578,32645
2026-07-09 19:10:00+00:00,93.78500366210938,93.79000091552734,93.76000213623047,93.78500366210938,39219
2026-07-09 19:15:00+00:00,93.78500366210938,93.79000091552734,93.77999877929688,93.78500366210938,29216
2026-07-09 19:20:00+00:00,93.78500366210938,93.79000091552734,93.76499938964844,93.76499938964844,30220
2026-07-09 19:25:00+00:00,93.76499938964844,93.7699966430664,93.76000213623047,93.7699966430664,23841
2026-07-09 19:30:00+00:00,93.76950073242188,93.7699966430664,93.73999786376953,93.74500274658203,68565
2026-07-09 19:35:00+00:00,93.74500274658203,93.74659729003906,93.7300033569336,93.7300033569336,76534
2026-07-09 19:40:00+00:00,93.73500061035156,93.73999786376953,93.71499633789062,93.7300033569336,58772
2026-07-09 19:45:00+00:00,93.72989654541016,93.7300033569336,93.72000122070312,93.7249984741211,16193
2026-07-09 19:50:00+00:00,93.7300033569336,93.73999786376953,93.72000122070312,93.72129821777344,127563
2026-07-09 19:55:00+00:00,93.7300033569336,93.7300033569336,93.70500183105469,93.70999908447266,200496
2026-07-10 13:30:00+00:00,93.73999786376953,93.73999786376953,93.72000122070312,93.7249984741211,108607
2026-07-10 13:35:00+00:00,93.7249984741211,93.74500274658203,93.71189880371094,93.74500274658203,84536
2026-07-10 13:40:00+00:00,93.74130249023438,93.7699966430664,93.74009704589844,93.7614974975586,36110
2026-07-10 13:45:00+00:00,93.76499938964844,93.77799987792969,93.76499938964844,93.76499938964844,34037
2026-07-10 13:50:00+00:00,93.7699966430664,93.7699966430664,93.74500274658203,93.74500274658203,9543
2026-07-10 13:55:00+00:00,93.7300033569336,93.7300033569336,93.70999908447266,93.71499633789062,16291
2026-07-10 14:00:00+00:00,93.71499633789062,93.7300033569336,93.69010162353516,93.70500183105469,18058
2026-07-10 14:05:00+00:00,93.69999694824219,93.71499633789062,93.69000244140625,93.71499633789062,17446
2026-07-10 14:10:00+00:00,93.72000122070312,93.73500061035156,93.71499633789062,93.73500061035156,31253
2026-07-10 14:15:00+00:00,93.7300033569336,93.73999786376953,93.72000122070312,93.73999786376953,40393
2026-07-10 14:20:00+00:00,93.73999786376953,93.73999786376953,93.70999908447266,93.71499633789062,25982
2026-07-10 14:25:00+00:00,93.72000122070312,93.7300033569336,93.70999908447266,93.7249984741211,13957
2026-07-10 14:30:00+00:00,93.7300033569336,93.74500274658203,93.58999633789062,93.6500015258789,675860
2026-07-10 14:35:00+00:00,93.66000366210938,93.69499969482422,93.66000366210938,93.68000030517578,38074
2026-07-10 14:40:00+00:00,93.67559814453125,93.69000244140625,93.67559814453125,93.69000244140625,20373
2026-07-10 14:45:00+00:00,93.68499755859375,93.69499969482422,93.68379974365234,93.68499755859375,13688
2026-07-10 14:50:00+00:00,93.68900299072266,93.69000244140625,93.68000030517578,93.68499755859375,12211
2026-07-10 14:55:00+00:00,93.68499755859375,93.68499755859375,93.64140319824219,93.6449966430664,54612
2026-07-10 15:00:00+00:00,93.65899658203125,93.69999694824219,93.65499877929688,93.69999694824219,85163
2026-07-10 15:05:00+00:00,93.70169830322266,93.72000122070312,93.70169830322266,93.70999908447266,19519
2026-07-10 15:10:00+00:00,93.70500183105469,93.71499633789062,93.69999694824219,93.69999694824219,18136
2026-07-10 15:15:00+00:00,93.70500183105469,93.73500061035156,93.70500183105469,93.7300033569336,24012
2026-07-10 15:20:00+00:00,93.72840118408203,93.7676010131836,93.7218017578125,93.75499725341797,478941
2026-07-10 15:25:00+00:00,93.75499725341797,93.7699966430664,93.75,93.76000213623047,106021
2026-07-10 15:30:00+00:00,93.76499938964844,93.76499938964844,93.75,93.75849914550781,19224
2026-07-10 15:35:00+00:00,93.75830078125,93.7699966430664,93.75019836425781,93.76499938964844,16226
2026-07-10 15:40:00+00:00,93.7698974609375,93.7750015258789,93.75499725341797,93.75499725341797,33057
2026-07-10 15:45:00+00:00,93.75499725341797,93.76499938964844,93.7500991821289,93.7500991821289,13999
2026-07-10 15:50:00+00:00,93.75499725341797,93.7698974609375,93.75499725341797,93.76020050048828,46278
2026-07-10 15:55:00+00:00,93.76499938964844,93.7699966430664,93.7509994506836,93.75499725341797,19979
2026-07-10 16:00:00+00:00,93.75,93.75,93.69999694824219,93.70500183105469,36053
2026-07-10 16:05:00+00:00,93.70500183105469,93.7249984741211,93.70500183105469,93.71659851074219,67082
2026-07-10 16:10:00+00:00,93.71499633789062,93.7249984741211,93.69999694824219,93.70500183105469,17987
2026-07-10 16:15:00+00:00,93.70020294189453,93.72000122070312,93.70020294189453,93.70999908447266,16702
2026-07-10 16:20:00+00:00,93.69999694824219,93.70999908447266,93.69989776611328,93.70500183105469,14543
2026-07-10 16:25:00+00:00,93.70960235595703,93.72000122070312,93.70159912109375,93.71499633789062,45587
2026-07-10 16:30:00+00:00,93.71499633789062,93.71600341796875,93.69999694824219,93.70500183105469,98166
2026-07-10 16:35:00+00:00,93.70500183105469,93.70500183105469,93.67169952392578,93.67169952392578,8207
2026-07-10 16:40:00+00:00,93.67500305175781,93.67990112304688,93.6500015258789,93.6500015258789,29852
2026-07-10 16:45:00+00:00,93.65640258789062,93.66000366210938,93.6500015258789,93.65499877929688,4106
2026-07-10 16:50:00+00:00,93.65499877929688,93.66000366210938,93.6449966430664,93.6449966430664,9933
2026-07-10 16:55:00+00:00,93.6449966430664,93.6698989868164,93.6449966430664,93.6449966430664,40035
2026-07-10 17:00:00+00:00,93.6449966430664,93.6500015258789,93.63999938964844,93.63999938964844,13964
2026-07-10 17:05:00+00:00,93.6500015258789,93.6500015258789,93.63999938964844,93.6449966430664,561982
2026-07-10 17:10:00+00:00,93.63999938964844,93.6449966430664,93.62999725341797,93.63009643554688,16754
2026-07-10 17:15:00+00:00,93.62999725341797,93.6498031616211,93.62999725341797,93.63999938964844,112528
2026-07-10 17:20:00+00:00,93.63990020751953,93.63999938964844,93.62999725341797,93.62999725341797,63384
2026-07-10 17:25:00+00:00,93.62999725341797,93.62999725341797,93.62000274658203,93.62989807128906,52253
2026-07-10 17:30:00+00:00,93.62999725341797,93.63999938964844,93.62999725341797,93.63500213623047,24834
2026-07-10 17:35:00+00:00,93.62999725341797,93.63500213623047,93.61170196533203,93.62000274658203,24864
2026-07-10 17:40:00+00:00,93.61499786376953,93.62000274658203,93.6050033569336,93.62000274658203,12089
2026-07-10 17:45:00+00:00,93.62000274658203,93.62000274658203,93.61000061035156,93.61499786376953,6771
2026-07-10 17:50:00+00:00,93.61499786376953,93.61990356445312,93.61499786376953,93.61499786376953,18225
2026-07-10 17:55:00+00:00,93.62000274658203,93.62000274658203,93.61009979248047,93.61499786376953,21420
2026-07-10 18:00:00+00:00,93.61499786376953,93.61599731445312,93.60009765625,93.6050033569336,19977
2026-07-10 18:05:00+00:00,93.6050033569336,93.61000061035156,93.5999984741211,93.61000061035156,13483
2026-07-10 18:10:00+00:00,93.6050033569336,93.625,93.6050033569336,93.61499786376953,165045
2026-07-10 18:15:00+00:00,93.61499786376953,93.62000274658203,93.59159851074219,93.61000061035156,25480
2026-07-10 18:20:00+00:00,93.6050033569336,93.61499786376953,93.60179901123047,93.61499786376953,40618
2026-07-10 18:25:00+00:00,93.61499786376953,93.62000274658203,93.5999984741211,93.5999984741211,359236
2026-07-10 18:30:00+00:00,93.6050033569336,93.61000061035156,93.5999984741211,93.60980224609375,16795
2026-07-10 18:35:00+00:00,93.61000061035156,93.61000061035156,93.58499908447266,93.58499908447266,20477
2026-07-10 18:40:00+00:00,93.58999633789062,93.5999984741211,93.58999633789062,93.59500122070312,23709
2026-07-10 18:45:00+00:00,93.5999984741211,93.61000061035156,93.5999984741211,93.6050033569336,23052
2026-07-10 18:50:00+00:00,93.6050033569336,93.61499786376953,93.5999984741211,93.61499786376953,37933
2026-07-10 18:55:00+00:00,93.61499786376953,93.62000274658203,93.6050033569336,93.60990142822266,24226
2026-07-10 19:00:00+00:00,93.60459899902344,93.62000274658203,93.60459899902344,93.61990356445312,185083
2026-07-10 19:05:00+00:00,93.61499786376953,93.62000274658203,93.61000061035156,93.61499786376953,50373
2026-07-10 19:10:00+00:00,93.61499786376953,93.62000274658203,93.61009979248047,93.62000274658203,19622
2026-07-10 19:15:00+00:00,93.62000274658203,93.63999938964844,93.61170196533203,93.63030242919922,198433
2026-07-10 19:20:00+00:00,93.63500213623047,93.63999938964844,93.62999725341797,93.63500213623047,17118
2026-07-10 19:25:00+00:00,93.63999938964844,93.63999938964844,93.62999725341797,93.63030242919922,27244
2026-07-10 19:30:00+00:00,93.6322021484375,93.66000366210938,93.6322021484375,93.65499877929688,61134
2026-07-10 19:35:00+00:00,93.6500015258789,93.66000366210938,93.6500015258789,93.6500015258789,46471
2026-07-10 19:40:00+00:00,93.65499877929688,93.66000366210938,93.6500015258789,93.6500015258789,35024
2026-07-10 19:45:00+00:00,93.6500015258789,93.6500015258789,93.63999938964844,93.6500015258789,350811
2026-07-10 19:50:00+00:00,93.64849853515625,93.6500015258789,93.63999938964844,93.6488037109375,158327
2026-07-10 19:55:00+00:00,93.63999938964844,93.6500015258789,93.62999725341797,93.6449966430664,771109
2026-07-13 13:30:00+00:00,93.5,93.5198974609375,93.49120330810547,93.5198974609375,112709
2026-07-13 13:35:00+00:00,93.51499938964844,93.51499938964844,93.4749984741211,93.4749984741211,40429
2026-07-13 13:40:00+00:00,93.47000122070312,93.50990295410156,93.46499633789062,93.50029754638672,16511
2026-07-13 13:45:00+00:00,93.51000213623047,93.5199966430664,93.48999786376953,93.48999786376953,90398
2026-07-13 13:50:00+00:00,93.4800033569336,93.4884033203125,93.47000122070312,93.47769927978516,15525
2026-07-13 13:55:00+00:00,93.4800033569336,93.49500274658203,93.47000122070312,93.48500061035156,17897
2026-07-13 14:00:00+00:00,93.48999786376953,93.50499725341797,93.4801025390625,93.5,32293
2026-07-13 14:05:00+00:00,93.49500274658203,93.5,93.4800033569336,93.4884033203125,38652
2026-07-13 14:10:00+00:00,93.4801025390625,93.5,93.4801025390625,93.48500061035156,27369
2026-07-13 14:15:00+00:00,93.48500061035156,93.48999786376953,93.36000061035156,93.37999725341797,408860
2026-07-13 14:20:00+00:00,93.37999725341797,93.41500091552734,93.37000274658203,93.41500091552734,21967
2026-07-13 14:25:00+00:00,93.42030334472656,93.44719696044922,93.42030334472656,93.44499969482422,47354
2026-07-13 14:30:00+00:00,93.44029998779297,93.44989776611328,93.43499755859375,93.44000244140625,14028
2026-07-13 14:35:00+00:00,93.43990325927734,93.43990325927734,93.40360260009766,93.40360260009766,19402
2026-07-13 14:40:00+00:00,93.40499877929688,93.43000030517578,93.40499877929688,93.42500305175781,11565
2026-07-13 14:45:00+00:00,93.41999816894531,93.43000030517578,93.40010070800781,93.43000030517578,19803
2026-07-13 14:50:00+00:00,93.43000030517578,93.44000244140625,93.4000015258789,93.4000015258789,20428
2026-07-13 14:55:00+00:00,93.40499877929688,93.41999816894531,93.40470123291016,93.41999816894531,30834
2026-07-13 15:00:00+00:00,93.43000030517578,93.43000030517578,93.41999816894531,93.41999816894531,8120
2026-07-13 15:05:00+00:00,93.4198989868164,93.41999816894531,93.3949966430664,93.39830017089844,11645
2026-07-13 15:10:00+00:00,93.39340209960938,93.4000015258789,93.38999938964844,93.38999938964844,26622
2026-07-13 15:15:00+00:00,93.3949966430664,93.42500305175781,93.37999725341797,93.41500091552734,20517
2026-07-13 15:20:00+00:00,93.4280014038086,93.4280014038086,93.41000366210938,93.41000366210938,110663
2026-07-13 15:25:00+00:00,93.41500091552734,93.42500305175781,93.40499877929688,93.42009735107422,525106
2026-07-13 15:30:00+00:00,93.41840362548828,93.42500305175781,93.40499877929688,93.40499877929688,199986
2026-07-13 15:35:00+00:00,93.40299987792969,93.42500305175781,93.40299987792969,93.41500091552734,102203
2026-07-13 15:40:00+00:00,93.41500091552734,93.41500091552734,93.40499877929688,93.41000366210938,51251
2026-07-13 15:45:00+00:00,93.41000366210938,93.41999816894531,93.40360260009766,93.41500091552734,72993
2026-07-13 15:50:00+00:00,93.41500091552734,93.41999816894531,93.38999938964844,93.41500091552734,116780
2026-07-13 15:55:00+00:00,93.41500091552734,93.43000030517578,93.41000366210938,93.42500305175781,30067
2026-07-13 16:00:00+00:00,93.42500305175781,93.42500305175781,93.40029907226562,93.41230010986328,16629
2026-07-13 16:05:00+00:00,93.41500091552734,93.4197998046875,93.4000015258789,93.4000015258789,42572
2026-07-13 16:10:00+00:00,93.4000015258789,93.40989685058594,93.4000015258789,93.4000015258789,6805
2026-07-13 16:15:00+00:00,93.4000015258789,93.40499877929688,93.375,93.375,172485
2026-07-13 16:20:00+00:00,93.375,93.37999725341797,93.3550033569336,93.36000061035156,20692
2026-07-13 16:25:00+00:00,93.3550033569336,93.36000061035156,93.30000305175781,93.31500244140625,80978
2026-07-13 16:30:00+00:00,93.31099700927734,93.31999969482422,93.28199768066406,93.29499816894531,60141
2026-07-13 16:35:00+00:00,93.30500030517578,93.30999755859375,93.27999877929688,93.30999755859375,64630
2026-07-13 16:40:00+00:00,93.30999755859375,93.33999633789062,93.30999755859375,93.33999633789062,14857
2026-07-13 16:45:00+00:00,93.3499984741211,93.3499984741211,93.32160186767578,93.32499694824219,16340
2026-07-13 16:50:00+00:00,93.32499694824219,93.32499694824219,93.2699966430664,93.2699966430664,145634
2026-07-13 16:55:00+00:00,93.2699966430664,93.29499816894531,93.2699966430664,93.29199981689453,37049
2026-07-13 17:00:00+00:00,93.29499816894531,93.29499816894531,93.28389739990234,93.28500366210938,18261
2026-07-13 17:05:00+00:00,93.28500366210938,93.31500244140625,93.28500366210938,93.30809783935547,29921
2026-07-13 17:10:00+00:00,93.30030059814453,93.30030059814453,93.29000091552734,93.29499816894531,60150
2026-07-13 17:15:00+00:00,93.29499816894531,93.30999755859375,93.27999877929688,93.30999755859375,29632
2026-07-13 17:20:00+00:00,93.31500244140625,93.31999969482422,93.30999755859375,93.31500244140625,58903
2026-07-13 17:25:00+00:00,93.31500244140625,93.33000183105469,93.31500244140625,93.3218994140625,21520
2026-07-13 17:30:00+00:00,93.32160186767578,93.33000183105469,93.30999755859375,93.31500244140625,24716
2026-07-13 17:35:00+00:00,93.31500244140625,93.31999969482422,93.30010223388672,93.30500030517578,40453
2026-07-13 17:40:00+00:00,93.3010025024414,93.30999755859375,93.29000091552734,93.30500030517578,45762
2026-07-13 17:45:00+00:00,93.30500030517578,93.30999755859375,93.29000091552734,93.29499816894531,46269
2026-07-13 17:50:00+00:00,93.29499816894531,93.29989624023438,93.28500366210938,93.29499816894531,38517
2026-07-13 17:55:00+00:00,93.29039764404297,93.29499816894531,93.27999877929688,93.28179931640625,14766
2026-07-13 18:00:00+00:00,93.28500366210938,93.28500366210938,93.27179718017578,93.2750015258789,28130
2026-07-13 18:05:00+00:00,93.2780990600586,93.29000091552734,93.2699966430664,93.28500366210938,47829
2026-07-13 18:10:00+00:00,93.28500366210938,93.28500366210938,93.2739028930664,93.28500366210938,32897
2026-07-13 18:15:00+00:00,93.28500366210938,93.28500366210938,93.26100158691406,93.26499938964844,45135
2026-07-13 18:20:00+00:00,93.26499938964844,93.2759017944336,93.26499938964844,93.2750015258789,19613
2026-07-13 18:25:00+00:00,93.2750015258789,93.2863998413086,93.2699966430664,93.28500366210938,34669
2026-07-13 18:30:00+00:00,93.27999877929688,93.29000091552734,93.2699966430664,93.28500366210938,40062
2026-07-13 18:35:00+00:00,93.28500366210938,93.306396484375,93.28500366210938,93.30000305175781,20165
2026-07-13 18:40:00+00:00,93.30899810791016,93.31500244140625,93.30000305175781,93.31500244140625,23007
2026-07-13 18:45:00+00:00,93.31500244140625,93.31600189208984,93.30000305175781,93.31009674072266,31495
2026-07-13 18:50:00+00:00,93.31500244140625,93.31999969482422,93.30999755859375,93.31500244140625,22211
2026-07-13 18:55:00+00:00,93.30999755859375,93.31999969482422,93.30000305175781,93.31999969482422,84988
2026-07-13 19:00:00+00:00,93.31999969482422,93.3550033569336,93.30999755859375,93.3550033569336,48036
2026-07-13 19:05:00+00:00,93.3550033569336,93.3550033569336,93.32099914550781,93.32990264892578,52862
2026-07-13 19:10:00+00:00,93.32499694824219,93.32499694824219,93.30000305175781,93.31500244140625,78193
2026-07-13 19:15:00+00:00,93.30999755859375,93.3198013305664,93.30169677734375,93.31500244140625,47590
2026-07-13 19:20:00+00:00,93.31500244140625,93.31999969482422,93.30999755859375,93.31500244140625,38534
2026-07-13 19:25:00+00:00,93.31500244140625,93.31999969482422,93.30000305175781,93.30999755859375,29801
2026-07-13 19:30:00+00:00,93.30500030517578,93.30999755859375,93.30000305175781,93.30500030517578,30902
2026-07-13 19:35:00+00:00,93.30999755859375,93.30999755859375,93.29000091552734,93.29029846191406,45975
2026-07-13 19:40:00+00:00,93.29000091552734,93.30000305175781,93.28099822998047,93.28500366210938,43359
2026-07-13 19:45:00+00:00,93.28500366210938,93.29989624023438,93.27999877929688,93.29010009765625,44835
2026-07-13 19:50:00+00:00,93.29669952392578,93.30000305175781,93.27999877929688,93.29000091552734,89913
2026-07-13 19:55:00+00:00,93.29650115966797,93.30000305175781,93.27999877929688,93.28500366210938,192142
2026-07-14 13:30:00+00:00,93.5999984741211,93.61000061035156,93.52999877929688,93.54000091552734,161780
2026-07-14 13:35:00+00:00,93.53500366210938,93.60810089111328,93.53500366210938,93.5999984741211,50992
2026-07-14 13:40:00+00:00,93.5999984741211,93.6449966430664,93.59030151367188,93.63500213623047,81702
2026-07-14 13:45:00+00:00,93.63999938964844,93.65570068359375,93.6104965209961,93.62000274658203,43737
2026-07-14 13:50:00+00:00,93.62989807128906,93.62999725341797,93.59159851074219,93.62000274658203,29497
2026-07-14 13:55:00+00:00,93.61499786376953,93.63819885253906,93.61000061035156,93.625,22636
2026-07-14 14:00:00+00:00,93.62989807128906,93.6449966430664,93.61499786376953,93.6449966430664,13098
2026-07-14 14:05:00+00:00,93.6449966430664,93.6709976196289,93.6449966430664,93.66500091552734,100721
2026-07-14 14:10:00+00:00,93.66500091552734,93.66999816894531,93.65499877929688,93.66000366210938,48611
2026-07-14 14:15:00+00:00,93.66000366210938,93.66000366210938,93.56999969482422,93.59500122070312,118843
2026-07-14 14:20:00+00:00,93.5999984741211,93.6500015258789,93.5999984741211,93.63999938964844,36555
2026-07-14 14:25:00+00:00,93.62999725341797,93.63999938964844,93.6050033569336,93.62999725341797,31782
2026-07-14 14:30:00+00:00,93.62169647216797,93.78500366210938,93.61499786376953,93.66500091552734,568335
2026-07-14 14:35:00+00:00,93.68000030517578,93.68499755859375,93.63500213623047,93.63500213623047,44859
2026-07-14 14:40:00+00:00,93.6449966430664,93.65499877929688,93.62000274658203,93.62000274658203,24911
2026-07-14 14:45:00+00:00,93.62999725341797,93.62999725341797,93.61499786376953,93.61499786376953,31463
2026-07-14 14:50:00+00:00,93.625,93.63999938964844,93.625,93.63500213623047,18684
2026-07-14 14:55:00+00:00,93.64810180664062,93.64810180664062,93.625,93.62969970703125,12741
2026-07-14 15:00:00+00:00,93.61000061035156,93.69999694824219,93.58999633789062,93.6781997680664,182339
2026-07-14 15:05:00+00:00,93.6500015258789,93.72000122070312,93.6500015258789,93.70999908447266,60347
2026-07-14 15:10:00+00:00,93.71499633789062,93.71499633789062,93.68499755859375,93.70500183105469,13131
2026-07-14 15:15:00+00:00,93.70999908447266,93.71549987792969,93.69499969482422,93.70500183105469,35513
2026-07-14 15:20:00+00:00,93.70999908447266,93.73500061035156,93.70500183105469,93.71440124511719,18881
2026-07-14 15:25:00+00:00,93.7249984741211,93.7249984741211,93.69999694824219,93.71499633789062,26331
2026-07-14 15:30:00+00:00,93.70999908447266,93.71499633789062,93.6449966430664,93.6449966430664,59500
2026-07-14 15:35:00+00:00,93.6449966430664,93.6449966430664,93.59989929199219,93.59989929199219,163917
2026-07-14 15:40:00+00:00,93.59500122070312,93.59500122070312,93.51499938964844,93.55989837646484,113841
2026-07-14 15:45:00+00:00,93.55999755859375,93.5781021118164,93.54000091552734,93.54000091552734,55893
2026-07-14 15:50:00+00:00,93.54499816894531,93.54499816894531,93.48999786376953,93.5199966430664,64993
2026-07-14 15:55:00+00:00,93.51000213623047,93.51499938964844,93.5,93.50990295410156,68091
2026-07-14 16:00:00+00:00,93.5199966430664,93.5250015258789,93.48500061035156,93.48500061035156,75467
2026-07-14 16:05:00+00:00,93.48500061035156,93.5,93.45999908447266,93.49500274658203,25920
2026-07-14 16:10:00+00:00,93.51000213623047,93.5197982788086,93.4916000366211,93.5197982788086,23567
2026-07-14 16:15:00+00:00,93.51830291748047,93.52999877929688,93.51190185546875,93.5250015258789,41051
2026-07-14 16:20:00+00:00,93.5250015258789,93.5250015258789,93.5000991821289,93.50499725341797,20651
2026-07-14 16:25:00+00:00,93.50499725341797,93.5199966430664,93.5000991821289,93.5166015625,18779
2026-07-14 16:30:00+00:00,93.51959991455078,93.53980255126953,93.5115966796875,93.53500366210938,54525
2026-07-14 16:35:00+00:00,93.53500366210938,93.54499816894531,93.52999877929688,93.53500366210938,46620
2026-07-14 16:40:00+00:00,93.54000091552734,93.54499816894531,93.52999877929688,93.53520202636719,33505
2026-07-14 16:45:00+00:00,93.52999877929688,93.52999877929688,93.51000213623047,93.51499938964844,89177
2026-07-14 16:50:00+00:00,93.51499938964844,93.53500366210938,93.51499938964844,93.53500366210938,4265
2026-07-14 16:55:00+00:00,93.53500366210938,93.55000305175781,93.52999877929688,93.54499816894531,16608
2026-07-14 17:00:00+00:00,93.54499816894531,93.5470962524414,93.53500366210938,93.53500366210938,22829
2026-07-14 17:05:00+00:00,93.53500366210938,93.54000091552734,93.52999877929688,93.54000091552734,18403
2026-07-14 17:10:00+00:00,93.53500366210938,93.54000091552734,93.5199966430664,93.5250015258789,152956
2026-07-14 17:15:00+00:00,93.5199966430664,93.5199966430664,93.5,93.50990295410156,39115
2026-07-14 17:20:00+00:00,93.50499725341797,93.52999877929688,93.50499725341797,93.52999877929688,11135
2026-07-14 17:25:00+00:00,93.52999877929688,93.5551986694336,93.52999877929688,93.55500030517578,26166
2026-07-14 17:30:00+00:00,93.55020141601562,93.56500244140625,93.54000091552734,93.54000091552734,93851
2026-07-14 17:35:00+00:00,93.54989624023438,93.55000305175781,93.5343017578125,93.53500366210938,53796
2026-07-14 17:40:00+00:00,93.53500366210938,93.54000091552734,93.52999877929688,93.53500366210938,5998
2026-07-14 17:45:00+00:00,93.53399658203125,93.55999755859375,93.52999877929688,93.55500030517578,29366
2026-07-14 17:50:00+00:00,93.55500030517578,93.55999755859375,93.54499816894531,93.54499816894531,32274
2026-07-14 17:55:00+00:00,93.54000091552734,93.54499816894531,93.52999877929688,93.52999877929688,43731
2026-07-14 18:00:00+00:00,93.5250015258789,93.53500366210938,93.5199966430664,93.52999877929688,22239
2026-07-14 18:05:00+00:00,93.53500366210938,93.54000091552734,93.53170013427734,93.54000091552734,12331
2026-07-14 18:10:00+00:00,93.53500366210938,93.556396484375,93.53500366210938,93.556396484375,10229
2026-07-14 18:15:00+00:00,93.56500244140625,93.56500244140625,93.55999755859375,93.56500244140625,17627
2026-07-14 18:20:00+00:00,93.55999755859375,93.56500244140625,93.53510284423828,93.53510284423828,31655
2026-07-14 18:25:00+00:00,93.52999877929688,93.54989624023438,93.52999877929688,93.53980255126953,29082
2026-07-14 18:30:00+00:00,93.52999877929688,93.52999877929688,93.51000213623047,93.52179718017578,35155
2026-07-14 18:35:00+00:00,93.5250015258789,93.52989959716797,93.5,93.50499725341797,92179
2026-07-14 18:40:00+00:00,93.50019836425781,93.50019836425781,93.45999908447266,93.4800033569336,94644
2026-07-14 18:45:00+00:00,93.48999786376953,93.4999008178711,93.48529815673828,93.48999786376953,8577
2026-07-14 18:50:00+00:00,93.48989868164062,93.5,93.48500061035156,93.5,15986
2026-07-14 18:55:00+00:00,93.49500274658203,93.5250015258789,93.49500274658203,93.5199966430664,151402
2026-07-14 19:00:00+00:00,93.51190185546875,93.55999755859375,93.51190185546875,93.55500030517578,43301
2026-07-14 19:05:00+00:00,93.55500030517578,93.56999969482422,93.55000305175781,93.55000305175781,27912
2026-07-14 19:10:00+00:00,93.55999755859375,93.58000183105469,93.55999755859375,93.57499694824219,74971
2026-07-14 19:15:00+00:00,93.56999969482422,93.58999633789062,93.56999969482422,93.58499908447266,98900
2026-07-14 19:20:00+00:00,93.58499908447266,93.58999633789062,93.57499694824219,93.58999633789062,29694
2026-07-14 19:25:00+00:00,93.58499908447266,93.58999633789062,93.58390045166016,93.58999633789062,37055
2026-07-14 19:30:00+00:00,93.58499908447266,93.59839630126953,93.54000091552734,93.55500030517578,208294
2026-07-14 19:35:00+00:00,93.55999755859375,93.55999755859375,93.55010223388672,93.55400085449219,23367
2026-07-14 19:40:00+00:00,93.55999755859375,93.58000183105469,93.55999755859375,93.57659912109375,32346
2026-07-14 19:45:00+00:00,93.57499694824219,93.58999633789062,93.56990051269531,93.56990051269531,25281
2026-07-14 19:50:00+00:00,93.55999755859375,93.56999969482422,93.55010223388672,93.55500030517578,96811
2026-07-14 19:55:00+00:00,93.55989837646484,93.55999755859375,93.52999877929688,93.52999877929688,329998
2026-07-15 13:30:00+00:00,93.63999938964844,93.66999816894531,93.63999938964844,93.66999816894531,185286
2026-07-15 13:35:00+00:00,93.68000030517578,93.69999694824219,93.68000030517578,93.69000244140625,57591
2026-07-15 13:40:00+00:00,93.68099975585938,93.69499969482422,93.68099975585938,93.68499755859375,26789
2026-07-15 13:45:00+00:00,93.69000244140625,93.70999908447266,93.68499755859375,93.7051010131836,65582
2026-07-15 13:50:00+00:00,93.70500183105469,93.71499633789062,93.69159698486328,93.71499633789062,27355
2026-07-15 13:55:00+00:00,93.71499633789062,93.76499938964844,93.71189880371094,93.72000122070312,99341
2026-07-15 14:00:00+00:00,93.72010040283203,93.74500274658203,93.72010040283203,93.7300033569336,25548
2026-07-15 14:05:00+00:00,93.72370147705078,93.7300033569336,93.70999908447266,93.7300033569336,21398
2026-07-15 14:10:00+00:00,93.73970031738281,93.73970031738281,93.71499633789062,93.71499633789062,31263
2026-07-15 14:15:00+00:00,93.71189880371094,93.73989868164062,93.71189880371094,93.7301025390625,28929
2026-07-15 14:20:00+00:00,93.73529815673828,93.73999786376953,93.70030212402344,93.70500183105469,62693
2026-07-15 14:25:00+00:00,93.70500183105469,93.73500061035156,93.69499969482422,93.7300033569336,272414
2026-07-15 14:30:00+00:00,93.7300033569336,93.76000213623047,93.7300033569336,93.75499725341797,153190
2026-07-15 14:35:00+00:00,93.75650024414062,93.76000213623047,93.7417984008789,93.7499008178711,22056
2026-07-15 14:40:00+00:00,93.74819946289062,93.75499725341797,93.7219009399414,93.7249984741211,173194
2026-07-15 14:45:00+00:00,93.7249984741211,93.75499725341797,93.7239990234375,93.75499725341797,6184
2026-07-15 14:50:00+00:00,93.76100158691406,93.77999877929688,93.76100158691406,93.7750015258789,28986
2026-07-15 14:55:00+00:00,93.7699966430664,93.78500366210938,93.76499938964844,93.7699966430664,44896
2026-07-15 15:00:00+00:00,93.7699966430664,93.77999877929688,93.75499725341797,93.76519775390625,42177
2026-07-15 15:05:00+00:00,93.76000213623047,93.76000213623047,93.74009704589844,93.75,20946
2026-07-15 15:10:00+00:00,93.74500274658203,93.74500274658203,93.71499633789062,93.71499633789062,16493
2026-07-15 15:15:00+00:00,93.71499633789062,93.73519897460938,93.70999908447266,93.73500061035156,9487
2026-07-15 15:20:00+00:00,93.73500061035156,93.75499725341797,93.72000122070312,93.75499725341797,38272
2026-07-15 15:25:00+00:00,93.75499725341797,93.77999877929688,93.75499725341797,93.77999877929688,23803
2026-07-15 15:30:00+00:00,93.7750015258789,93.79499816894531,93.77149963378906,93.79499816894531,40579
2026-07-15 15:35:00+00:00,93.79499816894531,93.80500030517578,93.7750015258789,93.78009796142578,233836
2026-07-15 15:40:00+00:00,93.78500366210938,93.79640197753906,93.78009796142578,93.79499816894531,14771
2026-07-15 15:45:00+00:00,93.78160095214844,93.79000091552734,93.77999877929688,93.77999877929688,11541
2026-07-15 15:50:00+00:00,93.7750015258789,93.79000091552734,93.7699966430664,93.79000091552734,10378
2026-07-15 15:55:00+00:00,93.78500366210938,93.7865982055664,93.7750015258789,93.77999877929688,78143
2026-07-15 16:00:00+00:00,93.7750015258789,93.78500366210938,93.7615966796875,93.76499938964844,16585
2026-07-15 16:05:00+00:00,93.76799774169922,93.78500366210938,93.76170349121094,93.77999877929688,15586
2026-07-15 16:10:00+00:00,93.77999877929688,93.77999877929688,93.76000213623047,93.76000213623047,83493
2026-07-15 16:15:00+00:00,93.7699966430664,93.78500366210938,93.76499938964844,93.7750015258789,78797
2026-07-15 16:20:00+00:00,93.7750015258789,93.80000305175781,93.7699966430664,93.79499816894531,43366
2026-07-15 16:25:00+00:00,93.79499816894531,93.80809783935547,93.7802963256836,93.78399658203125,35344
2026-07-15 16:30:00+00:00,93.77999877929688,93.79499816894531,93.7699966430664,93.79000091552734,63837
2026-07-15 16:35:00+00:00,93.79000091552734,93.79000091552734,93.7699966430664,93.7750015258789,52747
2026-07-15 16:40:00+00:00,93.7750015258789,93.77999877929688,93.76349639892578,93.76349639892578,48423
2026-07-15 16:45:00+00:00,93.76499938964844,93.84500122070312,93.76499938964844,93.79499816894531,490002
2026-07-15 16:50:00+00:00,93.79499816894531,93.79499816894531,93.77999877929688,93.77999877929688,37714
2026-07-15 16:55:00+00:00,93.7750015258789,93.7750015258789,93.76000213623047,93.7699966430664,53422
2026-07-15 17:00:00+00:00,93.76499938964844,93.80999755859375,93.76499938964844,93.80500030517578,108279
2026-07-15 17:05:00+00:00,93.80999755859375,93.80999755859375,93.79499816894531,93.80999755859375,41621
2026-07-15 17:10:00+00:00,93.80999755859375,93.80999755859375,93.79000091552734,93.79000091552734,429168
2026-07-15 17:15:00+00:00,93.79000091552734,93.80000305175781,93.78500366210938,93.80000305175781,43977
2026-07-15 17:20:00+00:00,93.80000305175781,93.80999755859375,93.79000091552734,93.80999755859375,37089
2026-07-15 17:25:00+00:00,93.80999755859375,93.81500244140625,93.80010223388672,93.81500244140625,103519
2026-07-15 17:30:00+00:00,93.81500244140625,93.83000183105469,93.80500030517578,93.80509948730469,50005
2026-07-15 17:35:00+00:00,93.80500030517578,93.83000183105469,93.80500030517578,93.82499694824219,70823
2026-07-15 17:40:00+00:00,93.82499694824219,93.83799743652344,93.82499694824219,93.83000183105469,74398
2026-07-15 17:45:00+00:00,93.82499694824219,93.87000274658203,93.81999969482422,93.87000274658203,64062
2026-07-15 17:50:00+00:00,93.86509704589844,93.87000274658203,93.8550033569336,93.8550033569336,137509
2026-07-15 17:55:00+00:00,93.8550033569336,93.86000061035156,93.85369873046875,93.8550033569336,53644
2026-07-15 18:00:00+00:00,93.8499984741211,93.8499984741211,93.83499908447266,93.84500122070312,51877
2026-07-15 18:05:00+00:00,93.84500122070312,93.8499984741211,93.83439636230469,93.84500122070312,63410
2026-07-15 18:10:00+00:00,93.84500122070312,93.84500122070312,93.83000183105469,93.83499908447266,39800
2026-07-15 18:15:00+00:00,93.83499908447266,93.83999633789062,93.82389831542969,93.83999633789062,48084
2026-07-15 18:20:00+00:00,93.83999633789062,93.83999633789062,93.83000183105469,93.83499908447266,64102
2026-07-15 18:25:00+00:00,93.83499908447266,93.83999633789062,93.83000183105469,93.83499908447266,68048
2026-07-15 18:30:00+00:00,93.8301010131836,93.8499984741211,93.8301010131836,93.84500122070312,45288
2026-07-15 18:35:00+00:00,93.84500122070312,93.8499984741211,93.84010314941406,93.8499984741211,63575
2026-07-15 18:40:00+00:00,93.84500122070312,93.84500122070312,93.83000183105469,93.83000183105469,123164
2026-07-15 18:45:00+00:00,93.83499908447266,93.83999633789062,93.82499694824219,93.83999633789062,75597
2026-07-15 18:50:00+00:00,93.83999633789062,93.83999633789062,93.83000183105469,93.83499908447266,55904
2026-07-15 18:55:00+00:00,93.83499908447266,93.83999633789062,93.83000183105469,93.8364028930664,72215
2026-07-15 19:00:00+00:00,93.83000183105469,93.86000061035156,93.82160186767578,93.8550033569336,89864
2026-07-15 19:05:00+00:00,93.8550033569336,93.86000061035156,93.8499984741211,93.8550033569336,128366
2026-07-15 19:10:00+00:00,93.8550033569336,93.86000061035156,93.8499984741211,93.8550033569336,123124
2026-07-15 19:15:00+00:00,93.8550033569336,93.8550033569336,93.83999633789062,93.8416976928711,168677
2026-07-15 19:20:00+00:00,93.84500122070312,93.8499984741211,93.83999633789062,93.84500122070312,66064
2026-07-15 19:25:00+00:00,93.84500122070312,93.8499984741211,93.83999633789062,93.83999633789062,75213
2026-07-15 19:30:00+00:00,93.84500122070312,93.85639953613281,93.80010223388672,93.80500030517578,115628
2026-07-15 19:35:00+00:00,93.80500030517578,93.80500030517578,93.78500366210938,93.79499816894531,108921
2026-07-15 19:40:00+00:00,93.79630279541016,93.80000305175781,93.79010009765625,93.80000305175781,93081
2026-07-15 19:45:00+00:00,93.79499816894531,93.80000305175781,93.78170013427734,93.78500366210938,74677
2026-07-15 19:50:00+00:00,93.78710174560547,93.80000305175781,93.77999877929688,93.79000091552734,167476
2026-07-15 19:55:00+00:00,93.79000091552734,93.80000305175781,93.7699966430664,93.7750015258789,259680
2026-07-16 13:30:00+00:00,93.58000183105469,93.5999984741211,93.55180358886719,93.55500030517578,205953
2026-07-16 13:35:00+00:00,93.55000305175781,93.56809997558594,93.55000305175781,93.55500030517578,390442
2026-07-16 13:40:00+00:00,93.55999755859375,93.56999969482422,93.55999755859375,93.56500244140625,37158
2026-07-16 13:45:00+00:00,93.55999755859375,93.58999633789062,93.55999755859375,93.58999633789062,30033
2026-07-16 13:50:00+00:00,93.59500122070312,93.59500122070312,93.57969665527344,93.58999633789062,12524
2026-07-16 13:55:00+00:00,93.59500122070312,93.59500122070312,93.57499694824219,93.58000183105469,654898
2026-07-16 14:00:00+00:00,93.58499908447266,93.62999725341797,93.58000183105469,93.62200164794922,103494
2026-07-16 14:05:00+00:00,93.6281967163086,93.62999725341797,93.61000061035156,93.61969757080078,114712
2026-07-16 14:10:00+00:00,93.61170196533203,93.62000274658203,93.5999984741211,93.61499786376953,57733
2026-07-16 14:15:00+00:00,93.61209869384766,93.62999725341797,93.61209869384766,93.625,34112
2026-07-16 14:20:00+00:00,93.625,93.62999725341797,93.59500122070312,93.59500122070312,34194
2026-07-16 14:25:00+00:00,93.5999984741211,93.61000061035156,93.58999633789062,93.59500122070312,68107
2026-07-16 14:30:00+00:00,93.59989929199219,93.5999984741211,93.58000183105469,93.58799743652344,18675
2026-07-16 14:35:00+00:00,93.58589935302734,93.58670043945312,93.55500030517578,93.55500030517578,137907
2026-07-16 14:40:00+00:00,93.55359649658203,93.55999755859375,93.54290008544922,93.55999755859375,55864
2026-07-16 14:45:00+00:00,93.56500244140625,93.56990051269531,93.55500030517578,93.56500244140625,22720
2026-07-16 14:50:00+00:00,93.56639862060547,93.58820343017578,93.56639862060547,93.58209991455078,9017
2026-07-16 14:55:00+00:00,93.58999633789062,93.58999633789062,93.56999969482422,93.57499694824219,28815
2026-07-16 15:00:00+00:00,93.56500244140625,93.56500244140625,93.55500030517578,93.56500244140625,38132
2026-07-16 15:05:00+00:00,93.56500244140625,93.57499694824219,93.55000305175781,93.57499694824219,17060
2026-07-16 15:10:00+00:00,93.57559967041016,93.5999984741211,93.57150268554688,93.5999984741211,31298
2026-07-16 15:15:00+00:00,93.61000061035156,93.625,93.61000061035156,93.61499786376953,18838
2026-07-16 15:20:00+00:00,93.62000274658203,93.63819885253906,93.6134033203125,93.63500213623047,9620
2026-07-16 15:25:00+00:00,93.63999938964844,93.6500015258789,93.63999938964844,93.6449966430664,17565
2026-07-16 15:30:00+00:00,93.63999938964844,93.65969848632812,93.63999938964844,93.65499877929688,33755
2026-07-16 15:35:00+00:00,93.66000366210938,93.66500091552734,93.6500015258789,93.65850067138672,12941
2026-07-16 15:40:00+00:00,93.6500015258789,93.66000366210938,93.6500015258789,93.65969848632812,8914
2026-07-16 15:45:00+00:00,93.65499877929688,93.68009948730469,93.65270233154297,93.68009948730469,22830
2026-07-16 15:50:00+00:00,93.68000030517578,93.68499755859375,93.66999816894531,93.67009735107422,30745
2026-07-16 15:55:00+00:00,93.67500305175781,93.67500305175781,93.65160369873047,93.65160369873047,6581
2026-07-16 16:00:00+00:00,93.65499877929688,93.66500091552734,93.6532974243164,93.65950012207031,7533
2026-07-16 16:05:00+00:00,93.63960266113281,93.64969635009766,93.63960266113281,93.6449966430664,21185
2026-07-16 16:10:00+00:00,93.6449966430664,93.64990234375,93.63999938964844,93.6449966430664,13585
2026-07-16 16:15:00+00:00,93.63999938964844,93.63999938964844,93.62220001220703,93.62989807128906,13504
2026-07-16 16:20:00+00:00,93.625,93.625,93.6050033569336,93.61000061035156,28180
2026-07-16 16:25:00+00:00,93.58999633789062,93.77999877929688,93.58000183105469,93.5999984741211,34974
2026-07-16 16:30:00+00:00,93.60359954833984,93.62000274658203,93.60160064697266,93.62000274658203,23292
2026-07-16 16:35:00+00:00,93.625,93.6281967163086,93.61009979248047,93.61499786376953,24721
2026-07-16 16:40:00+00:00,93.61499786376953,93.61830139160156,93.6050033569336,93.61000061035156,5767
2026-07-16 16:45:00+00:00,93.6050033569336,93.61000061035156,93.6050033569336,93.6083984375,10392
2026-07-16 16:50:00+00:00,93.62000274658203,93.63999938964844,93.62000274658203,93.63500213623047,27887
2026-07-16 16:55:00+00:00,93.6323013305664,93.65229797363281,93.63009643554688,93.64990234375,20378
2026-07-16 17:00:00+00:00,93.65499877929688,93.66000366210938,93.64440155029297,93.6449966430664,8453
2026-07-16 17:05:00+00:00,93.6449966430664,93.64820098876953,93.63999938964844,93.6449966430664,10280
2026-07-16 17:10:00+00:00,93.63999938964844,93.64800262451172,93.63410186767578,93.64800262451172,81659
2026-07-16 17:15:00+00:00,93.6449966430664,93.66000366210938,93.64009857177734,93.6500015258789,77133
2026-07-16 17:20:00+00:00,93.6500015258789,93.65499877929688,93.6500015258789,93.65499877929688,9136
2026-07-16 17:25:00+00:00,93.66000366210938,93.66000366210938,93.65160369873047,93.6541976928711,14880
2026-07-16 17:30:00+00:00,93.66500091552734,93.66999816894531,93.66000366210938,93.66500091552734,35714
2026-07-16 17:35:00+00:00,93.66500091552734,93.68000030517578,93.66010284423828,93.66999816894531,42422
2026-07-16 17:40:00+00:00,93.66500091552734,93.68499755859375,93.66500091552734,93.68499755859375,36613
2026-07-16 17:45:00+00:00,93.68499755859375,93.69999694824219,93.681396484375,93.69999694824219,28566
2026-07-16 17:50:00+00:00,93.69499969482422,93.72630310058594,93.69499969482422,93.7249984741211,48325
2026-07-16 17:55:00+00:00,93.72000122070312,93.7249984741211,93.69999694824219,93.70500183105469,56488
2026-07-16 18:00:00+00:00,93.70500183105469,93.72000122070312,93.69999694824219,93.72000122070312,38415
2026-07-16 18:05:00+00:00,93.72000122070312,93.7300033569336,93.71499633789062,93.7300033569336,23870
2026-07-16 18:10:00+00:00,93.7249984741211,93.75,93.7249984741211,93.74500274658203,67648
2026-07-16 18:15:00+00:00,93.74500274658203,93.75,93.7249984741211,93.7249984741211,49555
2026-07-16 18:20:00+00:00,93.72000122070312,93.72650146484375,93.71440124511719,93.71440124511719,25869
2026-07-16 18:25:00+00:00,93.71499633789062,93.71499633789062,93.70999908447266,93.71499633789062,24675
2026-07-16 18:30:00+00:00,93.71499633789062,93.72000122070312,93.69999694824219,93.70500183105469,99752
2026-07-16 18:35:00+00:00,93.70500183105469,93.70999908447266,93.69999694824219,93.70500183105469,64486
2026-07-16 18:40:00+00:00,93.70500183105469,93.72000122070312,93.70500183105469,93.70819854736328,49358
2026-07-16 18:45:00+00:00,93.70500183105469,93.70999908447266,93.69000244140625,93.69000244140625,34102
2026-07-16 18:50:00+00:00,93.69309997558594,93.69999694824219,93.68499755859375,93.68990325927734,40720
2026-07-16 18:55:00+00:00,93.68499755859375,93.69650268554688,93.68499755859375,93.69499969482422,59945
2026-07-16 19:00:00+00:00,93.69499969482422,93.70999908447266,93.69499969482422,93.70809936523438,61592
2026-07-16 19:05:00+00:00,93.70999908447266,93.70999908447266,93.69999694824219,93.70500183105469,61983
2026-07-16 19:10:00+00:00,93.70500183105469,93.70999908447266,93.69499969482422,93.70500183105469,42469
2026-07-16 19:15:00+00:00,93.70999908447266,93.70999908447266,93.69999694824219,93.70500183105469,45151
2026-07-16 19:20:00+00:00,93.70500183105469,93.70999908447266,93.69999694824219,93.70500183105469,133486
2026-07-16 19:25:00+00:00,93.70500183105469,93.72000122070312,93.69999694824219,93.72000122070312,32507
2026-07-16 19:30:00+00:00,93.72000122070312,93.72000122070312,93.70500183105469,93.70989990234375,61104
2026-07-16 19:35:00+00:00,93.69999694824219,93.70999908447266,93.69180297851562,93.70999908447266,95024
2026-07-16 19:40:00+00:00,93.70999908447266,93.70999908447266,93.69999694824219,93.70999908447266,87230
2026-07-16 19:45:00+00:00,93.70999908447266,93.7300033569336,93.70500183105469,93.72669982910156,65692
2026-07-16 19:50:00+00:00,93.72989654541016,93.72989654541016,93.71499633789062,93.72979736328125,207267
2026-07-16 19:55:00+00:00,93.72969818115234,93.7300033569336,93.70999908447266,93.71499633789062,216474
2026-07-17 13:30:00+00:00,93.95999908447266,94.01000213623047,93.95999908447266,94.01000213623047,443307
2026-07-17 13:35:00+00:00,94.02999877929688,94.09500122070312,94.02999877929688,94.08499908447266,805763
2026-07-17 13:40:00+00:00,94.08499908447266,94.08499908447266,94.05999755859375,94.07499694824219,842120
2026-07-17 13:45:00+00:00,94.08000183105469,94.08999633789062,94.0425033569336,94.05500030517578,113452
2026-07-17 13:50:00+00:00,94.05180358886719,94.05500030517578,94.0199966430664,94.02999877929688,54876
2026-07-17 13:55:00+00:00,94.04499816894531,94.04989624023438,94.0250015258789,94.02999877929688,28600
2026-07-17 14:00:00+00:00,94.03500366210938,94.05000305175781,94.01499938964844,94.01950073242188,58677
2026-07-17 14:05:00+00:00,94.01499938964844,94.0199966430664,94.0,94.0197982788086,16900
2026-07-17 14:10:00+00:00,94.01000213623047,94.02799987792969,94.00499725341797,94.0199966430664,63168
2026-07-17 14:15:00+00:00,94.0250015258789,94.03800201416016,94.0,94.0250015258789,111794
2026-07-17 14:20:00+00:00,94.02999877929688,94.02999877929688,94.00499725341797,94.00499725341797,19794
2026-07-17 14:25:00+00:00,93.99189758300781,94.00980377197266,93.97000122070312,93.97000122070312,19224
2026-07-17 14:30:00+00:00,93.97029876708984,93.98999786376953,93.97029876708984,93.989501953125,23520
2026-07-17 14:35:00+00:00,93.98999786376953,94.0,93.98999786376953,93.99500274658203,31274
2026-07-17 14:40:00+00:00,93.98999786376953,93.98999786376953,93.9801025390625,93.9844970703125,14771
2026-07-17 14:45:00+00:00,93.98780059814453,94.0,93.98030090332031,93.98999786376953,14295
2026-07-17 14:50:00+00:00,93.98989868164062,93.98989868164062,93.96499633789062,93.97000122070312,6667
2026-07-17 14:55:00+00:00,93.96499633789062,94.0,93.96009826660156,93.99500274658203,21088
2026-07-17 15:00:00+00:00,94.00499725341797,94.0082015991211,93.98500061035156,94.00499725341797,36017
2026-07-17 15:05:00+00:00,94.00499725341797,94.00769805908203,93.99500274658203,94.00499725341797,33441
2026-07-17 15:10:00+00:00,94.00499725341797,94.01799774169922,93.9800033569336,93.98500061035156,25094
2026-07-17 15:15:00+00:00,93.98999786376953,93.98999786376953,93.9749984741211,93.9749984741211,16042
2026-07-17 15:20:00+00:00,93.9800033569336,93.98500061035156,93.95999908447266,93.96499633789062,22778
2026-07-17 15:25:00+00:00,93.96839904785156,93.96839904785156,93.94000244140625,93.94499969482422,14297
2026-07-17 15:30:00+00:00,93.95169830322266,93.9583969116211,93.91999816894531,93.94499969482422,89207
2026-07-17 15:35:00+00:00,93.94000244140625,93.94000244140625,93.91500091552734,93.91510009765625,30784
2026-07-17 15:40:00+00:00,93.9197998046875,93.92500305175781,93.91629791259766,93.92500305175781,13424
2026-07-17 15:45:00+00:00,93.92500305175781,93.93000030517578,93.91179656982422,93.91999816894531,23850
2026-07-17 15:50:00+00:00,93.91500091552734,93.92990112304688,93.91000366210938,93.91500091552734,20896
2026-07-17 15:55:00+00:00,93.90989685058594,93.91999816894531,93.90180206298828,93.91500091552734,545211
2026-07-17 16:00:00+00:00,93.91500091552734,93.91500091552734,93.81999969482422,93.84159851074219,448303
2026-07-17 16:05:00+00:00,93.84500122070312,93.86000061035156,93.84010314941406,93.8550033569336,69335
2026-07-17 16:10:00+00:00,93.86499786376953,93.87000274658203,93.8499984741211,93.8550033569336,23504
2026-07-17 16:15:00+00:00,93.8499984741211,93.8499984741211,93.83180236816406,93.83180236816406,6156
2026-07-17 16:20:00+00:00,93.83499908447266,93.86000061035156,93.83000183105469,93.86000061035156,61495
2026-07-17 16:25:00+00:00,93.86499786376953,93.87999725341797,93.86000061035156,93.87999725341797,61725
2026-07-17 16:30:00+00:00,93.875,93.87789916992188,93.86219787597656,93.87000274658203,9805
2026-07-17 16:35:00+00:00,93.86499786376953,93.86499786376953,93.8499984741211,93.85040283203125,18217
2026-07-17 16:40:00+00:00,93.8501968383789,93.86990356445312,93.8499984741211,93.86499786376953,44767
2026-07-17 16:45:00+00:00,93.86009979248047,93.86499786376953,93.8499984741211,93.86499786376953,19782
2026-07-17 16:50:00+00:00,93.86499786376953,93.86499786376953,93.8550033569336,93.8550033569336,18515
2026-07-17 16:55:00+00:00,93.8550033569336,93.8550033569336,93.8499984741211,93.8550033569336,24161
2026-07-17 17:00:00+00:00,93.8550033569336,93.86000061035156,93.8499984741211,93.8550033569336,9173
2026-07-17 17:05:00+00:00,93.8499984741211,93.86000061035156,93.8499984741211,93.8499984741211,22273
2026-07-17 17:10:00+00:00,93.8499984741211,93.8550033569336,93.83999633789062,93.84500122070312,31724
2026-07-17 17:15:00+00:00,93.83999633789062,93.83999633789062,93.83000183105469,93.83000183105469,14107
2026-07-17 17:20:00+00:00,93.83000183105469,93.8396987915039,93.81999969482422,93.83499908447266,44750
2026-07-17 17:25:00+00:00,93.8396987915039,93.84500122070312,93.83000183105469,93.84500122070312,33998
2026-07-17 17:30:00+00:00,93.84500122070312,93.8499984741211,93.83999633789062,93.84500122070312,10489
2026-07-17 17:35:00+00:00,93.8479995727539,93.86509704589844,93.84500122070312,93.8499984741211,263840
2026-07-17 17:40:00+00:00,93.84500122070312,93.85780334472656,93.84159851074219,93.85009765625,22640
2026-07-17 17:45:00+00:00,93.8550033569336,93.8550033569336,93.84159851074219,93.84500122070312,25144
2026-07-17 17:50:00+00:00,93.84500122070312,93.8499984741211,93.84010314941406,93.8499984741211,7638
2026-07-17 17:55:00+00:00,93.8499984741211,93.87000274658203,93.8499984741211,93.86499786376953,55957
2026-07-17 18:00:00+00:00,93.86499786376953,93.86499786376953,93.85009765625,93.8582992553711,19389
2026-07-17 18:05:00+00:00,93.8550033569336,93.87809753417969,93.85179901123047,93.875,23742
2026-07-17 18:10:00+00:00,93.875,93.88500213623047,93.86499786376953,93.87000274658203,21975
2026-07-17 18:15:00+00:00,93.87100219726562,93.88999938964844,93.87100219726562,93.88500213623047,13807
2026-07-17 18:20:00+00:00,93.88500213623047,93.91500091552734,93.87999725341797,93.90809631347656,25742
2026-07-17 18:25:00+00:00,93.91000366210938,93.91500091552734,93.90010070800781,93.90499877929688,14543
2026-07-17 18:30:00+00:00,93.90899658203125,93.91000366210938,93.90010070800781,93.90640258789062,9518
2026-07-17 18:35:00+00:00,93.90499877929688,93.9197998046875,93.9000015258789,93.91819763183594,24501
2026-07-17 18:40:00+00:00,93.91500091552734,93.91500091552734,93.9000015258789,93.90499877929688,22813
2026-07-17 18:45:00+00:00,93.90499877929688,93.91000366210938,93.88500213623047,93.88999938964844,24885
2026-07-17 18:50:00+00:00,93.88500213623047,93.88999938964844,93.87000274658203,93.87999725341797,12982
2026-07-17 18:55:00+00:00,93.87000274658203,93.87999725341797,93.87000274658203,93.87000274658203,13901
2026-07-17 19:00:00+00:00,93.87000274658203,93.87999725341797,93.86000061035156,93.86000061035156,43568
2026-07-17 19:05:00+00:00,93.86499786376953,93.87000274658203,93.86000061035156,93.86000061035156,35462
2026-07-17 19:10:00+00:00,93.85009765625,93.8550033569336,93.83999633789062,93.83999633789062,22630
2026-07-17 19:15:00+00:00,93.83999633789062,93.84819793701172,93.83000183105469,93.83000183105469,29986
2026-07-17 19:20:00+00:00,93.83000183105469,93.84500122070312,93.83000183105469,93.84010314941406,66972
2026-07-17 19:25:00+00:00,93.8499984741211,93.8499984741211,93.83999633789062,93.84500122070312,26659
2026-07-17 19:30:00+00:00,93.8550033569336,93.86000061035156,93.8499984741211,93.8499984741211,25844
2026-07-17 19:35:00+00:00,93.8550033569336,93.86000061035156,93.83999633789062,93.83999633789062,59053
2026-07-17 19:40:00+00:00,93.84500122070312,93.8499984741211,93.83999633789062,93.84500122070312,21933
2026-07-17 19:45:00+00:00,93.84500122070312,93.84500122070312,93.81999969482422,93.83000183105469,38266
2026-07-17 19:50:00+00:00,93.83000183105469,93.8499984741211,93.83000183105469,93.84639739990234,299967
2026-07-17 19:55:00+00:00,93.84500122070312,93.84989929199219,93.82389831542969,93.83000183105469,692682
2026-07-20 13:30:00+00:00,93.73999786376953,93.756103515625,93.7249984741211,93.73999786376953,118248
2026-07-20 13:35:00+00:00,93.73999786376953,93.75499725341797,93.73500061035156,93.73500061035156,33211
2026-07-20 13:40:00+00:00,93.73500061035156,93.7385025024414,93.69499969482422,93.69499969482422,56000
2026-07-20 13:45:00+00:00,93.69499969482422,93.70999908447266,93.69000244140625,93.70010375976562,53784
2026-07-20 13:50:00+00:00,93.70999908447266,93.72000122070312,93.69190216064453,93.69190216064453,48895
2026-07-20 13:55:00+00:00,93.69619750976562,93.69999694824219,93.66999816894531,93.66999816894531,60833
2026-07-20 14:00:00+00:00,93.6500015258789,93.66999816894531,93.6449966430664,93.65499877929688,40298
2026-07-20 14:05:00+00:00,93.6500015258789,93.65249633789062,93.61499786376953,93.62989807128906,62439
2026-07-20 14:10:00+00:00,93.62000274658203,93.62999725341797,93.61499786376953,93.62000274658203,34644
2026-07-20 14:15:00+00:00,93.61499786376953,93.64969635009766,93.61000061035156,93.64009857177734,84753
2026-07-20 14:20:00+00:00,93.64510345458984,93.64849853515625,93.63500213623047,93.63500213623047,28715
2026-07-20 14:25:00+00:00,93.62999725341797,93.6449966430664,93.62000274658203,93.63829803466797,36327
2026-07-20 14:30:00+00:00,93.63990020751953,93.63990020751953,93.62169647216797,93.63500213623047,23285
2026-07-20 14:35:00+00:00,93.63500213623047,93.65499877929688,93.63500213623047,93.65499877929688,45958
2026-07-20 14:40:00+00:00,93.65499877929688,93.66819763183594,93.6500015258789,93.65499877929688,34957
2026-07-20 14:45:00+00:00,93.65499877929688,93.66539764404297,93.6500015258789,93.66500091552734,13902
2026-07-20 14:50:00+00:00,93.66819763183594,93.66819763183594,93.62999725341797,93.63710021972656,40710
2026-07-20 14:55:00+00:00,93.62000274658203,93.63500213623047,93.62000274658203,93.63500213623047,42504
2026-07-20 15:00:00+00:00,93.62999725341797,93.62999725341797,93.61000061035156,93.61499786376953,49412
2026-07-20 15:05:00+00:00,93.61499786376953,93.6449966430664,93.60009765625,93.63999938964844,85688
2026-07-20 15:10:00+00:00,93.63500213623047,93.63500213623047,93.59500122070312,93.5999984741211,48198
2026-07-20 15:15:00+00:00,93.6050033569336,93.60810089111328,93.59410095214844,93.5999984741211,58205
2026-07-20 15:20:00+00:00,93.59500122070312,93.59829711914062,93.58979797363281,93.59500122070312,61425
2026-07-20 15:25:00+00:00,93.59500122070312,93.5999984741211,93.58180236816406,93.58989715576172,23132
2026-07-20 15:30:00+00:00,93.58499908447266,93.5958023071289,93.5604019165039,93.56500244140625,33847
2026-07-20 15:35:00+00:00,93.56510162353516,93.56839752197266,93.54499816894531,93.5479965209961,11292
2026-07-20 15:40:00+00:00,93.54989624023438,93.55000305175781,93.54010009765625,93.54989624023438,15863
2026-07-20 15:45:00+00:00,93.54499816894531,93.54499816894531,93.52999877929688,93.54499816894531,30597
2026-07-20 15:50:00+00:00,93.54019927978516,93.55999755859375,93.54019927978516,93.55500030517578,19169
2026-07-20 15:55:00+00:00,93.55590057373047,93.55999755859375,93.55000305175781,93.5541000366211,8467
2026-07-20 16:00:00+00:00,93.55989837646484,93.55989837646484,93.55000305175781,93.55000305175781,23673
2026-07-20 16:05:00+00:00,93.55500030517578,93.55999755859375,93.55000305175781,93.55999755859375,49362
2026-07-20 16:10:00+00:00,93.55809783935547,93.55809783935547,93.53500366210938,93.53500366210938,34297
2026-07-20 16:15:00+00:00,93.53500366210938,93.53500366210938,93.51010131835938,93.51010131835938,14531
2026-07-20 16:20:00+00:00,93.51499938964844,93.5176010131836,93.51000213623047,93.51499938964844,8787
2026-07-20 16:25:00+00:00,93.51190185546875,93.51499938964844,93.48999786376953,93.51000213623047,55105
2026-07-20 16:30:00+00:00,93.51000213623047,93.51640319824219,93.5,93.50499725341797,32157
2026-07-20 16:35:00+00:00,93.50499725341797,93.5199966430664,93.50499725341797,93.5199966430664,33016
2026-07-20 16:40:00+00:00,93.51499938964844,93.51499938964844,93.44499969482422,93.48500061035156,258804
2026-07-20 16:45:00+00:00,93.4800033569336,93.49500274658203,93.4717025756836,93.49500274658203,31511
2026-07-20 16:50:00+00:00,93.49500274658203,93.49500274658203,93.47000122070312,93.4719009399414,25726
2026-07-20 16:55:00+00:00,93.47010040283203,93.4800033569336,93.47000122070312,93.4749984741211,20538
2026-07-20 17:00:00+00:00,93.47979736328125,93.48500061035156,93.46499633789062,93.4800033569336,29887
2026-07-20 17:05:00+00:00,93.48500061035156,93.48500061035156,93.45999908447266,93.47000122070312,23727
2026-07-20 17:10:00+00:00,93.47229766845703,93.47989654541016,93.45999908447266,93.46499633789062,30648
2026-07-20 17:15:00+00:00,93.46499633789062,93.4749984741211,93.45999908447266,93.47010040283203,50168
2026-07-20 17:20:00+00:00,93.4749984741211,93.49500274658203,93.4749984741211,93.48500061035156,32529
2026-07-20 17:25:00+00:00,93.48500061035156,93.5,93.48500061035156,93.49500274658203,9679
2026-07-20 17:30:00+00:00,93.49500274658203,93.5,93.48999786376953,93.49500274658203,22861
2026-07-20 17:35:00+00:00,93.49500274658203,93.49839782714844,93.4800033569336,93.48500061035156,33837
2026-07-20 17:40:00+00:00,93.48159790039062,93.48999786376953,93.48149871826172,93.48989868164062,15361
2026-07-20 17:45:00+00:00,93.48500061035156,93.4999008178711,93.48500061035156,93.49500274658203,25672
2026-07-20 17:50:00+00:00,93.49500274658203,93.51000213623047,93.49009704589844,93.51000213623047,55565
2026-07-20 17:55:00+00:00,93.50499725341797,93.51000213623047,93.5,93.51000213623047,34080
2026-07-20 18:00:00+00:00,93.50499725341797,93.51499938964844,93.5000991821289,93.50499725341797,55957
2026-07-20 18:05:00+00:00,93.5083999633789,93.51499938964844,93.50170135498047,93.5115966796875,13616
2026-07-20 18:10:00+00:00,93.51499938964844,93.51599884033203,93.51000213623047,93.51000213623047,52145
2026-07-20 18:15:00+00:00,93.51499938964844,93.52989959716797,93.51000213623047,93.52030181884766,31386
2026-07-20 18:20:00+00:00,93.5250015258789,93.5250015258789,93.51499938964844,93.5250015258789,28313
2026-07-20 18:25:00+00:00,93.5199966430664,93.5250015258789,93.51000213623047,93.5250015258789,28057
2026-07-20 18:30:00+00:00,93.52010345458984,93.52989959716797,93.51000213623047,93.51000213623047,20329
2026-07-20 18:35:00+00:00,93.51499938964844,93.51499938964844,93.5000991821289,93.51000213623047,27030
2026-07-20 18:40:00+00:00,93.5199966430664,93.52999877929688,93.51010131835938,93.51010131835938,17600
2026-07-20 18:45:00+00:00,93.51010131835938,93.5199966430664,93.51000213623047,93.51599884033203,14476
2026-07-20 18:50:00+00:00,93.51000213623047,93.5198974609375,93.51000213623047,93.51499938964844,10978
2026-07-20 18:55:00+00:00,93.51499938964844,93.51499938964844,93.5000991821289,93.51000213623047,34356
2026-07-20 19:00:00+00:00,93.5199966430664,93.52989959716797,93.51010131835938,93.5250015258789,20197
2026-07-20 19:05:00+00:00,93.5250015258789,93.54000091552734,93.5250015258789,93.53500366210938,11755
2026-07-20 19:10:00+00:00,93.53500366210938,93.53500366210938,93.52010345458984,93.5250015258789,27241
2026-07-20 19:15:00+00:00,93.5199966430664,93.52999877929688,93.5199966430664,93.5280990600586,63690
2026-07-20 19:20:00+00:00,93.5250015258789,93.54000091552734,93.52179718017578,93.53500366210938,47420
2026-07-20 19:25:00+00:00,93.53500366210938,93.57499694824219,93.52999877929688,93.56500244140625,216659
2026-07-20 19:30:00+00:00,93.56430053710938,93.56999969482422,93.55000305175781,93.55500030517578,35713
2026-07-20 19:35:00+00:00,93.55500030517578,93.55999755859375,93.54000091552734,93.54000091552734,42567
2026-07-20 19:40:00+00:00,93.54499816894531,93.55000305175781,93.54000091552734,93.54499816894531,29926
2026-07-20 19:45:00+00:00,93.54830169677734,93.55000305175781,93.54000091552734,93.54989624023438,33838
2026-07-20 19:50:00+00:00,93.54499816894531,93.55000305175781,93.54000091552734,93.54499816894531,110447
2026-07-20 19:55:00+00:00,93.54019927978516,93.55000305175781,93.52999877929688,93.54499816894531,250252
2026-07-21 13:30:00+00:00,93.4000015258789,93.41000366210938,93.37999725341797,93.38500213623047,138423
2026-07-21 13:35:00+00:00,93.37000274658203,93.37000274658203,93.30999755859375,93.30999755859375,95132
2026-07-21 13:40:00+00:00,93.30500030517578,93.30500030517578,93.25499725341797,93.2699966430664,42863
2026-07-21 13:45:00+00:00,93.26499938964844,93.28980255126953,93.26499938964844,93.28500366210938,56439
2026-07-21 13:50:00+00:00,93.28500366210938,93.30500030517578,93.26499938964844,93.30500030517578,53728
2026-07-21 13:55:00+00:00,93.30500030517578,93.30999755859375,93.30049896240234,93.30999755859375,19205
2026-07-21 14:00:00+00:00,93.30500030517578,93.3218994140625,93.30010223388672,93.3218994140625,15738
2026-07-21 14:05:00+00:00,93.32499694824219,93.33989715576172,93.31999969482422,93.31999969482422,22709
2026-07-21 14:10:00+00:00,93.32939910888672,93.3550033569336,93.3102035522461,93.3550033569336,27182
2026-07-21 14:15:00+00:00,93.3550033569336,93.36000061035156,93.34500122070312,93.35990142822266,18764
2026-07-21 14:20:00+00:00,93.3550033569336,93.37000274658203,93.35009765625,93.35009765625,36343
2026-07-21 14:25:00+00:00,93.35800170898438,93.35800170898438,93.33000183105469,93.33499908447266,22785
2026-07-21 14:30:00+00:00,93.33480072021484,93.34960174560547,93.33000183105469,93.3301010131836,21835
2026-07-21 14:35:00+00:00,93.31999969482422,93.3279037475586,93.3134994506836,93.32499694824219,35025
2026-07-21 14:40:00+00:00,93.32499694824219,93.34500122070312,93.3218994140625,93.34500122070312,20911
2026-07-21 14:45:00+00:00,93.34989929199219,93.38500213623047,93.34989929199219,93.36499786376953,44446
2026-07-21 14:50:00+00:00,93.36499786376953,93.36799621582031,93.34190368652344,93.3499984741211,14568
2026-07-21 14:55:00+00:00,93.35199737548828,93.36000061035156,93.33999633789062,93.34500122070312,19110
2026-07-21 15:00:00+00:00,93.3499984741211,93.36000061035156,93.33999633789062,93.3550033569336,43359
2026-07-21 15:05:00+00:00,93.36000061035156,93.36000061035156,93.34010314941406,93.34500122070312,6143
2026-07-21 15:10:00+00:00,93.34619903564453,93.36969757080078,93.34500122070312,93.36969757080078,23703
2026-07-21 15:15:00+00:00,93.37000274658203,93.39219665527344,93.37000274658203,93.39219665527344,14535
2026-07-21 15:20:00+00:00,93.3905029296875,93.41500091552734,93.3749008178711,93.38999938964844,56951
2026-07-21 15:25:00+00:00,93.38500213623047,93.38999938964844,93.37999725341797,93.38500213623047,52187
2026-07-21 15:30:00+00:00,93.37999725341797,93.38999938964844,93.3550033569336,93.37000274658203,30285
2026-07-21 15:35:00+00:00,93.37999725341797,93.38500213623047,93.36499786376953,93.36499786376953,38172
2026-07-21 15:40:00+00:00,93.35220336914062,93.35220336914062,93.33000183105469,93.33499908447266,23051
2026-07-21 15:45:00+00:00,93.33499908447266,93.33999633789062,93.33219909667969,93.33499908447266,14171
2026-07-21 15:50:00+00:00,93.33499908447266,93.34500122070312,93.32499694824219,93.32499694824219,38075
2026-07-21 15:55:00+00:00,93.33000183105469,93.33999633789062,93.33000183105469,93.33499908447266,16372
2026-07-21 16:00:00+00:00,93.33489990234375,93.33999633789062,93.32489776611328,93.33809661865234,14014
2026-07-21 16:05:00+00:00,93.33499908447266,93.3499984741211,93.33499908447266,93.34500122070312,9942
2026-07-21 16:10:00+00:00,93.33999633789062,93.34500122070312,93.3301010131836,93.33999633789062,29252
2026-07-21 16:15:00+00:00,93.33489990234375,93.33999633789062,93.32499694824219,93.32499694824219,13015
2026-07-21 16:20:00+00:00,93.32990264892578,93.32990264892578,93.31500244140625,93.31500244140625,14161
2026-07-21 16:25:00+00:00,93.31230163574219,93.32499694824219,93.31009674072266,93.3219985961914,30426
2026-07-21 16:30:00+00:00,93.32499694824219,93.32499694824219,93.30999755859375,93.31500244140625,14703
2026-07-21 16:35:00+00:00,93.31500244140625,93.31500244140625,93.29499816894531,93.30020141601562,8321
2026-07-21 16:40:00+00:00,93.30999755859375,93.32499694824219,93.30500030517578,93.30500030517578,7830
2026-07-21 16:45:00+00:00,93.30490112304688,93.33999633789062,93.30490112304688,93.33999633789062,34444
2026-07-21 16:50:00+00:00,93.33499908447266,93.3499984741211,93.33499908447266,93.33999633789062,28907
2026-07-21 16:55:00+00:00,93.34010314941406,93.3499984741211,93.32009887695312,93.32009887695312,14675
2026-07-21 17:00:00+00:00,93.33000183105469,93.33270263671875,93.32499694824219,93.32499694824219,11489
2026-07-21 17:05:00+00:00,93.31999969482422,93.32499694824219,93.31999969482422,93.32499694824219,4505
2026-07-21 17:10:00+00:00,93.32499694824219,93.33000183105469,93.32009887695312,93.33000183105469,5164
2026-07-21 17:15:00+00:00,93.31999969482422,93.33000183105469,93.31390380859375,93.33000183105469,21799
2026-07-21 17:20:00+00:00,93.33000183105469,93.33989715576172,93.33000183105469,93.33209991455078,21464
2026-07-21 17:25:00+00:00,93.33000183105469,93.33999633789062,93.33000183105469,93.3333969116211,44894
2026-07-21 17:30:00+00:00,93.33999633789062,93.33999633789062,93.33000183105469,93.33000183105469,13342
2026-07-21 17:35:00+00:00,93.32499694824219,93.32630157470703,93.31999969482422,93.32499694824219,14910
2026-07-21 17:40:00+00:00,93.32640075683594,93.32640075683594,93.30010223388672,93.30500030517578,20204
2026-07-21 17:45:00+00:00,93.30570220947266,93.30570220947266,93.29000091552734,93.29499816894531,14902
2026-07-21 17:50:00+00:00,93.30000305175781,93.30000305175781,93.29149627685547,93.29499816894531,9628
2026-07-21 17:55:00+00:00,93.29989624023438,93.30999755859375,93.29190063476562,93.30500030517578,32657
2026-07-21 18:00:00+00:00,93.30500030517578,93.30500030517578,93.29499816894531,93.29499816894531,16449
2026-07-21 18:05:00+00:00,93.29499816894531,93.3102035522461,93.28500366210938,93.30999755859375,23408
2026-07-21 18:10:00+00:00,93.30999755859375,93.30999755859375,93.30010223388672,93.30500030517578,9820
2026-07-21 18:15:00+00:00,93.30220031738281,93.30500030517578,93.29219818115234,93.29499816894531,10008
2026-07-21 18:20:00+00:00,93.30000305175781,93.30000305175781,93.29199981689453,93.29499816894531,9919
2026-07-21 18:25:00+00:00,93.30000305175781,93.30999755859375,93.30000305175781,93.30999755859375,23210
2026-07-21 18:30:00+00:00,93.30500030517578,93.30500030517578,93.29000091552734,93.29499816894531,13421
2026-07-21 18:35:00+00:00,93.29499816894531,93.306396484375,93.28009796142578,93.30010223388672,26694
2026-07-21 18:40:00+00:00,93.30989837646484,93.31809997558594,93.30000305175781,93.30999755859375,14567
2026-07-21 18:45:00+00:00,93.31500244140625,93.33000183105469,93.31009674072266,93.31500244140625,48870
2026-07-21 18:50:00+00:00,93.31500244140625,93.31999969482422,93.30999755859375,93.31500244140625,24720
2026-07-21 18:55:00+00:00,93.31999969482422,93.33000183105469,93.31009674072266,93.33000183105469,30906
2026-07-21 19:00:00+00:00,93.32499694824219,93.32929992675781,93.30999755859375,93.31500244140625,68924
2026-07-21 19:05:00+00:00,93.31620025634766,93.31999969482422,93.30010223388672,93.30500030517578,25389
2026-07-21 19:10:00+00:00,93.30000305175781,93.30999755859375,93.29499816894531,93.3062973022461,18610
2026-07-21 19:15:00+00:00,93.30500030517578,93.31639862060547,93.30000305175781,93.31500244140625,19486
2026-07-21 19:20:00+00:00,93.31500244140625,93.33000183105469,93.31199645996094,93.32499694824219,42262
2026-07-21 19:25:00+00:00,93.32499694824219,93.3499984741211,93.32009887695312,93.3218994140625,69245
2026-07-21 19:30:00+00:00,93.32499694824219,93.33000183105469,93.31999969482422,93.33000183105469,32404
2026-07-21 19:35:00+00:00,93.32499694824219,93.33000183105469,93.30999755859375,93.31999969482422,42697
2026-07-21 19:40:00+00:00,93.31999969482422,93.33000183105469,93.30999755859375,93.32499694824219,33493
2026-07-21 19:45:00+00:00,93.32499694824219,93.33000183105469,93.31999969482422,93.33000183105469,23699
2026-07-21 19:50:00+00:00,93.31999969482422,93.33000183105469,93.31500244140625,93.32499694824219,83080
2026-07-21 19:55:00+00:00,93.32499694824219,93.33000183105469,93.30500030517578,93.31500244140625,338666
2026-07-22 13:30:00+00:00,93.27999877929688,93.28600311279297,93.26499938964844,93.27210235595703,171253
2026-07-22 13:35:00+00:00,93.2750015258789,93.2750015258789,93.25,93.25499725341797,66932
2026-07-22 13:40:00+00:00,93.25499725341797,93.26000213623047,93.2300033569336,93.2301025390625,24909
2026-07-22 13:45:00+00:00,93.2300033569336,93.25499725341797,93.22000122070312,93.25,82169
2026-07-22 13:50:00+00:00,93.25019836425781,93.25019836425781,93.23999786376953,93.25,36146
2026-07-22 13:55:00+00:00,93.25,93.26000213623047,93.23999786376953,93.23999786376953,129969
2026-07-22 14:00:00+00:00,93.24829864501953,93.25,93.23210144042969,93.23500061035156,18659
2026-07-22 14:05:00+00:00,93.2300033569336,93.2300033569336,93.20500183105469,93.21499633789062,79712
2026-07-22 14:10:00+00:00,93.21499633789062,93.2155990600586,93.17500305175781,93.17500305175781,38089
2026-07-22 14:15:00+00:00,93.16999816894531,93.17720031738281,93.15499877929688,93.16500091552734,42735
2026-07-22 14:20:00+00:00,93.16999816894531,93.17500305175781,93.1500015258789,93.15809631347656,26054
2026-07-22 14:25:00+00:00,93.15989685058594,93.16000366210938,93.11000061035156,93.11499786376953,84078
2026-07-22 14:30:00+00:00,93.11499786376953,93.11990356445312,93.10859680175781,93.11990356445312,30683
2026-07-22 14:35:00+00:00,93.11499786376953,93.12999725341797,93.11000061035156,93.12010192871094,32601
2026-07-22 14:40:00+00:00,93.12999725341797,93.13849639892578,93.12010192871094,93.13500213623047,42041
2026-07-22 14:45:00+00:00,93.13999938964844,93.15499877929688,93.13999938964844,93.14009857177734,35877
2026-07-22 14:50:00+00:00,93.13500213623047,93.1500015258789,93.13009643554688,93.13999938964844,19410
2026-07-22 14:55:00+00:00,93.13500213623047,93.16000366210938,93.1343002319336,93.1500015258789,35131
2026-07-22 15:00:00+00:00,93.15499877929688,93.16000366210938,93.1500015258789,93.15499877929688,27928
2026-07-22 15:05:00+00:00,93.13999938964844,93.1500015258789,93.13179779052734,93.13500213623047,11717
2026-07-22 15:10:00+00:00,93.13500213623047,93.16000366210938,93.13500213623047,93.16000366210938,77026
2026-07-22 15:15:00+00:00,93.15499877929688,93.15499877929688,93.1449966430664,93.15499877929688,24386
2026-07-22 15:20:00+00:00,93.15499877929688,93.16000366210938,93.1500015258789,93.16000366210938,24716
2026-07-22 15:25:00+00:00,93.16500091552734,93.16500091552734,93.15170288085938,93.15499877929688,23986
2026-07-22 15:30:00+00:00,93.15499877929688,93.16999816894531,93.15010070800781,93.1698989868164,27263
2026-07-22 15:35:00+00:00,93.16500091552734,93.19499969482422,93.16210174560547,93.19499969482422,23106
2026-07-22 15:40:00+00:00,93.19499969482422,93.20989990234375,93.18190002441406,93.20500183105469,17757
2026-07-22 15:45:00+00:00,93.20989990234375,93.23500061035156,93.20500183105469,93.23500061035156,12966
2026-07-22 15:50:00+00:00,93.23500061035156,93.2396011352539,93.21499633789062,93.21499633789062,34408
2026-07-22 15:55:00+00:00,93.20999908447266,93.21849822998047,93.19999694824219,93.20549774169922,22262
2026-07-22 16:00:00+00:00,93.20500183105469,93.22000122070312,93.19999694824219,93.20500183105469,29389
2026-07-22 16:05:00+00:00,93.20010375976562,93.20580291748047,93.19999694824219,93.20500183105469,12280
2026-07-22 16:10:00+00:00,93.20010375976562,93.20649719238281,93.18000030517578,93.18499755859375,144612
2026-07-22 16:15:00+00:00,93.18009948730469,93.18009948730469,93.16999816894531,93.17500305175781,15183
2026-07-22 16:20:00+00:00,93.16000366210938,93.1697006225586,93.16000366210938,93.16500091552734,11943
2026-07-22 16:25:00+00:00,93.16500091552734,93.16500091552734,93.13999938964844,93.15499877929688,28435
2026-07-22 16:30:00+00:00,93.15499877929688,93.1677017211914,93.15440368652344,93.16500091552734,11275
2026-07-22 16:35:00+00:00,93.16500091552734,93.17459869384766,93.16000366210938,93.17160034179688,8643
2026-07-22 16:40:00+00:00,93.17240142822266,93.19000244140625,93.17009735107422,93.1801986694336,32027
2026-07-22 16:45:00+00:00,93.18000030517578,93.18560028076172,93.16999816894531,93.18560028076172,16466
2026-07-22 16:50:00+00:00,93.1978988647461,93.19999694824219,93.19000244140625,93.19239807128906,7718
2026-07-22 16:55:00+00:00,93.19499969482422,93.19499969482422,93.18009948730469,93.18499755859375,25119
2026-07-22 17:00:00+00:00,93.18499755859375,93.20989990234375,93.18000030517578,93.18499755859375,79652
2026-07-22 17:05:00+00:00,93.18000030517578,93.18000030517578,93.15080261230469,93.15499877929688,6281
2026-07-22 17:10:00+00:00,93.15499877929688,93.16999816894531,93.1500015258789,93.16000366210938,10093
2026-07-22 17:15:00+00:00,93.15840148925781,93.16629791259766,93.1500015258789,93.15499877929688,18173
2026-07-22 17:20:00+00:00,93.1500015258789,93.15499877929688,93.13999938964844,93.1449966430664,37132
2026-07-22 17:25:00+00:00,93.1449966430664,93.16500091552734,93.1449966430664,93.15989685058594,16577
2026-07-22 17:30:00+00:00,93.15029907226562,93.16000366210938,93.1500015258789,93.15499877929688,6754
2026-07-22 17:35:00+00:00,93.15010070800781,93.15010070800781,93.13009643554688,93.13500213623047,33047
2026-07-22 17:40:00+00:00,93.13500213623047,93.15499877929688,93.12999725341797,93.15499877929688,20555
2026-07-22 17:45:00+00:00,93.15029907226562,93.16000366210938,93.1500015258789,93.15499877929688,99114
2026-07-22 17:50:00+00:00,93.15499877929688,93.16000366210938,93.1500015258789,93.15499877929688,15985
2026-07-22 17:55:00+00:00,93.1500015258789,93.1500015258789,93.13999938964844,93.1449966430664,23051
2026-07-22 18:00:00+00:00,93.13999938964844,93.1500015258789,93.12999725341797,93.13999938964844,31488
2026-07-22 18:05:00+00:00,93.1449966430664,93.14990234375,93.1343994140625,93.13999938964844,12659
2026-07-22 18:10:00+00:00,93.13500213623047,93.1449966430664,93.13500213623047,93.1449966430664,6254
2026-07-22 18:15:00+00:00,93.1449966430664,93.1500015258789,93.13999938964844,93.1404037475586,28486
2026-07-22 18:20:00+00:00,93.1449966430664,93.1500015258789,93.13999938964844,93.14990234375,8732
2026-07-22 18:25:00+00:00,93.1449966430664,93.15499877929688,93.1449966430664,93.1520004272461,10171
2026-07-22 18:30:00+00:00,93.15499877929688,93.15989685058594,93.13999938964844,93.15989685058594,21257
2026-07-22 18:35:00+00:00,93.15190124511719,93.16000366210938,93.15190124511719,93.15989685058594,36687
2026-07-22 18:40:00+00:00,93.1520004272461,93.15769958496094,93.1500015258789,93.1500015258789,20510
2026-07-22 18:45:00+00:00,93.1500015258789,93.15989685058594,93.1500015258789,93.15499877929688,21862
2026-07-22 18:50:00+00:00,93.15499877929688,93.16000366210938,93.1500015258789,93.16000366210938,28844
2026-07-22 18:55:00+00:00,93.15499877929688,93.15499877929688,93.13999938964844,93.13999938964844,88480
2026-07-22 19:00:00+00:00,93.13009643554688,93.13809967041016,93.125,93.13369750976562,36693
2026-07-22 19:05:00+00:00,93.12999725341797,93.13970184326172,93.12000274658203,93.125,18214
2026-07-22 19:10:00+00:00,93.125,93.12999725341797,93.1050033569336,93.1050033569336,34832
2026-07-22 19:15:00+00:00,93.0999984741211,93.10009765625,93.08999633789062,93.09500122070312,46533
2026-07-22 19:20:00+00:00,93.09010314941406,93.0999984741211,93.08499908447266,93.08499908447266,47446
2026-07-22 19:25:00+00:00,93.08499908447266,93.1050033569336,93.08000183105469,93.09500122070312,77891
2026-07-22 19:30:00+00:00,93.08999633789062,93.0999984741211,93.08000183105469,93.08999633789062,40767
2026-07-22 19:35:00+00:00,93.08999633789062,93.0999984741211,93.08999633789062,93.09500122070312,25071
2026-07-22 19:40:00+00:00,93.09500122070312,93.0999984741211,93.08000183105469,93.08499908447266,108292
2026-07-22 19:45:00+00:00,93.08499908447266,93.0999984741211,93.08499908447266,93.0999984741211,65384
2026-07-22 19:50:00+00:00,93.0999984741211,93.10749816894531,93.08999633789062,93.09500122070312,132065
2026-07-22 19:55:00+00:00,93.09500122070312,93.11000061035156,93.08999633789062,93.09500122070312,251911
2026-07-23 13:30:00+00:00,92.80999755859375,92.84500122070312,92.80000305175781,92.84500122070312,165877
2026-07-23 13:35:00+00:00,92.84500122070312,92.84809875488281,92.81999969482422,92.82499694824219,43550
2026-07-23 13:40:00+00:00,92.82949829101562,92.83000183105469,92.80999755859375,92.80999755859375,54096
2026-07-23 13:45:00+00:00,92.80999755859375,92.82980346679688,92.80999755859375,92.8240966796875,34656
2026-07-23 13:50:00+00:00,92.82499694824219,92.84989929199219,92.80999755859375,92.82499694824219,168983
2026-07-23 13:55:00+00:00,92.82890319824219,92.84750366210938,92.80000305175781,92.80500030517578,60968
2026-07-23 14:00:00+00:00,92.80500030517578,92.81999969482422,92.78500366210938,92.79000091552734,58319
2026-07-23 14:05:00+00:00,92.79000091552734,92.80999755859375,92.76190185546875,92.7750015258789,47421
2026-07-23 14:10:00+00:00,92.77999877929688,92.81999969482422,92.77999877929688,92.81500244140625,146297
2026-07-23 14:15:00+00:00,92.81500244140625,92.83999633789062,92.80180358886719,92.81749725341797,130906
2026-07-23 14:20:00+00:00,92.80999755859375,92.81999969482422,92.80010223388672,92.81500244140625,33884
2026-07-23 14:25:00+00:00,92.80999755859375,92.82749938964844,92.80979919433594,92.80999755859375,55478
2026-07-23 14:30:00+00:00,92.80500030517578,92.81999969482422,92.79010009765625,92.80500030517578,461345
2026-07-23 14:35:00+00:00,92.80829620361328,92.83000183105469,92.79000091552734,92.82990264892578,44613
2026-07-23 14:40:00+00:00,92.8218994140625,92.83999633789062,92.80999755859375,92.81749725341797,30190
2026-07-23 14:45:00+00:00,92.81999969482422,92.81999969482422,92.78500366210938,92.79000091552734,19464
2026-07-23 14:50:00+00:00,92.79000091552734,92.79000091552734,92.76499938964844,92.79000091552734,66094
2026-07-23 14:55:00+00:00,92.78500366210938,92.79499816894531,92.7750015258789,92.79000091552734,24861
2026-07-23 15:00:00+00:00,92.79979705810547,92.80500030517578,92.78170013427734,92.80030059814453,22728
2026-07-23 15:05:00+00:00,92.80400085449219,92.81500244140625,92.79000091552734,92.79180145263672,183813
2026-07-23 15:10:00+00:00,92.80000305175781,92.80999755859375,92.80000305175781,92.80999755859375,47826
2026-07-23 15:15:00+00:00,92.80500030517578,92.80999755859375,92.80500030517578,92.80989837646484,24144
2026-07-23 15:20:00+00:00,92.80470275878906,92.83000183105469,92.77999877929688,92.79499816894531,256520
2026-07-23 15:25:00+00:00,92.79499816894531,92.82990264892578,92.79000091552734,92.81999969482422,71914
2026-07-23 15:30:00+00:00,92.80999755859375,92.80999755859375,92.78500366210938,92.79419708251953,63538
2026-07-23 15:35:00+00:00,92.80000305175781,92.83000183105469,92.80000305175781,92.82499694824219,23778
2026-07-23 15:40:00+00:00,92.81999969482422,92.8572006225586,92.81999969482422,92.84329986572266,114071
2026-07-23 15:45:00+00:00,92.8499984741211,92.85870361328125,92.83999633789062,92.84500122070312,26878
2026-07-23 15:50:00+00:00,92.84500122070312,92.8499984741211,92.83499908447266,92.8499984741211,27873
2026-07-23 15:55:00+00:00,92.85980224609375,92.86650085449219,92.8499984741211,92.86499786376953,42591
2026-07-23 16:00:00+00:00,92.87000274658203,92.8759994506836,92.86170196533203,92.86499786376953,20197
2026-07-23 16:05:00+00:00,92.8499984741211,92.8550033569336,92.84010314941406,92.8550033569336,69860
2026-07-23 16:10:00+00:00,92.8499984741211,92.87000274658203,92.8499984741211,92.87000274658203,67159
2026-07-23 16:15:00+00:00,92.86499786376953,92.87000274658203,92.83499908447266,92.83499908447266,109669
2026-07-23 16:20:00+00:00,92.83499908447266,92.87000274658203,92.83499908447266,92.86499786376953,29019
2026-07-23 16:25:00+00:00,92.86499786376953,92.87999725341797,92.86499786376953,92.87999725341797,65474
2026-07-23 16:30:00+00:00,92.88500213623047,92.9000015258789,92.88009643554688,92.88500213623047,30273
2026-07-23 16:35:00+00:00,92.88500213623047,92.89640045166016,92.87999725341797,92.88999938964844,79690
2026-07-23 16:40:00+00:00,92.88639831542969,92.9000015258789,92.88500213623047,92.9000015258789,11247
2026-07-23 16:45:00+00:00,92.8949966430664,92.9000015258789,92.87999725341797,92.88500213623047,17717
2026-07-23 16:50:00+00:00,92.88590240478516,92.88999938964844,92.87999725341797,92.88500213623047,29425
2026-07-23 16:55:00+00:00,92.88009643554688,92.8949966430664,92.875,92.8949966430664,19096
2026-07-23 17:00:00+00:00,92.8949966430664,92.9000015258789,92.84500122070312,92.8550033569336,52300
2026-07-23 17:05:00+00:00,92.8550033569336,92.85990142822266,92.84500122070312,92.8499984741211,30670
2026-07-23 17:10:00+00:00,92.8550033569336,92.85820007324219,92.8499984741211,92.8550033569336,4111
2026-07-23 17:15:00+00:00,92.8499984741211,92.86000061035156,92.8499984741211,92.86000061035156,37663
2026-07-23 17:20:00+00:00,92.86000061035156,92.87000274658203,92.85970306396484,92.87000274658203,12952
2026-07-23 17:25:00+00:00,92.87000274658203,92.87000274658203,92.86000061035156,92.87000274658203,18651
2026-07-23 17:30:00+00:00,92.86499786376953,92.87000274658203,92.83499908447266,92.83499908447266,25163
2026-07-23 17:35:00+00:00,92.83999633789062,92.8499984741211,92.83000183105469,92.8499984741211,22246
2026-07-23 17:40:00+00:00,92.8550033569336,92.8550033569336,92.84359741210938,92.84359741210938,12904
2026-07-23 17:45:00+00:00,92.84010314941406,92.84660339355469,92.83499908447266,92.84500122070312,22764
2026-07-23 17:50:00+00:00,92.84500122070312,92.8499984741211,92.8323974609375,92.83499908447266,18102
2026-07-23 17:55:00+00:00,92.83190155029297,92.83499908447266,92.80999755859375,92.81169891357422,28738
2026-07-23 18:00:00+00:00,92.81500244140625,92.82839965820312,92.81500244140625,92.81999969482422,11633
2026-07-23 18:05:00+00:00,92.81999969482422,92.83000183105469,92.81999969482422,92.82499694824219,13940
2026-07-23 18:10:00+00:00,92.82599639892578,92.83820343017578,92.81999969482422,92.83499908447266,29095
2026-07-23 18:15:00+00:00,92.83499908447266,92.86000061035156,92.8323974609375,92.86000061035156,25346
2026-07-23 18:20:00+00:00,92.8550033569336,92.86000061035156,92.84010314941406,92.84500122070312,20198
2026-07-23 18:25:00+00:00,92.84500122070312,92.86499786376953,92.84500122070312,92.86499786376953,26194
2026-07-23 18:30:00+00:00,92.86499786376953,92.8865966796875,92.8550033569336,92.8550033569336,41469
2026-07-23 18:35:00+00:00,92.85800170898438,92.86000061035156,92.8501968383789,92.8550033569336,14141
2026-07-23 18:40:00+00:00,92.8550033569336,92.8550033569336,92.8301010131836,92.83499908447266,18009
2026-07-23 18:45:00+00:00,92.83999633789062,92.83999633789062,92.83499908447266,92.83499908447266,18181
2026-07-23 18:50:00+00:00,92.83499908447266,92.83499908447266,92.81999969482422,92.82499694824219,35861
2026-07-23 18:55:00+00:00,92.82499694824219,92.83999633789062,92.81999969482422,92.83499908447266,66596
2026-07-23 19:00:00+00:00,92.83999633789062,92.8550033569336,92.83999633789062,92.845703125,105279
2026-07-23 19:05:00+00:00,92.84500122070312,92.84989929199219,92.83499908447266,92.83560180664062,19085
2026-07-23 19:10:00+00:00,92.83499908447266,92.8499984741211,92.83499908447266,92.84500122070312,26938
2026-07-23 19:15:00+00:00,92.84500122070312,92.84839630126953,92.83499908447266,92.83499908447266,35394
2026-07-23 19:20:00+00:00,92.83789825439453,92.83789825439453,92.81999969482422,92.83000183105469,34956
2026-07-23 19:25:00+00:00,92.82499694824219,92.84989929199219,92.82499694824219,92.84500122070312,34186
2026-07-23 19:30:00+00:00,92.84950256347656,92.87999725341797,92.84950256347656,92.86000061035156,56814
2026-07-23 19:35:00+00:00,92.8499984741211,92.86000061035156,92.8499984741211,92.8499984741211,44356
2026-07-23 19:40:00+00:00,92.8550033569336,92.86000061035156,92.8499984741211,92.8550033569336,36303
2026-07-23 19:45:00+00:00,92.8550033569336,92.8550033569336,92.83999633789062,92.84500122070312,41829
2026-07-23 19:50:00+00:00,92.83999633789062,92.8499984741211,92.83999633789062,92.8499984741211,99330
2026-07-23 19:55:00+00:00,92.84500122070312,92.87000274658203,92.84500122070312,92.8550033569336,452236
2026-07-24 13:30:00+00:00,92.97000122070312,92.98500061035156,92.97000122070312,92.98500061035156,85210
2026-07-24 13:35:00+00:00,92.98500061035156,92.99500274658203,92.97000122070312,92.98500061035156,32617
2026-07-24 13:40:00+00:00,92.98999786376953,92.99500274658203,92.9800033569336,92.9800033569336,8295
2026-07-24 13:45:00+00:00,92.98500061035156,93.03500366210938,92.94000244140625,93.02189636230469,399529
2026-07-24 13:50:00+00:00,93.0250015258789,93.02999877929688,93.0,93.02999877929688,15357
2026-07-24 13:55:00+00:00,93.04000091552734,93.08999633789062,93.04000091552734,93.08999633789062,35797
2026-07-24 14:00:00+00:00,93.08999633789062,93.11000061035156,93.08999633789062,93.1050033569336,42016
2026-07-24 14:05:00+00:00,93.0999984741211,93.10679626464844,93.0801010131836,93.08499908447266,27060
2026-07-24 14:10:00+00:00,93.08499908447266,93.09649658203125,93.08000183105469,93.08999633789062,90536
2026-07-24 14:15:00+00:00,93.0999984741211,93.11000061035156,93.09500122070312,93.10900115966797,37470
2026-07-24 14:20:00+00:00,93.1050033569336,93.10990142822266,93.09500122070312,93.1050033569336,57415
2026-07-24 14:25:00+00:00,93.1050033569336,93.12200164794922,93.10009765625,93.11499786376953,25646
2026-07-24 14:30:00+00:00,93.11000061035156,93.11000061035156,93.10009765625,93.10980224609375,17437
2026-07-24 14:35:00+00:00,93.11000061035156,93.12000274658203,93.09500122070312,93.09500122070312,30546
2026-07-24 14:40:00+00:00,93.09750366210938,93.11849975585938,93.08999633789062,93.09500122070312,36400
2026-07-24 14:45:00+00:00,93.09500122070312,93.11000061035156,93.09010314941406,93.11000061035156,26313
2026-07-24 14:50:00+00:00,93.1050033569336,93.1050033569336,93.07499694824219,93.08000183105469,134558
2026-07-24 14:55:00+00:00,93.08000183105469,93.0875015258789,93.05180358886719,93.05999755859375,17941
2026-07-24 15:00:00+00:00,93.05999755859375,93.07749938964844,93.05500030517578,93.06999969482422,26583
2026-07-24 15:05:00+00:00,93.06999969482422,93.08999633789062,93.06999969482422,93.08000183105469,66006
2026-07-24 15:10:00+00:00,93.08499908447266,93.16999816894531,93.08000183105469,93.16999816894531,123499
2026-07-24 15:15:00+00:00,93.16000366210938,93.20999908447266,93.15499877929688,93.16000366210938,265358
2026-07-24 15:20:00+00:00,93.16000366210938,93.19750213623047,93.16000366210938,93.18000030517578,16103
2026-07-24 15:25:00+00:00,93.18000030517578,93.19999694824219,93.17500305175781,93.19000244140625,34176
2026-07-24 15:30:00+00:00,93.19000244140625,93.19999694824219,93.19000244140625,93.19499969482422,11755
2026-07-24 15:35:00+00:00,93.19499969482422,93.20999908447266,93.18499755859375,93.20999908447266,47348
2026-07-24 15:40:00+00:00,93.20999908447266,93.21749877929688,93.17500305175781,93.18499755859375,40629
2026-07-24 15:45:00+00:00,93.18499755859375,93.19000244140625,93.17009735107422,93.17500305175781,30608
2026-07-24 15:50:00+00:00,93.18000030517578,93.18499755859375,93.17009735107422,93.18499755859375,27640
2026-07-24 15:55:00+00:00,93.1875,93.1875,93.16500091552734,93.17500305175781,26235
2026-07-24 16:00:00+00:00,93.17500305175781,93.18000030517578,93.16290283203125,93.18000030517578,33230
2026-07-24 16:05:00+00:00,93.18000030517578,93.19000244140625,93.17009735107422,93.18000030517578,41271
2026-07-24 16:10:00+00:00,93.18000030517578,93.19000244140625,93.18000030517578,93.1875,35758
2026-07-24 16:15:00+00:00,93.19000244140625,93.19999694824219,93.18499755859375,93.18499755859375,18656
2026-07-24 16:20:00+00:00,93.18499755859375,93.1875,93.16999816894531,93.17500305175781,13449
2026-07-24 16:25:00+00:00,93.17500305175781,93.19000244140625,93.16000366210938,93.18000030517578,26127
2026-07-24 16:30:00+00:00,93.18000030517578,93.18000030517578,93.15499877929688,93.16000366210938,67495
2026-07-24 16:35:00+00:00,93.16000366210938,93.16000366210938,93.12999725341797,93.13500213623047,26019
2026-07-24 16:40:00+00:00,93.13500213623047,93.13999938964844,93.12999725341797,93.13500213623047,47719
2026-07-24 16:45:00+00:00,93.13500213623047,93.1449966430664,93.125,93.13500213623047,24929
2026-07-24 16:50:00+00:00,93.13030242919922,93.13749694824219,93.12000274658203,93.12999725341797,29314
2026-07-24 16:55:00+00:00,93.12999725341797,93.13999938964844,93.12000274658203,93.12000274658203,15230
2026-07-24 17:00:00+00:00,93.125,93.12999725341797,93.11499786376953,93.125,13288
2026-07-24 17:05:00+00:00,93.125,93.12750244140625,93.0999984741211,93.1050033569336,60315
2026-07-24 17:10:00+00:00,93.10749816894531,93.11000061035156,93.0999984741211,93.1050033569336,71712
2026-07-24 17:15:00+00:00,93.1050033569336,93.10749816894531,93.06999969482422,93.08000183105469,37734
2026-07-24 17:20:00+00:00,93.06999969482422,93.08000183105469,93.05999755859375,93.0697021484375,20411
2026-07-24 17:25:00+00:00,93.06999969482422,93.08000183105469,93.05999755859375,93.06500244140625,26275
2026-07-24 17:30:00+00:00,93.06500244140625,93.06999969482422,93.03500366210938,93.03500366210938,34988
2026-07-24 17:35:00+00:00,93.03500366210938,93.04000091552734,93.02999877929688,93.03500366210938,15229
2026-07-24 17:40:00+00:00,93.04000091552734,93.04000091552734,93.02999877929688,93.0374984741211,23350
2026-07-24 17:45:00+00:00,93.0374984741211,93.05000305175781,93.02999877929688,93.05000305175781,71859
2026-07-24 17:50:00+00:00,93.05000305175781,93.05000305175781,93.0199966430664,93.02749633789062,46732
2026-07-24 17:55:00+00:00,93.0250015258789,93.05000305175781,93.0250015258789,93.04499816894531,35584
2026-07-24 18:00:00+00:00,93.05000305175781,93.05000305175781,93.03160095214844,93.05000305175781,22992
2026-07-24 18:05:00+00:00,93.05010223388672,93.05999755859375,93.04190063476562,93.05000305175781,29460
2026-07-24 18:10:00+00:00,93.04820251464844,93.05999755859375,93.0416030883789,93.04499816894531,31711
2026-07-24 18:15:00+00:00,93.05000305175781,93.05999755859375,93.04190063476562,93.05750274658203,31010
2026-07-24 18:20:00+00:00,93.05500030517578,93.05999755859375,93.04499816894531,93.05500030517578,150151
2026-07-24 18:25:00+00:00,93.05509948730469,93.05999755859375,93.04000091552734,93.04499816894531,19207
2026-07-24 18:30:00+00:00,93.04750061035156,93.05000305175781,93.0199966430664,93.0199966430664,31268
2026-07-24 18:35:00+00:00,93.0250015258789,93.02999877929688,93.0199966430664,93.0250015258789,30854
2026-07-24 18:40:00+00:00,93.0250015258789,93.02999877929688,93.0199966430664,93.0250015258789,26428
2026-07-24 18:45:00+00:00,93.0250015258789,93.02999877929688,93.01000213623047,93.0199966430664,42113
2026-07-24 18:50:00+00:00,93.0199966430664,93.04000091552734,93.0199966430664,93.0250015258789,333541
2026-07-24 18:55:00+00:00,93.0250015258789,93.04000091552734,93.0199966430664,93.04000091552734,90026
2026-07-24 19:00:00+00:00,93.04000091552734,93.05999755859375,93.04000091552734,93.05999755859375,49902
2026-07-24 19:05:00+00:00,93.05500030517578,93.05999755859375,93.05000305175781,93.05999755859375,26418
2026-07-24 19:10:00+00:00,93.05500030517578,93.05999755859375,93.05000305175781,93.05999755859375,39032
2026-07-24 19:15:00+00:00,93.05999755859375,93.05999755859375,93.05000305175781,93.05500030517578,33279
2026-07-24 19:20:00+00:00,93.05500030517578,93.05999755859375,93.05000305175781,93.05500030517578,40322
2026-07-24 19:25:00+00:00,93.05500030517578,93.05999755859375,93.04000091552734,93.04499816894531,54681
2026-07-24 19:30:00+00:00,93.04660034179688,93.05000305175781,93.0199966430664,93.03500366210938,96782
2026-07-24 19:35:00+00:00,93.03500366210938,93.05999755859375,93.03500366210938,93.05999755859375,47639
2026-07-24 19:40:00+00:00,93.05500030517578,93.05999755859375,93.05000305175781,93.05500030517578,342368
2026-07-24 19:45:00+00:00,93.05500030517578,93.05999755859375,93.04000091552734,93.04750061035156,126168
2026-07-24 19:50:00+00:00,93.05000305175781,93.05750274658203,93.04190063476562,93.05000305175781,100740
2026-07-24 19:55:00+00:00,93.05000305175781,93.05000305175781,93.0199966430664,93.0250015258789,386826
