Date,CAT
2004-01-02,23.93785858154297
2004-01-05,24.58952522277832
2004-01-06,24.155073165893555
2004-01-07,23.89150619506836
2004-01-08,23.70615005493164
2004-01-09,23.30067253112793
2004-01-12,23.87993049621582
2004-01-13,23.894418716430664
2004-01-14,24.241954803466797
2004-01-15,24.256515502929688
2004-01-16,24.477602005004883
2004-01-20,23.8986873626709
2004-01-21,24.2623233795166
2004-01-22,24.4368839263916
2004-01-23,24.486345291137695
2004-01-26,24.730697631835938
2004-01-27,23.855060577392578
2004-01-28,23.16267204284668
2004-01-29,22.476110458374023
2004-01-30,22.729198455810547
2004-02-02,22.543004989624023
2004-02-03,22.4121150970459
2004-02-04,22.080474853515625
2004-02-05,22.202655792236328
2004-02-06,22.83684539794922
2004-02-09,22.595382690429688
2004-02-10,22.27246856689453
2004-02-11,22.970672607421875
2004-02-12,22.89211654663086
2004-02-13,22.522655487060547
2004-02-17,23.13357925415039
2004-02-18,22.95611572265625
2004-02-19,22.8455753326416
2004-02-20,22.348106384277344
2004-02-23,22.4644775390625
2004-02-24,22.313194274902344
2004-02-25,22.452838897705078
2004-02-26,22.67684555053711
2004-02-27,22.036828994750977
2004-03-01,22.353933334350586
2004-03-02,22.572111129760742
2004-03-03,22.49356460571289
2004-03-04,22.37139129638672
2004-03-05,22.217193603515625
2004-03-08,22.36847496032715
2004-03-09,22.225921630859375
2004-03-10,21.385177612304688
2004-03-11,21.280454635620117
2004-03-12,21.798276901245117
2004-03-15,21.521909713745117
2004-03-16,21.92046356201172
2004-03-17,22.4644775390625
2004-03-18,22.458648681640625
2004-03-19,22.196840286254883
2004-03-22,21.96410369873047
2004-03-23,22.065921783447266
2004-03-24,22.205562591552734
2004-03-25,22.44411277770996
2004-03-26,22.528478622436523
2004-03-29,23.12194061279297
2004-03-30,23.273218154907227
2004-03-31,23.00267219543457
2004-04-01,22.982295989990234
2004-04-02,23.622318267822266
2004-04-05,23.974323272705078
2004-04-06,24.119773864746094
2004-04-07,23.884145736694336
2004-04-08,23.849225997924805
2004-04-12,24.36414909362793
2004-04-13,23.860858917236328
2004-04-14,23.572856903076172
2004-04-15,23.505952835083008
2004-04-16,23.846330642700195
2004-04-19,23.564130783081055
2004-04-20,23.26740837097168
2004-04-21,23.587406158447266
2004-04-22,24.578126907348633
2004-04-23,23.952713012695312
2004-04-26,23.642942428588867
2004-04-27,23.905960083007812
2004-04-28,23.292234420776367
2004-04-29,22.67266845703125
2004-04-30,22.71649932861328
2004-05-03,23.195796966552734
2004-05-04,23.090576171875
2004-05-05,23.02920913696289
2004-05-06,22.751571655273438
2004-05-07,22.53822135925293
2004-05-10,21.29909324645996
2004-05-11,21.363401412963867
2004-05-12,21.87774658203125
2004-05-13,21.81930160522461
2004-05-14,22.12032699584961
2004-05-17,21.491987228393555
2004-05-18,21.55335235595703
2004-05-19,21.56795883178711
2004-05-20,21.117908477783203
2004-05-21,21.342945098876953
2004-05-24,21.62641716003418
2004-05-25,21.81637954711914
2004-05-26,21.874834060668945
2004-05-27,21.968341827392578
2004-05-28,22.02095603942871
2004-06-01,22.199222564697266
2004-06-02,22.333656311035156
2004-06-03,21.962505340576172
2004-06-04,22.064790725708008
2004-06-07,22.707731246948242
2004-06-08,22.53822135925293
2004-06-09,22.035566329956055
2004-06-10,22.09402084350586
2004-06-14,21.84852409362793
2004-06-15,22.032638549804688
2004-06-16,21.629343032836914
2004-06-17,21.83683967590332
2004-06-18,21.74915885925293
2004-06-21,21.912826538085938
2004-06-22,22.4008846282959
2004-06-23,22.763261795043945
2004-06-24,23.116897583007812
2004-06-25,22.839258193969727
2004-06-28,22.64344024658203
2004-06-29,23.035051345825195
2004-06-30,23.21625518798828
2004-07-01,22.848012924194336
2004-07-02,22.421327590942383
2004-07-06,22.42426109313965
2004-07-07,22.64928436279297
2004-07-08,22.36580467224121
2004-07-09,22.52653694152832
2004-07-12,22.86263084411621
2004-07-13,23.166566848754883
2004-07-14,23.023359298706055
2004-07-15,23.204557418823242
2004-07-16,22.857913970947266
2004-07-19,22.969552993774414
2004-07-20,22.93429183959961
2004-07-21,22.60527229309082
2004-07-22,21.600603103637695
2004-07-23,21.50952911376953
2004-07-26,21.327396392822266
2004-07-27,21.201074600219727
2004-07-28,21.57122230529785
2004-07-29,21.718109130859375
2004-07-30,21.58884620666504
2004-08-02,21.47429084777832
2004-08-03,21.057132720947266
2004-08-04,21.063013076782227
2004-08-05,20.451976776123047
2004-08-06,20.63705062866211
2004-08-09,20.58416175842285
2004-08-10,20.93375015258789
2004-08-11,21.168758392333984
2004-08-12,21.080623626708984
2004-08-13,21.077693939208984
2004-08-16,21.40671730041504
2004-08-17,21.292144775390625
2004-08-18,21.298019409179688
2004-08-19,20.942567825317383
2004-08-20,21.22164535522461
2004-08-23,21.165822982788086
2004-08-24,21.488971710205078
2004-08-25,21.700475692749023
2004-08-26,21.65348243713379
2004-08-27,21.65053939819336
2004-08-30,21.224580764770508
2004-08-31,21.356779098510742
2004-09-01,21.33327293395996
2004-09-02,21.49778938293457
2004-09-03,21.609411239624023
2004-09-07,22.16168975830078
2004-09-08,22.0911808013916
2004-09-09,21.994237899780273
2004-09-10,22.061813354492188
2004-09-13,22.314451217651367
2004-09-14,22.243938446044922
2004-09-15,21.929615020751953
2004-09-16,21.985431671142578
2004-09-17,22.3614559173584
2004-09-20,22.29094886779785
2004-09-21,22.42314338684082
2004-09-22,22.138195037841797
2004-09-23,21.88555145263672
2004-09-24,21.961936950683594
2004-09-27,21.862043380737305
2004-09-28,22.590593338012695
2004-09-29,23.648149490356445
2004-09-30,23.633459091186523
2004-10-01,23.677518844604492
2004-10-04,23.86846923828125
2004-10-05,23.609968185424805
2004-10-06,23.795034408569336
2004-10-07,23.501258850097656
2004-10-08,23.354387283325195
2004-10-11,23.327945709228516
2004-10-12,23.424880981445312
2004-10-13,23.23394203186035
2004-10-14,23.354387283325195
2004-10-15,23.821453094482422
2004-10-18,23.833227157592773
2004-10-19,23.756834030151367
2004-10-20,23.733335494995117
2004-10-21,22.74421501159668
2004-10-22,22.835737228393555
2004-10-25,23.130992889404297
2004-10-26,23.446935653686523
2004-10-27,23.857345581054688
2004-10-28,23.482372283935547
2004-10-29,23.780582427978516
2004-11-01,24.164419174194336
2004-11-02,24.208717346191406
2004-11-03,24.87601089477539
2004-11-04,25.357282638549805
2004-11-05,25.73818016052246
2004-11-08,25.690929412841797
2004-11-09,26.074792861938477
2004-11-10,26.201738357543945
2004-11-11,26.52948570251465
2004-11-12,26.56492805480957
2004-11-15,26.482242584228516
2004-11-16,26.538345336914062
2004-11-17,26.83361053466797
2004-11-18,26.998964309692383
2004-11-19,26.626920700073242
2004-11-22,26.60330581665039
2004-11-23,26.836580276489258
2004-11-24,27.182037353515625
2004-11-26,27.4005126953125
2004-11-29,26.916284561157227
2004-11-30,27.03143882751465
2004-12-01,27.356231689453125
2004-12-02,27.0845890045166
2004-12-03,26.845430374145508
2004-12-06,26.742076873779297
2004-12-07,26.815889358520508
2004-12-08,26.75978660583496
2004-12-09,27.0078067779541
2004-12-10,27.052108764648438
2004-12-13,27.748933792114258
2004-12-14,27.666257858276367
2004-12-15,28.014671325683594
2004-12-16,27.988088607788086
2004-12-17,27.825700759887695
2004-12-20,27.858182907104492
2004-12-21,28.422130584716797
2004-12-22,28.68490982055664
2004-12-23,28.732162475585938
2004-12-27,28.3748836517334
2004-12-28,29.074665069580078
2004-12-29,29.074665069580078
2004-12-30,28.800067901611328
2004-12-31,28.79121971130371
2005-01-03,28.070775985717773
2005-01-04,27.760725021362305
2005-01-05,27.229276657104492
2005-01-06,27.63082504272461
2005-01-07,27.57176971435547
2005-01-10,27.317848205566406
2005-01-11,26.939903259277344
2005-01-12,27.273555755615234
2005-01-13,27.418224334716797
2005-01-14,27.66330909729004
2005-01-18,27.440881729125977
2005-01-19,27.138385772705078
2005-01-20,26.714305877685547
2005-01-21,26.462230682373047
2005-01-24,26.13304901123047
2005-01-25,26.838857650756836
2005-01-26,27.022735595703125
2005-01-27,25.658546447753906
2005-01-28,25.937334060668945
2005-01-31,26.42366600036621
2005-02-01,26.72616195678711
2005-02-02,26.990110397338867
2005-02-03,27.22439956665039
2005-02-04,27.254060745239258
2005-02-07,27.093896865844727
2005-02-08,27.129484176635742
2005-02-09,26.880382537841797
2005-02-10,27.3015079498291
2005-02-11,27.515016555786133
2005-02-14,27.34896469116211
2005-02-15,27.135419845581055
2005-02-16,27.443836212158203
2005-02-17,27.230327606201172
2005-02-18,26.93968963623047
2005-02-22,26.53043556213379
2005-02-23,26.827001571655273
2005-02-24,27.627714157104492
2005-02-25,28.120006561279297
2005-02-28,28.188217163085938
2005-03-01,28.876245498657227
2005-03-02,28.816926956176758
2005-03-03,28.985979080200195
2005-03-04,29.644336700439453
2005-03-07,29.329984664916992
2005-03-08,29.35964012145996
2005-03-09,28.710180282592773
2005-03-10,29.140174865722656
2005-03-11,29.35964012145996
2005-03-14,28.62713050842285
2005-03-15,28.692378997802734
2005-03-16,28.550025939941406
2005-03-17,28.713134765625
2005-03-18,28.588586807250977
2005-03-21,28.523317337036133
2005-03-22,28.087387084960938
2005-03-23,27.770051956176758
2005-03-24,27.75227928161621
2005-03-28,27.942075729370117
2005-03-29,26.631263732910156
2005-03-30,27.129484176635742
2005-03-31,27.117630004882812
2005-04-01,26.735057830810547
2005-04-04,26.75284767150879
2005-04-05,26.79734230041504
2005-04-06,27.102800369262695
2005-04-07,27.159154891967773
2005-04-08,26.895219802856445
2005-04-11,26.740995407104492
2005-04-12,27.102800369262695
2005-04-13,26.275394439697266
2005-04-14,25.326393127441406
2005-04-15,24.751052856445312
2005-04-18,24.786653518676758
2005-04-19,25.192947387695312
2005-04-20,26.109331130981445
2005-04-21,26.714162826538086
2005-04-22,26.758846282958984
2005-04-25,27.15214729309082
2005-04-26,26.475801467895508
2005-04-27,26.234458923339844
2005-04-28,25.83222198486328
2005-04-29,26.234458923339844
2005-05-02,26.338735580444336
2005-05-03,26.094423294067383
2005-05-04,26.642642974853516
2005-05-05,26.770771026611328
2005-05-06,26.863140106201172
2005-05-09,26.89888572692871
2005-05-10,26.711185455322266
2005-05-11,27.083616256713867
2005-05-12,26.481752395629883
2005-05-13,26.51751708984375
2005-05-16,26.92867660522461
2005-05-17,27.399446487426758
2005-05-18,27.864246368408203
2005-05-19,27.858291625976562
2005-05-20,27.89702606201172
2005-05-23,28.01915740966797
2005-05-24,27.956588745117188
2005-05-25,27.551393508911133
2005-05-26,28.135377883911133
2005-05-27,28.099609375
2005-05-31,28.040027618408203
2005-06-01,28.44524383544922
2005-06-02,28.358844757080078
2005-06-03,27.998327255249023
2005-06-06,28.05195426940918
2005-06-07,28.16516876220703
2005-06-08,28.77596664428711
2005-06-09,29.03518295288086
2005-06-10,28.907066345214844
2005-06-13,29.073936462402344
2005-06-14,29.368877410888672
2005-06-15,29.37186050415039
2005-06-16,29.291423797607422
2005-06-17,29.854543685913086
2005-06-20,30.033315658569336
2005-06-21,30.45043182373047
2005-06-22,29.964784622192383
2005-06-23,29.33909034729004
2005-06-24,28.85939598083496
2005-06-27,28.877260208129883
2005-06-28,29.13945960998535
2005-06-29,28.79384994506836
2005-06-30,28.397567749023438
2005-07-01,28.582307815551758
2005-07-05,28.653810501098633
2005-07-06,28.39459800720215
2005-07-07,29.005386352539062
2005-07-08,29.407609939575195
2005-07-11,29.78601837158203
2005-07-12,29.485076904296875
2005-07-13,29.747289657592773
2005-07-14,30.390853881835938
2005-07-15,30.19420623779297
2005-07-18,30.283592224121094
2005-07-19,31.821001052856445
2005-07-20,31.85094451904297
2005-07-21,31.31212043762207
2005-07-22,31.37797737121582
2005-07-25,31.042694091796875
2005-07-26,31.024738311767578
2005-07-27,31.605493545532227
2005-07-28,32.59932327270508
2005-07-29,32.27602005004883
2005-08-01,32.341888427734375
2005-08-02,32.605308532714844
2005-08-03,32.56339645385742
2005-08-04,32.341888427734375
2005-08-05,32.096412658691406
2005-08-08,32.13832092285156
2005-08-09,32.5334587097168
2005-08-10,32.92861557006836
2005-08-11,33.22795867919922
2005-08-12,32.808868408203125
2005-08-15,33.08426284790039
2005-08-16,32.144317626953125
2005-08-17,32.00661849975586
2005-08-18,31.821008682250977
2005-08-19,32.82083511352539
2005-08-22,32.81486511230469
2005-08-23,32.74302673339844
2005-08-24,31.8569393157959
2005-08-25,31.970687866210938
2005-08-26,32.024559020996094
2005-08-29,32.15028762817383
2005-08-30,32.198184967041016
2005-08-31,33.22197341918945
2005-09-01,34.090091705322266
2005-09-02,34.874393463134766
2005-09-06,35.03005599975586
2005-09-07,35.36532974243164
2005-09-08,34.92229080200195
2005-09-09,35.23959732055664
2005-09-12,35.497039794921875
2005-09-13,35.56289291381836
2005-09-14,34.904327392578125
2005-09-15,34.56904602050781
2005-09-16,34.55707931518555
2005-09-19,34.10806655883789
2005-09-20,34.01225662231445
2005-09-21,34.19187927246094
2005-09-22,34.72472381591797
2005-09-23,35.27552032470703
2005-09-26,34.928279876708984
2005-09-27,35.155784606933594
2005-09-28,34.4553108215332
2005-09-29,34.71874237060547
2005-09-30,35.17375183105469
2005-10-03,35.32940673828125
2005-10-04,34.59300231933594
2005-10-05,33.65903091430664
2005-10-06,33.0423698425293
2005-10-07,33.89849090576172
2005-10-10,33.26987075805664
2005-10-11,33.263885498046875
2005-10-12,32.784908294677734
2005-10-13,32.32991409301758
2005-10-14,32.77296829223633
2005-10-17,32.946556091308594
2005-10-18,32.30596160888672
2005-10-19,33.18605041503906
2005-10-20,32.49441146850586
2005-10-21,29.421201705932617
2005-10-24,30.25716209411621
2005-10-25,30.245126724243164
2005-10-26,30.401527404785156
2005-10-27,30.010601043701172
2005-10-28,30.714237213134766
2005-10-31,31.628387451171875
2005-11-01,31.70657730102539
2005-11-02,32.28995132446289
2005-11-03,32.16365432739258
2005-11-04,32.20573425292969
2005-11-07,32.626739501953125
2005-11-08,32.626739501953125
2005-11-09,32.536521911621094
2005-11-10,32.891353607177734
2005-11-11,32.999610900878906
2005-11-14,33.33639144897461
2005-11-15,33.61906814575195
2005-11-16,34.11824035644531
2005-11-17,34.563297271728516
2005-11-18,34.44902801513672
2005-11-21,34.70761489868164
2005-11-22,35.339107513427734
2005-11-23,34.8880615234375
2005-11-25,34.85198211669922
2005-11-28,34.551265716552734
2005-11-29,34.34077835083008
2005-11-30,34.749732971191406
2005-12-01,35.48345184326172
2005-12-02,35.36918640136719
2005-12-05,35.080509185791016
2005-12-06,35.36316680908203
2005-12-07,34.749732971191406
2005-12-08,34.485107421875
2005-12-09,34.9361686706543
2005-12-12,34.900089263916016
2005-12-13,35.46541213989258
2005-12-14,35.333126068115234
2005-12-15,35.30903244018555
2005-12-16,35.86836242675781
2005-12-19,34.17839050292969
2005-12-20,34.124271392822266
2005-12-21,34.3287467956543
2005-12-22,35.152679443359375
2005-12-23,35.18875503540039
2005-12-27,34.81589126586914
2005-12-28,34.78581619262695
2005-12-29,34.966243743896484
2005-12-30,34.74370193481445
2006-01-03,34.76176834106445
2006-01-04,35.64583206176758
2006-01-05,35.64583206176758
2006-01-06,36.35551071166992
2006-01-09,37.01707077026367
2006-01-10,36.86671829223633
2006-01-11,36.8847541809082
2006-01-12,37.414005279541016
2006-01-13,37.486175537109375
2006-01-17,37.86505889892578
2006-01-18,37.35785675048828
2006-01-19,37.744293212890625
2006-01-20,36.699710845947266
2006-01-23,36.856685638427734
2006-01-24,37.043880462646484
2006-01-25,37.478607177734375
2006-01-26,39.35043716430664
2006-01-27,40.775421142578125
2006-01-30,40.461448669433594
2006-01-31,40.99885940551758
2006-02-01,41.80794906616211
2006-02-02,41.29470443725586
2006-02-03,41.137725830078125
2006-02-06,41.481895446777344
2006-02-07,40.55202102661133
2006-02-08,41.54830551147461
2006-02-09,41.3309211730957
2006-02-10,41.5120849609375
2006-02-13,41.4336051940918
2006-02-14,42.39969253540039
2006-02-15,43.232940673828125
2006-02-16,43.4503173828125
2006-02-17,43.50466537475586
2006-02-21,43.830726623535156
2006-02-22,44.114498138427734
2006-02-23,43.685794830322266
2006-02-24,43.897151947021484
2006-02-27,44.38020706176758
2006-02-28,44.126583099365234
2006-03-01,44.917606353759766
2006-03-02,44.88738250732422
2006-03-03,45.050437927246094
2006-03-06,44.21111297607422
2006-03-07,44.102439880371094
2006-03-08,43.716007232666016
2006-03-09,43.112178802490234
2006-03-10,42.840476989746094
2006-03-13,42.87065887451172
2006-03-14,43.4382438659668
2006-03-15,44.85721969604492
2006-03-16,45.22553634643555
2006-03-17,46.02860641479492
2006-03-20,45.79916000366211
2006-03-21,44.86928939819336
2006-03-22,46.01651382446289
2006-03-23,46.046722412109375
2006-03-24,45.587806701660156
2006-03-27,45.51536560058594
2006-03-28,45.20743179321289
2006-03-29,44.48284912109375
2006-03-30,43.716007232666016
2006-03-31,43.35976028442383
2006-04-03,44.38020706176758
2006-04-04,45.467037200927734
2006-04-05,45.768959045410156
2006-04-06,45.67839050292969
2006-04-07,45.23760986328125
2006-04-10,45.5576286315918
2006-04-11,46.28822708129883
2006-04-12,47.0007209777832
2006-04-13,46.45730972290039
2006-04-17,46.16143798828125
2006-04-18,47.646820068359375
2006-04-19,47.68305969238281
2006-04-20,47.22877502441406
2006-04-21,47.16815185546875
2006-04-24,46.87136459350586
2006-04-25,45.38733673095703
2006-04-26,46.00517272949219
2006-04-27,45.46608352661133
2006-04-28,45.87797546386719
2006-05-01,45.81133270263672
2006-05-02,46.93193817138672
2006-05-03,47.3074951171875
2006-05-04,47.7375602722168
2006-05-05,48.446258544921875
2006-05-08,48.397804260253906
2006-05-09,49.14890670776367
2006-05-10,49.045928955078125
2006-05-11,48.22820281982422
2006-05-12,47.13184356689453
2006-05-15,46.9258918762207
2006-05-16,46.847137451171875
2006-05-17,45.98093795776367
2006-05-18,45.199554443359375
2006-05-19,44.08499526977539
2006-05-22,44.13953399658203
2006-05-23,44.654396057128906
2006-05-24,44.57566833496094
2006-05-25,44.79977035522461
2006-05-26,45.078392028808594
2006-05-30,43.709449768066406
2006-05-31,44.18798065185547
2006-06-01,44.3939208984375
2006-06-02,44.10319519042969
2006-06-05,41.99525451660156
2006-06-06,41.48037338256836
2006-06-07,40.42639923095703
2006-06-08,40.51727294921875
2006-06-09,40.89888381958008
2006-06-12,40.17200469970703
2006-06-13,40.17805862426758
2006-06-14,40.8746337890625
2006-06-15,42.91594314575195
2006-06-16,42.7342414855957
2006-06-19,42.37077713012695
2006-06-20,43.000762939453125
2006-06-21,43.8972282409668
2006-06-22,43.78213882446289
2006-06-23,43.69734191894531
2006-06-26,43.90329360961914
2006-06-27,43.400550842285156
2006-06-28,44.04261016845703
2006-06-29,45.0662956237793
2006-06-30,45.114749908447266
2006-07-03,45.29042434692383
2006-07-05,44.29701614379883
2006-07-06,44.61198425292969
2006-07-07,43.9638786315918
2006-07-10,44.38180160522461
2006-07-11,44.4605598449707
2006-07-12,43.19458770751953
2006-07-13,42.219356536865234
2006-07-14,41.91044235229492
2006-07-17,41.91044235229492
2006-07-18,42.26328659057617
2006-07-19,43.26708984375
2006-07-20,42.02603530883789
2006-07-21,41.58191680908203
2006-07-24,42.902069091796875
2006-07-25,42.98726272583008
2006-07-26,42.66481018066406
2006-07-27,43.02375793457031
2006-07-28,43.32184600830078
2006-07-31,43.11500930786133
2006-08-01,42.409305572509766
2006-08-02,43.04199981689453
2006-08-03,44.24657440185547
2006-08-04,44.47166442871094
2006-08-07,44.52033233642578
2006-08-08,43.559104919433594
2006-08-09,41.685333251953125
2006-08-10,41.56365966796875
2006-08-11,40.778873443603516
2006-08-14,40.127925872802734
2006-08-15,41.01006317138672
2006-08-16,42.044281005859375
2006-08-17,42.196380615234375
2006-08-18,41.55759048461914
2006-08-21,41.52107620239258
2006-08-22,41.67317581176758
2006-08-23,40.88838195800781
2006-08-24,39.84804916381836
2006-08-25,40.146175384521484
2006-08-28,40.19485092163086
2006-08-29,39.81764602661133
2006-08-30,39.58040237426758
2006-08-31,40.36518478393555
2006-09-01,40.92488098144531
2006-09-05,42.39105224609375
2006-09-06,42.05644607543945
2006-09-07,41.22297286987305
2006-09-08,40.955299377441406
2006-09-11,39.85414505004883
2006-09-12,39.63515090942383
2006-09-13,40.3530158996582
2006-09-14,39.85414505004883
2006-09-15,39.80548095703125
2006-09-18,40.754539489746094
2006-09-19,40.492950439453125
2006-09-20,40.079261779785156
2006-09-21,39.264034271240234
2006-09-22,38.18722915649414
2006-09-25,39.136287689208984
2006-09-26,40.091426849365234
2006-09-27,39.95758056640625
2006-09-28,40.51119613647461
2006-09-29,40.03059387207031
2006-10-02,39.76289367675781
2006-10-03,39.610809326171875
2006-10-04,39.872413635253906
2006-10-05,41.51500701904297
2006-10-06,41.3994026184082
2006-10-09,41.916526794433594
2006-10-10,42.01387023925781
2006-10-11,41.56365966796875
2006-10-12,42.12946701049805
2006-10-13,42.02603530883789
2006-10-16,42.543155670166016
2006-10-17,42.524898529052734
2006-10-18,42.02603530883789
2006-10-19,42.17268753051758
2006-10-20,36.05023193359375
2006-10-23,36.91789627075195
2006-10-24,37.22951889038086
2006-10-25,37.82831954956055
2006-10-26,38.0971565246582
2006-10-27,37.43726348876953
2006-10-30,37.125633239746094
2006-10-31,37.09510040283203
2006-11-01,36.966773986816406
2006-11-02,37.0034294128418
2006-11-03,36.92401885986328
2006-11-06,36.56960678100586
2006-11-07,36.61238098144531
2006-11-08,36.722354888916016
2006-11-09,36.17244338989258
2006-11-10,36.4168586730957
2006-11-13,36.36799240112305
2006-11-14,36.881248474121094
2006-11-15,37.5472412109375
2006-11-16,37.49835205078125
2006-11-17,37.23563003540039
2006-11-20,37.21728515625
2006-11-21,37.9993896484375
2006-11-22,38.36602020263672
2006-11-24,38.41490173339844
2006-11-27,37.86498260498047
2006-11-28,37.63889694213867
2006-11-29,37.919986724853516
2006-11-30,37.90165328979492
2006-12-01,37.38837432861328
2006-12-04,37.57168197631836
2006-12-05,37.97496032714844
2006-12-06,38.52488327026367
2006-12-07,38.494319915771484
2006-12-08,38.73875045776367
2006-12-11,38.537105560302734
2006-12-12,38.05439376831055
2006-12-13,37.57168197631836
2006-12-14,37.95663070678711
2006-12-15,37.773311614990234
2006-12-18,37.83441925048828
2006-12-19,37.59000778198242
2006-12-20,37.49835205078125
2006-12-21,37.15618896484375
2006-12-22,37.021759033203125
2006-12-26,37.211177825927734
2006-12-27,37.55948257446289
2006-12-28,37.46170425415039
2006-12-29,37.47392654418945
2007-01-03,37.37006759643555
2007-01-04,37.272300720214844
2007-01-05,36.79568099975586
2007-01-08,36.83845901489258
2007-01-09,37.040103912353516
2007-01-10,36.856788635253906
2007-01-11,36.6612548828125
2007-01-12,36.50239944458008
2007-01-16,36.1968879699707
2007-01-17,36.606266021728516
2007-01-18,36.78436279296875
2007-01-19,36.458885192871094
2007-01-22,35.72197341918945
2007-01-23,36.57557678222656
2007-01-24,36.67997360229492
2007-01-25,36.618560791015625
2007-01-26,37.5151252746582
2007-01-29,37.889739990234375
2007-01-30,38.61437225341797
2007-01-31,39.34513473510742
2007-02-01,39.91011047363281
2007-02-02,40.06978988647461
2007-02-05,39.60305404663086
2007-02-06,39.56006622314453
2007-02-07,40.309295654296875
2007-02-08,40.30314636230469
2007-02-09,39.793434143066406
2007-02-12,39.67061996459961
2007-02-13,39.750450134277344
2007-02-14,40.62860107421875
2007-02-15,41.525177001953125
2007-02-16,41.55588150024414
2007-02-20,41.71554946899414
2007-02-21,41.88749313354492
2007-02-22,41.62343978881836
2007-02-23,41.304115295410156
2007-02-26,41.304115295410156
2007-02-27,39.81184768676758
2007-02-28,39.56621551513672
2007-03-01,39.24074172973633
2007-03-02,38.712623596191406
2007-03-05,38.79245376586914
2007-03-06,39.06877517700195
2007-03-07,39.44339370727539
2007-03-08,39.486392974853516
2007-03-09,39.54779052734375
2007-03-12,39.652198791503906
2007-03-13,38.8968505859375
2007-03-14,39.08108901977539
2007-03-15,38.970542907714844
2007-03-16,38.78630065917969
2007-03-19,39.40655517578125
2007-03-20,39.83028030395508
2007-03-21,40.65930938720703
2007-03-22,40.86196517944336
2007-03-23,41.07075119018555
2007-03-26,41.04619598388672
2007-03-27,41.07075119018555
2007-03-28,40.67771911621094
2007-03-29,40.64702224731445
2007-03-30,41.16286087036133
2007-04-02,40.99091339111328
2007-04-03,41.29183578491211
2007-04-04,41.43921661376953
2007-04-05,41.53131103515625
2007-04-09,41.353233337402344
2007-04-10,41.113739013671875
2007-04-11,40.745277404785156
2007-04-12,40.92336654663086
2007-04-13,41.01548385620117
2007-04-16,41.08302307128906
2007-04-17,41.54975128173828
2007-04-18,42.599853515625
2007-04-19,42.32231140136719
2007-04-20,44.29594802856445
2007-04-23,44.314453125
2007-04-24,44.90655517578125
2007-04-25,45.16559600830078
2007-04-26,45.02372360229492
2007-04-27,45.49247741699219
2007-04-30,44.789344787597656
2007-05-01,45.171749114990234
2007-05-02,45.27043914794922
2007-05-03,45.245758056640625
2007-05-04,45.085391998291016
2007-05-07,44.8201904296875
2007-05-08,45.288963317871094
2007-05-09,46.103057861328125
2007-05-10,45.5233154296875
2007-05-11,46.1832389831543
2007-05-14,47.05904769897461
2007-05-15,46.88020324707031
2007-05-16,46.84318542480469
2007-05-17,46.158565521240234
2007-05-18,46.11541748046875
2007-05-21,46.16473388671875
2007-05-22,46.57180404663086
2007-05-23,46.892539978027344
2007-05-24,46.52245330810547
2007-05-25,46.695152282714844
2007-05-29,46.71983337402344
2007-05-30,48.403594970703125
2007-05-31,48.46527099609375
2007-06-01,48.19388198852539
2007-06-04,48.28642272949219
2007-06-05,48.5084342956543
2007-06-06,48.526947021484375
2007-06-07,47.681983947753906
2007-06-08,48.42827606201172
2007-06-11,48.57011032104492
2007-06-12,48.156883239746094
2007-06-13,49.29790115356445
2007-06-14,49.79130935668945
2007-06-15,50.02568817138672
2007-06-18,50.482086181640625
2007-06-19,50.876827239990234
2007-06-20,50.19221115112305
2007-06-21,50.24772644042969
2007-06-22,49.89616775512695
2007-06-25,49.772789001464844
2007-06-26,49.51993942260742
2007-06-27,49.03886032104492
2007-06-28,48.77981185913086
2007-06-29,48.29256820678711
2007-07-02,49.618629455566406
2007-07-03,48.101375579833984
2007-07-05,47.79299545288086
2007-07-06,48.60712814331055
2007-07-09,49.23623275756836
2007-07-10,50.09352493286133
2007-07-11,50.679439544677734
2007-07-12,51.86365509033203
2007-07-13,52.50509262084961
2007-07-16,52.979984283447266
2007-07-17,53.3315315246582
2007-07-18,53.40589141845703
2007-07-19,53.8703498840332
2007-07-20,51.529239654541016
2007-07-23,50.78605270385742
2007-07-24,50.57547378540039
2007-07-25,49.85702896118164
2007-07-26,48.48828887939453
2007-07-27,47.08235549926758
2007-07-30,47.7140998840332
2007-07-31,48.80415725708008
2007-08-01,49.62785339355469
2007-08-02,49.96229553222656
2007-08-03,48.903202056884766
2007-08-06,50.16666793823242
2007-08-07,49.81990051269531
2007-08-08,50.10476303100586
2007-08-09,48.6059455871582
2007-08-10,48.02996063232422
2007-08-13,48.24674606323242
2007-08-14,47.546871185302734
2007-08-15,46.419673919677734
2007-08-16,45.211971282958984
2007-08-17,44.98899459838867
2007-08-20,45.862281799316406
2007-08-21,46.00472640991211
2007-08-22,46.63644790649414
2007-08-23,46.55594253540039
2007-08-24,47.26816177368164
2007-08-27,47.069976806640625
2007-08-28,45.93041229248047
2007-08-29,46.47541046142578
2007-08-30,46.24006652832031
2007-08-31,46.92752456665039
2007-09-04,47.59642028808594
2007-09-05,46.785099029541016
2007-09-06,46.915164947509766
2007-09-07,45.484466552734375
2007-09-10,45.6702766418457
2007-09-11,45.76315689086914
2007-09-12,45.06949996948242
2007-09-13,45.20577621459961
2007-09-14,45.31108093261719
2007-09-17,45.63930130004883
2007-09-18,47.974220275878906
2007-09-19,48.252933502197266
2007-09-20,47.918495178222656
2007-09-21,48.407752990722656
2007-09-24,48.13525390625
2007-09-25,47.299137115478516
2007-09-26,47.47874450683594
2007-09-27,47.98040008544922
2007-09-28,48.57501220703125
2007-10-01,49.27484130859375
2007-10-02,49.32439041137695
2007-10-03,48.65549087524414
2007-10-04,48.70504379272461
2007-10-05,49.751747131347656
2007-10-08,50.37727355957031
2007-10-09,51.101905822753906
2007-10-10,50.26580810546875
2007-10-11,49.200523376464844
2007-10-12,49.7331657409668
2007-10-15,48.828922271728516
2007-10-16,48.153831481933594
2007-10-17,47.769832611083984
2007-10-18,48.32365417480469
2007-10-19,45.778656005859375
2007-10-22,45.735084533691406
2007-10-23,46.30757141113281
2007-10-24,47.16004943847656
2007-10-25,46.46312713623047
2007-10-26,46.693355560302734
2007-10-29,45.98399353027344
2007-10-30,45.710208892822266
2007-10-31,46.42579650878906
2007-11-01,45.61686325073242
2007-11-02,46.519134521484375
2007-11-05,45.735084533691406
2007-11-06,46.618682861328125
2007-11-07,45.79730987548828
2007-11-08,45.06929016113281
2007-11-09,43.81235885620117
2007-11-12,43.30833053588867
2007-11-13,44.22304153442383
2007-11-14,43.575904846191406
2007-11-15,43.38923645019531
2007-11-16,43.208770751953125
2007-11-19,42.437191009521484
2007-11-20,42.48697280883789
2007-11-21,42.275413513183594
2007-11-23,42.70475387573242
2007-11-26,42.20695495605469
2007-11-27,42.82297134399414
2007-11-28,44.29770278930664
2007-11-29,44.62751007080078
2007-11-30,44.7395133972168
2007-12-03,44.839054107666016
2007-12-04,44.80794143676758
2007-12-05,45.2435188293457
2007-12-06,46.26399230957031
2007-12-07,46.17066192626953
2007-12-10,47.65163803100586
2007-12-11,45.871971130371094
2007-12-12,45.934207916259766
2007-12-13,46.18311309814453
2007-12-14,45.666648864746094
2007-12-17,44.279029846191406
2007-12-18,44.21059036254883
2007-12-19,44.079925537109375
2007-12-20,44.496829986572266
2007-12-21,45.2559814453125
2007-12-24,45.23731231689453
2007-12-26,45.85332489013672
2007-12-27,45.2559814453125
2007-12-28,45.52354049682617
2007-12-31,45.15018081665039
2008-01-02,43.94926071166992
2008-01-03,43.793678283691406
2008-01-04,42.642539978027344
2008-01-07,42.76697540283203
2008-01-08,41.7838249206543
2008-01-09,41.8336067199707
2008-01-10,41.94560623168945
2008-01-11,41.07447814941406
2008-01-14,41.858497619628906
2008-01-15,40.694908142089844
2008-01-16,39.991764068603516
2008-01-17,39.09068298339844
2008-01-18,39.303436279296875
2008-01-22,39.935455322265625
2008-01-23,40.72389602661133
2008-01-24,40.83028030395508
2008-01-25,41.25577163696289
2008-01-28,42.682491302490234
2008-01-29,43.17057800292969
2008-01-30,42.826416015625
2008-01-31,44.422088623046875
2008-02-01,44.90391159057617
2008-02-04,44.397064208984375
2008-02-05,42.250732421875
2008-02-06,42.538570404052734
2008-02-07,42.75132369995117
2008-02-08,42.557342529296875
2008-02-11,43.43964385986328
2008-02-12,43.80259323120117
2008-02-13,44.835086822509766
2008-02-14,44.077919006347656
2008-02-15,43.77128982543945
2008-02-19,44.05288314819336
2008-02-20,44.584781646728516
2008-02-21,44.296932220458984
2008-02-22,44.54097366333008
2008-02-25,45.21052169799805
2008-02-26,45.867576599121094
2008-02-27,46.44325637817383
2008-02-28,46.54965591430664
2008-02-29,45.26060104370117
2008-03-03,45.804988861083984
2008-03-04,44.89139175415039
2008-03-05,44.96022415161133
2008-03-06,44.27191162109375
2008-03-07,43.70246887207031
2008-03-10,43.00164794921875
2008-03-11,45.43581008911133
2008-03-12,47.087772369384766
2008-03-13,47.3505973815918
2008-03-14,46.79995346069336
2008-03-17,46.59346008300781
2008-03-18,48.10149002075195
2008-03-19,46.13663864135742
2008-03-20,46.192962646484375
2008-03-24,47.57586669921875
2008-03-25,47.95758819580078
2008-03-26,48.40814971923828
2008-03-27,48.20160675048828
2008-03-28,48.239166259765625
2008-03-31,48.990074157714844
2008-04-01,50.04758834838867
2008-04-02,49.12771224975586
2008-04-03,48.22663497924805
2008-04-04,48.70222473144531
2008-04-07,48.33929443359375
2008-04-08,48.55204391479492
2008-04-09,47.657222747802734
2008-04-10,47.37562561035156
2008-04-11,46.80620574951172
2008-04-14,47.26926803588867
2008-04-15,47.525814056396484
2008-04-16,49.4468879699707
2008-04-17,49.40287399291992
2008-04-18,53.608280181884766
2008-04-21,52.382503509521484
2008-04-22,51.552711486816406
2008-04-23,51.351566314697266
2008-04-24,51.433292388916016
2008-04-25,51.70359420776367
2008-04-28,52.19392013549805
2008-04-29,51.2384033203125
2008-04-30,51.47099304199219
2008-05-01,51.76646041870117
2008-05-02,52.049346923828125
2008-05-05,52.01790237426758
2008-05-06,52.319644927978516
2008-05-07,51.3138542175293
2008-05-08,51.81045913696289
2008-05-09,51.39555740356445
2008-05-12,52.69053268432617
2008-05-13,52.84766387939453
2008-05-14,52.01790237426758
2008-05-15,52.48935317993164
2008-05-16,52.615089416503906
2008-05-19,52.97968673706055
2008-05-20,52.703067779541016
2008-05-21,52.426509857177734
2008-05-22,51.68473815917969
2008-05-23,51.26356887817383
2008-05-27,51.51500701904297
2008-05-28,52.29449462890625
2008-05-29,52.03675842285156
2008-05-30,51.94875717163086
2008-06-02,51.75389099121094
2008-06-03,51.81045913696289
2008-06-04,51.83559799194336
2008-06-05,52.005332946777344
2008-06-06,50.282920837402344
2008-06-09,50.79839324951172
2008-06-10,50.35206985473633
2008-06-11,49.61659622192383
2008-06-12,50.60352325439453
2008-06-13,51.232139587402344
2008-06-16,50.861263275146484
2008-06-17,50.72297668457031
2008-06-18,50.10062026977539
2008-06-19,49.962337493896484
2008-06-20,49.71091079711914
2008-06-23,50.28920364379883
2008-06-24,48.177066802978516
2008-06-25,48.13935852050781
2008-06-26,46.69354248046875
2008-06-27,46.36037063598633
2008-06-30,46.40436935424805
2008-07-01,46.5740852355957
2008-07-02,44.267093658447266
2008-07-03,44.19792938232422
2008-07-07,44.51225280761719
2008-07-08,43.69504165649414
2008-07-09,43.01613998413086
2008-07-10,43.00982666015625
2008-07-11,43.88363265991211
2008-07-14,43.79561996459961
2008-07-15,42.14234924316406
2008-07-16,44.33622360229492
2008-07-17,45.423919677734375
2008-07-18,44.829471588134766
2008-07-21,46.30925369262695
2008-07-22,47.415916442871094
2008-07-23,45.797027587890625
2008-07-24,44.127532958984375
2008-07-25,44.570194244384766
2008-07-28,43.75444030761719
2008-07-29,44.89272689819336
2008-07-30,45.57569122314453
2008-07-31,43.96312713623047
2008-08-01,43.0904426574707
2008-08-04,42.64142608642578
2008-08-05,43.115726470947266
2008-08-06,44.58917999267578
2008-08-07,43.59000778198242
2008-08-08,44.835819244384766
2008-08-11,44.7725830078125
2008-08-12,45.411285400390625
2008-08-13,44.15916442871094
2008-08-14,44.450069427490234
2008-08-15,44.48798751831055
2008-08-18,43.77339553833008
2008-08-19,43.43825912475586
2008-08-20,43.507808685302734
2008-08-21,43.444576263427734
2008-08-22,44.437408447265625
2008-08-25,43.35603713989258
2008-08-26,43.431915283203125
2008-08-27,43.988426208496094
2008-08-28,45.32907485961914
2008-08-29,44.72828674316406
2008-09-02,43.68487548828125
2008-09-03,42.831172943115234
2008-09-04,40.43442916870117
2008-09-05,40.516639709472656
2008-09-08,40.839141845703125
2008-09-09,38.81554412841797
2008-09-10,39.726173400878906
2008-09-11,40.98460006713867
2008-09-12,41.39564514160156
2008-09-15,39.972801208496094
2008-09-16,40.93402862548828
2008-09-17,39.93485641479492
2008-09-18,41.3071174621582
2008-09-19,42.047000885009766
2008-09-22,40.851810455322266
2008-09-23,40.18147659301758
2008-09-24,39.04320526123047
2008-09-25,39.18231964111328
2008-09-26,40.55459213256836
2008-09-29,37.873291015625
2008-09-30,37.68989944458008
2008-10-01,36.014095306396484
2008-10-02,33.022918701171875
2008-10-03,32.38422775268555
2008-10-06,31.113143920898438
2008-10-07,29.93059539794922
2008-10-08,30.132949829101562
2008-10-09,28.330669403076172
2008-10-10,27.274595260620117
2008-10-13,31.290212631225586
2008-10-14,30.031776428222656
2008-10-15,26.59794807434082
2008-10-16,27.064231872558594
2008-10-17,25.116012573242188
2008-10-20,26.125261306762695
2008-10-21,24.803037643432617
2008-10-22,23.32748794555664
2008-10-23,22.586530685424805
2008-10-24,21.27068328857422
2008-10-27,20.938539505004883
2008-10-28,22.32464599609375
2008-10-29,23.084762573242188
2008-10-30,23.870437622070312
2008-10-31,24.400611877441406
2008-11-03,24.91800308227539
2008-11-04,26.987581253051758
2008-11-05,25.805875778198242
2008-11-06,24.017353057861328
2008-11-07,24.560302734375
2008-11-10,23.895984649658203
2008-11-11,23.551061630249023
2008-11-12,22.407684326171875
2008-11-13,25.173505783081055
2008-11-14,23.608551025390625
2008-11-17,22.803709030151367
2008-11-18,23.116701126098633
2008-11-19,21.63478660583496
2008-11-20,20.976858139038086
2008-11-21,22.145795822143555
2008-11-24,23.2125244140625
2008-11-25,23.806562423706055
2008-11-26,25.122404098510742
2008-11-28,26.182750701904297
2008-12-01,23.36582374572754
2008-12-02,24.272857666015625
2008-12-03,25.326812744140625
2008-12-04,23.96624755859375
2008-12-05,24.43893814086914
2008-12-08,27.09617042541504
2008-12-09,27.070627212524414
2008-12-10,27.894630432128906
2008-12-11,26.95564842224121
2008-12-12,26.878997802734375
2008-12-15,26.962039947509766
2008-12-16,27.9776554107666
2008-12-17,28.520618438720703
2008-12-18,26.930099487304688
2008-12-19,27.26864242553711
2008-12-22,26.687358856201172
2008-12-23,26.272180557250977
2008-12-24,26.770408630371094
2008-12-26,27.287796020507812
2008-12-29,27.045055389404297
2008-12-30,27.88824462890625
2008-12-31,28.533390045166016
2009-01-02,29.964204788208008
2009-01-05,29.43402862548828
2009-01-06,29.255178451538086
2009-01-07,27.894630432128906
2009-01-08,28.118181228637695
2009-01-09,27.59441375732422
2009-01-12,26.310501098632812
2009-01-13,26.44464874267578
2009-01-14,25.13518524169922
2009-01-15,25.43218231201172
2009-01-16,25.53548812866211
2009-01-20,24.741336822509766
2009-01-21,25.53548812866211
2009-01-22,24.03758430480957
2009-01-23,23.023900985717773
2009-01-26,21.093412399291992
2009-01-27,20.8674259185791
2009-01-28,21.306474685668945
2009-01-29,20.563974380493164
2009-01-30,19.918333053588867
2009-02-02,19.556766510009766
2009-02-03,19.363069534301758
2009-02-04,19.756914138793945
2009-02-05,20.409019470214844
2009-02-06,21.487260818481445
2009-02-09,21.125690460205078
2009-02-10,19.963518142700195
2009-02-11,20.099105834960938
2009-02-12,20.028076171875
2009-02-13,19.976438522338867
2009-02-17,18.71095848083496
2009-02-18,18.362306594848633
2009-02-19,17.44548797607422
2009-02-20,17.213045120239258
2009-02-23,16.218746185302734
2009-02-24,16.812746047973633
2009-02-25,16.1606388092041
2009-02-26,15.64411449432373
2009-02-27,15.88946533203125
2009-03-02,14.314078330993652
2009-03-03,14.507765769958496
2009-03-04,16.425357818603516
2009-03-05,15.166343688964844
2009-03-06,14.998469352722168
2009-03-09,15.44396686553955
2009-03-10,17.116201400756836
2009-03-11,16.987070083618164
2009-03-12,17.44548797607422
2009-03-13,17.29052734375
2009-03-16,17.058090209960938
2009-03-17,17.322811126708984
2009-03-18,17.736034393310547
2009-03-19,18.342939376831055
2009-03-20,17.477760314941406
2009-03-23,19.130624771118164
2009-03-24,18.98213768005371
2009-03-25,18.665761947631836
2009-03-26,19.87312126159668
2009-03-27,19.595497131347656
2009-03-30,17.774765014648438
2009-03-31,18.052392959594727
2009-04-01,18.717416763305664
2009-04-02,20.363821029663086
2009-04-03,20.757678985595703
2009-04-06,20.215320587158203
2009-04-07,19.014415740966797
2009-04-08,19.09189224243164
2009-04-09,20.996566772460938
2009-04-13,21.40977668762207
2009-04-14,21.1127872467041
2009-04-15,21.31938934326172
2009-04-16,21.391321182250977
2009-04-17,21.116649627685547
2009-04-20,19.932968139648438
2009-04-21,20.528087615966797
2009-04-22,21.221294403076172
2009-04-23,21.221294403076172
2009-04-24,21.992982864379883
2009-04-27,21.836017608642578
2009-04-28,21.437108993530273
2009-04-29,22.032211303710938
2009-04-30,23.268211364746094
2009-05-01,24.36687660217285
2009-05-04,25.16472625732422
2009-05-05,25.77291488647461
2009-05-06,26.158756256103516
2009-05-07,24.798494338989258
2009-05-08,25.92333221435547
2009-05-11,25.132020950317383
2009-05-12,24.890056610107422
2009-05-13,23.595203399658203
2009-05-14,23.588651657104492
2009-05-15,23.372846603393555
2009-05-18,24.706953048706055
2009-05-19,24.635011672973633
2009-05-20,24.393041610717773
2009-05-21,23.2420654296875
2009-05-22,22.437673568725586
2009-05-26,22.88890838623047
2009-05-27,22.921607971191406
2009-05-28,22.62078094482422
2009-05-29,23.18973731994629
2009-06-01,24.556541442871094
2009-06-02,24.49114227294922
2009-06-03,23.974506378173828
2009-06-04,24.863893508911133
2009-06-05,25.158178329467773
2009-06-08,25.22357749938965
2009-06-09,25.007776260375977
2009-06-10,24.60230827331543
2009-06-11,24.595773696899414
2009-06-12,24.674251556396484
2009-06-15,23.621360778808594
2009-06-16,23.255144119262695
2009-06-17,22.75812339782715
2009-06-18,22.287263870239258
2009-06-19,22.00605583190918
2009-06-22,21.16242790222168
2009-06-23,21.580970764160156
2009-06-24,21.842557907104492
2009-06-25,22.555387496948242
2009-06-26,22.601167678833008
2009-06-29,22.718881607055664
2009-06-30,21.60713768005371
2009-07-01,21.705238342285156
2009-07-02,20.756975173950195
2009-07-06,20.730817794799805
2009-07-07,19.808725357055664
2009-07-08,19.998374938964844
2009-07-09,20.044151306152344
2009-07-10,19.965667724609375
2009-07-13,20.79620933532715
2009-07-14,20.88123321533203
2009-07-15,22.130308151245117
2009-07-16,22.61371421813965
2009-07-17,22.507753372192383
2009-07-20,24.26917839050293
2009-07-21,26.129920959472656
2009-07-22,25.60016632080078
2009-07-23,27.321861267089844
2009-07-24,27.81186866760254
2009-07-27,28.381349563598633
2009-07-28,28.4078426361084
2009-07-29,27.699310302734375
2009-07-30,28.745561599731445
2009-07-31,29.175981521606445
2009-08-03,29.877906799316406
2009-08-04,31.712173461914062
2009-08-05,30.884422302246094
2009-08-06,31.21551513671875
2009-08-07,31.639318466186523
2009-08-10,31.22214698791504
2009-08-11,30.646038055419922
2009-08-12,31.506881713867188
2009-08-13,31.235387802124023
2009-08-14,30.46062660217285
2009-08-17,29.103137969970703
2009-08-18,29.871278762817383
2009-08-19,29.911012649536133
2009-08-20,30.12953758239746
2009-08-21,31.321470260620117
2009-08-24,31.493642807006836
2009-08-25,31.67243766784668
2009-08-26,31.288366317749023
2009-08-27,31.175798416137695
2009-08-28,30.930770874023438
2009-08-31,30.003721237182617
2009-09-01,29.030302047729492
2009-09-02,28.811771392822266
2009-09-03,29.824922561645508
2009-09-04,30.533477783203125
2009-09-08,31.102937698364258
2009-09-09,32.0565071105957
2009-09-10,32.24191665649414
2009-09-11,32.135963439941406
2009-09-14,32.29488754272461
2009-09-15,34.235107421875
2009-09-16,34.84431457519531
2009-09-17,35.685302734375
2009-09-18,35.374061584472656
2009-09-21,34.73837661743164
2009-09-22,35.983280181884766
2009-09-23,35.18865966796875
2009-09-24,34.33442306518555
2009-09-25,33.90400314331055
2009-09-28,34.55295181274414
2009-09-29,34.16889572143555
2009-09-30,33.990089416503906
2009-10-01,32.745174407958984
2009-10-02,32.33462905883789
2009-10-05,33.60603332519531
2009-10-06,34.235107421875
2009-10-07,34.367530822753906
2009-10-08,35.15554428100586
2009-10-09,35.51974868774414
2009-10-12,35.12905502319336
2009-10-13,34.92377853393555
2009-10-14,36.095848083496094
2009-10-15,36.26802062988281
2009-10-16,36.13557815551758
2009-10-19,38.30755615234375
2009-10-20,39.472999572753906
2009-10-21,38.671749114990234
2009-10-22,39.17866516113281
2009-10-23,38.418304443359375
2009-10-26,38.06479263305664
2009-10-27,37.81135177612305
2009-10-28,36.3039665222168
2009-10-29,38.184852600097656
2009-10-30,36.72417449951172
2009-11-02,37.010963439941406
2009-11-03,37.65793228149414
2009-11-04,37.497859954833984
2009-11-05,38.67842483520508
2009-11-06,38.418304443359375
2009-11-09,40.01905822753906
2009-11-10,39.99238586425781
2009-11-11,40.059078216552734
2009-11-12,39.06526565551758
2009-11-13,39.2053337097168
2009-11-16,40.28585433959961
2009-11-17,39.93901824951172
2009-11-18,39.62554931640625
2009-11-19,39.09196853637695
2009-11-20,38.65174102783203
2009-11-23,38.778465270996094
2009-11-24,38.68508529663086
2009-11-25,39.378761291503906
2009-11-27,38.3182487487793
2009-11-30,38.94521713256836
2009-12-01,39.80562973022461
2009-12-02,39.31205749511719
2009-12-03,38.8184928894043
2009-12-04,38.88520431518555
2009-12-07,38.391632080078125
2009-12-08,37.604583740234375
2009-12-09,37.47118377685547
2009-12-10,37.97809982299805
2009-12-11,38.3582649230957
2009-12-14,38.88520431518555
2009-12-15,38.8184928894043
2009-12-16,38.83850860595703
2009-12-17,38.37161636352539
2009-12-18,38.14482879638672
2009-12-21,38.418304443359375
2009-12-22,38.611732482910156
2009-12-23,38.898521423339844
2009-12-24,38.90520095825195
2009-12-28,39.0252571105957
2009-12-29,38.805145263671875
2009-12-30,38.71843338012695
2009-12-31,38.011436462402344
2010-01-04,39.05195236206055
2010-01-05,39.518821716308594
2010-01-06,39.63888168334961
2010-01-07,39.798946380615234
2010-01-08,40.24584197998047
2010-01-11,42.77370834350586
2010-01-12,41.51310348510742
2010-01-13,41.57313919067383
2010-01-14,41.339691162109375
2010-01-15,40.3726806640625
2010-01-19,40.9166374206543
2010-01-20,40.130924224853516
2010-01-21,38.1767692565918
2010-01-22,36.4307746887207
2010-01-25,37.0284423828125
2010-01-26,37.5052375793457
2010-01-27,35.88682556152344
2010-01-28,34.825801849365234
2010-01-29,35.08098220825195
2010-02-01,35.551048278808594
2010-02-02,35.960693359375
2010-02-03,35.85325622558594
2010-02-04,34.516883850097656
2010-02-05,34.75192642211914
2010-02-08,34.10054397583008
2010-02-09,35.947265625
2010-02-10,35.692081451416016
2010-02-11,37.70668411254883
2010-02-12,37.740272521972656
2010-02-16,38.358089447021484
2010-02-17,38.61325454711914
2010-02-18,38.821434020996094
2010-02-19,39.116912841796875
2010-02-22,38.969181060791016
2010-02-23,38.04916763305664
2010-02-24,38.25063705444336
2010-02-25,38.136470794677734
2010-02-26,38.31108474731445
2010-03-01,38.84830093383789
2010-03-02,39.04975128173828
2010-03-03,39.3317985534668
2010-03-04,39.251220703125
2010-03-05,39.77501678466797
2010-03-08,39.560115814208984
2010-03-09,39.74143981933594
2010-03-10,39.47283172607422
2010-03-11,39.55340576171875
2010-03-12,40.533843994140625
2010-03-15,39.936180114746094
2010-03-16,39.922767639160156
2010-03-17,40.43983840942383
2010-03-18,40.13764572143555
2010-03-19,39.8690299987793
2010-03-22,40.258522033691406
2010-03-23,41.91050720214844
2010-03-24,41.67546844482422
2010-03-25,41.729183197021484
2010-03-26,41.93064880371094
2010-03-29,42.62904357910156
2010-03-30,42.41414260864258
2010-03-31,42.20597457885742
2010-04-01,42.97152328491211
2010-04-05,43.6430549621582
2010-04-06,43.84453582763672
2010-04-07,43.29386901855469
2010-04-08,43.30056381225586
2010-04-09,43.83108901977539
2010-04-12,44.811527252197266
2010-04-13,44.44890594482422
2010-04-14,45.18088150024414
2010-04-15,45.8121223449707
2010-04-16,44.912261962890625
2010-04-19,44.98612976074219
2010-04-20,45.32862091064453
2010-04-21,45.496498107910156
2010-04-22,45.61812973022461
2010-04-23,46.47629928588867
2010-04-26,48.41563034057617
2010-04-27,46.30735778808594
2010-04-28,46.60468673706055
2010-04-29,47.80748748779297
2010-04-30,46.010032653808594
2010-05-03,47.260135650634766
2010-05-04,45.070777893066406
2010-05-05,44.57075119018555
2010-05-06,42.90848159790039
2010-05-07,41.96245574951172
2010-05-10,45.06401824951172
2010-05-11,44.64509582519531
2010-05-12,46.05057907104492
2010-05-13,45.21268844604492
2010-05-14,43.84096145629883
2010-05-17,43.0976676940918
2010-05-18,42.69898986816406
2010-05-19,41.51647186279297
2010-05-20,39.64472579956055
2010-05-21,40.60424041748047
2010-05-24,40.01636505126953
2010-05-25,40.00960922241211
2010-05-26,40.36099624633789
2010-05-27,41.93544006347656
2010-05-28,41.05698013305664
2010-06-01,40.05015563964844
2010-06-02,41.12456130981445
2010-06-03,41.29349136352539
2010-06-04,39.02980041503906
2010-06-07,37.72568130493164
2010-06-08,38.25273895263672
2010-06-09,38.38788986206055
2010-06-10,40.5096435546875
2010-06-11,40.6988525390625
2010-06-14,41.21916961669922
2010-06-15,42.881439208984375
2010-06-16,43.509864807128906
2010-06-17,43.88827133178711
2010-06-18,44.496429443359375
2010-06-21,44.64509582519531
2010-06-22,43.320655822753906
2010-06-23,43.46934127807617
2010-06-24,42.82062530517578
2010-06-25,43.72609329223633
2010-06-28,43.516624450683594
2010-06-29,41.1177978515625
2010-06-30,40.59074020385742
2010-07-01,40.523162841796875
2010-07-02,39.98934555053711
2010-07-06,40.41504669189453
2010-07-07,42.01652526855469
2010-07-08,42.68547821044922
2010-07-09,43.732845306396484
2010-07-12,43.43552780151367
2010-07-13,45.131591796875
2010-07-14,45.070777893066406
2010-07-15,44.942405700683594
2010-07-16,43.4935188293457
2010-07-19,44.07851028442383
2010-07-20,45.187278747558594
2010-07-21,45.48657989501953
2010-07-22,46.2552375793457
2010-07-23,47.14630889892578
2010-07-26,47.60887145996094
2010-07-27,47.05789566040039
2010-07-28,47.42521286010742
2010-07-29,47.20753860473633
2010-07-30,47.445648193359375
2010-08-02,48.329925537109375
2010-08-03,47.86735534667969
2010-08-04,48.37754440307617
2010-08-05,48.948917388916016
2010-08-06,48.67681121826172
2010-08-09,49.023738861083984
2010-08-10,48.58158493041992
2010-08-11,46.738189697265625
2010-08-12,45.91511917114258
2010-08-13,46.26203918457031
2010-08-16,46.588531494140625
2010-08-17,47.43880081176758
2010-08-18,47.445648193359375
2010-08-19,47.132728576660156
2010-08-20,46.84023666381836
2010-08-23,45.466163635253906
2010-08-24,44.24176788330078
2010-08-25,44.0104866027832
2010-08-26,43.500328063964844
2010-08-27,44.82676315307617
2010-08-30,43.85404586791992
2010-08-31,44.32341384887695
2010-09-01,46.364070892333984
2010-09-02,46.622554779052734
2010-09-03,47.670108795166016
2010-09-07,47.4116096496582
2010-09-08,48.11903381347656
2010-09-09,48.0510139465332
2010-09-10,48.47275161743164
2010-09-13,49.139381408691406
2010-09-14,48.8604850769043
2010-09-15,49.06454849243164
2010-09-16,48.97612380981445
2010-09-17,49.778785705566406
2010-09-20,50.84673309326172
2010-09-21,51.96230697631836
2010-09-22,51.8194465637207
2010-09-23,51.87388610839844
2010-09-24,54.23426055908203
2010-09-27,54.1049919128418
2010-09-28,54.19343948364258
2010-09-29,54.4111213684082
2010-09-30,53.520023345947266
2010-10-01,53.207122802734375
2010-10-04,52.56089782714844
2010-10-05,54.009796142578125
2010-10-06,53.79214096069336
2010-10-07,53.56085968017578
2010-10-08,54.66960144042969
2010-10-11,54.404319763183594
2010-10-12,53.9689826965332
2010-10-13,54.61520004272461
2010-10-14,54.35670852661133
2010-10-15,54.247859954833984
2010-10-18,54.58116149902344
2010-10-19,53.43158721923828
2010-10-20,54.63560104370117
2010-10-21,53.95846939086914
2010-10-22,53.575439453125
2010-10-25,54.06790542602539
2010-10-26,53.79433059692383
2010-10-27,53.50019836425781
2010-10-28,53.17190170288086
2010-10-29,53.76012420654297
2010-11-01,54.21837615966797
2010-11-02,54.54667663574219
2010-11-03,54.635589599609375
2010-11-04,56.8926887512207
2010-11-05,57.13894271850586
2010-11-08,56.85165786743164
2010-11-09,56.02405548095703
2010-11-10,56.40023422241211
2010-11-11,56.38652420043945
2010-11-12,55.42900085449219
2010-11-15,55.9625129699707
2010-11-16,54.970733642578125
2010-11-17,55.51789855957031
2010-11-18,56.84480667114258
2010-11-19,57.43305206298828
2010-11-22,57.45354461669922
2010-11-23,56.516510009765625
2010-11-24,57.925472259521484
2010-11-26,57.54246139526367
2010-11-29,57.227848052978516
2010-11-30,57.86392593383789
2010-12-01,59.81324768066406
2010-12-02,60.613487243652344
2010-12-03,61.13331985473633
2010-12-06,61.01021194458008
2010-12-07,61.796783447265625
2010-12-08,61.29745864868164
2010-12-09,61.331687927246094
2010-12-10,61.51634216308594
2010-12-13,62.67224884033203
2010-12-14,62.98686599731445
2010-12-15,63.69137954711914
2010-12-16,63.74605941772461
2010-12-17,63.3288688659668
2010-12-20,63.814476013183594
2010-12-21,64.72415924072266
2010-12-22,64.68312072753906
2010-12-23,64.6010513305664
2010-12-27,64.3411636352539
2010-12-28,64.08123016357422
2010-12-29,64.14279174804688
2010-12-30,64.20433044433594
2010-12-31,64.06073760986328
2011-01-03,64.39588928222656
2011-01-04,64.09492492675781
2011-01-05,64.64891815185547
2011-01-06,63.97861862182617
2011-01-07,64.10862731933594
2011-01-10,63.87602996826172
2011-01-11,64.25907135009766
2011-01-12,63.94441604614258
2011-01-13,64.38899993896484
2011-01-14,64.30009460449219
2011-01-18,66.1280288696289
2011-01-19,65.65384674072266
2011-01-20,64.32756042480469
2011-01-21,63.7365837097168
2011-01-24,64.9872817993164
2011-01-25,64.86356353759766
2011-01-26,65.79816436767578
2011-01-27,66.40290069580078
2011-01-28,65.75006103515625
2011-01-31,66.66400146484375
2011-02-01,67.35122680664062
2011-02-02,68.09336853027344
2011-02-03,67.98342895507812
2011-02-04,68.43695068359375
2011-02-07,69.04168701171875
2011-02-08,69.13790130615234
2011-02-09,68.57441711425781
2011-02-10,69.13101959228516
2011-02-11,71.15135192871094
2011-02-14,70.95891571044922
2011-02-15,70.7802734375
2011-02-16,71.15821075439453
2011-02-17,71.0276870727539
2011-02-18,72.74560546875
2011-02-22,70.09996795654297
2011-02-23,68.7324447631836
2011-02-24,69.11040496826172
2011-02-25,70.09307861328125
2011-02-28,70.73216247558594
2011-03-01,68.62252044677734
2011-03-02,69.38526916503906
2011-03-03,71.63926696777344
2011-03-04,70.80775451660156
2011-03-07,70.18242645263672
2011-03-08,71.5567855834961
2011-03-09,70.34046936035156
2011-03-10,67.61234283447266
2011-03-11,68.7324447631836
2011-03-14,70.16180419921875
2011-03-15,69.23410034179688
2011-03-16,68.99359130859375
2011-03-17,70.86276245117188
2011-03-18,72.19586944580078
2011-03-21,73.93447875976562
2011-03-22,73.38470458984375
2011-03-23,73.36408996582031
2011-03-24,74.470458984375
2011-03-25,74.96524810791016
2011-03-28,75.1782455444336
2011-03-29,75.96165466308594
2011-03-30,76.64197540283203
2011-03-31,76.51830291748047
2011-04-01,77.734619140625
2011-04-04,77.9132308959961
2011-04-05,77.177978515625
2011-04-06,76.27777099609375
2011-04-07,75.48751068115234
2011-04-08,75.46688842773438
2011-04-11,74.95148468017578
2011-04-12,73.2335433959961
2011-04-13,73.96195983886719
2011-04-14,73.92760467529297
2011-04-15,73.67333984375
2011-04-18,71.39874267578125
2011-04-19,72.91055297851562
2011-04-20,74.71847534179688
2011-04-21,75.5051498413086
2011-04-25,75.11181640625
2011-04-26,77.24405670166016
2011-04-27,77.7063980102539
2011-04-28,77.72709655761719
2011-04-29,79.6385269165039
2011-05-02,78.9208984375
2011-05-03,78.16181945800781
2011-05-04,76.43669891357422
2011-05-05,75.48442840576172
2011-05-06,76.13997650146484
2011-05-09,77.05087280273438
2011-05-10,77.88578796386719
2011-05-11,75.89158630371094
2011-05-12,74.96000671386719
2011-05-13,73.37288665771484
2011-05-16,73.20726776123047
2011-05-17,70.44019317626953
2011-05-18,72.62763977050781
2011-05-19,72.6621322631836
2011-05-20,71.9927749633789
2011-05-23,70.30906677246094
2011-05-24,70.07444763183594
2011-05-25,71.2475357055664
2011-05-26,71.89617156982422
2011-05-27,72.17910766601562
2011-05-31,73.00717163085938
2011-06-01,69.86053466796875
2011-06-02,70.5160903930664
2011-06-03,69.7639389038086
2011-06-06,68.90827178955078
2011-06-07,68.92208862304688
2011-06-08,67.65239715576172
2011-06-09,68.4942626953125
2011-06-10,66.7898178100586
2011-06-13,65.8582534790039
2011-06-14,67.52815246582031
2011-06-15,66.00316619873047
2011-06-16,65.87207794189453
2011-06-17,66.210205078125
2011-06-20,67.74899291992188
2011-06-21,69.96405029296875
2011-06-22,69.10836029052734
2011-06-23,69.3844223022461
2011-06-24,69.01176452636719
2011-06-27,69.5569076538086
2011-06-28,71.65469360351562
2011-06-29,71.32347106933594
2011-06-30,73.46260833740234
2011-07-01,74.95311737060547
2011-07-05,74.82199096679688
2011-07-06,75.96056365966797
2011-07-07,77.03013610839844
2011-07-08,76.18830108642578
2011-07-11,74.63568878173828
2011-07-12,73.78691864013672
2011-07-13,74.96688842773438
2011-07-14,74.23545837402344
2011-07-15,75.4637222290039
2011-07-18,74.70149230957031
2011-07-19,75.97652435302734
2011-07-20,76.4408187866211
2011-07-21,77.33474731445312
2011-07-22,72.86512756347656
2011-07-25,73.21851348876953
2011-07-26,72.8997802734375
2011-07-27,70.22494506835938
2011-07-28,69.04690551757812
2011-07-29,68.45787811279297
2011-08-01,69.79530334472656
2011-08-02,67.34222412109375
2011-08-03,66.71851348876953
2011-08-04,62.054908752441406
2011-08-05,63.05275344848633
2011-08-08,57.23880386352539
2011-08-09,60.62046813964844
2011-08-10,57.86941146850586
2011-08-11,60.46106719970703
2011-08-12,62.23505401611328
2011-08-15,63.31608581542969
2011-08-16,61.91629409790039
2011-08-17,60.7313232421875
2011-08-18,57.744667053222656
2011-08-19,55.41630935668945
2011-08-22,55.36085510253906
2011-08-23,57.50210952758789
2011-08-24,59.179080963134766
2011-08-25,57.6892204284668
2011-08-26,59.01277160644531
2011-08-29,61.08477020263672
2011-08-30,62.24895095825195
2011-08-31,63.05967712402344
2011-09-01,61.36192321777344
2011-09-02,59.16521072387695
2011-09-06,59.38697052001953
2011-09-07,61.45897674560547
2011-09-08,60.31554412841797
2011-09-09,58.18122863769531
2011-09-12,58.11886978149414
2011-09-13,58.91575622558594
2011-09-14,59.213714599609375
2011-09-15,60.01065444946289
2011-09-16,59.52558135986328
2011-09-19,58.62471389770508
2011-09-20,57.97331619262695
2011-09-21,54.993595123291016
2011-09-22,51.210018157958984
2011-09-23,51.18228530883789
2011-09-26,53.25425338745117
2011-09-27,53.82249450683594
2011-09-28,52.0276985168457
2011-09-29,52.242523193359375
2011-09-30,51.16843032836914
2011-10-03,48.88856506347656
2011-10-04,50.267581939697266
2011-10-05,51.459468841552734
2011-10-06,53.42054748535156
2011-10-07,52.33260726928711
2011-10-10,54.83420944213867
2011-10-11,55.89445114135742
2011-10-12,56.61510467529297
2011-10-13,56.43495178222656
2011-10-14,58.271324157714844
2011-10-17,56.490386962890625
2011-10-18,58.7078971862793
2011-10-19,57.90407180786133
2011-10-20,58.71232223510742
2011-10-21,60.893306732177734
2011-10-24,63.94529724121094
2011-10-25,62.63530731201172
2011-10-26,63.80593490600586
2011-10-27,67.1226806640625
2011-10-28,67.48504638671875
2011-10-31,65.81968688964844
2011-11-01,63.847694396972656
2011-11-02,65.45733642578125
2011-11-03,66.89275360107422
2011-11-04,66.71157836914062
2011-11-07,66.19593048095703
2011-11-08,66.81609344482422
2011-11-09,63.85470199584961
2011-11-10,64.24492645263672
2011-11-11,66.98332977294922
2011-11-14,67.26207733154297
2011-11-15,67.63833618164062
2011-11-16,66.71854400634766
2011-11-17,65.36678314208984
2011-11-18,65.45037841796875
2011-11-21,63.49238586425781
2011-11-22,62.70498275756836
2011-11-23,61.15113830566406
2011-11-25,60.42644119262695
2011-11-28,63.74320983886719
2011-11-29,63.08822250366211
2011-11-30,68.20275115966797
2011-12-01,67.46412658691406
2011-12-02,67.09480285644531
2011-12-05,67.48504638671875
2011-12-06,66.86489868164062
2011-12-07,66.11931610107422
2011-12-08,64.74662017822266
2011-12-09,66.8718490600586
2011-12-12,64.96957397460938
2011-12-13,63.39480972290039
2011-12-14,60.621543884277344
2011-12-15,61.109317779541016
2011-12-16,60.76089096069336
2011-12-19,60.79574966430664
2011-12-20,63.91743469238281
2011-12-21,63.847694396972656
2011-12-22,63.973140716552734
2011-12-23,64.27975463867188
2011-12-27,63.79199981689453
2011-12-28,62.272953033447266
2011-12-29,63.11611557006836
2011-12-30,63.13003921508789
2012-01-03,65.4852294921875
2012-01-04,66.0914535522461
2012-01-05,66.55831146240234
2012-01-06,66.72552490234375
2012-01-09,67.65924072265625
2012-01-10,69.65209197998047
2012-01-11,69.42913055419922
2012-01-12,71.03170776367188
2012-01-13,71.40800476074219
2012-01-17,72.02818298339844
2012-01-18,72.9730453491211
2012-01-19,74.01593017578125
2012-01-20,73.93890380859375
2012-01-23,74.44987487792969
2012-01-24,74.39386749267578
2012-01-25,76.3256607055664
2012-01-26,77.90742492675781
2012-01-27,77.88642883300781
2012-01-30,77.27749633789062
2012-01-31,76.3746337890625
2012-02-01,77.35450744628906
2012-02-02,77.22151184082031
2012-02-03,79.74822235107422
2012-02-06,79.63619232177734
2012-02-07,79.65721130371094
2012-02-08,79.81819915771484
2012-02-09,78.97129821777344
2012-02-10,78.21540832519531
2012-02-13,79.58023834228516
2012-02-14,80.10516357421875
2012-02-15,78.7613296508789
2012-02-16,79.76220703125
2012-02-17,79.7552261352539
2012-02-21,80.49010467529297
2012-02-22,81.05706787109375
2012-02-23,81.33000946044922
2012-02-24,81.19004821777344
2012-02-27,80.93106842041016
2012-02-28,81.02205657958984
2012-02-29,79.93720245361328
2012-03-01,79.36327362060547
2012-03-02,78.73332977294922
2012-03-05,77.0535659790039
2012-03-06,74.14191436767578
2012-03-07,75.78670501708984
2012-03-08,77.18650817871094
2012-03-09,77.14451599121094
2012-03-12,76.2486343383789
2012-03-13,79.30029296875
2012-03-14,78.57933807373047
2012-03-15,79.40528106689453
2012-03-16,79.49624633789062
2012-03-19,79.60122680664062
2012-03-20,77.52246856689453
2012-03-21,76.29061889648438
2012-03-22,74.4918441772461
2012-03-23,75.47171783447266
2012-03-26,76.11567687988281
2012-03-27,75.63270568847656
2012-03-28,72.9730453491211
2012-03-29,74.20491790771484
2012-03-30,74.55484008789062
2012-04-02,75.06580352783203
2012-04-03,74.33787536621094
2012-04-04,74.37287902832031
2012-04-05,74.09989929199219
2012-04-09,72.49009704589844
2012-04-10,70.29237365722656
2012-04-11,71.21623992919922
2012-04-12,74.49886322021484
2012-04-13,74.11390686035156
2012-04-16,74.70884704589844
2012-04-17,75.87769317626953
2012-04-18,76.43761444091797
2012-04-19,75.46063232421875
2012-04-20,75.72068786621094
2012-04-23,75.1373062133789
2012-04-24,76.19164276123047
2012-04-25,72.70536804199219
2012-04-26,73.37308502197266
2012-04-27,73.49259185791016
2012-04-30,72.23442077636719
2012-05-01,71.77053833007812
2012-05-02,72.13601684570312
2012-05-03,70.75838470458984
2012-05-04,69.19095611572266
2012-05-07,68.31239318847656
2012-05-08,67.82038116455078
2012-05-09,67.46893310546875
2012-05-10,67.08235931396484
2012-05-11,67.12454223632812
2012-05-14,65.7890625
2012-05-15,65.14239501953125
2012-05-16,64.56610107421875
2012-05-17,61.7123908996582
2012-05-18,62.33092498779297
2012-05-21,64.65042114257812
2012-05-22,64.30602264404297
2012-05-23,64.99481201171875
2012-05-24,64.25679779052734
2012-05-25,63.216529846191406
2012-05-29,65.02994537353516
2012-05-30,63.385250091552734
2012-05-31,61.58586883544922
2012-06-01,60.109832763671875
2012-06-04,58.5213508605957
2012-06-05,58.79545974731445
2012-06-06,60.911128997802734
2012-06-07,61.248504638671875
2012-06-08,61.57181167602539
2012-06-11,59.877899169921875
2012-06-12,61.18524169921875
2012-06-13,59.948211669921875
2012-06-14,60.369903564453125
2012-06-15,61.100868225097656
2012-06-18,60.967350006103516
2012-06-19,62.443382263183594
2012-06-20,61.26958465576172
2012-06-21,59.730289459228516
2012-06-22,59.71625900268555
2012-06-25,58.26128005981445
2012-06-26,58.148834228515625
2012-06-27,57.81143569946289
2012-06-28,58.07854080200195
2012-06-29,59.68109893798828
2012-07-02,58.816558837890625
2012-07-03,60.77054214477539
2012-07-05,61.002498626708984
2012-07-06,59.470237731933594
2012-07-09,58.436973571777344
2012-07-10,56.41974639892578
2012-07-11,56.04720687866211
2012-07-12,55.97694778442383
2012-07-13,57.6849479675293
2012-07-16,57.03827667236328
2012-07-17,57.57248306274414
2012-07-18,58.37177658081055
2012-07-19,58.44960403442383
2012-07-20,57.26123046875
2012-07-23,57.70685577392578
2012-07-24,57.600772857666016
2012-07-25,58.42838668823242
2012-07-26,58.92353057861328
2012-07-27,60.94660186767578
2012-07-30,60.614131927490234
2012-07-31,59.567256927490234
2012-08-01,58.4637336730957
2012-08-02,58.79620361328125
2012-08-03,60.14019775390625
2012-08-06,61.08101272583008
2012-08-07,61.696407318115234
2012-08-08,61.696407318115234
2012-08-09,62.5311164855957
2012-08-10,62.91307830810547
2012-08-13,62.67967224121094
2012-08-14,62.15620040893555
2012-08-15,61.97228240966797
2012-08-16,62.665470123291016
2012-08-17,63.66996765136719
2012-08-20,63.974117279052734
2012-08-21,63.8680305480957
2012-08-22,62.7574577331543
2012-08-23,61.986419677734375
2012-08-24,61.87322998046875
2012-08-27,61.2790641784668
2012-08-28,60.84048843383789
2012-08-29,60.897064208984375
2012-08-30,59.751136779785156
2012-08-31,60.3594856262207
2012-09-04,58.470848083496094
2012-09-05,58.53447341918945
2012-09-06,59.97749710083008
2012-09-07,62.31888961791992
2012-09-10,61.611541748046875
2012-09-11,62.67256546020508
2012-09-12,63.040401458740234
2012-09-13,64.14391326904297
2012-09-14,65.90522766113281
2012-09-17,65.0705337524414
2012-09-18,65.8344955444336
2012-09-19,66.44988250732422
2012-09-20,65.45957946777344
2012-09-21,64.87956237792969
2012-09-24,64.27828216552734
2012-09-25,61.5478515625
2012-09-26,61.505409240722656
2012-09-27,61.48418426513672
2012-09-28,60.86170196533203
2012-10-01,60.4585075378418
2012-10-02,60.4585075378418
2012-10-03,60.324134826660156
2012-10-04,60.80510711669922
2012-10-05,60.43021774291992
2012-10-08,60.437286376953125
2012-10-09,59.949249267578125
2012-10-10,58.82449722290039
2012-10-11,58.60520553588867
2012-10-12,58.583988189697266
2012-10-15,58.57691955566406
2012-10-16,60.09778594970703
2012-10-17,61.2790641784668
2012-10-18,61.64199447631836
2012-10-19,59.677879333496094
2012-10-22,60.54607391357422
2012-10-23,59.47861099243164
2012-10-24,58.873741149902344
2012-10-25,59.44303512573242
2012-10-26,59.95542907714844
2012-10-31,60.35395812988281
2012-11-01,62.37498474121094
2012-11-02,61.05134201049805
2012-11-05,61.74873733520508
2012-11-06,62.68096923828125
2012-11-07,60.50337600708008
2012-11-08,59.53555679321289
2012-11-09,60.453590393066406
2012-11-12,60.617225646972656
2012-11-13,59.25090026855469
2012-11-14,57.71376419067383
2012-11-15,57.856056213378906
2012-11-16,58.304412841796875
2012-11-19,59.507083892822266
2012-11-20,59.30070495605469
2012-11-21,59.10145950317383
2012-11-23,59.891353607177734
2012-11-26,60.240055084228516
2012-11-27,59.78461837768555
2012-11-28,60.446441650390625
2012-11-29,61.37869644165039
2012-11-30,60.65993881225586
2012-12-03,60.1262092590332
2012-12-04,59.891353607177734
2012-12-05,61.23634719848633
2012-12-06,61.16520690917969
2012-12-07,61.90530014038086
2012-12-10,62.076114654541016
2012-12-11,62.14722442626953
2012-12-12,62.588478088378906
2012-12-13,62.88024139404297
2012-12-14,63.33570098876953
2012-12-17,63.7911491394043
2012-12-18,64.5953140258789
2012-12-19,64.60954284667969
2012-12-20,64.05840301513672
2012-12-21,62.91321563720703
2012-12-24,62.61261749267578
2012-12-26,62.74861526489258
2012-12-27,62.74143981933594
2012-12-28,62.13307571411133
2012-12-31,64.13714599609375
2013-01-02,66.92137908935547
2013-01-03,67.56551361083984
2013-01-04,67.93769073486328
2013-01-07,68.14527130126953
2013-01-08,67.27920532226562
2013-01-09,67.59415435791016
2013-01-10,68.05220031738281
2013-01-11,68.13095092773438
2013-01-14,67.73013305664062
2013-01-15,68.47447204589844
2013-01-16,68.13095092773438
2013-01-17,68.49595642089844
2013-01-18,69.87018585205078
2013-01-22,69.94175720214844
2013-01-23,69.31906127929688
2013-01-24,69.14013671875
2013-01-25,68.41007995605469
2013-01-28,69.74850463867188
2013-01-29,70.57160949707031
2013-01-30,70.60740661621094
2013-01-31,70.42131042480469
2013-02-01,71.20860290527344
2013-02-04,70.3282699584961
2013-02-05,70.45708465576172
2013-02-06,69.92742919921875
2013-02-07,68.7894287109375
2013-02-08,69.31906127929688
2013-02-11,69.14013671875
2013-02-12,69.5838851928711
2013-02-13,68.9826889038086
2013-02-14,68.76081085205078
2013-02-15,68.4315414428711
2013-02-19,68.42437744140625
2013-02-20,66.720947265625
2013-02-21,65.5113754272461
2013-02-22,65.51850128173828
2013-02-25,63.815067291259766
2013-02-26,64.38048553466797
2013-02-27,66.02666473388672
2013-02-28,66.1125717163086
2013-03-01,65.38967895507812
2013-03-04,64.2373275756836
2013-03-05,64.56657409667969
2013-03-06,64.15859985351562
2013-03-07,64.16574096679688
2013-03-08,64.78129577636719
2013-03-11,65.26083374023438
2013-03-12,64.23017120361328
2013-03-13,63.900962829589844
2013-03-14,63.48580551147461
2013-03-15,63.5788688659668
2013-03-18,63.958213806152344
2013-03-19,63.178035736083984
2013-03-20,62.22612762451172
2013-03-21,62.147361755371094
2013-03-22,62.61261749267578
2013-03-25,62.011390686035156
2013-03-26,62.26905059814453
2013-03-27,62.197505950927734
2013-03-28,62.247581481933594
2013-04-01,61.29563522338867
2013-04-02,60.75170135498047
2013-04-03,60.20773696899414
2013-04-04,60.57278060913086
2013-04-05,60.55131530761719
2013-04-08,60.257843017578125
2013-04-09,61.48175811767578
2013-04-10,61.96128463745117
2013-04-11,61.3386116027832
2013-04-12,60.873355865478516
2013-04-15,58.88364028930664
2013-04-16,59.12696838378906
2013-04-17,58.311038970947266
2013-04-18,57.95808792114258
2013-04-19,57.936485290527344
2013-04-22,59.57884979248047
2013-04-23,60.5800895690918
2013-04-24,60.34957504272461
2013-04-25,60.87542724609375
2013-04-26,60.997920989990234
2013-04-29,61.08433532714844
2013-04-30,60.99068832397461
2013-05-01,59.8453483581543
2013-05-02,60.695335388183594
2013-05-03,62.65464782714844
2013-05-06,63.094032287597656
2013-05-07,64.6788101196289
2013-05-08,65.05335235595703
2013-05-09,64.79403686523438
2013-05-10,63.83601760864258
2013-05-13,63.43982696533203
2013-05-14,63.06525802612305
2013-05-15,62.6690559387207
2013-05-16,62.51058578491211
2013-05-17,63.15168762207031
2013-05-20,63.627105712890625
2013-05-21,63.46144104003906
2013-05-22,63.17329788208008
2013-05-23,62.63302993774414
2013-05-24,62.09999465942383
2013-05-28,62.085601806640625
2013-05-29,62.30169677734375
2013-05-30,62.24406051635742
2013-05-31,61.80469512939453
2013-06-03,62.0423698425293
2013-06-04,61.89111328125
2013-06-05,60.81059646606445
2013-06-06,60.50807571411133
2013-06-07,60.97629165649414
2013-06-10,60.363983154296875
2013-06-11,60.16230392456055
2013-06-12,59.938995361328125
2013-06-13,61.329227447509766
2013-06-14,60.4144172668457
2013-06-17,60.45042037963867
2013-06-18,60.904232025146484
2013-06-19,60.68815994262695
2013-06-20,59.93178176879883
2013-06-21,59.874183654785156
2013-06-24,58.72160720825195
2013-06-25,59.305110931396484
2013-06-26,59.13941955566406
2013-06-27,59.758934020996094
2013-06-28,59.42034912109375
2013-07-01,59.58602523803711
2013-07-02,59.41314697265625
2013-07-03,58.95935821533203
2013-07-05,59.16820526123047
2013-07-08,59.93178176879883
2013-07-09,61.46609878540039
2013-07-10,61.19956970214844
2013-07-11,62.45296859741211
2013-07-12,62.791526794433594
2013-07-15,62.95718002319336
2013-07-16,63.51185607910156
2013-07-17,62.431358337402344
2013-07-18,62.177490234375
2013-07-19,62.12668991088867
2013-07-22,62.380584716796875
2013-07-23,62.03240203857422
2013-07-24,60.52369689941406
2013-07-25,59.5806770324707
2013-07-26,59.522682189941406
2013-07-29,60.21901321411133
2013-07-30,60.342323303222656
2013-07-31,60.13924789428711
2013-08-01,61.24900817871094
2013-08-02,61.147483825683594
2013-08-05,60.61069869995117
2013-08-06,59.86360549926758
2013-08-07,59.791046142578125
2013-08-08,60.9008674621582
2013-08-09,61.29979705810547
2013-08-12,62.612693786621094
2013-08-13,62.79403305053711
2013-08-14,62.25001907348633
2013-08-15,62.27900314331055
2013-08-16,61.771278381347656
2013-08-19,61.0749397277832
2013-08-20,60.828311920166016
2013-08-21,60.16098403930664
2013-08-22,61.05322265625
2013-08-23,60.85006332397461
2013-08-26,60.61069869995117
2013-08-27,59.98687744140625
2013-08-28,59.80556106567383
2013-08-29,59.86360549926758
2013-08-30,59.870872497558594
2013-09-03,59.8491096496582
2013-09-04,60.59620666503906
2013-09-05,60.16825485229492
2013-09-06,60.487403869628906
2013-09-09,62.083187103271484
2013-09-10,62.82305145263672
2013-09-11,63.20022964477539
2013-09-12,62.9898796081543
2013-09-13,63.11318588256836
2013-09-16,63.23651885986328
2013-09-17,63.15668869018555
2013-09-18,63.71524429321289
2013-09-19,63.64997100830078
2013-09-20,61.47389221191406
2013-09-23,61.67698669433594
2013-09-24,61.73500442504883
2013-09-25,61.29253005981445
2013-09-26,61.0749397277832
2013-09-27,60.78478240966797
2013-09-30,60.49466323852539
2013-10-01,60.755794525146484
2013-10-02,60.980628967285156
2013-10-03,60.908111572265625
2013-10-04,61.0749397277832
2013-10-07,60.58894348144531
2013-10-08,60.095699310302734
2013-10-09,60.581695556640625
2013-10-10,61.45940017700195
2013-10-11,62.09770202636719
2013-10-14,62.554683685302734
2013-10-15,62.19923400878906
2013-10-16,62.57643127441406
2013-10-17,62.70790100097656
2013-10-18,63.796268463134766
2013-10-21,64.05919647216797
2013-10-22,65.13294219970703
2013-10-23,61.18132019042969
2013-10-24,61.74370193481445
2013-10-25,61.91901397705078
2013-10-28,61.561126708984375
2013-10-29,61.407737731933594
2013-10-30,60.98408126831055
2013-10-31,60.88913345336914
2013-11-01,61.05714416503906
2013-11-04,61.2762451171875
2013-11-05,61.39311981201172
2013-11-06,61.51731491088867
2013-11-07,61.100929260253906
2013-11-08,61.53191375732422
2013-11-11,61.466182708740234
2013-11-12,61.24705123901367
2013-11-13,61.502681732177734
2013-11-14,61.18132019042969
2013-11-15,61.16667938232422
2013-11-18,61.38581848144531
2013-11-19,61.11555862426758
2013-11-20,60.392425537109375
2013-11-21,59.983367919921875
2013-11-22,60.53851318359375
2013-11-25,61.648773193359375
2013-11-26,61.6195182800293
2013-11-27,61.845970153808594
2013-11-29,61.79487609863281
2013-12-02,61.539207458496094
2013-12-03,61.26164245605469
2013-12-04,61.334678649902344
2013-12-05,61.656070709228516
2013-12-06,62.4522590637207
2013-12-09,62.88320541381836
2013-12-10,63.12425994873047
2013-12-11,62.29154586791992
2013-12-12,62.503387451171875
2013-12-13,62.85396957397461
2013-12-16,63.825439453125
2013-12-17,63.4894905090332
2013-12-18,64.40251922607422
2013-12-19,63.94233322143555
2013-12-20,64.95761108398438
2013-12-23,65.7099838256836
2013-12-24,66.40392303466797
2013-12-26,66.5792236328125
2013-12-27,66.37467193603516
2013-12-30,66.37467193603516
2013-12-31,66.33086395263672
2014-01-02,65.6442642211914
2014-01-03,65.60774993896484
2014-01-06,64.7458267211914
2014-01-07,64.95761108398438
2014-01-08,65.11104583740234
2014-01-09,65.52739715576172
2014-01-10,66.11174011230469
2014-01-13,65.65885925292969
2014-01-14,66.14824676513672
2014-01-15,67.49957275390625
2014-01-16,67.64659881591797
2014-01-17,67.2275390625
2014-01-21,66.6099624633789
2014-01-22,65.90416717529297
2014-01-23,65.05131530761719
2014-01-24,63.35300064086914
2014-01-27,67.11725616455078
2014-01-28,67.98478698730469
2014-01-29,66.62467193603516
2014-01-30,68.52149963378906
2014-01-31,69.04352569580078
2014-02-03,67.94802856445312
2014-02-04,68.00686645507812
2014-02-05,67.60984802246094
2014-02-06,68.98469543457031
2014-02-07,69.74930572509766
2014-02-10,69.4772720336914
2014-02-11,69.81548309326172
2014-02-12,70.70508575439453
2014-02-13,70.66096496582031
2014-02-14,70.98445892333984
2014-02-18,70.99181365966797
2014-02-19,70.73448944091797
2014-02-20,71.25646209716797
2014-02-21,71.68290710449219
2014-02-24,71.55055236816406
2014-02-25,70.88151550292969
2014-02-26,71.46234130859375
2014-02-27,71.09471130371094
2014-02-28,71.29325103759766
2014-03-03,70.8080062866211
2014-03-04,71.33000183105469
2014-03-05,70.85212707519531
2014-03-06,71.75640869140625
2014-03-07,71.35206604003906
2014-03-10,71.1314926147461
2014-03-11,71.19767761230469
2014-03-12,71.1829605102539
2014-03-13,70.2933578491211
2014-03-14,70.13162994384766
2014-03-17,70.33744049072266
2014-03-18,70.88151550292969
2014-03-19,70.6094970703125
2014-03-20,70.73448944091797
2014-03-21,71.60201263427734
2014-03-24,71.20502471923828
2014-03-25,72.48429107666016
2014-03-26,71.90347290039062
2014-03-27,72.38134765625
2014-03-28,73.07244873046875
2014-03-31,73.05775451660156
2014-04-01,73.38125610351562
2014-04-02,75.45451354980469
2014-04-03,75.39569854736328
2014-04-04,75.1163330078125
2014-04-07,74.33702850341797
2014-04-08,75.27806854248047
2014-04-09,75.71918487548828
2014-04-10,75.18250274658203
2014-04-11,74.58699798583984
2014-04-14,75.56481170654297
2014-04-15,75.35895538330078
2014-04-16,76.12066650390625
2014-04-17,76.04673767089844
2014-04-21,75.90618133544922
2014-04-22,76.68273162841797
2014-04-23,76.45346069335938
2014-04-24,77.85860443115234
2014-04-25,77.42224884033203
2014-04-28,77.104248046875
2014-04-29,77.87336730957031
2014-04-30,77.94732666015625
2014-05-01,77.70330047607422
2014-05-02,77.6589126586914
2014-05-05,77.29654693603516
2014-05-06,76.81584167480469
2014-05-07,77.3705062866211
2014-05-08,77.60712432861328
2014-05-09,77.69590759277344
2014-05-12,78.5389633178711
2014-05-13,79.24152374267578
2014-05-14,78.78300476074219
2014-05-15,77.6441421508789
2014-05-16,78.41322326660156
2014-05-19,77.93994140625
2014-05-20,75.10749816894531
2014-05-21,76.08372497558594
2014-05-22,76.23161315917969
2014-05-23,76.93416595458984
2014-05-27,76.67532348632812
2014-05-28,76.10588836669922
2014-05-29,76.61615753173828
2014-05-30,75.60297393798828
2014-06-02,76.7344970703125
2014-06-03,77.27433013916016
2014-06-04,77.14124298095703
2014-06-05,79.10100555419922
2014-06-06,80.00323486328125
2014-06-09,80.4247817993164
2014-06-10,80.83892059326172
2014-06-11,80.38042449951172
2014-06-12,78.87176513671875
2014-06-13,78.96051025390625
2014-06-16,78.99008178710938
2014-06-17,78.88655090332031
2014-06-18,79.48558807373047
2014-06-19,79.31548309326172
2014-06-20,80.89068603515625
2014-06-23,80.44697570800781
2014-06-24,79.7296142578125
2014-06-25,80.19551849365234
2014-06-26,80.25466918945312
2014-06-27,80.44697570800781
2014-06-30,80.36561584472656
2014-07-01,80.73538970947266
2014-07-02,81.02379608154297
2014-07-03,82.14790344238281
2014-07-07,81.46752166748047
2014-07-08,80.9498291015625
2014-07-09,81.4527587890625
2014-07-10,80.87590789794922
2014-07-11,81.31961822509766
2014-07-14,81.41578674316406
2014-07-15,81.23828887939453
2014-07-16,82.3845443725586
2014-07-17,81.1714859008789
2014-07-18,81.99011993408203
2014-07-21,82.0347900390625
2014-07-22,81.90827178955078
2014-07-23,80.65797424316406
2014-07-24,78.17230224609375
2014-07-25,78.03089904785156
2014-07-28,77.50996398925781
2014-07-29,77.91183471679688
2014-07-30,76.93689727783203
2014-07-31,74.97964477539062
2014-08-01,74.8084487915039
2014-08-04,75.76848602294922
2014-08-05,75.53777313232422
2014-08-06,75.53036499023438
2014-08-07,75.8652114868164
2014-08-08,76.86247253417969
2014-08-11,77.77042388916016
2014-08-12,77.64390563964844
2014-08-13,78.2615966796875
2014-08-14,78.63371276855469
2014-08-15,78.6932601928711
2014-08-18,79.61608123779297
2014-08-19,79.854248046875
2014-08-20,80.15192413330078
2014-08-21,80.35285949707031
2014-08-22,79.86166381835938
2014-08-25,80.35285949707031
2014-08-26,80.41985321044922
2014-08-27,80.78450012207031
2014-08-28,80.85891723632812
2014-08-29,81.1714859008789
2014-09-02,81.05987548828125
2014-09-03,80.71752166748047
2014-09-04,80.98542022705078
2014-09-05,80.77705383300781
2014-09-08,80.3082046508789
2014-09-09,79.92862701416016
2014-09-10,78.83464813232422
2014-09-11,78.58161163330078
2014-09-12,78.15742492675781
2014-09-15,78.03836059570312
2014-09-16,78.03836059570312
2014-09-17,77.390869140625
2014-09-18,77.6513671875
2014-09-19,76.2894515991211
2014-09-22,75.09125518798828
2014-09-23,74.41400146484375
2014-09-24,75.31451416015625
2014-09-25,74.0567855834961
2014-09-26,74.70426940917969
2014-09-29,74.2949447631836
2014-09-30,73.69959259033203
2014-10-01,72.64279174804688
2014-10-02,72.49395751953125
2014-10-03,72.47905731201172
2014-10-06,72.93303680419922
2014-10-07,70.47711944580078
2014-10-08,71.9283447265625
2014-10-09,69.58407592773438
2014-10-10,69.30870056152344
2014-10-13,68.22959899902344
2014-10-14,69.0631103515625
2014-10-15,68.9068374633789
2014-10-16,69.9191665649414
2014-10-17,71.27645111083984
2014-10-20,70.5115966796875
2014-10-21,71.90638732910156
2014-10-22,70.9165267944336
2014-10-23,74.44095611572266
2014-10-24,74.5684585571289
2014-10-27,73.8935775756836
2014-10-28,75.85826873779297
2014-10-29,75.13087463378906
2014-10-30,75.10836791992188
2014-10-31,76.04572296142578
2014-11-03,75.15337371826172
2014-11-04,73.94606018066406
2014-11-05,74.54596710205078
2014-11-06,75.67079162597656
2014-11-07,76.30819702148438
2014-11-10,76.64563751220703
2014-11-11,76.88558959960938
2014-11-12,77.23054504394531
2014-11-13,75.82076263427734
2014-11-14,75.99322509765625
2014-11-17,76.26319122314453
2014-11-18,76.51814270019531
2014-11-19,75.96324157714844
2014-11-20,76.5556411743164
2014-11-21,79.82514190673828
2014-11-24,79.45768737792969
2014-11-25,79.66765594482422
2014-11-26,79.33023071289062
2014-11-28,75.43831634521484
2014-12-01,74.238525390625
2014-12-02,74.62094116210938
2014-12-03,75.12336730957031
2014-12-04,74.74092102050781
2014-12-05,74.07354736328125
2014-12-08,71.42643737792969
2014-12-09,71.576416015625
2014-12-10,69.75420379638672
2014-12-11,69.50672912597656
2014-12-12,67.864501953125
2014-12-15,67.30208587646484
2014-12-16,66.9946060180664
2014-12-17,67.30208587646484
2014-12-18,68.75686645507812
2014-12-19,68.77183532714844
2014-12-22,69.22930908203125
2014-12-23,70.11414337158203
2014-12-24,70.27912139892578
2014-12-26,70.66156005859375
2014-12-29,70.2716293334961
2014-12-30,69.4317398071289
2014-12-31,68.63687896728516
2015-01-02,68.89935302734375
2015-01-05,65.26239013671875
2015-01-06,64.84244537353516
2015-01-07,65.8472900390625
2015-01-08,66.522216796875
2015-01-09,65.72733306884766
2015-01-12,65.15739440917969
2015-01-13,64.76748657226562
2015-01-14,64.54251098632812
2015-01-15,63.748680114746094
2015-01-16,63.40089797973633
2015-01-20,63.48405838012695
2015-01-21,64.54249572753906
2015-01-22,65.63872528076172
2015-01-23,64.72395324707031
2015-01-26,65.04148864746094
2015-01-27,60.36918640136719
2015-01-28,60.49015808105469
2015-01-29,60.48261260986328
2015-01-30,60.459922790527344
2015-02-02,61.1176872253418
2015-02-03,63.446258544921875
2015-02-04,61.95686340332031
2015-02-05,63.1816520690918
2015-02-06,62.90946960449219
2015-02-09,64.01325988769531
2015-02-10,63.43114471435547
2015-02-11,63.0606689453125
2015-02-12,63.15141296386719
2015-02-13,64.36105346679688
2015-02-17,64.5500717163086
2015-02-18,64.11156463623047
2015-02-19,62.97752380371094
2015-02-20,63.839412689208984
2015-02-23,63.121158599853516
2015-02-24,63.884761810302734
2015-02-25,64.37618255615234
2015-02-26,63.35555648803711
2015-02-27,62.675106048583984
2015-03-02,62.75072479248047
2015-03-03,62.62974548339844
2015-03-04,61.790565490722656
2015-03-05,61.62422561645508
2015-03-06,60.52796173095703
2015-03-09,61.09498596191406
2015-03-10,60.414573669433594
2015-03-11,60.25579071044922
2015-03-12,60.626258850097656
2015-03-13,59.900489807128906
2015-03-16,60.459922790527344
2015-03-17,59.310752868652344
2015-03-18,61.48814392089844
2015-03-19,60.55062484741211
2015-03-20,61.38228988647461
2015-03-23,61.30671310424805
2015-03-24,60.84551239013672
2015-03-25,60.37677001953125
2015-03-26,60.39188003540039
2015-03-27,60.23312759399414
2015-03-30,61.51837158203125
2015-03-31,60.505287170410156
2015-04-01,60.2104377746582
2015-04-02,60.66403579711914
2015-04-06,61.60910415649414
2015-04-07,60.89085006713867
2015-04-08,60.815284729003906
2015-04-09,60.996707916259766
2015-04-10,62.44829559326172
2015-04-13,62.10053253173828
2015-04-14,62.75072479248047
2015-04-15,64.38373565673828
2015-04-16,64.29226684570312
2015-04-17,63.4842414855957
2015-04-20,64.49047088623047
2015-04-21,63.97209167480469
2015-04-22,64.6962890625
2015-04-23,64.63531494140625
2015-04-24,64.49047088623047
2015-04-27,65.04694366455078
2015-04-28,65.71016693115234
2015-04-29,66.70111846923828
2015-04-30,66.22850036621094
2015-05-01,66.60206604003906
2015-05-04,66.5487060546875
2015-05-05,66.31999206542969
2015-05-06,66.31238555908203
2015-05-07,65.88545989990234
2015-05-08,66.55628967285156
2015-05-11,67.66924285888672
2015-05-12,67.20425415039062
2015-05-13,67.41770935058594
2015-05-14,67.6463851928711
2015-05-15,67.41008758544922
2015-05-18,67.30331420898438
2015-05-19,66.50294494628906
2015-05-20,67.02890014648438
2015-05-21,68.09614562988281
2015-05-22,67.56250762939453
2015-05-26,66.96031188964844
2015-05-27,67.02130126953125
2015-05-28,65.56529235839844
2015-05-29,65.03931427001953
2015-06-01,65.19942474365234
2015-06-02,65.6872787475586
2015-06-03,65.7330093383789
2015-06-04,65.15364837646484
2015-06-05,65.59579467773438
2015-06-08,65.6720199584961
2015-06-09,66.11417388916016
2015-06-10,67.44818115234375
2015-06-11,67.21186065673828
2015-06-12,66.96793365478516
2015-06-15,66.41905212402344
2015-06-16,66.0074234008789
2015-06-17,66.51057434082031
2015-06-18,66.65541076660156
2015-06-19,66.71636199951172
2015-06-22,67.28811645507812
2015-06-23,67.42532348632812
2015-06-24,67.21186065673828
2015-06-25,66.10652923583984
2015-06-26,66.18274688720703
2015-06-29,65.02407836914062
2015-06-30,64.65819549560547
2015-07-01,63.99497604370117
2015-07-02,64.32276153564453
2015-07-06,63.3851318359375
2015-07-07,64.02544403076172
2015-07-08,62.71431350708008
2015-07-09,62.272186279296875
2015-07-10,62.62281799316406
2015-07-13,63.75865173339844
2015-07-14,64.38374328613281
2015-07-15,64.15507507324219
2015-07-16,64.4397201538086
2015-07-17,63.97812271118164
2015-07-20,63.278018951416016
2015-07-21,63.25494384765625
2015-07-22,61.36236572265625
2015-07-23,59.14665222167969
2015-07-24,58.54658126831055
2015-07-27,57.94648361206055
2015-07-28,59.83905792236328
2015-07-29,59.49288558959961
2015-07-30,60.2775993347168
2015-07-31,60.493003845214844
2015-08-03,59.439029693603516
2015-08-04,58.93124008178711
2015-08-05,59.14665222167969
2015-08-06,59.5928955078125
2015-08-07,59.46209716796875
2015-08-10,61.67007827758789
2015-08-11,60.03910827636719
2015-08-12,60.71611785888672
2015-08-13,59.82367706298828
2015-08-14,60.38529968261719
2015-08-17,60.42379379272461
2015-08-18,60.639183044433594
2015-08-19,59.554443359375
2015-08-20,58.78507995605469
2015-08-21,57.700294494628906
2015-08-24,56.023162841796875
2015-08-25,55.43845748901367
2015-08-26,56.83094024658203
2015-08-27,58.20810317993164
2015-08-28,58.431175231933594
2015-08-31,58.808143615722656
2015-09-01,57.62339401245117
2015-09-02,58.54658126831055
2015-09-03,57.27717971801758
2015-09-04,56.23857879638672
2015-09-08,57.16177749633789
2015-09-09,56.130863189697266
2015-09-10,55.715423583984375
2015-09-11,55.87697982788086
2015-09-14,55.98468017578125
2015-09-15,57.37718200683594
2015-09-16,58.19268798828125
2015-09-17,56.977134704589844
2015-09-18,55.28459930419922
2015-09-21,55.51539993286133
2015-09-22,55.1461067199707
2015-09-23,54.00749206542969
2015-09-24,50.62242126464844
2015-09-25,49.99155807495117
2015-09-28,49.07604217529297
2015-09-29,49.476104736328125
2015-09-30,50.283912658691406
2015-10-01,49.537635803222656
2015-10-02,50.545475006103516
2015-10-05,53.2227668762207
2015-10-06,54.4844856262207
2015-10-07,54.14598083496094
2015-10-08,55.269203186035156
2015-10-09,54.85375213623047
2015-10-12,54.23828887939453
2015-10-13,53.984413146972656
2015-10-14,54.39984893798828
2015-10-15,54.49217224121094
2015-10-16,53.607444763183594
2015-10-19,53.29200744628906
2015-10-20,54.06134796142578
2015-10-21,53.59974670410156
2015-10-22,55.14006042480469
2015-10-23,55.816871643066406
2015-10-26,55.63793182373047
2015-10-27,54.75885772705078
2015-10-28,55.98801040649414
2015-10-29,55.98801040649414
2015-10-30,56.78150177001953
2015-11-02,57.831703186035156
2015-11-03,58.15066146850586
2015-11-04,57.99509048461914
2015-11-05,57.73835754394531
2015-11-06,57.442745208740234
2015-11-09,55.92577362060547
2015-11-10,56.34584426879883
2015-11-11,55.94133758544922
2015-11-12,53.41304397583008
2015-11-13,54.167633056640625
2015-11-16,54.75885772705078
2015-11-17,53.98093795776367
2015-11-18,54.70441818237305
2015-11-19,54.47103500366211
2015-11-20,55.34232711791992
2015-11-23,55.24895477294922
2015-11-24,55.54460144042969
2015-11-25,55.61460876464844
2015-11-27,55.404563903808594
2015-11-30,56.516998291015625
2015-12-01,55.66904067993164
2015-12-02,55.256744384765625
2015-12-03,54.17540740966797
2015-12-04,54.43992614746094
2015-12-07,53.1796760559082
2015-12-08,51.76380920410156
2015-12-09,51.27372360229492
2015-12-10,51.639347076416016
2015-12-11,50.90031433105469
2015-12-14,51.43708801269531
2015-12-15,51.92717361450195
2015-12-16,52.681785583496094
2015-12-17,50.48800277709961
2015-12-18,50.651371002197266
2015-12-21,50.752498626708984
2015-12-22,53.218570709228516
2015-12-23,54.36991500854492
2015-12-24,53.9731559753418
2015-12-28,53.35080337524414
2015-12-29,53.825340270996094
2015-12-30,53.4363899230957
2015-12-31,52.868492126464844
2016-01-04,52.891815185546875
2016-01-05,52.33948516845703
2016-01-06,51.5148811340332
2016-01-07,49.74119186401367
2016-01-08,49.23551940917969
2016-01-11,47.81968688964844
2016-01-12,47.92081832885742
2016-01-13,47.36848449707031
2016-01-14,48.4420280456543
2016-01-15,47.15813064575195
2016-01-19,46.496482849121094
2016-01-20,46.32319641113281
2016-01-21,47.01634216308594
2016-01-22,48.032447814941406
2016-01-25,45.614280700683594
2016-01-26,46.598873138427734
2016-01-27,45.937232971191406
2016-01-28,48.1112174987793
2016-01-29,49.02492141723633
2016-02-01,49.38724136352539
2016-02-02,47.788246154785156
2016-02-03,49.83622360229492
2016-02-04,51.95506286621094
2016-02-05,52.08108901977539
2016-02-08,50.868064880371094
2016-02-09,50.3560905456543
2016-02-10,48.94614791870117
2016-02-11,48.37115478515625
2016-02-12,49.741695404052734
2016-02-16,51.36431121826172
2016-02-17,52.97905731201172
2016-02-18,52.08108901977539
2016-02-19,51.52971267700195
2016-02-22,53.018428802490234
2016-02-23,51.813270568847656
2016-02-24,51.89204788208008
2016-02-25,52.35678482055664
2016-02-26,52.67185974121094
2016-02-29,53.325626373291016
2016-03-01,54.420494079589844
2016-03-02,54.64891815185547
2016-03-03,56.515724182128906
2016-03-04,57.374271392822266
2016-03-07,58.89447784423828
2016-03-08,56.499961853027344
2016-03-09,56.6102180480957
2016-03-10,56.208534240722656
2016-03-11,57.3427848815918
2016-03-14,57.287628173828125
2016-03-15,57.0592041015625
2016-03-16,58.5557746887207
2016-03-17,59.78456115722656
2016-03-18,59.44586944580078
2016-03-21,59.77670669555664
2016-03-22,59.50889205932617
2016-03-23,58.035919189453125
2016-03-24,59.3040657043457
2016-03-28,59.327701568603516
2016-03-29,59.87123489379883
2016-03-30,60.26504135131836
2016-03-31,60.28868865966797
2016-04-01,60.485591888427734
2016-04-04,59.642784118652344
2016-04-05,59.26468276977539
2016-04-06,59.24895477294922
2016-04-07,58.42186737060547
2016-04-08,58.563663482666016
2016-04-11,58.78421401977539
2016-04-12,59.942100524902344
2016-04-13,62.328765869140625
2016-04-14,62.26573944091797
2016-04-15,62.36026382446289
2016-04-18,62.42325210571289
2016-04-19,63.321231842041016
2016-04-20,62.80924606323242
2016-04-21,62.56264877319336
2016-04-22,62.29227066040039
2016-04-25,61.075355529785156
2016-04-26,61.75935363769531
2016-04-27,62.57856369018555
2016-04-28,61.83891296386719
2016-04-29,61.81503677368164
2016-05-02,61.910457611083984
2016-05-03,60.73334884643555
2016-05-04,59.04719543457031
2016-05-05,57.89392852783203
2016-05-06,58.34729766845703
2016-05-09,56.29526138305664
2016-05-10,57.671226501464844
2016-05-11,57.60759735107422
2016-05-12,57.027000427246094
2016-05-13,55.7305793762207
2016-05-16,56.23164367675781
2016-05-17,56.510032653808594
2016-05-18,56.14414596557617
2016-05-19,55.22153854370117
2016-05-20,55.571495056152344
2016-05-23,55.9930534362793
2016-05-24,56.54182434082031
2016-05-25,57.718963623046875
2016-05-26,57.329254150390625
2016-05-27,57.233795166015625
2016-05-31,57.671226501464844
2016-06-01,57.48035430908203
2016-06-02,58.5540771484375
2016-06-03,59.68348693847656
2016-06-06,60.78109359741211
2016-06-07,61.091251373291016
2016-06-08,62.125240325927734
2016-06-09,61.36963653564453
2016-06-10,60.470890045166016
2016-06-13,59.83458709716797
2016-06-14,59.540313720703125
2016-06-15,59.707340240478516
2016-06-16,59.64370346069336
2016-06-17,60.391361236572266
2016-06-20,60.789031982421875
2016-06-21,60.83673095703125
2016-06-22,60.789031982421875
2016-06-23,62.21272659301758
2016-06-24,58.08482360839844
2016-06-27,56.77248764038086
2016-06-28,57.679176330566406
2016-06-29,59.03925704956055
2016-06-30,60.2958984375
2016-07-01,60.804931640625
2016-07-05,59.15854263305664
2016-07-06,59.51646041870117
2016-07-07,59.691436767578125
2016-07-08,61.53666305541992
2016-07-11,61.8786506652832
2016-07-12,63.469383239746094
2016-07-13,63.381866455078125
2016-07-14,63.67615509033203
2016-07-15,64.18517303466797
2016-07-18,64.09687042236328
2016-07-19,64.0326156616211
2016-07-20,63.99247741699219
2016-07-21,64.24943542480469
2016-07-22,63.7435302734375
2016-07-25,63.189456939697266
2016-07-26,66.44970703125
2016-07-27,67.53376770019531
2016-07-28,66.58621215820312
2016-07-29,66.45775604248047
2016-08-01,65.80728912353516
2016-08-02,65.2371597290039
2016-08-03,65.87153625488281
2016-08-04,65.6627426147461
2016-08-05,66.29713439941406
2016-08-08,67.00379180908203
2016-08-09,66.5139389038086
2016-08-10,66.36940002441406
2016-08-11,66.8431625366211
2016-08-12,66.65045166015625
2016-08-15,67.57394409179688
2016-08-16,67.68633270263672
2016-08-17,67.78272247314453
2016-08-18,66.95561218261719
2016-08-19,67.32498931884766
2016-08-22,67.12425231933594
2016-08-23,67.46151733398438
2016-08-24,66.77091979980469
2016-08-25,66.52195739746094
2016-08-26,66.37745666503906
2016-08-29,66.73075866699219
2016-08-30,66.23291778564453
2016-08-31,65.80728912353516
2016-09-01,65.4057846069336
2016-09-02,65.59852600097656
2016-09-06,65.91167449951172
2016-09-07,67.22865295410156
2016-09-08,67.08409118652344
2016-09-09,64.87577819824219
2016-09-12,65.78321838378906
2016-09-13,64.42609405517578
2016-09-14,65.06047821044922
2016-09-15,65.87153625488281
2016-09-16,65.8875961303711
2016-09-19,65.7510757446289
2016-09-20,65.6065444946289
2016-09-21,67.0278549194336
2016-09-22,67.05197143554688
2016-09-23,66.20076751708984
2016-09-26,66.14456176757812
2016-09-27,66.55411529541016
2016-09-28,69.53330993652344
2016-09-29,70.23993682861328
2016-09-30,71.28388214111328
2016-10-03,70.89041900634766
2016-10-04,70.2720947265625
2016-10-05,71.80583953857422
2016-10-06,71.70143127441406
2016-10-07,71.04296875
2016-10-10,70.84220886230469
2016-10-11,70.23993682861328
2016-10-12,70.32828521728516
2016-10-13,69.83842468261719
2016-10-14,70.40056610107422
2016-10-17,70.09539794921875
2016-10-18,70.03921508789062
2016-10-19,70.6655502319336
2016-10-20,70.17948150634766
2016-10-21,69.93648529052734
2016-10-24,69.6610107421875
2016-10-25,68.4377670288086
2016-10-26,68.15420532226562
2016-10-27,67.24690246582031
2016-10-28,67.95169830322266
2016-10-31,67.61144256591797
2016-11-01,66.62310791015625
2016-11-02,65.70769500732422
2016-11-03,65.8373031616211
2016-11-04,66.6798324584961
2016-11-07,67.84638214111328
2016-11-08,68.59979248046875
2016-11-09,73.88166046142578
2016-11-10,75.70439910888672
2016-11-11,75.34796905517578
2016-11-14,76.2876968383789
2016-11-15,76.50640106201172
2016-11-16,75.6233901977539
2016-11-17,75.1616439819336
2016-11-18,74.80518341064453
2016-11-21,75.25885009765625
2016-11-22,75.84212493896484
2016-11-23,77.916015625
2016-11-25,77.61627197265625
2016-11-28,76.87904357910156
2016-11-29,76.182373046875
2016-11-30,77.41374206542969
2016-12-01,77.96460723876953
2016-12-02,77.073486328125
2016-12-05,76.5145034790039
2016-12-06,77.13829040527344
2016-12-07,78.84761810302734
2016-12-08,77.98889923095703
2016-12-09,77.38945770263672
2016-12-12,77.0248794555664
2016-12-13,77.78638458251953
2016-12-14,75.93936157226562
2016-12-15,76.57933807373047
2016-12-16,74.9996109008789
2016-12-19,75.10494995117188
2016-12-20,76.42538452148438
2016-12-21,76.00415802001953
2016-12-22,76.24717712402344
2016-12-23,76.4092025756836
2016-12-27,76.59549713134766
2016-12-28,75.46138000488281
2016-12-29,75.57477569580078
2016-12-30,75.12921905517578
2017-01-03,76.14189147949219
2017-01-04,75.80162048339844
2017-01-05,75.33984375
2017-01-06,75.37225341796875
2017-01-09,74.82948303222656
2017-01-10,76.01226043701172
2017-01-11,76.6765365600586
2017-01-12,76.14189147949219
2017-01-13,76.5388412475586
2017-01-17,75.80162048339844
2017-01-18,76.23453521728516
2017-01-19,76.2753677368164
2017-01-20,77.25556182861328
2017-01-23,77.15756225585938
2017-01-24,78.61150360107422
2017-01-25,80.1716537475586
2017-01-26,79.41199493408203
2017-01-27,80.85779571533203
2017-01-30,79.06078338623047
2017-01-31,78.13776397705078
2017-02-01,77.6884994506836
2017-02-02,76.59394073486328
2017-02-03,76.19371795654297
2017-02-06,75.85877990722656
2017-02-07,76.21821594238281
2017-02-08,75.89149475097656
2017-02-09,76.74915313720703
2017-02-10,78.66869354248047
2017-02-13,80.45752716064453
2017-02-14,80.12264251708984
2017-02-15,80.88229370117188
2017-02-16,80.26151275634766
2017-02-17,80.74345397949219
2017-02-21,80.13080596923828
2017-02-22,80.21248626708984
2017-02-23,78.04790496826172
2017-02-24,77.99075317382812
2017-02-27,79.5916976928711
2017-02-28,78.95458984375
2017-03-01,80.52291107177734
2017-03-02,77.07588958740234
2017-03-03,77.6966781616211
2017-03-06,78.13776397705078
2017-03-07,78.35831451416016
2017-03-08,76.15284729003906
2017-03-09,74.6498794555664
2017-03-10,75.4013671875
2017-03-13,75.67091369628906
2017-03-14,75.03379821777344
2017-03-15,76.25904846191406
2017-03-16,75.84248352050781
2017-03-17,75.89149475097656
2017-03-20,77.92537689208984
2017-03-21,75.49939727783203
2017-03-22,75.49939727783203
2017-03-23,75.33602905273438
2017-03-24,75.27067565917969
2017-03-27,74.7479019165039
2017-03-28,75.92415618896484
2017-03-29,75.85065460205078
2017-03-30,76.14468383789062
2017-03-31,75.76895141601562
2017-04-03,75.36872100830078
2017-04-04,76.88800048828125
2017-04-05,76.97782135009766
2017-04-06,78.26842498779297
2017-04-07,78.02339172363281
2017-04-10,79.34666442871094
2017-04-11,79.3139419555664
2017-04-12,77.48429870605469
2017-04-13,76.04666137695312
2017-04-17,76.89617156982422
2017-04-18,77.10038757324219
2017-04-19,76.34890747070312
2017-04-20,77.96316528320312
2017-04-21,77.6831283569336
2017-04-24,79.73395538330078
2017-04-25,86.00164031982422
2017-04-26,86.19930267333984
2017-04-27,84.56854248046875
2017-04-28,84.22264099121094
2017-05-01,84.00849151611328
2017-05-02,83.60491943359375
2017-05-03,83.6296615600586
2017-05-04,81.85887908935547
2017-05-05,82.06477355957031
2017-05-08,81.84241485595703
2017-05-09,81.77649688720703
2017-05-10,82.65775299072266
2017-05-11,83.17664337158203
2017-05-12,82.94605255126953
2017-05-15,84.35441589355469
2017-05-16,84.28851318359375
2017-05-17,82.47657012939453
2017-05-18,82.54248809814453
2017-05-19,84.3626480102539
2017-05-22,84.24734497070312
2017-05-23,85.35099029541016
2017-05-24,85.61455535888672
2017-05-25,86.49580383300781
2017-05-26,87.02291107177734
2017-05-30,86.86643981933594
2017-05-31,86.83348083496094
2017-06-01,87.01468658447266
2017-06-02,87.26175689697266
2017-06-05,86.64405822753906
2017-06-06,86.10871124267578
2017-06-07,85.25212860107422
2017-06-08,86.4875717163086
2017-06-09,87.23705291748047
2017-06-12,87.360595703125
2017-06-13,87.09703826904297
2017-06-14,86.24049377441406
2017-06-15,87.63237762451172
2017-06-16,88.6207275390625
2017-06-19,88.53011322021484
2017-06-20,88.15951538085938
2017-06-21,85.21918487548828
2017-06-22,85.52393341064453
2017-06-23,85.74633026123047
2017-06-26,85.86164855957031
2017-06-27,85.5980453491211
2017-06-28,87.67357635498047
2017-06-29,87.00645446777344
2017-06-30,88.50540924072266
2017-07-03,88.10183715820312
2017-07-05,88.53011322021484
2017-07-06,87.72300720214844
2017-07-07,88.06066131591797
2017-07-10,88.81841278076172
2017-07-11,89.1478500366211
2017-07-12,89.7408447265625
2017-07-13,89.33727264404297
2017-07-14,89.58435821533203
2017-07-17,89.64201354980469
2017-07-18,88.82074737548828
2017-07-19,89.46780395507812
2017-07-20,89.02816009521484
2017-07-21,88.42256164550781
2017-07-24,89.74154663085938
2017-07-25,95.01753997802734
2017-07-26,94.17138671875
2017-07-27,94.87651824951172
2017-07-28,94.65254211425781
2017-07-31,94.52811431884766
2017-08-01,93.82298278808594
2017-08-02,93.81465911865234
2017-08-03,94.20457458496094
2017-08-04,94.85993194580078
2017-08-07,95.15858459472656
2017-08-08,94.9096908569336
2017-08-09,94.85163879394531
2017-08-10,93.86446380615234
2017-08-11,93.61558532714844
2017-08-14,94.32901763916016
2017-08-15,94.27923583984375
2017-08-16,94.66914367675781
2017-08-17,93.85615539550781
2017-08-18,94.50324249267578
2017-08-21,94.23777770996094
2017-08-22,96.07939910888672
2017-08-23,95.19175720214844
2017-08-24,95.21664428710938
2017-08-25,95.68949127197266
2017-08-28,95.45721435546875
2017-08-29,96.23699188232422
2017-08-30,97.51449584960938
2017-08-31,97.4647445678711
2017-09-01,98.12007141113281
2017-09-05,98.13668060302734
2017-09-06,97.04166412353516
2017-09-07,97.69702911376953
2017-09-08,97.73847198486328
2017-09-11,98.60952758789062
2017-09-12,100.32671356201172
2017-09-13,99.24000549316406
2017-09-14,99.94515228271484
2017-09-15,100.68340301513672
2017-09-18,102.72412872314453
2017-09-19,103.47903442382812
2017-09-20,103.57026672363281
2017-09-21,103.52049255371094
2017-09-22,103.22187805175781
2017-09-25,103.13063049316406
2017-09-26,103.28826141357422
2017-09-27,103.2965316772461
2017-09-28,103.88553619384766
2017-09-29,103.45413970947266
2017-10-02,103.46243286132812
2017-10-03,104.11780548095703
2017-10-04,105.13814544677734
2017-10-05,104.85609436035156
2017-10-06,105.29576873779297
2017-10-09,105.25428009033203
2017-10-10,106.34101867675781
2017-10-11,106.68113708496094
2017-10-12,107.83421325683594
2017-10-13,108.4314956665039
2017-10-16,109.06196594238281
2017-10-17,108.29045104980469
2017-10-18,108.9126205444336
2017-10-19,109.12831115722656
2017-10-20,109.62071228027344
2017-10-23,109.88771057128906
2017-10-24,115.36209106445312
2017-10-25,114.19378662109375
2017-10-26,114.2771987915039
2017-10-27,115.00322723388672
2017-10-30,113.90168762207031
2017-10-31,113.32586669921875
2017-11-01,113.73478698730469
2017-11-02,113.88499450683594
2017-11-03,114.01851654052734
2017-11-06,114.91980743408203
2017-11-07,115.83776092529297
2017-11-08,114.5693130493164
2017-11-09,112.94202423095703
2017-11-10,113.8933334350586
2017-11-13,113.93508911132812
2017-11-14,114.77791595458984
2017-11-15,111.90721893310547
2017-11-16,113.7931900024414
2017-11-17,113.60124969482422
2017-11-20,114.25218200683594
2017-11-21,114.82801055908203
2017-11-22,115.17013549804688
2017-11-24,114.65276336669922
2017-11-27,114.48588562011719
2017-11-28,115.98794555664062
2017-11-29,115.21186828613281
2017-11-30,117.79048919677734
2017-12-01,118.09925842285156
2017-12-04,118.08258819580078
2017-12-05,116.94767761230469
2017-12-06,117.11454772949219
2017-12-07,119.2425537109375
2017-12-08,120.05198669433594
2017-12-11,119.97689819335938
2017-12-12,119.6848373413086
2017-12-13,123.9825210571289
2017-12-14,122.07154083251953
2017-12-15,122.4136734008789
2017-12-18,124.98397827148438
2017-12-19,125.93524932861328
2017-12-20,127.27880096435547
2017-12-21,129.04791259765625
2017-12-22,129.97427368164062
2017-12-26,130.55007934570312
2017-12-27,131.4513702392578
2017-12-28,132.202392578125
2017-12-29,131.50140380859375
2018-01-02,131.05079650878906
2018-01-03,131.25106811523438
2018-01-04,133.0536346435547
2018-01-05,135.1565704345703
2018-01-08,138.552978515625
2018-01-09,138.88677978515625
2018-01-10,138.41946411132812
2018-01-11,141.1984100341797
2018-01-12,142.1163330078125
2018-01-16,141.29013061523438
2018-01-17,140.61419677734375
2018-01-18,140.88963317871094
2018-01-19,142.86819458007812
2018-01-22,143.2705841064453
2018-01-23,142.04656982421875
2018-01-24,141.13275146484375
2018-01-25,141.9962921142578
2018-01-26,140.0596160888672
2018-01-29,136.3037109375
2018-01-30,137.29298400878906
2018-01-31,136.4713134765625
2018-02-01,136.0186309814453
2018-02-02,132.03636169433594
2018-02-05,126.66230773925781
2018-02-06,131.13088989257812
2018-02-07,129.3953857421875
2018-02-08,122.39498901367188
2018-02-09,125.09452819824219
2018-02-12,127.67674255371094
2018-02-13,129.08518981933594
2018-02-14,132.5142059326172
2018-02-15,134.12391662597656
2018-02-16,131.0302734375
2018-02-20,130.41822814941406
2018-02-21,130.1415557861328
2018-02-22,133.18490600585938
2018-02-23,136.16116333007812
2018-02-26,137.23428344726562
2018-02-27,135.197021484375
2018-02-28,129.63861083984375
2018-03-01,125.94969177246094
2018-03-02,122.721923828125
2018-03-05,126.69586181640625
2018-03-06,128.90078735351562
2018-03-07,127.02279663085938
2018-03-08,128.76661682128906
2018-03-09,132.67349243164062
2018-03-12,129.52955627441406
2018-03-13,128.85052490234375
2018-03-14,127.8863296508789
2018-03-15,129.58828735351562
2018-03-16,131.17282104492188
2018-03-19,127.5593490600586
2018-03-20,129.16070556640625
2018-03-21,130.61941528320312
2018-03-22,123.15788269042969
2018-03-23,120.9697036743164
2018-03-26,125.0777587890625
2018-03-27,123.23334503173828
2018-03-28,121.6991195678711
2018-03-29,123.5603256225586
2018-04-02,120.6343765258789
2018-04-03,121.61529541015625
2018-04-04,121.71588897705078
2018-04-05,124.18910217285156
2018-04-06,119.87985229492188
2018-04-09,119.9552993774414
2018-04-10,124.15559387207031
2018-04-11,123.06568908691406
2018-04-12,125.87425231933594
2018-04-13,125.94969177246094
2018-04-16,127.55101013183594
2018-04-17,128.53192138671875
2018-04-18,130.74522399902344
2018-04-19,130.53565979003906
2018-04-20,129.12850952148438
2018-04-23,129.7519989013672
2018-04-24,121.7051773071289
2018-04-25,122.33712005615234
2018-04-26,123.28083038330078
2018-04-27,121.94111633300781
2018-04-30,121.63776397705078
2018-05-01,121.68829345703125
2018-05-02,121.21646118164062
2018-05-03,121.14909362792969
2018-05-04,123.3313980102539
2018-05-07,126.23841094970703
2018-05-08,126.3310317993164
2018-05-09,128.5892333984375
2018-05-10,129.7351837158203
2018-05-11,130.4850616455078
2018-05-14,130.83895874023438
2018-05-15,128.57235717773438
2018-05-16,129.59190368652344
2018-05-17,129.499267578125
2018-05-18,131.20126342773438
2018-05-21,133.9060516357422
2018-05-22,131.6141815185547
2018-05-23,132.9117889404297
2018-05-24,132.8780517578125
2018-05-25,131.3192138671875
2018-05-29,129.44021606445312
2018-05-30,130.99066162109375
2018-05-31,127.9993896484375
2018-06-01,129.35597229003906
2018-06-04,128.4965362548828
2018-06-05,128.92623901367188
2018-06-06,131.87539672851562
2018-06-07,131.6899871826172
2018-06-08,130.87266540527344
2018-06-11,131.6984100341797
2018-06-12,132.70114135742188
2018-06-13,130.35865783691406
2018-06-14,129.0357208251953
2018-06-15,126.40687561035156
2018-06-18,125.27780151367188
2018-06-19,120.7446060180664
2018-06-20,120.60139465332031
2018-06-21,117.56800842285156
2018-06-22,117.91343688964844
2018-06-25,115.0823745727539
2018-06-26,114.2060317993164
2018-06-27,113.42242431640625
2018-06-28,114.6189193725586
2018-06-29,114.31559753417969
2018-07-02,114.8379898071289
2018-07-03,112.76519775390625
2018-07-05,114.43352508544922
2018-07-06,114.0965347290039
2018-07-09,118.78138732910156
2018-07-10,119.01728057861328
2018-07-11,115.23397064208984
2018-07-12,117.47530364990234
2018-07-13,118.59595489501953
2018-07-16,116.34625244140625
2018-07-17,117.07929992675781
2018-07-18,118.90773010253906
2018-07-19,118.1955795288086
2018-07-20,115.99143981933594
2018-07-23,115.53364562988281
2018-07-24,116.96634674072266
2018-07-25,119.09426879882812
2018-07-26,120.87456512451172
2018-07-27,120.85759735107422
2018-07-30,118.47541046142578
2018-07-31,121.90879821777344
2018-08-01,117.44960021972656
2018-08-02,117.0002670288086
2018-08-03,117.42412567138672
2018-08-06,118.24649810791016
2018-08-07,120.70503234863281
2018-08-08,118.4415054321289
2018-08-09,117.4326400756836
2018-08-10,115.2284927368164
2018-08-13,114.46544647216797
2018-08-14,114.38067626953125
2018-08-15,111.9221420288086
2018-08-16,115.51667785644531
2018-08-17,118.1278076171875
2018-08-20,117.55980682373047
2018-08-21,118.6788558959961
2018-08-22,118.37368774414062
2018-08-23,115.9659652709961
2018-08-24,117.1697998046875
2018-08-27,120.41675567626953
2018-08-28,120.38288116455078
2018-08-29,120.26417541503906
2018-08-30,117.89041137695312
2018-08-31,117.71240234375
2018-09-04,117.19525909423828
2018-09-05,119.1875
2018-09-06,120.0183334350586
2018-09-07,119.80635070800781
2018-09-10,120.42523956298828
2018-09-11,120.40826416015625
2018-09-12,122.3157730102539
2018-09-13,123.38395690917969
2018-09-14,122.84138488769531
2018-09-17,123.96040344238281
2018-09-18,126.37660217285156
2018-09-19,129.5048065185547
2018-09-20,132.2515869140625
2018-09-21,132.57371520996094
2018-09-24,130.55604553222656
2018-09-25,130.63235473632812
2018-09-26,129.85243225097656
2018-09-27,129.2589569091797
2018-09-28,129.2759246826172
2018-10-01,129.097900390625
2018-10-02,131.25128173828125
2018-10-03,134.13363647460938
2018-10-04,132.88739013671875
2018-10-05,129.97108459472656
2018-10-08,130.0050048828125
2018-10-09,126.70722961425781
2018-10-10,121.84103393554688
2018-10-11,119.50968170166016
2018-10-12,120.44219970703125
2018-10-15,120.21333312988281
2018-10-16,121.83255004882812
2018-10-17,119.82333374023438
2018-10-18,115.126708984375
2018-10-19,112.03824615478516
2018-10-22,109.81146240234375
2018-10-23,101.51011657714844
2018-10-24,95.8450698852539
2018-10-25,98.6520004272461
2018-10-26,98.15718078613281
2018-10-29,97.24427032470703
2018-10-30,100.21328735351562
2018-10-31,103.50653076171875
2018-11-01,106.39022827148438
2018-11-02,107.32022094726562
2018-11-05,107.84918212890625
2018-11-06,110.3404312133789
2018-11-07,115.26318359375
2018-11-08,112.09793853759766
2018-11-09,108.27576446533203
2018-11-12,106.64617156982422
2018-11-13,107.46524810791016
2018-11-14,106.73151397705078
2018-11-15,110.41722106933594
2018-11-16,110.87796020507812
2018-11-19,107.4822998046875
2018-11-20,104.31704711914062
2018-11-21,105.68213653564453
2018-11-23,104.35971069335938
2018-11-26,106.47557067871094
2018-11-27,106.304931640625
2018-11-28,111.56897735595703
2018-11-29,111.10826873779297
2018-11-30,115.74951934814453
2018-12-03,118.54791259765625
2018-12-04,110.3318862915039
2018-12-06,109.52137756347656
2018-12-07,105.40911102294922
2018-12-10,105.2725830078125
2018-12-11,105.14462280273438
2018-12-12,106.96187591552734
2018-12-13,107.41405487060547
2018-12-14,108.15630340576172
2018-12-17,106.19403076171875
2018-12-18,106.02336883544922
2018-12-19,104.36820983886719
2018-12-20,103.70276641845703
2018-12-21,102.44007110595703
2018-12-24,99.77819061279297
2018-12-26,106.4414291381836
2018-12-27,108.07099151611328
2018-12-28,107.16664123535156
2018-12-31,108.4122543334961
2019-01-02,107.82356262207031
2019-01-03,103.66863250732422
2019-01-04,109.33367919921875
2019-01-07,109.40192413330078
2019-01-08,110.7158432006836
2019-01-09,111.14241027832031
2019-01-10,113.43744659423828
2019-01-11,112.70370483398438
2019-01-14,112.44776153564453
2019-01-15,111.5007095336914
2019-01-16,112.32830047607422
2019-01-17,114.7854232788086
2019-01-18,117.2927474975586
2019-01-22,113.5489730834961
2019-01-23,113.18834686279297
2019-01-24,113.96971130371094
2019-01-25,117.5159912109375
2019-01-28,106.79134368896484
2019-01-29,108.64602661132812
2019-01-30,111.72003173828125
2019-01-31,114.33894348144531
2019-02-01,112.40695190429688
2019-02-04,112.38121032714844
2019-02-05,113.34291076660156
2019-02-06,112.0892333984375
2019-02-07,110.5780258178711
2019-02-08,110.4234619140625
2019-02-11,110.706787109375
2019-02-12,113.91822052001953
2019-02-13,114.28742980957031
2019-02-14,113.87522888183594
2019-02-15,116.94927978515625
2019-02-19,116.60578155517578
2019-02-20,120.47834777832031
2019-02-21,119.25048065185547
2019-02-22,119.07872772216797
2019-02-25,121.42286682128906
2019-02-26,118.47769927978516
2019-02-27,119.85152435302734
2019-02-28,117.92813110351562
2019-03-01,118.03972625732422
2019-03-04,118.79540252685547
2019-03-05,117.75640106201172
2019-03-06,115.77289581298828
2019-03-07,114.02985382080078
2019-03-08,112.78477478027344
2019-03-11,114.29598999023438
2019-03-12,113.7550277709961
2019-03-13,114.63086700439453
2019-03-14,114.79402923583984
2019-03-15,113.91822052001953
2019-03-18,115.14608001708984
2019-03-19,115.18901062011719
2019-03-20,114.21015167236328
2019-03-21,115.11172485351562
2019-03-22,111.4281005859375
2019-03-25,112.8105239868164
2019-03-26,113.20549011230469
2019-03-27,112.65595245361328
2019-03-28,113.66060638427734
2019-03-29,116.33963012695312
2019-04-01,120.42678833007812
2019-04-02,120.37531280517578
2019-04-03,119.57672882080078
2019-04-04,120.32377624511719
2019-04-05,120.52127838134766
2019-04-08,120.05756378173828
2019-04-09,117.07806396484375
2019-04-10,118.09127044677734
2019-04-11,119.24186706542969
2019-04-12,121.2425765991211
2019-04-15,120.42678833007812
2019-04-16,121.95523071289062
2019-04-17,122.56485748291016
2019-04-18,123.84339904785156
2019-04-22,122.99681854248047
2019-04-23,122.69446563720703
2019-04-24,118.97980499267578
2019-04-25,117.59768676757812
2019-04-26,120.10283660888672
2019-04-29,120.09423065185547
2019-04-30,120.43978118896484
2019-05-01,119.34266662597656
2019-05-02,116.76835632324219
2019-05-03,120.1287841796875
2019-05-06,118.14189910888672
2019-05-07,115.47256469726562
2019-05-08,113.9867172241211
2019-05-09,113.33882141113281
2019-05-10,113.45977020263672
2019-05-13,108.24205017089844
2019-05-14,110.11662292480469
2019-05-15,109.96977233886719
2019-05-16,109.37369537353516
2019-05-17,106.0478286743164
2019-05-20,105.76271057128906
2019-05-21,107.93968963623047
2019-05-22,106.73890686035156
2019-05-23,105.61591339111328
2019-05-24,106.16877746582031
2019-05-28,105.03712463378906
2019-05-29,104.94206237792969
2019-05-30,105.2530746459961
2019-05-31,103.49943542480469
2019-06-03,104.2250747680664
2019-06-04,105.46038055419922
2019-06-05,106.35880279541016
2019-06-06,106.59204864501953
2019-06-07,107.51640319824219
2019-06-10,108.62213897705078
2019-06-11,109.95246887207031
2019-06-12,109.79701232910156
2019-06-13,109.85746002197266
2019-06-14,109.90929412841797
2019-06-17,109.9870376586914
2019-06-18,112.5872802734375
2019-06-19,112.82915496826172
2019-06-20,115.43800354003906
2019-06-21,115.66262817382812
2019-06-24,116.07725524902344
2019-06-25,115.50713348388672
2019-06-26,116.75106811523438
2019-06-27,117.05345916748047
2019-06-28,117.73588562011719
2019-07-01,118.00370788574219
2019-07-02,117.35578155517578
2019-07-03,117.13121795654297
2019-07-05,117.04483795166016
2019-07-08,116.4832534790039
2019-07-09,116.00814056396484
2019-07-10,114.58280181884766
2019-07-11,115.72310638427734
2019-07-12,119.5240707397461
2019-07-15,120.62982177734375
2019-07-16,120.15472412109375
2019-07-17,117.25209045410156
2019-07-18,116.5264892578125
2019-07-19,118.58956146240234
2019-07-22,117.727783203125
2019-07-23,120.21745300292969
2019-07-24,114.82901000976562
2019-07-25,117.26643371582031
2019-07-26,115.70817565917969
2019-07-29,117.04879760742188
2019-07-30,115.73431396484375
2019-07-31,114.62007141113281
2019-08-01,110.37198638916016
2019-08-02,108.41333770751953
2019-08-05,105.89752960205078
2019-08-06,106.2718734741211
2019-08-07,105.14020538330078
2019-08-08,106.2196273803711
2019-08-09,103.92149353027344
2019-08-12,101.60594177246094
2019-08-13,103.59941101074219
2019-08-14,100.29145812988281
2019-08-15,100.32628631591797
2019-08-16,101.3534927368164
2019-08-19,102.16307067871094
2019-08-20,101.56240844726562
2019-08-21,102.4416275024414
2019-08-22,102.62443542480469
2019-08-23,99.2903823852539
2019-08-26,99.60377502441406
2019-08-27,98.69844818115234
2019-08-28,99.98677825927734
2019-08-29,102.51997375488281
2019-08-30,103.5906982421875
2019-09-03,101.87579345703125
2019-09-04,103.67774200439453
2019-09-05,107.06402587890625
2019-09-06,106.81157684326172
2019-09-09,110.77240753173828
2019-09-10,113.41874694824219
2019-09-11,115.85614776611328
2019-09-12,114.6897201538086
2019-09-13,116.45686340332031
2019-09-16,115.90840148925781
2019-09-17,115.05531311035156
2019-09-18,114.09774780273438
2019-09-19,113.27075958251953
2019-09-20,111.5645751953125
2019-09-23,111.79088592529297
2019-09-24,109.675537109375
2019-09-25,110.21527862548828
2019-09-26,110.0237808227539
2019-09-27,110.19786071777344
2019-09-30,109.9541244506836
2019-10-01,106.52432250976562
2019-10-02,104.4263916015625
2019-10-03,104.49604797363281
2019-10-04,105.3665542602539
2019-10-07,104.67884063720703
2019-10-08,102.69405364990234
2019-10-09,103.97372436523438
2019-10-10,106.8028793334961
2019-10-11,111.77348327636719
2019-10-14,111.75609588623047
2019-10-15,114.06293487548828
2019-10-16,113.33169555664062
2019-10-17,114.96827697753906
2019-10-18,114.67875671386719
2019-10-21,116.01233673095703
2019-10-22,117.29327392578125
2019-10-23,118.74089813232422
2019-10-24,117.43363952636719
2019-10-25,122.5924301147461
2019-10-28,122.88196563720703
2019-10-29,123.9962387084961
2019-10-30,123.12763214111328
2019-10-31,120.89916229248047
2019-11-01,126.76869201660156
2019-11-04,128.900634765625
2019-11-05,128.41806030273438
2019-11-06,127.64600372314453
2019-11-07,128.97958374023438
2019-11-08,129.988525390625
2019-11-11,129.8481903076172
2019-11-12,128.39170837402344
2019-11-13,126.76869201660156
2019-11-14,125.84745025634766
2019-11-15,127.48809051513672
2019-11-18,125.97906494140625
2019-11-19,125.61933898925781
2019-11-20,124.16292572021484
2019-11-21,125.77723693847656
2019-11-22,126.2335205078125
2019-11-25,128.46194458007812
2019-11-26,128.17237854003906
2019-11-27,127.8215103149414
2019-11-29,126.97920227050781
2019-12-02,125.4262924194336
2019-12-03,122.88196563720703
2019-12-04,122.93463134765625
2019-12-05,123.75050354003906
2019-12-06,125.21576690673828
2019-12-09,125.312255859375
2019-12-10,125.34735870361328
2019-12-11,126.3387451171875
2019-12-12,128.77781677246094
2019-12-13,127.68110656738281
2019-12-16,127.53195190429688
2019-12-17,128.41806030273438
2019-12-18,129.07611083984375
2019-12-19,127.23365020751953
2019-12-20,129.47093200683594
2019-12-23,130.28688049316406
2019-12-24,129.39195251464844
2019-12-26,130.04119873046875
2019-12-27,130.09381103515625
2019-12-30,129.42706298828125
2019-12-31,129.5674285888672
2020-01-02,132.06787109375
2020-01-03,130.23422241210938
2020-01-06,130.1464385986328
2020-01-07,128.4268341064453
2020-01-08,129.5674285888672
2020-01-09,129.24278259277344
2020-01-10,128.20753479003906
2020-01-13,128.81288146972656
2020-01-14,128.69004821777344
2020-01-15,127.71619415283203
2020-01-16,129.7340850830078
2020-01-17,130.56460571289062
2020-01-21,128.85946655273438
2020-01-22,126.01455688476562
2020-01-23,126.12055969238281
2020-01-24,124.0266342163086
2020-01-27,119.91832733154297
2020-01-28,120.81070709228516
2020-01-29,119.96250915527344
2020-01-30,119.60028076171875
2020-01-31,116.04859924316406
2020-02-03,114.65267944335938
2020-02-04,117.95694732666016
2020-02-05,121.42915344238281
2020-02-06,121.26127624511719
2020-02-07,117.83326721191406
2020-02-10,118.67262268066406
2020-02-11,120.32476806640625
2020-02-12,123.32868194580078
2020-02-13,123.44353485107422
2020-02-14,121.91505432128906
2020-02-18,120.66938018798828
2020-02-19,120.91673278808594
2020-02-20,120.9785385131836
2020-02-21,121.22593688964844
2020-02-24,116.7730712890625
2020-02-25,113.97235870361328
2020-02-26,113.30973052978516
2020-02-27,108.90985870361328
2020-02-28,109.76686096191406
2020-03-02,112.73545837402344
2020-03-03,109.89055633544922
2020-03-04,112.55873107910156
2020-03-05,107.76130676269531
2020-03-06,107.26652526855469
2020-03-09,91.94654846191406
2020-03-10,94.0846176147461
2020-03-11,88.96027374267578
2020-03-12,81.51232147216797
2020-03-13,88.0325927734375
2020-03-16,82.52836608886719
2020-03-17,88.52735900878906
2020-03-18,88.4566879272461
2020-03-19,91.01002502441406
2020-03-20,84.37488555908203
2020-03-23,81.15010070800781
2020-03-24,89.53455352783203
2020-03-25,92.47664642333984
2020-03-26,97.62749481201172
2020-03-27,93.15693664550781
2020-03-30,98.69654083251953
2020-03-31,102.52210235595703
2020-04-01,98.37845611572266
2020-04-02,103.14056396484375
2020-04-03,101.31169891357422
2020-04-06,106.40068817138672
2020-04-07,107.7171401977539
2020-04-08,112.55873107910156
2020-04-09,110.46483612060547
2020-04-13,100.84343719482422
2020-04-14,102.91088104248047
2020-04-15,98.5374984741211
2020-04-16,100.03063201904297
2020-04-17,103.69515991210938
2020-04-20,102.17942810058594
2020-04-21,97.94424438476562
2020-04-22,98.64862823486328
2020-04-23,100.67257690429688
2020-04-24,101.68010711669922
2020-04-27,102.71437072753906
2020-04-28,102.94622039794922
2020-04-29,107.04764556884766
2020-04-30,103.76648712158203
2020-05-01,98.86260223388672
2020-05-04,96.04507446289062
2020-05-05,97.10611724853516
2020-05-06,96.00049591064453
2020-05-07,95.66168975830078
2020-05-08,99.95928955078125
2020-05-11,96.83863067626953
2020-05-12,93.61988830566406
2020-05-13,93.15625762939453
2020-05-14,94.68091583251953
2020-05-15,96.2234115600586
2020-05-18,102.55389404296875
2020-05-19,99.93255615234375
2020-05-20,103.15128326416016
2020-05-21,101.69796752929688
2020-05-22,100.28026580810547
2020-05-26,104.68485260009766
2020-05-27,109.1518783569336
2020-05-28,107.65396881103516
2020-05-29,107.11006164550781
2020-06-01,107.43995666503906
2020-06-02,109.9543228149414
2020-06-03,113.31571960449219
2020-06-04,114.98306274414062
2020-06-05,120.47539520263672
2020-06-08,122.79362487792969
2020-06-09,119.64620208740234
2020-06-10,118.08588409423828
2020-06-11,108.37618255615234
2020-06-12,109.80278015136719
2020-06-15,110.21290588378906
2020-06-16,116.0084228515625
2020-06-17,114.3321762084961
2020-06-18,113.76153564453125
2020-06-19,113.64562225341797
2020-06-22,112.15662384033203
2020-06-23,112.5667724609375
2020-06-24,108.83088684082031
2020-06-25,111.19365692138672
2020-06-26,109.1250991821289
2020-06-29,111.6751708984375
2020-06-30,112.78965759277344
2020-07-01,112.39737701416016
2020-07-02,113.87745666503906
2020-07-06,115.40211486816406
2020-07-07,113.41380310058594
2020-07-08,114.24300384521484
2020-07-09,112.10313415527344
2020-07-10,114.13602447509766
2020-07-13,116.4185791015625
2020-07-14,122.0447006225586
2020-07-15,123.36425018310547
2020-07-16,123.54255676269531
2020-07-17,122.97665405273438
2020-07-20,120.93753051757812
2020-07-21,122.05140686035156
2020-07-22,123.04850769042969
2020-07-23,122.70716094970703
2020-07-24,123.58751678466797
2020-07-27,125.66255187988281
2020-07-28,123.99171447753906
2020-07-29,126.23749542236328
2020-07-30,122.8239517211914
2020-07-31,119.36553955078125
2020-08-03,118.37738800048828
2020-08-04,118.14381408691406
2020-08-05,121.2429428100586
2020-08-06,120.72193908691406
2020-08-07,121.19803619384766
2020-08-10,127.57591247558594
2020-08-11,128.03407287597656
2020-08-12,128.0699920654297
2020-08-13,126.36321258544922
2020-08-14,125.7254409790039
2020-08-17,124.611572265625
2020-08-18,124.29712677001953
2020-08-19,123.98278045654297
2020-08-20,123.49766540527344
2020-08-21,124.35104370117188
2020-08-24,127.27051544189453
2020-08-25,126.79441833496094
2020-08-26,127.40525817871094
2020-08-27,128.78857421875
2020-08-28,129.02220153808594
2020-08-31,127.83638763427734
2020-09-01,131.19607543945312
2020-09-02,134.08859252929688
2020-09-03,131.83383178710938
2020-09-04,133.10940551757812
2020-09-08,133.41485595703125
2020-09-09,137.1607208251953
2020-09-10,134.6185760498047
2020-09-11,138.184814453125
2020-09-14,137.89735412597656
2020-09-15,133.4866943359375
2020-09-16,135.741455078125
2020-09-17,138.220703125
2020-09-18,136.89126586914062
2020-09-21,130.54930114746094
2020-09-22,132.1841583251953
2020-09-23,129.69589233398438
2020-09-24,130.3786163330078
2020-09-25,131.07029724121094
2020-09-28,132.66026306152344
2020-09-29,132.4177703857422
2020-09-30,133.9807586669922
2020-10-01,131.7889862060547
2020-10-02,134.69041442871094
2020-10-05,137.87939453125
2020-10-06,136.11871337890625
2020-10-07,139.02919006347656
2020-10-08,140.72698974609375
2020-10-09,142.77511596679688
2020-10-12,146.07179260253906
2020-10-13,145.6316680908203
2020-10-14,146.97012329101562
2020-10-15,148.25466918945312
2020-10-16,151.58737182617188
2020-10-19,150.49143981933594
2020-10-20,151.80294799804688
2020-10-21,150.3746337890625
2020-10-22,152.40480041503906
2020-10-23,152.36865234375
2020-10-26,147.49725341796875
2020-10-27,142.71629333496094
2020-10-28,136.61573791503906
2020-10-29,139.78799438476562
2020-10-30,141.93899536132812
2020-11-02,147.560546875
2020-11-03,151.55528259277344
2020-11-04,140.29417419433594
2020-11-05,147.39784240722656
2020-11-06,145.77110290527344
2020-11-09,154.3840789794922
2020-11-10,155.72169494628906
2020-11-11,153.15496826171875
2020-11-12,152.8567352294922
2020-11-13,155.18846130371094
2020-11-16,156.5260772705078
2020-11-17,155.36924743652344
2020-11-18,156.119384765625
2020-11-19,156.26400756835938
2020-11-20,155.65843200683594
2020-11-23,157.96307373046875
2020-11-24,159.8791046142578
2020-11-25,157.82749938964844
2020-11-27,158.2342071533203
2020-11-30,156.88755798339844
2020-12-01,156.58932495117188
2020-12-02,157.14059448242188
2020-12-03,157.82749938964844
2020-12-04,164.6781768798828
2020-12-07,161.51495361328125
2020-12-08,161.6324462890625
2020-12-09,162.74407958984375
2020-12-10,161.64146423339844
2020-12-11,162.0391387939453
2020-12-14,160.91844177246094
2020-12-15,164.25340270996094
2020-12-16,162.22891235351562
2020-12-17,161.9307098388672
2020-12-18,163.54844665527344
2020-12-21,162.825439453125
2020-12-22,159.58990478515625
2020-12-23,161.25283813476562
2020-12-24,162.2831573486328
2020-12-28,161.20765686035156
2020-12-29,159.6531524658203
2020-12-30,162.7169647216797
2020-12-31,164.5064697265625
2021-01-04,164.62396240234375
2021-01-05,165.9705810546875
2021-01-06,175.20721435546875
2021-01-07,175.54164123535156
2021-01-08,175.5687713623047
2021-01-11,175.20721435546875
2021-01-12,178.5331573486328
2021-01-13,177.0419158935547
2021-01-14,178.4066162109375
2021-01-15,175.8941192626953
2021-01-19,176.3211669921875
2021-01-20,174.75836181640625
2021-01-21,174.62208557128906
2021-01-22,174.3949432373047
2021-01-25,170.21543884277344
2021-01-26,170.0972900390625
2021-01-27,164.11880493164062
2021-01-28,167.48965454101562
2021-01-29,166.12677001953125
2021-02-01,167.83493041992188
2021-02-02,174.90371704101562
2021-02-03,173.9497528076172
2021-02-04,174.13145446777344
2021-02-05,175.35806274414062
2021-02-08,179.4012451171875
2021-02-09,179.246826171875
2021-02-10,179.64657592773438
2021-02-11,180.21902465820312
2021-02-12,179.8919219970703
2021-02-16,183.880615234375
2021-02-17,183.80792236328125
2021-02-18,181.64553833007812
2021-02-19,190.72230529785156
2021-02-22,198.1273651123047
2021-02-23,200.05357360839844
2021-02-24,202.13426208496094
2021-02-25,201.5436553955078
2021-02-26,196.14663696289062
2021-03-01,199.6719512939453
2021-03-02,196.0921173095703
2021-03-03,195.26527404785156
2021-03-04,193.3209228515625
2021-03-05,200.03538513183594
2021-03-08,201.32557678222656
2021-03-09,196.98251342773438
2021-03-10,200.85311889648438
2021-03-11,199.6719512939453
2021-03-12,208.06732177734375
2021-03-15,209.64828491210938
2021-03-16,205.75953674316406
2021-03-17,212.27413940429688
2021-03-18,209.59376525878906
2021-03-19,204.6964874267578
2021-03-22,205.35975646972656
2021-03-23,198.2999725341797
2021-03-24,201.007568359375
2021-03-25,203.75149536132812
2021-03-26,208.52163696289062
2021-03-29,209.17579650878906
2021-03-30,211.7743682861328
2021-03-31,210.6750030517578
2021-04-01,211.4654541015625
2021-04-05,212.34681701660156
2021-04-06,209.55740356445312
2021-04-07,209.3484344482422
2021-04-08,209.4120330810547
2021-04-09,209.65736389160156
2021-04-12,209.82093811035156
2021-04-13,208.3852996826172
2021-04-14,211.320068359375
2021-04-15,211.2655792236328
2021-04-16,212.02877807617188
2021-04-19,211.14744567871094
2021-04-20,206.82254028320312
2021-04-21,211.21107482910156
2021-04-22,207.9674072265625
2021-04-23,210.02099609375
2021-04-26,210.43170166015625
2021-04-27,210.23086547851562
2021-04-28,212.01976013183594
2021-04-29,207.61141967773438
2021-04-30,208.19558715820312
2021-05-03,208.2503204345703
2021-05-04,213.03286743164062
2021-05-05,217.1126251220703
2021-05-06,216.37332153320312
2021-05-07,219.95111083984375
2021-05-10,221.42965698242188
2021-05-11,218.40867614746094
2021-05-12,216.60150146484375
2021-05-13,219.1114501953125
2021-05-14,221.08285522460938
2021-05-17,223.4193115234375
2021-05-18,218.56382751464844
2021-05-19,216.1907501220703
2021-05-20,214.4749298095703
2021-05-21,216.5284881591797
2021-05-24,218.1804962158203
2021-05-25,216.464599609375
2021-05-26,216.95745849609375
2021-05-27,220.21578979492188
2021-05-28,220.03323364257812
2021-06-01,221.56655883789062
2021-06-02,222.20547485351562
2021-06-03,222.5522918701172
2021-06-04,222.71658325195312
2021-06-07,218.82847595214844
2021-06-08,219.19357299804688
2021-06-09,214.1645965576172
2021-06-10,206.0233612060547
2021-06-11,201.43243408203125
2021-06-14,199.88998413085938
2021-06-15,200.30075073242188
2021-06-16,198.2015380859375
2021-06-17,191.16458129882812
2021-06-18,190.62611389160156
2021-06-21,194.5963592529297
2021-06-22,194.5233612060547
2021-06-23,195.12571716308594
2021-06-24,200.1912078857422
2021-06-25,197.4257354736328
2021-06-28,197.38922119140625
2021-06-29,196.32135009765625
2021-06-30,198.6304931640625
2021-07-01,197.7908172607422
2021-07-02,198.74916076660156
2021-07-06,194.87924194335938
2021-07-07,195.94715881347656
2021-07-08,193.59234619140625
2021-07-09,198.43882751464844
2021-07-12,199.49754333496094
2021-07-13,196.40353393554688
2021-07-14,193.1634063720703
2021-07-15,192.95347595214844
2021-07-16,189.79559326171875
2021-07-19,186.34544372558594
2021-07-20,190.82330322265625
2021-07-21,193.36500549316406
2021-07-22,191.9243927001953
2021-07-23,192.2638702392578
2021-07-26,193.6403045654297
2021-07-27,192.60337829589844
2021-07-28,194.01646423339844
2021-07-29,195.0442352294922
2021-07-30,189.71299743652344
2021-08-02,188.2540283203125
2021-08-03,191.31875610351562
2021-08-04,187.66671752929688
2021-08-05,190.11671447753906
2021-08-06,191.18113708496094
2021-08-09,191.6766357421875
2021-08-10,196.4298095703125
2021-08-11,203.39431762695312
2021-08-12,202.09136962890625
2021-08-13,200.55894470214844
2021-08-16,199.76983642578125
2021-08-17,195.8516845703125
2021-08-18,192.5208282470703
2021-08-19,187.60250854492188
2021-08-20,188.0521697998047
2021-08-23,191.90603637695312
2021-08-24,195.07174682617188
2021-08-25,197.06292724609375
2021-08-26,193.83299255371094
2021-08-27,195.29196166992188
2021-08-30,194.02566528320312
2021-08-31,193.4934844970703
2021-09-01,190.82330322265625
2021-09-02,194.3284912109375
2021-09-03,193.0347137451172
2021-09-07,191.07101440429688
2021-09-08,189.7313232421875
2021-09-09,188.49261474609375
2021-09-10,188.1163330078125
2021-09-13,189.20828247070312
2021-09-14,185.6572265625
2021-09-15,188.77700805664062
2021-09-16,186.8225555419922
2021-09-17,183.28982543945312
2021-09-20,175.095703125
2021-09-21,174.1964569091797
2021-09-22,175.5819854736328
2021-09-23,180.41773986816406
2021-09-24,180.6012725830078
2021-09-27,183.5192108154297
2021-09-28,184.02389526367188
2021-09-29,181.56472778320312
2021-09-30,176.15093994140625
2021-10-01,178.31646728515625
2021-10-04,177.21533203125
2021-10-05,176.63723754882812
2021-10-06,176.04995727539062
2021-10-07,179.61944580078125
2021-10-08,179.07803344726562
2021-10-11,176.99510192871094
2021-10-12,174.26983642578125
2021-10-13,173.37059020996094
2021-10-14,178.31646728515625
2021-10-15,182.6199951171875
2021-10-18,181.84918212890625
2021-10-19,184.56524658203125
2021-10-20,187.36395263671875
2021-10-21,185.4828643798828
2021-10-22,185.13223266601562
2021-10-25,186.5716094970703
2021-10-26,184.20037841796875
2021-10-27,180.96180725097656
2021-10-28,188.3061981201172
2021-10-29,188.23240661621094
2021-11-01,189.4964599609375
2021-11-02,191.1018829345703
2021-11-03,187.80796813964844
2021-11-04,187.84483337402344
2021-11-05,189.95779418945312
2021-11-08,197.6804656982422
2021-11-09,193.58384704589844
2021-11-10,190.6866912841797
2021-11-11,192.40283203125
2021-11-12,193.0856170654297
2021-11-15,191.64627075195312
2021-11-16,189.5425567626953
2021-11-17,187.28207397460938
2021-11-18,185.84268188476562
2021-11-19,184.93849182128906
2021-11-22,186.72845458984375
2021-11-23,189.4503173828125
2021-11-24,191.05572509765625
2021-11-26,183.3607177734375
2021-11-29,180.76805114746094
2021-11-30,178.3968048095703
2021-12-01,176.66221618652344
2021-12-02,181.57078552246094
2021-12-03,182.50267028808594
2021-12-06,185.71351623535156
2021-12-07,188.67532348632812
2021-12-08,188.3985137939453
2021-12-09,188.34315490722656
2021-12-10,187.7249298095703
2021-12-13,185.6858673095703
2021-12-14,186.0457000732422
2021-12-15,186.8853302001953
2021-12-16,190.225341796875
2021-12-17,185.79653930664062
2021-12-20,180.34364318847656
2021-12-21,182.9732208251953
2021-12-22,186.51625061035156
2021-12-23,190.25303649902344
2021-12-27,190.41909790039062
2021-12-28,190.64053344726562
2021-12-29,191.29562377929688
2021-12-30,190.14234924316406
2021-12-31,190.75125122070312
2022-01-03,190.9911651611328
2022-01-04,201.21424865722656
2022-01-05,202.755126953125
2022-01-06,204.82186889648438
2022-01-07,206.85171508789062
2022-01-10,204.4989776611328
2022-01-11,202.9396514892578
2022-01-12,205.2001495361328
2022-01-13,209.4444122314453
2022-01-14,211.234375
2022-01-18,212.09249877929688
2022-01-19,205.50978088378906
2022-01-20,200.8462677001953
2022-01-21,198.4912872314453
2022-01-24,198.7138214111328
2022-01-25,198.69529724121094
2022-01-26,198.67674255371094
2022-01-27,196.71119689941406
2022-01-28,186.50340270996094
2022-01-31,186.87423706054688
2022-02-01,190.3881378173828
2022-02-02,190.00796508789062
2022-02-03,185.97496032714844
2022-02-04,183.95376586914062
2022-02-07,185.26104736328125
2022-02-08,186.81861877441406
2022-02-09,188.765625
2022-02-10,188.2742462158203
2022-02-11,186.5775909423828
2022-02-14,185.3259735107422
2022-02-15,188.58949279785156
2022-02-16,188.802734375
2022-02-17,180.5511932373047
2022-02-18,177.9644012451172
2022-02-22,177.2783660888672
2022-02-23,173.06918334960938
2022-02-24,171.23341369628906
2022-02-25,173.43075561523438
2022-02-28,173.91285705566406
2022-03-01,169.50894165039062
2022-03-02,178.5763397216797
2022-03-03,180.65316772460938
2022-03-04,181.4041290283203
2022-03-07,182.3683624267578
2022-03-08,194.69932556152344
2022-03-09,194.49533081054688
2022-03-10,196.35887145996094
2022-03-11,199.17739868164062
2022-03-14,199.742919921875
2022-03-15,200.6886444091797
2022-03-16,200.3363037109375
2022-03-17,205.54684448242188
2022-03-18,204.81439208984375
2022-03-21,207.41038513183594
2022-03-22,206.4832763671875
2022-03-23,205.98260498046875
2022-03-24,206.0196990966797
2022-03-25,207.08590698242188
2022-03-28,205.68594360351562
2022-03-29,204.93495178222656
2022-03-30,206.82632446289062
2022-03-31,206.58523559570312
2022-04-01,203.7574920654297
2022-04-04,204.72171020507812
2022-04-05,200.2807159423828
2022-04-06,200.45689392089844
2022-04-07,200.16943359375
2022-04-08,201.21710205078125
2022-04-11,200.30853271484375
2022-04-12,200.91114807128906
2022-04-13,202.3667755126953
2022-04-14,211.211669921875
2022-04-18,213.1679229736328
2022-04-19,215.24473571777344
2022-04-20,217.9519805908203
2022-04-21,215.62486267089844
2022-04-22,201.5019989013672
2022-04-25,201.87466430664062
2022-04-26,195.91253662109375
2022-04-27,199.32211303710938
2022-04-28,197.9061279296875
2022-04-29,196.13609313964844
2022-05-02,197.56141662597656
2022-05-03,199.00540161132812
2022-05-04,207.3616943359375
2022-05-05,201.1573028564453
2022-05-06,199.96490478515625
2022-05-09,192.1768341064453
2022-05-10,189.1026153564453
2022-05-11,191.17074584960938
2022-05-12,189.13987731933594
2022-05-13,190.3509521484375
2022-05-16,193.01527404785156
2022-05-17,198.51161193847656
2022-05-18,193.71395874023438
2022-05-19,192.6147003173828
2022-05-20,184.28631591796875
2022-05-23,190.18324279785156
2022-05-24,191.5806121826172
2022-05-25,194.990234375
2022-05-26,198.41847229003906
2022-05-27,202.28453063964844
2022-05-31,201.08279418945312
2022-06-01,202.68511962890625
2022-06-02,204.9488983154297
2022-06-03,207.6504669189453
2022-06-06,208.33056640625
2022-06-07,211.56317138671875
2022-06-08,214.0784149169922
2022-06-09,208.36782836914062
2022-06-10,200.45860290527344
2022-06-13,192.7264862060547
2022-06-14,192.5494842529297
2022-06-15,191.90667724609375
2022-06-16,181.46363830566406
2022-06-17,179.46067810058594
2022-06-21,182.93551635742188
2022-06-22,174.97979736328125
2022-06-23,166.44644165039062
2022-06-24,172.79986572265625
2022-06-27,174.75621032714844
2022-06-28,174.61647033691406
2022-06-29,170.92738342285156
2022-06-30,166.53028869628906
2022-07-01,166.09243774414062
2022-07-05,161.87234497070312
2022-07-06,160.52157592773438
2022-07-07,167.94630432128906
2022-07-08,166.8470458984375
2022-07-11,163.04617309570312
2022-07-12,162.55242919921875
2022-07-13,161.97483825683594
2022-07-14,158.3136749267578
2022-07-15,161.5183563232422
2022-07-18,161.62083435058594
2022-07-19,168.37496948242188
2022-07-20,168.82525634765625
2022-07-21,169.7821044921875
2022-07-22,167.55882263183594
2022-07-25,170.55130004882812
2022-07-26,170.0072021484375
2022-07-27,173.7782745361328
2022-07-28,176.20790100097656
2022-07-29,185.97323608398438
2022-08-01,182.79319763183594
2022-08-02,172.14598083496094
2022-08-03,171.54566955566406
2022-08-04,172.2680206298828
2022-08-05,173.90960693359375
2022-08-08,174.3036346435547
2022-08-09,174.5099639892578
2022-08-10,178.90951538085938
2022-08-11,181.9864501953125
2022-08-12,184.65057373046875
2022-08-15,183.81565856933594
2022-08-16,185.2884521484375
2022-08-17,183.79690551757812
2022-08-18,185.1289520263672
2022-08-19,183.4873504638672
2022-08-22,179.88514709472656
2022-08-23,184.99766540527344
2022-08-24,182.13648986816406
2022-08-25,186.56422424316406
2022-08-26,180.0352325439453
2022-08-29,179.9039306640625
2022-08-30,175.36366271972656
2022-08-31,173.27169799804688
2022-09-01,171.1422882080078
2022-09-02,169.63197326660156
2022-09-06,169.4724884033203
2022-09-07,169.66012573242188
2022-09-08,171.80833435058594
2022-09-09,177.75570678710938
2022-09-12,180.48550415039062
2022-09-13,172.89646911621094
2022-09-14,173.2154083251953
2022-09-15,171.189208984375
2022-09-16,168.356201171875
2022-09-19,170.83273315429688
2022-09-20,166.9678955078125
2022-09-21,161.30186462402344
2022-09-22,159.9886016845703
2022-09-23,154.06936645507812
2022-09-26,152.5496826171875
2022-09-27,152.3808135986328
2022-09-28,157.371337890625
2022-09-29,155.62648010253906
2022-09-30,153.91921997070312
2022-10-03,160.62644958496094
2022-10-04,168.5063018798828
2022-10-05,167.33370971679688
2022-10-06,167.73707580566406
2022-10-07,166.55511474609375
2022-10-10,167.60574340820312
2022-10-11,168.6188507080078
2022-10-12,168.3843231201172
2022-10-13,171.7989044189453
2022-10-14,167.1554718017578
2022-10-17,169.60385131835938
2022-10-18,172.18353271484375
2022-10-19,172.99029541015625
2022-10-20,169.35995483398438
2022-10-21,179.63450622558594
2022-10-24,180.6544189453125
2022-10-25,183.99737548828125
2022-10-26,185.9994354248047
2022-10-27,200.3346405029297
2022-10-28,207.13400268554688
2022-10-31,204.4142608642578
2022-11-01,206.3407440185547
2022-11-02,202.60105895996094
2022-11-03,207.05845642089844
2022-11-04,215.17044067382812
2022-11-07,215.88812255859375
2022-11-08,217.02134704589844
2022-11-09,212.9889678955078
2022-11-10,219.51441955566406
2022-11-11,223.3296356201172
2022-11-14,223.33909606933594
2022-11-15,221.5353546142578
2022-11-16,219.486083984375
2022-11-17,217.6162872314453
2022-11-18,218.55120849609375
2022-11-21,219.25003051757812
2022-11-22,224.05677795410156
2022-11-23,223.73568725585938
2022-11-25,222.58358764648438
2022-11-28,219.372802734375
2022-11-29,222.035888671875
2022-11-30,223.25404357910156
2022-12-01,222.57411193847656
2022-12-02,222.9896697998047
2022-12-05,219.6277618408203
2022-12-06,215.58590698242188
2022-12-07,216.23751831054688
2022-12-08,218.069580078125
2022-12-09,214.64157104492188
2022-12-12,220.09048461914062
2022-12-13,222.38528442382812
2022-12-14,221.43145751953125
2022-12-15,217.8240509033203
2022-12-16,219.7694091796875
2022-12-19,219.36331176757812
2022-12-20,222.0547332763672
2022-12-21,228.27801513671875
2022-12-22,224.3211669921875
2022-12-23,226.52149963378906
2022-12-27,229.6095428466797
2022-12-28,226.058837890625
2022-12-29,226.83314514160156
2022-12-30,226.22879028320312
2023-01-03,225.58665466308594
2023-01-04,227.9286346435547
2023-01-05,226.90870666503906
2023-01-06,235.01124572753906
2023-01-09,232.8958740234375
2023-01-10,236.5694122314453
2023-01-11,236.77716064453125
2023-01-12,240.87567138671875
2023-01-13,244.07699584960938
2023-01-17,241.9994354248047
2023-01-18,238.75088500976562
2023-01-19,233.18109130859375
2023-01-20,236.93853759765625
2023-01-23,239.77561950683594
2023-01-24,244.4344940185547
2023-01-25,245.22206115722656
2023-01-26,248.71385192871094
2023-01-27,251.01007080078125
2023-01-30,248.12554931640625
2023-01-31,239.38656616210938
2023-02-01,236.77725219726562
2023-02-02,232.3745574951172
2023-02-03,235.08827209472656
2023-02-06,238.56109619140625
2023-02-07,236.89114379882812
2023-02-08,236.14151000976562
2023-02-09,233.68397521972656
2023-02-10,235.00289916992188
2023-02-13,235.4583282470703
2023-02-14,231.86219787597656
2023-02-15,235.98020935058594
2023-02-16,233.91172790527344
2023-02-17,235.11676025390625
2023-02-21,228.3988800048828
2023-02-22,225.72312927246094
2023-02-23,225.78001403808594
2023-02-24,224.09104919433594
2023-02-27,227.70619201660156
2023-02-28,227.29820251464844
2023-03-01,235.95175170898438
2023-03-02,239.28221130371094
2023-03-03,242.25213623046875
2023-03-06,240.99014282226562
2023-03-07,233.55111694335938
2023-03-08,235.9991912841797
2023-03-09,228.6360626220703
2023-03-10,215.39952087402344
2023-03-13,213.20767211914062
2023-03-14,214.12808227539062
2023-03-15,206.148193359375
2023-03-16,207.52407836914062
2023-03-17,204.01329040527344
2023-03-20,209.04225158691406
2023-03-21,213.41644287109375
2023-03-22,208.70062255859375
2023-03-23,208.2167205810547
2023-03-24,205.91099548339844
2023-03-27,206.850341796875
2023-03-28,208.89988708496094
2023-03-29,211.59466552734375
2023-03-30,213.05587768554688
2023-03-31,217.1359405517578
2023-04-03,218.11325073242188
2023-04-04,206.32847595214844
2023-04-05,202.6090087890625
2023-04-06,198.4719696044922
2023-04-10,204.50672912597656
2023-04-11,209.3173828125
2023-04-12,209.22251892089844
2023-04-13,210.3326416015625
2023-04-14,212.23985290527344
2023-04-17,213.7200469970703
2023-04-18,213.68209838867188
2023-04-19,213.16024780273438
2023-04-20,210.90199279785156
2023-04-21,210.13877868652344
2023-04-24,213.15341186523438
2023-04-25,208.57420349121094
2023-04-26,206.24644470214844
2023-04-27,204.4719696044922
2023-04-28,208.73634338378906
2023-05-01,207.27676391601562
2023-05-02,205.25424194335938
2023-05-03,205.7217254638672
2023-05-04,200.7036895751953
2023-05-05,205.19700622558594
2023-05-08,204.9108123779297
2023-05-09,203.67062377929688
2023-05-10,203.3653106689453
2023-05-11,200.36976623535156
2023-05-12,199.90228271484375
2023-05-15,201.57177734375
2023-05-16,197.66989135742188
2023-05-17,202.3445281982422
2023-05-18,204.84400939941406
2023-05-19,204.90127563476562
2023-05-22,204.40518188476562
2023-05-23,202.92649841308594
2023-05-24,200.05494689941406
2023-05-25,200.32205200195312
2023-05-26,202.05836486816406
2023-05-30,200.24574279785156
2023-05-31,196.28660583496094
2023-06-01,199.4539337158203
2023-06-02,216.2062530517578
2023-06-05,212.23756408691406
2023-06-06,216.25393676757812
2023-06-07,224.71597290039062
2023-06-08,223.66656494140625
2023-06-09,224.2198944091797
2023-06-12,226.95785522460938
2023-06-13,234.15109252929688
2023-06-14,232.12860107421875
2023-06-15,236.27853393554688
2023-06-16,233.98892211914062
2023-06-20,230.0583953857422
2023-06-21,230.3732147216797
2023-06-22,226.4236602783203
2023-06-23,223.65701293945312
2023-06-26,226.05157470703125
2023-06-27,229.6195831298828
2023-06-28,230.74526977539062
2023-06-29,233.0062713623047
2023-06-30,234.7330322265625
2023-07-03,235.9541778564453
2023-07-05,233.56915283203125
2023-07-06,229.51461791992188
2023-07-07,233.90306091308594
2023-07-10,237.3660888671875
2023-07-11,241.2202606201172
2023-07-12,241.93577575683594
2023-07-13,244.09181213378906
2023-07-14,243.8628692626953
2023-07-17,245.61819458007812
2023-07-18,251.67620849609375
2023-07-19,251.90621948242188
2023-07-20,250.3147430419922
2023-07-21,247.01673889160156
2023-07-24,248.66578674316406
2023-07-25,251.2447509765625
2023-07-26,247.65907287597656
2023-07-27,247.63990783691406
2023-07-28,249.68202209472656
2023-07-31,254.2263946533203
2023-08-01,276.73736572265625
2023-08-02,275.7019958496094
2023-08-03,269.83453369140625
2023-08-04,265.03131103515625
2023-08-07,270.0262451171875
2023-08-08,271.215087890625
2023-08-09,272.7874450683594
2023-08-10,272.1067199707031
2023-08-11,273.4489440917969
2023-08-14,272.7969970703125
2023-08-15,265.9228820800781
2023-08-16,263.18096923828125
2023-08-17,263.8136901855469
2023-08-18,262.5002136230469
2023-08-21,261.49359130859375
2023-08-22,259.04876708984375
2023-08-23,261.7620544433594
2023-08-24,258.1859130859375
2023-08-25,261.3114013671875
2023-08-28,263.4493408203125
2023-08-29,268.47308349609375
2023-08-30,270.67816162109375
2023-08-31,269.5277099609375
2023-09-01,274.4364318847656
2023-09-05,270.0070495605469
2023-09-06,271.2247009277344
2023-09-07,269.8153381347656
2023-09-08,270.6302795410156
2023-09-11,270.4096984863281
2023-09-12,270.1796569824219
2023-09-13,264.53277587890625
2023-09-14,270.8987121582031
2023-09-15,267.6294250488281
2023-09-18,269.3455505371094
2023-09-19,268.12799072265625
2023-09-20,267.1117248535156
2023-09-21,260.8033142089844
2023-09-22,261.7907409667969
2023-09-25,262.95086669921875
2023-09-26,258.3968505859375
2023-09-27,261.45526123046875
2023-09-28,264.83953857421875
2023-09-29,261.7332458496094
2023-10-02,260.50604248046875
2023-10-03,257.86956787109375
2023-10-04,254.09214782714844
2023-10-05,250.03672790527344
2023-10-06,255.06053161621094
2023-10-09,260.1033630371094
2023-10-10,261.9345703125
2023-10-11,261.5702819824219
2023-10-12,258.483154296875
2023-10-13,256.8821105957031
2023-10-16,259.6144714355469
2023-10-17,261.3977355957031
2023-10-18,248.52197265625
2023-10-19,242.45318603515625
2023-10-20,240.1499786376953
2023-10-23,238.33827209472656
2023-10-24,240.4872589111328
2023-10-25,236.04470825195312
2023-10-26,233.62583923339844
2023-10-27,229.89639282226562
2023-10-30,233.36569213867188
2023-10-31,217.84071350097656
2023-11-01,223.4108123779297
2023-11-02,230.43603515625
2023-11-03,232.0068817138672
2023-11-06,229.62655639648438
2023-11-07,226.38858032226562
2023-11-08,226.29222106933594
2023-11-09,225.6465301513672
2023-11-10,230.97573852539062
2023-11-13,232.89344787597656
2023-11-14,238.85867309570312
2023-11-15,241.97134399414062
2023-11-16,239.1959686279297
2023-11-17,243.8794708251953
2023-11-20,241.35459899902344
2023-11-21,240.35240173339844
2023-11-22,237.07583618164062
2023-11-24,238.37681579589844
2023-11-27,238.40573120117188
2023-11-28,238.51168823242188
2023-11-29,240.39089965820312
2023-11-30,241.6147918701172
2023-12-01,247.4354248046875
2023-12-04,245.49844360351562
2023-12-05,245.92247009277344
2023-12-06,246.6741485595703
2023-12-07,248.0618133544922
2023-12-08,250.07595825195312
2023-12-11,251.44436645507812
2023-12-12,251.93588256835938
2023-12-13,258.2383117675781
2023-12-14,274.8136901855469
2023-12-15,275.363037109375
2023-12-18,275.3340759277344
2023-12-19,282.32073974609375
2023-12-20,279.1888122558594
2023-12-21,279.53582763671875
2023-12-22,279.815185546875
2023-12-26,284.893798828125
2023-12-27,287.2933349609375
2023-12-28,286.0984802246094
2023-12-29,284.93243408203125
2024-01-02,282.0798645019531
2024-01-03,273.9752502441406
2024-01-04,275.7099609375
2024-01-05,278.4371643066406
2024-01-08,281.6365966796875
2024-01-09,281.6751403808594
2024-01-10,282.6966552734375
2024-01-11,281.4534606933594
2024-01-12,279.86334228515625
2024-01-16,276.79888916015625
2024-01-17,268.51123046875
2024-01-18,271.6624450683594
2024-01-19,276.193359375
2024-01-22,279.4753723144531
2024-01-23,279.6302795410156
2024-01-24,281.42138671875
2024-01-25,291.19000244140625
2024-01-26,289.8926696777344
2024-01-29,293.59100341796875
2024-01-30,295.0528869628906
2024-01-31,290.74462890625
2024-02-01,297.88958740234375
2024-02-02,305.0538635253906
2024-02-05,311.1628723144531
2024-02-06,312.44085693359375
2024-02-07,313.2831726074219
2024-02-08,311.7438049316406
2024-02-09,307.0579528808594
2024-02-12,311.3855895996094
2024-02-13,302.87554931640625
2024-02-14,306.6222839355469
2024-02-15,312.7796936035156
2024-02-16,311.65667724609375
2024-02-20,303.7469177246094
2024-02-21,307.03863525390625
2024-02-22,311.8309020996094
2024-02-23,313.5639343261719
2024-02-26,315.01611328125
2024-02-27,317.19451904296875
2024-02-28,319.0629577636719
2024-02-29,323.3229064941406
2024-03-01,325.9755859375
2024-03-04,327.86346435546875
2024-03-05,322.9065246582031
2024-03-06,324.9396667480469
2024-03-07,329.3834533691406
2024-03-08,328.3862609863281
2024-03-11,324.3006896972656
2024-03-12,326.4983825683594
2024-03-13,330.6420593261719
2024-03-14,331.029296875
2024-03-15,335.91839599609375
2024-03-18,340.6914978027344
2024-03-19,342.62774658203125
2024-03-20,345.09649658203125
2024-03-21,352.9482116699219
2024-03-22,346.70361328125
2024-03-25,344.6124572753906
2024-03-26,345.0384521484375
2024-03-27,353.0353698730469
2024-03-28,354.7586669921875
2024-04-01,352.154296875
2024-04-02,353.2095947265625
2024-04-03,363.82049560546875
2024-04-04,358.0116271972656
2024-04-05,367.21868896484375
2024-04-08,361.57440185546875
2024-04-09,360.054443359375
2024-04-10,360.218994140625
2024-04-11,360.1318664550781
2024-04-12,353.984130859375
2024-04-15,352.3188781738281
2024-04-16,348.41729736328125
2024-04-17,346.90692138671875
2024-04-18,346.5293884277344
2024-04-19,344.6151428222656
2024-04-22,347.48162841796875
2024-04-23,352.9619140625
2024-04-24,353.22418212890625
2024-04-25,328.4270324707031
2024-04-26,333.6546325683594
2024-04-29,339.89276123046875
2024-04-30,325.09417724609375
2024-05-01,321.6932678222656
2024-05-02,325.93951416015625
2024-05-03,327.21240234375
2024-05-06,332.410888671875
2024-05-07,335.228759765625
2024-05-08,334.742919921875
2024-05-09,341.8167419433594
2024-05-10,344.74151611328125
2024-05-13,346.57794189453125
2024-05-14,348.03546142578125
2024-05-15,349.8428039550781
2024-05-16,340.7867736816406
2024-05-17,346.1795959472656
2024-05-20,352.4760437011719
2024-05-21,348.9002380371094
2024-05-22,345.8588562011719
2024-05-23,340.767333984375
2024-05-24,339.0182800292969
2024-05-28,336.6571044921875
2024-05-29,328.53387451171875
2024-05-30,329.6416015625
2024-05-31,328.9322509765625
2024-06-03,321.9750671386719
2024-06-04,318.29241943359375
2024-06-05,320.1191711425781
2024-06-06,318.9920654296875
2024-06-07,319.62359619140625
2024-06-10,320.2746276855469
2024-06-11,318.0398254394531
2024-06-12,319.4195556640625
2024-06-13,317.1166687011719
2024-06-14,312.36517333984375
2024-06-17,313.2688293457031
2024-06-18,315.9312438964844
2024-06-20,319.8082580566406
2024-06-21,318.5548095703125
2024-06-24,320.6535949707031
2024-06-25,318.1272277832031
2024-06-26,317.4761962890625
2024-06-27,318.1855163574219
2024-06-28,323.66583251953125
2024-07-01,319.7596740722656
2024-07-02,318.47705078125
2024-07-03,321.24627685546875
2024-07-05,319.05035400390625
2024-07-08,319.7402038574219
2024-07-09,316.8251647949219
2024-07-10,319.1766662597656
2024-07-11,321.7515563964844
2024-07-12,326.08526611328125
2024-07-15,335.9769287109375
2024-07-16,350.36749267578125
2024-07-17,347.6662292480469
2024-07-18,345.9464111328125
2024-07-19,337.7842712402344
2024-07-22,339.3940734863281
2024-07-23,335.78424072265625
2024-07-24,327.85235595703125
2024-07-25,335.9110412597656
2024-07-26,341.9404602050781
2024-07-29,336.13543701171875
2024-07-30,333.3938903808594
2024-07-31,337.76483154296875
2024-08-01,323.4424133300781
2024-08-02,313.05194091796875
2024-08-05,309.0810852050781
2024-08-06,318.4862365722656
2024-08-07,317.86181640625
2024-08-08,327.96942138671875
2024-08-09,330.0182189941406
2024-08-12,327.84259033203125
2024-08-13,330.5450134277344
2024-08-14,329.364501953125
2024-08-15,337.21844482421875
2024-08-16,335.1110534667969
2024-08-19,336.2525329589844
2024-08-20,334.9353942871094
2024-08-21,334.6134338378906
2024-08-22,334.018310546875
2024-08-23,339.9209289550781
2024-08-26,342.6039123535156
2024-08-27,342.5649108886719
2024-08-28,339.7160339355469
2024-08-29,343.07220458984375
2024-08-30,347.42352294921875
2024-09-03,331.9499816894531
2024-09-04,328.54498291015625
2024-09-05,325.4327392578125
2024-09-06,321.3351135253906
2024-09-09,325.9010314941406
2024-09-10,326.0180969238281
2024-09-11,326.83770751953125
2024-09-12,331.30609130859375
2024-09-13,336.8963928222656
2024-09-16,339.4818420410156
2024-09-17,345.072265625
2024-09-18,346.4674072265625
2024-09-19,364.2142639160156
2024-09-20,359.8336486816406
2024-09-23,362.12640380859375
2024-09-24,376.5267333984375
2024-09-25,369.0338439941406
2024-09-26,381.4341735839844
2024-09-27,381.5512390136719
2024-09-30,381.5902404785156
2024-10-01,382.829345703125
2024-10-02,384.4488525390625
2024-10-03,381.56103515625
2024-10-04,387.4148254394531
2024-10-07,388.54656982421875
2024-10-08,378.5072937011719
2024-10-09,386.53680419921875
2024-10-10,386.9757995605469
2024-10-11,392.2247009277344
2024-10-14,384.3513488769531
2024-10-15,378.5364685058594
2024-10-16,384.0293884277344
2024-10-17,384.87811279296875
2024-10-18,384.26348876953125
2024-10-21,382.3346252441406
2024-10-22,380.3567199707031
2024-10-23,377.6837463378906
2024-10-24,378.9859619140625
2024-10-25,377.918701171875
2024-10-28,382.4618835449219
2024-10-29,379.4266052246094
2024-10-30,371.32904052734375
2024-10-31,368.3525085449219
2024-11-01,371.7109375
2024-11-04,368.6658020019531
2024-11-05,375.3729248046875
2024-11-06,408.1839294433594
2024-11-07,399.69476318359375
2024-11-08,385.1643371582031
2024-11-11,388.2682189941406
2024-11-12,384.81182861328125
2024-11-13,378.9957275390625
2024-11-14,379.2796630859375
2024-11-15,376.058349609375
2024-11-18,376.4402160644531
2024-11-19,374.3546142578125
2024-11-20,373.5419616699219
2024-11-21,381.46319580078125
2024-11-22,389.1983947753906
2024-11-25,397.18817138671875
2024-11-26,399.32269287109375
2024-11-27,395.27886962890625
2024-11-29,397.6385192871094
2024-12-02,394.1136779785156
2024-12-03,390.93145751953125
2024-12-04,391.17626953125
2024-12-05,386.7407531738281
2024-12-06,386.7897033691406
2024-12-09,390.93145751953125
2024-12-10,380.2882385253906
2024-12-11,380.7582092285156
2024-12-12,372.8369445800781
2024-12-13,372.57257080078125
2024-12-16,371.0157775878906
2024-12-17,367.9608154296875
2024-12-18,356.29925537109375
2024-12-19,352.85272216796875
2024-12-20,358.4044189453125
2024-12-23,357.76800537109375
2024-12-24,359.9024963378906
2024-12-26,359.46185302734375
2024-12-27,357.2490539550781
2024-12-30,355.4376525878906
2024-12-31,355.1928405761719
2025-01-02,352.2652282714844
2025-01-03,356.20135498046875
2025-01-06,356.60284423828125
2025-01-07,355.4278564453125
2025-01-08,353.5380859375
2025-01-10,343.67822265625
2025-01-13,354.93829345703125
2025-01-14,363.819091796875
2025-01-15,367.0698547363281
2025-01-16,372.61175537109375
2025-01-17,377.9676513671875
2025-01-21,391.48016357421875
2025-01-22,390.7430725097656
2025-01-23,399.38128662109375
2025-01-24,400.5901184082031
2025-01-27,388.1585388183594
2025-01-28,383.549560546875
2025-01-29,386.43878173828125
2025-01-30,368.5039978027344
2025-01-31,365.0251159667969
2025-02-03,355.305908203125
2025-02-04,355.69903564453125
2025-02-05,352.6524963378906
2025-02-06,359.1385498046875
2025-02-07,357.5956726074219
2025-02-10,356.9470520019531
2025-02-11,355.97412109375
2025-02-12,345.9601745605469
2025-02-13,347.5914306640625
2025-02-14,347.2180480957031
2025-02-18,347.88629150390625
2025-02-19,346.903564453125
2025-02-20,343.1200256347656
2025-02-21,334.1673583984375
2025-02-24,333.0667419433594
2025-02-25,336.4472961425781
2025-02-26,336.66351318359375
2025-02-27,334.1280517578125
2025-02-28,338.0098876953125
2025-03-03,326.3055419921875
2025-03-04,321.1069030761719
2025-03-05,332.6441650390625
2025-03-06,335.1206359863281
2025-03-07,344.2501525878906
2025-03-10,339.2480773925781
2025-03-11,333.9020080566406
2025-03-12,332.2903747558594
2025-03-13,327.5535888671875
2025-03-14,333.7742919921875
2025-03-17,336.72247314453125
2025-03-18,330.8948669433594
2025-03-19,332.7718811035156
2025-03-20,330.44287109375
2025-03-21,329.9809265136719
2025-03-24,335.76922607421875
2025-03-25,336.70281982421875
2025-03-26,335.2189025878906
2025-03-27,333.4401550292969
2025-03-28,323.9961242675781
2025-03-31,324.1042175292969
2025-04-01,324.8609313964844
2025-04-02,328.8803405761719
2025-04-03,300.47943115234375
2025-04-04,283.104736328125
2025-04-07,275.2232360839844
2025-04-08,269.20892333984375
2025-04-09,295.81146240234375
2025-04-10,284.1661071777344
2025-04-11,288.38201904296875
2025-04-14,292.9713439941406
2025-04-15,288.3623352050781
2025-04-16,285.12921142578125
2025-04-17,289.1681823730469
2025-04-21,281.1697082519531
2025-04-22,287.5191650390625
2025-04-23,292.06146240234375
2025-04-24,303.01239013671875
2025-04-25,302.6075744628906
2025-04-28,303.20989990234375
2025-04-29,303.5456237792969
2025-04-30,305.3921813964844
2025-05-01,310.0233154296875
2025-05-02,319.6214904785156
2025-05-05,319.05865478515625
2025-05-06,316.86651611328125
2025-05-07,316.27398681640625
2025-05-08,320.1843566894531
2025-05-09,321.5372009277344
2025-05-12,338.2549133300781
2025-05-13,348.1196594238281
2025-05-14,345.2757873535156
2025-05-15,345.4238586425781
2025-05-16,349.1465759277344
2025-05-19,348.1492919921875
2025-05-20,345.1078796386719
2025-05-21,338.21539306640625
2025-05-22,340.8617858886719
2025-05-23,339.0843811035156
2025-05-27,347.10260009765625
2025-05-28,345.1078796386719
2025-05-29,347.3790283203125
2025-05-30,343.66619873046875
2025-06-02,340.34832763671875
2025-06-03,345.0190124511719
2025-06-04,344.94989013671875
2025-06-05,344.58453369140625
2025-06-06,348.91949462890625
2025-06-09,353.580322265625
2025-06-10,354.0740051269531
2025-06-11,358.58673095703125
2025-06-12,356.43402099609375
2025-06-13,352.5730895996094
2025-06-16,357.8955078125
2025-06-17,353.1951904296875
2025-06-18,355.28857421875
2025-06-20,355.99957275390625
2025-06-23,361.63800048828125
2025-06-24,368.3428649902344
2025-06-25,366.9208984375
2025-06-26,377.09173583984375
2025-06-27,379.8862609863281
2025-06-30,383.3423767089844
2025-07-01,386.0184326171875
2025-07-02,393.4342346191406
2025-07-03,392.87139892578125
2025-07-07,386.6010437011719
2025-07-08,389.3461608886719
2025-07-09,397.13720703125
2025-07-10,403.2100830078125
2025-07-11,400.830322265625
2025-07-14,400.68218994140625
2025-07-15,399.5663757324219
2025-07-16,407.70306396484375
2025-07-17,412.8280029296875
2025-07-18,408.5226745605469
2025-07-21,406.41168212890625
2025-07-22,413.4681701660156
2025-07-23,423.77532958984375
2025-07-24,425.6881408691406
2025-07-25,429.88037109375
2025-07-28,429.07763671875
2025-07-29,426.2133483886719
2025-07-30,430.2470703125
2025-07-31,434.1123046875
2025-08-01,424.8655700683594
2025-08-04,429.8308410644531
2025-08-05,430.3561096191406
2025-08-06,423.9041748046875
2025-08-07,413.3987731933594
2025-08-08,412.8040771484375
2025-08-11,404.89532470703125
2025-08-12,409.028076171875
2025-08-13,410.0092468261719
2025-08-14,413.7753601074219
2025-08-15,404.1520080566406
2025-08-18,408.958740234375
2025-08-19,412.3779296875
2025-08-20,416.8377685546875
2025-08-21,414.1618957519531
2025-08-22,431.78326416015625
2025-08-25,428.44329833984375
2025-08-26,427.41259765625
2025-08-27,428.80999755859375
2025-08-28,431.030029296875
2025-08-29,415.3016357421875
2025-09-02,412.3382873535156
2025-09-03,411.4165954589844
2025-09-04,416.4710998535156
2025-09-05,419.3055419921875
2025-09-08,419.00823974609375
2025-09-09,414.360107421875
2025-09-10,419.1371154785156
2025-09-11,427.53155517578125
2025-09-12,427.6702880859375
2025-09-15,432.0508728027344
2025-09-16,436.7386474609375
2025-09-17,446.6395263671875
2025-09-18,462.7940979003906
2025-09-19,462.37786865234375
2025-09-22,467.8882751464844
2025-09-23,467.0557556152344
2025-09-24,465.598876953125
2025-09-25,459.5830078125
2025-09-26,461.6048583984375
2025-09-29,467.40264892578125
2025-09-30,472.8932189941406
2025-10-01,476.5304870605469
2025-10-02,486.1934814453125
2025-10-03,493.4085693359375
2025-10-06,490.9605712890625
2025-10-07,482.3678894042969
2025-10-08,497.6404113769531
2025-10-09,495.8961181640625
2025-10-10,486.9169616699219
2025-10-13,500.25689697265625
2025-10-14,522.7643432617188
2025-10-15,529.2855834960938
2025-10-16,536.1339721679688
2025-10-17,522.3778076171875
2025-10-20,527.9536743164062
2025-10-21,521.4633178710938
2025-10-22,510.7885437011719
2025-10-23,517.3385620117188
2025-10-24,519.5549926757812
2025-10-27,523.86865234375
2025-10-28,521.284423828125
2025-10-29,581.9337768554688
2025-10-30,579.6080932617188
2025-10-31,573.7538452148438
2025-11-03,567.1243896484375
2025-11-04,544.254150390625
2025-11-05,565.693115234375
2025-11-06,566.3192749023438
2025-11-07,559.6798095703125
2025-11-10,567.3827514648438
2025-11-11,564.4804077148438
2025-11-12,569.53955078125
2025-11-13,550.187744140625
2025-11-14,550.6649169921875
2025-11-17,548.6968994140625
2025-11-18,543.558349609375
2025-11-19,549.75048828125
2025-11-20,542.8129272460938
2025-11-21,547.0867309570312
2025-11-24,556.2010498046875
2025-11-25,563.1685180664062
2025-11-26,570.2451782226562
2025-11-28,572.262939453125
2025-12-01,564.609619140625
2025-12-02,578.93212890625
2025-12-03,587.8973388671875
2025-12-04,595.5108642578125
2025-12-05,599.5064086914062
2025-12-08,592.876953125
2025-12-09,590.7498779296875
2025-12-10,611.6124877929688
2025-12-11,621.8101196289062
2025-12-12,594.2584838867188
2025-12-15,586.1779174804688
2025-12-16,585.3529052734375
2025-12-17,558.4771728515625
2025-12-18,562.3932495117188
2025-12-19,572.7201538085938
2025-12-22,578.87255859375
2025-12-23,578.8824462890625
2025-12-24,580.21435546875
2025-12-26,579.4589233398438
2025-12-29,575.0956420898438
2025-12-30,573.883056640625
2025-12-31,569.3904418945312
2026-01-02,594.7753295898438
2026-01-05,612.35791015625
2026-01-06,619.3054809570312
2026-01-07,592.8968505859375
2026-01-08,604.4363403320312
2026-01-09,613.86865234375
2026-01-12,625.9448852539062
2026-01-13,632.6638793945312
2026-01-14,634.870361328125
2026-01-15,643.2491455078125
2026-01-16,642.9609375
2026-01-20,626.6422729492188
2026-01-21,642.9609375
2026-01-22,645.9795532226562
2026-01-23,624.271240234375
2026-01-26,633.536376953125
2026-01-27,636.51513671875
2026-01-28,640.8687744140625
2026-01-29,662.7464599609375
2026-01-30,654.8959350585938
2026-02-02,688.3201904296875
2026-02-03,700.25537109375
2026-02-04,689.2268676757812
2026-02-05,675.7674560546875
2026-02-06,723.4779663085938
2026-02-09,739.3382568359375
2026-02-10,739.5873413085938
2026-02-11,772.0950317382812
2026-02-12,755.4476318359375
2026-02-13,771.2980346679688
2026-02-17,761.8934326171875
2026-02-18,749.1513061523438
2026-02-19,757.6792602539062
2026-02-20,756.8922119140625
2026-02-23,753.6344604492188
2026-02-24,765.3504028320312
2026-02-25,763.7364501953125
2026-02-26,750.1077880859375
2026-02-27,740.0455932617188
2026-03-02,749.5000610351562
2026-03-03,719.4730224609375
2026-03-04,729.226318359375
2026-03-05,703.433349609375
2026-03-06,678.3477783203125
2026-03-09,702.1781005859375
2026-03-10,713.9935913085938
2026-03-11,704.937744140625
2026-03-12,698.0635986328125
2026-03-13,691.388671875
2026-03-16,697.156982421875
2026-03-17,699.36865234375
2026-03-18,691.0200805664062
2026-03-19,686.0687255859375
2026-03-20,678.327880859375
2026-03-23,699.06982421875
2026-03-24,713.94384765625
2026-03-25,716.3447875976562
2026-03-26,700.55419921875
2026-03-27,692.7933959960938
2026-03-30,664.9282836914062
2026-03-31,705.804443359375
2026-04-01,727.58251953125
2026-04-02,714.5315551757812
2026-04-06,718.5364990234375
2026-04-07,721.7245483398438
2026-04-08,768.6878662109375
2026-04-09,784.1198120117188
2026-04-10,787.6962890625
2026-04-13,788.7623291015625
2026-04-14,791.2728881835938
2026-04-15,767.2831420898438
2026-04-16,769.7637329101562
2026-04-17,791.67138671875
2026-04-20,796.921630859375
2026-04-21,798.9678344726562
2026-04-22,807.3722534179688
2026-04-23,833.6934204101562
2026-04-24,829.2516479492188
2026-04-27,827.2553100585938
2026-04-28,816.3555908203125
2026-04-29,808.550048828125
2026-04-30,888.4617919921875
2026-05-01,888.0225830078125
2026-05-04,873.1602172851562
2026-05-05,902.9150390625
2026-05-06,925.213623046875
2026-05-07,894.031494140625
2026-05-08,895.7882080078125
2026-05-11,925.0738525390625
2026-05-12,910.4510498046875
2026-05-13,900.6292114257812
2026-05-14,918.5159912109375
2026-05-15,886.6651611328125
2026-05-18,862.3502807617188
2026-05-19,858.5573120117188
2026-05-20,870.9442749023438
2026-05-21,864.3465576171875
2026-05-22,878.2607421875
2026-05-26,906.86767578125
2026-05-27,908.2451171875
2026-05-28,886.0263061523438
2026-05-29,874.2481689453125
2026-06-01,863.7576293945312
2026-06-02,908.1253051757812
2026-06-03,924.4650268554688
2026-06-04,938.738525390625
2026-06-05,902.6055908203125
2026-06-08,913.9445190429688
2026-06-09,913.0062866210938
2026-06-10,854.5746459960938
2026-06-11,895.9678955078125
2026-06-12,908.8839111328125
2026-06-15,932.20068359375
2026-06-16,943.7093505859375
2026-06-17,954.14990234375
2026-06-18,983.9945678710938
2026-06-22,1020.3870849609375
2026-06-23,982.41748046875
2026-06-24,992.6085815429688
2026-06-25,1055.052734375
2026-06-26,995.6229858398438
2026-06-29,1031.27685546875
2026-06-30,1062.92822265625
2026-07-01,989.57421875
2026-07-02,961.7459106445312
2026-07-06,968.1240234375
2026-07-07,938.3792114257812
2026-07-08,946.324462890625
2026-07-09,936.6524047851562
2026-07-10,950.6464233398438
2026-07-13,929.7451782226562
2026-07-14,931.6117553710938
2026-07-15,912.6069946289062
2026-07-16,875.5457763671875
2026-07-17,878.6500244140625
2026-07-20,864.2999877929688
2026-07-21,889.969970703125
2026-07-22,889.3099975585938
2026-07-23,894.5399780273438
2026-07-24,888.72998046875
