Date,KMB
2004-01-02,25.356225967407227
2004-01-05,25.36919403076172
2004-01-06,24.997394561767578
2004-01-07,25.295700073242188
2004-01-08,25.1357364654541
2004-01-09,25.243825912475586
2004-01-12,25.325960159301758
2004-01-13,24.79851722717285
2004-01-14,24.915252685546875
2004-01-15,24.772579193115234
2004-01-16,24.824464797973633
2004-01-20,24.651531219482422
2004-01-21,24.64287757873535
2004-01-22,24.413738250732422
2004-01-23,24.448333740234375
2004-01-26,25.291378021240234
2004-01-27,25.33460807800293
2004-01-28,25.07521629333496
2004-01-29,25.507539749145508
2004-01-30,25.533477783203125
2004-02-02,25.602663040161133
2004-02-03,25.55078125
2004-02-04,25.624271392822266
2004-02-05,25.879348754882812
2004-02-06,25.663175582885742
2004-02-09,25.93987274169922
2004-02-10,25.870695114135742
2004-02-11,26.35491180419922
2004-02-12,26.086864471435547
2004-02-13,26.216569900512695
2004-02-17,26.367883682250977
2004-02-18,26.281415939331055
2004-02-19,26.76994514465332
2004-02-20,27.18067169189453
2004-02-23,27.53950309753418
2004-02-24,27.461681365966797
2004-02-25,27.924270629882812
2004-02-26,28.0107364654541
2004-02-27,27.963184356689453
2004-03-01,28.1145076751709
2004-03-02,28.019390106201172
2004-03-03,28.036775588989258
2004-03-04,27.854089736938477
2004-03-05,27.888877868652344
2004-03-08,27.880172729492188
2004-03-09,27.645275115966797
2004-03-10,27.78883171081543
2004-03-11,27.07105827331543
2004-03-12,27.110198974609375
2004-03-15,26.714326858520508
2004-03-16,26.753490447998047
2004-03-17,26.901391983032227
2004-03-18,26.870943069458008
2004-03-19,26.723033905029297
2004-03-22,26.244524002075195
2004-03-23,26.29237937927246
2004-03-24,26.253219604492188
2004-03-25,26.727388381958008
2004-03-26,26.979686737060547
2004-03-29,27.001447677612305
2004-03-30,26.901391983032227
2004-03-31,27.449506759643555
2004-04-01,27.60611343383789
2004-04-02,27.662670135498047
2004-04-05,27.814926147460938
2004-04-06,28.0280818939209
2004-04-07,28.0280818939209
2004-04-08,27.7540283203125
2004-04-12,27.653972625732422
2004-04-13,27.688783645629883
2004-04-14,27.86713409423828
2004-04-15,27.854089736938477
2004-04-16,27.94544219970703
2004-04-19,27.975875854492188
2004-04-20,28.110729217529297
2004-04-21,28.171642303466797
2004-04-22,28.571853637695312
2004-04-23,28.684951782226562
2004-04-26,28.341289520263672
2004-04-27,28.3282527923584
2004-04-28,27.932388305664062
2004-04-29,28.058528900146484
2004-04-30,28.47180938720703
2004-05-03,28.898122787475586
2004-05-04,28.850263595581055
2004-05-05,28.602310180664062
2004-05-06,28.558801651000977
2004-05-07,28.262989044189453
2004-05-10,27.9932861328125
2004-05-11,27.806230545043945
2004-05-12,27.841041564941406
2004-05-13,27.7540283203125
2004-05-14,27.67137336730957
2004-05-17,27.458213806152344
2004-05-18,27.488677978515625
2004-05-19,27.258108139038086
2004-05-20,27.5974178314209
2004-05-21,27.914987564086914
2004-05-24,27.810575485229492
2004-05-25,28.406557083129883
2004-05-26,28.445703506469727
2004-05-27,28.828510284423828
2004-05-28,28.667556762695312
2004-06-01,28.524003982543945
2004-06-02,28.69032859802246
2004-06-03,28.418960571289062
2004-06-04,28.331430435180664
2004-06-07,28.834758758544922
2004-06-08,28.966068267822266
2004-06-09,28.9398136138916
2004-06-10,28.834758758544922
2004-06-14,28.585275650024414
2004-06-15,28.580907821655273
2004-06-16,28.861019134521484
2004-06-17,28.87415313720703
2004-06-18,29.040483474731445
2004-06-21,28.9398136138916
2004-06-22,28.98357391357422
2004-06-23,28.865400314331055
2004-06-24,28.79537010192871
2004-06-25,28.383939743041992
2004-06-28,28.777860641479492
2004-06-29,28.83039093017578
2004-06-30,28.834758758544922
2004-07-01,28.869773864746094
2004-07-02,28.817258834838867
2004-07-06,28.75597381591797
2004-07-07,28.725337982177734
2004-07-08,28.620290756225586
2004-07-09,28.85664176940918
2004-07-12,28.624662399291992
2004-07-13,28.87415313720703
2004-07-14,28.808500289916992
2004-07-15,28.773488998413086
2004-07-16,28.760347366333008
2004-07-19,28.747220993041992
2004-07-20,28.747220993041992
2004-07-21,27.88060760498047
2004-07-22,28.668437957763672
2004-07-23,28.191364288330078
2004-07-26,28.20010757446289
2004-07-27,28.56777000427246
2004-07-28,28.418960571289062
2004-07-29,28.116968154907227
2004-07-30,28.042552947998047
2004-08-02,28.44084358215332
2004-08-03,28.47585105895996
2004-08-04,28.49335479736328
2004-08-05,28.051300048828125
2004-08-06,27.416662216186523
2004-08-09,27.740535736083984
2004-08-10,27.902494430541992
2004-08-11,28.23076057434082
2004-08-12,28.01192855834961
2004-08-13,27.97690200805664
2004-08-16,28.003156661987305
2004-08-17,27.985639572143555
2004-08-18,28.42333221435547
2004-08-19,28.046913146972656
2004-08-20,28.554637908935547
2004-08-23,28.327035903930664
2004-08-24,28.427724838256836
2004-08-25,28.550260543823242
2004-08-26,28.589656829833984
2004-08-27,28.799753189086914
2004-08-30,28.777860641479492
2004-08-31,29.193653106689453
2004-09-01,29.311859130859375
2004-09-02,29.438762664794922
2004-09-03,29.81955337524414
2004-09-07,29.80643653869629
2004-09-08,29.683156967163086
2004-09-09,29.52906036376953
2004-09-10,29.51146125793457
2004-09-13,29.753591537475586
2004-09-14,29.718364715576172
2004-09-15,29.308914184570312
2004-09-16,29.194448471069336
2004-09-17,29.3309383392334
2004-09-20,28.83782196044922
2004-09-21,28.639720916748047
2004-09-22,28.53843879699707
2004-09-23,28.55164909362793
2004-09-24,28.622093200683594
2004-09-27,28.28748893737793
2004-09-28,28.327102661132812
2004-09-29,28.639720916748047
2004-09-30,28.437171936035156
2004-10-01,28.613296508789062
2004-10-04,28.327102661132812
2004-10-05,28.28748893737793
2004-10-06,28.42837905883789
2004-10-07,28.221458435058594
2004-10-08,28.1553955078125
2004-10-11,28.150991439819336
2004-10-12,27.91326141357422
2004-10-13,27.706329345703125
2004-10-14,27.666711807250977
2004-10-15,27.715139389038086
2004-10-18,27.908859252929688
2004-10-19,27.737136840820312
2004-10-20,27.851613998413086
2004-10-21,27.671106338500977
2004-10-22,27.763566970825195
2004-10-25,25.9892578125
2004-10-26,26.640871047973633
2004-10-27,26.116943359375
2004-10-28,26.49557876586914
2004-10-29,26.271026611328125
2004-11-01,26.301860809326172
2004-11-02,26.152156829833984
2004-11-03,26.6364688873291
2004-11-04,27.37611961364746
2004-11-05,27.332096099853516
2004-11-08,27.327688217163086
2004-11-09,27.169198989868164
2004-11-10,27.512603759765625
2004-11-11,27.8252010345459
2004-11-12,27.847225189208984
2004-11-15,27.737136840820312
2004-11-16,27.737136840820312
2004-11-17,27.627073287963867
2004-11-18,27.8252010345459
2004-11-19,27.50818634033203
2004-11-22,27.77237319946289
2004-11-23,27.723936080932617
2004-11-24,27.935260772705078
2004-11-26,28.05414390563965
2004-11-29,28.12018394470215
2004-11-30,28.00571060180664
2004-12-01,28.453529357910156
2004-12-02,29.156570434570312
2004-12-03,28.650543212890625
2004-12-06,28.81175422668457
2004-12-07,28.623689651489258
2004-12-08,28.254169464111328
2004-12-09,29.020231246948242
2004-12-10,28.839975357055664
2004-12-13,29.11036491394043
2004-12-14,29.250038146972656
2004-12-15,29.024738311767578
2004-12-16,29.177947998046875
2004-12-17,28.921096801757812
2004-12-20,28.993188858032227
2004-12-21,29.173444747924805
2004-12-22,29.425809860229492
2004-12-23,29.448318481445312
2004-12-27,29.403263092041016
2004-12-28,29.51141929626465
2004-12-29,29.358196258544922
2004-12-30,29.759267807006836
2004-12-31,29.65561294555664
2005-01-03,29.087825775146484
2005-01-04,29.101343154907227
2005-01-05,28.601150512695312
2005-01-06,29.06529998779297
2005-01-07,28.903074264526367
2005-01-10,29.092336654663086
2005-01-11,28.876028060913086
2005-01-12,29.114858627319336
2005-01-13,28.650726318359375
2005-01-14,29.006715774536133
2005-01-18,28.88956069946289
2005-01-19,28.839975357055664
2005-01-20,29.060791015625
2005-01-21,28.740848541259766
2005-01-24,29.020231246948242
2005-01-25,29.11036491394043
2005-01-26,28.997709274291992
2005-01-27,29.159927368164062
2005-01-28,29.371721267700195
2005-01-31,29.520423889160156
2005-02-01,29.425809860229492
2005-02-02,29.781774520874023
2005-02-03,30.00259780883789
2005-02-04,30.14678955078125
2005-02-07,30.088214874267578
2005-02-08,30.101749420166016
2005-02-09,30.047653198242188
2005-02-10,30.1783504486084
2005-02-11,30.493772506713867
2005-02-14,30.71007537841797
2005-02-15,30.191852569580078
2005-02-16,29.714187622070312
2005-02-17,29.64208984375
2005-02-18,29.70517921447754
2005-02-22,29.259069442749023
2005-02-23,29.682653427124023
2005-02-24,30.034137725830078
2005-02-25,29.876413345336914
2005-02-28,29.732221603393555
2005-03-01,29.94852638244629
2005-03-02,29.89861297607422
2005-03-03,29.862333297729492
2005-03-04,29.880470275878906
2005-03-07,29.726205825805664
2005-03-08,29.83055877685547
2005-03-09,29.5900936126709
2005-03-10,29.934900283813477
2005-03-11,29.757972717285156
2005-03-14,29.94397735595703
2005-03-15,29.739822387695312
2005-03-16,29.485740661621094
2005-03-17,29.444917678833008
2005-03-18,29.444917678833008
2005-03-21,29.46306610107422
2005-03-22,29.331493377685547
2005-03-23,29.64455223083496
2005-03-24,29.404083251953125
2005-03-28,29.53565216064453
2005-03-29,29.69444465637207
2005-03-30,29.85325813293457
2005-03-31,29.821483612060547
2005-04-01,29.6989803314209
2005-04-04,29.64000129699707
2005-04-05,29.84416961669922
2005-04-06,29.835098266601562
2005-04-07,30.125455856323242
2005-04-08,29.839622497558594
2005-04-11,30.166290283203125
2005-04-12,30.234346389770508
2005-04-13,29.85325813293457
2005-04-14,29.658143997192383
2005-04-15,29.277042388916016
2005-04-18,29.254364013671875
2005-04-19,29.145475387573242
2005-04-20,28.58289337158203
2005-04-21,29.03204345703125
2005-04-22,28.8233585357666
2005-04-25,28.691783905029297
2005-04-26,28.160945892333984
2005-04-27,28.219928741455078
2005-04-28,27.943166732788086
2005-04-29,28.333358764648438
2005-05-02,28.36057472229004
2005-05-03,28.319746017456055
2005-05-04,28.306137084960938
2005-05-05,28.197256088256836
2005-05-06,27.915958404541016
2005-05-09,28.260778427124023
2005-05-10,28.002164840698242
2005-05-11,28.310659408569336
2005-05-12,28.29252815246582
2005-05-13,28.120115280151367
2005-05-16,28.773441314697266
2005-05-17,29.077421188354492
2005-05-18,29.236215591430664
2005-05-19,29.612783432006836
2005-05-20,29.581031799316406
2005-05-23,29.526580810546875
2005-05-24,29.576488494873047
2005-05-25,29.490285873413086
2005-05-26,29.621856689453125
2005-05-27,29.376855850219727
2005-05-31,29.186307907104492
2005-06-01,29.571945190429688
2005-06-02,29.181760787963867
2005-06-03,29.22713851928711
2005-06-06,29.472143173217773
2005-06-07,29.63547134399414
2005-06-08,29.6491756439209
2005-06-09,29.58977699279785
2005-06-10,29.594348907470703
2005-06-13,29.56693458557129
2005-06-14,29.681150436401367
2005-06-15,29.749683380126953
2005-06-16,29.685726165771484
2005-06-17,29.81365394592285
2005-06-20,29.6491756439209
2005-06-21,29.43902587890625
2005-06-22,29.370500564575195
2005-06-23,29.009601593017578
2005-06-24,28.69437026977539
2005-06-27,28.603008270263672
2005-06-28,28.886240005493164
2005-06-29,28.959325790405273
2005-06-30,28.593862533569336
2005-07-01,28.84056282043457
2005-07-05,28.84056282043457
2005-07-06,28.159862518310547
2005-07-07,27.958858489990234
2005-07-08,27.999967575073242
2005-07-11,28.28776741027832
2005-07-12,28.264934539794922
2005-07-13,28.35172462463379
2005-07-14,28.63954734802246
2005-07-15,28.40656089782715
2005-07-18,28.52989959716797
2005-07-19,28.539045333862305
2005-07-20,28.83141326904297
2005-07-21,28.712636947631836
2005-07-22,29.411617279052734
2005-07-25,29.068986892700195
2005-07-26,28.799455642700195
2005-07-27,28.973045349121094
2005-07-28,29.224306106567383
2005-07-29,29.128379821777344
2005-08-01,29.055269241333008
2005-08-02,29.055269241333008
2005-08-03,28.84056282043457
2005-08-04,28.589305877685547
2005-08-05,28.44767189025879
2005-08-08,28.370018005371094
2005-08-09,28.47965431213379
2005-08-10,28.392845153808594
2005-08-11,28.781164169311523
2005-08-12,28.83141326904297
2005-08-15,29.151222229003906
2005-08-16,28.87253761291504
2005-08-17,28.6806697845459
2005-08-18,28.95477294921875
2005-08-19,28.863412857055664
2005-08-22,28.465946197509766
2005-08-23,28.324331283569336
2005-08-24,27.995405197143555
2005-08-25,28.292339324951172
2005-08-26,28.292339324951172
2005-08-29,28.360872268676758
2005-08-30,28.28776741027832
2005-08-31,28.470523834228516
2005-09-01,28.41569709777832
2005-09-02,28.31062889099121
2005-09-06,28.717206954956055
2005-09-07,28.56537628173828
2005-09-08,28.160444259643555
2005-09-09,28.381311416625977
2005-09-12,28.491744995117188
2005-09-13,28.23405647277832
2005-09-14,27.990203857421875
2005-09-15,28.335308074951172
2005-09-16,28.79543113708496
2005-09-19,28.086822509765625
2005-09-20,28.07301139831543
2005-09-21,28.091426849365234
2005-09-22,28.137439727783203
2005-09-23,27.95338249206543
2005-09-26,27.829147338867188
2005-09-27,27.83374786376953
2005-09-28,27.815345764160156
2005-09-29,27.53466033935547
2005-09-30,27.392011642456055
2005-10-03,27.2171688079834
2005-10-04,27.3229923248291
2005-10-05,26.807640075683594
2005-10-06,26.664993286132812
2005-10-07,26.821439743041992
2005-10-10,26.692607879638672
2005-10-11,26.586772918701172
2005-10-12,26.407310485839844
2005-10-13,26.18645668029785
2005-10-14,26.338302612304688
2005-10-17,26.168046951293945
2005-10-18,26.23707389831543
2005-10-19,26.47634506225586
2005-10-20,26.250871658325195
2005-10-21,26.145038604736328
2005-10-24,26.74781608581543
2005-10-25,26.19104766845703
2005-10-26,25.9977970123291
2005-10-27,25.970197677612305
2005-10-28,26.379714965820312
2005-10-31,26.154239654541016
2005-11-01,25.75392723083496
2005-11-02,25.87355613708496
2005-11-03,26.158849716186523
2005-11-04,26.03920555114746
2005-11-07,26.467147827148438
2005-11-08,26.38431167602539
2005-11-09,26.766237258911133
2005-11-10,27.161949157714844
2005-11-11,27.17115020751953
2005-11-14,27.54846954345703
2005-11-15,27.341394424438477
2005-11-16,27.30919647216797
2005-11-17,27.50244140625
2005-11-18,27.53466033935547
2005-11-21,27.562274932861328
2005-11-22,26.950279235839844
2005-11-23,26.954879760742188
2005-11-25,27.189552307128906
2005-11-28,27.005489349365234
2005-11-29,27.336809158325195
2005-11-30,27.138940811157227
2005-12-01,27.50244140625
2005-12-02,27.405820846557617
2005-12-05,27.332199096679688
2005-12-06,27.442638397216797
2005-12-07,27.016084671020508
2005-12-08,26.92799186706543
2005-12-09,27.002172470092773
2005-12-12,27.131994247436523
2005-12-13,27.507535934448242
2005-12-14,27.382347106933594
2005-12-15,27.210819244384766
2005-12-16,27.410184860229492
2005-12-19,27.284984588623047
2005-12-20,27.66516876220703
2005-12-21,27.609529495239258
2005-12-22,27.65126609802246
2005-12-23,27.739364624023438
2005-12-27,27.7022647857666
2005-12-28,28.096357345581055
2005-12-29,27.81354522705078
2005-12-30,27.65591049194336
2006-01-03,27.54926300048828
2006-01-04,27.65591049194336
2006-01-05,27.75790023803711
2006-01-06,27.92018699645996
2006-01-09,28.258642196655273
2006-01-10,27.989717483520508
2006-01-11,28.365264892578125
2006-01-12,28.355985641479492
2006-01-13,28.471900939941406
2006-01-17,28.34671974182129
2006-01-18,28.073163986206055
2006-01-19,27.961896896362305
2006-01-20,27.743995666503906
2006-01-23,27.6837158203125
2006-01-24,27.145889282226562
2006-01-25,26.9511775970459
2006-01-26,27.155166625976562
2006-01-27,27.261816024780273
2006-01-30,26.909454345703125
2006-01-31,26.48291015625
2006-02-01,26.83525848388672
2006-02-02,26.890913009643555
2006-02-03,26.566356658935547
2006-02-06,26.589542388916016
2006-02-07,26.269624710083008
2006-02-08,26.529254913330078
2006-02-09,26.668363571166992
2006-02-10,26.459716796875
2006-02-13,26.608097076416016
2006-02-14,26.649805068969727
2006-02-15,26.640531539916992
2006-02-16,26.877004623413086
2006-02-17,27.15055274963379
2006-02-21,27.136640548706055
2006-02-22,27.488983154296875
2006-02-23,27.56316375732422
2006-02-24,27.67445182800293
2006-02-27,27.734716415405273
2006-02-28,27.43799591064453
2006-03-01,27.63271141052246
2006-03-02,27.63271141052246
2006-03-03,27.521448135375977
2006-03-06,27.35918617248535
2006-03-07,27.280349731445312
2006-03-08,27.537498474121094
2006-03-09,27.205543518066406
2006-03-10,27.397241592407227
2006-03-13,27.6590518951416
2006-03-14,27.57489776611328
2006-03-15,27.62164878845215
2006-03-16,27.864761352539062
2006-03-17,27.579578399658203
2006-03-20,27.78528594970703
2006-03-21,27.65437889099121
2006-03-22,27.883466720581055
2006-03-23,27.724517822265625
2006-03-24,27.602962493896484
2006-03-27,27.752561569213867
2006-03-28,27.387893676757812
2006-03-29,27.36452293395996
2006-03-30,27.20088005065918
2006-03-31,27.023212432861328
2006-04-03,27.252302169799805
2006-04-04,27.392568588256836
2006-04-05,27.17750358581543
2006-04-06,26.939067840576172
2006-04-07,26.803464889526367
2006-04-10,26.906314849853516
2006-04-11,26.719314575195312
2006-04-12,26.784774780273438
2006-04-13,26.76607894897461
2006-04-17,26.691265106201172
2006-04-18,26.962444305419922
2006-04-19,26.74737548828125
2006-04-20,26.76607894897461
2006-04-21,26.738025665283203
2006-04-24,27.359832763671875
2006-04-25,27.25697898864746
2006-04-26,27.458023071289062
2006-04-27,27.556209564208984
2006-04-28,27.36452293395996
2006-05-01,27.40658950805664
2006-05-02,27.588937759399414
2006-05-03,27.448680877685547
2006-05-04,27.66373062133789
2006-05-05,27.883466720581055
2006-05-08,28.135942459106445
2006-05-09,28.435155868530273
2006-05-10,28.664241790771484
2006-05-11,28.54268455505371
2006-05-12,28.710994720458984
2006-05-15,29.005537033081055
2006-05-16,28.757755279541016
2006-05-17,28.374374389648438
2006-05-18,28.08450698852539
2006-05-19,27.958280563354492
2006-05-22,28.037761688232422
2006-05-23,27.892822265625
2006-05-24,27.8787841796875
2006-05-25,28.06580352783203
2006-05-26,28.10788917541504
2006-05-30,28.262168884277344
2006-05-31,28.365028381347656
2006-06-01,28.556711196899414
2006-06-02,28.425811767578125
2006-06-05,28.037761688232422
2006-06-06,28.145294189453125
2006-06-07,28.093442916870117
2006-06-08,28.399826049804688
2006-06-09,28.7816219329834
2006-06-12,28.272560119628906
2006-06-13,28.531801223754883
2006-06-14,28.649662017822266
2006-06-15,28.74392318725586
2006-06-16,28.677928924560547
2006-06-19,28.25370216369629
2006-06-20,28.3055477142334
2006-06-21,28.753345489501953
2006-06-22,28.715641021728516
2006-06-23,28.753345489501953
2006-06-26,28.809925079345703
2006-06-27,28.74864387512207
2006-06-28,28.75807762145996
2006-06-29,29.163434982299805
2006-06-30,29.083309173583984
2006-07-03,29.121017456054688
2006-07-05,28.866470336914062
2006-07-06,28.84762954711914
2006-07-07,28.56952476501465
2006-07-10,28.913625717163086
2006-07-11,28.692079544067383
2006-07-12,28.536537170410156
2006-07-13,28.27727508544922
2006-07-14,28.013307571411133
2006-07-17,27.98501968383789
2006-07-18,27.900188446044922
2006-07-19,28.470531463623047
2006-07-20,28.357397079467773
2006-07-21,27.84360694885254
2006-07-24,28.24899673461914
2006-07-25,28.32912254333496
2006-07-26,28.753345489501953
2006-07-27,28.371545791625977
2006-07-28,28.725067138671875
2006-07-31,28.776920318603516
2006-08-01,28.715641021728516
2006-08-02,28.50824737548828
2006-08-03,28.74392318725586
2006-08-04,28.74864387512207
2006-08-07,28.8570556640625
2006-08-08,28.90418815612793
2006-08-09,28.77220916748047
2006-08-10,29.22471809387207
2006-08-11,28.828765869140625
2006-08-14,28.79578399658203
2006-08-15,28.805200576782227
2006-08-16,29.036169052124023
2006-08-17,28.852333068847656
2006-08-18,29.125728607177734
2006-08-21,29.22471809387207
2006-08-22,28.960752487182617
2006-08-23,29.088022232055664
2006-08-24,29.38968849182129
2006-08-25,29.078603744506836
2006-08-28,29.3095703125
2006-08-29,29.77621841430664
2006-08-30,29.521678924560547
2006-08-31,29.931774139404297
2006-09-01,30.299427032470703
2006-09-05,30.266447067260742
2006-09-06,30.309192657470703
2006-09-07,30.389934539794922
2006-09-08,30.399431228637695
2006-09-11,30.959917068481445
2006-09-12,31.149917602539062
2006-09-13,30.826921463012695
2006-09-14,30.7841796875
2006-09-15,31.021669387817383
2006-09-18,30.760417938232422
2006-09-19,31.1071720123291
2006-09-20,30.902931213378906
2006-09-21,30.831680297851562
2006-09-22,30.831680297851562
2006-09-25,30.940933227539062
2006-09-26,31.012184143066406
2006-09-27,30.850675582885742
2006-09-28,30.969419479370117
2006-09-29,31.04541778564453
2006-10-02,30.997920989990234
2006-10-03,31.064424514770508
2006-10-04,31.449174880981445
2006-10-05,31.45391082763672
2006-10-06,31.396909713745117
2006-10-09,31.463407516479492
2006-10-10,31.430164337158203
2006-10-11,31.339920043945312
2006-10-12,31.43491554260254
2006-10-13,31.491912841796875
2006-10-16,31.411165237426758
2006-10-17,31.363658905029297
2006-10-18,31.83390235900879
2006-10-19,31.867164611816406
2006-10-20,32.02391052246094
2006-10-23,31.9146671295166
2006-10-24,31.031166076660156
2006-10-25,31.173656463623047
2006-10-26,31.335163116455078
2006-10-27,31.46816635131836
2006-10-30,31.43491554260254
2006-10-31,31.59642219543457
2006-11-01,31.330408096313477
2006-11-02,31.278179168701172
2006-11-03,31.306671142578125
2006-11-06,31.420669555664062
2006-11-07,31.34467124938965
2006-11-08,31.39215660095215
2006-11-09,31.335163116455078
2006-11-10,31.34467124938965
2006-11-13,31.458675384521484
2006-11-14,31.401670455932617
2006-11-15,31.415922164916992
2006-11-16,31.491912841796875
2006-11-17,31.59642219543457
2006-11-20,31.49665641784668
2006-11-21,31.406414031982422
2006-11-22,31.510906219482422
2006-11-24,31.487154006958008
2006-11-27,31.23542022705078
2006-11-28,31.401670455932617
2006-11-29,31.491912841796875
2006-11-30,31.572660446166992
2006-12-01,31.510906219482422
2006-12-04,31.905155181884766
2006-12-05,32.223411560058594
2006-12-06,32.23297119140625
2006-12-07,31.988962173461914
2006-12-08,31.706668853759766
2006-12-11,31.73537826538086
2006-12-12,31.67798614501953
2006-12-13,31.67798614501953
2006-12-14,31.850208282470703
2006-12-15,32.16599655151367
2006-12-18,31.993749618530273
2006-12-19,32.28559112548828
2006-12-20,32.252113342285156
2006-12-21,32.42433547973633
2006-12-22,32.419559478759766
2006-12-26,32.35736846923828
2006-12-27,32.54396057128906
2006-12-28,32.596595764160156
2006-12-29,32.51045608520508
2007-01-03,32.701847076416016
2007-01-04,32.87408447265625
2007-01-05,32.744911193847656
2007-01-08,32.93149948120117
2007-01-09,33.01283645629883
2007-01-10,33.156375885009766
2007-01-11,33.07503128051758
2007-01-12,33.01761245727539
2007-01-16,32.8358154296875
2007-01-17,33.118099212646484
2007-01-18,33.0798225402832
2007-01-19,32.96977615356445
2007-01-22,33.03676223754883
2007-01-23,33.33818435668945
2007-01-24,33.237709045410156
2007-01-25,32.88844299316406
2007-01-26,32.65400695800781
2007-01-29,32.68749237060547
2007-01-30,33.02239990234375
2007-01-31,33.2042350769043
2007-02-01,33.24248504638672
2007-02-02,33.237709045410156
2007-02-05,33.11333084106445
2007-02-06,33.24248504638672
2007-02-07,33.00326156616211
2007-02-08,32.730560302734375
2007-02-09,32.697059631347656
2007-02-12,32.6922721862793
2007-02-13,32.94586181640625
2007-02-14,33.285552978515625
2007-02-15,33.31425857543945
2007-02-16,33.175514221191406
2007-02-20,33.486507415771484
2007-02-21,33.30470275878906
2007-02-22,33.25204849243164
2007-02-23,33.49127197265625
2007-02-26,33.44344711303711
2007-02-27,32.634857177734375
2007-02-28,32.53438186645508
2007-03-01,32.6157341003418
2007-03-02,32.17078399658203
2007-03-05,32.338226318359375
2007-03-06,32.54396057128906
2007-03-07,32.3414306640625
2007-03-08,32.45233154296875
2007-03-09,32.43305206298828
2007-03-12,32.254642486572266
2007-03-13,32.08588790893555
2007-03-14,32.29322052001953
2007-03-15,32.307682037353516
2007-03-16,32.17267608642578
2007-03-19,32.47645950317383
2007-03-20,32.809181213378906
2007-03-21,33.13225173950195
2007-03-22,33.32513427734375
2007-03-23,33.26726150512695
2007-03-26,33.243167877197266
2007-03-27,33.098506927490234
2007-03-28,33.13707733154297
2007-03-29,33.17565155029297
2007-03-30,33.026161193847656
2007-04-02,33.08885955810547
2007-04-03,33.29619598388672
2007-04-04,33.3492431640625
2007-04-05,33.590354919433594
2007-04-09,33.80735397338867
2007-04-10,33.92306137084961
2007-04-11,33.571067810058594
2007-04-12,33.72535705566406
2007-04-13,33.82179641723633
2007-04-16,34.086997985839844
2007-04-17,34.38116455078125
2007-04-18,34.38116455078125
2007-04-19,34.42936706542969
2007-04-20,34.68977355957031
2007-04-23,34.284725189208984
2007-04-24,34.164180755615234
2007-04-25,34.66084289550781
2007-04-26,34.578861236572266
2007-04-27,34.54029083251953
2007-04-30,34.31846237182617
2007-05-01,34.45830535888672
2007-05-02,34.525814056396484
2007-05-03,34.2895393371582
2007-05-04,34.357051849365234
2007-05-07,34.49207305908203
2007-05-08,34.32810974121094
2007-05-09,34.443843841552734
2007-05-10,34.1738166809082
2007-05-11,34.366695404052734
2007-05-14,34.086997985839844
2007-05-15,33.894142150878906
2007-05-16,34.525814056396484
2007-05-17,34.598148345947266
2007-05-18,34.675323486328125
2007-05-21,34.45830535888672
2007-05-22,34.20756912231445
2007-05-23,34.164180755615234
2007-05-24,34.05325698852539
2007-05-25,34.24131393432617
2007-05-29,34.14005661010742
2007-05-30,34.32810974121094
2007-05-31,34.21719741821289
2007-06-01,34.55957794189453
2007-06-04,34.68977355957031
2007-06-05,34.709075927734375
2007-06-06,34.20384216308594
2007-06-07,33.83951187133789
2007-06-08,34.1309700012207
2007-06-11,33.9852409362793
2007-06-12,33.73263931274414
2007-06-13,34.184417724609375
2007-06-14,34.06783676147461
2007-06-15,33.703487396240234
2007-06-18,33.65005111694336
2007-06-19,33.125404357910156
2007-06-20,32.83880615234375
2007-06-21,32.829078674316406
2007-06-22,32.391883850097656
2007-06-25,32.391883850097656
2007-06-26,32.595916748046875
2007-06-27,32.450172424316406
2007-06-28,32.35301971435547
2007-06-29,32.493892669677734
2007-07-02,32.87281799316406
2007-07-03,32.89222717285156
2007-07-05,32.94566345214844
2007-07-06,32.741641998291016
2007-07-09,32.595916748046875
2007-07-10,31.94495964050293
2007-07-11,32.0906982421875
2007-07-12,32.72707748413086
2007-07-13,32.561912536621094
2007-07-16,32.75136184692383
2007-07-17,32.43559646606445
2007-07-18,32.450172424316406
2007-07-19,32.6784782409668
2007-07-20,32.33359909057617
2007-07-23,32.78050231933594
2007-07-24,33.173980712890625
2007-07-25,33.62092208862305
2007-07-26,33.31486511230469
2007-07-27,33.12055206298828
2007-07-30,33.20313262939453
2007-07-31,32.6784782409668
2007-08-01,32.28986358642578
2007-08-02,33.12055206298828
2007-08-03,32.85337829589844
2007-08-06,33.75693130493164
2007-08-07,33.88809585571289
2007-08-08,33.84437942504883
2007-08-09,33.25657272338867
2007-08-10,33.13511657714844
2007-08-13,33.863792419433594
2007-08-14,33.57232666015625
2007-08-15,33.348873138427734
2007-08-16,32.9942512512207
2007-08-17,33.552894592285156
2007-08-20,33.781211853027344
2007-08-21,33.73263931274414
2007-08-22,33.82979202270508
2007-08-23,33.83951187133789
2007-08-24,34.164981842041016
2007-08-27,33.49460220336914
2007-08-28,33.27114486694336
2007-08-29,33.69377517700195
2007-08-30,33.19342041015625
2007-08-31,33.368316650390625
2007-09-04,33.59175491333008
2007-09-05,33.425323486328125
2007-09-06,33.626033782958984
2007-09-07,33.1707649230957
2007-09-10,33.361671447753906
2007-09-11,33.611351013183594
2007-09-12,34.04702377319336
2007-09-13,34.12046432495117
2007-09-14,34.04702377319336
2007-09-17,33.45468521118164
2007-09-18,33.97360610961914
2007-09-19,34.321163177490234
2007-09-20,34.04702377319336
2007-09-21,34.24774169921875
2007-09-24,34.081298828125
2007-09-25,34.105770111083984
2007-09-26,34.53656005859375
2007-09-27,34.53656005859375
2007-09-28,34.394596099853516
2007-10-01,34.36032485961914
2007-10-02,34.644256591796875
2007-10-03,34.35053634643555
2007-10-04,34.24774169921875
2007-10-05,34.282005310058594
2007-10-08,34.20858383178711
2007-10-09,34.282005310058594
2007-10-10,34.164527893066406
2007-10-11,34.27219009399414
2007-10-12,34.512081146240234
2007-10-15,33.90016555786133
2007-10-16,33.9882698059082
2007-10-17,33.924652099609375
2007-10-18,33.68476486206055
2007-10-19,32.86723327636719
2007-10-22,34.36032485961914
2007-10-23,33.94422149658203
2007-10-24,34.306488037109375
2007-10-25,34.21835708618164
2007-10-26,34.6981086730957
2007-10-29,34.49740219116211
2007-10-30,34.242835998535156
2007-10-31,34.7030029296875
2007-11-01,33.90016555786133
2007-11-02,33.856109619140625
2007-11-05,33.91483688354492
2007-11-06,34.04213333129883
2007-11-07,33.28334045410156
2007-11-08,33.66028594970703
2007-11-09,33.35188293457031
2007-11-12,33.27355194091797
2007-11-13,33.924652099609375
2007-11-14,33.46449279785156
2007-11-15,33.64071273803711
2007-11-16,33.8511962890625
2007-11-19,33.62113571166992
2007-11-20,33.738624572753906
2007-11-21,33.07285690307617
2007-11-23,33.410621643066406
2007-11-26,33.45468521118164
2007-11-27,33.84141540527344
2007-11-28,34.12534713745117
2007-11-29,33.95893096923828
2007-11-30,34.17430877685547
2007-12-03,34.06659698486328
2007-12-04,33.508548736572266
2007-12-05,34.36203384399414
2007-12-06,34.22883987426758
2007-12-07,34.204166412353516
2007-12-10,34.391639709472656
2007-12-11,33.873626708984375
2007-12-12,34.32750701904297
2007-12-13,34.1499137878418
2007-12-14,33.60227966308594
2007-12-17,33.63187789916992
2007-12-18,33.57761764526367
2007-12-19,33.60721206665039
2007-12-20,34.258426666259766
2007-12-21,34.184452056884766
2007-12-24,34.45083236694336
2007-12-26,34.57911682128906
2007-12-27,34.28803253173828
2007-12-28,34.50511932373047
2007-12-31,34.20909881591797
2008-01-02,33.95254898071289
2008-01-03,34.13016128540039
2008-01-04,34.02656555175781
2008-01-07,34.28310775756836
2008-01-08,33.696006774902344
2008-01-09,34.28803253173828
2008-01-10,33.7453498840332
2008-01-11,32.941184997558594
2008-01-14,33.31119918823242
2008-01-15,33.15332794189453
2008-01-16,32.87704849243164
2008-01-17,32.487300872802734
2008-01-18,32.09755325317383
2008-01-22,31.840999603271484
2008-01-23,31.791654586791992
2008-01-24,31.78673553466797
2008-01-25,31.614059448242188
2008-01-28,31.530200958251953
2008-01-29,32.2850227355957
2008-01-30,31.831148147583008
2008-01-31,32.378753662109375
2008-02-01,33.07438278198242
2008-02-04,32.581031799316406
2008-02-05,32.2850227355957
2008-02-06,32.21595764160156
2008-02-07,32.09755325317383
2008-02-08,31.855806350708008
2008-02-11,31.92487144470215
2008-02-12,32.368896484375
2008-02-13,32.22089385986328
2008-02-14,31.648601531982422
2008-02-15,31.78673553466797
2008-02-19,31.57954216003418
2008-02-20,31.702863693237305
2008-02-21,31.643665313720703
2008-02-22,32.08768844604492
2008-02-25,32.31461715698242
2008-02-26,32.53662872314453
2008-02-27,32.66490936279297
2008-02-28,32.442893981933594
2008-02-29,32.15676498413086
2008-03-03,32.339290618896484
2008-03-04,32.063011169433594
2008-03-05,32.09288787841797
2008-03-06,31.82406997680664
2008-03-07,31.619977951049805
2008-03-10,31.669757843017578
2008-03-11,31.829051971435547
2008-03-12,31.435794830322266
2008-03-13,31.679719924926758
2008-03-14,31.35614013671875
2008-03-17,31.495527267456055
2008-03-18,32.087894439697266
2008-03-19,32.087894439697266
2008-03-20,32.34177017211914
2008-03-24,32.33679962158203
2008-03-25,32.57076644897461
2008-03-26,32.356727600097656
2008-03-27,32.01821517944336
2008-03-28,31.898746490478516
2008-03-31,32.13270568847656
2008-04-01,32.6056022644043
2008-04-02,32.64045715332031
2008-04-03,32.49609375
2008-04-04,32.49609375
2008-04-07,32.356727600097656
2008-04-08,32.232261657714844
2008-04-09,31.590120315551758
2008-04-10,31.590120315551758
2008-04-11,31.55027198791504
2008-04-14,31.814130783081055
2008-04-15,31.789228439331055
2008-04-16,31.669757843017578
2008-04-17,31.420854568481445
2008-04-18,31.530376434326172
2008-04-21,31.873849868774414
2008-04-22,32.0431022644043
2008-04-23,31.853946685791016
2008-04-24,31.72451400756836
2008-04-25,31.74442481994629
2008-04-28,31.814130783081055
2008-04-29,31.789228439331055
2008-04-30,31.853946685791016
2008-05-01,32.227291107177734
2008-05-02,32.17253875732422
2008-05-05,32.053043365478516
2008-05-06,32.14266586303711
2008-05-07,31.460678100585938
2008-05-08,31.400936126708984
2008-05-09,31.037548065185547
2008-05-12,31.1868896484375
2008-05-13,31.530376434326172
2008-05-14,31.405902862548828
2008-05-15,31.679719924926758
2008-05-16,31.570194244384766
2008-05-19,31.739437103271484
2008-05-20,31.71953773498535
2008-05-21,31.38102149963379
2008-05-22,31.7095890045166
2008-05-23,31.256591796875
2008-05-27,31.590120315551758
2008-05-28,31.58015251159668
2008-05-29,31.96843910217285
2008-05-30,31.75936508178711
2008-06-02,31.351163864135742
2008-06-03,31.400936126708984
2008-06-04,31.702394485473633
2008-06-05,31.797847747802734
2008-06-06,31.205007553100586
2008-06-09,31.184904098510742
2008-06-10,31.426071166992188
2008-06-11,31.064332962036133
2008-06-12,31.275341033935547
2008-06-13,31.461240768432617
2008-06-16,31.144725799560547
2008-06-17,31.29041862487793
2008-06-18,31.19998550415039
2008-06-19,31.32559585571289
2008-06-20,30.737762451171875
2008-06-23,30.76288414001465
2008-06-24,31.029157638549805
2008-06-25,31.220075607299805
2008-06-26,30.602092742919922
2008-06-27,30.079601287841797
2008-06-30,30.03437614440918
2008-07-01,30.104705810546875
2008-07-02,29.96906852722168
2008-07-03,30.551856994628906
2008-07-07,29.908771514892578
2008-07-08,30.416194915771484
2008-07-09,30.094667434692383
2008-07-10,30.14491844177246
2008-07-11,29.803266525268555
2008-07-14,29.542009353637695
2008-07-15,27.637859344482422
2008-07-16,27.497177124023438
2008-07-17,27.79862403869629
2008-07-18,27.627805709838867
2008-07-21,27.617761611938477
2008-07-22,27.984525680541992
2008-07-23,28.48190689086914
2008-07-24,27.808677673339844
2008-07-25,28.13022804260254
2008-07-28,28.185489654541016
2008-07-29,28.86876678466797
2008-07-30,29.3109130859375
2008-07-31,29.054677963256836
2008-08-01,29.06471061706543
2008-08-04,29.612361907958984
2008-08-05,30.43128204345703
2008-08-06,30.436298370361328
2008-08-07,29.35611915588379
2008-08-08,30.85833168029785
2008-08-11,30.838233947753906
2008-08-12,31.164812088012695
2008-08-13,30.97389030456543
2008-08-14,31.36577033996582
2008-08-15,31.611970901489258
2008-08-18,31.531578063964844
2008-08-19,31.19495964050293
2008-08-20,30.642288208007812
2008-08-21,30.642288208007812
2008-08-22,31.164812088012695
2008-08-25,30.617191314697266
2008-08-26,30.667421340942383
2008-08-27,30.732728958129883
2008-08-28,31.511472702026367
2008-08-29,30.98897361755371
2008-09-02,31.591869354248047
2008-09-03,31.536094665527344
2008-09-04,31.069561004638672
2008-09-05,31.536094665527344
2008-09-08,32.40321731567383
2008-09-09,33.077640533447266
2008-09-10,32.636478424072266
2008-09-11,32.61618423461914
2008-09-12,32.74803161621094
2008-09-15,32.63140106201172
2008-09-16,32.788604736328125
2008-09-17,32.64153289794922
2008-09-18,32.824100494384766
2008-09-19,33.49852752685547
2008-09-22,32.453922271728516
2008-09-23,32.195316314697266
2008-09-24,32.37786102294922
2008-09-25,32.68719482421875
2008-09-26,33.50359344482422
2008-09-29,32.24601745605469
2008-09-30,32.8798713684082
2008-10-01,33.06749725341797
2008-10-02,33.1891975402832
2008-10-03,32.65167999267578
2008-10-06,31.673004150390625
2008-10-07,31.11012077331543
2008-10-08,31.404253005981445
2008-10-09,28.909339904785156
2008-10-10,28.711576461791992
2008-10-13,30.481348037719727
2008-10-14,30.425554275512695
2008-10-15,28.488452911376953
2008-10-16,30.511764526367188
2008-10-17,30.420488357543945
2008-10-20,31.43973159790039
2008-10-21,31.272401809692383
2008-10-22,29.015838623046875
2008-10-23,28.99555778503418
2008-10-24,27.895160675048828
2008-10-27,27.9965763092041
2008-10-28,30.410341262817383
2008-10-29,29.9641170501709
2008-10-30,30.902231216430664
2008-10-31,31.079692840576172
2008-11-03,30.8464412689209
2008-11-04,31.378896713256836
2008-11-05,29.974245071411133
2008-11-06,29.142616271972656
2008-11-07,29.380943298339844
2008-11-10,29.553369522094727
2008-11-11,29.203449249267578
2008-11-12,28.66592788696289
2008-11-13,29.877893447875977
2008-11-14,29.09190559387207
2008-11-17,28.80792236328125
2008-11-18,29.487430572509766
2008-11-19,28.43775177001953
2008-11-20,27.418500900268555
2008-11-21,28.17406463623047
2008-11-24,28.873851776123047
2008-11-25,28.848491668701172
2008-11-26,28.564529418945312
2008-11-28,29.304880142211914
2008-12-01,27.900232315063477
2008-12-02,28.97019386291504
2008-12-03,28.744787216186523
2008-12-04,28.0275821685791
2008-12-05,28.15052604675293
2008-12-08,28.28371810913086
2008-12-09,26.567535400390625
2008-12-10,26.562406539916992
2008-12-11,26.372861862182617
2008-12-12,26.398487091064453
2008-12-15,26.53680992126465
2008-12-16,26.844186782836914
2008-12-17,25.993770599365234
2008-12-18,26.987625122070312
2008-12-19,26.18330955505371
2008-12-22,26.864675521850586
2008-12-23,26.255035400390625
2008-12-24,26.71097183227539
2008-12-26,26.659748077392578
2008-12-29,26.593158721923828
2008-12-30,26.99787139892578
2008-12-31,27.018346786499023
2009-01-02,27.484554290771484
2009-01-05,27.141300201416016
2009-01-06,27.02348518371582
2009-01-07,26.4445858001709
2009-01-08,26.20893096923828
2009-01-09,25.845199584960938
2009-01-12,25.90155792236328
2009-01-13,26.75708770751953
2009-01-14,26.3113956451416
2009-01-15,26.839067459106445
2009-01-16,27.264257431030273
2009-01-20,26.659748077392578
2009-01-21,27.028602600097656
2009-01-22,27.310373306274414
2009-01-23,26.634138107299805
2009-01-26,26.46508026123047
2009-01-27,26.685367584228516
2009-01-28,26.72635269165039
2009-01-29,26.81344223022461
2009-01-30,26.367755889892578
2009-02-02,26.116710662841797
2009-02-03,26.393373489379883
2009-02-04,25.90155792236328
2009-02-05,26.275531768798828
2009-02-06,26.372861862182617
2009-02-09,26.116710662841797
2009-02-10,25.266311645507812
2009-02-11,25.742748260498047
2009-02-12,25.8400821685791
2009-02-13,25.49172592163086
2009-02-17,24.999927520751953
2009-02-18,24.81037139892578
2009-02-19,24.984560012817383
2009-02-20,24.5849609375
2009-02-23,24.082914352416992
2009-02-24,24.677181243896484
2009-02-25,24.354433059692383
2009-02-26,23.903614044189453
2009-02-27,24.1341495513916
2009-03-02,23.4989070892334
2009-03-03,23.616731643676758
2009-03-04,23.92815589904785
2009-03-05,22.9263916015625
2009-03-06,22.796628952026367
2009-03-09,22.53191375732422
2009-03-10,23.004261016845703
2009-03-11,22.97310447692871
2009-03-12,23.367582321166992
2009-03-13,23.88663101196289
2009-03-16,24.281108856201172
2009-03-17,24.327835083007812
2009-03-18,24.416065216064453
2009-03-19,24.135780334472656
2009-03-20,23.865873336791992
2009-03-23,24.307065963745117
2009-03-24,23.954111099243164
2009-03-25,24.2136287689209
2009-03-26,24.483556747436523
2009-03-27,24.675586700439453
2009-03-30,24.07868194580078
2009-03-31,23.933349609375
2009-04-01,24.561397552490234
2009-04-02,25.56834602355957
2009-04-03,25.433395385742188
2009-04-06,25.42821502685547
2009-04-07,24.90396499633789
2009-04-08,24.76900863647461
2009-04-09,25.018165588378906
2009-04-13,25.070068359375
2009-04-14,25.06488800048828
2009-04-15,25.500877380371094
2009-04-16,25.8382568359375
2009-04-17,26.077022552490234
2009-04-20,25.91092872619629
2009-04-21,25.92650604248047
2009-04-22,25.8382568359375
2009-04-23,25.62545394897461
2009-04-24,25.594303131103516
2009-04-27,25.744831085205078
2009-04-28,25.869409561157227
2009-04-29,25.750022888183594
2009-04-30,25.506061553955078
2009-05-01,25.822683334350586
2009-05-04,26.123737335205078
2009-05-05,25.91092872619629
2009-05-06,26.46111297607422
2009-05-07,26.84003257751465
2009-05-08,26.9645938873291
2009-05-11,26.80887794494629
2009-05-12,26.938642501831055
2009-05-13,26.74658203125
2009-05-14,26.232746124267578
2009-05-15,26.206775665283203
2009-05-18,27.011306762695312
2009-05-19,26.57010841369629
2009-05-20,26.673933029174805
2009-05-21,26.362499237060547
2009-05-22,26.549346923828125
2009-05-26,27.286418914794922
2009-05-27,26.53897476196289
2009-05-28,26.762165069580078
2009-05-29,26.933456420898438
2009-06-01,27.75873565673828
2009-06-02,27.971553802490234
2009-06-03,27.8140811920166
2009-06-04,27.635623931884766
2009-06-05,27.5096492767334
2009-06-08,27.703859329223633
2009-06-09,27.59886360168457
2009-06-10,27.551639556884766
2009-06-11,27.514896392822266
2009-06-12,27.677602767944336
2009-06-15,26.98999786376953
2009-06-16,26.696067810058594
2009-06-17,26.753786087036133
2009-06-18,26.94276237487793
2009-06-19,26.59632682800293
2009-06-22,26.80103302001953
2009-06-23,26.83251953125
2009-06-24,27.1737117767334
2009-06-25,27.688112258911133
2009-06-26,27.478153228759766
2009-06-29,27.93480682373047
2009-06-30,27.520137786865234
2009-07-01,28.23399543762207
2009-07-02,27.782588958740234
2009-07-06,27.95580291748047
2009-07-07,27.740610122680664
2009-07-08,27.57787322998047
2009-07-09,27.367916107177734
2009-07-10,27.268192291259766
2009-07-13,27.892810821533203
2009-07-14,27.861316680908203
2009-07-15,28.323232650756836
2009-07-16,28.543684005737305
2009-07-17,28.59092140197754
2009-07-20,28.779874801635742
2009-07-21,28.496448516845703
2009-07-22,28.585678100585938
2009-07-23,30.338809967041016
2009-07-24,30.45427703857422
2009-07-27,30.73248291015625
2009-07-28,30.87946128845215
2009-07-29,30.74823760986328
2009-07-30,30.638004302978516
2009-07-31,30.679990768432617
2009-08-03,30.585519790649414
2009-08-04,31.04741859436035
2009-08-05,30.727251052856445
2009-08-06,30.34406089782715
2009-08-07,30.212846755981445
2009-08-10,30.333566665649414
2009-08-11,30.50678253173828
2009-08-12,30.659011840820312
2009-08-13,30.92145347595215
2009-08-14,30.93720245361328
2009-08-17,30.643253326416016
2009-08-18,30.67475700378418
2009-08-19,30.94244956970215
2009-08-20,30.874204635620117
2009-08-21,31.24689292907715
2009-08-24,31.11042022705078
2009-08-25,31.262622833251953
2009-08-26,31.57756996154785
2009-08-27,31.38859748840332
2009-08-28,31.36761474609375
2009-08-31,31.73504638671875
2009-09-01,31.021181106567383
2009-09-02,30.915130615234375
2009-09-03,30.777254104614258
2009-09-04,30.862098693847656
2009-09-08,30.660585403442383
2009-09-09,30.71892738342285
2009-09-10,30.994657516479492
2009-09-11,31.021181106567383
2009-09-14,30.777254104614258
2009-09-15,30.59166145324707
2009-09-16,30.490903854370117
2009-09-17,30.310598373413086
2009-09-18,30.692398071289062
2009-09-21,30.490903854370117
2009-09-22,30.55984115600586
2009-09-23,30.819671630859375
2009-09-24,30.692398071289062
2009-09-25,30.59696388244629
2009-09-28,31.005266189575195
2009-09-29,30.554542541503906
2009-09-30,31.275720596313477
2009-10-01,30.867399215698242
2009-10-02,31.217378616333008
2009-10-05,30.93633460998535
2009-10-06,31.190858840942383
2009-10-07,31.11663055419922
2009-10-08,31.31814193725586
2009-10-09,31.424190521240234
2009-10-12,31.567371368408203
2009-10-13,31.29163932800293
2009-10-14,31.222679138183594
2009-10-15,31.48781394958496
2009-10-16,31.323442459106445
2009-10-19,31.63100242614746
2009-10-20,31.583269119262695
2009-10-21,31.652223587036133
2009-10-22,33.45515060424805
2009-10-23,32.64913558959961
2009-10-26,32.596099853515625
2009-10-27,32.6279296875
2009-10-28,32.362770080566406
2009-10-29,32.733970642089844
2009-10-30,32.431724548339844
2009-11-02,33.26954650878906
2009-11-03,32.87715530395508
2009-11-04,33.22182846069336
2009-11-05,33.69908142089844
2009-11-06,33.78392791748047
2009-11-09,33.990726470947266
2009-11-10,34.07557678222656
2009-11-11,33.942996978759766
2009-11-12,33.71498489379883
2009-11-13,33.95890426635742
2009-11-16,34.377838134765625
2009-11-17,34.61647033691406
2009-11-18,34.536922454833984
2009-11-19,34.33541488647461
2009-11-20,34.33541488647461
2009-11-23,34.828575134277344
2009-11-24,34.87098693847656
2009-11-25,35.0035514831543
2009-11-27,34.76493453979492
2009-11-30,34.98235321044922
2009-12-01,35.433101654052734
2009-12-02,35.73807907104492
2009-12-03,35.33141326904297
2009-12-04,35.245811462402344
2009-12-07,34.8819580078125
2009-12-08,34.73213195800781
2009-12-09,34.30940628051758
2009-12-10,34.57160568237305
2009-12-11,34.6251106262207
2009-12-14,34.796329498291016
2009-12-15,34.78562927246094
2009-12-16,34.75889587402344
2009-12-17,34.293357849121094
2009-12-18,33.8867073059082
2009-12-21,34.507389068603516
2009-12-22,34.36827087402344
2009-12-23,34.37364196777344
2009-12-24,34.25055694580078
2009-12-28,34.44852828979492
2009-12-29,34.464576721191406
2009-12-30,34.45388412475586
2009-12-31,34.090030670166016
2010-01-04,34.389671325683594
2010-01-05,34.41642761230469
2010-01-06,33.993709564208984
2010-01-07,33.768978118896484
2010-01-08,33.55495071411133
2010-01-11,33.51215744018555
2010-01-12,33.72081756591797
2010-01-13,34.041866302490234
2010-01-14,33.72081756591797
2010-01-15,33.29275131225586
2010-01-19,33.60310363769531
2010-01-20,33.22319412231445
2010-01-21,32.698814392089844
2010-01-22,32.22794723510742
2010-01-25,32.34566879272461
2010-01-26,32.16374206542969
2010-01-27,31.837337493896484
2010-01-28,31.62864875793457
2010-01-29,31.77847671508789
2010-02-01,31.842676162719727
2010-02-02,32.46875
2010-02-03,32.31356430053711
2010-02-04,31.6928768157959
2010-02-05,31.548397064208984
2010-02-08,31.543054580688477
2010-02-09,31.90155792236328
2010-02-10,31.532329559326172
2010-02-11,31.671464920043945
2010-02-12,31.494871139526367
2010-02-16,31.70890998840332
2010-02-17,31.7570858001709
2010-02-18,32.318912506103516
2010-02-19,32.238643646240234
2010-02-22,32.051361083984375
2010-02-23,32.30820846557617
2010-02-24,32.26539993286133
2010-02-25,32.318912506103516
2010-02-26,32.50083923339844
2010-03-01,32.506187438964844
2010-03-02,32.28679656982422
2010-03-03,32.47074890136719
2010-03-04,32.481563568115234
2010-03-05,32.51943588256836
2010-03-08,32.52484893798828
2010-03-09,32.46533966064453
2010-03-10,32.178627014160156
2010-03-11,32.30302429199219
2010-03-12,32.503204345703125
2010-03-15,32.64927291870117
2010-03-16,32.74665451049805
2010-03-17,32.963050842285156
2010-03-18,33.15782165527344
2010-03-19,33.233551025390625
2010-03-22,34.082923889160156
2010-03-23,34.35883712768555
2010-03-24,34.023406982421875
2010-03-25,34.10456085205078
2010-03-26,33.98012924194336
2010-03-29,34.20193099975586
2010-03-30,34.158668518066406
2010-03-31,34.01800537109375
2010-04-01,33.81242752075195
2010-04-05,33.682594299316406
2010-04-06,33.65011215209961
2010-04-07,33.293067932128906
2010-04-08,33.17945098876953
2010-04-09,33.36880111694336
2010-04-12,33.2119255065918
2010-04-13,33.033382415771484
2010-04-14,33.130760192871094
2010-04-15,33.32011795043945
2010-04-16,33.444541931152344
2010-04-19,33.623069763183594
2010-04-20,33.82865524291992
2010-04-21,34.05586624145508
2010-04-22,33.606834411621094
2010-04-23,32.963050842285156
2010-04-26,32.96846008300781
2010-04-27,32.84944534301758
2010-04-28,33.0117301940918
2010-04-29,33.15240478515625
2010-04-30,33.1415901184082
2010-05-03,33.082069396972656
2010-05-04,33.10371398925781
2010-05-05,33.28224563598633
2010-05-06,33.04961395263672
2010-05-07,33.000911712646484
2010-05-10,34.04505157470703
2010-05-11,33.96931838989258
2010-05-12,33.9747200012207
2010-05-13,33.63929748535156
2010-05-14,33.3309326171875
2010-05-17,33.69880676269531
2010-05-18,33.54192352294922
2010-05-19,33.54192352294922
2010-05-20,33.12535095214844
2010-05-21,33.336341857910156
2010-05-24,32.9901008605957
2010-05-25,32.75746536254883
2010-05-26,32.59517288208008
2010-05-27,33.098297119140625
2010-05-28,32.838619232177734
2010-06-01,33.065834045410156
2010-06-02,33.415870666503906
2010-06-03,33.5142936706543
2010-06-04,32.91270065307617
2010-06-07,33.2955436706543
2010-06-08,33.722129821777344
2010-06-09,33.78229522705078
2010-06-10,34.02839279174805
2010-06-11,33.99010467529297
2010-06-14,34.1541862487793
2010-06-15,34.47140884399414
2010-06-16,34.36200714111328
2010-06-17,34.526084899902344
2010-06-18,34.33466339111328
2010-06-21,34.28543472290039
2010-06-22,34.11042785644531
2010-06-23,34.088565826416016
2010-06-24,33.847930908203125
2010-06-25,33.61820983886719
2010-06-28,33.776817321777344
2010-06-29,33.34476852416992
2010-06-30,33.1588249206543
2010-07-01,33.164283752441406
2010-07-02,33.08224868774414
2010-07-06,32.91817855834961
2010-07-07,33.519775390625
2010-07-08,33.858848571777344
2010-07-09,33.74400329589844
2010-07-12,33.86979293823242
2010-07-13,34.11042785644531
2010-07-14,34.088565826416016
2010-07-15,34.19792556762695
2010-07-16,33.94088363647461
2010-07-19,34.24715805053711
2010-07-20,34.70108413696289
2010-07-21,34.1049690246582
2010-07-22,34.433109283447266
2010-07-23,34.80499267578125
2010-07-26,35.07298278808594
2010-07-27,35.49957275390625
2010-07-28,35.22610855102539
2010-07-29,34.96907424926758
2010-07-30,35.06749725341797
2010-08-02,35.61988067626953
2010-08-03,35.439414978027344
2010-08-04,35.7347297668457
2010-08-05,35.71833801269531
2010-08-06,35.70738220214844
2010-08-09,36.024600982666016
2010-08-10,36.10663986206055
2010-08-11,35.614418029785156
2010-08-12,35.67457962036133
2010-08-13,35.444889068603516
2010-08-16,35.608943939208984
2010-08-17,35.50503921508789
2010-08-18,35.70193099975586
2010-08-19,35.43394088745117
2010-08-20,35.39019012451172
2010-08-23,35.526912689208984
2010-08-24,35.39563751220703
2010-08-25,35.26438903808594
2010-08-26,35.05109786987305
2010-08-27,35.25347137451172
2010-08-30,35.08938980102539
2010-08-31,35.22064971923828
2010-09-01,35.76206970214844
2010-09-02,36.03553771972656
2010-09-03,36.19413757324219
2010-09-07,36.287109375
2010-09-08,36.50254440307617
2010-09-09,36.524627685546875
2010-09-10,36.60197830200195
2010-09-13,36.72901916503906
2010-09-14,36.712459564208984
2010-09-15,36.79531478881836
2010-09-16,36.784271240234375
2010-09-17,36.662750244140625
2010-09-20,36.961036682128906
2010-09-21,36.74007034301758
2010-09-22,36.878173828125
2010-09-23,36.72350311279297
2010-09-24,36.48597717285156
2010-09-27,36.08271789550781
2010-09-28,35.751277923583984
2010-09-29,35.93910217285156
2010-09-30,35.93357467651367
2010-10-01,35.922523498535156
2010-10-04,36.00538635253906
2010-10-05,36.187679290771484
2010-10-06,36.48046112060547
2010-10-07,36.50254440307617
2010-10-08,36.70692443847656
2010-10-11,36.64065933227539
2010-10-12,36.83951187133789
2010-10-13,36.91131591796875
2010-10-14,36.70140838623047
2010-10-15,36.668270111083984
2010-10-18,36.905799865722656
2010-10-19,36.497013092041016
2010-10-20,36.77873229980469
2010-10-21,36.933414459228516
2010-10-22,36.767696380615234
2010-10-25,36.717979431152344
2010-10-26,34.58573532104492
2010-10-27,34.44209289550781
2010-10-28,34.54703903198242
2010-10-29,34.98897933959961
2010-11-01,34.3426513671875
2010-11-02,34.773536682128906
2010-11-03,34.784576416015625
2010-11-04,34.79011154174805
2010-11-05,34.81773376464844
2010-11-08,34.701725006103516
2010-11-09,34.33713912963867
2010-11-10,34.171409606933594
2010-11-11,34.331626892089844
2010-11-12,34.25980758666992
2010-11-15,34.348182678222656
2010-11-16,33.9891242980957
2010-11-17,34.06647491455078
2010-11-18,34.30399703979492
2010-11-19,34.160377502441406
2010-11-22,34.31504821777344
2010-11-23,33.950462341308594
2010-11-24,33.85654067993164
2010-11-26,34.04990005493164
2010-11-29,33.9891242980957
2010-11-30,34.187992095947266
2010-12-01,34.502864837646484
2010-12-02,34.07199478149414
2010-12-03,34.2542724609375
2010-12-06,34.07199478149414
2010-12-07,34.21561813354492
2010-12-08,34.57853317260742
2010-12-09,34.6064453125
2010-12-10,34.45011520385742
2010-12-13,34.4166259765625
2010-12-14,34.623199462890625
2010-12-15,34.612030029296875
2010-12-16,34.74603271484375
2010-12-17,35.03079605102539
2010-12-20,35.20388412475586
2010-12-21,35.19272994995117
2010-12-22,35.28205490112305
2010-12-23,35.298797607421875
2010-12-27,35.259727478027344
2010-12-28,35.38814926147461
2010-12-29,35.26531219482422
2010-12-30,35.19831085205078
2010-12-31,35.19831085205078
2011-01-03,34.96938705444336
2011-01-04,35.12013244628906
2011-01-05,35.23738098144531
2011-01-06,35.1871337890625
2011-01-07,35.17038345336914
2011-01-10,35.1257209777832
2011-01-11,35.053131103515625
2011-01-12,35.661739349365234
2011-01-13,35.51097869873047
2011-01-14,35.5333251953125
2011-01-18,35.66731643676758
2011-01-19,35.762245178222656
2011-01-20,36.03582763671875
2011-01-21,35.89067077636719
2011-01-24,35.717567443847656
2011-01-25,36.633262634277344
2011-01-26,36.365257263183594
2011-01-27,36.365257263183594
2011-01-28,36.14192581176758
2011-01-31,36.14192581176758
2011-02-01,36.024654388427734
2011-02-02,35.7231559753418
2011-02-03,36.19216537475586
2011-02-04,36.29825973510742
2011-02-07,36.25917434692383
2011-02-08,36.331748962402344
2011-02-09,36.33732604980469
2011-02-10,36.28709411621094
2011-02-11,36.76726531982422
2011-02-14,36.326175689697266
2011-02-15,36.27033615112305
2011-02-16,36.326175689697266
2011-02-17,36.499271392822266
2011-02-18,36.661170959472656
2011-02-22,36.326175689697266
2011-02-23,36.4099235534668
2011-02-24,36.19216537475586
2011-02-25,36.33732604980469
2011-02-28,36.7951774597168
2011-03-01,36.555091857910156
2011-03-02,36.37448501586914
2011-03-03,36.814720153808594
2011-03-04,36.555091857910156
2011-03-07,36.28418731689453
2011-03-08,36.45915603637695
2011-03-09,36.54380416870117
2011-03-10,36.617183685302734
2011-03-11,36.487361907958984
2011-03-14,36.329341888427734
2011-03-15,35.9907112121582
2011-03-16,35.702877044677734
2011-03-17,36.00200653076172
2011-03-18,36.28418731689453
2011-03-21,36.7864875793457
2011-03-22,36.690555572509766
2011-03-23,36.60023880004883
2011-03-24,36.82035446166992
2011-03-25,36.74135971069336
2011-03-28,36.80907440185547
2011-03-29,36.9106559753418
2011-03-30,37.119468688964844
2011-03-31,36.83729553222656
2011-04-01,36.89936065673828
2011-04-04,37.1702766418457
2011-04-05,36.89936065673828
2011-04-06,37.096900939941406
2011-04-07,36.984031677246094
2011-04-08,36.9276008605957
2011-04-11,36.9276008605957
2011-04-12,37.0799674987793
2011-04-13,36.814720153808594
2011-04-14,36.89373016357422
2011-04-15,37.017887115478516
2011-04-18,37.10818862915039
2011-04-19,37.147701263427734
2011-04-20,37.40166473388672
2011-04-21,37.27750778198242
2011-04-25,36.25597381591797
2011-04-26,36.57766342163086
2011-04-27,36.684898376464844
2011-04-28,37.01225662231445
2011-04-29,37.28314971923828
2011-05-02,37.396018981933594
2011-05-03,37.79108810424805
2011-05-04,37.94911193847656
2011-05-05,37.71773147583008
2011-05-06,37.74594497680664
2011-05-09,37.926536560058594
2011-05-10,38.19179916381836
2011-05-11,38.084571838378906
2011-05-12,38.60381317138672
2011-05-13,38.5417366027832
2011-05-16,38.4288444519043
2011-05-17,38.57559585571289
2011-05-18,38.5417366027832
2011-05-19,38.620723724365234
2011-05-20,38.47963333129883
2011-05-23,38.344200134277344
2011-05-24,38.57559585571289
2011-05-25,38.1635856628418
2011-05-26,38.214378356933594
2011-05-27,38.1861572265625
2011-05-31,38.54737854003906
2011-06-01,38.095855712890625
2011-06-02,37.75723648071289
2011-06-03,37.26056671142578
2011-06-06,37.33393478393555
2011-06-07,37.192840576171875
2011-06-08,37.341163635253906
2011-06-09,37.324058532714844
2011-06-10,36.86198425292969
2011-06-13,37.0217170715332
2011-06-14,37.421024322509766
2011-06-15,37.17002487182617
2011-06-16,37.489479064941406
2011-06-17,37.77470779418945
2011-06-20,38.09414291381836
2011-06-21,38.13408660888672
2011-06-22,37.88308334350586
2011-06-23,37.69483184814453
2011-06-24,37.284122467041016
2011-06-27,37.318336486816406
2011-06-28,37.489479064941406
2011-06-29,37.746177673339844
2011-06-30,37.96865463256836
2011-07-01,38.162601470947266
2011-07-05,37.94583511352539
2011-07-06,37.88308334350586
2011-07-07,38.05421829223633
2011-07-08,38.00288009643555
2011-07-11,37.991458892822266
2011-07-12,38.05421829223633
2011-07-13,38.07135009765625
2011-07-14,37.8659782409668
2011-07-15,38.276695251464844
2011-07-18,37.8659782409668
2011-07-19,38.122676849365234
2011-07-20,38.2025260925293
2011-07-21,38.68170928955078
2011-07-22,38.73303985595703
2011-07-25,37.92301559448242
2011-07-26,38.179725646972656
2011-07-27,37.76328659057617
2011-07-28,37.535125732421875
2011-07-29,37.284122467041016
2011-08-01,37.17573165893555
2011-08-02,36.810646057128906
2011-08-03,36.82205581665039
2011-08-04,35.960693359375
2011-08-05,36.548248291015625
2011-08-08,35.85801696777344
2011-08-09,36.64522171020508
2011-08-10,35.69259262084961
2011-08-11,36.8505859375
2011-08-12,37.158607482910156
2011-08-15,37.70624542236328
2011-08-16,37.70053482055664
2011-08-17,37.63208770751953
2011-08-18,37.41531753540039
2011-08-19,37.278419494628906
2011-08-22,37.51799774169922
2011-08-23,38.36796188354492
2011-08-24,38.750160217285156
2011-08-25,38.39076232910156
2011-08-26,38.693115234375
2011-08-29,39.03536605834961
2011-08-30,39.08671569824219
2011-08-31,39.45180130004883
2011-09-01,39.235023498535156
2011-09-02,38.864234924316406
2011-09-06,38.938411712646484
2011-09-07,39.46864318847656
2011-09-08,39.255393981933594
2011-09-09,38.74818801879883
2011-09-12,38.759735107421875
2011-09-13,38.903812408447266
2011-09-14,39.31301498413086
2011-09-15,39.6300163269043
2011-09-16,40.217926025390625
2011-09-19,40.281314849853516
2011-09-20,40.604068756103516
2011-09-21,39.93547058105469
2011-09-22,39.88361358642578
2011-09-23,40.32740783691406
2011-09-26,40.80577850341797
2011-09-27,41.024784088134766
2011-09-28,40.240966796875
2011-09-29,41.05360412597656
2011-09-30,40.926822662353516
2011-10-03,40.725101470947266
2011-10-04,40.563720703125
2011-10-05,40.54066467285156
2011-10-06,40.90952682495117
2011-10-07,40.89799880981445
2011-10-10,41.30145263671875
2011-10-11,41.18041229248047
2011-10-12,41.49164962768555
2011-10-13,41.15159225463867
2011-10-14,41.44554138183594
2011-10-17,41.04785919189453
2011-10-18,41.37062072753906
2011-10-19,41.24956512451172
2011-10-20,41.324501037597656
2011-10-21,42.07374954223633
2011-10-24,40.14299011230469
2011-10-25,40.08534622192383
2011-10-26,40.506080627441406
2011-10-27,40.932579040527344
2011-10-28,40.557960510253906
2011-10-31,40.17755126953125
2011-11-01,39.595436096191406
2011-11-02,39.825992584228516
2011-11-03,40.16603088378906
2011-11-04,40.17755126953125
2011-11-07,40.454219818115234
2011-11-08,40.85190200805664
2011-11-09,40.212154388427734
2011-11-10,40.604068756103516
2011-11-11,40.97869110107422
2011-11-14,41.01902770996094
2011-11-15,41.140079498291016
2011-11-16,40.51761245727539
2011-11-17,40.36199951171875
2011-11-18,40.40232849121094
2011-11-21,40.027706146240234
2011-11-22,39.998878479003906
2011-11-23,39.49170684814453
2011-11-25,39.589683532714844
2011-11-28,40.15450668334961
2011-11-29,40.20060729980469
2011-11-30,41.19192886352539
2011-12-01,41.09395980834961
2011-12-02,40.76543045043945
2011-12-05,40.586761474609375
2011-12-06,40.80003356933594
2011-12-07,41.108543395996094
2011-12-08,40.642860412597656
2011-12-09,40.829132080078125
2011-12-12,40.69524002075195
2011-12-13,40.81749725341797
2011-12-14,40.86985778808594
2011-12-15,41.47526168823242
2011-12-16,41.492740631103516
2011-12-19,41.44035339355469
2011-12-20,42.261112213134766
2011-12-21,42.523067474365234
2011-12-22,42.44739532470703
2011-12-23,42.91889572143555
2011-12-27,42.97128677368164
2011-12-28,42.71516418457031
2011-12-29,43.076080322265625
2011-12-30,42.81993103027344
2012-01-03,42.62200164794922
2012-01-04,42.4881477355957
2012-01-05,42.3717155456543
2012-01-06,42.27857208251953
2012-01-09,42.32514190673828
2012-01-10,42.42410659790039
2012-01-11,42.220359802246094
2012-01-12,42.40082931518555
2012-01-13,42.3193244934082
2012-01-17,42.872314453125
2012-01-18,43.05860900878906
2012-01-19,43.169212341308594
2012-01-20,42.97712326049805
2012-01-23,42.79664993286133
2012-01-24,42.06901168823242
2012-01-25,41.836185455322266
2012-01-26,41.90021514892578
2012-01-27,41.40541076660156
2012-01-30,41.52766036987305
2012-01-31,41.655723571777344
2012-02-01,41.94095993041992
2012-02-02,42.09229278564453
2012-02-03,42.045745849609375
2012-02-06,42.02827453613281
2012-02-07,41.7604866027832
2012-02-08,41.73721694946289
2012-02-09,41.84200668334961
2012-02-10,41.655723571777344
2012-02-13,41.7604866027832
2012-02-14,41.696475982666016
2012-02-15,41.446163177490234
2012-02-16,41.58002853393555
2012-02-17,41.661537170410156
2012-02-21,41.56258010864258
2012-02-22,41.46361541748047
2012-02-23,41.853633880615234
2012-02-24,41.80124282836914
2012-02-27,41.82453536987305
2012-02-28,42.045745849609375
2012-02-29,42.42410659790039
2012-03-01,42.01081848144531
2012-03-02,42.1155891418457
2012-03-05,42.296043395996094
2012-03-06,42.261112213134766
2012-03-07,42.014102935791016
2012-03-08,42.21995162963867
2012-03-09,42.208187103271484
2012-03-12,42.46696090698242
2012-03-13,42.960968017578125
2012-03-14,42.81980895996094
2012-03-15,42.884517669677734
2012-03-16,42.884517669677734
2012-03-19,42.937435150146484
2012-03-20,43.16090774536133
2012-03-21,43.178550720214844
2012-03-22,43.143272399902344
2012-03-23,43.00801467895508
2012-03-26,43.34321975708008
2012-03-27,43.33147048950195
2012-03-28,43.46084976196289
2012-03-29,43.425567626953125
2012-03-30,43.45496368408203
2012-04-02,43.85488510131836
2012-04-03,43.7784309387207
2012-04-04,43.649044036865234
2012-04-05,43.73726272583008
2012-04-09,43.537288665771484
2012-04-10,43.24325180053711
2012-04-11,43.484375
2012-04-12,43.61962890625
2012-04-13,43.72549057006836
2012-04-16,43.948970794677734
2012-04-17,44.401798248291016
2012-04-18,44.49590301513672
2012-04-19,44.26653289794922
2012-04-20,44.972267150878906
2012-04-23,45.078128814697266
2012-04-24,46.283748626708984
2012-04-25,46.3013801574707
2012-04-26,46.48369216918945
2012-04-27,46.27197265625
2012-04-30,46.14848709106445
2012-05-01,46.03672409057617
2012-05-02,46.189640045166016
2012-05-03,46.30727005004883
2012-05-04,46.0426139831543
2012-05-07,46.460174560546875
2012-05-08,46.38959503173828
2012-05-09,46.777740478515625
2012-05-10,46.89536666870117
2012-05-11,46.68954849243164
2012-05-14,46.771873474121094
2012-05-15,46.86597442626953
2012-05-16,46.90712356567383
2012-05-17,46.46604537963867
2012-05-18,46.36020278930664
2012-05-21,46.24845504760742
2012-05-22,46.27197265625
2012-05-23,46.160247802734375
2012-05-24,46.58366775512695
2012-05-25,46.7307014465332
2012-05-29,46.90712356567383
2012-05-30,46.61307907104492
2012-05-31,46.66600799560547
2012-06-01,46.03672409057617
2012-06-04,46.377845764160156
2012-06-05,46.60719299316406
2012-06-06,47.62826919555664
2012-06-07,47.84790802001953
2012-06-08,48.204105377197266
2012-06-11,48.16847610473633
2012-06-12,48.388126373291016
2012-06-13,48.471256256103516
2012-06-14,49.01741409301758
2012-06-15,48.96397399902344
2012-06-18,49.14801788330078
2012-06-19,49.397335052490234
2012-06-20,48.44749450683594
2012-06-21,47.91321563720703
2012-06-22,48.31095886230469
2012-06-25,48.08538818359375
2012-06-26,48.48311996459961
2012-06-27,48.595924377441406
2012-06-28,49.01146697998047
2012-06-29,49.72977828979492
2012-07-02,49.80695724487305
2012-07-03,49.866329193115234
2012-07-05,49.92570114135742
2012-07-06,49.81288528442383
2012-07-09,50.0444221496582
2012-07-10,50.323421478271484
2012-07-11,50.074100494384766
2012-07-12,50.06224060058594
2012-07-13,50.58462905883789
2012-07-16,50.578704833984375
2012-07-17,50.946773529052734
2012-07-18,51.09517288208008
2012-07-19,50.98237991333008
2012-07-20,50.35905838012695
2012-07-23,50.2818717956543
2012-07-24,49.56355285644531
2012-07-25,49.510135650634766
2012-07-26,50.88738250732422
2012-07-27,51.83721160888672
2012-07-30,52.19935607910156
2012-07-31,51.593833923339844
2012-08-01,51.74819564819336
2012-08-02,51.57600402832031
2012-08-03,50.66774368286133
2012-08-06,49.69417190551758
2012-08-07,49.10645294189453
2012-08-08,49.42107009887695
2012-08-09,49.18363571166992
2012-08-10,49.16580581665039
2012-08-13,48.96990966796875
2012-08-14,49.23704147338867
2012-08-15,49.29049301147461
2012-08-16,49.53982162475586
2012-08-17,49.83662414550781
2012-08-20,49.913795471191406
2012-08-21,49.967220306396484
2012-08-22,49.77726745605469
2012-08-23,49.52199935913086
2012-08-24,49.66447067260742
2012-08-27,49.6407356262207
2012-08-28,49.67042541503906
2012-08-29,49.56355285644531
2012-08-30,49.5576171875
2012-08-31,49.628849029541016
2012-09-04,49.706031799316406
2012-09-05,49.47245788574219
2012-09-06,50.083370208740234
2012-09-07,49.670108795166016
2012-09-10,49.33469009399414
2012-09-11,49.322723388671875
2012-09-12,49.31670379638672
2012-09-13,49.87372970581055
2012-09-14,49.5203857421875
2012-09-17,49.72399139404297
2012-09-18,50.08936309814453
2012-09-19,50.532562255859375
2012-09-20,50.909889221191406
2012-09-21,51.10155487060547
2012-09-24,51.26927185058594
2012-09-25,51.209373474121094
2012-09-26,51.125526428222656
2012-09-27,51.32319259643555
2012-09-28,51.3770637512207
2012-10-01,51.76639938354492
2012-10-02,51.7304573059082
2012-10-03,51.77835464477539
2012-10-04,51.982017517089844
2012-10-05,52.04189682006836
2012-10-08,51.89815139770508
2012-10-09,51.550777435302734
2012-10-10,51.50286102294922
2012-10-11,51.50286102294922
2012-10-12,51.29922103881836
2012-10-15,51.67055892944336
2012-10-16,51.904136657714844
2012-10-17,52.3713264465332
2012-10-18,52.51507568359375
2012-10-19,52.03589630126953
2012-10-22,51.832271575927734
2012-10-23,51.47290802001953
2012-10-24,50.44272994995117
2012-10-25,49.61618423461914
2012-10-26,49.56229782104492
2012-10-31,49.9815559387207
2012-11-01,50.167232513427734
2012-11-02,49.915653228759766
2012-11-05,49.789878845214844
2012-11-06,49.96957015991211
2012-11-07,49.765933990478516
2012-11-08,49.47245788574219
2012-11-09,49.789878845214844
2012-11-12,50.0953369140625
2012-11-13,50.544559478759766
2012-11-14,50.227115631103516
2012-11-15,50.20914840698242
2012-11-16,50.92788314819336
2012-11-19,51.508827209472656
2012-11-20,51.640625
2012-11-21,51.676551818847656
2012-11-23,52.311431884765625
2012-11-26,51.736454010009766
2012-11-27,51.257301330566406
2012-11-28,51.52681350708008
2012-11-29,51.311195373535156
2012-11-30,51.341129302978516
2012-12-03,51.32319259643555
2012-12-04,51.39503479003906
2012-12-05,51.256099700927734
2012-12-06,51.34671401977539
2012-12-07,51.90254592895508
2012-12-10,51.78170394897461
2012-12-11,51.823974609375
2012-12-12,51.65483474731445
2012-12-13,51.823974609375
2012-12-14,51.38296127319336
2012-12-17,51.66688537597656
2012-12-18,52.05356216430664
2012-12-19,51.352745056152344
2012-12-20,51.322547912597656
2012-12-21,50.77880859375
2012-12-24,50.62174987792969
2012-12-26,50.440486907958984
2012-12-27,50.70630645751953
2012-12-28,50.222984313964844
2012-12-31,51.008399963378906
2013-01-02,52.18648910522461
2013-01-03,51.96295166015625
2013-01-04,52.174400329589844
2013-01-07,51.02650833129883
2013-01-08,50.76673126220703
2013-01-09,51.117122650146484
2013-01-10,51.31047439575195
2013-01-11,51.41316223144531
2013-01-14,51.74545669555664
2013-01-15,51.77566146850586
2013-01-16,51.64876937866211
2013-01-17,52.156280517578125
2013-01-18,52.452308654785156
2013-01-22,52.681888580322266
2013-01-23,52.56105422973633
2013-01-24,52.30731201171875
2013-01-25,52.113983154296875
2013-01-28,52.44022750854492
2013-01-29,53.24980163574219
2013-01-30,53.25583267211914
2013-01-31,54.07746124267578
2013-02-01,54.37953567504883
2013-02-04,53.950618743896484
2013-02-05,54.51850891113281
2013-02-06,54.917236328125
2013-02-07,54.965572357177734
2013-02-08,54.917236328125
2013-02-11,54.61518096923828
2013-02-12,54.31309127807617
2013-02-13,54.30706024169922
2013-02-14,54.48828125
2013-02-15,55.09849548339844
2013-02-19,55.70867919921875
2013-02-20,55.424739837646484
2013-02-21,55.497230529785156
2013-02-22,57.09217834472656
2013-02-25,56.93511199951172
2013-02-26,56.923030853271484
2013-02-27,57.509037017822266
2013-02-28,56.959251403808594
2013-03-01,56.97135925292969
2013-03-04,57.41842269897461
2013-03-05,57.91987609863281
2013-03-06,57.66396713256836
2013-03-07,57.25572967529297
2013-03-08,57.38978958129883
2013-03-11,57.200897216796875
2013-03-12,57.322757720947266
2013-03-13,56.90842056274414
2013-03-14,57.13997268676758
2013-03-15,56.82314682006836
2013-03-18,56.603759765625
2013-03-19,57.21307373046875
2013-03-20,58.21231460571289
2013-03-21,57.84065628051758
2013-03-22,58.285438537597656
2013-03-25,57.60304641723633
2013-03-26,59.2968635559082
2013-03-27,59.047061920166016
2013-03-28,59.699031829833984
2013-04-01,59.66854476928711
2013-04-02,60.801849365234375
2013-04-03,59.644187927246094
2013-04-04,59.99757385253906
2013-04-05,60.50935363769531
2013-04-08,60.59469223022461
2013-04-09,60.50935363769531
2013-04-10,61.11256790161133
2013-04-11,61.61223602294922
2013-04-12,61.67923355102539
2013-04-15,61.05776596069336
2013-04-16,61.892478942871094
2013-04-17,61.331939697265625
2013-04-18,61.75844192504883
2013-04-19,64.64651489257812
2013-04-22,64.33576965332031
2013-04-23,64.27484130859375
2013-04-24,63.00141143798828
2013-04-25,63.03797149658203
2013-04-26,62.83079147338867
2013-04-29,62.94656753540039
2013-04-30,62.87348175048828
2013-05-01,62.93437576293945
2013-05-02,63.702110290527344
2013-05-03,64.20783233642578
2013-05-06,63.653350830078125
2013-05-07,63.677730560302734
2013-05-08,63.53150939941406
2013-05-09,62.739402770996094
2013-05-10,63.01969909667969
2013-05-13,63.19029998779297
2013-05-14,64.01283264160156
2013-05-15,63.7447395324707
2013-05-16,63.214664459228516
2013-05-17,63.58025360107422
2013-05-20,62.678489685058594
2013-05-21,62.093597412109375
2013-05-22,62.239803314208984
2013-05-23,62.47744369506836
2013-05-24,63.068458557128906
2013-05-28,63.68990707397461
2013-05-29,60.61904525756836
2013-05-30,61.11870193481445
2013-05-31,58.99834060668945
2013-06-03,58.91913986206055
2013-06-04,59.45530319213867
2013-06-05,58.80405044555664
2013-06-06,59.19725036621094
2013-06-07,59.670345306396484
2013-06-10,59.946834564208984
2013-06-11,60.180294036865234
2013-06-12,59.47988510131836
2013-06-13,59.946834564208984
2013-06-14,60.125003814697266
2013-06-17,61.157203674316406
2013-06-18,61.09575653076172
2013-06-19,59.28939437866211
2013-06-20,58.15894317626953
2013-06-21,58.847023010253906
2013-06-24,58.42311096191406
2013-06-25,58.736446380615234
2013-06-26,59.590476989746094
2013-06-27,59.793212890625
2013-06-28,59.68262481689453
2013-07-01,59.701053619384766
2013-07-02,59.621192932128906
2013-07-03,59.615047454833984
2013-07-05,59.83622741699219
2013-07-08,60.2540283203125
2013-07-09,60.5366325378418
2013-07-10,60.573482513427734
2013-07-11,61.224788665771484
2013-07-12,61.36605453491211
2013-07-15,61.5135383605957
2013-07-16,61.556541442871094
2013-07-17,61.2186279296875
2013-07-18,60.77009582519531
2013-07-19,61.12645721435547
2013-07-22,60.01438522338867
2013-07-23,60.333892822265625
2013-07-24,60.118858337402344
2013-07-25,60.49977111816406
2013-07-26,60.45063781738281
2013-07-29,60.2970085144043
2013-07-30,60.18642807006836
2013-07-31,60.70252227783203
2013-08-01,60.696388244628906
2013-08-02,61.20018005371094
2013-08-05,61.02202224731445
2013-08-06,61.28004455566406
2013-08-07,60.800846099853516
2013-08-08,60.56122589111328
2013-08-09,60.5366325378418
2013-08-12,60.39533615112305
2013-08-13,60.2970085144043
2013-08-14,59.46145248413086
2013-08-15,58.85934066772461
2013-08-16,58.33095169067383
2013-08-19,58.122032165527344
2013-08-20,58.36167526245117
2013-08-21,57.80257797241211
2013-08-22,58.74259948730469
2013-08-23,58.914642333984375
2013-08-26,58.07905578613281
2013-08-27,57.46464157104492
2013-08-28,56.85023498535156
2013-08-29,57.10829162597656
2013-08-30,57.43394088745117
2013-09-03,56.91783142089844
2013-09-04,57.326904296875
2013-09-05,57.19053268432617
2013-09-06,57.68021011352539
2013-09-09,58.021121978759766
2013-09-10,58.20087814331055
2013-09-11,58.60992431640625
2013-09-12,58.78968811035156
2013-09-13,59.31031799316406
2013-09-16,59.76899337768555
2013-09-17,59.72560119628906
2013-09-18,60.562347412109375
2013-09-19,60.24624252319336
2013-09-20,59.626441955566406
2013-09-23,59.372318267822266
2013-09-24,59.111968994140625
2013-09-25,58.69050216674805
2013-09-26,59.16777420043945
2013-09-27,58.75248336791992
2013-09-30,58.39920425415039
2013-10-01,58.49837875366211
2013-10-02,58.424015045166016
2013-10-03,58.535552978515625
2013-10-04,58.424015045166016
2013-10-07,58.176082611083984
2013-10-08,57.76079177856445
2013-10-09,58.43636703491211
2013-10-10,59.459110260009766
2013-10-11,60.09128952026367
2013-10-14,60.09748840332031
2013-10-15,59.84339141845703
2013-10-16,60.74211883544922
2013-10-17,61.38672637939453
2013-10-18,61.473506927490234
2013-10-21,61.256553649902344
2013-10-22,63.822608947753906
2013-10-23,65.05604553222656
2013-10-24,64.59117126464844
2013-10-25,65.3969497680664
2013-10-28,66.51261138916016
2013-10-29,67.04566955566406
2013-10-30,66.87831115722656
2013-10-31,66.94031524658203
2013-11-01,66.94648742675781
2013-11-04,67.46714782714844
2013-11-05,67.44233703613281
2013-11-06,67.95059967041016
2013-11-07,66.86590576171875
2013-11-08,66.95887756347656
2013-11-11,66.91547393798828
2013-11-12,67.07042694091797
2013-11-13,67.4609146118164
2013-11-14,68.00016021728516
2013-11-15,67.72127532958984
2013-11-18,66.94031524658203
2013-11-19,66.86590576171875
2013-11-20,66.82872009277344
2013-11-21,66.89067840576172
2013-11-22,67.5600814819336
2013-11-25,67.1634292602539
2013-11-26,67.0208511352539
2013-11-27,67.0766372680664
2013-11-29,67.65925598144531
2013-12-02,66.41345977783203
2013-12-03,65.99816131591797
2013-12-04,65.08004760742188
2013-12-05,64.89266204833984
2013-12-06,65.94197082519531
2013-12-09,66.09809875488281
2013-12-10,65.52349090576172
2013-12-11,65.8170394897461
2013-12-12,64.84898376464844
2013-12-13,64.90516662597656
2013-12-16,64.97386932373047
2013-12-17,64.17442321777344
2013-12-18,65.66715240478516
2013-12-19,65.19245147705078
2013-12-20,65.69212341308594
2013-12-23,65.29238891601562
2013-12-24,65.44855499267578
2013-12-26,65.57344055175781
2013-12-27,65.64214324951172
2013-12-30,66.16053009033203
2013-12-31,65.2424545288086
2014-01-02,64.85521697998047
2014-01-03,65.17369842529297
2014-01-06,65.17996215820312
2014-01-07,64.94264221191406
2014-01-08,64.50543212890625
2014-01-09,64.7864990234375
2014-01-10,65.49225616455078
2014-01-13,65.41104125976562
2014-01-14,65.84827423095703
2014-01-15,65.8170394897461
2014-01-16,66.23551177978516
2014-01-17,65.86699676513672
2014-01-21,66.47283935546875
2014-01-22,66.21051788330078
2014-01-23,65.8420181274414
2014-01-24,67.07865142822266
2014-01-27,67.10990905761719
2014-01-28,67.859375
2014-01-29,66.83509063720703
2014-01-30,67.70323944091797
2014-01-31,68.30907440185547
2014-02-03,65.8857192993164
2014-02-04,65.92945861816406
2014-02-05,65.95446014404297
2014-02-06,66.42286682128906
2014-02-07,66.7663803100586
2014-02-10,67.20982360839844
2014-02-11,67.8218994140625
2014-02-12,67.42841339111328
2014-02-13,67.92182922363281
2014-02-14,68.85242462158203
2014-02-18,68.5339126586914
2014-02-19,67.94055938720703
2014-02-20,68.68379211425781
2014-02-21,68.60887908935547
2014-02-24,68.802490234375
2014-02-25,68.69630432128906
2014-02-26,67.8031997680664
2014-02-27,68.01553344726562
2014-02-28,68.921142578125
2014-03-03,68.10295104980469
2014-03-04,69.23965454101562
2014-03-05,68.37120056152344
2014-03-06,68.84319305419922
2014-03-07,68.5662841796875
2014-03-10,68.70475006103516
2014-03-11,68.62922668457031
2014-03-12,69.06977844238281
2014-03-13,68.64810180664062
2014-03-14,69.01310729980469
2014-03-17,69.88787841796875
2014-03-18,69.7305679321289
2014-03-19,69.13898468017578
2014-03-20,69.08235168457031
2014-03-21,69.32778930664062
2014-03-24,69.64244079589844
2014-03-25,69.57949829101562
2014-03-26,69.6298599243164
2014-03-27,69.0005111694336
2014-03-28,69.11380004882812
2014-03-31,69.38443756103516
2014-04-01,68.97533416748047
2014-04-02,68.91241455078125
2014-04-03,69.06977844238281
2014-04-04,69.08235168457031
2014-04-07,69.29631805419922
2014-04-08,69.69278717041016
2014-04-09,70.00117492675781
2014-04-10,69.90047454833984
2014-04-11,69.06977844238281
2014-04-14,69.4536361694336
2014-04-15,69.57324981689453
2014-04-16,70.7437973022461
2014-04-17,70.82559967041016
2014-04-21,69.81867980957031
2014-04-22,68.22013092041016
2014-04-23,68.41524505615234
2014-04-24,68.61663055419922
2014-04-25,68.74878692626953
2014-04-28,70.00117492675781
2014-04-29,69.92565155029297
2014-04-30,70.64311218261719
2014-05-01,70.00117492675781
2014-05-02,69.87530517578125
2014-05-05,69.37181854248047
2014-05-06,69.13898468017578
2014-05-07,69.82495880126953
2014-05-08,69.67388153076172
2014-05-09,69.7368392944336
2014-05-12,69.35295104980469
2014-05-13,70.03265380859375
2014-05-14,69.8690185546875
2014-05-15,69.69278717041016
2014-05-16,69.8941650390625
2014-05-19,69.05086517333984
2014-05-20,68.95016479492188
2014-05-21,69.23965454101562
2014-05-22,69.30889129638672
2014-05-23,69.68648529052734
2014-05-27,69.57949829101562
2014-05-28,69.56694030761719
2014-05-29,70.02005004882812
2014-05-30,70.70602416992188
2014-06-02,70.53609466552734
2014-06-03,69.91937255859375
2014-06-04,70.61689758300781
2014-06-05,70.45204162597656
2014-06-06,70.80712127685547
2014-06-09,71.01006317138672
2014-06-10,70.72469329833984
2014-06-11,70.4457015991211
2014-06-12,69.8369140625
2014-06-13,70.1729965209961
2014-06-16,70.35057067871094
2014-06-17,70.45204162597656
2014-06-18,71.0290756225586
2014-06-19,71.72662353515625
2014-06-20,71.44127655029297
2014-06-23,70.96565246582031
2014-06-24,70.76277923583984
2014-06-25,70.64226531982422
2014-06-26,70.29347229003906
2014-06-27,70.62326049804688
2014-06-30,70.52812957763672
2014-07-01,70.71835327148438
2014-07-02,70.66763305664062
2014-07-03,70.9466323852539
2014-07-07,71.11154174804688
2014-07-08,71.33346557617188
2014-07-09,71.6949462890625
2014-07-10,71.536376953125
2014-07-11,71.4095687866211
2014-07-14,71.66954803466797
2014-07-15,72.15780639648438
2014-07-16,72.44317626953125
2014-07-17,71.4476318359375
2014-07-18,71.84076690673828
2014-07-21,71.21932220458984
2014-07-22,69.01889038085938
2014-07-23,69.43739318847656
2014-07-24,69.43106842041016
2014-07-25,68.82231140136719
2014-07-28,68.68280029296875
2014-07-29,67.9091796875
2014-07-30,67.28136444091797
2014-07-31,65.86723327636719
2014-08-01,66.5204086303711
2014-08-04,66.72968292236328
2014-08-05,66.34284973144531
2014-08-06,67.66819763183594
2014-08-07,67.33209991455078
2014-08-08,68.04864501953125
2014-08-11,68.52428436279297
2014-08-12,68.24522399902344
2014-08-13,68.44815063476562
2014-08-14,68.53695678710938
2014-08-15,68.30863189697266
2014-08-18,68.89207458496094
2014-08-19,68.77792358398438
2014-08-20,68.84767150878906
2014-08-21,69.23448181152344
2014-08-22,68.9744873046875
2014-08-25,69.25352478027344
2014-08-26,68.56865692138672
2014-08-27,69.06963348388672
2014-08-28,68.57498931884766
2014-08-29,68.4862289428711
2014-09-02,68.4862289428711
2014-09-03,68.7354736328125
2014-09-04,68.72907257080078
2014-09-05,68.70350646972656
2014-09-08,68.37117767333984
2014-09-09,68.2880859375
2014-09-10,68.31366729736328
2014-09-11,68.42230224609375
2014-09-12,67.75762939453125
2014-09-15,67.99408721923828
2014-09-16,68.2880859375
2014-09-17,68.20502471923828
2014-09-18,68.20502471923828
2014-09-19,68.3392333984375
2014-09-22,68.81217193603516
2014-09-23,68.04522705078125
2014-09-24,69.57269287109375
2014-09-25,68.51176452636719
2014-09-26,68.92721557617188
2014-09-29,68.9655532836914
2014-09-30,68.74823760986328
2014-10-01,68.22416687011719
2014-10-02,68.26252746582031
2014-10-03,68.83132934570312
2014-10-06,68.27532196044922
2014-10-07,68.36477661132812
2014-10-08,69.79638671875
2014-10-09,69.31066131591797
2014-10-10,69.29788208007812
2014-10-13,68.12833404541016
2014-10-14,68.00688934326172
2014-10-15,67.3677749633789
2014-10-16,67.1313247680664
2014-10-17,67.91102600097656
2014-10-20,69.04862213134766
2014-10-21,71.08734893798828
2014-10-22,71.994873046875
2014-10-23,71.58585357666016
2014-10-24,72.28250122070312
2014-10-27,72.40390014648438
2014-10-28,72.68512725830078
2014-10-29,72.4997787475586
2014-10-30,72.61481475830078
2014-10-31,73.03022003173828
2014-11-03,74.23078155517578
2014-11-04,75.43064880371094
2014-11-05,74.84402465820312
2014-11-06,75.35728454589844
2014-11-07,75.48394775390625
2014-11-10,75.93722534179688
2014-11-11,75.57061004638672
2014-11-12,75.57726287841797
2014-11-13,76.0372085571289
2014-11-14,75.09066772460938
2014-11-17,75.75725555419922
2014-11-18,75.72392272949219
2014-11-19,75.88388061523438
2014-11-20,75.14398956298828
2014-11-21,75.73058319091797
2014-11-24,75.33731842041016
2014-11-25,75.88388061523438
2014-11-26,76.09721374511719
2014-11-28,77.71699523925781
2014-12-01,77.26373291015625
2014-12-02,77.4703598022461
2014-12-03,77.0137939453125
2014-12-04,76.94666290283203
2014-12-05,76.57066345214844
2014-12-08,76.6243667602539
2014-12-09,76.34234619140625
2014-12-10,75.98650360107422
2014-12-11,76.57066345214844
2014-12-12,75.65748596191406
2014-12-15,75.4359130859375
2014-12-16,75.46952056884766
2014-12-17,76.44979858398438
2014-12-18,77.49052429199219
2014-12-19,77.77922821044922
2014-12-22,78.18881225585938
2014-12-23,79.21611785888672
2014-12-24,79.07510375976562
2014-12-26,79.41752624511719
2014-12-29,78.85352325439453
2014-12-30,78.79307556152344
2014-12-31,77.57779693603516
2015-01-02,77.58448028564453
2015-01-05,77.14136505126953
2015-01-06,76.39608764648438
2015-01-07,76.92649841308594
2015-01-08,78.55137634277344
2015-01-09,77.84635162353516
2015-01-12,77.72551727294922
2015-01-13,77.94035339355469
2015-01-14,78.04108428955078
2015-01-15,78.04108428955078
2015-01-16,78.9945297241211
2015-01-20,78.9139404296875
2015-01-21,78.95421600341797
2015-01-22,79.88753509521484
2015-01-23,74.96590423583984
2015-01-26,73.75732421875
2015-01-27,74.33476257324219
2015-01-28,73.6095962524414
2015-01-29,74.00578308105469
2015-01-30,72.48831176757812
2015-02-02,73.93190002441406
2015-02-03,73.97218322753906
2015-02-04,73.76404571533203
2015-02-05,73.87146759033203
2015-02-06,73.22017669677734
2015-02-09,72.66287231445312
2015-02-10,73.33432006835938
2015-02-11,73.3880386352539
2015-02-12,73.9789047241211
2015-02-13,74.52949523925781
2015-02-17,74.71074676513672
2015-02-18,74.99951171875
2015-02-19,74.3011703491211
2015-02-20,74.50262451171875
2015-02-23,74.52275848388672
2015-02-24,74.11988830566406
2015-02-25,73.96546936035156
2015-02-26,73.7976303100586
2015-02-27,73.62975311279297
2015-03-02,74.13333129882812
2015-03-03,74.03262329101562
2015-03-04,73.3489990234375
2015-03-05,73.40990447998047
2015-03-06,72.29988861083984
2015-03-09,72.43526458740234
2015-03-10,70.9123764038086
2015-03-11,70.49272918701172
2015-03-12,71.53507232666016
2015-03-13,71.602783203125
2015-03-16,72.03594970703125
2015-03-17,71.25080871582031
2015-03-18,72.45559692382812
2015-03-19,72.25251007080078
2015-03-20,73.4234619140625
2015-03-23,73.76866149902344
2015-03-24,73.43701171875
2015-03-25,72.73306274414062
2015-03-26,71.96147918701172
2015-03-27,71.99533081054688
2015-03-30,72.9225845336914
2015-03-31,72.49618530273438
2015-04-01,72.3201904296875
2015-04-02,72.43526458740234
2015-04-06,72.73306274414062
2015-04-07,72.39466094970703
2015-04-08,72.53002166748047
2015-04-09,72.59770965576172
2015-04-10,72.32698822021484
2015-04-13,72.41494750976562
2015-04-14,72.86167907714844
2015-04-15,72.83460998535156
2015-04-16,72.8819808959961
2015-04-17,72.2728500366211
2015-04-20,72.66543579101562
2015-04-21,76.58428955078125
2015-04-22,75.70442199707031
2015-04-23,75.60289764404297
2015-04-24,75.5622787475586
2015-04-27,75.48104095458984
2015-04-28,75.758544921875
2015-04-29,74.93955993652344
2015-04-30,74.24244689941406
2015-05-01,75.15616607666016
2015-05-04,74.75005340576172
2015-05-05,74.046142578125
2015-05-06,74.35751342773438
2015-05-07,74.23564147949219
2015-05-08,74.93281555175781
2015-05-11,74.39810943603516
2015-05-12,74.28305053710938
2015-05-13,74.72299194335938
2015-05-14,75.54871368408203
2015-05-15,75.67058563232422
2015-05-18,75.83300018310547
2015-05-19,76.10372924804688
2015-05-20,75.85332489013672
2015-05-21,75.69087219238281
2015-05-22,75.29830932617188
2015-05-26,74.391357421875
2015-05-27,74.67561340332031
2015-05-28,74.26949310302734
2015-05-29,73.68065643310547
2015-06-01,73.87693786621094
2015-06-02,73.3489990234375
2015-06-03,73.6833724975586
2015-06-04,72.89862823486328
2015-06-05,72.15485382080078
2015-06-08,71.97742462158203
2015-06-09,72.22991180419922
2015-06-10,73.08969116210938
2015-06-11,73.28758239746094
2015-06-12,72.83721923828125
2015-06-15,72.13436889648438
2015-06-16,72.94638061523438
2015-06-17,73.46501922607422
2015-06-18,74.51588439941406
2015-06-19,74.24974822998047
2015-06-22,74.3589096069336
2015-06-23,73.94266510009766
2015-06-24,73.88807678222656
2015-06-25,73.36264038085938
2015-06-26,73.6287841796875
2015-06-29,72.41413879394531
2015-06-30,72.3117904663086
2015-07-01,73.59465026855469
2015-07-02,73.38993072509766
2015-07-06,73.42404174804688
2015-07-07,74.90483856201172
2015-07-08,74.3998794555664
2015-07-09,74.1746826171875
2015-07-10,74.87071990966797
2015-07-13,75.64861297607422
2015-07-14,75.7100601196289
2015-07-15,75.880615234375
2015-07-16,76.44702911376953
2015-07-17,76.69950103759766
2015-07-20,77.06797790527344
2015-07-21,76.76089477539062
2015-07-22,76.56300354003906
2015-07-23,76.17405700683594
2015-07-24,76.31733703613281
2015-07-27,76.6722183227539
2015-07-28,77.30681610107422
2015-07-29,77.45011901855469
2015-07-30,78.18024444580078
2015-07-31,78.45320892333984
2015-08-03,78.94450378417969
2015-08-04,79.15606689453125
2015-08-05,80.25467681884766
2015-08-06,79.60643005371094
2015-08-07,79.64053344726562
2015-08-10,79.77019500732422
2015-08-11,79.5927734375
2015-08-12,78.9172134399414
2015-08-13,79.00592041015625
2015-08-14,79.26524353027344
2015-08-17,79.31298828125
2015-08-18,79.1833267211914
2015-08-19,78.72618103027344
2015-08-20,77.8254165649414
2015-08-21,76.0239486694336
2015-08-24,72.59156036376953
2015-08-25,70.52395629882812
2015-08-26,72.45507049560547
2015-08-27,73.51278686523438
2015-08-28,73.15792846679688
2015-08-31,72.69390869140625
2015-09-01,70.98796844482422
2015-09-02,72.11660766601562
2015-09-03,72.70159149169922
2015-09-04,71.24259185791016
2015-09-08,72.93555450439453
2015-09-09,71.48347473144531
2015-09-10,71.33897399902344
2015-09-11,71.60733795166016
2015-09-14,71.42153930664062
2015-09-15,72.70159149169922
2015-09-16,73.81648254394531
2015-09-17,74.21562194824219
2015-09-18,74.2225112915039
2015-09-21,74.85566711425781
2015-09-22,74.21562194824219
2015-09-23,74.22940826416016
2015-09-24,74.44271850585938
2015-09-25,74.81439208984375
2015-09-28,73.50677490234375
2015-09-29,74.14679718017578
2015-09-30,75.0414810180664
2015-10-01,74.83499908447266
2015-10-02,75.11029052734375
2015-10-05,77.0923080444336
2015-10-06,76.71378326416016
2015-10-07,77.09922790527344
2015-10-08,78.31732177734375
2015-10-09,78.95734405517578
2015-10-12,79.4390869140625
2015-10-13,79.17758178710938
2015-10-14,78.9435806274414
2015-10-15,79.92082214355469
2015-10-16,80.71227264404297
2015-10-19,80.82925415039062
2015-10-20,80.67093658447266
2015-10-21,81.26970672607422
2015-10-22,83.13475036621094
2015-10-23,83.4375228881836
2015-10-26,83.50637817382812
2015-10-27,83.29988861083984
2015-10-28,83.17604064941406
2015-10-29,83.80226135253906
2015-10-30,82.38455963134766
2015-11-02,83.65775299072266
2015-11-03,83.29299926757812
2015-11-04,82.48780059814453
2015-11-05,82.50160217285156
2015-11-06,81.60691833496094
2015-11-09,81.22151947021484
2015-11-10,81.84088897705078
2015-11-11,82.14373016357422
2015-11-12,80.99443054199219
2015-11-13,80.7397689819336
2015-11-16,82.26070404052734
2015-11-17,82.01984405517578
2015-11-18,83.23108673095703
2015-11-19,83.72657012939453
2015-11-20,82.74246978759766
2015-11-23,83.67841339111328
2015-11-24,83.34806060791016
2015-11-25,82.90760803222656
2015-11-27,83.16912841796875
2015-11-30,81.99918365478516
2015-12-01,83.36182403564453
2015-12-02,83.02906036376953
2015-12-03,81.97534942626953
2015-12-04,84.08973693847656
2015-12-07,84.6512451171875
2015-12-08,84.26996612548828
2015-12-09,83.38262176513672
2015-12-10,83.41727447509766
2015-12-11,82.63392639160156
2015-12-14,85.02558135986328
2015-12-15,86.26651000976562
2015-12-16,87.29248046875
2015-12-17,87.23702239990234
2015-12-18,85.642578125
2015-12-21,86.59925842285156
2015-12-22,87.60444641113281
2015-12-23,88.08277893066406
2015-12-24,87.95797729492188
2015-12-28,88.89386749267578
2015-12-29,89.802001953125
2015-12-30,89.72573852539062
2015-12-31,88.24918365478516
2016-01-04,87.68071746826172
2016-01-05,89.48310852050781
2016-01-06,89.44153594970703
2016-01-07,87.94412231445312
2016-01-08,86.81414794921875
2016-01-11,87.14688873291016
2016-01-12,87.43807220458984
2016-01-13,86.97359466552734
2016-01-14,88.18675994873047
2016-01-15,86.90428161621094
2016-01-19,87.26475524902344
2016-01-20,85.74655151367188
2016-01-21,86.62005615234375
2016-01-22,87.84708404541016
2016-01-25,85.05332946777344
2016-01-26,86.5784683227539
2016-01-27,86.10010528564453
2016-01-28,87.53511810302734
2016-01-29,89.02559661865234
2016-02-01,89.4345932006836
2016-02-02,88.74134826660156
2016-02-03,90.37738037109375
2016-02-04,89.25434875488281
2016-02-05,89.53164672851562
2016-02-08,89.72573852539062
2016-02-09,90.66851806640625
2016-02-10,90.0931625366211
2016-02-11,87.63912963867188
2016-02-12,89.17115020751953
2016-02-16,89.22662353515625
2016-02-17,90.46749877929688
2016-02-18,89.94757843017578
2016-02-19,90.41897583007812
2016-02-22,91.07062530517578
2016-02-23,91.18154907226562
2016-02-24,91.74999237060547
2016-02-25,92.54723358154297
2016-02-26,91.02210235595703
2016-02-29,90.32884979248047
2016-03-01,91.25779724121094
2016-03-02,91.85124206542969
2016-03-03,91.89309692382812
2016-03-04,92.52835845947266
2016-03-07,91.86518859863281
2016-03-08,92.3957290649414
2016-03-09,92.13045501708984
2016-03-10,92.067626953125
2016-03-11,92.95423889160156
2016-03-14,94.05030059814453
2016-03-15,93.98743438720703
2016-03-16,94.40630340576172
2016-03-17,94.95085906982422
2016-03-18,94.62271881103516
2016-03-21,94.42721557617188
2016-03-22,93.29631805419922
2016-03-23,93.53365325927734
2016-03-24,93.23348999023438
2016-03-28,93.71517944335938
2016-03-29,94.23876190185547
2016-03-30,94.74140167236328
2016-03-31,93.90367889404297
2016-04-01,95.0835189819336
2016-04-04,95.12537384033203
2016-04-05,95.11841583251953
2016-04-06,95.83045959472656
2016-04-07,95.39764404296875
2016-04-08,95.98405456542969
2016-04-11,95.81647491455078
2016-04-12,96.43082427978516
2016-04-13,94.70648956298828
2016-04-14,94.9717788696289
2016-04-15,95.27197265625
2016-04-18,95.39764404296875
2016-04-19,95.71878051757812
2016-04-20,94.69952392578125
2016-04-21,91.97686004638672
2016-04-22,88.5770263671875
2016-04-25,88.10929870605469
2016-04-26,86.43383026123047
2016-04-27,87.75326538085938
2016-04-28,88.13024139404297
2016-04-29,87.39720916748047
2016-05-02,87.41814422607422
2016-05-03,88.05345916748047
2016-05-04,89.31006622314453
2016-05-05,88.91211700439453
2016-05-06,89.3030776977539
2016-05-09,89.44969177246094
2016-05-10,90.21761322021484
2016-05-11,89.93836975097656
2016-05-12,90.79706573486328
2016-05-13,90.1896743774414
2016-05-16,90.46195220947266
2016-05-17,88.25592803955078
2016-05-18,88.04647827148438
2016-05-19,88.52118682861328
2016-05-20,88.00459289550781
2016-05-23,87.92778015136719
2016-05-24,88.49327087402344
2016-05-25,88.80741119384766
2016-05-26,89.3030776977539
2016-05-27,89.67308044433594
2016-05-31,88.6887435913086
2016-06-01,89.34497833251953
2016-06-02,89.35893249511719
2016-06-03,90.8110122680664
2016-06-06,90.87384033203125
2016-06-07,90.89478302001953
2016-06-08,91.24632263183594
2016-06-09,91.88615417480469
2016-06-10,92.09001159667969
2016-06-13,91.57678985595703
2016-06-14,93.0954360961914
2016-06-15,92.83528900146484
2016-06-16,93.5454330444336
2016-06-17,93.08843994140625
2016-06-20,93.42589569091797
2016-06-21,93.53839874267578
2016-06-22,93.62274169921875
2016-06-23,94.18521118164062
2016-06-24,92.16035461425781
2016-06-27,91.9283218383789
2016-06-28,93.87588500976562
2016-06-29,94.70550537109375
2016-06-30,96.66007995605469
2016-07-01,96.32258605957031
2016-07-05,96.98351287841797
2016-07-06,96.14682006835938
2016-07-07,94.36803436279297
2016-07-08,95.59139251708984
2016-07-11,95.71792602539062
2016-07-12,94.78282928466797
2016-07-13,95.42266082763672
2016-07-14,95.54214477539062
2016-07-15,95.7390365600586
2016-07-18,94.99378967285156
2016-07-19,95.02893829345703
2016-07-20,93.98834991455078
2016-07-21,93.76336669921875
2016-07-22,94.65628814697266
2016-07-25,93.22197723388672
2016-07-26,93.0040512084961
2016-07-27,91.75253295898438
2016-07-28,91.50645446777344
2016-07-29,91.08464050292969
2016-08-01,91.97052764892578
2016-08-02,91.97052764892578
2016-08-03,90.62059020996094
2016-08-04,91.4924087524414
2016-08-05,90.97915649414062
2016-08-08,91.09165954589844
2016-08-09,91.39396667480469
2016-08-10,91.57678985595703
2016-08-11,90.65574645996094
2016-08-12,90.57136535644531
2016-08-15,90.6768569946289
2016-08-16,89.66438293457031
2016-08-17,89.67843627929688
2016-08-18,89.6081314086914
2016-08-19,89.1370849609375
2016-08-22,89.56594848632812
2016-08-23,90.45186614990234
2016-08-24,90.44479370117188
2016-08-25,90.27608489990234
2016-08-26,90.16357421875
2016-08-29,90.50106048583984
2016-08-30,90.10028839111328
2016-08-31,90.03702545166016
2016-09-01,90.0792236328125
2016-09-02,90.57136535644531
2016-09-06,90.88070678710938
2016-09-07,89.9885025024414
2016-09-08,89.16000366210938
2016-09-09,87.07101440429688
2016-09-12,87.54547119140625
2016-09-13,86.66738891601562
2016-09-14,86.29916381835938
2016-09-15,86.70281219482422
2016-09-16,86.25666809082031
2016-09-19,86.51158905029297
2016-09-20,87.4321517944336
2016-09-21,88.47310638427734
2016-09-22,90.09474182128906
2016-09-23,89.74060821533203
2016-09-26,88.87672424316406
2016-09-27,89.00418853759766
2016-09-28,89.56361389160156
2016-09-29,88.67137908935547
2016-09-30,89.32286071777344
2016-10-03,88.34564971923828
2016-10-04,87.1205825805664
2016-10-05,86.83734893798828
2016-10-06,87.26221466064453
2016-10-07,87.10643005371094
2016-10-10,86.50453186035156
2016-10-11,85.9592514038086
2016-10-12,86.30623626708984
2016-10-13,86.12920379638672
2016-10-14,85.32904052734375
2016-10-17,85.46357727050781
2016-10-18,85.35733032226562
2016-10-19,85.12368774414062
2016-10-20,84.38724517822266
2016-10-21,84.67755126953125
2016-10-24,80.66248321533203
2016-10-25,80.5350341796875
2016-10-26,80.4854507446289
2016-10-27,80.59874725341797
2016-10-28,81.11568450927734
2016-10-31,81.01656341552734
2016-11-01,80.72623443603516
2016-11-02,80.4075698852539
2016-11-03,80.47838592529297
2016-11-04,79.55780029296875
2016-11-07,80.71207427978516
2016-11-08,81.77424621582031
2016-11-09,81.69632720947266
2016-11-10,79.41618347167969
2016-11-11,79.95435333251953
2016-11-14,80.08183288574219
2016-11-15,80.6341781616211
2016-11-16,80.25884246826172
2016-11-17,79.56488800048828
2016-11-18,80.09600067138672
2016-11-21,80.5846176147461
2016-11-22,81.10860443115234
2016-11-23,81.12274932861328
2016-11-25,82.0291748046875
2016-11-28,82.97099304199219
2016-11-29,82.49654388427734
2016-11-30,81.86630249023438
2016-12-01,80.7332992553711
2016-12-02,80.80410766601562
2016-12-05,80.46420288085938
2016-12-06,81.00238800048828
2016-12-07,81.62344360351562
2016-12-08,80.9524154663086
2016-12-09,81.81620788574219
2016-12-12,81.93754577636719
2016-12-13,82.33731079101562
2016-12-14,81.81620788574219
2016-12-15,82.37299346923828
2016-12-16,82.97978973388672
2016-12-19,82.00177764892578
2016-12-20,81.68057250976562
2016-12-21,81.81620788574219
2016-12-22,82.10890197753906
2016-12-23,81.96611022949219
2016-12-27,82.17312622070312
2016-12-28,81.48782348632812
2016-12-29,82.1517105102539
2016-12-30,81.46642303466797
2017-01-03,81.78050231933594
2017-01-04,82.22309875488281
2017-01-05,82.81561279296875
2017-01-06,83.11543273925781
2017-01-09,81.83758544921875
2017-01-10,81.63774108886719
2017-01-11,81.67344665527344
2017-01-12,81.70912170410156
2017-01-13,81.80191802978516
2017-01-17,82.82987213134766
2017-01-18,83.09400177001953
2017-01-19,82.73709106445312
2017-01-20,82.96553039550781
2017-01-23,83.50806427001953
2017-01-24,86.94174194335938
2017-01-25,87.09164428710938
2017-01-26,87.19876098632812
2017-01-27,86.36351776123047
2017-01-30,86.08511352539062
2017-01-31,86.4705810546875
2017-02-01,86.38492584228516
2017-02-02,86.67050170898438
2017-02-03,86.76329803466797
2017-02-06,86.54914093017578
2017-02-07,87.41290283203125
2017-02-08,87.75554656982422
2017-02-09,88.2195816040039
2017-02-10,88.19815063476562
2017-02-13,88.11250305175781
2017-02-14,87.71985626220703
2017-02-15,88.81208801269531
2017-02-16,90.38970947265625
2017-02-17,94.18034362792969
2017-02-21,96.11492919921875
2017-02-22,96.25055694580078
2017-02-23,95.9007568359375
2017-02-24,95.41536712646484
2017-02-27,94.68004608154297
2017-02-28,94.62297058105469
2017-03-01,95.11551666259766
2017-03-02,96.0149917602539
2017-03-03,95.4081802368164
2017-03-06,95.1797866821289
2017-03-07,95.2154769897461
2017-03-08,95.1723403930664
2017-03-09,95.43120574951172
2017-03-10,96.27970123291016
2017-03-13,96.17184448242188
2017-03-14,96.02803802490234
2017-03-15,97.0779037475586
2017-03-16,96.73995208740234
2017-03-17,95.82667541503906
2017-03-20,96.17184448242188
2017-03-21,96.12872314453125
2017-03-22,95.5246810913086
2017-03-23,95.66131591796875
2017-03-24,95.24425506591797
2017-03-27,95.17947387695312
2017-03-28,95.44554901123047
2017-03-29,95.30175018310547
2017-03-30,95.09322357177734
2017-03-31,94.65457153320312
2017-04-03,94.56828308105469
2017-04-04,95.07882690429688
2017-04-05,94.70488739013672
2017-04-06,94.2806396484375
2017-04-07,94.43882751464844
2017-04-10,94.86309814453125
2017-04-11,95.3736572265625
2017-04-12,95.71163940429688
2017-04-13,95.40242004394531
2017-04-17,95.90577697753906
2017-04-18,96.29411315917969
2017-04-19,95.77637481689453
2017-04-20,94.3669204711914
2017-04-21,93.45368957519531
2017-04-24,93.77008056640625
2017-04-25,95.51028442382812
2017-04-26,93.575927734375
2017-04-27,93.482421875
2017-04-28,93.30266571044922
2017-05-01,93.1660385131836
2017-05-02,91.13817596435547
2017-05-03,91.1597671508789
2017-05-04,92.18087768554688
2017-05-05,92.468505859375
2017-05-08,92.27436828613281
2017-05-09,92.19526672363281
2017-05-10,92.8712158203125
2017-05-11,92.12334442138672
2017-05-12,92.03706359863281
2017-05-15,92.04423522949219
2017-05-16,91.62715911865234
2017-05-17,92.01548767089844
2017-05-18,91.1238021850586
2017-05-19,91.4689712524414
2017-05-22,91.3826904296875
2017-05-23,91.18133544921875
2017-05-24,92.06581115722656
2017-05-25,93.05095672607422
2017-05-26,93.13007354736328
2017-05-30,92.74176025390625
2017-05-31,93.28828430175781
2017-06-01,93.47525024414062
2017-06-02,93.9426498413086
2017-06-05,94.05772399902344
2017-06-06,94.17278289794922
2017-06-07,94.32489013671875
2017-06-08,92.7673110961914
2017-06-09,93.28892517089844
2017-06-12,93.32514953613281
2017-06-13,93.72359466552734
2017-06-14,94.44805908203125
2017-06-15,94.7740707397461
2017-06-16,94.33216094970703
2017-06-19,96.19400787353516
2017-06-20,96.33167266845703
2017-06-21,95.50577545166016
2017-06-22,95.44782257080078
2017-06-23,95.84628295898438
2017-06-26,96.73011779785156
2017-06-27,95.23773956298828
2017-06-28,95.2667007446289
2017-06-29,93.45555114746094
2017-06-30,93.53524780273438
2017-07-03,93.04261016845703
2017-07-05,93.20924377441406
2017-07-06,91.55744171142578
2017-07-07,91.86173248291016
2017-07-10,92.01387786865234
2017-07-11,91.14453125
2017-07-12,90.34038543701172
2017-07-13,89.76078796386719
2017-07-14,90.20272064208984
2017-07-17,90.33313751220703
2017-07-18,90.2461929321289
2017-07-19,89.7970199584961
2017-07-20,89.62315368652344
2017-07-21,90.76058197021484
2017-07-24,89.69559478759766
2017-07-25,90.32588195800781
2017-07-26,88.55817413330078
2017-07-27,89.9853744506836
2017-07-28,88.71031951904297
2017-07-31,89.22468566894531
2017-08-01,88.15975189208984
2017-08-02,87.92066955566406
2017-08-03,88.15249633789062
2017-08-04,87.89168548583984
2017-08-07,87.9641342163086
2017-08-08,87.9786148071289
2017-08-09,88.101806640625
2017-08-10,87.71056365966797
2017-08-11,87.39904022216797
2017-08-14,88.15975189208984
2017-08-15,88.55096435546875
2017-08-16,88.6233901977539
2017-08-17,88.5871810913086
2017-08-18,87.94239044189453
2017-08-21,88.876953125
2017-08-22,88.69583892822266
2017-08-23,88.57989501953125
2017-08-24,87.65261840820312
2017-08-25,88.03657531738281
2017-08-28,88.6523666381836
2017-08-29,88.65962982177734
2017-08-30,88.60164642333984
2017-08-31,89.3188705444336
2017-09-01,89.26094055175781
2017-09-05,89.04358673095703
2017-09-06,87.15998840332031
2017-09-07,87.35717010498047
2017-09-08,86.27625274658203
2017-09-11,87.349853515625
2017-09-12,88.08023071289062
2017-09-13,87.62741088867188
2017-09-14,88.24820709228516
2017-09-15,88.44539642333984
2017-09-18,89.00775909423828
2017-09-19,88.92743682861328
2017-09-20,87.75887298583984
2017-09-21,86.26895904541016
2017-09-22,85.8307113647461
2017-09-25,85.808837890625
2017-09-26,85.94759368896484
2017-09-27,85.09309387207031
2017-09-28,85.42176055908203
2017-09-29,85.94759368896484
2017-10-02,85.42906188964844
2017-10-03,84.41386413574219
2017-10-04,85.58972930908203
2017-10-05,85.79421997070312
2017-10-06,84.27510833740234
2017-10-09,84.34813690185547
2017-10-10,85.04926300048828
2017-10-11,86.06443786621094
2017-10-12,85.8599624633789
2017-10-13,86.59031677246094
2017-10-16,86.34197998046875
2017-10-17,86.38578796386719
2017-10-18,85.6700439453125
2017-10-19,84.39195251464844
2017-10-20,82.85090637207031
2017-10-23,82.18629455566406
2017-10-24,81.82843017578125
2017-10-25,82.09136962890625
2017-10-26,82.96045684814453
2017-10-27,82.09867858886719
2017-10-30,81.26607513427734
2017-10-31,82.17168426513672
2017-11-01,81.83573913574219
2017-11-02,81.47053527832031
2017-11-03,80.91549682617188
2017-11-06,80.24356079101562
2017-11-07,81.74810028076172
2017-11-08,82.69751739501953
2017-11-09,82.74137878417969
2017-11-10,83.3621597290039
2017-11-13,84.2896957397461
2017-11-14,83.66160583496094
2017-11-15,82.84361267089844
2017-11-16,83.91722869873047
2017-11-17,83.49362182617188
2017-11-20,84.2458724975586
2017-11-21,85.45093536376953
2017-11-22,84.75714111328125
2017-11-24,85.07119750976562
2017-11-27,85.27568054199219
2017-11-28,85.72848510742188
2017-11-29,87.01390838623047
2017-11-30,87.46672821044922
2017-12-01,88.01448059082031
2017-12-04,89.91341400146484
2017-12-05,89.72350311279297
2017-12-06,89.2195816040039
2017-12-07,88.16680145263672
2017-12-08,88.42448425292969
2017-12-11,87.2318344116211
2017-12-12,85.69318389892578
2017-12-13,86.42202758789062
2017-12-14,86.31896209716797
2017-12-15,87.24657440185547
2017-12-18,88.08583068847656
2017-12-19,88.76310729980469
2017-12-20,88.67478942871094
2017-12-21,88.54964447021484
2017-12-22,88.82939147949219
2017-12-26,89.30792999267578
2017-12-27,89.7275390625
2017-12-28,88.51282501220703
2017-12-29,88.82939147949219
2018-01-02,87.65882110595703
2018-01-03,86.19380187988281
2018-01-04,87.18768310546875
2018-01-05,86.99624633789062
2018-01-08,87.9238510131836
2018-01-09,85.98766326904297
2018-01-10,84.63307189941406
2018-01-11,82.96928405761719
2018-01-12,83.1754150390625
2018-01-16,84.11773681640625
2018-01-17,85.88459014892578
2018-01-18,84.91281127929688
2018-01-19,85.02325439453125
2018-01-22,86.06865692138672
2018-01-23,86.75330352783203
2018-01-24,88.12999725341797
2018-01-25,90.87600708007812
2018-01-26,89.9852066040039
2018-01-29,88.12999725341797
2018-01-30,87.23919677734375
2018-01-31,86.13488006591797
2018-02-01,86.79747772216797
2018-02-02,85.55330657958984
2018-02-05,82.36558532714844
2018-02-06,84.02938842773438
2018-02-07,82.71895599365234
2018-02-08,82.2257080078125
2018-02-09,82.04165649414062
2018-02-12,83.68336486816406
2018-02-13,82.93983459472656
2018-02-14,82.9913558959961
2018-02-15,85.26618957519531
2018-02-16,85.47232055664062
2018-02-20,84.25759887695312
2018-02-21,82.40972900390625
2018-02-22,83.05025482177734
2018-02-23,83.66864013671875
2018-02-26,84.26495361328125
2018-02-27,82.7042236328125
2018-02-28,81.65882873535156
2018-03-01,82.08583068847656
2018-03-02,82.85884857177734
2018-03-05,83.32263946533203
2018-03-06,83.22693634033203
2018-03-07,82.2772445678711
2018-03-08,83.23551940917969
2018-03-09,83.1537857055664
2018-03-12,83.98577880859375
2018-03-13,83.91149139404297
2018-03-14,82.51494598388672
2018-03-15,82.41096496582031
2018-03-16,83.21321868896484
2018-03-19,82.52239227294922
2018-03-20,81.80183410644531
2018-03-21,80.52413177490234
2018-03-22,79.84071350097656
2018-03-23,77.80534362792969
2018-03-26,78.41445922851562
2018-03-27,79.85557556152344
2018-03-28,81.31155395507812
2018-03-29,81.80924224853516
2018-04-02,79.5510025024414
2018-04-03,80.13784790039062
2018-04-04,81.18524932861328
2018-04-05,81.27442169189453
2018-04-06,80.67267608642578
2018-04-09,80.49441528320312
2018-04-10,80.57611846923828
2018-04-11,80.07099151611328
2018-04-12,78.86016082763672
2018-04-13,78.62245178222656
2018-04-16,79.34300994873047
2018-04-17,79.18699645996094
2018-04-18,79.13504791259766
2018-04-19,76.76535034179688
2018-04-20,74.3065185546875
2018-04-23,73.18484497070312
2018-04-24,74.5813980102539
2018-04-25,75.99280548095703
2018-04-26,76.2824935913086
2018-04-27,77.63449096679688
2018-04-30,76.9139175415039
2018-05-01,76.66876220703125
2018-05-02,75.0791015625
2018-05-03,76.02993774414062
2018-05-04,77.05508422851562
2018-05-07,76.63164520263672
2018-05-08,75.65853118896484
2018-05-09,76.55735778808594
2018-05-10,77.12933349609375
2018-05-11,77.9241943359375
2018-05-14,77.84989929199219
2018-05-15,77.25560760498047
2018-05-16,77.916748046875
2018-05-17,77.90190887451172
2018-05-18,77.0104751586914
2018-05-21,77.79047393798828
2018-05-22,77.83502960205078
2018-05-23,77.66419219970703
2018-05-24,77.52304077148438
2018-05-25,78.34017944335938
2018-05-29,77.87217712402344
2018-05-30,78.31047058105469
2018-05-31,74.91567993164062
2018-06-01,74.93053436279297
2018-06-04,75.287109375
2018-06-05,74.88595581054688
2018-06-06,74.84139251708984
2018-06-07,76.39448547363281
2018-06-08,77.48241424560547
2018-06-11,77.7599868774414
2018-06-12,77.67747497558594
2018-06-13,77.19727325439453
2018-06-14,76.55955505371094
2018-06-15,77.60997009277344
2018-06-18,75.58416748046875
2018-06-19,76.78461456298828
2018-06-20,76.2669448852539
2018-06-21,75.13402557373047
2018-06-22,75.75675964355469
2018-06-25,77.94007873535156
2018-06-26,77.51993560791016
2018-06-27,77.57994842529297
2018-06-28,78.4277572631836
2018-06-29,79.0354995727539
2018-07-02,78.75788116455078
2018-07-03,78.48027801513672
2018-07-05,80.10841369628906
2018-07-06,80.16841888427734
2018-07-09,78.89293670654297
2018-07-10,78.60032653808594
2018-07-11,78.87044525146484
2018-07-12,78.8779296875
2018-07-13,79.24557495117188
2018-07-16,79.08050537109375
2018-07-17,79.88333892822266
2018-07-18,77.95510864257812
2018-07-19,77.6924819946289
2018-07-20,78.54031372070312
2018-07-23,79.11052703857422
2018-07-24,79.65074157714844
2018-07-25,79.80081176757812
2018-07-26,81.0762939453125
2018-07-27,81.06128692626953
2018-07-30,81.03876495361328
2018-07-31,85.42798614501953
2018-08-01,84.28751373291016
2018-08-02,86.5608901977539
2018-08-03,87.55879974365234
2018-08-06,87.48374938964844
2018-08-07,85.53302764892578
2018-08-08,84.12994384765625
2018-08-09,83.439697265625
2018-08-10,82.59937286376953
2018-08-13,83.30464935302734
2018-08-14,83.37967681884766
2018-08-15,87.37872314453125
2018-08-16,88.729248046875
2018-08-17,89.70462036132812
2018-08-20,88.61669921875
2018-08-21,87.73884582519531
2018-08-22,86.98857879638672
2018-08-23,87.17615509033203
2018-08-24,87.28868103027344
2018-08-27,86.45587158203125
2018-08-28,86.51588439941406
2018-08-29,86.3733139038086
2018-08-30,85.81810760498047
2018-08-31,86.6884536743164
2018-09-04,85.29290771484375
2018-09-05,87.55128479003906
2018-09-06,87.82373809814453
2018-09-07,87.38481140136719
2018-09-10,87.55885314941406
2018-09-11,87.14263916015625
2018-09-12,88.02049255371094
2018-09-13,87.82373809814453
2018-09-14,88.12642669677734
2018-09-17,88.61077880859375
2018-09-18,88.59564208984375
2018-09-19,87.89939880371094
2018-09-20,88.36861419677734
2018-09-21,88.33075714111328
2018-09-24,86.2572021484375
2018-09-25,85.14473724365234
2018-09-26,85.56853485107422
2018-09-27,85.45501708984375
2018-09-28,85.99990844726562
2018-10-01,85.9696273803711
2018-10-02,86.73399353027344
2018-10-03,85.16746520996094
2018-10-04,85.05391693115234
2018-10-05,85.85614013671875
2018-10-08,86.47666931152344
2018-10-09,86.35560607910156
2018-10-10,85.47016906738281
2018-10-11,81.83008575439453
2018-10-12,82.59441375732422
2018-10-15,83.46471405029297
2018-10-16,83.29820251464844
2018-10-17,82.35225677490234
2018-10-18,82.8517074584961
2018-10-19,83.41929626464844
2018-10-22,80.5208511352539
2018-10-23,78.81053924560547
2018-10-24,79.62029266357422
2018-10-25,79.13594818115234
2018-10-26,77.42562103271484
2018-10-29,77.41808319091797
2018-10-30,80.39219665527344
2018-10-31,78.93163299560547
2018-11-01,80.24085235595703
2018-11-02,79.82463073730469
2018-11-05,80.87654876708984
2018-11-06,80.95978546142578
2018-11-07,81.34573364257812
2018-11-08,81.13382720947266
2018-11-09,82.82901763916016
2018-11-12,83.53282165527344
2018-11-13,83.22256469726562
2018-11-14,83.98688507080078
2018-11-15,83.8431167602539
2018-11-16,84.20633697509766
2018-11-19,83.58577728271484
2018-11-20,84.45609283447266
2018-11-21,83.75227355957031
2018-11-23,85.37933349609375
2018-11-26,85.53071594238281
2018-11-27,87.36966705322266
2018-11-28,86.29502868652344
2018-11-29,86.99127960205078
2018-11-30,87.3091049194336
2018-12-03,85.65935516357422
2018-12-04,85.14473724365234
2018-12-06,86.2137451171875
2018-12-07,86.66424560546875
2018-12-10,86.809326171875
2018-12-11,88.38988494873047
2018-12-12,86.98491668701172
2018-12-13,90.40567779541016
2018-12-14,89.6573715209961
2018-12-17,87.18345642089844
2018-12-18,86.61844635009766
2018-12-19,86.95440673828125
2018-12-20,87.09947204589844
2018-12-21,88.53497314453125
2018-12-24,81.5865478515625
2018-12-26,84.564453125
2018-12-27,86.18319702148438
2018-12-28,86.44280242919922
2018-12-31,87.00020599365234
2019-01-02,85.35855865478516
2019-01-03,84.48045349121094
2019-01-04,85.42727661132812
2019-01-07,86.58025360107422
2019-01-08,87.77137756347656
2019-01-09,87.05364990234375
2019-01-10,89.07708740234375
2019-01-11,89.4894027709961
2019-01-14,88.7640151977539
2019-01-15,89.1076431274414
2019-01-16,87.6110610961914
2019-01-17,87.32854461669922
2019-01-18,89.23744201660156
2019-01-22,87.9852066040039
2019-01-23,85.63343048095703
2019-01-24,85.09130096435547
2019-01-25,82.55628967285156
2019-01-28,82.50283813476562
2019-01-29,82.57917785644531
2019-01-30,82.3653793334961
2019-01-31,85.04547119140625
2019-02-01,85.32036590576172
2019-02-04,86.10684204101562
2019-02-05,85.6868667602539
2019-02-06,87.1681900024414
2019-02-07,86.55735778808594
2019-02-08,88.33644104003906
2019-02-11,89.1763687133789
2019-02-12,88.5731430053711
2019-02-13,88.64185333251953
2019-02-14,89.22217559814453
2019-02-15,90.4362564086914
2019-02-19,91.29903411865234
2019-02-20,90.54312133789062
2019-02-21,91.42122650146484
2019-02-22,90.94017791748047
2019-02-25,89.93230438232422
2019-02-26,89.92464447021484
2019-02-27,89.08472442626953
2019-02-28,89.20689392089844
2019-03-01,88.32879638671875
2019-03-04,88.90911865234375
2019-03-05,89.09236907958984
2019-03-06,88.67239379882812
2019-03-07,88.7340316772461
2019-03-08,89.27330780029297
2019-03-11,90.59068298339844
2019-03-12,90.73705291748047
2019-03-13,91.26862335205078
2019-03-14,91.25321197509766
2019-03-15,92.59368133544922
2019-03-18,92.11605834960938
2019-03-19,92.40110778808594
2019-03-20,92.11605834960938
2019-03-21,93.57211303710938
2019-03-22,94.02664184570312
2019-03-25,93.91878509521484
2019-03-26,94.82014465332031
2019-03-27,95.02816009521484
2019-03-28,95.44416809082031
2019-03-29,95.4518814086914
2019-04-01,94.58133697509766
2019-04-02,94.48888397216797
2019-04-03,93.81092834472656
2019-04-04,93.98042297363281
2019-04-05,93.92649841308594
2019-04-08,93.7107925415039
2019-04-09,93.47966003417969
2019-04-10,93.72618865966797
2019-04-11,94.42725372314453
2019-04-12,94.89718627929688
2019-04-15,94.7585220336914
2019-04-16,95.0050277709961
2019-04-17,95.1052017211914
2019-04-18,95.18223571777344
2019-04-22,100.3438491821289
2019-04-23,96.77694702148438
2019-04-24,95.83706665039062
2019-04-25,95.53660583496094
2019-04-26,96.8694076538086
2019-04-29,96.49191284179688
2019-04-30,98.90323638916016
2019-05-01,96.661376953125
2019-05-02,98.04039764404297
2019-05-03,98.22528839111328
2019-05-06,98.53345489501953
2019-05-07,97.2083740234375
2019-05-08,97.75535583496094
2019-05-09,97.37784576416016
2019-05-10,98.1790771484375
2019-05-13,98.62588500976562
2019-05-14,98.26382446289062
2019-05-15,99.12665557861328
2019-05-16,99.16517639160156
2019-05-17,99.32695007324219
2019-05-20,100.23602294921875
2019-05-21,100.21290588378906
2019-05-22,100.90624237060547
2019-05-23,100.85234069824219
2019-05-24,100.63662719726562
2019-05-28,99.08812713623047
2019-05-29,98.93405151367188
2019-05-30,100.32077026367188
2019-05-31,98.5257568359375
2019-06-03,100.94476318359375
2019-06-04,101.25294494628906
2019-06-05,102.84764862060547
2019-06-06,103.70943450927734
2019-06-07,104.74202728271484
2019-06-10,104.5867691040039
2019-06-11,104.50912475585938
2019-06-12,105.82897186279297
2019-06-13,106.61312866210938
2019-06-14,106.86933135986328
2019-06-17,106.51994323730469
2019-06-18,105.6504135131836
2019-06-19,105.49515533447266
2019-06-20,105.82897186279297
2019-06-21,105.26997375488281
2019-06-24,106.97804260253906
2019-06-25,106.23271942138672
2019-06-26,103.57746887207031
2019-06-27,103.97341918945312
2019-06-28,103.47653198242188
2019-07-01,105.13798522949219
2019-07-02,105.64263153076172
2019-07-03,107.41279602050781
2019-07-05,106.4112548828125
2019-07-08,107.5215072631836
2019-07-09,106.26375579833984
2019-07-10,106.98580169677734
2019-07-11,106.69076538085938
2019-07-12,107.73114013671875
2019-07-15,108.1115493774414
2019-07-16,107.54479217529297
2019-07-17,107.16436004638672
2019-07-18,106.78392028808594
2019-07-19,105.38643646240234
2019-07-22,104.23736572265625
2019-07-23,104.85071563720703
2019-07-24,104.54017639160156
2019-07-25,105.11466979980469
2019-07-26,106.49665832519531
2019-07-29,107.33515167236328
2019-07-30,107.37399291992188
2019-07-31,105.31655883789062
2019-08-01,104.99824523925781
2019-08-02,105.48735809326172
2019-08-05,103.74829864501953
2019-08-06,104.43925476074219
2019-08-07,105.68922424316406
2019-08-08,107.56031799316406
2019-08-09,107.42833709716797
2019-08-12,107.24200439453125
2019-08-13,108.24352264404297
2019-08-14,106.13953399658203
2019-08-15,108.1270751953125
2019-08-16,109.25283813476562
2019-08-19,110.82112884521484
2019-08-20,108.81028747558594
2019-08-21,110.17671203613281
2019-08-22,110.07581329345703
2019-08-23,107.45938110351562
2019-08-26,108.88793182373047
2019-08-27,109.57891845703125
2019-08-28,110.20777130126953
2019-08-29,110.12237548828125
2019-08-30,109.55561065673828
2019-09-03,109.86617279052734
2019-09-04,110.7745361328125
2019-09-05,109.07752227783203
2019-09-06,107.9592514038086
2019-09-09,104.22114562988281
2019-09-10,102.563232421875
2019-09-11,103.15756225585938
2019-09-12,104.46356964111328
2019-09-13,103.54859161376953
2019-09-16,100.70983123779297
2019-09-17,103.16539764404297
2019-09-18,104.08035278320312
2019-09-19,104.88585662841797
2019-09-20,105.60531616210938
2019-09-23,107.00517272949219
2019-09-24,107.76374053955078
2019-09-25,107.59166717529297
2019-09-26,109.57023620605469
2019-09-27,111.09518432617188
2019-09-30,111.08734893798828
2019-10-01,110.78235626220703
2019-10-02,109.31998443603516
2019-10-03,109.2652359008789
2019-10-04,110.73545837402344
2019-10-07,109.60932159423828
2019-10-08,107.22413635253906
2019-10-09,107.41181182861328
2019-10-10,107.83412170410156
2019-10-11,107.63079071044922
2019-10-14,105.6522445678711
2019-10-15,104.69035339355469
2019-10-16,105.33940887451172
2019-10-17,106.05889892578125
2019-10-18,107.31013488769531
2019-10-21,108.85076904296875
2019-10-22,101.17904663085938
2019-10-23,105.0187759399414
2019-10-24,105.72264099121094
2019-10-25,104.94841003417969
2019-10-28,103.13411712646484
2019-10-29,103.96306610107422
2019-10-30,104.53397369384766
2019-10-31,103.91615295410156
2019-11-01,103.25921630859375
2019-11-04,101.16339111328125
2019-11-05,101.95323944091797
2019-11-06,103.00897216796875
2019-11-07,103.0402603149414
2019-11-08,102.8056640625
2019-11-11,102.60233306884766
2019-11-12,102.71963500976562
2019-11-13,103.55640411376953
2019-11-14,103.532958984375
2019-11-15,102.93860626220703
2019-11-18,103.63461303710938
2019-11-19,103.96306610107422
2019-11-20,105.26124572753906
2019-11-21,104.29151916503906
2019-11-22,104.4244613647461
2019-11-25,104.28368377685547
2019-11-26,105.23776245117188
2019-11-27,106.55939483642578
2019-11-29,106.62196350097656
2019-12-02,106.59066772460938
2019-12-03,106.3795166015625
2019-12-04,107.52129364013672
2019-12-05,107.56857299804688
2019-12-06,107.9310073852539
2019-12-09,107.9310073852539
2019-12-10,107.25340270996094
2019-12-11,107.86796569824219
2019-12-12,107.09578704833984
2019-12-13,107.11158752441406
2019-12-16,107.01703643798828
2019-12-17,106.53638458251953
2019-12-18,106.52063751220703
2019-12-19,107.74190521240234
2019-12-20,108.74260711669922
2019-12-23,107.92314147949219
2019-12-24,108.12799072265625
2019-12-26,108.12799072265625
2019-12-27,108.78988647460938
2019-12-30,107.860107421875
2019-12-31,108.38014221191406
2020-01-02,107.0249252319336
2020-01-03,106.99336242675781
2020-01-06,107.22976684570312
2020-01-07,107.13519287109375
2020-01-08,108.17530822753906
2020-01-09,109.8851318359375
2020-01-10,110.4917984008789
2020-01-13,111.01970672607422
2020-01-14,111.09066009521484
2020-01-15,112.01250457763672
2020-01-16,113.01319122314453
2020-01-17,113.85626983642578
2020-01-21,113.92720031738281
2020-01-22,113.76959228515625
2020-01-23,113.97444152832031
2020-01-24,113.00531005859375
2020-01-27,113.4308090209961
2020-01-28,114.16358947753906
2020-01-29,112.83194732666016
2020-01-30,113.95870208740234
2020-01-31,112.86349487304688
2020-02-03,113.28895568847656
2020-02-04,112.97380065917969
2020-02-05,114.305419921875
2020-02-06,113.87992095947266
2020-02-07,114.10843658447266
2020-02-10,115.20366668701172
2020-02-11,114.44721984863281
2020-02-12,113.69080352783203
2020-02-13,114.04542541503906
2020-02-14,114.69148254394531
2020-02-18,113.33625030517578
2020-02-19,113.2811050415039
2020-02-20,112.02039337158203
2020-02-21,111.37428283691406
2020-02-24,110.40514373779297
2020-02-25,109.50691223144531
2020-02-26,108.9395751953125
2020-02-27,105.59087371826172
2020-02-28,103.36890411376953
2020-03-02,111.17733001708984
2020-03-03,110.93302917480469
2020-03-04,116.81105041503906
2020-03-05,113.73956298828125
2020-03-06,116.23961639404297
2020-03-09,112.16020202636719
2020-03-10,111.92207336425781
2020-03-11,106.47757720947266
2020-03-12,97.07269287109375
2020-03-13,106.49341583251953
2020-03-16,106.9140853881836
2020-03-17,114.34278106689453
2020-03-18,106.62837982177734
2020-03-19,100.32669067382812
2020-03-20,93.87422943115234
2020-03-23,89.15987396240234
2020-03-24,93.159912109375
2020-03-25,92.35039520263672
2020-03-26,98.4218978881836
2020-03-27,99.12032318115234
2020-03-30,105.10453033447266
2020-03-31,101.48544311523438
2020-04-01,99.73143768310547
2020-04-02,102.6045150756836
2020-04-03,103.1124496459961
2020-04-06,105.67594909667969
2020-04-07,104.27910614013672
2020-04-08,105.27119445800781
2020-04-09,104.35848236083984
2020-04-13,105.32675170898438
2020-04-14,111.18399047851562
2020-04-15,109.2633285522461
2020-04-16,110.89826202392578
2020-04-17,112.6522216796875
2020-04-20,110.89031982421875
2020-04-21,110.6919174194336
2020-04-22,113.33480834960938
2020-04-23,111.39828491210938
2020-04-24,112.43000793457031
2020-04-27,111.39828491210938
2020-04-28,111.90621948242188
2020-04-29,110.28711700439453
2020-04-30,109.90618133544922
2020-05-01,108.55696105957031
2020-05-04,107.72361755371094
2020-05-05,108.83473205566406
2020-05-06,106.96167755126953
2020-05-07,108.49346160888672
2020-05-08,109.92999267578125
2020-05-11,109.97760772705078
2020-05-12,109.38237762451172
2020-05-13,108.73948669433594
2020-05-14,108.40616607666016
2020-05-15,110.03313446044922
2020-05-18,109.31090545654297
2020-05-19,107.35853576660156
2020-05-20,108.6125259399414
2020-05-21,109.09664916992188
2020-05-22,110.90620422363281
2020-05-26,107.93790435791016
2020-05-27,109.85855865478516
2020-05-28,111.74746704101562
2020-05-29,112.25541687011719
2020-06-01,112.12842559814453
2020-06-02,112.73955535888672
2020-06-03,112.43000793457031
2020-06-04,110.13487243652344
2020-06-05,111.38238525390625
2020-06-08,111.09451293945312
2020-06-09,110.82262420654297
2020-06-10,110.76665496826172
2020-06-11,109.53508758544922
2020-06-12,108.71141815185547
2020-06-15,111.24644470214844
2020-06-16,112.4699935913086
2020-06-17,113.59759521484375
2020-06-18,113.88548278808594
2020-06-19,115.12501525878906
2020-06-22,113.6055908203125
2020-06-23,112.4060287475586
2020-06-24,110.28679656982422
2020-06-25,110.99053955078125
2020-06-26,109.47110748291016
2020-06-29,111.51836395263672
2020-06-30,113.03777313232422
2020-07-01,113.46961975097656
2020-07-02,114.51721954345703
2020-07-06,114.14138793945312
2020-07-07,113.97345733642578
2020-07-08,114.63719177246094
2020-07-09,113.73351287841797
2020-07-10,114.54922485351562
2020-07-13,113.66954803466797
2020-07-14,115.12501525878906
2020-07-15,114.58122253417969
2020-07-16,114.90107727050781
2020-07-17,115.452880859375
2020-07-20,114.109375
2020-07-21,114.99706268310547
2020-07-22,115.39691925048828
2020-07-23,117.82001495361328
2020-07-24,117.82804107666016
2020-07-27,117.86001586914062
2020-07-28,120.57896423339844
2020-07-29,121.58657836914062
2020-07-30,121.52259063720703
2020-07-31,121.58657836914062
2020-08-03,121.2347412109375
2020-08-04,124.99331665039062
2020-08-05,124.62545776367188
2020-08-06,125.12931060791016
2020-08-07,125.76103210449219
2020-08-10,126.4248275756836
2020-08-11,124.5854721069336
2020-08-12,127.02455139160156
2020-08-13,126.72073364257812
2020-08-14,126.53675842285156
2020-08-17,126.20085906982422
2020-08-18,126.04894256591797
2020-08-19,125.8330078125
2020-08-20,126.00894165039062
2020-08-21,125.79301452636719
2020-08-24,125.88899230957031
2020-08-25,124.79339599609375
2020-08-26,124.75343322753906
2020-08-27,124.91334533691406
2020-08-28,125.15327453613281
2020-08-31,126.160888671875
2020-09-01,123.36190032958984
2020-09-02,125.16128540039062
2020-09-03,122.5926742553711
2020-09-04,122.57655334472656
2020-09-08,119.95158386230469
2020-09-09,121.94847869873047
2020-09-10,119.29129791259766
2020-09-11,119.57312774658203
2020-09-14,119.57312774658203
2020-09-15,117.94660949707031
2020-09-16,118.96918487548828
2020-09-17,118.0593490600586
2020-09-18,117.53595733642578
2020-09-21,117.45543670654297
2020-09-22,118.33312225341797
2020-09-23,116.61000061035156
2020-09-24,117.94660949707031
2020-09-25,117.89833068847656
2020-09-28,118.81623077392578
2020-09-29,117.8338851928711
2020-09-30,118.89676666259766
2020-10-01,118.87259674072266
2020-10-02,118.7115707397461
2020-10-05,120.40251159667969
2020-10-06,120.78092956542969
2020-10-07,121.46537780761719
2020-10-08,121.03056335449219
2020-10-09,122.78591918945312
2020-10-12,123.51058959960938
2020-10-13,124.17891693115234
2020-10-14,122.90670776367188
2020-10-15,124.25946044921875
2020-10-16,123.4622802734375
2020-10-19,121.43315887451172
2020-10-20,119.58924865722656
2020-10-21,119.47651672363281
2020-10-22,111.19092559814453
2020-10-23,110.21665954589844
2020-10-26,109.25843811035156
2020-10-27,108.50959014892578
2020-10-28,107.0843734741211
2020-10-29,106.95555877685547
2020-10-30,106.76229858398438
2020-11-02,108.17947387695312
2020-11-03,108.98468780517578
2020-11-04,108.79946899414062
2020-11-05,108.15531921386719
2020-11-06,109.65300750732422
2020-11-09,106.81866455078125
2020-11-10,109.95092010498047
2020-11-11,110.94131469726562
2020-11-12,111.22313690185547
2020-11-13,113.00265502929688
2020-11-16,114.4117431640625
2020-11-17,115.81281280517578
2020-11-18,113.58238983154297
2020-11-19,114.12992858886719
2020-11-20,112.5356216430664
2020-11-23,112.10082244873047
2020-11-24,112.08473205566406
2020-11-25,113.29253387451172
2020-11-27,113.83203125
2020-11-30,112.17328643798828
2020-12-01,113.7595443725586
2020-12-02,111.3922119140625
2020-12-03,111.83856964111328
2020-12-04,111.49773406982422
2020-12-07,111.10823059082031
2020-12-08,110.82421875
2020-12-09,110.16690063476562
2020-12-10,108.78736114501953
2020-12-11,110.36166381835938
2020-12-14,110.36166381835938
2020-12-15,110.21558380126953
2020-12-16,110.36978149414062
2020-12-17,110.6213607788086
2020-12-18,109.6151123046875
2020-12-21,108.93345642089844
2020-12-22,107.659423828125
2020-12-23,108.33293914794922
2020-12-24,108.64942932128906
2020-12-28,108.6981201171875
2020-12-29,108.84420013427734
2020-12-30,108.03273010253906
2020-12-31,109.41221618652344
2021-01-04,108.25178527832031
2021-01-05,108.36543273925781
2021-01-06,107.79736328125
2021-01-07,106.7911376953125
2021-01-08,106.92097473144531
2021-01-11,106.66940307617188
2021-01-12,105.75244140625
2021-01-13,106.84793090820312
2021-01-14,106.76680755615234
2021-01-15,106.53955841064453
2021-01-19,106.83169555664062
2021-01-20,106.6207046508789
2021-01-21,106.31234741210938
2021-01-22,107.28614807128906
2021-01-25,110.77552795410156
2021-01-26,111.27864837646484
2021-01-27,112.5121078491211
2021-01-28,109.68000030517578
2021-01-29,107.19686889648438
2021-02-01,108.12196350097656
2021-02-02,107.39976501464844
2021-02-03,107.43221282958984
2021-02-04,106.70999145507812
2021-02-05,107.25366973876953
2021-02-08,107.2698974609375
2021-02-09,107.46466827392578
2021-02-10,107.76493835449219
2021-02-11,107.1887435913086
2021-02-12,107.2212142944336
2021-02-16,105.6875228881836
2021-02-17,106.11761474609375
2021-02-18,107.2698974609375
2021-02-19,106.00399780273438
2021-02-22,106.35291290283203
2021-02-23,107.10762023925781
2021-02-24,106.1500473022461
2021-02-25,105.94718170166016
2021-02-26,104.1375961303711
2021-03-01,104.18627166748047
2021-03-02,104.78678894042969
2021-03-03,105.92283630371094
2021-03-04,105.34162139892578
2021-03-05,107.72383117675781
2021-03-08,109.00089263916016
2021-03-09,108.32962799072266
2021-03-10,110.05694580078125
2021-03-11,108.50972747802734
2021-03-12,109.26284790039062
2021-03-15,109.90140533447266
2021-03-16,110.04873657226562
2021-03-17,108.50972747802734
2021-03-18,108.38693237304688
2021-03-19,106.6841812133789
2021-03-22,108.90267944335938
2021-03-23,110.74459838867188
2021-03-24,111.07205963134766
2021-03-25,111.0638427734375
2021-03-26,112.25906372070312
2021-03-29,113.7162094116211
2021-03-30,113.22503662109375
2021-03-31,113.83085632324219
2021-04-01,112.1362533569336
2021-04-05,113.32327270507812
2021-04-06,113.01222229003906
2021-04-07,112.103515625
2021-04-08,112.6029052734375
2021-04-09,111.89887237548828
2021-04-12,112.34091186523438
2021-04-13,112.32459259033203
2021-04-14,111.55504608154297
2021-04-15,113.73257446289062
2021-04-16,113.97000885009766
2021-04-19,113.73257446289062
2021-04-20,116.5650863647461
2021-04-21,115.81192779541016
2021-04-22,114.8786849975586
2021-04-23,108.14954376220703
2021-04-26,106.84788513183594
2021-04-27,105.97196197509766
2021-04-28,106.12750244140625
2021-04-29,108.57520294189453
2021-04-30,109.14008331298828
2021-05-03,110.30255126953125
2021-05-04,110.28617095947266
2021-05-05,110.98201751708984
2021-05-06,111.44042205810547
2021-05-07,110.92469024658203
2021-05-10,112.07076263427734
2021-05-11,109.86865234375
2021-05-12,108.86172485351562
2021-05-13,109.49208068847656
2021-05-14,109.8440933227539
2021-05-17,109.39385223388672
2021-05-18,108.82901763916016
2021-05-19,108.53429412841797
2021-05-20,108.61614990234375
2021-05-21,108.34600830078125
2021-05-24,108.15771484375
2021-05-25,108.14134216308594
2021-05-26,107.26538848876953
2021-05-27,108.76351165771484
2021-05-28,106.93795776367188
2021-06-01,106.43038940429688
2021-06-02,107.02799224853516
2021-06-03,107.02800750732422
2021-06-04,107.82906341552734
2021-06-07,108.25023651123047
2021-06-08,107.1270980834961
2021-06-09,106.78026580810547
2021-06-10,107.0693130493164
2021-06-11,107.14363098144531
2021-06-14,106.96194458007812
2021-06-15,106.71417999267578
2021-06-16,106.44166564941406
2021-06-17,107.42440795898438
2021-06-18,106.27650451660156
2021-06-21,106.91239166259766
2021-06-22,107.46570587158203
2021-06-23,107.60609436035156
2021-06-24,108.24198150634766
2021-06-25,109.8936538696289
2021-06-28,108.9852294921875
2021-06-29,109.45594787597656
2021-06-30,110.47998809814453
2021-07-01,110.26527404785156
2021-07-02,110.95073699951172
2021-07-06,111.1902084350586
2021-07-07,112.08209228515625
2021-07-08,111.73526000976562
2021-07-09,111.50402069091797
2021-07-12,111.2397232055664
2021-07-13,110.94245147705078
2021-07-14,111.68569946289062
2021-07-15,112.42893981933594
2021-07-16,114.39443969726562
2021-07-19,114.82386779785156
2021-07-20,113.74201202392578
2021-07-21,111.85086822509766
2021-07-22,111.44619750976562
2021-07-23,112.03255462646484
2021-07-26,111.5700912475586
2021-07-27,112.51980590820312
2021-07-28,111.39666748046875
2021-07-29,112.46199798583984
2021-07-30,112.08209228515625
2021-08-02,111.2149887084961
2021-08-03,112.0160140991211
2021-08-04,110.41390228271484
2021-08-05,110.1744613647461
2021-08-06,110.04228973388672
2021-08-09,110.86813354492188
2021-08-10,110.57083892822266
2021-08-11,110.8185806274414
2021-08-12,110.89289855957031
2021-08-13,112.7097396850586
2021-08-16,114.43572998046875
2021-08-17,114.97251892089844
2021-08-18,112.82533264160156
2021-08-19,114.71649932861328
2021-08-20,114.15494537353516
2021-08-23,113.53558349609375
2021-08-24,112.14817810058594
2021-08-25,112.08209228515625
2021-08-26,112.58585357666016
2021-08-27,112.60237884521484
2021-08-30,112.92445373535156
2021-08-31,113.80807495117188
2021-09-01,115.35240173339844
2021-09-02,115.9883041381836
2021-09-03,116.2360610961914
2021-09-07,115.50106048583984
2021-09-08,116.84716796875
2021-09-09,114.72420501708984
2021-09-10,114.09979248046875
2021-09-13,115.04052734375
2021-09-14,114.9906005859375
2021-09-15,114.07482147216797
2021-09-16,113.1756591796875
2021-09-17,112.54290771484375
2021-09-20,111.98513793945312
2021-09-21,111.97679901123047
2021-09-22,111.09430694580078
2021-09-23,111.21086883544922
2021-09-24,110.71966552734375
2021-09-27,110.25343322753906
2021-09-28,111.14424133300781
2021-09-29,113.0424575805664
2021-09-30,110.26174926757812
2021-10-01,110.04530334472656
2021-10-04,110.02032470703125
2021-10-05,109.83716583251953
2021-10-06,110.76961517333984
2021-10-07,111.31075286865234
2021-10-08,110.61975860595703
2021-10-11,110.35336303710938
2021-10-12,110.37833404541016
2021-10-13,110.35336303710938
2021-10-14,110.97774505615234
2021-10-15,111.00272369384766
2021-10-18,109.50414276123047
2021-10-19,108.03888702392578
2021-10-20,109.58740997314453
2021-10-21,109.29600524902344
2021-10-22,110.76128387451172
2021-10-25,108.32193756103516
2021-10-26,110.9527816772461
2021-10-27,107.61428833007812
2021-10-28,108.28030395507812
2021-10-29,107.80577850341797
2021-11-01,108.46348571777344
2021-11-02,109.53746795654297
2021-11-03,109.9870376586914
2021-11-04,109.27103424072266
2021-11-05,110.08692169189453
2021-11-08,110.34500885009766
2021-11-09,110.27841186523438
2021-11-10,112.15164184570312
2021-11-11,111.57718658447266
2021-11-12,111.48560333251953
2021-11-15,112.20989990234375
2021-11-16,111.42730712890625
2021-11-17,111.90187072753906
2021-11-18,110.76961517333984
2021-11-19,111.92684173583984
2021-11-22,112.7593765258789
2021-11-23,113.05075073242188
2021-11-24,112.58453369140625
2021-11-26,112.61786651611328
2021-11-29,112.42636108398438
2021-11-30,108.48846435546875
2021-12-01,109.69564056396484
2021-12-02,110.55314636230469
2021-12-03,112.7177505493164
2021-12-06,113.57527923583984
2021-12-07,113.95825958251953
2021-12-08,113.9665756225586
2021-12-09,113.84904479980469
2021-12-10,114.23521423339844
2021-12-13,116.93009948730469
2021-12-14,115.93107604980469
2021-12-15,116.1073989868164
2021-12-16,119.06253051757812
2021-12-17,117.00569152832031
2021-12-20,118.62596130371094
2021-12-21,116.93850708007812
2021-12-22,116.87975311279297
2021-12-23,116.60269927978516
2021-12-27,117.36666870117188
2021-12-28,117.3582992553711
2021-12-29,118.43287658691406
2021-12-30,118.81067657470703
2021-12-31,119.98601531982422
2022-01-03,119.57466125488281
2022-01-04,120.2210922241211
2022-01-05,120.94306945800781
2022-01-06,120.15391540527344
2022-01-07,120.67445373535156
2022-01-10,121.38804626464844
2022-01-11,120.17072296142578
2022-01-12,120.12874603271484
2022-01-13,119.96083068847656
2022-01-14,120.2210922241211
2022-01-18,118.27336120605469
2022-01-19,119.78451538085938
2022-01-20,118.85264587402344
2022-01-21,120.32183837890625
2022-01-24,119.0457534790039
2022-01-25,117.22396850585938
2022-01-26,113.20260620117188
2022-01-27,115.4189682006836
2022-01-28,116.62789154052734
2022-01-31,115.56168365478516
2022-02-01,115.23426055908203
2022-02-02,113.85742950439453
2022-02-03,114.57942962646484
2022-02-04,111.3724136352539
2022-02-07,111.88455200195312
2022-02-08,111.85093688964844
2022-02-09,110.72598266601562
2022-02-10,109.93679809570312
2022-02-11,111.09536743164062
2022-02-14,111.12894439697266
2022-02-15,110.39856719970703
2022-02-16,109.99557495117188
2022-02-17,110.50769805908203
2022-02-18,111.78376770019531
2022-02-22,111.53193664550781
2022-02-23,110.76795959472656
2022-02-24,107.938720703125
2022-02-25,110.65882873535156
2022-02-28,109.26517486572266
2022-03-01,108.0226821899414
2022-03-02,108.98815155029297
2022-03-03,109.74205780029297
2022-03-04,109.38629150390625
2022-03-07,108.37822723388672
2022-03-08,104.3545150756836
2022-03-09,104.66792297363281
2022-03-10,101.47434997558594
2022-03-11,99.55988311767578
2022-03-14,100.90679168701172
2022-03-15,102.54169464111328
2022-03-16,102.8551254272461
2022-03-17,102.787353515625
2022-03-18,102.37228393554688
2022-03-21,102.27062225341797
2022-03-22,103.67681884765625
2022-03-23,102.16897583007812
2022-03-24,101.72846221923828
2022-03-25,101.88941192626953
2022-03-28,103.71068572998047
2022-03-29,105.09146881103516
2022-03-30,104.91358184814453
2022-03-31,104.32908630371094
2022-04-01,105.91316223144531
2022-04-04,105.90470123291016
2022-04-05,105.99786376953125
2022-04-06,106.70944213867188
2022-04-07,107.31935119628906
2022-04-08,106.80261993408203
2022-04-11,107.1838150024414
2022-04-12,106.68403625488281
2022-04-13,107.06521606445312
2022-04-14,107.09063720703125
2022-04-18,105.8538589477539
2022-04-19,107.47183227539062
2022-04-20,108.09019470214844
2022-04-21,108.51376342773438
2022-04-22,117.33210754394531
2022-04-25,121.54219818115234
2022-04-26,117.89965057373047
2022-04-27,119.00089263916016
2022-04-28,120.2800064086914
2022-04-29,117.6031723022461
2022-05-02,115.2228012084961
2022-05-03,116.30709838867188
2022-05-04,117.8657455444336
2022-05-05,115.78191375732422
2022-05-06,116.56124114990234
2022-05-09,118.88228607177734
2022-05-10,117.70481872558594
2022-05-11,117.67094421386719
2022-05-12,118.263916015625
2022-05-13,117.88269805908203
2022-05-16,117.6878662109375
2022-05-17,117.45917510986328
2022-05-18,112.24947357177734
2022-05-19,109.31851959228516
2022-05-20,108.7170639038086
2022-05-23,109.62347412109375
2022-05-24,111.94454193115234
2022-05-25,111.2837905883789
2022-05-26,112.1647720336914
2022-05-27,113.02880859375
2022-05-31,112.68152618408203
2022-06-01,111.3092041015625
2022-06-02,111.63957214355469
2022-06-03,111.34308624267578
2022-06-06,111.71581268310547
2022-06-07,111.90217590332031
2022-06-08,110.80939483642578
2022-06-09,108.9376449584961
2022-06-10,109.19405364990234
2022-06-13,108.46758270263672
2022-06-14,105.39073181152344
2022-06-15,104.62152099609375
2022-06-16,103.97195434570312
2022-06-17,104.09160614013672
2022-06-21,106.90351104736328
2022-06-22,109.03166961669922
2022-06-23,112.88629913330078
2022-06-24,114.92044830322266
2022-06-27,114.1768569946289
2022-06-28,113.27942657470703
2022-06-29,114.7409439086914
2022-06-30,115.5101547241211
2022-07-01,116.88618469238281
2022-07-05,116.31354522705078
2022-07-06,117.07420349121094
2022-07-07,115.98025512695312
2022-07-08,114.69821166992188
2022-07-11,115.14264678955078
2022-07-12,115.62126159667969
2022-07-13,116.27938842773438
2022-07-14,115.49304962158203
2022-07-15,115.10842895507812
2022-07-18,112.87776184082031
2022-07-19,113.02300262451172
2022-07-20,112.26236724853516
2022-07-21,111.57862854003906
2022-07-22,113.15978240966797
2022-07-25,114.03153991699219
2022-07-26,114.50162506103516
2022-07-27,112.86065673828125
2022-07-28,113.89482116699219
2022-07-29,112.63842010498047
2022-08-01,115.69818115234375
2022-08-02,113.67259979248047
2022-08-03,115.16825866699219
2022-08-04,113.46746826171875
2022-08-05,113.99738311767578
2022-08-08,114.77511596679688
2022-08-09,114.88622283935547
2022-08-10,115.946044921875
2022-08-11,115.06571960449219
2022-08-12,115.79220581054688
2022-08-15,116.6212387084961
2022-08-16,117.4246597290039
2022-08-17,116.94602966308594
2022-08-18,117.1767807006836
2022-08-19,117.04856872558594
2022-08-22,116.41612243652344
2022-08-23,114.73241424560547
2022-08-24,114.2623062133789
2022-08-25,113.57857513427734
2022-08-26,110.69831085205078
2022-08-29,110.74959564208984
2022-08-30,110.10856628417969
2022-08-31,108.98892974853516
2022-09-01,109.84361267089844
2022-09-02,108.10006713867188
2022-09-06,107.44194793701172
2022-09-07,108.92057037353516
2022-09-08,108.247802734375
2022-09-09,109.4035873413086
2022-09-12,109.4639663696289
2022-09-13,106.7469711303711
2022-09-14,105.06505584716797
2022-09-15,104.7286605834961
2022-09-16,105.24618530273438
2022-09-19,105.93621063232422
2022-09-20,104.84941101074219
2022-09-21,104.13351440429688
2022-09-22,104.11627960205078
2022-09-23,103.75399017333984
2022-09-26,102.4515609741211
2022-09-27,101.08014678955078
2022-09-28,101.0715103149414
2022-09-29,99.17394256591797
2022-09-30,97.06936645507812
2022-10-03,98.39765930175781
2022-10-04,100.25212097167969
2022-10-05,98.82894134521484
2022-10-06,96.76750183105469
2022-10-07,94.52490234375
2022-10-10,95.01655578613281
2022-10-11,96.06022644042969
2022-10-12,97.34538269042969
2022-10-13,98.82894134521484
2022-10-14,97.64727020263672
2022-10-17,98.48392486572266
2022-10-18,99.605224609375
2022-10-19,99.13944244384766
2022-10-20,96.8796157836914
2022-10-21,98.29418182373047
2022-10-24,99.93299102783203
2022-10-25,103.06398010253906
2022-10-26,103.68499755859375
2022-10-27,104.6251449584961
2022-10-28,107.19550323486328
2022-10-31,107.35075378417969
2022-11-01,107.25586700439453
2022-11-02,105.4618148803711
2022-11-03,105.24618530273438
2022-11-04,105.67742919921875
2022-11-07,107.22998809814453
2022-11-08,107.45426177978516
2022-11-09,106.80735778808594
2022-11-10,110.21436309814453
2022-11-11,109.9297103881836
2022-11-14,110.02460479736328
2022-11-15,110.5248794555664
2022-11-16,111.27528381347656
2022-11-17,111.1545181274414
2022-11-18,113.33671569824219
2022-11-21,115.13945007324219
2022-11-22,116.42459106445312
2022-11-23,115.57933044433594
2022-11-25,116.46771240234375
2022-11-28,114.98417663574219
2022-11-29,114.85481262207031
2022-11-30,116.98526763916016
2022-12-01,117.8218994140625
2022-12-02,118.96905517578125
2022-12-05,118.31352996826172
2022-12-06,117.31299591064453
2022-12-07,117.90814971923828
2022-12-08,118.96944427490234
2022-12-09,118.4823226928711
2022-12-12,120.0133285522461
2022-12-13,120.66577911376953
2022-12-14,121.00506591796875
2022-12-15,118.67367553710938
2022-12-16,117.71678924560547
2022-12-19,118.01253509521484
2022-12-20,117.76895904541016
2022-12-21,119.14344787597656
2022-12-22,119.56098937988281
2022-12-23,119.3087158203125
2022-12-27,120.37870788574219
2022-12-28,118.76068115234375
2022-12-29,119.38700866699219
2022-12-30,118.09082794189453
2023-01-03,119.27394104003906
2023-01-04,119.01295471191406
2023-01-05,117.90813446044922
2023-01-06,120.43959045410156
2023-01-09,119.1956558227539
2023-01-10,118.18653106689453
2023-01-11,118.57798767089844
2023-01-12,118.51708984375
2023-01-13,119.03033447265625
2023-01-17,119.05644226074219
2023-01-18,115.55937194824219
2023-01-19,114.96784210205078
2023-01-20,117.5514907836914
2023-01-23,116.7685775756836
2023-01-24,117.11652374267578
2023-01-25,114.880859375
2023-01-26,113.32369232177734
2023-01-27,112.14933013916016
2023-01-30,112.2102279663086
2023-01-31,113.09752655029297
2023-02-01,113.09752655029297
2023-02-02,113.24540710449219
2023-02-03,114.18492126464844
2023-02-06,113.42808532714844
2023-02-07,113.32369232177734
2023-02-08,113.08883666992188
2023-02-09,111.56647491455078
2023-02-10,112.15800476074219
2023-02-13,113.17581939697266
2023-02-14,111.85355377197266
2023-02-15,111.14891052246094
2023-02-16,110.0180435180664
2023-02-17,110.67916870117188
2023-02-21,112.41898345947266
2023-02-22,111.81006622314453
2023-02-23,110.67046356201172
2023-02-24,109.78314971923828
2023-02-27,109.82664489746094
2023-02-28,108.78275299072266
2023-03-01,108.49568939208984
2023-03-02,110.1920166015625
2023-03-03,110.03543090820312
2023-03-06,109.76576232910156
2023-03-07,107.52137756347656
2023-03-08,107.69535827636719
2023-03-09,107.68657684326172
2023-03-10,107.4494400024414
2023-03-13,108.099365234375
2023-03-14,108.5999984741211
2023-03-15,110.50588989257812
2023-03-16,111.46321105957031
2023-03-17,110.11065673828125
2023-03-20,112.84209442138672
2023-03-21,112.4380874633789
2023-03-22,111.90235137939453
2023-03-23,111.8672103881836
2023-03-24,114.59868621826172
2023-03-27,114.4581527709961
2023-03-28,115.5560302734375
2023-03-29,116.3552474975586
2023-03-30,116.82073211669922
2023-03-31,117.88346862792969
2023-04-03,118.57730102539062
2023-04-04,118.09425354003906
2023-04-05,119.148193359375
2023-04-06,119.8771743774414
2023-04-10,119.06916809082031
2023-04-11,119.43804168701172
2023-04-12,120.08795928955078
2023-04-13,120.7291259765625
2023-04-14,120.61494445800781
2023-04-17,121.75672149658203
2023-04-18,121.84455108642578
2023-04-19,121.5547103881836
2023-04-20,122.20463562011719
2023-04-21,124.3388671875
2023-04-24,125.09420013427734
2023-04-25,127.0615463256836
2023-04-26,126.13058471679688
2023-04-27,128.5634307861328
2023-04-28,127.25476837158203
2023-05-01,128.09793090820312
2023-05-02,128.12425231933594
2023-05-03,127.86080169677734
2023-05-04,126.83319091796875
2023-05-05,127.50946807861328
2023-05-08,127.12301635742188
2023-05-09,126.40284729003906
2023-05-10,125.95494079589844
2023-05-11,126.19202423095703
2023-05-12,127.04397583007812
2023-05-15,126.34136962890625
2023-05-16,127.0527572631836
2023-05-17,127.21964263916016
2023-05-18,126.29744720458984
2023-05-19,127.37772369384766
2023-05-22,123.57477569580078
2023-05-23,121.70401000976562
2023-05-24,120.89598846435547
2023-05-25,120.36023712158203
2023-05-26,119.71031188964844
2023-05-30,117.31258392333984
2023-05-31,117.93616485595703
2023-06-01,117.62875366210938
2023-06-02,119.52586364746094
2023-06-05,119.9913330078125
2023-06-06,119.11306762695312
2023-06-07,118.56852722167969
2023-06-08,119.365966796875
2023-06-09,119.17103576660156
2023-06-12,119.31278991699219
2023-06-13,119.1355972290039
2023-06-14,119.72036743164062
2023-06-15,120.78359985351562
2023-06-16,121.98858642578125
2023-06-20,120.84564208984375
2023-06-21,122.40503692626953
2023-06-22,121.82025146484375
2023-06-23,121.35951232910156
2023-06-26,120.84564208984375
2023-06-27,122.51136779785156
2023-06-28,121.35066986083984
2023-06-29,121.52787780761719
2023-06-30,122.3252944946289
2023-07-03,121.8114013671875
2023-07-05,121.95317077636719
2023-07-06,122.1569595336914
2023-07-07,119.93302917480469
2023-07-10,119.77352905273438
2023-07-11,119.80014038085938
2023-07-12,119.31278991699219
2023-07-13,119.41910552978516
2023-07-14,119.729248046875
2023-07-17,119.2064437866211
2023-07-18,118.63941955566406
2023-07-19,119.92415618896484
2023-07-20,119.49886322021484
2023-07-21,121.51901245117188
2023-07-24,121.53672790527344
2023-07-25,117.77111053466797
2023-07-26,116.85848236083984
2023-07-27,115.4674301147461
2023-07-28,115.55602264404297
2023-07-31,114.386474609375
2023-08-01,114.29785919189453
2023-08-02,114.71430206298828
2023-08-03,113.99662780761719
2023-08-04,113.20804595947266
2023-08-07,113.92573547363281
2023-08-08,113.0042724609375
2023-08-09,113.24348449707031
2023-08-10,113.21691131591797
2023-08-11,113.37638854980469
2023-08-14,112.90680694580078
2023-08-15,112.08279418945312
2023-08-16,111.94989013671875
2023-08-17,112.384033203125
2023-08-18,113.62448120117188
2023-08-21,112.260009765625
2023-08-22,113.3675308227539
2023-08-23,114.04093170166016
2023-08-24,113.8902816772461
2023-08-25,114.48394775390625
2023-08-28,114.7320327758789
2023-08-29,114.74974060058594
2023-08-30,114.70543670654297
2023-08-31,114.14724731445312
2023-09-01,112.93338775634766
2023-09-05,112.54353332519531
2023-09-06,112.16252899169922
2023-09-07,113.70085144042969
2023-09-08,114.01387786865234
2023-09-11,114.5236587524414
2023-09-12,111.643798828125
2023-09-13,111.7868881225586
2023-09-14,112.5828857421875
2023-09-15,111.80479431152344
2023-09-18,111.90318298339844
2023-09-19,111.23239135742188
2023-09-20,111.73323822021484
2023-09-21,112.03732299804688
2023-09-22,110.87464904785156
2023-09-25,110.4364242553711
2023-09-26,110.48113250732422
2023-09-27,108.80867767333984
2023-09-28,108.75501251220703
2023-09-29,108.08422088623047
2023-10-02,106.43859100341797
2023-10-03,107.81591033935547
2023-10-04,108.23625946044922
2023-10-05,105.97351837158203
2023-10-06,106.25971221923828
2023-10-09,106.0450668334961
2023-10-10,107.06463623046875
2023-10-11,106.74267578125
2023-10-12,107.10041046142578
2023-10-13,107.69070434570312
2023-10-16,108.84443664550781
2023-10-17,108.90703582763672
2023-10-18,110.39168548583984
2023-10-19,109.88190460205078
2023-10-20,110.08760070800781
2023-10-23,108.94281768798828
2023-10-24,107.77119445800781
2023-10-25,106.23287963867188
2023-10-26,107.47604370117188
2023-10-27,104.51570129394531
2023-10-30,106.89470672607422
2023-10-31,107.00203704833984
2023-11-01,106.85000610351562
2023-11-02,108.26309967041016
2023-11-03,106.77845001220703
2023-11-06,108.03056335449219
2023-11-07,107.69070434570312
2023-11-08,107.91429138183594
2023-11-09,107.43133544921875
2023-11-10,108.07527160644531
2023-11-13,108.41514587402344
2023-11-14,108.34358215332031
2023-11-15,108.71027374267578
2023-11-16,108.85337829589844
2023-11-17,108.39725494384766
2023-11-20,107.80696105957031
2023-11-21,108.71027374267578
2023-11-22,109.3989486694336
2023-11-24,109.49732208251953
2023-11-27,109.47049713134766
2023-11-28,109.10379791259766
2023-11-29,108.90703582763672
2023-11-30,110.66000366210938
2023-12-01,110.93726348876953
2023-12-04,111.05352020263672
2023-12-05,108.62083435058594
2023-12-06,109.51521301269531
2023-12-07,109.71388244628906
2023-12-08,108.31412506103516
2023-12-11,109.24429321289062
2023-12-12,109.96673583984375
2023-12-13,111.6374282836914
2023-12-14,109.12687683105469
2023-12-15,107.86259460449219
2023-12-18,108.901123046875
2023-12-19,109.06365966796875
2023-12-20,107.28463745117188
2023-12-21,107.85356903076172
2023-12-22,108.5579605102539
2023-12-26,108.44957733154297
2023-12-27,108.64826202392578
2023-12-28,109.10882568359375
2023-12-29,109.73194122314453
2024-01-02,110.49954223632812
2024-01-03,109.93964385986328
2024-01-04,110.65308380126953
2024-01-05,110.40022277832031
2024-01-08,111.26715087890625
2024-01-09,111.65547943115234
2024-01-10,111.32134246826172
2024-01-11,111.81803131103516
2024-01-12,112.13410949707031
2024-01-16,111.14073944091797
2024-01-17,111.36649322509766
2024-01-18,111.11363983154297
2024-01-19,110.86981201171875
2024-01-22,110.48149871826172
2024-01-23,112.83850860595703
2024-01-24,106.5982894897461
2024-01-25,108.81082153320312
2024-01-26,109.4249038696289
2024-01-29,109.51521301269531
2024-01-30,109.90353393554688
2024-01-31,109.24429321289062
2024-02-01,111.46583557128906
2024-02-02,110.40925598144531
2024-02-05,109.25332641601562
2024-02-06,109.56938934326172
2024-02-07,109.33460235595703
2024-02-08,108.61214447021484
2024-02-09,108.19671630859375
2024-02-12,108.4315414428711
2024-02-13,107.05886840820312
2024-02-14,106.92340850830078
2024-02-15,107.2756118774414
2024-02-16,106.82405853271484
2024-02-20,107.60070037841797
2024-02-21,108.77468872070312
2024-02-22,109.31653594970703
2024-02-23,109.84934997558594
2024-02-26,109.4791030883789
2024-02-27,109.4429702758789
2024-02-28,109.4791030883789
2024-02-29,109.4249038696289
2024-03-01,110.98721313476562
2024-03-04,111.52002716064453
2024-03-05,111.6374282836914
2024-03-06,112.71207427978516
2024-03-07,114.81875610351562
2024-03-08,114.59076690673828
2024-03-11,115.62129974365234
2024-03-12,115.55746459960938
2024-03-13,116.6427230834961
2024-03-14,113.82469940185547
2024-03-15,113.5146255493164
2024-03-18,113.2957534790039
2024-03-19,114.0435791015625
2024-03-20,113.4690170288086
2024-03-21,113.82469940185547
2024-03-22,113.93414306640625
2024-03-25,114.16213989257812
2024-03-26,114.99202728271484
2024-03-27,116.06817626953125
2024-03-28,117.9651107788086
2024-04-01,117.46351623535156
2024-04-02,116.45121002197266
2024-04-03,114.96466827392578
2024-04-04,115.36595153808594
2024-04-05,115.19267272949219
2024-04-08,114.95555877685547
2024-04-09,116.67920684814453
2024-04-10,115.96785736083984
2024-04-11,114.98292541503906
2024-04-12,112.98567199707031
2024-04-15,114.3627700805664
2024-04-16,114.25332641601562
2024-04-17,114.87347412109375
2024-04-18,114.55428314208984
2024-04-19,115.66690063476562
2024-04-22,117.58206939697266
2024-04-23,124.06626892089844
2024-04-24,125.65312194824219
2024-04-25,124.42194366455078
2024-04-26,123.33670043945312
2024-04-29,123.96595001220703
2024-04-30,124.51314544677734
2024-05-01,124.45842742919922
2024-05-02,124.48576354980469
2024-05-03,124.11185455322266
2024-05-06,124.00244140625
2024-05-07,124.01155853271484
2024-05-08,123.96595001220703
2024-05-09,124.63170623779297
2024-05-10,124.64082336425781
2024-05-13,124.29425048828125
2024-05-14,123.20903015136719
2024-05-15,122.30615997314453
2024-05-16,122.81686401367188
2024-05-17,122.4703140258789
2024-05-20,121.85926055908203
2024-05-21,121.96871948242188
2024-05-22,122.08726501464844
2024-05-23,120.2359390258789
2024-05-24,120.32716369628906
2024-05-28,117.78269958496094
2024-05-29,116.87984466552734
2024-05-30,118.25695037841797
2024-05-31,121.56743621826172
2024-06-03,123.01748657226562
2024-06-04,125.29744720458984
2024-06-05,124.7958755493164
2024-06-06,124.9417953491211
2024-06-07,123.74554443359375
2024-06-10,124.65653991699219
2024-06-11,124.8221435546875
2024-06-12,124.39888000488281
2024-06-13,128.30044555664062
2024-06-14,128.35565185546875
2024-06-17,129.239013671875
2024-06-18,130.36163330078125
2024-06-20,128.93533325195312
2024-06-21,128.33724975585938
2024-06-24,128.5489044189453
2024-06-25,127.37104797363281
2024-06-26,128.0611572265625
2024-06-27,128.22683715820312
2024-06-28,127.16861724853516
2024-07-01,126.81895446777344
2024-07-02,126.9753646850586
2024-07-03,126.54290008544922
2024-07-05,127.25141143798828
2024-07-08,128.16241455078125
2024-07-09,128.30044555664062
2024-07-10,129.55186462402344
2024-07-11,129.76351928710938
2024-07-12,130.23280334472656
2024-07-15,129.75430297851562
2024-07-16,131.08859252929688
2024-07-17,132.09156799316406
2024-07-18,132.5608367919922
2024-07-19,132.16519165039062
2024-07-22,132.6344757080078
2024-07-23,125.03379821777344
2024-07-24,129.2942352294922
2024-07-25,129.80950927734375
2024-07-26,130.49044799804688
2024-07-29,129.60708618164062
2024-07-30,125.493896484375
2024-07-31,124.2700424194336
2024-08-01,127.42625427246094
2024-08-02,128.91696166992188
2024-08-05,126.66251373291016
2024-08-06,127.9783706665039
2024-08-07,128.84335327148438
2024-08-08,129.97515869140625
2024-08-09,129.11940002441406
2024-08-12,127.26063537597656
2024-08-13,127.38945007324219
2024-08-14,129.5794677734375
2024-08-15,130.4628448486328
2024-08-16,131.08859252929688
2024-08-19,132.0087432861328
2024-08-20,132.72650146484375
2024-08-21,133.0393524169922
2024-08-22,133.05775451660156
2024-08-23,132.14678955078125
2024-08-26,132.6344757080078
2024-08-27,132.08236694335938
2024-08-28,132.37681579589844
2024-08-29,131.7879180908203
2024-08-30,133.11294555664062
2024-09-03,135.58824157714844
2024-09-04,136.5084228515625
2024-09-05,136.2323760986328
2024-09-06,136.3065948486328
2024-09-09,136.5570831298828
2024-09-10,135.69422912597656
2024-09-11,132.86434936523438
2024-09-12,132.10354614257812
2024-09-13,133.1612548828125
2024-09-16,133.79217529296875
2024-09-17,131.43551635742188
2024-09-18,130.95301818847656
2024-09-19,129.98812866210938
2024-09-20,130.59120178222656
2024-09-23,131.0179901123047
2024-09-24,130.8695526123047
2024-09-25,131.0087127685547
2024-09-26,131.91799926757812
2024-09-27,132.2519989013672
2024-09-30,132.01077270507812
2024-10-01,132.1313934326172
2024-10-02,131.52828979492188
2024-10-03,129.9324493408203
2024-10-04,130.72108459472656
2024-10-07,130.61903381347656
2024-10-08,131.76026916503906
2024-10-09,131.91799926757812
2024-10-10,130.87881469726562
2024-10-11,131.98292541503906
2024-10-14,133.17982482910156
2024-10-15,134.74786376953125
2024-10-16,135.40660095214844
2024-10-17,135.54576110839844
2024-10-18,134.91485595703125
2024-10-21,133.80149841308594
2024-10-22,127.80772399902344
2024-10-23,127.00980377197266
2024-10-24,127.12113952636719
2024-10-25,125.73867797851562
2024-10-28,125.83145904541016
2024-10-29,124.80156707763672
2024-10-30,124.70879364013672
2024-10-31,124.49537658691406
2024-11-01,124.89437866210938
2024-11-04,124.08715057373047
2024-11-05,125.09848022460938
2024-11-06,122.13871002197266
2024-11-07,122.70470428466797
2024-11-08,123.9665298461914
2024-11-11,123.64178466796875
2024-11-12,122.6026382446289
2024-11-13,122.6490249633789
2024-11-14,122.17581176757812
2024-11-15,124.4026107788086
2024-11-18,126.19330596923828
2024-11-19,125.82218933105469
2024-11-20,126.52731323242188
2024-11-21,127.13970184326172
2024-11-22,128.4293670654297
2024-11-25,129.09739685058594
2024-11-26,129.64480590820312
2024-11-27,129.1530303955078
2024-11-29,129.29226684570312
2024-12-02,129.48709106445312
2024-12-03,126.9355697631836
2024-12-04,126.91700744628906
2024-12-05,128.17884826660156
2024-12-06,126.11944580078125
2024-12-09,124.45320892333984
2024-12-10,124.5655517578125
2024-12-11,122.26275634765625
2024-12-12,122.52485656738281
2024-12-13,122.94610595703125
2024-12-16,122.9648208618164
2024-12-17,122.75888061523438
2024-12-18,122.03810119628906
2024-12-19,123.04906463623047
2024-12-20,122.92738342285156
2024-12-23,123.03971862792969
2024-12-24,123.73241424560547
2024-12-26,124.62171173095703
2024-12-27,123.37671661376953
2024-12-30,122.27212524414062
2024-12-31,122.66526794433594
2025-01-02,122.28148651123047
2025-01-03,121.46708679199219
2025-01-06,118.0597152709961
2025-01-07,119.164306640625
2025-01-08,118.66816711425781
2025-01-10,116.50579833984375
2025-01-13,117.413818359375
2025-01-14,118.11588287353516
2025-01-15,117.53550720214844
2025-01-16,118.55584716796875
2025-01-17,119.08941650390625
2025-01-21,118.43415069580078
2025-01-22,118.0597152709961
2025-01-23,118.91156005859375
2025-01-24,120.203369140625
2025-01-27,123.01163482666016
2025-01-28,121.16754150390625
2025-01-29,121.38284301757812
2025-01-30,122.4874267578125
2025-01-31,121.6636734008789
2025-02-03,122.11299133300781
2025-02-04,121.03648376464844
2025-02-05,120.98967742919922
2025-02-06,120.4654769897461
2025-02-07,121.97257995605469
2025-02-10,123.03033447265625
2025-02-11,124.67788696289062
2025-02-12,125.32378387451172
2025-02-13,126.70919799804688
2025-02-14,124.19110870361328
2025-02-18,126.9712905883789
2025-02-19,129.11492919921875
2025-02-20,130.08847045898438
2025-02-21,131.29603576660156
2025-02-24,131.09010314941406
2025-02-25,132.26954650878906
2025-02-26,130.26632690429688
2025-02-27,131.2305145263672
2025-02-28,132.9342041015625
2025-03-03,134.1885528564453
2025-03-04,132.11978149414062
2025-03-05,132.57847595214844
2025-03-06,133.30862426757812
2025-03-07,136.74639892578125
2025-03-10,139.21141052246094
2025-03-11,136.08529663085938
2025-03-12,132.19419860839844
2025-03-13,132.35475158691406
2025-03-14,131.88250732421875
2025-03-17,132.1375274658203
2025-03-18,131.7786407470703
2025-03-19,131.8919677734375
2025-03-20,131.3536376953125
2025-03-21,130.96640014648438
2025-03-24,130.16363525390625
2025-03-25,129.37974548339844
2025-03-26,131.8541717529297
2025-03-27,132.7514190673828
2025-03-28,132.89308166503906
2025-03-31,134.31918334960938
2025-04-01,135.0841827392578
2025-04-02,134.96141052246094
2025-04-03,137.1525421142578
2025-04-04,130.24862670898438
2025-04-07,127.06584167480469
2025-04-08,125.8758316040039
2025-04-09,127.64195251464844
2025-04-10,129.8519744873047
2025-04-11,131.995849609375
2025-04-14,134.6403045654297
2025-04-15,133.61085510253906
2025-04-16,131.93919372558594
2025-04-17,134.87640380859375
2025-04-21,132.2886505126953
2025-04-22,130.25807189941406
2025-04-23,125.9891586303711
2025-04-24,124.98805236816406
2025-04-25,124.2986068725586
2025-04-28,123.6280517578125
2025-04-29,123.29749298095703
2025-04-30,124.45916748046875
2025-05-01,122.6552734375
2025-05-02,123.1086196899414
2025-05-05,123.6280517578125
2025-05-06,125.39417266845703
2025-05-07,126.16860961914062
2025-05-08,126.12138366699219
2025-05-09,125.65861511230469
2025-05-12,129.07749938964844
2025-05-13,126.58416748046875
2025-05-14,126.09304809570312
2025-05-15,129.71974182128906
2025-05-16,131.3441619873047
2025-05-19,132.96861267089844
2025-05-20,133.761962890625
2025-05-21,133.2330780029297
2025-05-22,131.98641967773438
2025-05-23,133.6864013671875
2025-05-27,134.9141845703125
2025-05-28,134.75363159179688
2025-05-29,135.8491668701172
2025-05-30,135.7736358642578
2025-06-02,133.8091583251953
2025-06-03,131.75030517578125
2025-06-04,130.73973083496094
2025-06-05,127.78363037109375
2025-06-06,127.31649017333984
2025-06-09,126.49663543701172
2025-06-10,126.83028411865234
2025-06-11,126.649169921875
2025-06-12,127.64060974121094
2025-06-13,124.73297119140625
2025-06-16,124.57091522216797
2025-06-17,122.91211700439453
2025-06-18,121.98739624023438
2025-06-20,122.30199432373047
2025-06-23,124.0561294555664
2025-06-24,123.88451385498047
2025-06-25,122.16852569580078
2025-06-26,120.919677734375
2025-06-27,121.9206771850586
2025-06-30,122.90260314941406
2025-07-01,125.46703338623047
2025-07-02,126.18204498291016
2025-07-03,125.95323181152344
2025-07-07,125.50515747070312
2025-07-08,125.26683807373047
2025-07-09,125.3526382446289
2025-07-10,125.79117584228516
2025-07-11,123.34113311767578
2025-07-14,121.51074981689453
2025-07-15,120.83387756347656
2025-07-16,121.67280578613281
2025-07-17,121.93973541259766
2025-07-18,121.57746887207031
2025-07-21,120.7957534790039
2025-07-22,122.8740005493164
2025-07-23,121.76815032958984
2025-07-24,121.78720092773438
2025-07-25,121.43447875976562
2025-07-28,120.93875122070312
2025-07-29,121.95880126953125
2025-07-30,119.44203186035156
2025-07-31,118.80329895019531
2025-08-01,124.54232025146484
2025-08-04,126.92562103271484
2025-08-05,127.9456787109375
2025-08-06,130.30038452148438
2025-08-07,130.3861846923828
2025-08-08,129.80467224121094
2025-08-11,127.88847351074219
2025-08-12,127.40228271484375
2025-08-13,128.51768493652344
2025-08-14,127.16395568847656
2025-08-15,126.7349624633789
2025-08-18,125.20010375976562
2025-08-19,126.74449157714844
2025-08-20,127.0400161743164
2025-08-21,126.76355743408203
2025-08-22,127.25929260253906
2025-08-25,124.64718627929688
2025-08-26,123.75106048583984
2025-08-27,124.13240051269531
2025-08-28,122.71192932128906
2025-08-29,123.1123275756836
2025-09-02,122.82633209228516
2025-09-03,122.02554321289062
2025-09-04,123.14092254638672
2025-09-05,125.04711151123047
2025-09-08,124.94120788574219
2025-09-09,126.08683013916016
2025-09-10,123.23719787597656
2025-09-11,124.64276885986328
2025-09-12,123.21794128417969
2025-09-15,120.79190826416016
2025-09-16,120.37793731689453
2025-09-17,120.90742492675781
2025-09-18,120.83041381835938
2025-09-19,119.97359466552734
2025-09-22,119.44410705566406
2025-09-23,119.20342254638672
2025-09-24,119.30931854248047
2025-09-25,117.18171691894531
2025-09-26,117.6727066040039
2025-09-29,118.08667755126953
2025-09-30,119.70402526855469
2025-10-01,118.63542175292969
2025-10-02,118.04816436767578
2025-10-03,118.00965881347656
2025-10-06,116.04571533203125
2025-10-07,117.76897430419922
2025-10-08,115.16963958740234
2025-10-09,115.0926284790039
2025-10-10,115.11187744140625
2025-10-13,114.82305908203125
2025-10-14,115.68950653076172
2025-10-15,115.44883728027344
2025-10-16,115.23703002929688
2025-10-17,116.91216278076172
2025-10-20,116.19974517822266
2025-10-21,115.57398986816406
2025-10-22,115.72801971435547
2025-10-23,114.33208465576172
2025-10-24,114.4957504272461
2025-10-27,116.12273406982422
2025-10-28,116.16124725341797
2025-10-29,112.36814880371094
2025-10-30,115.72801971435547
2025-10-31,115.24665832519531
2025-11-03,98.4569091796875
2025-11-04,96.8876724243164
2025-11-05,96.3196792602539
2025-11-06,97.01282501220703
2025-11-07,99.97799682617188
2025-11-10,99.24632263183594
2025-11-11,99.18856048583984
2025-11-12,100.23793029785156
2025-11-13,100.55561828613281
2025-11-14,100.14165496826172
2025-11-17,99.79508209228516
2025-11-18,99.40036010742188
2025-11-19,98.55317687988281
2025-11-20,99.891357421875
2025-11-21,101.25840759277344
2025-11-24,101.11399841308594
2025-11-25,102.05746459960938
2025-11-26,104.25244903564453
2025-11-28,105.05150604248047
2025-12-01,104.49312591552734
2025-12-02,102.96240997314453
2025-12-03,102.17298889160156
2025-12-04,101.02735900878906
2025-12-05,100.32577514648438
2025-12-08,99.24417114257812
2025-12-09,100.257568359375
2025-12-10,100.50116729736328
2025-12-11,100.80323791503906
2025-12-12,100.51091766357422
2025-12-15,100.16987609863281
2025-12-16,99.9165267944336
2025-12-17,100.30628967285156
2025-12-18,98.91287994384766
2025-12-19,98.07488250732422
2025-12-22,97.22714233398438
2025-12-23,97.54869842529297
2025-12-24,98.49388122558594
2025-12-26,98.41592407226562
2025-12-29,98.44515991210938
2025-12-30,98.97134399414062
2025-12-31,98.3087387084961
2026-01-02,98.80569458007812
2026-01-05,95.5608901977539
2026-01-06,95.14189147949219
2026-01-07,95.06393432617188
2026-01-08,96.34042358398438
2026-01-09,95.41472625732422
2026-01-12,95.75576782226562
2026-01-13,96.20401000976562
2026-01-14,96.6132583618164
2026-01-15,97.84102630615234
2026-01-16,96.7789077758789
2026-01-20,98.88365173339844
2026-01-21,97.46099853515625
2026-01-22,99.57547760009766
2026-01-23,99.61445617675781
2026-01-26,98.5523452758789
2026-01-27,98.06513214111328
2026-01-28,96.99327850341797
2026-01-29,96.13580322265625
2026-01-30,97.4317626953125
2026-02-02,96.95429992675781
2026-02-03,98.19180297851562
2026-02-04,100.56938171386719
2026-02-05,101.59252166748047
2026-02-06,101.66072845458984
2026-02-09,102.02125549316406
2026-02-10,103.17106628417969
2026-02-11,104.84706115722656
2026-02-12,105.49018096923828
2026-02-13,106.61075592041016
2026-02-17,104.76911163330078
2026-02-18,107.08822631835938
2026-02-19,105.8994369506836
2026-02-20,106.23072814941406
2026-02-23,107.6826171875
2026-02-24,108.26726531982422
2026-02-25,106.4158706665039
2026-02-26,107.55593872070312
2026-02-27,108.58882141113281
2026-03-02,106.93230438232422
2026-03-03,101.9627914428711
2026-03-04,102.05049133300781
2026-03-05,102.22589111328125
2026-03-06,103.16301727294922
2026-03-09,101.45645904541016
2026-03-10,100.33190155029297
2026-03-11,98.68453216552734
2026-03-12,96.49461364746094
2026-03-13,97.50078582763672
2026-03-16,98.90155029296875
2026-03-17,99.11857604980469
2026-03-18,97.38241577148438
2026-03-19,97.24431610107422
2026-03-20,96.86946105957031
2026-03-23,98.10252380371094
2026-03-24,97.57970428466797
2026-03-25,98.01374816894531
2026-03-26,97.51065063476562
2026-03-27,97.32323455810547
2026-03-30,95.04452514648438
2026-03-31,95.16290283203125
2026-04-01,96.24800109863281
2026-04-02,94.82750701904297
2026-04-06,95.67585754394531
2026-04-07,91.78924560546875
2026-04-08,95.68572235107422
2026-04-09,96.6327133178711
2026-04-10,95.96192932128906
2026-04-13,95.2911376953125
2026-04-14,95.84355926513672
2026-04-15,95.498291015625
2026-04-16,96.642578125
2026-04-17,97.50078582763672
2026-04-20,97.2048568725586
2026-04-21,95.2911376953125
2026-04-22,95.4391098022461
2026-04-23,96.60311889648438
2026-04-24,96.52420043945312
2026-04-27,96.91878509521484
2026-04-28,97.10620880126953
2026-04-29,94.79791259765625
2026-04-30,97.09634399414062
2026-05-01,96.34664154052734
2026-05-04,94.35401153564453
2026-05-05,95.88301086425781
2026-05-06,97.84605407714844
2026-05-07,98.21102905273438
2026-05-08,96.97796630859375
2026-05-11,94.4526596069336
2026-05-12,96.02111053466797
2026-05-13,95.72518157958984
2026-05-14,95.36019134521484
2026-05-15,94.6104965209961
2026-05-18,95.2319564819336
2026-05-19,95.16290283203125
2026-05-20,96.228271484375
2026-05-21,97.39228057861328
2026-05-22,97.79672241210938
2026-05-26,97.43173217773438
2026-05-27,98.8226318359375
2026-05-28,98.78317260742188
2026-05-29,96.277587890625
2026-06-01,96.62284851074219
2026-06-02,96.16908264160156
2026-06-03,93.47607421875
2026-06-04,93.19000244140625
2026-06-05,99.04000091552734
2026-06-08,97.75
2026-06-09,100.5199966430664
2026-06-10,101.58000183105469
2026-06-11,101.54000091552734
2026-06-12,102.29000091552734
2026-06-15,103.13999938964844
2026-06-16,104.27999877929688
2026-06-17,101.47000122070312
2026-06-18,102.55999755859375
2026-06-22,100.5
2026-06-23,103.94999694824219
2026-06-24,106.7300033569336
2026-06-25,108.0999984741211
2026-06-26,109.37000274658203
2026-06-29,109.91000366210938
2026-06-30,109.7699966430664
2026-07-01,111.44000244140625
2026-07-02,114.72000122070312
2026-07-06,113.01000213623047
2026-07-07,114.73999786376953
2026-07-08,110.9800033569336
2026-07-09,109.93000030517578
2026-07-10,112.41000366210938
2026-07-13,110.18000030517578
2026-07-14,106.81999969482422
2026-07-15,106.52999877929688
2026-07-16,108.98999786376953
2026-07-17,108.3499984741211
2026-07-20,108.4800033569336
2026-07-21,108.05000305175781
2026-07-22,108.87999725341797
2026-07-23,107.30999755859375
2026-07-24,109.69999694824219
