=== [paper_sync_all] piggy-back fire at 2026-05-11T11:00:01.776992+00:00 ===
=== paper-sync-all 2026-05-11 19:00:02 ===
  crypto-fear-channel       skip             supabase_newer
  garch-x-vix               skip             supabase_newer
  leverage-direction        skip             supabase_newer
  prg-periodic-garch        skip             supabase_newer
  taiwan-vt                 skip             supabase_newer
  vix-sufficiency           skip             supabase_newer
  volatility-absorption     skip             supabase_newer
  vt-crowding-abm           skip             supabase_newer
  vt-insurance-cost         skip             supabase_newer
  vt-trend-following        skip             supabase_newer
Sync complete {'skip': 10}
JSON: {"action": "paper_sync_all", "summary": {"skip": 10}, "results": 
[{"paper_id": "crypto-fear-channel", "action": "skip", "reason": 
"supabase_newer"}, {"paper_id": "garch-x-vix", "action": "skip", "reason": 
"supabase_newer"}, {"paper_id": "leverage-direction", "action": "skip", 
"reason": "supabase_newer"}, {"paper_id": "prg-periodic-garch", "action": 
"skip", "reason": "supabase_newer"}, {"paper_id": "taiwan-vt", "action": "skip",
"reason": "supabase_newer"}, {"paper_id": "vix-sufficiency", "action": "skip", 
"reason": "supabase_newer"}, {"paper_id": "volatility-absorption", "action": 
"skip", "reason": "supabase_newer"}, {"paper_id": "vt-crowding-abm", "action": 
"skip", "reason": "supabase_newer"}, {"paper_id": "vt-insurance-cost", "action":
"skip", "reason": "supabase_newer"}, {"paper_id": "vt-trend-following", 
"action": "skip", "reason": "supabase_newer"}]}
=== [paper_sync_all] exit 0 at 2026-05-11T11:00:03.127795+00:00 (duration=1.4s) ===
=== [paper_sync_all] piggy-back fire at 2026-05-11T16:00:01.267690+00:00 ===
=== paper-sync-all 2026-05-12 00:00:01 ===
  crypto-fear-channel       skip             supabase_newer
  garch-x-vix               skip             supabase_newer
  leverage-direction        skip             supabase_newer
  prg-periodic-garch        skip             supabase_newer
  taiwan-vt                 skip             supabase_newer
  vix-sufficiency           skip             supabase_newer
  volatility-absorption     skip             supabase_newer
  vt-crowding-abm           skip             supabase_newer
  vt-insurance-cost         skip             supabase_newer
  vt-trend-following        skip             supabase_newer
Sync complete {'skip': 10}
JSON: {"action": "paper_sync_all", "summary": {"skip": 10}, "results": 
[{"paper_id": "crypto-fear-channel", "action": "skip", "reason": 
"supabase_newer"}, {"paper_id": "garch-x-vix", "action": "skip", "reason": 
"supabase_newer"}, {"paper_id": "leverage-direction", "action": "skip", 
"reason": "supabase_newer"}, {"paper_id": "prg-periodic-garch", "action": 
"skip", "reason": "supabase_newer"}, {"paper_id": "taiwan-vt", "action": "skip",
"reason": "supabase_newer"}, {"paper_id": "vix-sufficiency", "action": "skip", 
"reason": "supabase_newer"}, {"paper_id": "volatility-absorption", "action": 
"skip", "reason": "supabase_newer"}, {"paper_id": "vt-crowding-abm", "action": 
"skip", "reason": "supabase_newer"}, {"paper_id": "vt-insurance-cost", "action":
"skip", "reason": "supabase_newer"}, {"paper_id": "vt-trend-following", 
"action": "skip", "reason": "supabase_newer"}]}
=== [paper_sync_all] exit 0 at 2026-05-11T16:00:01.827534+00:00 (duration=0.6s) ===
=== [paper_sync_all] piggy-back fire at 2026-05-11T22:00:01.674036+00:00 ===
=== paper-sync-all 2026-05-12 06:00:01 ===
=== [paper_sync_all] piggy-back fire at 2026-05-11T22:00:01.802949+00:00 ===
=== paper-sync-all 2026-05-12 06:00:01 ===
  crypto-fear-channel       skip             supabase_newer
  garch-x-vix               skip             supabase_newer
  leverage-direction        skip             supabase_newer
  prg-periodic-garch        skip             supabase_newer
  taiwan-vt                 skip             supabase_newer
  vix-sufficiency           skip             supabase_newer
  volatility-absorption     skip             supabase_newer
  vt-crowding-abm           skip             supabase_newer
  vt-insurance-cost         skip             supabase_newer
  vt-trend-following        skip             supabase_newer
Sync complete {'skip': 10}
JSON: {"action": "paper_sync_all", "summary": {"skip": 10}, "results": 
[{"paper_id": "crypto-fear-channel", "action": "skip", "reason": 
"supabase_newer"}, {"paper_id": "garch-x-vix", "action": "skip", "reason": 
"supabase_newer"}, {"paper_id": "leverage-direction", "action": "skip", 
"reason": "supabase_newer"}, {"paper_id": "prg-periodic-garch", "action": 
"skip", "reason": "supabase_newer"}, {"paper_id": "taiwan-vt", "action": "skip",
"reason": "supabase_newer"}, {"paper_id": "vix-sufficiency", "action": "skip", 
"reason": "supabase_newer"}, {"paper_id": "volatility-absorption", "action": 
"skip", "reason": "supabase_newer"}, {"paper_id": "vt-crowding-abm", "action": 
"skip", "reason": "supabase_newer"}, {"paper_id": "vt-insurance-cost", "action":
"skip", "reason": "supabase_newer"}, {"paper_id": "vt-trend-following", 
"action": "skip", "reason": "supabase_newer"}]}
=== [paper_sync_all] exit 0 at 2026-05-11T22:00:02.401595+00:00 (duration=0.7s) ===
  crypto-fear-channel       skip             supabase_newer
  garch-x-vix               skip             supabase_newer
  leverage-direction        skip             supabase_newer
  prg-periodic-garch        skip             supabase_newer
  taiwan-vt                 skip             supabase_newer
  vix-sufficiency           skip             supabase_newer
  volatility-absorption     skip             supabase_newer
  vt-crowding-abm           skip             supabase_newer
  vt-insurance-cost         skip             supabase_newer
  vt-trend-following        skip             supabase_newer
Sync complete {'skip': 10}
JSON: {"action": "paper_sync_all", "summary": {"skip": 10}, "results": 
[{"paper_id": "crypto-fear-channel", "action": "skip", "reason": 
"supabase_newer"}, {"paper_id": "garch-x-vix", "action": "skip", "reason": 
"supabase_newer"}, {"paper_id": "leverage-direction", "action": "skip", 
"reason": "supabase_newer"}, {"paper_id": "prg-periodic-garch", "action": 
"skip", "reason": "supabase_newer"}, {"paper_id": "taiwan-vt", "action": "skip",
"reason": "supabase_newer"}, {"paper_id": "vix-sufficiency", "action": "skip", 
"reason": "supabase_newer"}, {"paper_id": "volatility-absorption", "action": 
"skip", "reason": "supabase_newer"}, {"paper_id": "vt-crowding-abm", "action": 
"skip", "reason": "supabase_newer"}, {"paper_id": "vt-insurance-cost", "action":
"skip", "reason": "supabase_newer"}, {"paper_id": "vt-trend-following", 
"action": "skip", "reason": "supabase_newer"}]}
=== [paper_sync_all] exit 0 at 2026-05-11T22:00:02.491107+00:00 (duration=0.7s) ===
=== [paper_sync_all] piggy-back fire at 2026-05-12T04:00:00.813116+00:00 ===
=== paper-sync-all 2026-05-12 12:00:00 ===
  crypto-fear-channel       skip             supabase_newer
  garch-x-vix               skip             supabase_newer
  leverage-direction        skip             supabase_newer
  prg-periodic-garch        skip             supabase_newer
  taiwan-vt                 skip             supabase_newer
  vix-sufficiency           skip             supabase_newer
  volatility-absorption     skip             supabase_newer
  vt-crowding-abm           skip             supabase_newer
  vt-insurance-cost         skip             supabase_newer
  vt-trend-following        skip             supabase_newer
Sync complete {'skip': 10}
JSON: {"action": "paper_sync_all", "summary": {"skip": 10}, "results": 
[{"paper_id": "crypto-fear-channel", "action": "skip", "reason": 
"supabase_newer"}, {"paper_id": "garch-x-vix", "action": "skip", "reason": 
"supabase_newer"}, {"paper_id": "leverage-direction", "action": "skip", 
"reason": "supabase_newer"}, {"paper_id": "prg-periodic-garch", "action": 
"skip", "reason": "supabase_newer"}, {"paper_id": "taiwan-vt", "action": "skip",
"reason": "supabase_newer"}, {"paper_id": "vix-sufficiency", "action": "skip", 
"reason": "supabase_newer"}, {"paper_id": "volatility-absorption", "action": 
"skip", "reason": "supabase_newer"}, {"paper_id": "vt-crowding-abm", "action": 
"skip", "reason": "supabase_newer"}, {"paper_id": "vt-insurance-cost", "action":
"skip", "reason": "supabase_newer"}, {"paper_id": "vt-trend-following", 
"action": "skip", "reason": "supabase_newer"}]}
=== [paper_sync_all] exit 0 at 2026-05-12T04:00:01.332430+00:00 (duration=0.5s) ===
=== [paper_sync_all] piggy-back fire at 2026-05-12T10:00:00.670808+00:00 ===
=== paper-sync-all 2026-05-12 18:00:00 ===
  crypto-fear-channel       skip             supabase_newer
  garch-x-vix               skip             supabase_newer
  leverage-direction        updated          2026-05-12T10:00:03.235498+00:00
  prg-periodic-garch        skip             supabase_newer
  taiwan-vt                 updated          2026-05-12T10:00:04.740243+00:00
  vix-sufficiency           skip             supabase_newer
  volatility-absorption     skip             supabase_newer
  vt-crowding-abm           skip             supabase_newer
  vt-insurance-cost         skip             supabase_newer
  vt-trend-following        skip             supabase_newer
Sync complete {'skip': 8, 'updated': 2}
JSON: {"action": "paper_sync_all", "summary": {"skip": 8, "updated": 2}, 
"results": [{"paper_id": "crypto-fear-channel", "action": "skip", "reason": 
"supabase_newer"}, {"paper_id": "garch-x-vix", "action": "skip", "reason": 
"supabase_newer"}, {"paper_id": "leverage-direction", "action": "updated", 
"pages": 63, "citations": 57, "updated_at": "2026-05-12T10:00:03.235498+00:00"},
{"paper_id": "prg-periodic-garch", "action": "skip", "reason": 
"supabase_newer"}, {"paper_id": "taiwan-vt", "action": "updated", "pages": 60, 
"citations": 30, "updated_at": "2026-05-12T10:00:04.740243+00:00"}, {"paper_id":
"vix-sufficiency", "action": "skip", "reason": "supabase_newer"}, {"paper_id": 
"volatility-absorption", "action": "skip", "reason": "supabase_newer"}, 
{"paper_id": "vt-crowding-abm", "action": "skip", "reason": "supabase_newer"}, 
{"paper_id": "vt-insurance-cost", "action": "skip", "reason": "supabase_newer"},
{"paper_id": "vt-trend-following", "action": "skip", "reason": 
"supabase_newer"}]}
=== [paper_sync_all] exit 0 at 2026-05-12T10:00:05.113764+00:00 (duration=4.4s) ===
=== [paper_sync_all] piggy-back fire at 2026-05-12T16:00:00.608845+00:00 ===
=== paper-sync-all 2026-05-13 00:00:00 ===
  crypto-fear-channel       skip             supabase_newer
  garch-x-vix               skip             supabase_newer
  leverage-direction        skip             supabase_newer
  prg-periodic-garch        skip             supabase_newer
  taiwan-vt                 skip             supabase_newer
  vix-sufficiency           skip             supabase_newer
  volatility-absorption     skip             supabase_newer
  vt-crowding-abm           skip             supabase_newer
  vt-insurance-cost         skip             supabase_newer
  vt-trend-following        skip             supabase_newer
Sync complete {'skip': 10}
JSON: {"action": "paper_sync_all", "summary": {"skip": 10}, "results": 
[{"paper_id": "crypto-fear-channel", "action": "skip", "reason": 
"supabase_newer"}, {"paper_id": "garch-x-vix", "action": "skip", "reason": 
"supabase_newer"}, {"paper_id": "leverage-direction", "action": "skip", 
"reason": "supabase_newer"}, {"paper_id": "prg-periodic-garch", "action": 
"skip", "reason": "supabase_newer"}, {"paper_id": "taiwan-vt", "action": "skip",
"reason": "supabase_newer"}, {"paper_id": "vix-sufficiency", "action": "skip", 
"reason": "supabase_newer"}, {"paper_id": "volatility-absorption", "action": 
"skip", "reason": "supabase_newer"}, {"paper_id": "vt-crowding-abm", "action": 
"skip", "reason": "supabase_newer"}, {"paper_id": "vt-insurance-cost", "action":
"skip", "reason": "supabase_newer"}, {"paper_id": "vt-trend-following", 
"action": "skip", "reason": "supabase_newer"}]}
=== [paper_sync_all] exit 0 at 2026-05-12T16:00:01.323687+00:00 (duration=0.7s) ===
=== [paper_sync_all] piggy-back fire at 2026-05-12T22:00:01.050083+00:00 ===
=== paper-sync-all 2026-05-13 06:00:01 ===
  crypto-fear-channel       skip             supabase_newer
  garch-x-vix               skip             supabase_newer
  leverage-direction        skip             supabase_newer
  prg-periodic-garch        skip             supabase_newer
  taiwan-vt                 skip             supabase_newer
  vix-sufficiency           skip             supabase_newer
  volatility-absorption     skip             supabase_newer
  vt-crowding-abm           skip             supabase_newer
  vt-insurance-cost         skip             supabase_newer
  vt-trend-following        skip             supabase_newer
Sync complete {'skip': 10}
JSON: {"action": "paper_sync_all", "summary": {"skip": 10}, "results": 
[{"paper_id": "crypto-fear-channel", "action": "skip", "reason": 
"supabase_newer"}, {"paper_id": "garch-x-vix", "action": "skip", "reason": 
"supabase_newer"}, {"paper_id": "leverage-direction", "action": "skip", 
"reason": "supabase_newer"}, {"paper_id": "prg-periodic-garch", "action": 
"skip", "reason": "supabase_newer"}, {"paper_id": "taiwan-vt", "action": "skip",
"reason": "supabase_newer"}, {"paper_id": "vix-sufficiency", "action": "skip", 
"reason": "supabase_newer"}, {"paper_id": "volatility-absorption", "action": 
"skip", "reason": "supabase_newer"}, {"paper_id": "vt-crowding-abm", "action": 
"skip", "reason": "supabase_newer"}, {"paper_id": "vt-insurance-cost", "action":
"skip", "reason": "supabase_newer"}, {"paper_id": "vt-trend-following", 
"action": "skip", "reason": "supabase_newer"}]}
=== [paper_sync_all] exit 0 at 2026-05-12T22:00:01.806031+00:00 (duration=0.8s) ===
=== [paper_sync_all] piggy-back fire at 2026-05-13T04:00:01.182468+00:00 ===
=== paper-sync-all 2026-05-13 12:00:01 ===
  crypto-fear-channel       skip             supabase_newer
  garch-x-vix               skip             supabase_newer
  leverage-direction        skip             supabase_newer
  prg-periodic-garch        skip             supabase_newer
  taiwan-vt                 skip             supabase_newer
  vix-sufficiency           skip             supabase_newer
  volatility-absorption     skip             supabase_newer
  vt-crowding-abm           skip             supabase_newer
  vt-insurance-cost         skip             supabase_newer
  vt-trend-following        skip             supabase_newer
Sync complete {'skip': 10}
JSON: {"action": "paper_sync_all", "summary": {"skip": 10}, "results": 
[{"paper_id": "crypto-fear-channel", "action": "skip", "reason": 
"supabase_newer"}, {"paper_id": "garch-x-vix", "action": "skip", "reason": 
"supabase_newer"}, {"paper_id": "leverage-direction", "action": "skip", 
"reason": "supabase_newer"}, {"paper_id": "prg-periodic-garch", "action": 
"skip", "reason": "supabase_newer"}, {"paper_id": "taiwan-vt", "action": "skip",
"reason": "supabase_newer"}, {"paper_id": "vix-sufficiency", "action": "skip", 
"reason": "supabase_newer"}, {"paper_id": "volatility-absorption", "action": 
"skip", "reason": "supabase_newer"}, {"paper_id": "vt-crowding-abm", "action": 
"skip", "reason": "supabase_newer"}, {"paper_id": "vt-insurance-cost", "action":
"skip", "reason": "supabase_newer"}, {"paper_id": "vt-trend-following", 
"action": "skip", "reason": "supabase_newer"}]}
=== [paper_sync_all] exit 0 at 2026-05-13T04:00:01.873067+00:00 (duration=0.7s) ===
=== [paper_sync_all] piggy-back fire at 2026-05-13T10:00:01.194421+00:00 ===
=== paper-sync-all 2026-05-13 18:00:01 ===
  crypto-fear-channel       skip             supabase_newer
  garch-x-vix               skip             supabase_newer
  leverage-direction        skip             supabase_newer
  prg-periodic-garch        skip             supabase_newer
  taiwan-vt                 skip             supabase_newer
  vix-sufficiency           skip             supabase_newer
  volatility-absorption     skip             supabase_newer
  vt-crowding-abm           skip             supabase_newer
  vt-insurance-cost         skip             supabase_newer
  vt-trend-following        skip             supabase_newer
Sync complete {'skip': 10}
JSON: {"action": "paper_sync_all", "summary": {"skip": 10}, "results": 
[{"paper_id": "crypto-fear-channel", "action": "skip", "reason": 
"supabase_newer"}, {"paper_id": "garch-x-vix", "action": "skip", "reason": 
"supabase_newer"}, {"paper_id": "leverage-direction", "action": "skip", 
"reason": "supabase_newer"}, {"paper_id": "prg-periodic-garch", "action": 
"skip", "reason": "supabase_newer"}, {"paper_id": "taiwan-vt", "action": "skip",
"reason": "supabase_newer"}, {"paper_id": "vix-sufficiency", "action": "skip", 
"reason": "supabase_newer"}, {"paper_id": "volatility-absorption", "action": 
"skip", "reason": "supabase_newer"}, {"paper_id": "vt-crowding-abm", "action": 
"skip", "reason": "supabase_newer"}, {"paper_id": "vt-insurance-cost", "action":
"skip", "reason": "supabase_newer"}, {"paper_id": "vt-trend-following", 
"action": "skip", "reason": "supabase_newer"}]}
=== [paper_sync_all] exit 0 at 2026-05-13T10:00:01.908165+00:00 (duration=0.7s) ===
=== [paper_sync_all] piggy-back fire at 2026-05-13T16:00:00.914650+00:00 ===
=== paper-sync-all 2026-05-14 00:00:00 ===
  crypto-fear-channel       skip             supabase_newer
  garch-x-vix               skip             supabase_newer
  leverage-direction        skip             supabase_newer
  prg-periodic-garch        skip             supabase_newer
  taiwan-vt                 skip             supabase_newer
  vix-sufficiency           skip             supabase_newer
  volatility-absorption     skip             supabase_newer
  vt-crowding-abm           skip             supabase_newer
  vt-insurance-cost         skip             supabase_newer
  vt-trend-following        skip             supabase_newer
Sync complete {'skip': 10}
JSON: {"action": "paper_sync_all", "summary": {"skip": 10}, "results": 
[{"paper_id": "crypto-fear-channel", "action": "skip", "reason": 
"supabase_newer"}, {"paper_id": "garch-x-vix", "action": "skip", "reason": 
"supabase_newer"}, {"paper_id": "leverage-direction", "action": "skip", 
"reason": "supabase_newer"}, {"paper_id": "prg-periodic-garch", "action": 
"skip", "reason": "supabase_newer"}, {"paper_id": "taiwan-vt", "action": "skip",
"reason": "supabase_newer"}, {"paper_id": "vix-sufficiency", "action": "skip", 
"reason": "supabase_newer"}, {"paper_id": "volatility-absorption", "action": 
"skip", "reason": "supabase_newer"}, {"paper_id": "vt-crowding-abm", "action": 
"skip", "reason": "supabase_newer"}, {"paper_id": "vt-insurance-cost", "action":
"skip", "reason": "supabase_newer"}, {"paper_id": "vt-trend-following", 
"action": "skip", "reason": "supabase_newer"}]}
=== [paper_sync_all] exit 0 at 2026-05-13T16:00:01.663935+00:00 (duration=0.7s) ===
=== [paper_sync_all] piggy-back fire at 2026-05-13T22:00:01.542013+00:00 ===
=== paper-sync-all 2026-05-14 06:00:01 ===
  crypto-fear-channel       skip             supabase_newer
  garch-x-vix               skip             supabase_newer
  leverage-direction        skip             supabase_newer
  prg-periodic-garch        skip             supabase_newer
  taiwan-vt                 skip             supabase_newer
  vix-sufficiency           skip             supabase_newer
  volatility-absorption     skip             supabase_newer
  vt-crowding-abm           skip             supabase_newer
  vt-insurance-cost         skip             supabase_newer
  vt-trend-following        skip             supabase_newer
Sync complete {'skip': 10}
JSON: {"action": "paper_sync_all", "summary": {"skip": 10}, "results": 
[{"paper_id": "crypto-fear-channel", "action": "skip", "reason": 
"supabase_newer"}, {"paper_id": "garch-x-vix", "action": "skip", "reason": 
"supabase_newer"}, {"paper_id": "leverage-direction", "action": "skip", 
"reason": "supabase_newer"}, {"paper_id": "prg-periodic-garch", "action": 
"skip", "reason": "supabase_newer"}, {"paper_id": "taiwan-vt", "action": "skip",
"reason": "supabase_newer"}, {"paper_id": "vix-sufficiency", "action": "skip", 
"reason": "supabase_newer"}, {"paper_id": "volatility-absorption", "action": 
"skip", "reason": "supabase_newer"}, {"paper_id": "vt-crowding-abm", "action": 
"skip", "reason": "supabase_newer"}, {"paper_id": "vt-insurance-cost", "action":
"skip", "reason": "supabase_newer"}, {"paper_id": "vt-trend-following", 
"action": "skip", "reason": "supabase_newer"}]}
=== [paper_sync_all] exit 0 at 2026-05-13T22:00:02.252206+00:00 (duration=0.7s) ===
=== [paper_sync_all] piggy-back fire at 2026-05-14T04:00:01.019755+00:00 ===
=== paper-sync-all 2026-05-14 12:00:01 ===
  crypto-fear-channel       skip             supabase_newer
  garch-x-vix               skip             supabase_newer
  leverage-direction        skip             supabase_newer
  prg-periodic-garch        skip             supabase_newer
  taiwan-vt                 skip             supabase_newer
  vix-sufficiency           skip             supabase_newer
  volatility-absorption     skip             supabase_newer
  vt-crowding-abm           skip             supabase_newer
  vt-insurance-cost         skip             supabase_newer
  vt-trend-following        skip             supabase_newer
Sync complete {'skip': 10}
JSON: {"action": "paper_sync_all", "summary": {"skip": 10}, "results": 
[{"paper_id": "crypto-fear-channel", "action": "skip", "reason": 
"supabase_newer"}, {"paper_id": "garch-x-vix", "action": "skip", "reason": 
"supabase_newer"}, {"paper_id": "leverage-direction", "action": "skip", 
"reason": "supabase_newer"}, {"paper_id": "prg-periodic-garch", "action": 
"skip", "reason": "supabase_newer"}, {"paper_id": "taiwan-vt", "action": "skip",
"reason": "supabase_newer"}, {"paper_id": "vix-sufficiency", "action": "skip", 
"reason": "supabase_newer"}, {"paper_id": "volatility-absorption", "action": 
"skip", "reason": "supabase_newer"}, {"paper_id": "vt-crowding-abm", "action": 
"skip", "reason": "supabase_newer"}, {"paper_id": "vt-insurance-cost", "action":
"skip", "reason": "supabase_newer"}, {"paper_id": "vt-trend-following", 
"action": "skip", "reason": "supabase_newer"}]}
=== [paper_sync_all] exit 0 at 2026-05-14T04:00:01.816111+00:00 (duration=0.8s) ===
=== [paper_sync_all] piggy-back fire at 2026-05-14T10:00:01.215136+00:00 ===
=== paper-sync-all 2026-05-14 18:00:01 ===
  crypto-fear-channel       skip             supabase_newer
  garch-x-vix               skip             supabase_newer
  leverage-direction        skip             supabase_newer
  prg-periodic-garch        skip             supabase_newer
  taiwan-vt                 skip             supabase_newer
  vix-sufficiency           skip             supabase_newer
  volatility-absorption     skip             supabase_newer
  vt-crowding-abm           skip             supabase_newer
  vt-insurance-cost         skip             supabase_newer
  vt-trend-following        skip             supabase_newer
Sync complete {'skip': 10}
JSON: {"action": "paper_sync_all", "summary": {"skip": 10}, "results": 
[{"paper_id": "crypto-fear-channel", "action": "skip", "reason": 
"supabase_newer"}, {"paper_id": "garch-x-vix", "action": "skip", "reason": 
"supabase_newer"}, {"paper_id": "leverage-direction", "action": "skip", 
"reason": "supabase_newer"}, {"paper_id": "prg-periodic-garch", "action": 
"skip", "reason": "supabase_newer"}, {"paper_id": "taiwan-vt", "action": "skip",
"reason": "supabase_newer"}, {"paper_id": "vix-sufficiency", "action": "skip", 
"reason": "supabase_newer"}, {"paper_id": "volatility-absorption", "action": 
"skip", "reason": "supabase_newer"}, {"paper_id": "vt-crowding-abm", "action": 
"skip", "reason": "supabase_newer"}, {"paper_id": "vt-insurance-cost", "action":
"skip", "reason": "supabase_newer"}, {"paper_id": "vt-trend-following", 
"action": "skip", "reason": "supabase_newer"}]}
=== [paper_sync_all] exit 0 at 2026-05-14T10:00:02.905407+00:00 (duration=1.7s) ===
=== [paper_sync_all] piggy-back fire at 2026-05-14T16:00:00.935453+00:00 ===
=== paper-sync-all 2026-05-15 00:00:00 ===
  crypto-fear-channel       skip             supabase_newer
  garch-x-vix               skip             supabase_newer
  leverage-direction        skip             supabase_newer
  prg-periodic-garch        skip             supabase_newer
  taiwan-vt                 skip             supabase_newer
  vix-sufficiency           skip             supabase_newer
  volatility-absorption     skip             supabase_newer
  vt-crowding-abm           skip             supabase_newer
  vt-insurance-cost         skip             supabase_newer
  vt-trend-following        skip             supabase_newer
Sync complete {'skip': 10}
JSON: {"action": "paper_sync_all", "summary": {"skip": 10}, "results": 
[{"paper_id": "crypto-fear-channel", "action": "skip", "reason": 
"supabase_newer"}, {"paper_id": "garch-x-vix", "action": "skip", "reason": 
"supabase_newer"}, {"paper_id": "leverage-direction", "action": "skip", 
"reason": "supabase_newer"}, {"paper_id": "prg-periodic-garch", "action": 
"skip", "reason": "supabase_newer"}, {"paper_id": "taiwan-vt", "action": "skip",
"reason": "supabase_newer"}, {"paper_id": "vix-sufficiency", "action": "skip", 
"reason": "supabase_newer"}, {"paper_id": "volatility-absorption", "action": 
"skip", "reason": "supabase_newer"}, {"paper_id": "vt-crowding-abm", "action": 
"skip", "reason": "supabase_newer"}, {"paper_id": "vt-insurance-cost", "action":
"skip", "reason": "supabase_newer"}, {"paper_id": "vt-trend-following", 
"action": "skip", "reason": "supabase_newer"}]}
=== [paper_sync_all] exit 0 at 2026-05-14T16:00:01.901467+00:00 (duration=1.0s) ===
=== [paper_sync_all] piggy-back fire at 2026-05-14T22:00:00.852443+00:00 ===
=== paper-sync-all 2026-05-15 06:00:00 ===
  crypto-fear-channel       skip             supabase_newer
  garch-x-vix               skip             supabase_newer
  leverage-direction        skip             supabase_newer
  prg-periodic-garch        skip             supabase_newer
  taiwan-vt                 skip             supabase_newer
  vix-sufficiency           skip             supabase_newer
  volatility-absorption     skip             supabase_newer
  vt-crowding-abm           skip             supabase_newer
  vt-insurance-cost         skip             supabase_newer
  vt-trend-following        skip             supabase_newer
Sync complete {'skip': 10}
JSON: {"action": "paper_sync_all", "summary": {"skip": 10}, "results": 
[{"paper_id": "crypto-fear-channel", "action": "skip", "reason": 
"supabase_newer"}, {"paper_id": "garch-x-vix", "action": "skip", "reason": 
"supabase_newer"}, {"paper_id": "leverage-direction", "action": "skip", 
"reason": "supabase_newer"}, {"paper_id": "prg-periodic-garch", "action": 
"skip", "reason": "supabase_newer"}, {"paper_id": "taiwan-vt", "action": "skip",
"reason": "supabase_newer"}, {"paper_id": "vix-sufficiency", "action": "skip", 
"reason": "supabase_newer"}, {"paper_id": "volatility-absorption", "action": 
"skip", "reason": "supabase_newer"}, {"paper_id": "vt-crowding-abm", "action": 
"skip", "reason": "supabase_newer"}, {"paper_id": "vt-insurance-cost", "action":
"skip", "reason": "supabase_newer"}, {"paper_id": "vt-trend-following", 
"action": "skip", "reason": "supabase_newer"}]}
=== [paper_sync_all] exit 0 at 2026-05-14T22:00:01.589153+00:00 (duration=0.7s) ===
=== [paper_sync_all] piggy-back fire at 2026-05-15T04:00:00.993395+00:00 ===
=== paper-sync-all 2026-05-15 12:00:01 ===
  crypto-fear-channel       skip             supabase_newer
  garch-x-vix               skip             supabase_newer
  leverage-direction        skip             supabase_newer
  prg-periodic-garch        skip             supabase_newer
  taiwan-vt                 skip             supabase_newer
  vix-sufficiency           skip             supabase_newer
  volatility-absorption     skip             supabase_newer
  vt-crowding-abm           skip             supabase_newer
  vt-insurance-cost         skip             supabase_newer
  vt-trend-following        skip             supabase_newer
Sync complete {'skip': 10}
JSON: {"action": "paper_sync_all", "summary": {"skip": 10}, "results": 
[{"paper_id": "crypto-fear-channel", "action": "skip", "reason": 
"supabase_newer"}, {"paper_id": "garch-x-vix", "action": "skip", "reason": 
"supabase_newer"}, {"paper_id": "leverage-direction", "action": "skip", 
"reason": "supabase_newer"}, {"paper_id": "prg-periodic-garch", "action": 
"skip", "reason": "supabase_newer"}, {"paper_id": "taiwan-vt", "action": "skip",
"reason": "supabase_newer"}, {"paper_id": "vix-sufficiency", "action": "skip", 
"reason": "supabase_newer"}, {"paper_id": "volatility-absorption", "action": 
"skip", "reason": "supabase_newer"}, {"paper_id": "vt-crowding-abm", "action": 
"skip", "reason": "supabase_newer"}, {"paper_id": "vt-insurance-cost", "action":
"skip", "reason": "supabase_newer"}, {"paper_id": "vt-trend-following", 
"action": "skip", "reason": "supabase_newer"}]}
=== [paper_sync_all] exit 0 at 2026-05-15T04:00:01.997395+00:00 (duration=1.0s) ===
=== [paper_sync_all] piggy-back fire at 2026-05-15T10:00:03.956291+00:00 ===
=== [paper_sync_all] piggy-back fire at 2026-05-15T10:00:03.957701+00:00 ===
=== paper-sync-all 2026-05-15 18:00:03 ===
=== paper-sync-all 2026-05-15 18:00:03 ===
  crypto-fear-channel       skip             supabase_newer
  garch-x-vix               skip             supabase_newer
  leverage-direction        skip             supabase_newer
  prg-periodic-garch        skip             supabase_newer
  taiwan-vt                 skip             supabase_newer
  vix-sufficiency           skip             supabase_newer
  volatility-absorption     skip             supabase_newer
  vt-crowding-abm           skip             supabase_newer
  vt-insurance-cost         skip             supabase_newer
  vt-trend-following        skip             supabase_newer
Sync complete {'skip': 10}
  crypto-fear-channel       skip             supabase_newer
  garch-x-vix               skip             supabase_newer
  leverage-direction        skip             supabase_newer
JSON: {"action": "paper_sync_all", "summary": {"skip": 10}, "results": 
[{"paper_id": "crypto-fear-channel", "action": "skip", "reason": 
"supabase_newer"}, {"paper_id": "garch-x-vix", "action": "skip", "reason": 
"supabase_newer"}, {"paper_id": "leverage-direction", "action": "skip", 
"reason": "supabase_newer"}, {"paper_id": "prg-periodic-garch", "action": 
"skip", "reason": "supabase_newer"}, {"paper_id": "taiwan-vt", "action": "skip",
"reason": "supabase_newer"}, {"paper_id": "vix-sufficiency", "action": "skip", 
"reason": "supabase_newer"}, {"paper_id": "volatility-absorption", "action": 
"skip", "reason": "supabase_newer"}, {"paper_id": "vt-crowding-abm", "action": 
"skip", "reason": "supabase_newer"}, {"paper_id": "vt-insurance-cost", "action":
"skip", "reason": "supabase_newer"}, {"paper_id": "vt-trend-following", 
"action": "skip", "reason": "supabase_newer"}]}
  prg-periodic-garch        skip             supabase_newer
  taiwan-vt                 skip             supabase_newer
  vix-sufficiency           skip             supabase_newer
  volatility-absorption     skip             supabase_newer
  vt-crowding-abm           skip             supabase_newer
  vt-insurance-cost         skip             supabase_newer
  vt-trend-following        skip             supabase_newer
Sync complete {'skip': 10}
JSON: {"action": "paper_sync_all", "summary": {"skip": 10}, "results": 
[{"paper_id": "crypto-fear-channel", "action": "skip", "reason": 
"supabase_newer"}, {"paper_id": "garch-x-vix", "action": "skip", "reason": 
"supabase_newer"}, {"paper_id": "leverage-direction", "action": "skip", 
"reason": "supabase_newer"}, {"paper_id": "prg-periodic-garch", "action": 
"skip", "reason": "supabase_newer"}, {"paper_id": "taiwan-vt", "action": "skip",
"reason": "supabase_newer"}, {"paper_id": "vix-sufficiency", "action": "skip", 
"reason": "supabase_newer"}, {"paper_id": "volatility-absorption", "action": 
"skip", "reason": "supabase_newer"}, {"paper_id": "vt-crowding-abm", "action": 
"skip", "reason": "supabase_newer"}, {"paper_id": "vt-insurance-cost", "action":
"skip", "reason": "supabase_newer"}, {"paper_id": "vt-trend-following", 
"action": "skip", "reason": "supabase_newer"}]}
=== [paper_sync_all] exit 0 at 2026-05-15T10:00:04.873627+00:00 (duration=0.9s) ===
=== [paper_sync_all] exit 0 at 2026-05-15T10:00:04.873594+00:00 (duration=0.9s) ===
=== [paper_sync_all] piggy-back fire at 2026-05-15T16:00:10.182137+00:00 ===
=== [paper_sync_all] piggy-back fire at 2026-05-15T16:00:10.203783+00:00 ===
=== paper-sync-all 2026-05-16 00:00:10 ===
=== paper-sync-all 2026-05-16 00:00:10 ===
  crypto-fear-channel       skip             supabase_newer
  garch-x-vix               skip             supabase_newer
  leverage-direction        skip             supabase_newer
  prg-periodic-garch        skip             supabase_newer
  taiwan-vt                 skip             supabase_newer
  vix-sufficiency           skip             supabase_newer
  volatility-absorption     skip             supabase_newer
  vt-crowding-abm           skip             supabase_newer
  vt-insurance-cost         skip             supabase_newer
  vt-trend-following        skip             supabase_newer
Sync complete {'skip': 10}
JSON: {"action": "paper_sync_all", "summary": {"skip": 10}, "results": 
[{"paper_id": "crypto-fear-channel", "action": "skip", "reason": 
"supabase_newer"}, {"paper_id": "garch-x-vix", "action": "skip", "reason": 
"supabase_newer"}, {"paper_id": "leverage-direction", "action": "skip", 
"reason": "supabase_newer"}, {"paper_id": "prg-periodic-garch", "action": 
"skip", "reason": "supabase_newer"}, {"paper_id": "taiwan-vt", "action": "skip",
"reason": "supabase_newer"}, {"paper_id": "vix-sufficiency", "action": "skip", 
"reason": "supabase_newer"}, {"paper_id": "volatility-absorption", "action": 
"skip", "reason": "supabase_newer"}, {"paper_id": "vt-crowding-abm", "action": 
"skip", "reason": "supabase_newer"}, {"paper_id": "vt-insurance-cost", "action":
"skip", "reason": "supabase_newer"}, {"paper_id": "vt-trend-following", 
"action": "skip", "reason": "supabase_newer"}]}
=== [paper_sync_all] exit 0 at 2026-05-15T16:00:15.319694+00:00 (duration=5.1s) ===
  crypto-fear-channel       skip             supabase_newer
  garch-x-vix               skip             supabase_newer
  leverage-direction        skip             supabase_newer
  prg-periodic-garch        skip             supabase_newer
  taiwan-vt                 skip             supabase_newer
  vix-sufficiency           skip             supabase_newer
  volatility-absorption     skip             supabase_newer
  vt-crowding-abm           skip             supabase_newer
  vt-insurance-cost         skip             supabase_newer
  vt-trend-following        skip             supabase_newer
Sync complete {'skip': 10}
JSON: {"action": "paper_sync_all", "summary": {"skip": 10}, "results": 
[{"paper_id": "crypto-fear-channel", "action": "skip", "reason": 
"supabase_newer"}, {"paper_id": "garch-x-vix", "action": "skip", "reason": 
"supabase_newer"}, {"paper_id": "leverage-direction", "action": "skip", 
"reason": "supabase_newer"}, {"paper_id": "prg-periodic-garch", "action": 
"skip", "reason": "supabase_newer"}, {"paper_id": "taiwan-vt", "action": "skip",
"reason": "supabase_newer"}, {"paper_id": "vix-sufficiency", "action": "skip", 
"reason": "supabase_newer"}, {"paper_id": "volatility-absorption", "action": 
"skip", "reason": "supabase_newer"}, {"paper_id": "vt-crowding-abm", "action": 
"skip", "reason": "supabase_newer"}, {"paper_id": "vt-insurance-cost", "action":
"skip", "reason": "supabase_newer"}, {"paper_id": "vt-trend-following", 
"action": "skip", "reason": "supabase_newer"}]}
=== [paper_sync_all] exit 0 at 2026-05-15T16:00:15.558777+00:00 (duration=5.4s) ===
=== [paper_sync_all] piggy-back fire at 2026-05-15T22:00:13.818078+00:00 ===
=== paper-sync-all 2026-05-16 06:00:13 ===
  crypto-fear-channel       skip             supabase_newer
  garch-x-vix               skip             supabase_newer
  leverage-direction        skip             supabase_newer
  prg-periodic-garch        skip             supabase_newer
  taiwan-vt                 skip             supabase_newer
  vix-sufficiency           skip             supabase_newer
  volatility-absorption     skip             supabase_newer
  vt-crowding-abm           skip             supabase_newer
  vt-insurance-cost         skip             supabase_newer
  vt-trend-following        skip             supabase_newer
Sync complete {'skip': 10}
JSON: {"action": "paper_sync_all", "summary": {"skip": 10}, "results": 
[{"paper_id": "crypto-fear-channel", "action": "skip", "reason": 
"supabase_newer"}, {"paper_id": "garch-x-vix", "action": "skip", "reason": 
"supabase_newer"}, {"paper_id": "leverage-direction", "action": "skip", 
"reason": "supabase_newer"}, {"paper_id": "prg-periodic-garch", "action": 
"skip", "reason": "supabase_newer"}, {"paper_id": "taiwan-vt", "action": "skip",
"reason": "supabase_newer"}, {"paper_id": "vix-sufficiency", "action": "skip", 
"reason": "supabase_newer"}, {"paper_id": "volatility-absorption", "action": 
"skip", "reason": "supabase_newer"}, {"paper_id": "vt-crowding-abm", "action": 
"skip", "reason": "supabase_newer"}, {"paper_id": "vt-insurance-cost", "action":
"skip", "reason": "supabase_newer"}, {"paper_id": "vt-trend-following", 
"action": "skip", "reason": "supabase_newer"}]}
=== [paper_sync_all] exit 0 at 2026-05-15T22:00:14.316902+00:00 (duration=0.5s) ===
=== [paper_sync_all] piggy-back fire at 2026-05-16T04:10:08.824914+00:00 ===
=== [paper_sync_all] piggy-back fire at 2026-05-16T04:10:09.077161+00:00 ===
=== paper-sync-all 2026-05-16 12:10:09 ===
=== paper-sync-all 2026-05-16 12:10:09 ===
  crypto-fear-channel       skip             supabase_newer
  crypto-fear-channel       skip             supabase_newer
  garch-x-vix               skip             supabase_newer
  leverage-direction        skip             supabase_newer
  prg-periodic-garch        skip             supabase_newer
  taiwan-vt                 updated          2026-05-16T04:10:12.747367+00:00
  vix-sufficiency           skip             supabase_newer
  volatility-absorption     skip             supabase_newer
  vt-crowding-abm           skip             supabase_newer
  garch-x-vix               skip             supabase_newer
  leverage-direction        skip             supabase_newer
  prg-periodic-garch        skip             supabase_newer
  vt-insurance-cost         skip             supabase_newer
  vt-trend-following        skip             supabase_newer
Sync complete {'skip': 9, 'updated': 1}
  taiwan-vt                 updated          2026-05-16T04:10:12.747367+00:00
  vix-sufficiency           skip             supabase_newer
  volatility-absorption     skip             supabase_newer
  vt-crowding-abm           skip             supabase_newer
  vt-insurance-cost         skip             supabase_newer
  vt-trend-following        skip             supabase_newer
Sync complete {'skip': 9, 'updated': 1}
JSON: {"action": "paper_sync_all", "summary": {"skip": 9, "updated": 1}, 
"results": [{"paper_id": "crypto-fear-channel", "action": "skip", "reason": 
"supabase_newer"}, {"paper_id": "garch-x-vix", "action": "skip", "reason": 
"supabase_newer"}, {"paper_id": "leverage-direction", "action": "skip", 
"reason": "supabase_newer"}, {"paper_id": "prg-periodic-garch", "action": 
"skip", "reason": "supabase_newer"}, {"paper_id": "taiwan-vt", "action": 
"updated", "pages": 60, "citations": 32, "updated_at": 
"2026-05-16T04:10:12.747367+00:00"}, {"paper_id": "vix-sufficiency", "action": 
"skip", "reason": "supabase_newer"}, {"paper_id": "volatility-absorption", 
"action": "skip", "reason": "supabase_newer"}, {"paper_id": "vt-crowding-abm", 
"action": "skip", "reason": "supabase_newer"}, {"paper_id": "vt-insurance-cost",
"action": "skip", "reason": "supabase_newer"}, {"paper_id": 
"vt-trend-following", "action": "skip", "reason": "supabase_newer"}]}
JSON: {"action": "paper_sync_all", "summary": {"skip": 9, "updated": 1}, 
"results": [{"paper_id": "crypto-fear-channel", "action": "skip", "reason": 
"supabase_newer"}, {"paper_id": "garch-x-vix", "action": "skip", "reason": 
"supabase_newer"}, {"paper_id": "leverage-direction", "action": "skip", 
"reason": "supabase_newer"}, {"paper_id": "prg-periodic-garch", "action": 
"skip", "reason": "supabase_newer"}, {"paper_id": "taiwan-vt", "action": 
"updated", "pages": 60, "citations": 32, "updated_at": 
"2026-05-16T04:10:12.747367+00:00"}, {"paper_id": "vix-sufficiency", "action": 
"skip", "reason": "supabase_newer"}, {"paper_id": "volatility-absorption", 
"action": "skip", "reason": "supabase_newer"}, {"paper_id": "vt-crowding-abm", 
"action": "skip", "reason": "supabase_newer"}, {"paper_id": "vt-insurance-cost",
"action": "skip", "reason": "supabase_newer"}, {"paper_id": 
"vt-trend-following", "action": "skip", "reason": "supabase_newer"}]}
=== [paper_sync_all] exit 0 at 2026-05-16T04:10:13.133208+00:00 (duration=4.3s) ===
=== [paper_sync_all] exit 0 at 2026-05-16T04:10:13.174979+00:00 (duration=4.1s) ===
=== paper-sync-all 2026-05-16 18:00:01 ===
  crypto-fear-channel       skip             supabase_newer
  garch-x-vix               skip             supabase_newer
  leverage-direction        skip             supabase_newer
  prg-periodic-garch        skip             supabase_newer
  taiwan-vt                 skip             supabase_newer
  vix-sufficiency           skip             supabase_newer
  volatility-absorption     skip             supabase_newer
  vt-crowding-abm           skip             supabase_newer
  vt-insurance-cost         skip             supabase_newer
  vt-trend-following        skip             supabase_newer
Sync complete {'skip': 10}
JSON: {"action": "paper_sync_all", "summary": {"skip": 10}, "results": 
[{"paper_id": "crypto-fear-channel", "action": "skip", "reason": 
"supabase_newer"}, {"paper_id": "garch-x-vix", "action": "skip", "reason": 
"supabase_newer"}, {"paper_id": "leverage-direction", "action": "skip", 
"reason": "supabase_newer"}, {"paper_id": "prg-periodic-garch", "action": 
"skip", "reason": "supabase_newer"}, {"paper_id": "taiwan-vt", "action": "skip",
"reason": "supabase_newer"}, {"paper_id": "vix-sufficiency", "action": "skip", 
"reason": "supabase_newer"}, {"paper_id": "volatility-absorption", "action": 
"skip", "reason": "supabase_newer"}, {"paper_id": "vt-crowding-abm", "action": 
"skip", "reason": "supabase_newer"}, {"paper_id": "vt-insurance-cost", "action":
"skip", "reason": "supabase_newer"}, {"paper_id": "vt-trend-following", 
"action": "skip", "reason": "supabase_newer"}]}
=== paper-sync-all 2026-05-17 00:00:02 ===
  crypto-fear-channel       skip             supabase_newer
  garch-x-vix               skip             supabase_newer
  leverage-direction        skip             supabase_newer
  prg-periodic-garch        skip             supabase_newer
  taiwan-vt                 skip             supabase_newer
  vix-sufficiency           skip             supabase_newer
  volatility-absorption     skip             supabase_newer
  vt-crowding-abm           skip             supabase_newer
  vt-insurance-cost         skip             supabase_newer
  vt-trend-following        skip             supabase_newer
Sync complete {'skip': 10}
JSON: {"action": "paper_sync_all", "summary": {"skip": 10}, "results": 
[{"paper_id": "crypto-fear-channel", "action": "skip", "reason": 
"supabase_newer"}, {"paper_id": "garch-x-vix", "action": "skip", "reason": 
"supabase_newer"}, {"paper_id": "leverage-direction", "action": "skip", 
"reason": "supabase_newer"}, {"paper_id": "prg-periodic-garch", "action": 
"skip", "reason": "supabase_newer"}, {"paper_id": "taiwan-vt", "action": "skip",
"reason": "supabase_newer"}, {"paper_id": "vix-sufficiency", "action": "skip", 
"reason": "supabase_newer"}, {"paper_id": "volatility-absorption", "action": 
"skip", "reason": "supabase_newer"}, {"paper_id": "vt-crowding-abm", "action": 
"skip", "reason": "supabase_newer"}, {"paper_id": "vt-insurance-cost", "action":
"skip", "reason": "supabase_newer"}, {"paper_id": "vt-trend-following", 
"action": "skip", "reason": "supabase_newer"}]}
=== [paper_sync_all] piggy-back fire at 2026-05-16T16:01:40.608842+00:00 ===
=== paper-sync-all 2026-05-17 00:01:40 ===
  crypto-fear-channel       skip             supabase_newer
  garch-x-vix               skip             supabase_newer
  leverage-direction        skip             supabase_newer
  prg-periodic-garch        skip             supabase_newer
  taiwan-vt                 skip             supabase_newer
  vix-sufficiency           skip             supabase_newer
  volatility-absorption     skip             supabase_newer
  vt-crowding-abm           skip             supabase_newer
  vt-insurance-cost         skip             supabase_newer
  vt-trend-following        skip             supabase_newer
Sync complete {'skip': 10}
JSON: {"action": "paper_sync_all", "summary": {"skip": 10}, "results": 
[{"paper_id": "crypto-fear-channel", "action": "skip", "reason": 
"supabase_newer"}, {"paper_id": "garch-x-vix", "action": "skip", "reason": 
"supabase_newer"}, {"paper_id": "leverage-direction", "action": "skip", 
"reason": "supabase_newer"}, {"paper_id": "prg-periodic-garch", "action": 
"skip", "reason": "supabase_newer"}, {"paper_id": "taiwan-vt", "action": "skip",
"reason": "supabase_newer"}, {"paper_id": "vix-sufficiency", "action": "skip", 
"reason": "supabase_newer"}, {"paper_id": "volatility-absorption", "action": 
"skip", "reason": "supabase_newer"}, {"paper_id": "vt-crowding-abm", "action": 
"skip", "reason": "supabase_newer"}, {"paper_id": "vt-insurance-cost", "action":
"skip", "reason": "supabase_newer"}, {"paper_id": "vt-trend-following", 
"action": "skip", "reason": "supabase_newer"}]}
=== [paper_sync_all] exit 0 at 2026-05-16T16:01:41.437984+00:00 (duration=0.8s) ===
=== [paper_sync_all] piggy-back fire at 2026-05-16T16:02:05.261399+00:00 ===
=== paper-sync-all 2026-05-17 00:02:05 ===
  crypto-fear-channel       skip             supabase_newer
  garch-x-vix               skip             supabase_newer
  leverage-direction        skip             supabase_newer
  prg-periodic-garch        skip             supabase_newer
  taiwan-vt                 skip             supabase_newer
  vix-sufficiency           skip             supabase_newer
  volatility-absorption     skip             supabase_newer
  vt-crowding-abm           skip             supabase_newer
  vt-insurance-cost         skip             supabase_newer
  vt-trend-following        skip             supabase_newer
Sync complete {'skip': 10}
JSON: {"action": "paper_sync_all", "summary": {"skip": 10}, "results": 
[{"paper_id": "crypto-fear-channel", "action": "skip", "reason": 
"supabase_newer"}, {"paper_id": "garch-x-vix", "action": "skip", "reason": 
"supabase_newer"}, {"paper_id": "leverage-direction", "action": "skip", 
"reason": "supabase_newer"}, {"paper_id": "prg-periodic-garch", "action": 
"skip", "reason": "supabase_newer"}, {"paper_id": "taiwan-vt", "action": "skip",
"reason": "supabase_newer"}, {"paper_id": "vix-sufficiency", "action": "skip", 
"reason": "supabase_newer"}, {"paper_id": "volatility-absorption", "action": 
"skip", "reason": "supabase_newer"}, {"paper_id": "vt-crowding-abm", "action": 
"skip", "reason": "supabase_newer"}, {"paper_id": "vt-insurance-cost", "action":
"skip", "reason": "supabase_newer"}, {"paper_id": "vt-trend-following", 
"action": "skip", "reason": "supabase_newer"}]}
=== [paper_sync_all] exit 0 at 2026-05-16T16:02:05.712808+00:00 (duration=0.5s) ===
=== [paper_sync_all] piggy-back fire at 2026-05-16T22:00:05.938563+00:00 ===
=== paper-sync-all 2026-05-17 06:00:06 ===
  crypto-fear-channel       skip             supabase_newer
  garch-x-vix               skip             supabase_newer
  leverage-direction        skip             supabase_newer
  prg-periodic-garch        skip             supabase_newer
  taiwan-vt                 skip             supabase_newer
  vix-sufficiency           updated          2026-05-16T22:00:10.793166+00:00
  volatility-absorption     skip             supabase_newer
  vt-crowding-abm           skip             supabase_newer
  vt-insurance-cost         skip             supabase_newer
  vt-trend-following        skip             supabase_newer
Sync complete {'skip': 9, 'updated': 1}
JSON: {"action": "paper_sync_all", "summary": {"skip": 9, "updated": 1}, 
"results": [{"paper_id": "crypto-fear-channel", "action": "skip", "reason": 
"supabase_newer"}, {"paper_id": "garch-x-vix", "action": "skip", "reason": 
"supabase_newer"}, {"paper_id": "leverage-direction", "action": "skip", 
"reason": "supabase_newer"}, {"paper_id": "prg-periodic-garch", "action": 
"skip", "reason": "supabase_newer"}, {"paper_id": "taiwan-vt", "action": "skip",
"reason": "supabase_newer"}, {"paper_id": "vix-sufficiency", "action": 
"updated", "pages": 39, "citations": 42, "updated_at": 
"2026-05-16T22:00:10.793166+00:00"}, {"paper_id": "volatility-absorption", 
"action": "skip", "reason": "supabase_newer"}, {"paper_id": "vt-crowding-abm", 
"action": "skip", "reason": "supabase_newer"}, {"paper_id": "vt-insurance-cost",
"action": "skip", "reason": "supabase_newer"}, {"paper_id": 
"vt-trend-following", "action": "skip", "reason": "supabase_newer"}]}
=== [paper_sync_all] exit 0 at 2026-05-16T22:00:11.287538+00:00 (duration=5.3s) ===
=== paper-sync-all 2026-05-17 12:00:01 ===
  crypto-fear-channel       skip             supabase_newer
  eav-universal-magnitude   skip             no_tex_or_pdf
  garch-x-vix               skip             supabase_newer
  leverage-direction        skip             supabase_newer
  prg-periodic-garch        skip             supabase_newer
  taiwan-vt                 skip             supabase_newer
  vix-sufficiency           skip             supabase_newer
  volatility-absorption     skip             supabase_newer
  vt-crowding-abm           skip             supabase_newer
  vt-insurance-cost         skip             supabase_newer
  vt-trend-following        skip             supabase_newer
Sync complete {'skip': 11}
JSON: {"action": "paper_sync_all", "summary": {"skip": 11}, "results": 
[{"paper_id": "crypto-fear-channel", "action": "skip", "reason": 
"supabase_newer"}, {"paper_id": "eav-universal-magnitude", "action": "skip", 
"reason": "no_tex_or_pdf"}, {"paper_id": "garch-x-vix", "action": "skip", 
"reason": "supabase_newer"}, {"paper_id": "leverage-direction", "action": 
"skip", "reason": "supabase_newer"}, {"paper_id": "prg-periodic-garch", 
"action": "skip", "reason": "supabase_newer"}, {"paper_id": "taiwan-vt", 
"action": "skip", "reason": "supabase_newer"}, {"paper_id": "vix-sufficiency", 
"action": "skip", "reason": "supabase_newer"}, {"paper_id": 
"volatility-absorption", "action": "skip", "reason": "supabase_newer"}, 
{"paper_id": "vt-crowding-abm", "action": "skip", "reason": "supabase_newer"}, 
{"paper_id": "vt-insurance-cost", "action": "skip", "reason": "supabase_newer"},
{"paper_id": "vt-trend-following", "action": "skip", "reason": 
"supabase_newer"}]}
=== [paper_sync_all] piggy-back fire at 2026-05-17T04:00:17.339148+00:00 ===
=== paper-sync-all 2026-05-17 12:00:17 ===
  crypto-fear-channel       skip             supabase_newer
  eav-universal-magnitude   skip             no_tex_or_pdf
  garch-x-vix               skip             supabase_newer
  leverage-direction        skip             supabase_newer
  prg-periodic-garch        skip             supabase_newer
  taiwan-vt                 skip             supabase_newer
  vix-sufficiency           skip             supabase_newer
  volatility-absorption     skip             supabase_newer
  vt-crowding-abm           skip             supabase_newer
  vt-insurance-cost         skip             supabase_newer
  vt-trend-following        skip             supabase_newer
Sync complete {'skip': 11}
JSON: {"action": "paper_sync_all", "summary": {"skip": 11}, "results": 
[{"paper_id": "crypto-fear-channel", "action": "skip", "reason": 
"supabase_newer"}, {"paper_id": "eav-universal-magnitude", "action": "skip", 
"reason": "no_tex_or_pdf"}, {"paper_id": "garch-x-vix", "action": "skip", 
"reason": "supabase_newer"}, {"paper_id": "leverage-direction", "action": 
"skip", "reason": "supabase_newer"}, {"paper_id": "prg-periodic-garch", 
"action": "skip", "reason": "supabase_newer"}, {"paper_id": "taiwan-vt", 
"action": "skip", "reason": "supabase_newer"}, {"paper_id": "vix-sufficiency", 
"action": "skip", "reason": "supabase_newer"}, {"paper_id": 
"volatility-absorption", "action": "skip", "reason": "supabase_newer"}, 
{"paper_id": "vt-crowding-abm", "action": "skip", "reason": "supabase_newer"}, 
{"paper_id": "vt-insurance-cost", "action": "skip", "reason": "supabase_newer"},
{"paper_id": "vt-trend-following", "action": "skip", "reason": 
"supabase_newer"}]}
=== [paper_sync_all] exit 0 at 2026-05-17T04:00:17.831645+00:00 (duration=0.5s) ===
=== paper-sync-all 2026-05-17 18:00:01 ===
=== [paper_sync_all] piggy-back fire at 2026-05-17T10:00:03.942813+00:00 ===
=== paper-sync-all 2026-05-17 18:00:03 ===
  crypto-fear-channel       skip             supabase_newer
  eav-universal-magnitude   skip             no_tex_or_pdf
  garch-x-vix               skip             supabase_newer
  leverage-direction        skip             supabase_newer
  prg-periodic-garch        skip             supabase_newer
  taiwan-vt                 skip             supabase_newer
  vix-sufficiency           skip             supabase_newer
  volatility-absorption     skip             supabase_newer
  vt-crowding-abm           skip             supabase_newer
  vt-insurance-cost         skip             supabase_newer
  vt-trend-following        skip             supabase_newer
Sync complete {'skip': 11}
JSON: {"action": "paper_sync_all", "summary": {"skip": 11}, "results": 
[{"paper_id": "crypto-fear-channel", "action": "skip", "reason": 
"supabase_newer"}, {"paper_id": "eav-universal-magnitude", "action": "skip", 
"reason": "no_tex_or_pdf"}, {"paper_id": "garch-x-vix", "action": "skip", 
"reason": "supabase_newer"}, {"paper_id": "leverage-direction", "action": 
"skip", "reason": "supabase_newer"}, {"paper_id": "prg-periodic-garch", 
"action": "skip", "reason": "supabase_newer"}, {"paper_id": "taiwan-vt", 
"action": "skip", "reason": "supabase_newer"}, {"paper_id": "vix-sufficiency", 
"action": "skip", "reason": "supabase_newer"}, {"paper_id": 
"volatility-absorption", "action": "skip", "reason": "supabase_newer"}, 
{"paper_id": "vt-crowding-abm", "action": "skip", "reason": "supabase_newer"}, 
{"paper_id": "vt-insurance-cost", "action": "skip", "reason": "supabase_newer"},
{"paper_id": "vt-trend-following", "action": "skip", "reason": 
"supabase_newer"}]}
  crypto-fear-channel       skip             supabase_newer
  eav-universal-magnitude   skip             no_tex_or_pdf
  garch-x-vix               skip             supabase_newer
  leverage-direction        skip             supabase_newer
  prg-periodic-garch        skip             supabase_newer
  taiwan-vt                 skip             supabase_newer
  vix-sufficiency           skip             supabase_newer
  volatility-absorption     skip             supabase_newer
  vt-crowding-abm           skip             supabase_newer
  vt-insurance-cost         skip             supabase_newer
  vt-trend-following        skip             supabase_newer
Sync complete {'skip': 11}
JSON: {"action": "paper_sync_all", "summary": {"skip": 11}, "results": 
[{"paper_id": "crypto-fear-channel", "action": "skip", "reason": 
"supabase_newer"}, {"paper_id": "eav-universal-magnitude", "action": "skip", 
"reason": "no_tex_or_pdf"}, {"paper_id": "garch-x-vix", "action": "skip", 
"reason": "supabase_newer"}, {"paper_id": "leverage-direction", "action": 
"skip", "reason": "supabase_newer"}, {"paper_id": "prg-periodic-garch", 
"action": "skip", "reason": "supabase_newer"}, {"paper_id": "taiwan-vt", 
"action": "skip", "reason": "supabase_newer"}, {"paper_id": "vix-sufficiency", 
"action": "skip", "reason": "supabase_newer"}, {"paper_id": 
"volatility-absorption", "action": "skip", "reason": "supabase_newer"}, 
{"paper_id": "vt-crowding-abm", "action": "skip", "reason": "supabase_newer"}, 
{"paper_id": "vt-insurance-cost", "action": "skip", "reason": "supabase_newer"},
{"paper_id": "vt-trend-following", "action": "skip", "reason": 
"supabase_newer"}]}
=== [paper_sync_all] exit 0 at 2026-05-17T10:00:04.521702+00:00 (duration=0.6s) ===
=== paper-sync-all 2026-05-18 00:00:02 ===
  crypto-fear-channel       skip             supabase_newer
  eav-universal-magnitude   skip             no_tex_or_pdf
=== [paper_sync_all] piggy-back fire at 2026-05-17T16:00:14.787506+00:00 ===
  garch-x-vix               skip             supabase_newer
  leverage-direction        skip             supabase_newer
  prg-periodic-garch        skip             supabase_newer
  taiwan-vt                 skip             supabase_newer
  vix-sufficiency           skip             supabase_newer
  volatility-absorption     skip             supabase_newer
  vt-crowding-abm           skip             supabase_newer
  vt-insurance-cost         skip             supabase_newer
  vt-trend-following        skip             supabase_newer
Sync complete {'skip': 11}
JSON: {"action": "paper_sync_all", "summary": {"skip": 11}, "results": 
[{"paper_id": "crypto-fear-channel", "action": "skip", "reason": 
"supabase_newer"}, {"paper_id": "eav-universal-magnitude", "action": "skip", 
"reason": "no_tex_or_pdf"}, {"paper_id": "garch-x-vix", "action": "skip", 
"reason": "supabase_newer"}, {"paper_id": "leverage-direction", "action": 
"skip", "reason": "supabase_newer"}, {"paper_id": "prg-periodic-garch", 
"action": "skip", "reason": "supabase_newer"}, {"paper_id": "taiwan-vt", 
"action": "skip", "reason": "supabase_newer"}, {"paper_id": "vix-sufficiency", 
"action": "skip", "reason": "supabase_newer"}, {"paper_id": 
"volatility-absorption", "action": "skip", "reason": "supabase_newer"}, 
{"paper_id": "vt-crowding-abm", "action": "skip", "reason": "supabase_newer"}, 
{"paper_id": "vt-insurance-cost", "action": "skip", "reason": "supabase_newer"},
{"paper_id": "vt-trend-following", "action": "skip", "reason": 
"supabase_newer"}]}
=== paper-sync-all 2026-05-18 00:00:15 ===
  crypto-fear-channel       skip             supabase_newer
  eav-universal-magnitude   skip             no_tex_or_pdf
  garch-x-vix               skip             supabase_newer
  leverage-direction        skip             supabase_newer
  prg-periodic-garch        skip             supabase_newer
  taiwan-vt                 skip             supabase_newer
  vix-sufficiency           skip             supabase_newer
  volatility-absorption     skip             supabase_newer
  vt-crowding-abm           skip             supabase_newer
  vt-insurance-cost         skip             supabase_newer
  vt-trend-following        skip             supabase_newer
Sync complete {'skip': 11}
JSON: {"action": "paper_sync_all", "summary": {"skip": 11}, "results": 
[{"paper_id": "crypto-fear-channel", "action": "skip", "reason": 
"supabase_newer"}, {"paper_id": "eav-universal-magnitude", "action": "skip", 
"reason": "no_tex_or_pdf"}, {"paper_id": "garch-x-vix", "action": "skip", 
"reason": "supabase_newer"}, {"paper_id": "leverage-direction", "action": 
"skip", "reason": "supabase_newer"}, {"paper_id": "prg-periodic-garch", 
"action": "skip", "reason": "supabase_newer"}, {"paper_id": "taiwan-vt", 
"action": "skip", "reason": "supabase_newer"}, {"paper_id": "vix-sufficiency", 
"action": "skip", "reason": "supabase_newer"}, {"paper_id": 
"volatility-absorption", "action": "skip", "reason": "supabase_newer"}, 
{"paper_id": "vt-crowding-abm", "action": "skip", "reason": "supabase_newer"}, 
{"paper_id": "vt-insurance-cost", "action": "skip", "reason": "supabase_newer"},
{"paper_id": "vt-trend-following", "action": "skip", "reason": 
"supabase_newer"}]}
=== [paper_sync_all] exit 0 at 2026-05-17T16:00:21.328803+00:00 (duration=6.5s) ===
=== [paper_sync_all] piggy-back fire at 2026-05-17T20:00:47.555294+00:00 ===
=== paper-sync-all 2026-05-18 04:00:47 ===
  crypto-fear-channel       skip             supabase_newer
  eav-universal-magnitude   skip             no_tex_or_pdf
  garch-x-vix               skip             supabase_newer
  leverage-direction        skip             supabase_newer
  prg-periodic-garch        skip             supabase_newer
  taiwan-vt                 updated          2026-05-17T20:00:49.229654+00:00
  vix-sufficiency           skip             supabase_newer
  volatility-absorption     skip             supabase_newer
  vt-crowding-abm           skip             supabase_newer
  vt-insurance-cost         skip             supabase_newer
  vt-trend-following        skip             supabase_newer
Sync complete {'skip': 10, 'updated': 1}
JSON: {"action": "paper_sync_all", "summary": {"skip": 10, "updated": 1}, 
"results": [{"paper_id": "crypto-fear-channel", "action": "skip", "reason": 
"supabase_newer"}, {"paper_id": "eav-universal-magnitude", "action": "skip", 
"reason": "no_tex_or_pdf"}, {"paper_id": "garch-x-vix", "action": "skip", 
"reason": "supabase_newer"}, {"paper_id": "leverage-direction", "action": 
"skip", "reason": "supabase_newer"}, {"paper_id": "prg-periodic-garch", 
"action": "skip", "reason": "supabase_newer"}, {"paper_id": "taiwan-vt", 
"action": "updated", "pages": 60, "citations": 32, "updated_at": 
"2026-05-17T20:00:49.229654+00:00"}, {"paper_id": "vix-sufficiency", "action": 
"skip", "reason": "supabase_newer"}, {"paper_id": "volatility-absorption", 
"action": "skip", "reason": "supabase_newer"}, {"paper_id": "vt-crowding-abm", 
"action": "skip", "reason": "supabase_newer"}, {"paper_id": "vt-insurance-cost",
"action": "skip", "reason": "supabase_newer"}, {"paper_id": 
"vt-trend-following", "action": "skip", "reason": "supabase_newer"}]}
=== [paper_sync_all] exit 0 at 2026-05-17T20:00:49.522695+00:00 (duration=2.0s) ===
=== paper-sync-all 2026-05-18 06:00:02 ===
  crypto-fear-channel       skip             supabase_newer
  eav-universal-magnitude   skip             no_tex_or_pdf
  garch-x-vix               skip             supabase_newer
  leverage-direction        skip             supabase_newer
  prg-periodic-garch        skip             supabase_newer
  taiwan-vt                 skip             supabase_newer
  vix-sufficiency           skip             supabase_newer
  volatility-absorption     skip             supabase_newer
  vt-crowding-abm           skip             supabase_newer
  vt-insurance-cost         skip             supabase_newer
  vt-trend-following        skip             supabase_newer
Sync complete {'skip': 11}
JSON: {"action": "paper_sync_all", "summary": {"skip": 11}, "results": 
[{"paper_id": "crypto-fear-channel", "action": "skip", "reason": 
"supabase_newer"}, {"paper_id": "eav-universal-magnitude", "action": "skip", 
"reason": "no_tex_or_pdf"}, {"paper_id": "garch-x-vix", "action": "skip", 
"reason": "supabase_newer"}, {"paper_id": "leverage-direction", "action": 
"skip", "reason": "supabase_newer"}, {"paper_id": "prg-periodic-garch", 
"action": "skip", "reason": "supabase_newer"}, {"paper_id": "taiwan-vt", 
"action": "skip", "reason": "supabase_newer"}, {"paper_id": "vix-sufficiency", 
"action": "skip", "reason": "supabase_newer"}, {"paper_id": 
"volatility-absorption", "action": "skip", "reason": "supabase_newer"}, 
{"paper_id": "vt-crowding-abm", "action": "skip", "reason": "supabase_newer"}, 
{"paper_id": "vt-insurance-cost", "action": "skip", "reason": "supabase_newer"},
{"paper_id": "vt-trend-following", "action": "skip", "reason": 
"supabase_newer"}]}
=== [paper_sync_all] piggy-back fire at 2026-05-17T22:00:30.650203+00:00 ===
=== paper-sync-all 2026-05-18 06:00:30 ===
  crypto-fear-channel       skip             supabase_newer
  eav-universal-magnitude   skip             no_tex_or_pdf
  garch-x-vix               skip             supabase_newer
  leverage-direction        skip             supabase_newer
  prg-periodic-garch        skip             supabase_newer
  taiwan-vt                 skip             supabase_newer
  vix-sufficiency           skip             supabase_newer
  volatility-absorption     skip             supabase_newer
  vt-crowding-abm           skip             supabase_newer
  vt-insurance-cost         skip             supabase_newer
  vt-trend-following        skip             supabase_newer
Sync complete {'skip': 11}
JSON: {"action": "paper_sync_all", "summary": {"skip": 11}, "results": 
[{"paper_id": "crypto-fear-channel", "action": "skip", "reason": 
"supabase_newer"}, {"paper_id": "eav-universal-magnitude", "action": "skip", 
"reason": "no_tex_or_pdf"}, {"paper_id": "garch-x-vix", "action": "skip", 
"reason": "supabase_newer"}, {"paper_id": "leverage-direction", "action": 
"skip", "reason": "supabase_newer"}, {"paper_id": "prg-periodic-garch", 
"action": "skip", "reason": "supabase_newer"}, {"paper_id": "taiwan-vt", 
"action": "skip", "reason": "supabase_newer"}, {"paper_id": "vix-sufficiency", 
"action": "skip", "reason": "supabase_newer"}, {"paper_id": 
"volatility-absorption", "action": "skip", "reason": "supabase_newer"}, 
{"paper_id": "vt-crowding-abm", "action": "skip", "reason": "supabase_newer"}, 
{"paper_id": "vt-insurance-cost", "action": "skip", "reason": "supabase_newer"},
{"paper_id": "vt-trend-following", "action": "skip", "reason": 
"supabase_newer"}]}
=== [paper_sync_all] exit 0 at 2026-05-17T22:00:38.653253+00:00 (duration=8.0s) ===
=== paper-sync-all 2026-05-18 12:00:01 ===
  crypto-fear-channel       skip             supabase_newer
  eav-universal-magnitude   skip             no_tex_or_pdf
  garch-x-vix               skip             supabase_newer
  leverage-direction        skip             supabase_newer
  prg-periodic-garch        skip             supabase_newer
  taiwan-vt                 skip             supabase_newer
  vix-sufficiency           skip             supabase_newer
  volatility-absorption     skip             supabase_newer
  vt-crowding-abm           skip             supabase_newer
  vt-insurance-cost         skip             supabase_newer
  vt-trend-following        skip             supabase_newer
Sync complete {'skip': 11}
JSON: {"action": "paper_sync_all", "summary": {"skip": 11}, "results": 
[{"paper_id": "crypto-fear-channel", "action": "skip", "reason": 
"supabase_newer"}, {"paper_id": "eav-universal-magnitude", "action": "skip", 
"reason": "no_tex_or_pdf"}, {"paper_id": "garch-x-vix", "action": "skip", 
"reason": "supabase_newer"}, {"paper_id": "leverage-direction", "action": 
"skip", "reason": "supabase_newer"}, {"paper_id": "prg-periodic-garch", 
"action": "skip", "reason": "supabase_newer"}, {"paper_id": "taiwan-vt", 
"action": "skip", "reason": "supabase_newer"}, {"paper_id": "vix-sufficiency", 
"action": "skip", "reason": "supabase_newer"}, {"paper_id": 
"volatility-absorption", "action": "skip", "reason": "supabase_newer"}, 
{"paper_id": "vt-crowding-abm", "action": "skip", "reason": "supabase_newer"}, 
{"paper_id": "vt-insurance-cost", "action": "skip", "reason": "supabase_newer"},
{"paper_id": "vt-trend-following", "action": "skip", "reason": 
"supabase_newer"}]}
=== [paper_sync_all] piggy-back fire at 2026-05-18T04:00:11.728296+00:00 ===
=== paper-sync-all 2026-05-18 12:00:12 ===
  crypto-fear-channel       skip             supabase_newer
  eav-universal-magnitude   skip             no_tex_or_pdf
  garch-x-vix               skip             supabase_newer
  leverage-direction        skip             supabase_newer
  prg-periodic-garch        skip             supabase_newer
  taiwan-vt                 skip             supabase_newer
  vix-sufficiency           skip             supabase_newer
  volatility-absorption     skip             supabase_newer
  vt-crowding-abm           skip             supabase_newer
  vt-insurance-cost         skip             supabase_newer
  vt-trend-following        skip             supabase_newer
Sync complete {'skip': 11}
JSON: {"action": "paper_sync_all", "summary": {"skip": 11}, "results": 
[{"paper_id": "crypto-fear-channel", "action": "skip", "reason": 
"supabase_newer"}, {"paper_id": "eav-universal-magnitude", "action": "skip", 
"reason": "no_tex_or_pdf"}, {"paper_id": "garch-x-vix", "action": "skip", 
"reason": "supabase_newer"}, {"paper_id": "leverage-direction", "action": 
"skip", "reason": "supabase_newer"}, {"paper_id": "prg-periodic-garch", 
"action": "skip", "reason": "supabase_newer"}, {"paper_id": "taiwan-vt", 
"action": "skip", "reason": "supabase_newer"}, {"paper_id": "vix-sufficiency", 
"action": "skip", "reason": "supabase_newer"}, {"paper_id": 
"volatility-absorption", "action": "skip", "reason": "supabase_newer"}, 
{"paper_id": "vt-crowding-abm", "action": "skip", "reason": "supabase_newer"}, 
{"paper_id": "vt-insurance-cost", "action": "skip", "reason": "supabase_newer"},
{"paper_id": "vt-trend-following", "action": "skip", "reason": 
"supabase_newer"}]}
=== [paper_sync_all] exit 0 at 2026-05-18T04:00:22.744220+00:00 (duration=11.0s) ===
=== paper-sync-all 2026-05-18 18:00:00 ===
  crypto-fear-channel       skip             supabase_newer
  eav-universal-magnitude   update_failed    
  garch-x-vix               skip             supabase_newer
  leverage-direction        skip             supabase_newer
  prg-periodic-garch        skip             supabase_newer
  taiwan-vt                 skip             supabase_newer
  vix-sufficiency           skip             supabase_newer
  volatility-absorption     skip             supabase_newer
  vt-crowding-abm           skip             supabase_newer
  vt-insurance-cost         skip             supabase_newer
  vt-trend-following        skip             supabase_newer
Sync complete {'skip': 10, 'update_failed': 1}
JSON: {"action": "paper_sync_all", "summary": {"skip": 10, "update_failed": 1}, 
"results": [{"paper_id": "crypto-fear-channel", "action": "skip", "reason": 
"supabase_newer"}, {"paper_id": "eav-universal-magnitude", "action": 
"update_failed", "error": "No PDF found in 
/Users/yhlai0911/Desktop/volpred-research/paper/eav-universal-magnitude"}, 
{"paper_id": "garch-x-vix", "action": "skip", "reason": "supabase_newer"}, 
{"paper_id": "leverage-direction", "action": "skip", "reason": 
"supabase_newer"}, {"paper_id": "prg-periodic-garch", "action": "skip", 
"reason": "supabase_newer"}, {"paper_id": "taiwan-vt", "action": "skip", 
"reason": "supabase_newer"}, {"paper_id": "vix-sufficiency", "action": "skip", 
"reason": "supabase_newer"}, {"paper_id": "volatility-absorption", "action": 
"skip", "reason": "supabase_newer"}, {"paper_id": "vt-crowding-abm", "action": 
"skip", "reason": "supabase_newer"}, {"paper_id": "vt-insurance-cost", "action":
"skip", "reason": "supabase_newer"}, {"paper_id": "vt-trend-following", 
"action": "skip", "reason": "supabase_newer"}]}
=== [paper_sync_all] piggy-back fire at 2026-05-18T10:00:12.483475+00:00 ===
=== paper-sync-all 2026-05-18 18:00:12 ===
  crypto-fear-channel       skip             supabase_newer
  eav-universal-magnitude   skip             supabase_newer
  garch-x-vix               skip             supabase_newer
  leverage-direction        skip             supabase_newer
  prg-periodic-garch        skip             supabase_newer
  taiwan-vt                 skip             supabase_newer
  vix-sufficiency           skip             supabase_newer
  volatility-absorption     skip             supabase_newer
  vt-crowding-abm           skip             supabase_newer
  vt-insurance-cost         skip             supabase_newer
  vt-trend-following        skip             supabase_newer
Sync complete {'skip': 11}
JSON: {"action": "paper_sync_all", "summary": {"skip": 11}, "results": 
[{"paper_id": "crypto-fear-channel", "action": "skip", "reason": 
"supabase_newer"}, {"paper_id": "eav-universal-magnitude", "action": "skip", 
"reason": "supabase_newer"}, {"paper_id": "garch-x-vix", "action": "skip", 
"reason": "supabase_newer"}, {"paper_id": "leverage-direction", "action": 
"skip", "reason": "supabase_newer"}, {"paper_id": "prg-periodic-garch", 
"action": "skip", "reason": "supabase_newer"}, {"paper_id": "taiwan-vt", 
"action": "skip", "reason": "supabase_newer"}, {"paper_id": "vix-sufficiency", 
"action": "skip", "reason": "supabase_newer"}, {"paper_id": 
"volatility-absorption", "action": "skip", "reason": "supabase_newer"}, 
{"paper_id": "vt-crowding-abm", "action": "skip", "reason": "supabase_newer"}, 
{"paper_id": "vt-insurance-cost", "action": "skip", "reason": "supabase_newer"},
{"paper_id": "vt-trend-following", "action": "skip", "reason": 
"supabase_newer"}]}
=== [paper_sync_all] exit 0 at 2026-05-18T10:00:23.626059+00:00 (duration=11.1s) ===
=== paper-sync-all 2026-05-19 00:00:02 ===
=== [paper_sync_all] piggy-back fire at 2026-05-18T16:00:09.467336+00:00 ===
=== paper-sync-all 2026-05-19 00:00:09 ===
  crypto-fear-channel       skip             supabase_newer
  eav-universal-magnitude   skip             supabase_newer
  garch-x-vix               skip             supabase_newer
  leverage-direction        skip             supabase_newer
  prg-periodic-garch        skip             supabase_newer
  taiwan-vt                 skip             supabase_newer
  vix-sufficiency           skip             supabase_newer
  volatility-absorption     skip             supabase_newer
  vt-crowding-abm           skip             supabase_newer
  vt-insurance-cost         skip             supabase_newer
  vt-trend-following        skip             supabase_newer
Sync complete {'skip': 11}
JSON: {"action": "paper_sync_all", "summary": {"skip": 11}, "results": 
[{"paper_id": "crypto-fear-channel", "action": "skip", "reason": 
"supabase_newer"}, {"paper_id": "eav-universal-magnitude", "action": "skip", 
"reason": "supabase_newer"}, {"paper_id": "garch-x-vix", "action": "skip", 
"reason": "supabase_newer"}, {"paper_id": "leverage-direction", "action": 
"skip", "reason": "supabase_newer"}, {"paper_id": "prg-periodic-garch", 
"action": "skip", "reason": "supabase_newer"}, {"paper_id": "taiwan-vt", 
"action": "skip", "reason": "supabase_newer"}, {"paper_id": "vix-sufficiency", 
"action": "skip", "reason": "supabase_newer"}, {"paper_id": 
"volatility-absorption", "action": "skip", "reason": "supabase_newer"}, 
{"paper_id": "vt-crowding-abm", "action": "skip", "reason": "supabase_newer"}, 
{"paper_id": "vt-insurance-cost", "action": "skip", "reason": "supabase_newer"},
{"paper_id": "vt-trend-following", "action": "skip", "reason": 
"supabase_newer"}]}
  crypto-fear-channel       skip             supabase_newer
  eav-universal-magnitude   skip             supabase_newer
  garch-x-vix               skip             supabase_newer
  leverage-direction        skip             supabase_newer
  prg-periodic-garch        skip             supabase_newer
  taiwan-vt                 skip             supabase_newer
  vix-sufficiency           skip             supabase_newer
  volatility-absorption     skip             supabase_newer
  vt-crowding-abm           skip             supabase_newer
  vt-insurance-cost         skip             supabase_newer
  vt-trend-following        skip             supabase_newer
Sync complete {'skip': 11}
JSON: {"action": "paper_sync_all", "summary": {"skip": 11}, "results": 
[{"paper_id": "crypto-fear-channel", "action": "skip", "reason": 
"supabase_newer"}, {"paper_id": "eav-universal-magnitude", "action": "skip", 
"reason": "supabase_newer"}, {"paper_id": "garch-x-vix", "action": "skip", 
"reason": "supabase_newer"}, {"paper_id": "leverage-direction", "action": 
"skip", "reason": "supabase_newer"}, {"paper_id": "prg-periodic-garch", 
"action": "skip", "reason": "supabase_newer"}, {"paper_id": "taiwan-vt", 
"action": "skip", "reason": "supabase_newer"}, {"paper_id": "vix-sufficiency", 
"action": "skip", "reason": "supabase_newer"}, {"paper_id": 
"volatility-absorption", "action": "skip", "reason": "supabase_newer"}, 
{"paper_id": "vt-crowding-abm", "action": "skip", "reason": "supabase_newer"}, 
{"paper_id": "vt-insurance-cost", "action": "skip", "reason": "supabase_newer"},
{"paper_id": "vt-trend-following", "action": "skip", "reason": 
"supabase_newer"}]}
=== [paper_sync_all] exit 0 at 2026-05-18T16:00:17.123492+00:00 (duration=7.7s) ===
=== paper-sync-all 2026-05-19 06:00:01 ===
  crypto-fear-channel       skip             supabase_newer
  eav-universal-magnitude   skip             supabase_newer
  garch-x-vix               skip             supabase_newer
  leverage-direction        skip             supabase_newer
  prg-periodic-garch        skip             supabase_newer
  taiwan-vt                 skip             supabase_newer
  vix-sufficiency           skip             supabase_newer
  volatility-absorption     skip             supabase_newer
  vt-crowding-abm           skip             supabase_newer
  vt-insurance-cost         skip             supabase_newer
  vt-trend-following        updated          2026-05-18T22:00:10.563688+00:00
Sync complete {'skip': 10, 'updated': 1}
JSON: {"action": "paper_sync_all", "summary": {"skip": 10, "updated": 1}, 
"results": [{"paper_id": "crypto-fear-channel", "action": "skip", "reason": 
"supabase_newer"}, {"paper_id": "eav-universal-magnitude", "action": "skip", 
"reason": "supabase_newer"}, {"paper_id": "garch-x-vix", "action": "skip", 
"reason": "supabase_newer"}, {"paper_id": "leverage-direction", "action": 
"skip", "reason": "supabase_newer"}, {"paper_id": "prg-periodic-garch", 
"action": "skip", "reason": "supabase_newer"}, {"paper_id": "taiwan-vt", 
"action": "skip", "reason": "supabase_newer"}, {"paper_id": "vix-sufficiency", 
"action": "skip", "reason": "supabase_newer"}, {"paper_id": 
"volatility-absorption", "action": "skip", "reason": "supabase_newer"}, 
{"paper_id": "vt-crowding-abm", "action": "skip", "reason": "supabase_newer"}, 
{"paper_id": "vt-insurance-cost", "action": "skip", "reason": "supabase_newer"},
{"paper_id": "vt-trend-following", "action": "updated", "pages": 33, 
"citations": 18, "updated_at": "2026-05-18T22:00:10.563688+00:00"}]}
=== [paper_sync_all] piggy-back fire at 2026-05-18T22:00:18.509368+00:00 ===
=== paper-sync-all 2026-05-19 06:00:19 ===
  crypto-fear-channel       skip             supabase_newer
  eav-universal-magnitude   skip             supabase_newer
  garch-x-vix               skip             supabase_newer
  leverage-direction        skip             supabase_newer
  prg-periodic-garch        skip             supabase_newer
  taiwan-vt                 skip             supabase_newer
  vix-sufficiency           skip             supabase_newer
  volatility-absorption     skip             supabase_newer
  vt-crowding-abm           skip             supabase_newer
  vt-insurance-cost         skip             supabase_newer
  vt-trend-following        skip             supabase_newer
Sync complete {'skip': 11}
JSON: {"action": "paper_sync_all", "summary": {"skip": 11}, "results": 
[{"paper_id": "crypto-fear-channel", "action": "skip", "reason": 
"supabase_newer"}, {"paper_id": "eav-universal-magnitude", "action": "skip", 
"reason": "supabase_newer"}, {"paper_id": "garch-x-vix", "action": "skip", 
"reason": "supabase_newer"}, {"paper_id": "leverage-direction", "action": 
"skip", "reason": "supabase_newer"}, {"paper_id": "prg-periodic-garch", 
"action": "skip", "reason": "supabase_newer"}, {"paper_id": "taiwan-vt", 
"action": "skip", "reason": "supabase_newer"}, {"paper_id": "vix-sufficiency", 
"action": "skip", "reason": "supabase_newer"}, {"paper_id": 
"volatility-absorption", "action": "skip", "reason": "supabase_newer"}, 
{"paper_id": "vt-crowding-abm", "action": "skip", "reason": "supabase_newer"}, 
{"paper_id": "vt-insurance-cost", "action": "skip", "reason": "supabase_newer"},
{"paper_id": "vt-trend-following", "action": "skip", "reason": 
"supabase_newer"}]}
=== [paper_sync_all] exit 0 at 2026-05-18T22:00:34.721158+00:00 (duration=16.2s) ===
=== paper-sync-all 2026-05-19 12:00:01 ===
  crypto-fear-channel       skip             supabase_newer
  eav-universal-magnitude   skip             supabase_newer
  garch-x-vix               skip             supabase_newer
  leverage-direction        skip             supabase_newer
  prg-periodic-garch        skip             supabase_newer
  taiwan-vt                 skip             supabase_newer
  vix-sufficiency           skip             supabase_newer
  volatility-absorption     skip             supabase_newer
  vt-crowding-abm           skip             supabase_newer
  vt-insurance-cost         skip             supabase_newer
  vt-trend-following        skip             supabase_newer
Sync complete {'skip': 11}
JSON: {"action": "paper_sync_all", "summary": {"skip": 11}, "results": 
[{"paper_id": "crypto-fear-channel", "action": "skip", "reason": 
"supabase_newer"}, {"paper_id": "eav-universal-magnitude", "action": "skip", 
"reason": "supabase_newer"}, {"paper_id": "garch-x-vix", "action": "skip", 
"reason": "supabase_newer"}, {"paper_id": "leverage-direction", "action": 
"skip", "reason": "supabase_newer"}, {"paper_id": "prg-periodic-garch", 
"action": "skip", "reason": "supabase_newer"}, {"paper_id": "taiwan-vt", 
"action": "skip", "reason": "supabase_newer"}, {"paper_id": "vix-sufficiency", 
"action": "skip", "reason": "supabase_newer"}, {"paper_id": 
"volatility-absorption", "action": "skip", "reason": "supabase_newer"}, 
{"paper_id": "vt-crowding-abm", "action": "skip", "reason": "supabase_newer"}, 
{"paper_id": "vt-insurance-cost", "action": "skip", "reason": "supabase_newer"},
{"paper_id": "vt-trend-following", "action": "skip", "reason": 
"supabase_newer"}]}
=== [paper_sync_all] piggy-back fire at 2026-05-19T04:00:05.090407+00:00 ===
=== paper-sync-all 2026-05-19 12:00:05 ===
  crypto-fear-channel       skip             supabase_newer
  eav-universal-magnitude   skip             supabase_newer
  garch-x-vix               skip             supabase_newer
  leverage-direction        skip             supabase_newer
  prg-periodic-garch        skip             supabase_newer
  taiwan-vt                 skip             supabase_newer
  vix-sufficiency           skip             supabase_newer
  volatility-absorption     skip             supabase_newer
  vt-crowding-abm           skip             supabase_newer
  vt-insurance-cost         skip             supabase_newer
  vt-trend-following        skip             supabase_newer
Sync complete {'skip': 11}
JSON: {"action": "paper_sync_all", "summary": {"skip": 11}, "results": 
[{"paper_id": "crypto-fear-channel", "action": "skip", "reason": 
"supabase_newer"}, {"paper_id": "eav-universal-magnitude", "action": "skip", 
"reason": "supabase_newer"}, {"paper_id": "garch-x-vix", "action": "skip", 
"reason": "supabase_newer"}, {"paper_id": "leverage-direction", "action": 
"skip", "reason": "supabase_newer"}, {"paper_id": "prg-periodic-garch", 
"action": "skip", "reason": "supabase_newer"}, {"paper_id": "taiwan-vt", 
"action": "skip", "reason": "supabase_newer"}, {"paper_id": "vix-sufficiency", 
"action": "skip", "reason": "supabase_newer"}, {"paper_id": 
"volatility-absorption", "action": "skip", "reason": "supabase_newer"}, 
{"paper_id": "vt-crowding-abm", "action": "skip", "reason": "supabase_newer"}, 
{"paper_id": "vt-insurance-cost", "action": "skip", "reason": "supabase_newer"},
{"paper_id": "vt-trend-following", "action": "skip", "reason": 
"supabase_newer"}]}
=== [paper_sync_all] exit 0 at 2026-05-19T04:00:05.543957+00:00 (duration=0.5s) ===
=== paper-sync-all 2026-05-19 18:00:01 ===
=== [paper_sync_all] piggy-back fire at 2026-05-19T10:00:06.489978+00:00 ===
=== paper-sync-all 2026-05-19 18:00:06 ===
  crypto-fear-channel       skip             supabase_newer
  eav-universal-magnitude   skip             supabase_newer
  garch-x-vix               skip             supabase_newer
  leverage-direction        skip             supabase_newer
  prg-periodic-garch        skip             supabase_newer
  taiwan-vt                 skip             supabase_newer
  vix-sufficiency           skip             supabase_newer
  volatility-absorption     skip             supabase_newer
  vt-crowding-abm           skip             supabase_newer
  vt-insurance-cost         skip             supabase_newer
  vt-trend-following        skip             supabase_newer
Sync complete {'skip': 11}
JSON: {"action": "paper_sync_all", "summary": {"skip": 11}, "results": 
[{"paper_id": "crypto-fear-channel", "action": "skip", "reason": 
"supabase_newer"}, {"paper_id": "eav-universal-magnitude", "action": "skip", 
"reason": "supabase_newer"}, {"paper_id": "garch-x-vix", "action": "skip", 
"reason": "supabase_newer"}, {"paper_id": "leverage-direction", "action": 
"skip", "reason": "supabase_newer"}, {"paper_id": "prg-periodic-garch", 
"action": "skip", "reason": "supabase_newer"}, {"paper_id": "taiwan-vt", 
"action": "skip", "reason": "supabase_newer"}, {"paper_id": "vix-sufficiency", 
"action": "skip", "reason": "supabase_newer"}, {"paper_id": 
"volatility-absorption", "action": "skip", "reason": "supabase_newer"}, 
{"paper_id": "vt-crowding-abm", "action": "skip", "reason": "supabase_newer"}, 
{"paper_id": "vt-insurance-cost", "action": "skip", "reason": "supabase_newer"},
{"paper_id": "vt-trend-following", "action": "skip", "reason": 
"supabase_newer"}]}
Traceback (most recent call last):
  File "/Users/yhlai0911/Desktop/volpred-research/.venv/bin/volpred", line 4, in <module>
    from volpred.cli import cli
  File "/Users/yhlai0911/Desktop/volpred-research/src/volpred/cli.py", line 9, in <module>
    from pydantic import ValidationError
  File "/Users/yhlai0911/Desktop/volpred-research/.venv/lib/python3.12/site-packages/pydantic/__init__.py", line 5, in <module>
    from ._migration import getattr_migration
  File "/Users/yhlai0911/Desktop/volpred-research/.venv/lib/python3.12/site-packages/pydantic/_migration.py", line 4, in <module>
    from pydantic.warnings import PydanticDeprecatedSince20
  File "/Users/yhlai0911/Desktop/volpred-research/.venv/lib/python3.12/site-packages/pydantic/warnings.py", line 5, in <module>
    from .version import version_short
  File "/Users/yhlai0911/Desktop/volpred-research/.venv/lib/python3.12/site-packages/pydantic/version.py", line 7, in <module>
    from pydantic_core import __version__ as __pydantic_core_version__
  File "/Users/yhlai0911/Desktop/volpred-research/.venv/lib/python3.12/site-packages/pydantic_core/__init__.py", line 8, in <module>
    from ._pydantic_core import (
  File "<frozen importlib._bootstrap>", line 1360, in _find_and_load
  File "<frozen importlib._bootstrap>", line 1322, in _find_and_load_unlocked
  File "<frozen importlib._bootstrap>", line 1262, in _find_spec
  File "<frozen importlib._bootstrap_external>", line 1532, in find_spec
  File "<frozen importlib._bootstrap_external>", line 1506, in _get_spec
  File "<frozen importlib._bootstrap_external>", line 1609, in find_spec
  File "<frozen importlib._bootstrap_external>", line 1652, in _fill_cache
InterruptedError: [Errno 4] Interrupted system call: '/Users/yhlai0911/Desktop/volpred-research/.venv/lib/python3.12/site-packages/pydantic_core'
=== [paper_sync_all] exit 1 at 2026-05-19T10:00:09.306442+00:00 (duration=2.8s) ===
=== [paper_sync_all] piggy-back fire at 2026-05-19T11:00:30.267973+00:00 ===
=== paper-sync-all 2026-05-19 19:00:30 ===
  crypto-fear-channel       skip             supabase_newer
  eav-universal-magnitude   skip             supabase_newer
  garch-x-vix               skip             supabase_newer
  leverage-direction        skip             supabase_newer
  prg-periodic-garch        skip             supabase_newer
  taiwan-vt                 skip             supabase_newer
  vix-sufficiency           skip             supabase_newer
  volatility-absorption     skip             supabase_newer
  vt-crowding-abm           skip             supabase_newer
  vt-insurance-cost         skip             supabase_newer
  vt-trend-following        skip             supabase_newer
Sync complete {'skip': 11}
JSON: {"action": "paper_sync_all", "summary": {"skip": 11}, "results": 
[{"paper_id": "crypto-fear-channel", "action": "skip", "reason": 
"supabase_newer"}, {"paper_id": "eav-universal-magnitude", "action": "skip", 
"reason": "supabase_newer"}, {"paper_id": "garch-x-vix", "action": "skip", 
"reason": "supabase_newer"}, {"paper_id": "leverage-direction", "action": 
"skip", "reason": "supabase_newer"}, {"paper_id": "prg-periodic-garch", 
"action": "skip", "reason": "supabase_newer"}, {"paper_id": "taiwan-vt", 
"action": "skip", "reason": "supabase_newer"}, {"paper_id": "vix-sufficiency", 
"action": "skip", "reason": "supabase_newer"}, {"paper_id": 
"volatility-absorption", "action": "skip", "reason": "supabase_newer"}, 
{"paper_id": "vt-crowding-abm", "action": "skip", "reason": "supabase_newer"}, 
{"paper_id": "vt-insurance-cost", "action": "skip", "reason": "supabase_newer"},
{"paper_id": "vt-trend-following", "action": "skip", "reason": 
"supabase_newer"}]}
=== [paper_sync_all] exit 0 at 2026-05-19T11:00:31.802471+00:00 (duration=1.5s) ===
=== paper-sync-all 2026-05-19 19:59:57 ===
  crypto-fear-channel       skip             supabase_newer
  eav-universal-magnitude   updated          2026-05-19T11:59:59.874129+00:00
  garch-x-vix               updated          2026-05-19T12:00:02.683473+00:00
  leverage-direction        skip             supabase_newer
  prg-periodic-garch        skip             supabase_newer
  taiwan-vt                 skip             supabase_newer
  vix-sufficiency           skip             supabase_newer
  volatility-absorption     skip             supabase_newer
  vt-crowding-abm           skip             supabase_newer
  vt-insurance-cost         skip             supabase_newer
  vt-trend-following        skip             supabase_newer
Sync complete {'skip': 9, 'updated': 2}
JSON: {"action": "paper_sync_all", "summary": {"skip": 9, "updated": 2}, 
"results": [{"paper_id": "crypto-fear-channel", "action": "skip", "reason": 
"supabase_newer"}, {"paper_id": "eav-universal-magnitude", "action": "updated", 
"pages": null, "citations": null, "updated_at": 
"2026-05-19T11:59:59.874129+00:00"}, {"paper_id": "garch-x-vix", "action": 
"updated", "pages": 36, "citations": 27, "updated_at": 
"2026-05-19T12:00:02.683473+00:00"}, {"paper_id": "leverage-direction", 
"action": "skip", "reason": "supabase_newer"}, {"paper_id": 
"prg-periodic-garch", "action": "skip", "reason": "supabase_newer"}, 
{"paper_id": "taiwan-vt", "action": "skip", "reason": "supabase_newer"}, 
{"paper_id": "vix-sufficiency", "action": "skip", "reason": "supabase_newer"}, 
{"paper_id": "volatility-absorption", "action": "skip", "reason": 
"supabase_newer"}, {"paper_id": "vt-crowding-abm", "action": "skip", "reason": 
"supabase_newer"}, {"paper_id": "vt-insurance-cost", "action": "skip", "reason":
"supabase_newer"}, {"paper_id": "vt-trend-following", "action": "skip", 
"reason": "supabase_newer"}]}
=== paper-sync-all 2026-05-20 00:00:01 ===
  crypto-fear-channel       skip             supabase_newer
  eav-universal-magnitude   skip             supabase_newer
  garch-x-vix               skip             supabase_newer
  leverage-direction        skip             supabase_newer
  prg-periodic-garch        skip             supabase_newer
  taiwan-vt                 skip             supabase_newer
  vix-sufficiency           skip             supabase_newer
  volatility-absorption     skip             supabase_newer
  vt-crowding-abm           skip             supabase_newer
  vt-insurance-cost         skip             supabase_newer
  vt-trend-following        skip             supabase_newer
Sync complete {'skip': 11}
JSON: {"action": "paper_sync_all", "summary": {"skip": 11}, "results": 
[{"paper_id": "crypto-fear-channel", "action": "skip", "reason": 
"supabase_newer"}, {"paper_id": "eav-universal-magnitude", "action": "skip", 
"reason": "supabase_newer"}, {"paper_id": "garch-x-vix", "action": "skip", 
"reason": "supabase_newer"}, {"paper_id": "leverage-direction", "action": 
"skip", "reason": "supabase_newer"}, {"paper_id": "prg-periodic-garch", 
"action": "skip", "reason": "supabase_newer"}, {"paper_id": "taiwan-vt", 
"action": "skip", "reason": "supabase_newer"}, {"paper_id": "vix-sufficiency", 
"action": "skip", "reason": "supabase_newer"}, {"paper_id": 
"volatility-absorption", "action": "skip", "reason": "supabase_newer"}, 
{"paper_id": "vt-crowding-abm", "action": "skip", "reason": "supabase_newer"}, 
{"paper_id": "vt-insurance-cost", "action": "skip", "reason": "supabase_newer"},
{"paper_id": "vt-trend-following", "action": "skip", "reason": 
"supabase_newer"}]}
=== [paper_sync_all] piggy-back fire at 2026-05-19T17:00:05.927933+00:00 ===
=== paper-sync-all 2026-05-20 01:00:05 ===
  crypto-fear-channel       skip             supabase_newer
  eav-universal-magnitude   skip             supabase_newer
  garch-x-vix               skip             supabase_newer
  leverage-direction        skip             supabase_newer
  prg-periodic-garch        skip             supabase_newer
  taiwan-vt                 skip             supabase_newer
  vix-sufficiency           skip             supabase_newer
  volatility-absorption     skip             supabase_newer
  vt-crowding-abm           skip             supabase_newer
  vt-insurance-cost         skip             supabase_newer
  vt-trend-following        skip             supabase_newer
Sync complete {'skip': 11}
JSON: {"action": "paper_sync_all", "summary": {"skip": 11}, "results": 
[{"paper_id": "crypto-fear-channel", "action": "skip", "reason": 
"supabase_newer"}, {"paper_id": "eav-universal-magnitude", "action": "skip", 
"reason": "supabase_newer"}, {"paper_id": "garch-x-vix", "action": "skip", 
"reason": "supabase_newer"}, {"paper_id": "leverage-direction", "action": 
"skip", "reason": "supabase_newer"}, {"paper_id": "prg-periodic-garch", 
"action": "skip", "reason": "supabase_newer"}, {"paper_id": "taiwan-vt", 
"action": "skip", "reason": "supabase_newer"}, {"paper_id": "vix-sufficiency", 
"action": "skip", "reason": "supabase_newer"}, {"paper_id": 
"volatility-absorption", "action": "skip", "reason": "supabase_newer"}, 
{"paper_id": "vt-crowding-abm", "action": "skip", "reason": "supabase_newer"}, 
{"paper_id": "vt-insurance-cost", "action": "skip", "reason": "supabase_newer"},
{"paper_id": "vt-trend-following", "action": "skip", "reason": 
"supabase_newer"}]}
=== [paper_sync_all] exit 0 at 2026-05-19T17:00:06.509473+00:00 (duration=0.6s) ===
=== paper-sync-all 2026-05-20 06:00:01 ===
  crypto-fear-channel       skip             supabase_newer
  eav-universal-magnitude   updated          2026-05-19T22:00:11.499327+00:00
  garch-x-vix               skip             supabase_newer
  leverage-direction        skip             supabase_newer
  prg-periodic-garch        skip             supabase_newer
  taiwan-vt                 skip             supabase_newer
  vix-sufficiency           skip             supabase_newer
  volatility-absorption     skip             supabase_newer
  vt-crowding-abm           skip             supabase_newer
  vt-insurance-cost         skip             supabase_newer
  vt-trend-following        skip             supabase_newer
Sync complete {'skip': 10, 'updated': 1}
JSON: {"action": "paper_sync_all", "summary": {"skip": 10, "updated": 1}, 
"results": [{"paper_id": "crypto-fear-channel", "action": "skip", "reason": 
"supabase_newer"}, {"paper_id": "eav-universal-magnitude", "action": "updated", 
"pages": null, "citations": null, "updated_at": 
"2026-05-19T22:00:11.499327+00:00"}, {"paper_id": "garch-x-vix", "action": 
"skip", "reason": "supabase_newer"}, {"paper_id": "leverage-direction", 
"action": "skip", "reason": "supabase_newer"}, {"paper_id": 
"prg-periodic-garch", "action": "skip", "reason": "supabase_newer"}, 
{"paper_id": "taiwan-vt", "action": "skip", "reason": "supabase_newer"}, 
{"paper_id": "vix-sufficiency", "action": "skip", "reason": "supabase_newer"}, 
{"paper_id": "volatility-absorption", "action": "skip", "reason": 
"supabase_newer"}, {"paper_id": "vt-crowding-abm", "action": "skip", "reason": 
"supabase_newer"}, {"paper_id": "vt-insurance-cost", "action": "skip", "reason":
"supabase_newer"}, {"paper_id": "vt-trend-following", "action": "skip", 
"reason": "supabase_newer"}]}
=== [paper_sync_all] piggy-back fire at 2026-05-19T22:00:18.517317+00:00 ===
=== paper-sync-all 2026-05-20 06:00:18 ===
  crypto-fear-channel       skip             supabase_newer
  eav-universal-magnitude   skip             supabase_newer
  garch-x-vix               skip             supabase_newer
  leverage-direction        skip             supabase_newer
  prg-periodic-garch        skip             supabase_newer
  taiwan-vt                 skip             supabase_newer
  vix-sufficiency           skip             supabase_newer
  volatility-absorption     skip             supabase_newer
  vt-crowding-abm           skip             supabase_newer
  vt-insurance-cost         skip             supabase_newer
  vt-trend-following        skip             supabase_newer
Sync complete {'skip': 11}
JSON: {"action": "paper_sync_all", "summary": {"skip": 11}, "results": 
[{"paper_id": "crypto-fear-channel", "action": "skip", "reason": 
"supabase_newer"}, {"paper_id": "eav-universal-magnitude", "action": "skip", 
"reason": "supabase_newer"}, {"paper_id": "garch-x-vix", "action": "skip", 
"reason": "supabase_newer"}, {"paper_id": "leverage-direction", "action": 
"skip", "reason": "supabase_newer"}, {"paper_id": "prg-periodic-garch", 
"action": "skip", "reason": "supabase_newer"}, {"paper_id": "taiwan-vt", 
"action": "skip", "reason": "supabase_newer"}, {"paper_id": "vix-sufficiency", 
"action": "skip", "reason": "supabase_newer"}, {"paper_id": 
"volatility-absorption", "action": "skip", "reason": "supabase_newer"}, 
{"paper_id": "vt-crowding-abm", "action": "skip", "reason": "supabase_newer"}, 
{"paper_id": "vt-insurance-cost", "action": "skip", "reason": "supabase_newer"},
{"paper_id": "vt-trend-following", "action": "skip", "reason": 
"supabase_newer"}]}
=== [paper_sync_all] exit 0 at 2026-05-19T22:00:18.936276+00:00 (duration=0.4s) ===
=== paper-sync-all 2026-05-20 12:00:01 ===
  crypto-fear-channel       skip             supabase_newer
  eav-universal-magnitude   skip             supabase_newer
  garch-x-vix               skip             supabase_newer
  leverage-direction        skip             supabase_newer
  prg-periodic-garch        skip             supabase_newer
  taiwan-vt                 skip             supabase_newer
  vix-sufficiency           skip             supabase_newer
  volatility-absorption     skip             supabase_newer
  vt-crowding-abm           skip             supabase_newer
  vt-insurance-cost         skip             supabase_newer
  vt-trend-following        skip             supabase_newer
Sync complete {'skip': 11}
JSON: {"action": "paper_sync_all", "summary": {"skip": 11}, "results": 
[{"paper_id": "crypto-fear-channel", "action": "skip", "reason": 
"supabase_newer"}, {"paper_id": "eav-universal-magnitude", "action": "skip", 
"reason": "supabase_newer"}, {"paper_id": "garch-x-vix", "action": "skip", 
"reason": "supabase_newer"}, {"paper_id": "leverage-direction", "action": 
"skip", "reason": "supabase_newer"}, {"paper_id": "prg-periodic-garch", 
"action": "skip", "reason": "supabase_newer"}, {"paper_id": "taiwan-vt", 
"action": "skip", "reason": "supabase_newer"}, {"paper_id": "vix-sufficiency", 
"action": "skip", "reason": "supabase_newer"}, {"paper_id": 
"volatility-absorption", "action": "skip", "reason": "supabase_newer"}, 
{"paper_id": "vt-crowding-abm", "action": "skip", "reason": "supabase_newer"}, 
{"paper_id": "vt-insurance-cost", "action": "skip", "reason": "supabase_newer"},
{"paper_id": "vt-trend-following", "action": "skip", "reason": 
"supabase_newer"}]}
=== [paper_sync_all] piggy-back fire at 2026-05-20T04:00:10.044229+00:00 ===
=== paper-sync-all 2026-05-20 12:00:10 ===
  crypto-fear-channel       skip             supabase_newer
  eav-universal-magnitude   skip             supabase_newer
  garch-x-vix               skip             supabase_newer
  leverage-direction        skip             supabase_newer
  prg-periodic-garch        skip             supabase_newer
  taiwan-vt                 skip             supabase_newer
  vix-sufficiency           skip             supabase_newer
  volatility-absorption     skip             supabase_newer
  vt-crowding-abm           skip             supabase_newer
  vt-insurance-cost         skip             supabase_newer
  vt-trend-following        skip             supabase_newer
Sync complete {'skip': 11}
JSON: {"action": "paper_sync_all", "summary": {"skip": 11}, "results": 
[{"paper_id": "crypto-fear-channel", "action": "skip", "reason": 
"supabase_newer"}, {"paper_id": "eav-universal-magnitude", "action": "skip", 
"reason": "supabase_newer"}, {"paper_id": "garch-x-vix", "action": "skip", 
"reason": "supabase_newer"}, {"paper_id": "leverage-direction", "action": 
"skip", "reason": "supabase_newer"}, {"paper_id": "prg-periodic-garch", 
"action": "skip", "reason": "supabase_newer"}, {"paper_id": "taiwan-vt", 
"action": "skip", "reason": "supabase_newer"}, {"paper_id": "vix-sufficiency", 
"action": "skip", "reason": "supabase_newer"}, {"paper_id": 
"volatility-absorption", "action": "skip", "reason": "supabase_newer"}, 
{"paper_id": "vt-crowding-abm", "action": "skip", "reason": "supabase_newer"}, 
{"paper_id": "vt-insurance-cost", "action": "skip", "reason": "supabase_newer"},
{"paper_id": "vt-trend-following", "action": "skip", "reason": 
"supabase_newer"}]}
=== [paper_sync_all] exit 0 at 2026-05-20T04:00:14.646976+00:00 (duration=4.6s) ===
=== paper-sync-all 2026-05-20 14:47:04 ===
  crypto-fear-channel       skip             supabase_newer
  eav-universal-magnitude   skip             supabase_newer
  garch-x-vix               skip             supabase_newer
  leverage-direction        skip             supabase_newer
  prg-periodic-garch        skip             supabase_newer
  taiwan-vt                 skip             supabase_newer
  vix-sufficiency           skip             supabase_newer
  volatility-absorption     skip             supabase_newer
  vt-crowding-abm           skip             supabase_newer
  vt-insurance-cost         skip             supabase_newer
  vt-trend-following        skip             supabase_newer
Sync complete {'skip': 11}
JSON: {"action": "paper_sync_all", "summary": {"skip": 11}, "results": 
[{"paper_id": "crypto-fear-channel", "action": "skip", "reason": 
"supabase_newer"}, {"paper_id": "eav-universal-magnitude", "action": "skip", 
"reason": "supabase_newer"}, {"paper_id": "garch-x-vix", "action": "skip", 
"reason": "supabase_newer"}, {"paper_id": "leverage-direction", "action": 
"skip", "reason": "supabase_newer"}, {"paper_id": "prg-periodic-garch", 
"action": "skip", "reason": "supabase_newer"}, {"paper_id": "taiwan-vt", 
"action": "skip", "reason": "supabase_newer"}, {"paper_id": "vix-sufficiency", 
"action": "skip", "reason": "supabase_newer"}, {"paper_id": 
"volatility-absorption", "action": "skip", "reason": "supabase_newer"}, 
{"paper_id": "vt-crowding-abm", "action": "skip", "reason": "supabase_newer"}, 
{"paper_id": "vt-insurance-cost", "action": "skip", "reason": "supabase_newer"},
{"paper_id": "vt-trend-following", "action": "skip", "reason": 
"supabase_newer"}]}
=== paper-sync-all 2026-05-20 16:20:10 ===
  crypto-fear-channel       skip             supabase_newer
  eav-universal-magnitude   skip             supabase_newer
  garch-x-vix               skip             supabase_newer
  leverage-direction        skip             supabase_newer
  prg-periodic-garch        skip             supabase_newer
  taiwan-vt                 update_failed    
  vix-sufficiency           skip             supabase_newer
  volatility-absorption     skip             supabase_newer
  vt-crowding-abm           skip             supabase_newer
  vt-insurance-cost         skip             supabase_newer
  vt-trend-following        skip             supabase_newer
Sync complete {'skip': 10, 'update_failed': 1}
JSON: {"action": "paper_sync_all", "summary": {"skip": 10, "update_failed": 1}, 
"results": [{"paper_id": "crypto-fear-channel", "action": "skip", "reason": 
"supabase_newer"}, {"paper_id": "eav-universal-magnitude", "action": "skip", 
"reason": "supabase_newer"}, {"paper_id": "garch-x-vix", "action": "skip", 
"reason": "supabase_newer"}, {"paper_id": "leverage-direction", "action": 
"skip", "reason": "supabase_newer"}, {"paper_id": "prg-periodic-garch", 
"action": "skip", "reason": "supabase_newer"}, {"paper_id": "taiwan-vt", 
"action": "update_failed", "error": "<urlopen error timed out>"}, {"paper_id": 
"vix-sufficiency", "action": "skip", "reason": "supabase_newer"}, {"paper_id": 
"volatility-absorption", "action": "skip", "reason": "supabase_newer"}, 
{"paper_id": "vt-crowding-abm", "action": "skip", "reason": "supabase_newer"}, 
{"paper_id": "vt-insurance-cost", "action": "skip", "reason": "supabase_newer"},
{"paper_id": "vt-trend-following", "action": "skip", "reason": 
"supabase_newer"}]}
=== paper-sync-all 2026-05-20 18:00:01 ===
=== [paper_sync_all] piggy-back fire at 2026-05-20T10:00:05.738124+00:00 ===
=== paper-sync-all 2026-05-20 18:00:05 ===
  crypto-fear-channel       skip             supabase_newer
  eav-universal-magnitude   skip             supabase_newer
  garch-x-vix               skip             supabase_newer
  leverage-direction        skip             supabase_newer
  prg-periodic-garch        skip             supabase_newer
  taiwan-vt                 updated          2026-05-20T10:00:08.51296+00:00
  vix-sufficiency           skip             supabase_newer
  volatility-absorption     skip             supabase_newer
  vt-crowding-abm           skip             supabase_newer
  vt-insurance-cost         skip             supabase_newer
  vt-trend-following        skip             supabase_newer
Sync complete {'skip': 10, 'updated': 1}
JSON: {"action": "paper_sync_all", "summary": {"skip": 10, "updated": 1}, 
"results": [{"paper_id": "crypto-fear-channel", "action": "skip", "reason": 
"supabase_newer"}, {"paper_id": "eav-universal-magnitude", "action": "skip", 
"reason": "supabase_newer"}, {"paper_id": "garch-x-vix", "action": "skip", 
"reason": "supabase_newer"}, {"paper_id": "leverage-direction", "action": 
"skip", "reason": "supabase_newer"}, {"paper_id": "prg-periodic-garch", 
"action": "skip", "reason": "supabase_newer"}, {"paper_id": "taiwan-vt", 
"action": "updated", "pages": 60, "citations": 32, "updated_at": 
"2026-05-20T10:00:08.51296+00:00"}, {"paper_id": "vix-sufficiency", "action": 
"skip", "reason": "supabase_newer"}, {"paper_id": "volatility-absorption", 
"action": "skip", "reason": "supabase_newer"}, {"paper_id": "vt-crowding-abm", 
"action": "skip", "reason": "supabase_newer"}, {"paper_id": "vt-insurance-cost",
"action": "skip", "reason": "supabase_newer"}, {"paper_id": 
"vt-trend-following", "action": "skip", "reason": "supabase_newer"}]}
  crypto-fear-channel       skip             supabase_newer
  eav-universal-magnitude   skip             supabase_newer
  garch-x-vix               skip             supabase_newer
  leverage-direction        skip             supabase_newer
  prg-periodic-garch        skip             supabase_newer
  taiwan-vt                 updated          2026-05-20T10:00:08.51296+00:00
  vix-sufficiency           skip             supabase_newer
  volatility-absorption     skip             supabase_newer
  vt-crowding-abm           skip             supabase_newer
  vt-insurance-cost         skip             supabase_newer
  vt-trend-following        skip             supabase_newer
Sync complete {'skip': 10, 'updated': 1}
JSON: {"action": "paper_sync_all", "summary": {"skip": 10, "updated": 1}, 
"results": [{"paper_id": "crypto-fear-channel", "action": "skip", "reason": 
"supabase_newer"}, {"paper_id": "eav-universal-magnitude", "action": "skip", 
"reason": "supabase_newer"}, {"paper_id": "garch-x-vix", "action": "skip", 
"reason": "supabase_newer"}, {"paper_id": "leverage-direction", "action": 
"skip", "reason": "supabase_newer"}, {"paper_id": "prg-periodic-garch", 
"action": "skip", "reason": "supabase_newer"}, {"paper_id": "taiwan-vt", 
"action": "updated", "pages": 60, "citations": 32, "updated_at": 
"2026-05-20T10:00:08.51296+00:00"}, {"paper_id": "vix-sufficiency", "action": 
"skip", "reason": "supabase_newer"}, {"paper_id": "volatility-absorption", 
"action": "skip", "reason": "supabase_newer"}, {"paper_id": "vt-crowding-abm", 
"action": "skip", "reason": "supabase_newer"}, {"paper_id": "vt-insurance-cost",
"action": "skip", "reason": "supabase_newer"}, {"paper_id": 
"vt-trend-following", "action": "skip", "reason": "supabase_newer"}]}
=== [paper_sync_all] exit 0 at 2026-05-20T10:00:08.788710+00:00 (duration=3.1s) ===
=== paper-sync-all 2026-05-20 18:21:34 ===
  crypto-fear-channel       skip             supabase_newer
  eav-universal-magnitude   skip             supabase_newer
  garch-x-vix               skip             supabase_newer
  leverage-direction        skip             supabase_newer
  prg-periodic-garch        skip             supabase_newer
  taiwan-vt                 skip             supabase_newer
  vix-sufficiency           skip             supabase_newer
  volatility-absorption     skip             supabase_newer
  vt-crowding-abm           skip             supabase_newer
  vt-insurance-cost         skip             supabase_newer
  vt-trend-following        skip             supabase_newer
Sync complete {'skip': 11}
JSON: {"action": "paper_sync_all", "summary": {"skip": 11}, "results": 
[{"paper_id": "crypto-fear-channel", "action": "skip", "reason": 
"supabase_newer"}, {"paper_id": "eav-universal-magnitude", "action": "skip", 
"reason": "supabase_newer"}, {"paper_id": "garch-x-vix", "action": "skip", 
"reason": "supabase_newer"}, {"paper_id": "leverage-direction", "action": 
"skip", "reason": "supabase_newer"}, {"paper_id": "prg-periodic-garch", 
"action": "skip", "reason": "supabase_newer"}, {"paper_id": "taiwan-vt", 
"action": "skip", "reason": "supabase_newer"}, {"paper_id": "vix-sufficiency", 
"action": "skip", "reason": "supabase_newer"}, {"paper_id": 
"volatility-absorption", "action": "skip", "reason": "supabase_newer"}, 
{"paper_id": "vt-crowding-abm", "action": "skip", "reason": "supabase_newer"}, 
{"paper_id": "vt-insurance-cost", "action": "skip", "reason": "supabase_newer"},
{"paper_id": "vt-trend-following", "action": "skip", "reason": 
"supabase_newer"}]}
