Date,Open,High,Low,Close,Adj Close,Volume
2008-01-02,25.700000762939453,25.700000762939453,25.700000762939453,25.700000762939453,11.018335342407227,0
2008-01-03,25.229999542236328,25.229999542236328,25.229999542236328,25.229999542236328,10.816831588745117,0
2008-01-04,25.510000228881836,25.510000228881836,25.510000228881836,25.510000228881836,10.936878204345703,0
2008-01-07,24.850000381469727,24.850000381469727,24.850000381469727,24.850000381469727,10.653918266296387,0
2008-01-08,25.3799991607666,25.3799991607666,25.3799991607666,25.3799991607666,10.881142616271973,0
2008-01-09,25.829999923706055,25.829999923706055,25.829999923706055,25.829999923706055,11.074069023132324,0
2008-01-10,25.729999542236328,25.729999542236328,25.729999542236328,25.729999542236328,11.031197547912598,0
2008-01-11,25.610000610351562,25.610000610351562,25.610000610351562,25.610000610351562,10.979751586914062,0
2008-01-14,25.860000610351562,25.860000610351562,25.860000610351562,25.860000610351562,11.086933135986328,0
2008-01-15,26.200000762939453,26.200000762939453,26.200000762939453,26.200000762939453,11.232701301574707,0
2008-01-16,25.350000381469727,25.350000381469727,25.350000381469727,25.350000381469727,10.868281364440918,0
2008-01-17,24.93000030517578,24.93000030517578,24.93000030517578,24.93000030517578,10.688215255737305,0
2008-01-18,24.950000762939453,24.950000762939453,24.950000762939453,24.950000762939453,10.696788787841797,0
2008-01-21,24.700000762939453,24.700000762939453,24.700000762939453,24.700000762939453,10.58961009979248,0
2008-01-22,23.18000030517578,23.18000030517578,23.18000030517578,23.18000030517578,9.93793773651123,0
2008-01-23,22.850000381469727,22.850000381469727,22.850000381469727,22.850000381469727,9.796459197998047,0
2008-01-24,23.100000381469727,23.100000381469727,23.100000381469727,23.100000381469727,9.903639793395996,0
2008-01-25,23.479999542236328,23.479999542236328,23.479999542236328,23.479999542236328,10.066557884216309,0
2008-01-28,22.6299991607666,22.6299991607666,22.6299991607666,22.6299991607666,9.702139854431152,0
2008-01-29,22.850000381469727,22.850000381469727,22.850000381469727,22.850000381469727,9.796459197998047,0
2008-01-30,22.760000228881836,22.760000228881836,22.760000228881836,22.760000228881836,9.75787353515625,0
2008-01-31,22.790000915527344,22.790000915527344,22.790000915527344,22.790000915527344,9.770736694335938,0
2008-02-01,23.200000762939453,23.200000762939453,23.200000762939453,23.200000762939453,9.946513175964355,0
2008-02-12,22.770000457763672,22.770000457763672,22.770000457763672,22.770000457763672,9.76215648651123,0
2008-02-13,22.600000381469727,22.600000381469727,22.600000381469727,22.600000381469727,9.689277648925781,0
2008-02-14,23.440000534057617,23.440000534057617,23.440000534057617,23.440000534057617,10.049407005310059,0
2008-02-15,23.389999389648438,23.389999389648438,23.389999389648438,23.389999389648438,10.027970314025879,0
2008-02-18,23.5,23.5,23.5,23.5,10.0751314163208,0
2008-02-19,23.90999984741211,23.90999984741211,23.90999984741211,23.90999984741211,10.250911712646484,0
2008-02-20,23.420000076293945,23.420000076293945,23.420000076293945,23.420000076293945,10.040837287902832,0
2008-02-21,23.950000762939453,23.950000762939453,23.950000762939453,23.950000762939453,10.268058776855469,0
2008-02-22,23.81999969482422,23.81999969482422,23.81999969482422,23.81999969482422,10.212324142456055,0
2008-02-25,24.34000015258789,24.34000015258789,24.34000015258789,24.34000015258789,10.435263633728027,0
2008-02-26,24.440000534057617,24.440000534057617,24.440000534057617,24.440000534057617,10.478137969970703,0
2008-02-27,24.860000610351562,24.860000610351562,24.860000610351562,24.860000610351562,10.658203125,0
2008-02-29,24.81999969482422,24.81999969482422,24.81999969482422,24.81999969482422,10.641056060791016,0
2008-03-03,24.540000915527344,24.540000915527344,24.540000915527344,24.540000915527344,10.521011352539062,0
2008-03-04,25.139999389648438,25.139999389648438,25.139999389648438,25.139999389648438,10.778249740600586,0
2008-03-05,25.219999313354492,25.219999313354492,25.219999313354492,25.219999313354492,10.812545776367188,0
2008-03-06,25.780000686645508,25.780000686645508,25.780000686645508,25.780000686645508,11.052632331848145,0
2008-03-07,25.399999618530273,25.399999618530273,25.399999618530273,25.399999618530273,10.889715194702148,0
2008-03-10,24.889999389648438,24.889999389648438,24.889999389648438,24.889999389648438,10.671063423156738,0
2008-03-11,25.040000915527344,25.040000915527344,25.040000915527344,25.040000915527344,10.735374450683594,0
2008-03-12,25.139999389648438,25.139999389648438,25.139999389648438,25.139999389648438,10.778249740600586,0
2008-03-13,24.479999542236328,24.479999542236328,24.479999542236328,24.479999542236328,10.495285987854004,0
2008-03-14,24.299999237060547,24.299999237060547,24.299999237060547,24.299999237060547,10.418116569519043,0
2008-03-17,23.829999923706055,23.829999923706055,23.829999923706055,23.829999923706055,10.216611862182617,0
2008-03-18,24.049999237060547,24.049999237060547,24.049999237060547,24.049999237060547,10.310935020446777,0
2008-03-19,24.309999465942383,24.309999465942383,24.309999465942383,24.309999465942383,10.422404289245605,0
2008-03-20,24.65999984741211,24.65999984741211,24.65999984741211,24.65999984741211,10.572458267211914,0
2008-03-21,25.09000015258789,25.09000015258789,25.09000015258789,25.09000015258789,10.756813049316406,0
2008-03-24,25.8700008392334,25.8700008392334,25.8700008392334,25.8700008392334,11.091219902038574,0
2008-03-25,25.81999969482422,25.81999969482422,25.81999969482422,25.81999969482422,11.069783210754395,0
2008-03-26,25.790000915527344,25.790000915527344,25.790000915527344,25.790000915527344,11.05692195892334,0
2008-03-27,25.559999465942383,25.559999465942383,25.559999465942383,25.559999465942383,10.958312034606934,0
2008-03-28,25.719999313354492,25.719999313354492,25.719999313354492,25.719999313354492,11.026910781860352,0
2008-03-31,25.639999389648438,25.639999389648438,25.639999389648438,25.639999389648438,10.992613792419434,0
2008-04-01,25.260000228881836,25.260000228881836,25.260000228881836,25.260000228881836,10.829694747924805,0
2008-04-02,25.709999084472656,25.709999084472656,25.709999084472656,25.709999084472656,11.022621154785156,0
2008-04-03,25.579999923706055,25.579999923706055,25.579999923706055,25.579999923706055,10.966887474060059,0
2008-04-07,25.899999618530273,25.899999618530273,25.899999618530273,25.899999618530273,11.104081153869629,0
2008-04-08,25.670000076293945,25.670000076293945,25.670000076293945,25.670000076293945,11.005473136901855,0
2008-04-09,25.6299991607666,25.6299991607666,25.6299991607666,25.6299991607666,10.988324165344238,0
2008-04-10,26.040000915527344,26.040000915527344,26.040000915527344,26.040000915527344,11.164104461669922,0
2008-04-11,26.18000030517578,26.18000030517578,26.18000030517578,26.18000030517578,11.224126815795898,0
2008-04-14,26.299999237060547,26.299999237060547,26.299999237060547,26.299999237060547,11.275574684143066,0
2008-04-15,26.360000610351562,26.360000610351562,26.360000610351562,26.360000610351562,11.301300048828125,0
2008-04-16,26.68000030517578,26.68000030517578,26.68000030517578,26.68000030517578,11.438490867614746,0
2008-04-17,26.760000228881836,26.760000228881836,26.760000228881836,26.760000228881836,11.472787857055664,0
2008-04-18,26.780000686645508,26.780000686645508,26.780000686645508,26.780000686645508,11.481363296508789,0
2008-04-21,26.760000228881836,26.760000228881836,26.760000228881836,26.760000228881836,11.472787857055664,0
2008-04-22,26.690000534057617,26.690000534057617,26.690000534057617,26.690000534057617,11.442776679992676,0
2008-04-23,26.68000030517578,26.68000030517578,26.68000030517578,26.68000030517578,11.438490867614746,0
2008-04-24,26.68000030517578,26.68000030517578,26.68000030517578,26.68000030517578,11.438490867614746,0
2008-04-25,26.6200008392334,26.6200008392334,26.6200008392334,26.6200008392334,11.41276741027832,0
2008-04-28,26.84000015258789,26.84000015258789,26.84000015258789,26.84000015258789,11.507088661193848,0
2008-04-29,26.309999465942383,26.309999465942383,26.309999465942383,26.309999465942383,11.279860496520996,0
2008-04-30,26.420000076293945,26.420000076293945,26.420000076293945,26.420000076293945,11.327022552490234,0
2008-05-02,26.489999771118164,26.489999771118164,26.489999771118164,26.489999771118164,11.35702896118164,0
2008-05-05,26.200000762939453,26.200000762939453,26.200000762939453,26.200000762939453,11.232701301574707,0
2008-05-06,26.270000457763672,26.270000457763672,26.270000457763672,26.270000457763672,11.262713432312012,0
2008-05-07,26.399999618530273,26.399999618530273,26.399999618530273,26.399999618530273,11.318449020385742,0
2008-05-08,26.18000030517578,26.18000030517578,26.18000030517578,26.18000030517578,11.224126815795898,0
2008-05-09,26.030000686645508,26.030000686645508,26.030000686645508,26.030000686645508,11.159817695617676,0
2008-05-12,26.110000610351562,26.110000610351562,26.110000610351562,26.110000610351562,11.19411563873291,0
2008-05-13,26.579999923706055,26.579999923706055,26.579999923706055,26.579999923706055,11.39561939239502,0
2008-05-14,26.670000076293945,26.670000076293945,26.670000076293945,26.670000076293945,11.434205055236816,0
2008-05-15,27.1299991607666,27.1299991607666,27.1299991607666,27.1299991607666,11.631418228149414,0
2008-05-16,27.229999542236328,27.229999542236328,27.229999542236328,27.229999542236328,11.674290657043457,0
2008-05-19,27.579999923706055,27.579999923706055,27.579999923706055,27.579999923706055,11.824347496032715,0
2008-05-20,26.989999771118164,26.989999771118164,26.989999771118164,26.989999771118164,11.571395874023438,0
2008-05-21,26.799999237060547,26.799999237060547,26.799999237060547,26.799999237060547,11.489937782287598,0
2008-05-22,26.530000686645508,26.530000686645508,26.530000686645508,26.530000686645508,11.37418270111084,0
2008-05-23,26.229999542236328,26.229999542236328,26.229999542236328,26.229999542236328,11.245562553405762,0
2008-05-26,25.940000534057617,25.940000534057617,25.940000534057617,25.940000534057617,11.121232032775879,0
2008-05-27,26.079999923706055,26.079999923706055,26.079999923706055,26.079999923706055,11.181252479553223,0
2008-05-28,25.729999542236328,25.729999542236328,25.729999542236328,25.729999542236328,11.031197547912598,0
2008-05-29,25.68000030517578,25.68000030517578,25.68000030517578,25.68000030517578,11.009761810302734,0
2008-05-30,25.40999984741211,25.40999984741211,25.40999984741211,25.40999984741211,10.894003868103027,0
2008-06-02,25.639999389648438,25.639999389648438,25.639999389648438,25.639999389648438,10.992613792419434,0
2008-06-03,25.239999771118164,25.239999771118164,25.239999771118164,25.239999771118164,10.821121215820312,0
2008-06-04,25.489999771118164,25.489999771118164,25.489999771118164,25.489999771118164,10.928302764892578,0
2008-06-05,25.790000915527344,25.790000915527344,25.790000915527344,25.790000915527344,11.05692195892334,0
2008-06-06,25.790000915527344,25.790000915527344,25.790000915527344,25.790000915527344,11.05692195892334,0
2008-06-09,25.469999313354492,25.469999313354492,25.469999313354492,25.469999313354492,10.919727325439453,0
2008-06-10,24.860000610351562,24.860000610351562,24.860000610351562,24.860000610351562,10.658203125,0
2008-06-11,24.760000228881836,24.760000228881836,24.760000228881836,24.760000228881836,10.615330696105957,0
2008-06-12,23.760000228881836,23.760000228881836,23.760000228881836,23.760000228881836,10.186600685119629,0
2008-06-13,23.889999389648438,23.889999389648438,23.889999389648438,23.889999389648438,10.24233627319336,0
2008-06-16,24.1299991607666,24.1299991607666,24.1299991607666,24.1299991607666,10.345230102539062,0
2008-06-17,24.040000915527344,24.040000915527344,24.040000915527344,24.040000915527344,10.306645393371582,0
2008-06-18,24.200000762939453,24.200000762939453,24.200000762939453,24.200000762939453,10.37524127960205,0
2008-06-19,23.729999542236328,23.729999542236328,23.729999542236328,23.729999542236328,10.173738479614258,0
2008-06-20,23.290000915527344,23.290000915527344,23.290000915527344,23.290000915527344,9.985099792480469,0
2008-06-23,23.09000015258789,23.09000015258789,23.09000015258789,23.09000015258789,9.89935302734375,0
2008-06-24,22.639999389648438,22.639999389648438,22.639999389648438,22.639999389648438,9.706425666809082,0
2008-06-25,23.110000610351562,23.110000610351562,23.110000610351562,23.110000610351562,9.907926559448242,0
2008-06-26,23.1299991607666,23.1299991607666,23.1299991607666,23.1299991607666,9.916501998901367,0
2008-06-27,22.489999771118164,22.489999771118164,22.489999771118164,22.489999771118164,9.642115592956543,0
2008-06-30,22.540000915527344,22.540000915527344,22.540000915527344,22.540000915527344,9.663552284240723,0
2008-07-01,22.290000915527344,22.290000915527344,22.290000915527344,22.290000915527344,9.556368827819824,0
2008-07-02,22.399999618530273,22.399999618530273,22.399999618530273,22.399999618530273,9.603531837463379,0
2008-07-03,22.469999313354492,22.469999313354492,22.469999313354492,22.469999313354492,9.633540153503418,0
2008-07-04,21.90999984741211,21.90999984741211,21.90999984741211,21.90999984741211,9.393454551696777,0
2008-07-07,22.280000686645508,22.280000686645508,22.280000686645508,22.280000686645508,9.552083969116211,0
2008-07-08,21.40999984741211,21.40999984741211,21.40999984741211,21.40999984741211,9.179088592529297,0
2008-07-09,21.459999084472656,21.459999084472656,21.459999084472656,21.459999084472656,9.20052433013916,0
2008-07-10,21.65999984741211,21.65999984741211,21.65999984741211,21.65999984741211,9.28626823425293,0
2008-07-11,22.18000030517578,22.18000030517578,22.18000030517578,22.18000030517578,9.509210586547852,0
2008-07-14,21.950000762939453,21.950000762939453,21.950000762939453,21.950000762939453,9.410602569580078,0
2008-07-15,21.059999465942383,21.059999465942383,21.059999465942383,21.059999465942383,9.029033660888672,0
2008-07-16,20.760000228881836,20.760000228881836,20.760000228881836,20.760000228881836,8.900415420532227,0
2008-07-17,21.280000686645508,21.280000686645508,21.280000686645508,21.280000686645508,9.1233549118042,0
2008-07-18,20.770000457763672,20.770000457763672,20.770000457763672,20.770000457763672,8.904702186584473,0
2008-07-21,21.329999923706055,21.329999923706055,21.329999923706055,21.329999923706055,9.144789695739746,0
2008-07-22,21.270000457763672,21.270000457763672,21.270000457763672,21.270000457763672,9.11906623840332,0
2008-07-23,22.110000610351562,22.110000610351562,22.110000610351562,22.110000610351562,9.479198455810547,0
2008-07-24,22.399999618530273,22.399999618530273,22.399999618530273,22.399999618530273,9.603531837463379,0
2008-07-25,22.1200008392334,22.1200008392334,22.1200008392334,22.1200008392334,9.483487129211426,0
2008-07-29,21.59000015258789,21.59000015258789,21.59000015258789,21.59000015258789,9.256258010864258,0
2008-07-30,21.75,21.75,21.75,21.75,9.32485580444336,0
2008-07-31,21.639999389648438,21.639999389648438,21.639999389648438,21.639999389648438,9.277694702148438,0
2008-08-01,21.479999542236328,21.479999542236328,21.479999542236328,21.479999542236328,9.209098815917969,0
2008-08-04,21.229999542236328,21.229999542236328,21.229999542236328,21.229999542236328,9.101916313171387,0
2008-08-05,20.65999984741211,20.65999984741211,20.65999984741211,20.65999984741211,8.857540130615234,0
2008-08-06,21.229999542236328,21.229999542236328,21.229999542236328,21.229999542236328,9.101916313171387,0
2008-08-07,21.139999389648438,21.139999389648438,21.139999389648438,21.139999389648438,9.063331604003906,0
2008-08-08,21.600000381469727,21.600000381469727,21.600000381469727,21.600000381469727,9.260546684265137,0
2008-08-11,21.989999771118164,21.989999771118164,21.989999771118164,21.989999771118164,9.427750587463379,0
2008-08-12,21.8799991607666,21.8799991607666,21.8799991607666,21.8799991607666,9.38059139251709,0
2008-08-13,22.149999618530273,22.149999618530273,22.149999618530273,22.149999618530273,9.496346473693848,0
2008-08-14,22.399999618530273,22.399999618530273,22.399999618530273,22.399999618530273,9.603531837463379,0
2008-08-15,22.030000686645508,22.030000686645508,22.030000686645508,22.030000686645508,9.444900512695312,0
2008-08-18,21.549999237060547,21.549999237060547,21.549999237060547,21.549999237060547,9.239108085632324,0
2008-08-19,21.649999618530273,21.649999618530273,21.649999618530273,21.649999618530273,9.281983375549316,0
2008-08-20,21.700000762939453,21.700000762939453,21.700000762939453,21.700000762939453,9.30341911315918,0
2008-08-21,21.190000534057617,21.190000534057617,21.190000534057617,21.190000534057617,9.084765434265137,0
2008-08-22,21.15999984741211,21.15999984741211,21.15999984741211,21.15999984741211,9.071906089782715,0
2008-08-25,21.559999465942383,21.559999465942383,21.559999465942383,21.559999465942383,9.243395805358887,0
2008-08-26,21.43000030517578,21.43000030517578,21.43000030517578,21.43000030517578,9.187662124633789,0
2008-08-27,21.829999923706055,21.829999923706055,21.829999923706055,21.829999923706055,9.359156608581543,0
2008-08-28,21.8799991607666,21.8799991607666,21.8799991607666,21.8799991607666,9.38059139251709,0
2008-08-29,22.1200008392334,22.1200008392334,22.1200008392334,22.1200008392334,9.483487129211426,0
2008-09-01,21.450000762939453,21.450000762939453,21.450000762939453,21.450000762939453,9.19623851776123,0
2008-09-02,21.229999542236328,21.229999542236328,21.229999542236328,21.229999542236328,9.101916313171387,0
2008-09-03,20.719999313354492,20.719999313354492,20.719999313354492,20.719999313354492,8.883265495300293,0
2008-09-04,20.020000457763672,20.020000457763672,20.020000457763672,20.020000457763672,8.583155632019043,0
2008-09-05,19.540000915527344,19.540000915527344,19.540000915527344,19.540000915527344,8.377366065979004,0
2008-09-08,20.600000381469727,20.600000381469727,20.600000381469727,20.600000381469727,8.831816673278809,0
2008-09-09,19.809999465942383,19.809999465942383,19.809999465942383,19.809999465942383,8.493122100830078,0
2008-09-10,19.889999389648438,19.889999389648438,19.889999389648438,19.889999389648438,8.527420997619629,0
2008-09-11,19.1299991607666,19.1299991607666,19.1299991607666,19.1299991607666,8.20158576965332,0
2008-09-12,19.399999618530273,19.399999618530273,19.399999618530273,19.399999618530273,8.317343711853027,0
2008-09-15,18.469999313354492,18.469999313354492,18.469999313354492,18.469999313354492,7.918625831604004,0
2008-09-16,17.40999984741211,17.40999984741211,17.40999984741211,17.40999984741211,7.46417236328125,0
2008-09-17,17.510000228881836,17.510000228881836,17.510000228881836,17.510000228881836,7.507046222686768,0
2008-09-18,16.920000076293945,16.920000076293945,16.920000076293945,16.920000076293945,7.25409460067749,0
2008-09-19,17.959999084472656,17.959999084472656,17.959999084472656,17.959999084472656,7.6999735832214355,0
2008-09-22,18.510000228881836,18.510000228881836,18.510000228881836,18.510000228881836,7.935774803161621,0
2008-09-23,18.790000915527344,18.790000915527344,18.790000915527344,18.790000915527344,8.055818557739258,0
2008-09-24,18.760000228881836,18.760000228881836,18.760000228881836,18.760000228881836,8.04295539855957,0
2008-09-25,18.469999313354492,18.469999313354492,18.469999313354492,18.469999313354492,7.918625831604004,0
2008-09-26,17.90999984741211,17.90999984741211,17.90999984741211,17.90999984741211,7.678537368774414,0
2008-09-30,17.34000015258789,17.34000015258789,17.34000015258789,17.34000015258789,7.434161186218262,0
2008-10-01,17.6200008392334,17.6200008392334,17.6200008392334,17.6200008392334,7.554206371307373,0
2008-10-02,17.510000228881836,17.510000228881836,17.510000228881836,17.510000228881836,7.507046222686768,0
2008-10-03,17.670000076293945,17.670000076293945,17.670000076293945,17.670000076293945,7.575642108917236,0
2008-10-06,17.030000686645508,17.030000686645508,17.030000686645508,17.030000686645508,7.301254749298096,0
2008-10-07,17.1200008392334,17.1200008392334,17.1200008392334,17.1200008392334,7.339839458465576,0
2008-10-08,16.15999984741211,16.15999984741211,16.15999984741211,16.15999984741211,6.9282612800598145,0
2008-10-09,15.770000457763672,15.770000457763672,15.770000457763672,15.770000457763672,6.7610578536987305,0
2008-10-13,15.350000381469727,15.350000381469727,15.350000381469727,15.350000381469727,6.580990791320801,0
2008-10-14,16.1200008392334,16.1200008392334,16.1200008392334,16.1200008392334,6.911113262176514,0
2008-10-15,16.030000686645508,16.030000686645508,16.030000686645508,16.030000686645508,6.872525691986084,0
2008-10-16,15.479999542236328,15.479999542236328,15.479999542236328,15.479999542236328,6.636724472045898,0
2008-10-17,15.199999809265137,15.199999809265137,15.199999809265137,15.199999809265137,6.516681671142578,0
2008-10-20,15.109999656677246,15.109999656677246,15.109999656677246,15.109999656677246,6.478094577789307,0
2008-10-21,15.020000457763672,15.020000457763672,15.020000457763672,15.020000457763672,6.43950891494751,0
2008-10-22,14.75,14.75,14.75,14.75,6.3237528800964355,0
2008-10-23,14.34000015258789,14.34000015258789,14.34000015258789,14.34000015258789,6.147974491119385,0
2008-10-24,13.899999618530273,13.899999618530273,13.899999618530273,13.899999618530273,5.959333419799805,0
2008-10-27,13.25,13.25,13.25,13.25,5.680659770965576,0
2008-10-28,13.40999984741211,13.40999984741211,13.40999984741211,13.40999984741211,5.749255657196045,0
2008-10-29,13.4399995803833,13.4399995803833,13.4399995803833,13.4399995803833,5.762117862701416,0
2008-10-30,14.25,14.25,14.25,14.25,6.109388828277588,0
2008-10-31,14.779999732971191,14.779999732971191,14.779999732971191,14.779999732971191,6.336615085601807,0
2008-11-03,15.279999732971191,15.279999732971191,15.279999732971191,15.279999732971191,6.550979137420654,0
2008-11-04,15.329999923706055,15.329999923706055,15.329999923706055,15.329999923706055,6.57241678237915,0
2008-11-05,15.270000457763672,15.270000457763672,15.270000457763672,15.270000457763672,6.546693325042725,0
2008-11-06,14.40999984741211,14.40999984741211,14.40999984741211,14.40999984741211,6.177985191345215,0
2008-11-07,14.680000305175781,14.680000305175781,14.680000305175781,14.680000305175781,6.293744087219238,0
2008-11-10,14.739999771118164,14.739999771118164,14.739999771118164,14.739999771118164,6.319467067718506,0
2008-11-11,14.390000343322754,14.390000343322754,14.390000343322754,14.390000343322754,6.16940975189209,0
2008-11-12,14.350000381469727,14.350000381469727,14.350000381469727,14.350000381469727,6.152261734008789,0
2008-11-13,13.960000038146973,13.960000038146973,13.960000038146973,13.960000038146973,5.985056400299072,0
2008-11-14,14.029999732971191,14.029999732971191,14.029999732971191,14.029999732971191,6.015068531036377,0
2008-11-17,14.0,14.0,14.0,14.0,6.002206802368164,0
2008-11-18,13.649999618530273,13.649999618530273,13.649999618530273,13.649999618530273,5.8521504402160645,0
2008-11-19,13.600000381469727,13.600000381469727,13.600000381469727,13.600000381469727,5.830715179443359,0
2008-11-20,12.899999618530273,12.899999618530273,12.899999618530273,12.899999618530273,5.530604362487793,0
2008-11-21,12.890000343322754,12.890000343322754,12.890000343322754,12.890000343322754,5.526316165924072,0
2008-11-24,12.819999694824219,12.819999694824219,12.819999694824219,12.819999694824219,5.496306896209717,0
2008-11-25,13.069999694824219,13.069999694824219,13.069999694824219,13.069999694824219,5.603488922119141,0
2008-11-26,13.100000381469727,13.100000381469727,13.100000381469727,13.100000381469727,5.6163506507873535,0
2008-11-27,13.640000343322754,13.640000343322754,13.640000343322754,13.640000343322754,5.847864151000977,0
2008-11-28,13.609999656677246,13.609999656677246,13.609999656677246,13.609999656677246,5.8350019454956055,0
2008-12-01,13.729999542236328,13.729999542236328,13.729999542236328,13.729999542236328,5.886449813842773,0
2008-12-02,13.270000457763672,13.270000457763672,13.270000457763672,13.270000457763672,5.689235687255859,0
2008-12-03,13.130000114440918,13.130000114440918,13.130000114440918,13.130000114440918,5.62921142578125,0
2008-12-04,13.0,13.0,13.0,13.0,5.573476791381836,0
2008-12-05,12.920000076293945,12.920000076293945,12.920000076293945,12.920000076293945,5.539178848266602,0
2008-12-08,13.449999809265137,13.449999809265137,13.449999809265137,13.449999809265137,5.766404628753662,0
2008-12-09,13.5600004196167,13.5600004196167,13.5600004196167,13.5600004196167,5.813565254211426,0
2008-12-10,14.079999923706055,14.079999923706055,14.079999923706055,14.079999923706055,6.036503791809082,0
2008-12-11,14.109999656677246,14.109999656677246,14.109999656677246,14.109999656677246,6.0493669509887695,0
2008-12-12,13.649999618530273,13.649999618530273,13.649999618530273,13.649999618530273,5.8521504402160645,0
2008-12-15,14.029999732971191,14.029999732971191,14.029999732971191,14.029999732971191,6.015068531036377,0
2008-12-16,13.930000305175781,13.930000305175781,13.930000305175781,13.930000305175781,5.972194671630859,0
2008-12-17,14.0,14.0,14.0,14.0,6.002206802368164,0
2008-12-18,14.15999984741211,14.15999984741211,14.15999984741211,14.15999984741211,6.070805072784424,0
2008-12-19,14.109999656677246,14.109999656677246,14.109999656677246,14.109999656677246,6.0493669509887695,0
2008-12-22,13.529999732971191,13.529999732971191,13.529999732971191,13.529999732971191,5.800705432891846,0
2008-12-23,13.170000076293945,13.170000076293945,13.170000076293945,13.170000076293945,5.646360874176025,0
2008-12-24,13.210000038146973,13.210000038146973,13.210000038146973,13.210000038146973,5.663511276245117,0
2008-12-25,13.239999771118164,13.239999771118164,13.239999771118164,13.239999771118164,5.676372051239014,0
2008-12-26,13.34000015258789,13.34000015258789,13.34000015258789,13.34000015258789,5.719245433807373,0
2008-12-29,13.289999961853027,13.289999961853027,13.289999961853027,13.289999961853027,5.69780969619751,0
2008-12-30,13.739999771118164,13.739999771118164,13.739999771118164,13.739999771118164,5.8907365798950195,0
2008-12-31,13.670000076293945,13.670000076293945,13.670000076293945,13.670000076293945,5.860725402832031,0
2009-01-02,13.489999771118164,13.489999771118164,13.489999771118164,13.489999771118164,5.783555507659912,0
2009-01-05,14.010000228881836,14.100000381469727,13.899999618530273,13.920000076293945,5.967907905578613,156
2009-01-06,14.029999732971191,14.149999618530273,13.899999618530273,14.039999961853027,6.019355297088623,251
2009-01-07,14.25,14.369999885559082,14.15999984741211,14.279999732971191,6.122249126434326,222
2009-01-08,14.199999809265137,14.199999809265137,13.609999656677246,13.609999656677246,5.8350019454956055,154
2009-01-09,13.600000381469727,13.720000267028809,13.399999618530273,13.600000381469727,5.830715179443359,96
2009-01-12,14.0,14.0,13.550000190734863,13.699999809265137,5.873587131500244,142
2009-01-13,13.600000381469727,13.800000190734863,13.510000228881836,13.800000190734863,5.916460990905762,60
2009-01-14,13.800000190734863,13.850000381469727,13.699999809265137,13.699999809265137,5.873587131500244,71
2009-01-15,13.5,13.5,13.119999885559082,13.199999809265137,5.659224510192871,113
2009-01-16,13.199999809265137,13.300000190734863,13.100000381469727,13.210000038146973,5.663511276245117,56
2009-01-19,13.449999809265137,13.449999809265137,13.210000038146973,13.300000190734863,5.7020955085754395,66
2009-01-20,13.300000190734863,13.300000190734863,13.100000381469727,13.1899995803833,5.654935836791992,60
2009-01-21,13.0,13.199999809265137,13.0,13.130000114440918,5.62921142578125,95
2009-02-02,13.199999809265137,13.34000015258789,13.140000343322754,13.1899995803833,5.654935836791992,69
2009-02-03,13.220000267028809,13.449999809265137,13.15999984741211,13.380000114440918,5.736393928527832,434
2009-02-04,13.720000267028809,13.720000267028809,13.420000076293945,13.5,5.787841796875,69
2009-02-05,13.399999618530273,13.800000190734863,13.399999618530273,13.640000343322754,5.847864151000977,100
2009-02-06,13.699999809265137,13.9399995803833,13.699999809265137,13.800000190734863,5.916460990905762,139
2009-02-09,13.949999809265137,14.100000381469727,13.930000305175781,13.9399995803833,5.976483345031738,162
2009-02-10,13.979999542236328,14.09000015258789,13.899999618530273,14.050000190734863,6.023642063140869,120
2009-02-11,13.800000190734863,14.199999809265137,13.789999961853027,14.199999809265137,6.087952136993408,264
2009-02-12,14.180000305175781,14.180000305175781,13.710000038146973,13.800000190734863,5.916460990905762,252
2009-02-13,13.899999618530273,14.1899995803833,13.899999618530273,14.1899995803833,6.083664894104004,110
2009-02-16,14.300000190734863,14.300000190734863,14.029999732971191,14.100000381469727,6.045080184936523,75
2009-02-17,14.100000381469727,14.199999809265137,13.899999618530273,13.920000076293945,5.967907905578613,119
2009-02-18,13.779999732971191,13.920000076293945,13.779999732971191,13.899999618530273,5.959333419799805,78
2009-02-19,13.760000228881836,14.180000305175781,13.729999542236328,14.079999923706055,6.036503791809082,186
2009-02-20,14.1899995803833,14.1899995803833,13.800000190734863,13.800000190734863,5.916460990905762,110
2009-02-23,13.699999809265137,13.970000267028809,13.600000381469727,13.859999656677246,5.942183971405029,152
2009-02-24,13.720000267028809,13.800000190734863,13.699999809265137,13.800000190734863,5.916460990905762,82
2009-02-25,13.8100004196167,14.0,13.8100004196167,13.899999618530273,5.959333419799805,225
2009-02-26,14.0,14.0,13.899999618530273,13.979999542236328,5.993631362915039,52
2009-02-27,13.979999542236328,14.140000343322754,13.899999618530273,14.119999885559082,6.053654193878174,290
2009-03-02,14.119999885559082,14.119999885559082,13.770000457763672,13.819999694824219,5.925034999847412,127
2009-03-03,13.800000190734863,14.020000457763672,13.600000381469727,14.020000457763672,6.0107808113098145,176
2009-03-04,13.899999618530273,14.350000381469727,13.899999618530273,14.260000228881836,6.113676071166992,337
2009-03-05,14.34000015258789,14.770000457763672,14.34000015258789,14.649999618530273,6.280879974365234,284
2009-03-06,14.25,14.729999542236328,14.25,14.699999809265137,6.302316188812256,338
2009-03-09,14.699999809265137,14.800000190734863,14.5600004196167,14.800000190734863,6.345189094543457,748
2009-03-10,14.800000190734863,15.130000114440918,14.739999771118164,15.020000457763672,6.43950891494751,6493
2009-03-11,15.300000190734863,15.399999618530273,15.100000381469727,15.140000343322754,6.4909586906433105,449
2009-03-12,15.140000343322754,15.300000190734863,15.079999923706055,15.140000343322754,6.4909586906433105,154
2009-03-13,15.25,15.640000343322754,15.25,15.550000190734863,6.666736125946045,709
2009-03-16,15.550000190734863,15.75,15.550000190734863,15.699999809265137,6.731046199798584,335
2009-03-17,15.699999809265137,15.890000343322754,15.600000381469727,15.829999923706055,6.78678035736084,249
2009-03-18,15.829999923706055,15.869999885559082,15.630000114440918,15.789999961853027,6.769630432128906,539
2009-03-19,15.630000114440918,15.949999809265137,15.630000114440918,15.649999618530273,6.709609031677246,899
2009-03-20,15.600000381469727,15.850000381469727,15.600000381469727,15.600000381469727,6.688173294067383,537
2009-03-23,15.600000381469727,16.100000381469727,15.600000381469727,16.100000381469727,6.902538776397705,1027
2009-03-24,16.200000762939453,16.450000762939453,16.200000762939453,16.450000762939453,7.052594184875488,707
2009-03-25,16.350000381469727,16.700000762939453,16.350000381469727,16.700000762939453,7.159774303436279,892
2009-03-26,16.600000381469727,16.850000381469727,16.510000228881836,16.700000762939453,7.159774303436279,607
2009-03-27,16.700000762939453,16.780000686645508,16.5,16.510000228881836,7.078317165374756,704
2009-03-30,16.350000381469727,16.350000381469727,16.0,16.0,6.859663963317871,267
2009-03-31,16.0,16.200000762939453,16.0,16.010000228881836,6.863951683044434,714
2009-04-02,16.489999771118164,16.829999923706055,16.489999771118164,16.760000228881836,7.185498237609863,1000
2009-04-03,16.799999237060547,17.100000381469727,16.780000686645508,16.950000762939453,7.2669572830200195,475
2009-04-06,17.0,17.270000457763672,17.0,17.100000381469727,7.331267356872559,383
2009-04-07,17.0,17.290000915527344,16.899999618530273,17.290000915527344,7.41272497177124,580
2009-04-08,17.100000381469727,17.399999618530273,16.799999237060547,17.010000228881836,7.292680740356445,1071
2009-04-09,17.100000381469727,17.600000381469727,17.100000381469727,17.600000381469727,7.54563045501709,1002
2009-04-10,17.649999618530273,17.920000076293945,17.649999618530273,17.920000076293945,7.682823181152344,476
2009-04-13,17.860000610351562,18.149999618530273,17.860000610351562,18.100000381469727,7.759995460510254,971
2009-04-14,18.0,18.200000762939453,17.799999237060547,18.15999984741211,7.78571891784668,202
2009-04-15,18.0,18.399999618530273,18.0,18.1299991607666,7.772857666015625,612
2009-04-16,18.0,18.639999389648438,18.0,18.459999084472656,7.914336681365967,973
2009-04-17,18.350000381469727,18.6200008392334,17.40999984741211,17.489999771118164,7.498470783233643,1120
2009-04-20,17.440000534057617,17.68000030517578,17.209999084472656,17.510000228881836,7.507046222686768,545
2009-04-21,17.200000762939453,18.0,17.200000762939453,18.0,7.717121601104736,1149
2009-04-22,18.100000381469727,18.219999313354492,17.850000381469727,18.209999084472656,7.807156562805176,245
2009-04-23,18.0,18.290000915527344,17.850000381469727,18.15999984741211,7.78571891784668,235
2009-04-24,18.200000762939453,18.459999084472656,18.049999237060547,18.1200008392334,7.768569469451904,322
2009-04-27,18.0,18.239999771118164,17.549999237060547,17.670000076293945,7.575642108917236,290
2009-04-28,17.5,17.770000457763672,17.059999465942383,17.100000381469727,7.331267356872559,381
2009-04-29,17.049999237060547,17.270000457763672,17.030000686645508,17.1299991607666,7.3441267013549805,168
2009-04-30,18.15999984741211,18.31999969482422,18.15999984741211,18.31999969482422,7.854316234588623,627
2009-05-04,19.200000762939453,19.600000381469727,19.020000457763672,19.600000381469727,8.403087615966797,539
2009-05-05,20.5,20.5,19.010000228881836,19.100000381469727,8.188724517822266,990
2009-05-06,18.950000762939453,19.600000381469727,18.850000381469727,19.549999237060547,8.38165283203125,327
2009-05-07,19.639999389648438,19.989999771118164,19.399999618530273,19.989999771118164,8.570293426513672,433
2009-05-08,19.530000686645508,20.0,19.530000686645508,19.950000762939453,8.553146362304688,3623
2009-05-11,19.950000762939453,21.34000015258789,19.940000534057617,20.219999313354492,8.668899536132812,685
2009-05-12,20.0,20.0,19.350000381469727,19.360000610351562,8.300193786621094,255
2009-05-13,19.299999237060547,20.709999084472656,19.299999237060547,19.600000381469727,8.403087615966797,278
2009-05-14,19.399999618530273,20.799999237060547,19.280000686645508,19.309999465942383,8.278757095336914,166
2009-05-15,19.5,19.700000762939453,19.5,19.600000381469727,8.403087615966797,183
2009-05-18,19.600000381469727,20.100000381469727,19.600000381469727,19.81999969482422,8.49740982055664,230
2009-05-19,20.100000381469727,20.290000915527344,19.75,19.8799991607666,8.523133277893066,910
2009-05-20,19.700000762939453,20.09000015258789,19.700000762939453,19.979999542236328,8.56600570678711,417
2009-05-21,19.799999237060547,20.0,19.799999237060547,19.989999771118164,8.570293426513672,398
2009-05-22,19.610000610351562,20.0,19.610000610351562,19.959999084472656,8.557430267333984,450
2009-05-25,19.959999084472656,20.420000076293945,19.93000030517578,20.059999465942383,8.600305557250977,460
2009-05-26,19.809999465942383,20.3700008392334,19.809999465942383,19.8700008392334,8.518845558166504,564
2009-05-27,19.809999465942383,20.610000610351562,19.809999465942383,20.40999984741211,8.750358581542969,846
2009-06-01,20.399999618530273,20.690000534057617,20.3799991607666,20.549999237060547,8.810382843017578,403
2009-06-02,20.549999237060547,21.100000381469727,20.399999618530273,20.649999618530273,8.853256225585938,517
2009-06-03,20.399999618530273,20.690000534057617,20.299999237060547,20.520000457763672,8.797520637512207,617
2009-06-04,20.299999237060547,20.709999084472656,20.200000762939453,20.3799991607666,8.737497329711914,573
2009-06-05,20.209999084472656,20.399999618530273,20.200000762939453,20.389999389648438,8.741786003112793,427
2009-06-08,20.600000381469727,20.600000381469727,19.860000610351562,19.899999618530273,8.531705856323242,125
2009-06-09,19.899999618530273,19.899999618530273,19.149999618530273,19.149999618530273,8.210160255432129,280
2009-06-10,19.200000762939453,20.0,19.020000457763672,19.260000228881836,8.257320404052734,96
2009-06-11,19.200000762939453,20.5,19.100000381469727,19.520000457763672,8.368790626525879,145
2009-06-12,19.600000381469727,19.729999542236328,19.350000381469727,19.450000762939453,8.338780403137207,131
2009-06-15,19.110000610351562,19.110000610351562,18.559999465942383,18.610000610351562,7.978648662567139,232
2009-06-16,18.5,18.75,18.450000762939453,18.700000762939453,8.017233848571777,128
2009-06-17,18.709999084472656,18.940000534057617,18.530000686645508,18.670000076293945,8.00437068939209,64
2009-06-18,18.739999771118164,18.75,18.399999618530273,18.489999771118164,7.9272003173828125,56
2009-06-19,18.65999984741211,18.799999237060547,18.510000228881836,18.770000457763672,8.04724407196045,89
2009-06-22,18.969999313354492,19.100000381469727,18.690000534057617,18.959999084472656,8.128703117370605,143
2009-06-23,18.84000015258789,18.84000015258789,18.510000228881836,18.700000762939453,8.017233848571777,53
2009-06-24,18.700000762939453,19.5,18.600000381469727,19.049999237060547,8.167285919189453,94
2009-06-25,19.299999237060547,19.43000030517578,19.260000228881836,19.329999923706055,8.287332534790039,69
2009-06-26,19.5,19.5,19.360000610351562,19.450000762939453,8.338780403137207,76
2009-06-29,19.479999542236328,19.489999771118164,19.25,19.31999969482422,8.283044815063477,36
2009-06-30,19.360000610351562,19.360000610351562,19.25,19.260000228881836,8.257320404052734,44
2009-07-01,19.350000381469727,19.700000762939453,19.350000381469727,19.6200008392334,8.411664962768555,172
2009-07-02,19.790000915527344,20.059999465942383,19.790000915527344,19.899999618530273,8.531705856323242,147
2009-07-03,19.899999618530273,20.149999618530273,19.829999923706055,20.100000381469727,8.617452621459961,249
2009-07-06,20.100000381469727,20.25,20.0,20.110000610351562,8.62174129486084,467
2009-07-07,20.200000762939453,20.350000381469727,20.170000076293945,20.260000228881836,8.686050415039062,293
2009-07-08,20.260000228881836,20.299999237060547,20.1200008392334,20.25,8.681763648986816,85
2009-07-09,20.25,20.56999969482422,20.25,20.420000076293945,8.754646301269531,296
2009-07-10,20.420000076293945,20.5,20.31999969482422,20.5,8.788945198059082,64
2009-07-13,20.5,20.5,19.729999542236328,19.860000610351562,8.514559745788574,64
2009-07-14,19.889999389648438,20.200000762939453,19.889999389648438,20.200000762939453,8.66032600402832,40
2009-07-15,20.200000762939453,20.799999237060547,20.200000762939453,20.799999237060547,8.91756534576416,263
2009-07-16,21.0,21.100000381469727,20.899999618530273,20.899999618530273,8.96043586730957,214
2009-07-17,21.0,21.149999618530273,20.899999618530273,21.040000915527344,9.020459175109863,223
2009-07-20,21.020000457763672,21.420000076293945,21.020000457763672,21.34000015258789,9.149076461791992,256
2009-07-21,21.399999618530273,21.56999969482422,21.34000015258789,21.489999771118164,9.213386535644531,228
2009-07-22,21.489999771118164,21.639999389648438,21.399999618530273,21.559999465942383,9.243395805358887,198
2009-07-23,21.559999465942383,21.670000076293945,21.389999389648438,21.530000686645508,9.230536460876465,224
2009-07-24,21.600000381469727,21.780000686645508,21.600000381469727,21.600000381469727,9.260546684265137,256
2009-07-27,21.600000381469727,21.780000686645508,21.549999237060547,21.75,9.32485580444336,276
2009-07-28,21.700000762939453,22.149999618530273,21.700000762939453,22.149999618530273,9.496346473693848,545
2009-07-29,22.200000762939453,22.280000686645508,22.0,22.049999237060547,9.453475952148438,571
2009-07-30,21.799999237060547,22.049999237060547,21.729999542236328,22.0,9.432040214538574,76
2009-07-31,22.0,22.25,22.0,22.0,9.432040214538574,200
2009-08-03,22.0,22.290000915527344,21.950000762939453,22.139999389648438,9.492059707641602,355
2009-08-04,22.100000381469727,22.5,21.799999237060547,21.799999237060547,9.346292495727539,287
2009-08-05,21.799999237060547,22.0,21.5,21.549999237060547,9.239108085632324,268
2009-08-06,21.420000076293945,21.600000381469727,21.18000030517578,21.5,9.217674255371094,119
2009-08-07,21.5,21.5,21.5,21.5,9.217674255371094,0
2009-08-10,21.690000534057617,21.690000534057617,21.549999237060547,21.6200008392334,9.269121170043945,67
2009-08-11,21.549999237060547,21.719999313354492,21.440000534057617,21.719999313354492,9.311993598937988,60
2009-08-12,21.600000381469727,21.700000762939453,21.530000686645508,21.670000076293945,9.290557861328125,24
2009-08-13,0.0,22.049999237060547,21.770000457763672,22.049999237060547,9.453475952148438,82000
2009-08-14,22.049999237060547,22.450000762939453,22.049999237060547,22.15999984741211,9.50063705444336,117
2009-08-17,22.100000381469727,22.100000381469727,21.829999923706055,21.850000381469727,9.367729187011719,81
2009-08-18,21.700000762939453,21.709999084472656,21.219999313354492,21.219999313354492,9.097628593444824,76
2009-08-19,21.200000762939453,21.510000228881836,21.200000762939453,21.420000076293945,9.183378219604492,348
2009-08-20,21.200000762939453,21.299999237060547,20.850000381469727,21.040000915527344,9.020459175109863,129
2009-08-21,21.200000762939453,21.459999084472656,20.899999618530273,20.950000762939453,8.981873512268066,80
2009-08-24,21.399999618530273,21.5,21.18000030517578,21.5,9.217674255371094,48
2009-08-25,21.399999618530273,21.59000015258789,21.219999313354492,21.219999313354492,9.097628593444824,35
2009-08-26,21.110000610351562,21.110000610351562,20.899999618530273,21.0,9.003308296203613,29
2009-08-27,21.0,21.239999771118164,20.899999618530273,20.940000534057617,8.977585792541504,30
2009-08-28,20.899999618530273,21.200000762939453,20.899999618530273,21.200000762939453,9.089056968688965,66
2009-08-31,21.200000762939453,21.350000381469727,21.200000762939453,21.299999237060547,9.131926536560059,39
2009-09-01,21.100000381469727,21.780000686645508,21.100000381469727,21.780000686645508,9.33771800994873,148
2009-09-02,21.610000610351562,21.899999618530273,21.610000610351562,21.84000015258789,9.363441467285156,286
2009-09-03,21.84000015258789,22.360000610351562,21.84000015258789,22.15999984741211,9.50063705444336,751
2009-09-04,22.299999237060547,22.510000228881836,22.239999771118164,22.350000381469727,9.5820951461792,281
2009-09-07,22.450000762939453,22.579999923706055,22.360000610351562,22.450000762939453,9.624967575073242,267
2009-09-08,22.450000762939453,22.790000915527344,22.450000762939453,22.68000030517578,9.7235746383667,332
2009-09-09,22.68000030517578,22.889999389648438,22.549999237060547,22.549999237060547,9.667839050292969,273
2009-09-10,22.600000381469727,23.06999969482422,22.5,22.579999923706055,9.680704116821289,383
2009-09-11,22.579999923706055,22.829999923706055,22.579999923706055,22.75,9.753584861755371,287
2009-09-14,22.75,22.75,22.5,22.549999237060547,9.667839050292969,131
2009-09-15,22.549999237060547,22.75,22.450000762939453,22.600000381469727,9.689277648925781,318
2009-09-16,22.700000762939453,23.049999237060547,22.700000762939453,22.899999618530273,9.817893981933594,423
2009-09-17,22.950000762939453,23.200000762939453,22.950000762939453,23.0,9.86076831817627,331
2009-09-18,23.049999237060547,23.219999313354492,22.940000534057617,23.09000015258789,9.89935302734375,420
2009-09-21,23.100000381469727,23.290000915527344,23.010000228881836,23.1200008392334,9.912216186523438,479
2009-09-22,23.149999618530273,23.200000762939453,23.0,23.0,9.86076831817627,299
2009-09-23,23.0,23.200000762939453,22.610000610351562,22.700000762939453,9.732149124145508,305
2009-09-24,22.600000381469727,22.729999542236328,22.469999313354492,22.649999618530273,9.710711479187012,228
2009-09-25,22.5,22.690000534057617,22.5,22.6200008392334,9.69784927368164,314
2009-09-28,22.5,22.600000381469727,22.420000076293945,22.450000762939453,9.624967575073242,50
2009-09-29,22.399999618530273,22.739999771118164,22.399999618530273,22.6200008392334,9.69784927368164,249
2009-09-30,22.600000381469727,22.899999618530273,22.600000381469727,22.790000915527344,9.770736694335938,313
2009-10-01,22.989999771118164,23.1200008392334,22.93000030517578,23.100000381469727,9.903639793395996,484
2009-10-02,23.0,23.049999237060547,22.799999237060547,22.799999237060547,9.775020599365234,160
2009-10-05,22.600000381469727,22.940000534057617,22.600000381469727,22.899999618530273,9.817893981933594,189
2009-10-06,22.899999618530273,23.25,22.899999618530273,23.1299991607666,9.916501998901367,450
2009-10-07,23.25,23.600000381469727,23.25,23.600000381469727,10.118005752563477,528
2009-10-08,23.600000381469727,23.959999084472656,23.5,23.5,10.0751314163208,346
2009-10-09,23.5,23.799999237060547,23.360000610351562,23.5,10.0751314163208,366
2009-10-12,23.549999237060547,23.850000381469727,23.549999237060547,23.84000015258789,10.220898628234863,397
2009-10-13,23.600000381469727,23.899999618530273,23.5,23.75,10.182312965393066,139
2009-10-14,24.0,24.149999618530273,24.0,24.049999237060547,10.310935020446777,1090
2009-10-15,24.18000030517578,24.399999618530273,24.0,24.0,10.289498329162598,1049
2009-10-16,23.899999618530273,24.329999923706055,23.899999618530273,24.200000762939453,10.37524127960205,729
2009-10-19,24.100000381469727,24.209999084472656,24.049999237060547,24.15999984741211,10.358092308044434,1024
2009-10-20,24.100000381469727,24.15999984741211,24.0,24.0,10.289498329162598,820
2009-10-21,23.8799991607666,24.0,23.790000915527344,23.899999618530273,10.246623992919922,925
2009-10-22,24.299999237060547,24.299999237060547,23.600000381469727,23.6299991607666,10.130866050720215,4672
2009-10-23,21.84000015258789,21.889999389648438,21.719999313354492,21.760000228881836,9.329143524169922,1396
2009-10-26,21.760000228881836,21.889999389648438,21.649999618530273,21.65999984741211,9.28626823425293,555
2009-10-27,21.600000381469727,21.610000610351562,21.299999237060547,21.540000915527344,9.234824180603027,279
2009-10-28,21.5,21.600000381469727,21.3700008392334,21.399999618530273,9.174800872802734,241
2009-10-29,21.100000381469727,21.110000610351562,20.600000381469727,20.8799991607666,8.951861381530762,506
2009-10-30,20.899999618530273,21.06999969482422,20.899999618530273,20.93000030517578,8.973298072814941,283
2009-11-02,20.889999389648438,20.889999389648438,20.600000381469727,20.809999465942383,8.921849250793457,508
2009-11-03,20.889999389648438,20.989999771118164,20.809999465942383,20.829999923706055,8.930426597595215,125
2009-11-04,20.829999923706055,21.200000762939453,20.829999923706055,21.200000762939453,9.089056968688965,166
2009-11-05,21.200000762939453,21.219999313354492,21.100000381469727,21.100000381469727,9.046185493469238,195
2009-11-06,21.200000762939453,21.34000015258789,21.200000762939453,21.239999771118164,9.106204986572266,191
2009-11-09,21.309999465942383,21.469999313354492,21.25,21.25,9.110489845275879,249
2009-11-10,21.489999771118164,21.489999771118164,21.3700008392334,21.420000076293945,9.183378219604492,115
2009-11-11,21.420000076293945,21.600000381469727,21.399999618530273,21.5,9.217674255371094,104
2009-11-12,21.600000381469727,21.690000534057617,21.559999465942383,21.610000610351562,9.264833450317383,125
2009-11-13,21.65999984741211,21.68000030517578,21.59000015258789,21.59000015258789,9.256258010864258,130
2009-11-16,21.649999618530273,21.850000381469727,21.649999618530273,21.799999237060547,9.346292495727539,142
2009-11-17,21.899999618530273,22.0,21.799999237060547,21.81999969482422,9.354866981506348,402
2009-11-18,21.700000762939453,22.09000015258789,21.700000762939453,22.0,9.432040214538574,394
2009-11-19,22.190000534057617,22.190000534057617,22.049999237060547,22.049999237060547,9.453475952148438,158
2009-11-20,22.0,22.0,21.799999237060547,21.81999969482422,9.354866981506348,160
2009-11-23,22.200000762939453,22.200000762939453,21.709999084472656,21.709999084472656,9.307706832885742,284
2009-11-24,21.799999237060547,21.93000030517578,21.760000228881836,21.850000381469727,9.367729187011719,59
2009-11-25,21.799999237060547,22.040000915527344,21.799999237060547,22.0,9.432040214538574,267
2009-11-26,22.0,22.049999237060547,22.0,22.0,9.432040214538574,144
2009-11-27,21.790000915527344,21.790000915527344,21.350000381469727,21.3700008392334,9.16193962097168,281
2009-11-30,21.3700008392334,21.790000915527344,21.3700008392334,21.6200008392334,9.269121170043945,94
2009-12-01,21.700000762939453,21.700000762939453,21.579999923706055,21.68000030517578,9.294845581054688,151
2009-12-02,21.700000762939453,21.989999771118164,21.700000762939453,21.799999237060547,9.346292495727539,115
2009-12-03,21.899999618530273,21.899999618530273,21.739999771118164,21.770000457763672,9.333431243896484,74
2009-12-04,21.770000457763672,21.809999465942383,21.709999084472656,21.719999313354492,9.311993598937988,82
2009-12-07,21.729999542236328,21.950000762939453,21.729999542236328,21.899999618530273,9.389164924621582,167
2009-12-08,21.979999542236328,22.0,21.799999237060547,21.829999923706055,9.359156608581543,118
2009-12-09,21.889999389648438,21.969999313354492,21.889999389648438,21.969999313354492,9.419178009033203,62
2009-12-10,22.0,22.09000015258789,21.719999313354492,21.719999313354492,9.311993598937988,324
2009-12-11,21.899999618530273,22.100000381469727,21.899999618530273,22.100000381469727,9.474912643432617,204
2009-12-14,22.100000381469727,22.389999389648438,22.100000381469727,22.31999969482422,9.569231033325195,359
2009-12-15,22.31999969482422,22.479999542236328,22.280000686645508,22.280000686645508,9.552083969116211,94
2009-12-16,22.280000686645508,22.280000686645508,22.079999923706055,22.100000381469727,9.474912643432617,81
2009-12-17,22.100000381469727,22.239999771118164,22.049999237060547,22.049999237060547,9.453475952148438,151
2009-12-18,22.049999237060547,22.049999237060547,21.829999923706055,22.0,9.432040214538574,104
2009-12-21,22.0,22.290000915527344,22.0,22.229999542236328,9.530647277832031,243
2009-12-22,22.399999618530273,22.43000030517578,22.260000228881836,22.34000015258789,9.577807426452637,166
2009-12-23,22.34000015258789,22.479999542236328,22.34000015258789,22.350000381469727,9.5820951461792,125
2009-12-24,22.399999618530273,22.600000381469727,22.399999618530273,22.510000228881836,9.650690078735352,256
2009-12-25,22.610000610351562,22.6299991607666,22.510000228881836,22.549999237060547,9.667839050292969,99
2009-12-28,22.549999237060547,22.790000915527344,22.549999237060547,22.700000762939453,9.732149124145508,119
2009-12-29,22.75,22.75,22.65999984741211,22.65999984741211,9.71500015258789,180
2009-12-30,22.700000762939453,23.079999923706055,22.700000762939453,23.0,9.86076831817627,343
2009-12-31,23.0,23.399999618530273,23.0,23.399999618530273,10.032258987426758,288
2010-01-04,23.43000030517578,23.65999984741211,23.350000381469727,23.5,10.0751314163208,277
2010-01-05,23.700000762939453,23.719999313354492,23.3799991607666,23.399999618530273,10.032258987426758,710
2010-01-06,23.299999237060547,23.799999237060547,23.299999237060547,23.75,10.182312965393066,402
2010-01-07,23.75,23.899999618530273,23.549999237060547,23.549999237060547,10.096569061279297,1221
2010-01-08,23.510000228881836,23.850000381469727,23.399999618530273,23.799999237060547,10.203749656677246,354
2010-01-11,23.799999237060547,24.190000534057617,23.799999237060547,24.049999237060547,10.310935020446777,628
2010-01-12,24.049999237060547,24.06999969482422,23.799999237060547,23.920000076293945,10.25519847869873,193
2010-01-13,23.799999237060547,23.799999237060547,23.6200008392334,23.65999984741211,10.143728256225586,269
2010-01-14,23.65999984741211,24.100000381469727,23.65999984741211,24.0,10.289498329162598,415
2010-01-15,24.0,24.200000762939453,24.0,24.1200008392334,10.34094524383545,364
2010-01-18,24.06999969482422,24.09000015258789,23.81999969482422,24.010000228881836,10.293782234191895,304
2010-01-19,24.010000228881836,24.1200008392334,23.829999923706055,23.989999771118164,10.285208702087402,193
2010-01-20,23.989999771118164,23.989999771118164,23.6200008392334,23.700000762939453,10.16087818145752,744
2010-01-21,23.65999984741211,23.700000762939453,23.459999084472656,23.469999313354492,10.062270164489746,207
2010-01-22,23.100000381469727,23.200000762939453,23.0,23.049999237060547,9.882204055786133,278
2010-01-25,0.0,23.049999237060547,22.709999084472656,22.959999084472656,9.843618392944336,182000
2010-01-26,23.0,23.100000381469727,22.100000381469727,22.540000915527344,9.663552284240723,1135
2010-01-27,22.489999771118164,22.489999771118164,22.100000381469727,22.100000381469727,9.474912643432617,396
2010-01-28,22.299999237060547,22.5,22.149999618530273,22.489999771118164,9.642115592956543,157
2010-01-29,22.389999389648438,22.399999618530273,22.0,22.350000381469727,9.5820951461792,239
2010-02-01,22.40999984741211,22.40999984741211,22.100000381469727,22.139999389648438,9.492059707641602,142
2010-02-02,22.389999389648438,22.389999389648438,21.809999465942383,22.0,9.432040214538574,328
2010-02-03,22.200000762939453,22.290000915527344,21.950000762939453,22.270000457763672,9.547797203063965,173
2010-02-04,22.270000457763672,22.299999237060547,22.100000381469727,22.200000762939453,9.51778507232666,136
2010-02-05,22.100000381469727,22.100000381469727,21.15999984741211,21.209999084472656,9.093343734741211,517
2010-02-08,21.34000015258789,21.459999084472656,21.270000457763672,21.350000381469727,9.153365135192871,262
2010-02-09,21.450000762939453,21.850000381469727,21.31999969482422,21.75,9.32485580444336,208
2010-02-10,21.899999618530273,22.040000915527344,21.84000015258789,21.950000762939453,9.410602569580078,223
2010-02-22,22.299999237060547,22.399999618530273,22.100000381469727,22.100000381469727,9.474912643432617,241
2010-02-23,22.200000762939453,22.299999237060547,22.0,22.280000686645508,9.552083969116211,152
2010-02-24,22.18000030517578,22.200000762939453,22.0,22.079999923706055,9.466340065002441,143
2010-02-25,22.100000381469727,22.200000762939453,21.850000381469727,21.969999313354492,9.419178009033203,146
2010-02-26,21.850000381469727,22.040000915527344,21.850000381469727,21.899999618530273,9.389164924621582,146
2010-03-01,21.979999542236328,22.360000610351562,21.959999084472656,22.350000381469727,9.5820951461792,156
2010-03-02,22.350000381469727,22.3799991607666,22.149999618530273,22.149999618530273,9.496346473693848,125
2010-03-03,22.479999542236328,22.479999542236328,22.219999313354492,22.299999237060547,9.560657501220703,88
2010-03-04,22.479999542236328,22.479999542236328,22.149999618530273,22.149999618530273,9.496346473693848,54
2010-03-05,22.399999618530273,22.459999084472656,22.31999969482422,22.399999618530273,9.603531837463379,83
2010-03-08,22.43000030517578,22.719999313354492,22.43000030517578,22.690000534057617,9.727860450744629,119
2010-03-09,22.799999237060547,22.799999237060547,22.520000457763672,22.59000015258789,9.68498706817627,136
2010-03-10,22.700000762939453,22.700000762939453,22.440000534057617,22.690000534057617,9.727860450744629,93
2010-03-11,22.700000762939453,22.700000762939453,22.420000076293945,22.479999542236328,9.637828826904297,122
2010-03-12,22.5,22.5,22.309999465942383,22.40999984741211,9.607815742492676,42
2010-03-15,22.40999984741211,22.489999771118164,22.200000762939453,22.229999542236328,9.530647277832031,189
2010-03-16,22.200000762939453,22.440000534057617,22.200000762939453,22.270000457763672,9.547797203063965,126
2010-03-17,22.479999542236328,22.5,22.399999618530273,22.5,9.646401405334473,148
2010-03-18,22.549999237060547,22.690000534057617,22.549999237060547,22.649999618530273,9.710711479187012,142
2010-03-19,22.670000076293945,22.68000030517578,22.649999618530273,22.68000030517578,9.7235746383667,85
2010-03-22,22.649999618530273,22.719999313354492,22.6299991607666,22.700000762939453,9.732149124145508,103
2010-03-23,22.799999237060547,22.799999237060547,22.600000381469727,22.649999618530273,9.710711479187012,157
2010-03-24,22.700000762939453,22.700000762939453,22.600000381469727,22.649999618530273,9.710711479187012,106
2010-03-25,22.5,22.700000762939453,22.450000762939453,22.700000762939453,9.732149124145508,124
2010-03-26,23.0,23.0,22.559999465942383,22.700000762939453,9.732149124145508,109
2010-03-29,22.700000762939453,22.899999618530273,22.68000030517578,22.709999084472656,9.73643684387207,196
2010-03-30,22.81999969482422,22.81999969482422,22.690000534057617,22.690000534057617,9.727860450744629,212
2010-03-31,22.700000762939453,22.850000381469727,22.700000762939453,22.799999237060547,9.775020599365234,99
2010-04-01,22.799999237060547,22.969999313354492,22.75,22.969999313354492,9.847905158996582,138
2010-04-02,22.90999984741211,22.969999313354492,22.8799991607666,22.959999084472656,9.843618392944336,147
2010-04-06,23.0,23.219999313354492,22.959999084472656,23.1200008392334,9.912216186523438,384
2010-04-07,23.1200008392334,23.389999389648438,23.1200008392334,23.31999969482422,9.997960090637207,317
2010-04-08,23.31999969482422,23.399999618530273,23.149999618530273,23.229999542236328,9.95937442779541,197
2010-04-09,23.280000686645508,23.280000686645508,23.010000228881836,23.260000228881836,9.972237586975098,109
2010-04-12,23.260000228881836,23.270000457763672,23.110000610351562,23.25,9.967950820922852,137
2010-04-13,23.25,23.25,23.0,23.010000228881836,9.865055084228516,185
2010-04-14,23.100000381469727,23.200000762939453,23.100000381469727,23.200000762939453,9.946513175964355,199
2010-04-15,23.299999237060547,23.479999542236328,23.299999237060547,23.309999465942383,9.993673324584961,161
2010-04-16,23.399999618530273,23.399999618530273,23.299999237060547,23.3799991607666,10.023683547973633,147
2010-04-19,23.299999237060547,23.299999237060547,22.709999084472656,22.709999084472656,9.73643684387207,356
2010-04-20,22.75,23.0,22.649999618530273,23.0,9.86076831817627,223
2010-04-21,23.0,23.100000381469727,22.8799991607666,23.049999237060547,9.882204055786133,242
2010-04-22,23.049999237060547,23.049999237060547,22.760000228881836,23.0,9.86076831817627,160
2010-04-23,23.0,23.100000381469727,22.950000762939453,23.020000457763672,9.869342803955078,335
2010-04-26,23.020000457763672,23.399999618530273,23.020000457763672,23.350000381469727,10.010821342468262,699
2010-04-27,23.299999237060547,23.420000076293945,23.299999237060547,23.360000610351562,10.015107154846191,250
2010-04-28,23.100000381469727,23.360000610351562,23.06999969482422,23.31999969482422,9.997960090637207,355
2010-04-29,23.31999969482422,23.5,23.31999969482422,23.3700008392334,10.019399642944336,167
2010-04-30,23.5,23.610000610351562,23.200000762939453,23.34000015258789,10.006538391113281,368
2010-05-03,21.709999084472656,23.299999237060547,21.709999084472656,23.299999237060547,9.989385604858398,325
2010-05-04,23.299999237060547,23.389999389648438,23.1299991607666,23.280000686645508,9.980812072753906,164
2010-05-05,23.0,23.049999237060547,22.799999237060547,22.93000030517578,9.830757141113281,224
2010-05-06,23.0,23.0,22.549999237060547,22.700000762939453,9.732149124145508,188
2010-05-07,22.489999771118164,22.59000015258789,22.020000457763672,22.5,9.646401405334473,304
2010-05-10,22.559999465942383,22.700000762939453,22.5,22.700000762939453,9.732149124145508,66
2010-05-11,22.8799991607666,22.899999618530273,22.510000228881836,22.520000457763672,9.654979705810547,109
2010-05-12,22.700000762939453,22.700000762939453,22.520000457763672,22.520000457763672,9.654979705810547,20
2010-05-13,22.520000457763672,22.799999237060547,22.520000457763672,22.739999771118164,9.749299049377441,118
2010-05-14,22.610000610351562,22.860000610351562,22.610000610351562,22.860000610351562,9.800745010375977,14
2010-05-17,22.700000762939453,22.700000762939453,22.399999618530273,22.40999984741211,9.607815742492676,103
2010-05-18,22.0,22.469999313354492,22.0,22.360000610351562,9.586381912231445,108
2010-05-19,22.350000381469727,22.579999923706055,22.200000762939453,22.579999923706055,9.680704116821289,147
2010-05-20,22.579999923706055,22.579999923706055,22.260000228881836,22.299999237060547,9.560657501220703,210
2010-05-21,22.200000762939453,22.200000762939453,21.600000381469727,21.799999237060547,9.346292495727539,562
2010-05-24,21.799999237060547,22.0,21.799999237060547,21.969999313354492,9.419178009033203,91
2010-05-25,21.920000076293945,21.920000076293945,21.290000915527344,21.40999984741211,9.179088592529297,338
2010-05-26,21.459999084472656,21.670000076293945,21.350000381469727,21.450000762939453,9.19623851776123,147
2010-05-27,21.450000762939453,21.600000381469727,21.219999313354492,21.600000381469727,9.260546684265137,214
2010-05-28,21.899999618530273,21.93000030517578,21.739999771118164,21.760000228881836,9.329143524169922,135
2010-05-31,21.670000076293945,21.899999618530273,21.670000076293945,21.8700008392334,9.37630558013916,86
2010-06-01,21.8700008392334,21.8700008392334,21.75,21.799999237060547,9.346292495727539,45
2010-06-02,21.600000381469727,21.719999313354492,21.420000076293945,21.530000686645508,9.230536460876465,203
2010-06-03,21.790000915527344,21.799999237060547,21.700000762939453,21.799999237060547,9.346292495727539,68
2010-06-04,21.799999237060547,21.81999969482422,21.739999771118164,21.739999771118164,9.320568084716797,47
2010-06-07,21.690000534057617,21.690000534057617,21.25,21.5,9.217674255371094,107
2010-06-08,21.5,21.690000534057617,21.5,21.520000457763672,9.226247787475586,100
2010-06-09,21.549999237060547,21.729999542236328,21.5,21.540000915527344,9.234824180603027,45
2010-06-10,21.5,21.649999618530273,21.5,21.6299991607666,9.273407936096191,35
2010-06-11,21.6299991607666,21.899999618530273,21.6299991607666,21.8799991607666,9.38059139251709,44
2010-06-14,21.899999618530273,22.0,21.8799991607666,21.90999984741211,9.393454551696777,67
2010-06-15,21.899999618530273,22.200000762939453,21.899999618530273,22.149999618530273,9.496346473693848,361
2010-06-17,22.18000030517578,22.299999237060547,22.149999618530273,22.25,9.539219856262207,254
2010-06-18,22.1299991607666,22.299999237060547,22.1299991607666,22.280000686645508,9.552083969116211,63
2010-06-21,22.40999984741211,22.600000381469727,22.399999618530273,22.559999465942383,9.672125816345215,98
2010-06-22,22.700000762939453,22.700000762939453,22.559999465942383,22.559999465942383,9.672125816345215,74
2010-06-23,22.399999618530273,22.559999465942383,22.350000381469727,22.350000381469727,9.5820951461792,190
2010-06-24,22.350000381469727,22.450000762939453,22.350000381469727,22.450000762939453,9.624967575073242,62
2010-06-25,22.399999618530273,22.399999618530273,22.100000381469727,22.239999771118164,9.534933090209961,189
2010-06-28,22.489999771118164,22.489999771118164,22.260000228881836,22.260000228881836,9.543508529663086,58
2010-06-29,22.399999618530273,22.440000534057617,22.110000610351562,22.1200008392334,9.483487129211426,73
2010-06-30,21.989999771118164,21.989999771118164,21.81999969482422,21.899999618530273,9.389164924621582,132
2010-07-01,21.8799991607666,21.899999618530273,21.799999237060547,21.899999618530273,9.389164924621582,14
2010-07-02,21.850000381469727,22.049999237060547,21.850000381469727,22.040000915527344,9.449187278747559,319
2010-07-05,22.040000915527344,22.219999313354492,22.040000915527344,22.18000030517578,9.509210586547852,130
2010-07-06,22.31999969482422,22.600000381469727,22.200000762939453,22.520000457763672,9.654979705810547,172
2010-07-07,22.520000457763672,22.780000686645508,22.520000457763672,22.639999389648438,9.706425666809082,152
2010-07-08,22.799999237060547,23.0,22.780000686645508,22.959999084472656,9.843618392944336,263
2010-07-09,22.959999084472656,23.049999237060547,22.899999618530273,23.0,9.86076831817627,191
2010-07-12,23.0,23.15999984741211,22.709999084472656,23.030000686645508,9.87363052368164,182
2010-07-13,23.030000686645508,23.139999389648438,23.0,23.0,9.86076831817627,145
2010-07-14,23.200000762939453,23.25,23.049999237060547,23.18000030517578,9.93793773651123,161
2010-07-15,23.170000076293945,23.219999313354492,23.149999618530273,23.200000762939453,9.946513175964355,197
2010-07-16,23.200000762939453,23.229999542236328,23.049999237060547,23.190000534057617,9.942227363586426,145
2010-07-19,23.18000030517578,23.18000030517578,23.0,23.149999618530273,9.925077438354492,146
2010-07-20,23.079999923706055,23.450000762939453,23.079999923706055,23.43000030517578,10.045120239257812,260
2010-07-21,23.399999618530273,23.5,23.239999771118164,23.389999389648438,10.027970314025879,135
2010-07-22,23.399999618530273,23.399999618530273,23.219999313354492,23.229999542236328,9.95937442779541,128
2010-07-23,23.450000762939453,23.6299991607666,23.309999465942383,23.600000381469727,10.118005752563477,288
2010-07-26,23.600000381469727,23.790000915527344,23.600000381469727,23.600000381469727,10.118005752563477,144
2010-07-27,23.65999984741211,23.780000686645508,23.649999618530273,23.780000686645508,10.195176124572754,128
2010-07-28,23.780000686645508,23.979999542236328,23.780000686645508,23.959999084472656,10.27234935760498,240
2010-07-29,23.959999084472656,24.0,23.920000076293945,24.0,10.289498329162598,284
2010-07-30,24.0,24.0,23.709999084472656,23.899999618530273,10.246623992919922,91
2010-08-02,24.0,24.200000762939453,24.0,24.200000762939453,10.37524127960205,418
2010-08-03,24.280000686645508,24.399999618530273,24.239999771118164,24.239999771118164,10.392393112182617,361
2010-08-04,24.239999771118164,24.31999969482422,24.1299991607666,24.200000762939453,10.37524127960205,232
2010-08-05,24.219999313354492,24.389999389648438,24.100000381469727,24.15999984741211,10.358092308044434,167
2010-08-06,24.15999984741211,24.260000228881836,24.030000686645508,24.200000762939453,10.37524127960205,229
2010-08-09,24.200000762939453,24.389999389648438,24.200000762939453,24.360000610351562,10.443840026855469,564
2010-08-10,24.350000381469727,24.350000381469727,24.200000762939453,24.34000015258789,10.435263633728027,143
2010-08-11,24.149999618530273,24.239999771118164,24.0,24.059999465942383,10.31521987915039,133
2010-08-12,23.889999389648438,23.979999542236328,23.799999237060547,23.899999618530273,10.246623992919922,96
2010-08-13,23.850000381469727,24.299999237060547,23.850000381469727,24.1200008392334,10.34094524383545,299
2010-08-16,24.1200008392334,24.25,24.020000457763672,24.100000381469727,10.332368850708008,218
2010-08-17,24.200000762939453,24.3799991607666,24.1200008392334,24.190000534057617,10.370956420898438,570
2010-08-18,24.190000534057617,24.6200008392334,24.190000534057617,24.549999237060547,10.525297164916992,537
2010-08-19,24.549999237060547,24.549999237060547,24.31999969482422,24.469999313354492,10.490998268127441,271
2010-08-20,24.459999084472656,24.600000381469727,24.399999618530273,24.59000015258789,10.542447090148926,292
2010-08-23,24.510000228881836,24.979999542236328,24.510000228881836,24.81999969482422,10.641056060791016,328
2010-08-24,25.0,25.0,24.690000534057617,24.760000228881836,10.615330696105957,218
2010-08-25,24.700000762939453,24.700000762939453,24.100000381469727,24.100000381469727,10.332368850708008,207
2010-08-26,24.100000381469727,24.200000762939453,24.0,24.149999618530273,10.353805541992188,150
2010-08-27,24.149999618530273,24.149999618530273,24.0,24.149999618530273,10.353805541992188,111
2010-08-30,24.200000762939453,24.329999923706055,24.15999984741211,24.280000686645508,10.409539222717285,88
2010-08-31,24.15999984741211,24.15999984741211,23.829999923706055,23.899999618530273,10.246623992919922,167
2010-09-01,24.0,24.200000762939453,23.940000534057617,24.010000228881836,10.293782234191895,91
2010-09-02,24.270000457763672,24.399999618530273,24.15999984741211,24.15999984741211,10.358092308044434,3120
2010-09-03,24.200000762939453,24.360000610351562,24.100000381469727,24.34000015258789,10.435263633728027,231
2010-09-06,24.5,24.559999465942383,24.360000610351562,24.40999984741211,10.465276718139648,103
2010-09-07,24.399999618530273,24.459999084472656,24.360000610351562,24.360000610351562,10.443840026855469,156
2010-09-08,24.360000610351562,24.360000610351562,24.219999313354492,24.229999542236328,10.388105392456055,80
2010-09-09,24.290000915527344,24.56999969482422,24.290000915527344,24.450000762939453,10.482426643371582,96
2010-09-10,24.520000457763672,24.790000915527344,24.510000228881836,24.56999969482422,10.533872604370117,142
2010-09-13,24.8700008392334,25.049999237060547,24.65999984741211,25.0,10.71822738647461,526
2010-09-14,25.100000381469727,25.200000762939453,24.90999984741211,25.200000762939453,10.803972244262695,382
2010-09-15,25.200000762939453,25.350000381469727,25.200000762939453,25.260000228881836,10.829694747924805,309
2010-09-16,25.200000762939453,25.40999984741211,25.190000534057617,25.290000915527344,10.84255599975586,250
2010-09-17,25.299999237060547,25.459999084472656,25.25,25.299999237060547,10.846845626831055,165
2010-09-20,25.299999237060547,25.399999618530273,25.299999237060547,25.309999465942383,10.851131439208984,85
2010-09-21,25.399999618530273,25.5,25.25,25.299999237060547,10.846845626831055,224
2010-09-23,25.299999237060547,25.299999237060547,25.149999618530273,25.270000457763672,10.833980560302734,114
2010-09-24,25.0,25.239999771118164,25.0,25.149999618530273,10.782533645629883,187
2010-09-27,25.190000534057617,25.399999618530273,25.190000534057617,25.25,10.825408935546875,262
2010-09-28,25.299999237060547,25.299999237060547,25.200000762939453,25.200000762939453,10.803972244262695,148
2010-09-29,25.219999313354492,25.479999542236328,25.200000762939453,25.350000381469727,10.868281364440918,198
2010-09-30,25.299999237060547,25.3799991607666,25.209999084472656,25.299999237060547,10.846845626831055,123
2010-10-01,25.299999237060547,25.5,25.299999237060547,25.389999389648438,10.885431289672852,95
2010-10-04,25.389999389648438,25.479999542236328,25.389999389648438,25.399999618530273,10.889715194702148,74
2010-10-05,25.40999984741211,25.5,25.139999389648438,25.489999771118164,10.928302764892578,106
2010-10-06,25.5,25.84000015258789,25.5,25.84000015258789,11.078357696533203,2050
2010-10-07,25.90999984741211,25.989999771118164,25.75,25.81999969482422,11.069783210754395,282
2010-10-08,25.81999969482422,25.8799991607666,25.65999984741211,25.75,11.039772033691406,137
2010-10-11,25.950000762939453,25.950000762939453,25.649999618530273,25.670000076293945,11.005473136901855,116
2010-10-12,25.700000762939453,25.700000762939453,25.450000762939453,25.549999237060547,10.95402717590332,378
2010-10-13,25.549999237060547,25.68000030517578,25.329999923706055,25.450000762939453,10.911153793334961,235
2010-10-14,25.600000381469727,25.950000762939453,25.600000381469727,25.899999618530273,11.104081153869629,542
2010-10-15,25.899999618530273,26.09000015258789,25.899999618530273,26.040000915527344,11.164104461669922,593
2010-10-18,26.0,26.0,25.399999618530273,25.549999237060547,10.95402717590332,219
2010-10-19,25.5,25.540000915527344,25.299999237060547,25.530000686645508,10.945453643798828,244
2010-10-20,25.5,25.780000686645508,25.209999084472656,25.75,11.039772033691406,548
2010-10-21,25.600000381469727,25.829999923706055,25.530000686645508,25.799999237060547,11.061208724975586,223
2010-10-22,25.799999237060547,25.889999389648438,25.700000762939453,25.829999923706055,11.074069023132324,233
2010-10-25,25.799999237060547,26.200000762939453,25.799999237060547,26.200000762939453,11.232701301574707,550
2010-10-26,26.200000762939453,26.399999618530273,26.200000762939453,26.399999618530273,11.318449020385742,276
2010-10-27,26.399999618530273,26.5,26.260000228881836,26.299999237060547,11.275574684143066,317
2010-10-28,26.309999465942383,26.479999542236328,26.200000762939453,26.31999969482422,11.284150123596191,286
2010-10-29,26.299999237060547,26.350000381469727,26.1200008392334,26.299999237060547,11.275574684143066,152
2010-11-01,26.299999237060547,26.610000610351562,26.209999084472656,26.5,11.361319541931152,461
2010-11-02,26.399999618530273,26.600000381469727,26.399999618530273,26.5,11.361319541931152,323
2010-11-03,26.5,26.649999618530273,26.299999237060547,26.329999923706055,11.288436889648438,181
2010-11-04,26.329999923706055,26.540000915527344,26.329999923706055,26.5,11.361319541931152,696
2010-11-05,26.649999618530273,26.950000762939453,26.649999618530273,26.889999389648438,11.528523445129395,344
2010-11-08,26.889999389648438,27.190000534057617,26.8700008392334,27.139999389648438,11.63570785522461,325
2010-11-09,27.139999389648438,27.139999389648438,26.93000030517578,27.110000610351562,11.622843742370605,260
2010-11-10,27.110000610351562,27.18000030517578,26.81999969482422,26.860000610351562,11.515661239624023,233
2010-11-11,26.8700008392334,26.989999771118164,26.8700008392334,26.969999313354492,11.562821388244629,178
2010-11-12,26.969999313354492,26.969999313354492,26.68000030517578,26.690000534057617,11.442776679992676,164
2010-11-15,26.690000534057617,26.690000534057617,26.0,26.290000915527344,11.271286964416504,232
2010-11-16,26.25,26.5,26.010000228881836,26.469999313354492,11.348455429077148,301
2010-11-17,26.110000610351562,26.360000610351562,26.079999923706055,26.31999969482422,11.284150123596191,156
2010-11-18,26.350000381469727,26.489999771118164,26.229999542236328,26.43000030517578,11.331308364868164,95
2010-11-19,26.5,26.700000762939453,26.5,26.559999465942383,11.387040138244629,188
2010-11-22,26.56999969482422,26.780000686645508,26.56999969482422,26.719999313354492,11.455639839172363,103
2010-11-23,26.719999313354492,26.799999237060547,26.6200008392334,26.639999389648438,11.421340942382812,78
2010-11-24,26.6299991607666,26.690000534057617,26.5,26.6299991607666,11.4170560836792,155
2010-11-25,26.6299991607666,26.780000686645508,26.469999313354492,26.780000686645508,11.481363296508789,771
2010-11-26,26.770000457763672,26.770000457763672,26.3700008392334,26.3799991607666,11.309871673583984,647
2010-11-29,26.399999618530273,26.75,26.399999618530273,26.649999618530273,11.425628662109375,642
2010-11-30,26.649999618530273,26.899999618530273,26.579999923706055,26.75,11.46850299835205,991
2010-12-01,26.75,27.219999313354492,26.75,27.190000534057617,11.657142639160156,711
2010-12-02,27.260000228881836,27.600000381469727,27.260000228881836,27.5,11.790046691894531,628
2010-12-03,27.5,27.559999465942383,27.399999618530273,27.440000534057617,11.764324188232422,798
2010-12-06,27.450000762939453,27.610000610351562,27.399999618530273,27.549999237060547,11.811483383178711,1132
2010-12-07,27.549999237060547,27.639999389648438,27.329999923706055,27.639999389648438,11.850069999694824,584
2010-12-08,27.5,27.610000610351562,27.5,27.600000381469727,11.832921981811523,1087
2010-12-09,27.649999618530273,27.790000915527344,27.43000030517578,27.5,11.790046691894531,616
2010-12-10,27.299999237060547,27.459999084472656,27.110000610351562,27.139999389648438,11.63570785522461,139
2010-12-13,27.200000762939453,27.3799991607666,27.200000762939453,27.290000915527344,11.7000150680542,84
2010-12-14,27.290000915527344,27.479999542236328,27.239999771118164,27.25,11.682866096496582,92
2010-12-15,27.25,27.34000015258789,27.110000610351562,27.34000015258789,11.721450805664062,111
2010-12-16,27.299999237060547,27.479999542236328,27.299999237060547,27.469999313354492,11.777186393737793,229
2010-12-17,27.469999313354492,27.600000381469727,27.469999313354492,27.479999542236328,11.781473159790039,267
2010-12-20,27.479999542236328,27.5,27.229999542236328,27.229999542236328,11.674290657043457,169
2010-12-21,27.15999984741211,27.469999313354492,27.15999984741211,27.469999313354492,11.777186393737793,199
2010-12-22,27.479999542236328,27.649999618530273,27.479999542236328,27.649999618530273,11.854357719421387,184
2010-12-23,27.700000762939453,27.899999618530273,27.649999618530273,27.899999618530273,11.961538314819336,227
2010-12-24,27.799999237060547,27.899999618530273,27.729999542236328,27.8700008392334,11.948680877685547,127
2010-12-27,27.6200008392334,27.899999618530273,27.6200008392334,27.899999618530273,11.961538314819336,141
2010-12-28,27.799999237060547,27.899999618530273,27.799999237060547,27.899999618530273,11.961538314819336,75
2010-12-29,27.899999618530273,28.0,27.540000915527344,27.600000381469727,11.832921981811523,96
2010-12-30,27.670000076293945,27.850000381469727,27.600000381469727,27.700000762939453,11.875794410705566,75
2010-12-31,27.600000381469727,27.829999923706055,27.600000381469727,27.81999969482422,11.927241325378418,194
2011-01-03,27.8799991607666,28.110000610351562,27.8799991607666,28.09000015258789,12.043000221252441,544
2011-01-04,28.100000381469727,28.399999618530273,28.100000381469727,28.350000381469727,12.154464721679688,386
2011-01-05,28.350000381469727,28.399999618530273,27.84000015258789,28.049999237060547,12.025849342346191,282
2011-01-06,27.90999984741211,28.200000762939453,27.90999984741211,28.200000762939453,12.090160369873047,254
2011-01-07,28.200000762939453,28.3799991607666,27.709999084472656,28.0,12.004413604736328,178
2011-01-10,27.600000381469727,27.8799991607666,27.600000381469727,27.860000610351562,11.944389343261719,276
2011-01-11,27.84000015258789,28.100000381469727,27.84000015258789,28.079999923706055,12.038710594177246,165
2011-01-12,28.200000762939453,28.200000762939453,28.020000457763672,28.149999618530273,12.06872272491455,297
2011-01-13,28.170000076293945,28.239999771118164,27.950000762939453,28.049999237060547,12.025849342346191,198
2011-01-14,28.049999237060547,28.15999984741211,28.0,28.0,12.004413604736328,112
2011-01-17,28.149999618530273,28.149999618530273,27.8799991607666,28.049999237060547,12.025849342346191,139
2011-01-18,28.0,28.139999389648438,27.8799991607666,28.1200008392334,12.055859565734863,305
2011-01-19,28.1200008392334,28.399999618530273,28.1200008392334,28.399999618530273,12.175904273986816,1189
2011-01-20,28.399999618530273,28.489999771118164,28.299999237060547,28.350000381469727,12.154464721679688,294
2011-01-21,27.850000381469727,28.299999237060547,27.850000381469727,28.200000762939453,12.090160369873047,149
2011-01-24,28.200000762939453,28.229999542236328,27.969999313354492,27.969999313354492,11.991551399230957,131
2011-01-25,28.059999465942383,28.25,28.059999465942383,28.219999313354492,12.098733901977539,137
2011-01-26,28.219999313354492,28.219999313354492,28.059999465942383,28.15999984741211,12.073007583618164,56
2011-01-27,28.15999984741211,28.25,28.149999618530273,28.200000762939453,12.090160369873047,145
2011-01-28,28.0,28.200000762939453,28.0,28.1299991607666,12.06014633178711,139
2011-02-08,28.209999084472656,28.239999771118164,28.1299991607666,28.1299991607666,12.06014633178711,79
2011-02-09,28.190000534057617,28.200000762939453,28.079999923706055,28.100000381469727,12.047284126281738,214
2011-02-10,28.100000381469727,28.100000381469727,27.559999465942383,27.559999465942383,11.815771102905273,225
2011-02-11,27.5,27.5,26.75,26.81999969482422,11.49851131439209,832
2011-02-14,26.81999969482422,27.100000381469727,26.81999969482422,27.0,11.57568359375,190
2011-02-15,27.0,27.399999618530273,26.700000762939453,27.399999618530273,11.747174263000488,130
2011-02-16,27.200000762939453,27.399999618530273,27.200000762939453,27.260000228881836,11.687152862548828,56
2011-02-17,27.299999237060547,27.299999237060547,27.100000381469727,27.100000381469727,11.61855697631836,68
2011-02-18,27.399999618530273,27.780000686645508,27.399999618530273,27.450000762939453,11.7686128616333,67
2011-02-21,27.700000762939453,27.700000762939453,27.299999237060547,27.399999618530273,11.747174263000488,104
2011-02-22,27.350000381469727,27.350000381469727,26.81999969482422,26.899999618530273,11.532809257507324,190
2011-02-23,26.600000381469727,27.0,26.600000381469727,26.950000762939453,11.554245948791504,90
2011-02-24,26.700000762939453,27.100000381469727,26.700000762939453,26.709999084472656,11.4513521194458,112
2011-02-25,26.799999237060547,27.100000381469727,26.610000610351562,27.100000381469727,11.61855697631836,75
2011-03-01,27.110000610351562,27.299999237060547,26.719999313354492,27.299999237060547,11.704300880432129,78
2011-03-02,27.299999237060547,27.299999237060547,26.610000610351562,26.610000610351562,11.408479690551758,226
2011-03-03,26.799999237060547,26.799999237060547,26.6200008392334,26.770000457763672,11.477075576782227,70
2011-03-04,26.93000030517578,26.93000030517578,26.68000030517578,26.68000030517578,11.438490867614746,68
2011-03-07,26.75,26.75,26.389999389648438,26.459999084472656,11.344170570373535,123
2011-03-08,26.440000534057617,26.649999618530273,26.3700008392334,26.649999618530273,11.425628662109375,100
2011-03-09,26.649999618530273,26.690000534057617,26.5,26.549999237060547,11.382755279541016,57
2011-03-10,26.5,26.5,26.059999465942383,26.299999237060547,11.275574684143066,90
2011-03-11,26.0,26.170000076293945,25.950000762939453,26.15999984741211,11.215550422668457,84
2011-03-14,26.0,26.059999465942383,25.600000381469727,26.0,11.146953582763672,204
2011-03-15,26.0,26.0,24.549999237060547,25.010000228881836,10.722512245178223,464
2011-03-16,25.350000381469727,25.639999389648438,25.170000076293945,25.600000381469727,10.975462913513184,106
2011-03-17,25.600000381469727,25.600000381469727,25.149999618530273,25.5,10.932589530944824,112
2011-03-18,25.799999237060547,25.799999237060547,25.5,25.780000686645508,11.052632331848145,64
2011-03-21,26.450000762939453,26.450000762939453,25.739999771118164,25.84000015258789,11.078357696533203,80
2011-03-22,25.709999084472656,26.0,25.709999084472656,25.850000381469727,11.082645416259766,46
2011-03-23,26.0,26.200000762939453,25.899999618530273,25.989999771118164,11.142668724060059,110
2011-03-24,26.020000457763672,26.200000762939453,26.020000457763672,26.190000534057617,11.228414535522461,80
2011-03-25,26.290000915527344,26.399999618530273,26.200000762939453,26.350000381469727,11.29701042175293,137
2011-03-28,26.200000762939453,26.200000762939453,26.100000381469727,26.100000381469727,11.189826011657715,37
2011-03-29,26.299999237060547,26.40999984741211,26.190000534057617,26.399999618530273,11.318449020385742,72
2011-03-30,26.5,26.5,26.299999237060547,26.440000534057617,11.335596084594727,70
2011-03-31,26.450000762939453,26.489999771118164,26.299999237060547,26.299999237060547,11.275574684143066,32
2011-04-01,26.219999313354492,26.399999618530273,26.219999313354492,26.299999237060547,11.275574684143066,54
2011-04-06,26.260000228881836,26.649999618530273,26.260000228881836,26.59000015258789,11.399906158447266,153
2011-04-07,26.649999618530273,26.969999313354492,26.600000381469727,26.670000076293945,11.434205055236816,1122
2011-04-08,26.670000076293945,26.8799991607666,26.670000076293945,26.729999542236328,11.459928512573242,73
2011-04-11,26.729999542236328,26.760000228881836,26.6200008392334,26.760000228881836,11.472787857055664,39
2011-04-12,26.610000610351562,26.610000610351562,26.5,26.59000015258789,11.399906158447266,64
2011-04-13,26.5,26.59000015258789,26.399999618530273,26.5,11.361319541931152,54
2011-04-14,26.5,26.700000762939453,26.5,26.649999618530273,11.425628662109375,52
2011-04-15,26.649999618530273,26.649999618530273,26.530000686645508,26.549999237060547,11.382755279541016,59
2011-04-18,26.549999237060547,26.799999237060547,26.420000076293945,26.5,11.361319541931152,1068
2011-04-19,26.5,26.5,26.239999771118164,26.299999237060547,11.275574684143066,2096
2011-04-20,26.3700008392334,26.829999923706055,26.3700008392334,26.700000762939453,11.447065353393555,2075
2011-04-21,26.700000762939453,27.34000015258789,26.700000762939453,27.079999923706055,11.609980583190918,4238
2011-04-22,27.149999618530273,27.280000686645508,27.0,27.049999237060547,11.597119331359863,1081
2011-04-25,27.100000381469727,27.15999984741211,26.950000762939453,26.950000762939453,11.554245948791504,69
2011-04-26,26.899999618530273,27.049999237060547,26.709999084472656,27.0,11.57568359375,150
2011-04-27,27.100000381469727,27.3799991607666,27.100000381469727,27.200000762939453,11.661430358886719,3148
2011-04-28,27.25,27.5,27.229999542236328,27.299999237060547,11.704300880432129,1654
2011-04-29,27.299999237060547,27.309999465942383,26.950000762939453,27.0,11.57568359375,1587
2011-05-03,27.079999923706055,27.200000762939453,27.0,27.059999465942383,11.601410865783691,105
2011-05-04,27.059999465942383,27.059999465942383,26.899999618530273,27.040000915527344,11.592833518981934,62
2011-05-05,27.040000915527344,27.200000762939453,27.0,27.110000610351562,11.622843742370605,68
2011-05-06,27.110000610351562,27.110000610351562,27.0,27.0,11.57568359375,61
2011-05-09,27.0,27.3799991607666,27.0,27.25,11.682866096496582,189
2011-05-10,27.170000076293945,27.25,27.149999618530273,27.209999084472656,11.665717124938965,126
2011-05-11,27.399999618530273,27.399999618530273,27.209999084472656,27.299999237060547,11.704300880432129,42
2011-05-12,27.209999084472656,27.25,27.110000610351562,27.239999771118164,11.67857837677002,50
2011-05-13,27.25,27.469999313354492,27.200000762939453,27.260000228881836,11.687152862548828,30
2011-05-16,27.260000228881836,27.299999237060547,27.170000076293945,27.200000762939453,11.661430358886719,39
2011-05-17,27.020000457763672,27.299999237060547,27.0,27.149999618530273,11.639992713928223,68
2011-05-18,27.299999237060547,27.299999237060547,27.200000762939453,27.299999237060547,11.704300880432129,46
2011-05-19,27.399999618530273,27.459999084472656,27.059999465942383,27.059999465942383,11.601410865783691,78
2011-05-20,27.049999237060547,27.149999618530273,26.899999618530273,26.899999618530273,11.532809257507324,102
2011-05-23,26.600000381469727,27.040000915527344,26.600000381469727,26.790000915527344,11.485652923583984,66
2011-05-24,26.700000762939453,26.8799991607666,26.649999618530273,26.8799991607666,11.524235725402832,165
2011-05-25,26.860000610351562,26.8700008392334,26.700000762939453,26.860000610351562,11.515661239624023,85
2011-05-26,26.899999618530273,26.989999771118164,26.799999237060547,26.989999771118164,11.571395874023438,419
2011-05-27,26.899999618530273,27.200000762939453,26.899999618530273,27.100000381469727,11.61855697631836,56
2011-05-30,27.200000762939453,27.309999465942383,27.100000381469727,27.229999542236328,11.674290657043457,539
2011-05-31,27.3799991607666,27.709999084472656,27.3799991607666,27.709999084472656,11.880078315734863,299
2011-06-01,27.75,27.899999618530273,27.75,27.8799991607666,11.952966690063477,140
2011-06-02,27.5,27.8700008392334,27.5,27.780000686645508,11.910093307495117,198
2011-06-03,27.799999237060547,28.100000381469727,27.799999237060547,28.0,12.004413604736328,204
2011-06-07,27.969999313354492,28.100000381469727,27.829999923706055,27.959999084472656,11.987262725830078,3168
2011-06-08,28.0,28.139999389648438,27.90999984741211,27.969999313354492,11.991551399230957,5214
2011-06-09,28.0,28.09000015258789,27.670000076293945,27.850000381469727,11.940103530883789,5890
2011-06-10,27.899999618530273,27.920000076293945,27.530000686645508,27.549999237060547,11.811483383178711,236
2011-06-13,27.5,27.5,27.190000534057617,27.200000762939453,11.661430358886719,222
2011-06-14,27.149999618530273,27.520000457763672,27.149999618530273,27.5,11.790046691894531,1073
2011-06-15,27.649999618530273,27.799999237060547,27.43000030517578,27.799999237060547,11.91866683959961,2095
2011-06-16,27.399999618530273,27.5,27.299999237060547,27.3799991607666,11.738598823547363,105
2011-06-17,27.290000915527344,27.3799991607666,27.09000015258789,27.200000762939453,11.661430358886719,288
2011-06-20,27.25,27.350000381469727,27.010000228881836,27.09000015258789,11.614269256591797,123
2011-06-21,27.1299991607666,27.260000228881836,27.100000381469727,27.260000228881836,11.687152862548828,92
2011-06-22,27.5,27.5,27.100000381469727,27.219999313354492,11.670003890991211,575
2011-06-23,27.219999313354492,27.280000686645508,27.079999923706055,27.100000381469727,11.61855697631836,1841
2011-06-24,27.079999923706055,27.100000381469727,26.979999542236328,27.030000686645508,11.588544845581055,741
2011-06-27,27.030000686645508,27.100000381469727,26.809999465942383,27.0,11.57568359375,212
2011-06-28,27.040000915527344,27.200000762939453,27.040000915527344,27.100000381469727,11.61855697631836,230
2011-06-29,27.25,27.5,27.209999084472656,27.5,11.790046691894531,98
2011-06-30,27.5,27.799999237060547,27.309999465942383,27.799999237060547,11.91866683959961,5834
2011-07-01,27.799999237060547,27.899999618530273,27.68000030517578,27.899999618530273,11.961538314819336,179
2011-07-04,27.899999618530273,28.020000457763672,27.889999389648438,27.90999984741211,11.965827941894531,398
2011-07-05,27.90999984741211,27.959999084472656,27.84000015258789,27.920000076293945,11.970112800598145,110
2011-07-06,27.920000076293945,28.030000686645508,27.850000381469727,28.0,12.004413604736328,167
2011-07-07,29.959999084472656,29.959999084472656,28.110000610351562,28.229999542236328,12.103019714355469,312
2011-07-08,28.350000381469727,28.40999984741211,28.100000381469727,28.280000686645508,12.124458312988281,195
2011-07-11,28.280000686645508,28.280000686645508,27.8700008392334,28.0,12.004413604736328,91
2011-07-12,27.899999618530273,28.0,27.56999969482422,27.649999618530273,11.854357719421387,83
2011-07-13,27.799999237060547,27.799999237060547,27.549999237060547,27.549999237060547,11.811483383178711,139
2011-07-14,27.700000762939453,28.0,27.549999237060547,27.56999969482422,11.820059776306152,74
2011-07-15,27.56999969482422,27.950000762939453,27.56999969482422,27.950000762939453,11.982975006103516,75
2011-07-18,27.950000762939453,28.100000381469727,27.899999618530273,28.09000015258789,12.043000221252441,76
2011-07-19,27.969999313354492,28.100000381469727,27.899999618530273,27.950000762939453,11.982975006103516,101
2011-07-20,28.100000381469727,28.209999084472656,28.0,28.149999618530273,12.06872272491455,167
2011-07-21,28.200000762939453,28.299999237060547,28.18000030517578,28.200000762939453,12.090160369873047,144
2011-07-22,28.280000686645508,28.600000381469727,28.280000686645508,28.5,12.218777656555176,254
2011-07-25,28.399999618530273,28.399999618530273,28.1299991607666,28.1299991607666,12.06014633178711,93
2011-07-26,28.1299991607666,28.420000076293945,28.1299991607666,28.40999984741211,12.180191040039062,572
2011-07-27,28.40999984741211,28.5,28.389999389648438,28.420000076293945,12.184480667114258,93
2011-07-28,28.299999237060547,28.489999771118164,28.270000457763672,28.450000762939453,12.19734001159668,51
2011-07-29,28.299999237060547,28.450000762939453,28.200000762939453,28.200000762939453,12.090160369873047,50
2011-08-01,28.25,28.440000534057617,28.25,28.260000228881836,12.115884780883789,170
2011-08-02,28.100000381469727,28.43000030517578,28.100000381469727,28.200000762939453,12.090160369873047,73
2011-08-03,28.0,28.0,27.780000686645508,27.899999618530273,11.961538314819336,573
2011-08-04,28.0,28.049999237060547,27.6299991607666,27.6299991607666,11.845781326293945,2073
2011-08-05,27.110000610351562,27.110000610351562,25.829999923706055,25.829999923706055,11.074069023132324,4108
2011-08-08,25.530000686645508,25.559999465942383,24.5,25.299999237060547,10.846845626831055,528
2011-08-09,24.0,25.09000015258789,23.899999618530273,25.0,10.71822738647461,2343
2011-08-10,25.540000915527344,25.540000915527344,25.229999542236328,25.5,10.932589530944824,202
2011-08-11,25.0,25.5,24.899999618530273,25.5,10.932589530944824,194
2011-08-12,25.799999237060547,25.950000762939453,25.399999618530273,25.399999618530273,10.889715194702148,91
2011-08-15,25.40999984741211,25.709999084472656,25.40999984741211,25.649999618530273,10.996898651123047,75
2011-08-16,25.719999313354492,25.850000381469727,25.700000762939453,25.700000762939453,11.018335342407227,76
2011-08-17,25.799999237060547,25.799999237060547,25.600000381469727,25.719999313354492,11.026910781860352,56
2011-08-18,25.600000381469727,25.600000381469727,25.190000534057617,25.299999237060547,10.846845626831055,92
2011-08-19,25.100000381469727,25.100000381469727,24.40999984741211,24.40999984741211,10.465276718139648,248
2011-08-22,24.510000228881836,24.719999313354492,24.079999923706055,24.329999923706055,10.430977821350098,143
2011-08-23,24.5,25.0,24.5,25.0,10.71822738647461,73
2011-08-24,25.110000610351562,25.110000610351562,24.700000762939453,24.799999237060547,10.632476806640625,29
2011-08-25,25.0,25.0,24.600000381469727,24.600000381469727,10.546733856201172,70
2011-08-26,24.6299991607666,24.899999618530273,24.6299991607666,24.709999084472656,10.59389591217041,26
2011-08-29,24.90999984741211,25.299999237060547,24.90999984741211,25.06999969482422,10.748235702514648,90
2011-08-30,25.200000762939453,25.25,25.079999923706055,25.25,10.825408935546875,137
2011-08-31,25.25,25.450000762939453,25.200000762939453,25.43000030517578,10.902580261230469,74
2011-09-01,25.459999084472656,25.93000030517578,25.459999084472656,25.65999984741211,11.00118637084961,167
2011-09-02,25.799999237060547,25.799999237060547,25.420000076293945,25.549999237060547,10.95402717590332,41
2011-09-05,25.399999618530273,25.399999618530273,24.889999389648438,25.0,10.71822738647461,126
2011-09-06,25.100000381469727,25.100000381469727,24.450000762939453,24.5,10.503860473632812,195
2011-09-07,24.549999237060547,24.90999984741211,24.549999237060547,24.899999618530273,10.675353050231934,36
2011-09-08,25.0,25.200000762939453,25.0,25.049999237060547,10.739662170410156,44
2011-09-09,24.709999084472656,25.389999389648438,24.709999084472656,25.1200008392334,10.769674301147461,109
2011-09-13,25.1200008392334,25.1200008392334,24.579999923706055,24.579999923706055,10.538159370422363,56
2011-09-14,25.0,25.0,24.200000762939453,24.299999237060547,10.418116569519043,127
2011-09-15,24.709999084472656,24.940000534057617,24.510000228881836,24.799999237060547,10.632476806640625,78
2011-09-16,25.0,25.5,25.0,25.5,10.932589530944824,140
2011-09-19,25.299999237060547,25.399999618530273,25.079999923706055,25.079999923706055,10.752523422241211,120
2011-09-20,25.079999923706055,25.1200008392334,24.739999771118164,25.06999969482422,10.748235702514648,49
2011-09-21,25.399999618530273,25.399999618530273,24.899999618530273,25.09000015258789,10.756813049316406,55
2011-09-22,25.0,25.0,24.389999389648438,24.420000076293945,10.469560623168945,147
2011-09-23,24.399999618530273,24.399999618530273,23.56999969482422,24.09000015258789,10.328080177307129,279
2011-09-26,24.09000015258789,24.09000015258789,23.239999771118164,23.239999771118164,9.963662147521973,204
2011-09-27,23.600000381469727,23.739999771118164,23.549999237060547,23.739999771118164,10.17802619934082,106
2011-09-28,23.75,23.75,23.5,23.510000228881836,10.079418182373047,114
2011-09-29,23.510000228881836,23.899999618530273,23.469999313354492,23.8700008392334,10.23376178741455,445
2011-09-30,23.8700008392334,24.0,23.719999313354492,24.0,10.289498329162598,28
2011-10-03,24.0,24.0,23.5,23.59000015258789,10.113716125488281,59
2011-10-04,23.600000381469727,23.889999389648438,23.299999237060547,23.739999771118164,10.17802619934082,46
2011-10-05,23.700000762939453,23.739999771118164,23.579999923706055,23.579999923706055,10.109430313110352,11
2011-10-06,23.700000762939453,23.889999389648438,23.65999984741211,23.729999542236328,10.173738479614258,50
2011-10-07,23.889999389648438,24.079999923706055,23.65999984741211,23.729999542236328,10.173738479614258,80
2011-10-11,24.149999618530273,24.59000015258789,24.149999618530273,24.5,10.503860473632812,243
2011-10-12,24.399999618530273,24.68000030517578,24.3799991607666,24.610000610351562,10.551020622253418,39
2011-10-13,24.75,25.049999237060547,24.600000381469727,24.899999618530273,10.675353050231934,107
2011-10-14,24.899999618530273,24.899999618530273,24.700000762939453,24.700000762939453,10.58961009979248,85
2011-10-17,25.0,25.1200008392334,24.850000381469727,25.1200008392334,10.769674301147461,344
2011-10-18,25.0,25.0,24.610000610351562,24.719999313354492,10.59818172454834,371
2011-10-19,25.200000762939453,25.299999237060547,24.920000076293945,25.040000915527344,10.735374450683594,2853
2011-10-20,25.34000015258789,25.350000381469727,24.799999237060547,24.899999618530273,10.675353050231934,3644
2011-10-21,25.0,25.0,24.399999618530273,24.84000015258789,10.649628639221191,3244
2011-10-24,25.200000762939453,25.299999237060547,25.0,25.139999389648438,10.778249740600586,3100
2011-10-25,25.219999313354492,25.229999542236328,25.100000381469727,25.209999084472656,10.808258056640625,5825
2011-10-26,22.93000030517578,23.0,22.719999313354492,23.0,9.86076831817627,1725
2011-10-27,23.0,23.030000686645508,22.850000381469727,22.950000762939453,9.839329719543457,736
2011-10-28,23.1200008392334,23.350000381469727,23.049999237060547,23.1200008392334,9.912216186523438,892
2011-10-31,23.200000762939453,23.200000762939453,22.899999618530273,22.979999542236328,9.852192878723145,759
2011-11-01,22.979999542236328,23.170000076293945,22.8700008392334,23.139999389648438,9.920787811279297,642
2011-11-02,22.850000381469727,23.200000762939453,22.68000030517578,23.18000030517578,9.93793773651123,1438
2011-11-03,23.059999465942383,23.110000610351562,22.850000381469727,22.920000076293945,9.826468467712402,656
2011-11-04,23.030000686645508,23.450000762939453,23.030000686645508,23.440000534057617,10.049407005310059,1183
2011-11-07,23.5,23.510000228881836,23.309999465942383,23.459999084472656,10.057984352111816,329
2011-11-08,23.459999084472656,23.6200008392334,23.399999618530273,23.420000076293945,10.040837287902832,760
2011-11-09,23.600000381469727,23.600000381469727,23.360000610351562,23.360000610351562,10.015107154846191,378
2011-11-10,23.299999237060547,23.299999237060547,22.5,22.719999313354492,9.740723609924316,1903
2011-11-11,22.81999969482422,22.899999618530273,22.649999618530273,22.8700008392334,9.805034637451172,429
2011-11-14,23.0,23.31999969482422,23.0,23.239999771118164,9.963662147521973,546
2011-11-15,23.239999771118164,23.280000686645508,23.100000381469727,23.139999389648438,9.920787811279297,177
2011-11-16,23.149999618530273,23.309999465942383,22.889999389648438,22.93000030517578,9.830757141113281,447
2011-11-17,22.899999618530273,22.93000030517578,22.6200008392334,22.93000030517578,9.830757141113281,363
2011-11-18,22.899999618530273,22.899999618530273,22.549999237060547,22.559999465942383,9.672125816345215,868
2011-11-21,22.84000015258789,22.84000015258789,21.8799991607666,21.899999618530273,9.389164924621582,1515
2011-11-22,21.899999618530273,21.979999542236328,21.65999984741211,21.809999465942383,9.350580215454102,538
2011-11-23,21.75,21.75,21.149999618530273,21.149999618530273,9.067617416381836,1334
2011-11-24,21.100000381469727,21.559999465942383,20.90999984741211,21.309999465942383,9.136215209960938,612
2011-11-25,21.350000381469727,21.5,21.0,21.200000762939453,9.089056968688965,750
2011-11-28,21.5,21.5,21.299999237060547,21.420000076293945,9.183378219604492,216
2011-11-29,21.600000381469727,21.670000076293945,21.510000228881836,21.65999984741211,9.28626823425293,362
2011-11-30,21.68000030517578,21.68000030517578,21.389999389648438,21.510000228881836,9.22196102142334,400
2011-12-01,21.799999237060547,22.739999771118164,21.799999237060547,22.68000030517578,9.7235746383667,976
2011-12-02,22.68000030517578,22.68000030517578,22.389999389648438,22.459999084472656,9.629254341125488,305
2011-12-05,22.5,22.5,22.170000076293945,22.459999084472656,9.629254341125488,210
2011-12-06,22.5,22.5,22.0,22.010000228881836,9.43632698059082,435
2011-12-07,22.100000381469727,22.280000686645508,22.100000381469727,22.200000762939453,9.51778507232666,226
2011-12-08,22.15999984741211,22.15999984741211,21.899999618530273,22.030000686645508,9.444900512695312,312
2011-12-09,21.700000762939453,22.0,21.68000030517578,21.889999389648438,9.384878158569336,304
2011-12-12,22.15999984741211,22.15999984741211,21.850000381469727,21.899999618530273,9.389164924621582,291
2011-12-13,21.780000686645508,21.860000610351562,21.579999923706055,21.799999237060547,9.346292495727539,277
2011-12-14,21.8799991607666,21.889999389648438,21.700000762939453,21.850000381469727,9.367729187011719,107
2011-12-15,21.75,21.75,21.450000762939453,21.459999084472656,9.20052433013916,567
2011-12-16,21.479999542236328,21.530000686645508,21.389999389648438,21.450000762939453,9.19623851776123,445
2011-12-19,21.309999465942383,21.31999969482422,20.780000686645508,20.860000610351562,8.94328784942627,1205
2011-12-20,20.860000610351562,21.040000915527344,20.84000015258789,20.889999389648438,8.956148147583008,683
2011-12-21,21.5,21.84000015258789,21.40999984741211,21.81999969482422,9.354866981506348,521
2011-12-22,21.81999969482422,21.81999969482422,21.65999984741211,21.780000686645508,9.33771800994873,273
2011-12-23,21.93000030517578,22.299999237060547,21.93000030517578,22.25,9.539219856262207,558
2011-12-26,22.350000381469727,22.350000381469727,22.149999618530273,22.25,9.539219856262207,196
2011-12-27,22.280000686645508,22.280000686645508,22.040000915527344,22.15999984741211,9.50063705444336,257
2011-12-28,22.15999984741211,22.15999984741211,22.100000381469727,22.1200008392334,9.483487129211426,133
2011-12-29,22.100000381469727,22.149999618530273,21.950000762939453,22.149999618530273,9.496346473693848,186
2011-12-30,22.469999313354492,22.469999313354492,22.1200008392334,22.139999389648438,9.492059707641602,258
2012-01-02,22.139999389648438,22.139999389648438,21.81999969482422,21.8799991607666,9.38059139251709,338860
2012-01-03,21.950000762939453,22.190000534057617,21.950000762939453,22.1200008392334,9.483487129211426,486865
2012-01-04,22.149999618530273,22.25,22.1200008392334,22.200000762939453,9.51778507232666,138587
2012-01-05,22.200000762939453,22.34000015258789,22.110000610351562,22.34000015258789,9.577807426452637,319403
2012-01-06,22.34000015258789,22.43000030517578,22.299999237060547,22.40999984741211,9.607815742492676,250524
2012-01-09,22.40999984741211,22.40999984741211,22.200000762939453,22.309999465942383,9.564946174621582,318720
2012-01-10,22.3700008392334,22.780000686645508,22.3700008392334,22.75,9.753584861755371,866880
2012-01-11,22.799999237060547,22.850000381469727,22.770000457763672,22.799999237060547,9.775020599365234,429925
2012-01-12,22.81999969482422,22.90999984741211,22.799999237060547,22.899999618530273,9.817893981933594,480999
2012-01-13,23.040000915527344,23.059999465942383,22.700000762939453,22.799999237060547,9.775020599365234,825265
2012-01-16,23.049999237060547,23.049999237060547,22.59000015258789,22.670000076293945,9.71928882598877,653797
2012-01-17,22.719999313354492,23.0,22.719999313354492,22.959999084472656,9.843618392944336,434
2012-01-18,23.0,23.149999618530273,22.959999084472656,23.020000457763672,9.869342803955078,730
2012-01-30,23.479999542236328,23.799999237060547,23.479999542236328,23.65999984741211,10.143728256225586,1076
2012-01-31,23.65999984741211,23.8799991607666,23.639999389648438,23.780000686645508,10.195176124572754,510
2012-02-01,23.81999969482422,24.110000610351562,23.799999237060547,24.040000915527344,10.306645393371582,590
2012-02-02,24.200000762939453,24.450000762939453,24.200000762939453,24.450000762939453,10.482426643371582,863
2012-02-03,24.5,24.549999237060547,24.34000015258789,24.489999771118164,10.499573707580566,669
2012-02-06,24.670000076293945,24.670000076293945,24.299999237060547,24.3700008392334,10.448127746582031,689
2012-02-07,24.350000381469727,24.5,24.329999923706055,24.479999542236328,10.495285987854004,644
2012-02-08,24.479999542236328,25.010000228881836,24.479999542236328,25.0,10.71822738647461,682
2012-02-09,25.0,25.149999618530273,24.959999084472656,25.110000610351562,10.765385627746582,1046
2012-02-10,25.110000610351562,25.149999618530273,24.90999984741211,25.0,10.71822738647461,628
2012-02-13,24.979999542236328,25.110000610351562,24.899999618530273,25.079999923706055,10.752523422241211,647
2012-02-14,25.049999237060547,25.149999618530273,24.719999313354492,24.860000610351562,10.658203125,481
2012-02-15,25.0,25.190000534057617,24.899999618530273,25.149999618530273,10.782533645629883,721
2012-02-16,25.059999465942383,25.25,25.0,25.0,10.71822738647461,803
2012-02-17,25.100000381469727,25.299999237060547,24.969999313354492,25.049999237060547,10.739662170410156,1195
2012-02-20,25.1299991607666,25.25,25.1200008392334,25.18000030517578,10.795397758483887,297
2012-02-21,25.18000030517578,25.200000762939453,24.899999618530273,25.09000015258789,10.756813049316406,356
2012-02-22,25.09000015258789,25.420000076293945,25.030000686645508,25.25,10.825408935546875,607
2012-02-23,25.200000762939453,25.399999618530273,25.200000762939453,25.239999771118164,10.821121215820312,344
2012-02-24,25.239999771118164,25.290000915527344,25.09000015258789,25.170000076293945,10.791109085083008,176
2012-02-29,25.350000381469727,25.729999542236328,25.350000381469727,25.59000015258789,10.97117805480957,619
2012-03-01,25.700000762939453,25.829999923706055,25.6299991607666,25.719999313354492,11.026910781860352,478
2012-03-02,25.780000686645508,25.899999618530273,25.690000534057617,25.690000534057617,11.014049530029297,558
2012-03-05,25.56999969482422,25.56999969482422,25.18000030517578,25.190000534057617,10.7996826171875,328
2012-03-06,25.079999923706055,25.290000915527344,24.8700008392334,25.020000457763672,10.726799964904785,757
2012-03-07,24.829999923706055,25.020000457763672,24.75,24.899999618530273,10.675353050231934,397
2012-03-08,24.93000030517578,25.200000762939453,24.920000076293945,25.18000030517578,10.795397758483887,188
2012-03-09,25.5,25.5,25.0,25.149999618530273,10.782533645629883,425
2012-03-12,25.170000076293945,25.200000762939453,25.0,25.0,10.71822738647461,212
2012-03-13,25.0,25.270000457763672,25.0,25.239999771118164,10.821121215820312,292
2012-03-14,25.549999237060547,25.770000457763672,25.420000076293945,25.459999084472656,10.91544246673584,380
2012-03-15,25.399999618530273,25.549999237060547,25.399999618530273,25.5,10.932589530944824,162
2012-03-16,25.5,25.5,25.309999465942383,25.399999618530273,10.889715194702148,160
2012-03-19,25.399999618530273,25.440000534057617,25.139999389648438,25.209999084472656,10.808258056640625,220
2012-03-20,25.25,25.280000686645508,25.100000381469727,25.100000381469727,10.76109790802002,106
2012-03-21,25.100000381469727,25.270000457763672,24.959999084472656,25.049999237060547,10.739662170410156,301
2012-03-22,25.100000381469727,25.200000762939453,25.020000457763672,25.200000762939453,10.803972244262695,165
2012-03-23,25.200000762939453,25.200000762939453,25.100000381469727,25.18000030517578,10.795397758483887,64
2012-03-26,25.079999923706055,25.079999923706055,24.84000015258789,24.90999984741211,10.67963981628418,622
2012-03-27,24.950000762939453,25.0,24.84000015258789,24.899999618530273,10.675353050231934,376
2012-03-28,24.899999618530273,25.0,24.8700008392334,24.920000076293945,10.683926582336426,258
2012-03-29,24.920000076293945,24.920000076293945,24.299999237060547,24.479999542236328,10.495285987854004,893
2012-03-30,24.479999542236328,24.530000686645508,24.309999465942383,24.530000686645508,10.516724586486816,462
2012-04-02,24.520000457763672,24.59000015258789,24.40999984741211,24.549999237060547,10.525297164916992,232
2012-04-03,24.559999465942383,24.65999984741211,24.270000457763672,24.299999237060547,10.418116569519043,503
2012-04-05,24.0,24.0,23.5,23.829999923706055,10.216611862182617,881
2012-04-06,23.829999923706055,24.0,23.799999237060547,24.0,10.289498329162598,338
2012-04-09,24.0,24.0,23.600000381469727,23.899999618530273,10.246623992919922,207
2012-04-10,24.0,24.149999618530273,23.950000762939453,24.0,10.289498329162598,243
2012-04-11,23.850000381469727,24.040000915527344,23.809999465942383,24.020000457763672,10.298070907592773,158
2012-04-12,24.020000457763672,24.100000381469727,23.90999984741211,24.049999237060547,10.310935020446777,189
2012-04-13,24.399999618530273,24.440000534057617,24.200000762939453,24.34000015258789,10.435263633728027,355
2012-04-16,24.329999923706055,24.329999923706055,24.170000076293945,24.329999923706055,10.430977821350098,112
2012-04-17,24.329999923706055,24.329999923706055,23.809999465942383,23.8700008392334,10.23376178741455,504
2012-04-18,24.149999618530273,24.149999618530273,23.860000610351562,23.969999313354492,10.27663516998291,237
2012-04-19,23.920000076293945,24.06999969482422,23.709999084472656,23.969999313354492,10.27663516998291,248
2012-04-20,23.809999465942383,23.920000076293945,23.729999542236328,23.729999542236328,10.173738479614258,397
2012-04-23,23.729999542236328,23.770000457763672,23.540000915527344,23.68000030517578,10.152302742004395,387
2012-04-24,23.559999465942383,23.799999237060547,23.549999237060547,23.700000762939453,10.16087818145752,210
2012-04-25,23.780000686645508,23.860000610351562,23.739999771118164,23.850000381469727,10.225189208984375,120
2012-04-26,23.850000381469727,23.959999084472656,23.81999969482422,23.81999969482422,10.212324142456055,88
2012-04-27,23.889999389648438,23.979999542236328,23.639999389648438,23.68000030517578,10.152302742004395,225
2012-04-30,23.6299991607666,23.850000381469727,23.6200008392334,23.84000015258789,10.220898628234863,51
2012-05-02,23.899999618530273,24.3799991607666,23.899999618530273,24.350000381469727,10.439553260803223,349387
2012-05-03,24.350000381469727,24.459999084472656,24.299999237060547,24.3700008392334,10.448127746582031,107100
2012-05-04,24.3700008392334,24.450000762939453,24.190000534057617,24.450000762939453,10.482426643371582,111120
2012-05-07,24.299999237060547,24.399999618530273,23.90999984741211,24.100000381469727,10.332368850708008,293424
2012-05-08,24.15999984741211,24.200000762939453,24.049999237060547,24.1299991607666,10.345230102539062,104868
2012-05-09,24.100000381469727,24.100000381469727,23.8700008392334,24.010000228881836,10.293782234191895,230299
2012-05-10,24.100000381469727,24.100000381469727,23.8700008392334,23.899999618530273,10.246623992919922,154187
2012-05-11,24.0,24.0,23.68000030517578,23.760000228881836,10.186600685119629,380547
2012-05-14,23.75,23.760000228881836,23.579999923706055,23.670000076293945,10.148017883300781,239067
2012-05-15,23.540000915527344,23.700000762939453,23.450000762939453,23.700000762939453,10.16087818145752,387998
2012-05-16,23.600000381469727,23.700000762939453,23.350000381469727,23.3799991607666,10.023683547973633,464935
2012-05-17,23.5,23.520000457763672,23.3799991607666,23.5,10.0751314163208,267605
2012-05-18,23.200000762939453,23.280000686645508,22.950000762939453,22.979999542236328,9.852192878723145,1202919
2012-05-21,23.0,23.18000030517578,23.0,23.049999237060547,9.882204055786133,213380
2012-05-22,23.450000762939453,23.450000762939453,23.1299991607666,23.15999984741211,9.929364204406738,359830
2012-05-23,23.149999618530273,23.290000915527344,22.829999923706055,22.899999618530273,9.817893981933594,571169
2012-05-24,22.899999618530273,22.959999084472656,22.639999389648438,22.690000534057617,9.727860450744629,566586
2012-05-25,22.700000762939453,22.75,22.540000915527344,22.579999923706055,9.680704116821289,1390066
2012-05-28,22.799999237060547,22.809999465942383,22.5,22.780000686645508,9.766448020935059,767230
2012-05-29,22.850000381469727,23.299999237060547,22.799999237060547,23.290000915527344,9.985099792480469,376999
2012-05-30,23.200000762939453,23.200000762939453,23.030000686645508,23.190000534057617,9.942227363586426,445732
2012-05-31,23.200000762939453,23.200000762939453,22.780000686645508,23.190000534057617,9.942227363586426,564754
2012-06-01,23.190000534057617,23.190000534057617,22.799999237060547,22.889999389648438,9.813606262207031,1445208
2012-06-04,22.5,22.549999237060547,22.18000030517578,22.309999465942383,9.564946174621582,1327041
2012-06-05,22.43000030517578,22.6299991607666,22.420000076293945,22.530000686645508,9.659263610839844,347377
2012-06-06,22.600000381469727,22.770000457763672,22.559999465942383,22.719999313354492,9.740723609924316,198466
2012-06-07,22.899999618530273,22.920000076293945,22.68000030517578,22.719999313354492,9.740723609924316,321265
2012-06-08,22.700000762939453,22.719999313354492,22.520000457763672,22.600000381469727,9.689277648925781,228829
2012-06-11,22.780000686645508,22.90999984741211,22.760000228881836,22.84000015258789,9.792169570922852,124201
2012-06-12,22.829999923706055,22.959999084472656,22.610000610351562,22.950000762939453,9.839329719543457,137000
2012-06-13,22.969999313354492,22.969999313354492,22.68000030517578,22.780000686645508,9.766448020935059,886998
2012-06-14,22.780000686645508,22.84000015258789,22.780000686645508,22.790000915527344,9.770736694335938,98388
2012-06-15,22.829999923706055,23.0,22.790000915527344,23.0,9.86076831817627,178198
2012-06-18,23.209999084472656,23.389999389648438,23.209999084472656,23.329999923706055,10.002246856689453,393436
2012-06-19,23.350000381469727,23.3799991607666,23.209999084472656,23.25,9.967950820922852,123666
2012-06-20,23.299999237060547,23.399999618530273,23.280000686645508,23.399999618530273,10.032258987426758,149203
2012-06-21,23.399999618530273,23.399999618530273,23.280000686645508,23.299999237060547,9.989385604858398,116000
2012-06-22,23.149999618530273,23.25,23.049999237060547,23.200000762939453,9.946513175964355,183700
2012-06-25,23.049999237060547,23.100000381469727,22.950000762939453,23.079999923706055,9.895065307617188,264200
2012-06-26,23.049999237060547,23.079999923706055,23.020000457763672,23.079999923706055,9.895065307617188,125791
2012-06-27,23.079999923706055,23.270000457763672,22.969999313354492,23.149999618530273,9.925077438354492,177380
2012-06-28,23.290000915527344,23.299999237060547,23.079999923706055,23.15999984741211,9.929364204406738,99000
2012-06-29,23.15999984741211,23.399999618530273,23.15999984741211,23.399999618530273,10.032258987426758,243700
2012-07-02,23.5,23.670000076293945,23.5,23.670000076293945,10.148017883300781,194115
2012-07-03,23.739999771118164,24.149999618530273,23.709999084472656,24.049999237060547,10.310935020446777,510152
2012-07-04,24.280000686645508,24.280000686645508,24.0,24.030000686645508,10.302359580993652,701400
2012-07-05,24.030000686645508,24.100000381469727,23.93000030517578,24.0,10.289498329162598,189475
2012-07-06,24.0,24.139999389648438,23.850000381469727,23.899999618530273,10.246623992919922,1476255
2012-07-09,23.899999618530273,23.989999771118164,23.799999237060547,23.950000762939453,10.268058776855469,1906444
2012-07-10,23.950000762939453,23.950000762939453,23.75,23.770000457763672,10.190889358520508,167197
2012-07-11,23.770000457763672,23.799999237060547,23.700000762939453,23.770000457763672,10.190889358520508,78450
2012-07-12,23.770000457763672,23.770000457763672,23.5,23.540000915527344,10.092278480529785,326899
2012-07-13,23.450000762939453,23.520000457763672,23.399999618530273,23.450000762939453,10.053698539733887,322874
2012-07-16,23.600000381469727,23.600000381469727,23.299999237060547,23.34000015258789,10.006538391113281,225999
2012-07-17,23.350000381469727,23.540000915527344,23.34000015258789,23.469999313354492,10.062270164489746,175141
2012-07-18,23.5,23.5,23.299999237060547,23.31999969482422,9.997960090637207,255905
2012-07-19,23.399999618530273,23.579999923706055,23.399999618530273,23.579999923706055,10.109430313110352,195985
2012-07-20,23.600000381469727,23.65999984741211,23.549999237060547,23.579999923706055,10.109430313110352,156550
2012-07-23,23.5,23.5,23.25,23.3799991607666,10.023683547973633,428584
2012-07-24,23.350000381469727,23.350000381469727,23.170000076293945,23.229999542236328,9.95937442779541,668140
2012-07-25,23.079999923706055,23.299999237060547,23.049999237060547,23.209999084472656,9.950800895690918,475002
2012-07-26,23.280000686645508,23.360000610351562,23.260000228881836,23.31999969482422,9.997960090637207,118565
2012-07-27,23.350000381469727,23.59000015258789,23.350000381469727,23.59000015258789,10.113716125488281,234380
2012-07-30,23.59000015258789,23.799999237060547,23.59000015258789,23.790000915527344,10.199462890625,351982
2012-07-31,23.780000686645508,24.049999237060547,23.68000030517578,24.049999237060547,10.310935020446777,629438
2012-08-01,24.049999237060547,24.190000534057617,24.0,24.139999389648438,10.349518775939941,410949
2012-08-02,24.139999389648438,24.139999389648438,24.139999389648438,24.139999389648438,10.349518775939941,0
2012-08-03,24.100000381469727,24.110000610351562,23.93000030517578,23.93000030517578,10.259486198425293,462968
2012-08-06,24.229999542236328,24.350000381469727,24.190000534057617,24.239999771118164,10.392393112182617,369700
2012-08-07,24.25,24.350000381469727,24.239999771118164,24.25,10.396678924560547,433000
2012-08-08,24.3799991607666,24.56999969482422,24.3799991607666,24.5,10.503860473632812,697600
2012-08-09,24.549999237060547,24.899999618530273,24.549999237060547,24.8700008392334,10.662492752075195,662984
2012-08-10,24.8700008392334,24.8799991607666,24.790000915527344,24.829999923706055,10.645339965820312,586056
2012-08-13,24.75,24.829999923706055,24.709999084472656,24.719999313354492,10.59818172454834,274202
2012-08-14,24.770000457763672,24.969999313354492,24.760000228881836,24.770000457763672,10.619617462158203,428474
2012-08-15,24.770000457763672,24.799999237060547,24.68000030517578,24.700000762939453,10.58961009979248,189398
2012-08-16,24.719999313354492,25.049999237060547,24.719999313354492,25.0,10.71822738647461,1329146
2012-08-17,25.030000686645508,25.18000030517578,25.030000686645508,25.1200008392334,10.769674301147461,513638
2012-08-20,25.1200008392334,25.1200008392334,24.770000457763672,24.860000610351562,10.658203125,1019879
2012-08-21,24.860000610351562,25.18000030517578,24.860000610351562,25.059999465942383,10.743952751159668,414220
2012-08-22,25.059999465942383,25.059999465942383,24.940000534057617,24.989999771118164,10.713935852050781,242924
2012-08-23,24.989999771118164,25.100000381469727,24.969999313354492,25.030000686645508,10.731088638305664,315838
2012-08-24,24.850000381469727,25.0,24.850000381469727,24.90999984741211,10.67963981628418,210100
2012-08-27,25.049999237060547,25.100000381469727,24.780000686645508,24.81999969482422,10.641056060791016,315199
2012-08-28,24.700000762939453,24.75,24.600000381469727,24.6299991607666,10.559596061706543,576299
2012-08-29,24.600000381469727,24.709999084472656,24.530000686645508,24.65999984741211,10.572458267211914,529533
2012-08-30,24.5,24.549999237060547,24.450000762939453,24.450000762939453,10.482426643371582,636525
2012-08-31,24.399999618530273,24.729999542236328,24.399999618530273,24.709999084472656,10.59389591217041,286398
2012-09-03,24.709999084472656,24.799999237060547,24.559999465942383,24.790000915527344,10.628193855285645,378545
2012-09-04,24.799999237060547,24.799999237060547,24.690000534057617,24.760000228881836,10.615330696105957,286750
2012-09-05,24.690000534057617,24.700000762939453,24.510000228881836,24.549999237060547,10.525297164916992,509164
2012-09-06,24.549999237060547,24.549999237060547,24.350000381469727,24.420000076293945,10.469560623168945,1206090
2012-09-07,24.700000762939453,24.700000762939453,24.579999923706055,24.6299991607666,10.559596061706543,427577
2012-09-10,24.649999618530273,24.770000457763672,24.639999389648438,24.75,10.611044883728027,242501
2012-09-11,24.75,24.770000457763672,24.68000030517578,24.719999313354492,10.59818172454834,241773
2012-09-12,24.75,24.940000534057617,24.75,24.940000534057617,10.692502975463867,340010
2012-09-13,24.950000762939453,25.020000457763672,24.940000534057617,24.959999084472656,10.70107650756836,272086
2012-09-14,25.100000381469727,25.290000915527344,25.100000381469727,25.239999771118164,10.821121215820312,822840
2012-09-17,25.25,25.399999618530273,25.239999771118164,25.3799991607666,10.881142616271973,585287
2012-09-18,25.350000381469727,25.389999389648438,25.299999237060547,25.3799991607666,10.881142616271973,364796
2012-09-19,25.3799991607666,25.3799991607666,25.260000228881836,25.350000381469727,10.868281364440918,282980
2012-09-20,25.350000381469727,25.389999389648438,25.170000076293945,25.260000228881836,10.829694747924805,338285
2012-09-21,25.200000762939453,25.420000076293945,25.200000762939453,25.399999618530273,10.889715194702148,488950
2012-09-24,25.399999618530273,25.469999313354492,25.25,25.420000076293945,10.898290634155273,199616
2012-09-25,25.399999618530273,25.469999313354492,25.290000915527344,25.31999969482422,10.855417251586914,455700
2012-09-26,25.229999542236328,25.229999542236328,25.0,25.0,10.71822738647461,731798
2012-09-27,25.0,25.1200008392334,24.940000534057617,24.950000762939453,10.696788787841797,415791
2012-09-28,24.959999084472656,25.079999923706055,24.8799991607666,25.0,10.71822738647461,365228
2012-10-01,24.979999542236328,25.010000228881836,24.899999618530273,24.979999542236328,10.709650039672852,381700
2012-10-02,24.979999542236328,25.100000381469727,24.979999542236328,25.06999969482422,10.748235702514648,207828
2012-10-03,25.0,25.06999969482422,24.940000534057617,24.940000534057617,10.692502975463867,437116
2012-10-04,24.940000534057617,24.940000534057617,24.6200008392334,24.790000915527344,10.628193855285645,963602
2012-10-05,24.780000686645508,24.829999923706055,24.68000030517578,24.729999542236328,10.602468490600586,477925
2012-10-08,24.799999237060547,24.799999237060547,24.530000686645508,24.549999237060547,10.525297164916992,763069
2012-10-09,24.549999237060547,24.549999237060547,24.43000030517578,24.459999084472656,10.486711502075195,1053122
2012-10-11,24.18000030517578,24.18000030517578,23.920000076293945,23.969999313354492,10.27663516998291,2394709
2012-10-12,23.959999084472656,24.049999237060547,23.75,23.899999618530273,10.246623992919922,3115498
2012-10-15,23.90999984741211,23.93000030517578,23.719999313354492,23.850000381469727,10.225189208984375,3679631
2012-10-16,23.959999084472656,23.959999084472656,23.799999237060547,23.8799991607666,10.23805046081543,3783996
2012-10-17,24.0,24.06999969482422,23.950000762939453,23.959999084472656,10.27234935760498,4219385
2012-10-18,24.0,24.0,23.829999923706055,23.889999389648438,10.24233627319336,3108012
2012-10-19,23.8799991607666,23.8799991607666,23.75,23.850000381469727,10.225189208984375,3016323
2012-10-22,23.68000030517578,23.889999389648438,23.579999923706055,23.8799991607666,10.23805046081543,3909604
2012-10-23,23.8799991607666,24.399999618530273,23.850000381469727,24.399999618530273,10.460990905761719,3867688
2012-10-24,22.280000686645508,22.450000762939453,22.190000534057617,22.3799991607666,9.594956398010254,8147998
2012-10-25,22.3799991607666,22.440000534057617,22.15999984741211,22.229999542236328,9.530647277832031,2815266
2012-10-26,22.25,22.25,21.399999618530273,21.399999618530273,9.174800872802734,6784408
2012-10-29,21.459999084472656,21.459999084472656,21.170000076293945,21.190000534057617,9.084765434265137,4502461
2012-10-30,21.25,21.389999389648438,21.18000030517578,21.270000457763672,9.11906623840332,3200400
2012-10-31,21.399999618530273,21.420000076293945,21.1299991607666,21.190000534057617,9.084765434265137,1590431
2012-11-01,21.149999618530273,21.59000015258789,20.760000228881836,21.299999237060547,9.131926536560059,4634887
2012-11-02,21.350000381469727,21.440000534057617,21.280000686645508,21.34000015258789,9.149076461791992,3417777
2012-11-05,21.260000228881836,21.329999923706055,21.110000610351562,21.170000076293945,9.076192855834961,4027481
2012-11-06,21.170000076293945,21.3700008392334,21.100000381469727,21.3700008392334,9.16193962097168,2338061
2012-11-07,21.3700008392334,21.489999771118164,21.200000762939453,21.459999084472656,9.20052433013916,1731154
2012-11-08,21.280000686645508,21.309999465942383,21.18000030517578,21.280000686645508,9.1233549118042,1576644
2012-11-09,21.18000030517578,21.530000686645508,21.1200008392334,21.5,9.217674255371094,1864587
2012-11-12,21.5,21.59000015258789,21.469999313354492,21.549999237060547,9.239108085632324,970105
2012-11-13,21.31999969482422,21.479999542236328,21.110000610351562,21.149999618530273,9.067617416381836,2800338
2012-11-14,21.1200008392334,21.25,21.1200008392334,21.239999771118164,9.106204986572266,879346
2012-11-15,21.219999313354492,21.299999237060547,21.049999237060547,21.290000915527344,9.127638816833496,886100
2012-11-16,21.280000686645508,21.450000762939453,21.239999771118164,21.280000686645508,9.1233549118042,686145
2012-11-19,21.309999465942383,21.3799991607666,21.299999237060547,21.31999969482422,9.140501976013184,419447
2012-11-20,21.440000534057617,21.450000762939453,21.280000686645508,21.290000915527344,9.127638816833496,697845
2012-11-21,21.34000015258789,21.34000015258789,21.020000457763672,21.1200008392334,9.054756164550781,1320123
2012-11-22,21.18000030517578,21.209999084472656,21.100000381469727,21.139999389648438,9.063331604003906,1026102
2012-11-23,21.18000030517578,21.549999237060547,21.18000030517578,21.549999237060547,9.239108085632324,1584104
2012-11-26,21.649999618530273,21.850000381469727,21.649999618530273,21.799999237060547,9.346292495727539,1139335
2012-11-27,21.799999237060547,21.940000534057617,21.799999237060547,21.81999969482422,9.354866981506348,1209869
2012-11-28,21.850000381469727,21.93000030517578,21.81999969482422,21.899999618530273,9.389164924621582,568151
2012-11-29,22.0,22.170000076293945,21.969999313354492,22.139999389648438,9.492059707641602,1550520
2012-11-30,22.200000762939453,22.479999542236328,22.190000534057617,22.40999984741211,9.607815742492676,1455029
2012-12-03,22.440000534057617,22.56999969482422,22.389999389648438,22.43000030517578,9.616393089294434,1791464
2012-12-04,22.389999389648438,22.450000762939453,22.329999923706055,22.450000762939453,9.624967575073242,1212499
2012-12-05,22.450000762939453,22.729999542236328,22.440000534057617,22.68000030517578,9.7235746383667,2668331
2012-12-06,22.68000030517578,22.81999969482422,22.6299991607666,22.649999618530273,9.710711479187012,2127630
2012-12-07,22.6299991607666,22.770000457763672,22.520000457763672,22.540000915527344,9.663552284240723,2348498
2012-12-10,22.540000915527344,22.68000030517578,22.510000228881836,22.56999969482422,9.67641544342041,954828
2012-12-11,22.59000015258789,22.639999389648438,22.43000030517578,22.540000915527344,9.663552284240723,1168345
2012-12-12,22.600000381469727,22.790000915527344,22.600000381469727,22.709999084472656,9.73643684387207,1531830
2012-12-13,22.729999542236328,22.8799991607666,22.719999313354492,22.850000381469727,9.796459197998047,1324786
2012-12-14,22.850000381469727,22.850000381469727,22.75,22.75,9.753584861755371,1392788
2012-12-17,22.719999313354492,22.719999313354492,22.479999542236328,22.520000457763672,9.654979705810547,1064376
2012-12-18,22.520000457763672,22.549999237060547,22.440000534057617,22.5,9.646401405334473,762700
2012-12-19,22.549999237060547,22.65999984741211,22.530000686645508,22.549999237060547,9.667839050292969,1262120
2012-12-20,22.5,22.549999237060547,22.40999984741211,22.40999984741211,9.607815742492676,641599
2012-12-21,22.3799991607666,22.40999984741211,22.200000762939453,22.309999465942383,9.564946174621582,967341
2012-12-24,22.309999465942383,22.489999771118164,22.309999465942383,22.40999984741211,9.607815742492676,217640
2012-12-25,22.40999984741211,22.670000076293945,22.40999984741211,22.6200008392334,9.69784927368164,1077913
2012-12-26,22.6200008392334,22.649999618530273,22.549999237060547,22.59000015258789,9.68498706817627,837000
2012-12-27,22.489999771118164,22.68000030517578,22.489999771118164,22.6200008392334,9.69784927368164,410370
2012-12-28,22.700000762939453,22.790000915527344,22.700000762939453,22.780000686645508,9.766448020935059,3090808
2013-01-02,22.829999923706055,23.049999237060547,22.829999923706055,22.950000762939453,9.839329719543457,1623612
2013-01-03,23.049999237060547,23.149999618530273,23.049999237060547,23.059999465942383,9.886490821838379,1423832
2013-01-04,23.059999465942383,23.059999465942383,22.899999618530273,22.950000762939453,9.839329719543457,521879
2013-01-07,22.950000762939453,23.0,22.81999969482422,22.969999313354492,9.847905158996582,951774
2013-01-08,22.950000762939453,22.969999313354492,22.780000686645508,22.799999237060547,9.775020599365234,718177
2013-01-09,22.799999237060547,22.989999771118164,22.770000457763672,22.889999389648438,9.813606262207031,276670
2013-01-10,22.950000762939453,23.079999923706055,22.950000762939453,23.059999465942383,9.886490821838379,625219
2013-01-11,23.100000381469727,23.139999389648438,23.0,23.030000686645508,9.87363052368164,423172
2013-01-14,22.93000030517578,23.149999618530273,22.84000015258789,23.149999618530273,9.925077438354492,415928
2013-01-15,23.100000381469727,23.200000762939453,23.040000915527344,23.06999969482422,9.890779495239258,839134
2013-01-16,23.06999969482422,23.139999389648438,22.989999771118164,23.079999923706055,9.895065307617188,940360
2013-01-17,23.100000381469727,23.209999084472656,22.780000686645508,22.81999969482422,9.783598899841309,1183603
2013-01-18,22.950000762939453,23.079999923706055,22.950000762939453,23.059999465942383,9.886490821838379,504365
2013-01-21,23.049999237060547,23.18000030517578,23.010000228881836,23.149999618530273,9.925077438354492,563528
2013-01-22,23.149999618530273,23.280000686645508,23.139999389648438,23.25,9.967950820922852,930313
2013-01-23,23.25,23.299999237060547,23.139999389648438,23.139999389648438,9.920787811279297,1018095
2013-01-24,23.1200008392334,23.18000030517578,23.040000915527344,23.09000015258789,9.89935302734375,2502330
2013-01-25,23.059999465942383,23.15999984741211,23.059999465942383,23.100000381469727,9.903639793395996,1416400
2013-01-28,23.15999984741211,23.239999771118164,23.149999618530273,23.219999313354492,9.955086708068848,1975160
2013-01-29,23.350000381469727,23.459999084472656,23.309999465942383,23.420000076293945,10.040837287902832,2021569
2013-01-30,23.5,23.68000030517578,23.479999542236328,23.639999389648438,10.135154724121094,1848366
2013-01-31,23.649999618530273,23.760000228881836,23.6299991607666,23.760000228881836,10.186600685119629,2894849
2013-02-01,23.760000228881836,23.889999389648438,23.760000228881836,23.829999923706055,10.216611862182617,1888669
2013-02-04,23.899999618530273,23.989999771118164,23.850000381469727,23.899999618530273,10.246623992919922,1750660
2013-02-05,23.860000610351562,23.860000610351562,23.75,23.81999969482422,10.212324142456055,965409
2013-02-06,23.829999923706055,23.8700008392334,23.649999618530273,23.68000030517578,10.152302742004395,1383653
2013-02-18,23.780000686645508,23.81999969482422,23.690000534057617,23.75,10.182312965393066,711786
2013-02-19,23.739999771118164,23.790000915527344,23.65999984741211,23.719999313354492,10.169450759887695,998836
2013-02-20,23.81999969482422,23.860000610351562,23.770000457763672,23.81999969482422,10.212324142456055,967660
2013-02-21,23.799999237060547,23.799999237060547,23.700000762939453,23.729999542236328,10.173738479614258,610301
2013-02-22,23.700000762939453,23.700000762939453,23.510000228881836,23.700000762939453,10.16087818145752,822546
2013-02-25,23.670000076293945,23.700000762939453,23.600000381469727,23.6200008392334,10.126577377319336,249451
2013-02-26,23.5,23.59000015258789,23.420000076293945,23.520000457763672,10.083707809448242,602700
2013-02-27,23.540000915527344,23.700000762939453,23.540000915527344,23.579999923706055,10.109430313110352,285686
2013-03-01,23.639999389648438,23.780000686645508,23.639999389648438,23.760000228881836,10.186600685119629,725421
2013-03-04,23.760000228881836,23.760000228881836,23.56999969482422,23.600000381469727,10.118005752563477,857204
2013-03-05,23.610000610351562,23.690000534057617,23.579999923706055,23.690000534057617,10.156590461730957,644815
2013-03-06,23.799999237060547,23.799999237060547,23.700000762939453,23.75,10.182312965393066,874702
2013-03-07,23.75,23.790000915527344,23.639999389648438,23.700000762939453,10.16087818145752,327324
2013-03-08,23.729999542236328,23.8700008392334,23.729999542236328,23.799999237060547,10.203749656677246,1098850
2013-03-11,23.799999237060547,23.850000381469727,23.770000457763672,23.799999237060547,10.203749656677246,404946
2013-03-12,23.799999237060547,23.850000381469727,23.670000076293945,23.690000534057617,10.156590461730957,346495
2013-03-13,23.700000762939453,23.729999542236328,23.459999084472656,23.510000228881836,10.079418182373047,931920
2013-03-14,23.510000228881836,23.510000228881836,23.399999618530273,23.5,10.0751314163208,495466
2013-03-15,23.5,23.540000915527344,23.280000686645508,23.299999237060547,9.989385604858398,1147030
2013-03-18,23.229999542236328,23.229999542236328,23.049999237060547,23.170000076293945,9.9336519241333,1006992
2013-03-19,23.049999237060547,23.100000381469727,23.0,23.020000457763672,9.869342803955078,1842808
2013-03-20,22.850000381469727,22.979999542236328,22.799999237060547,22.84000015258789,9.792169570922852,1693767
2013-03-21,22.84000015258789,23.100000381469727,22.84000015258789,23.059999465942383,9.886490821838379,483568
2013-03-22,23.0,23.079999923706055,22.950000762939453,23.040000915527344,9.877918243408203,256644
2013-03-25,23.100000381469727,23.190000534057617,23.100000381469727,23.139999389648438,9.920787811279297,277787
2013-03-26,23.190000534057617,23.190000534057617,23.079999923706055,23.079999923706055,9.895065307617188,298578
2013-03-27,23.079999923706055,23.190000534057617,23.079999923706055,23.170000076293945,9.9336519241333,283100
2013-03-28,23.190000534057617,23.190000534057617,23.09000015258789,23.100000381469727,9.903639793395996,255198
2013-03-29,23.200000762939453,23.200000762939453,23.100000381469727,23.200000762939453,9.946513175964355,349188
2013-04-01,23.25,23.25,23.110000610351562,23.149999618530273,9.925077438354492,226183
2013-04-02,23.149999618530273,23.200000762939453,23.110000610351562,23.170000076293945,9.9336519241333,323015
2013-04-03,23.25,23.329999923706055,23.200000762939453,23.329999923706055,10.002246856689453,560105
2013-04-08,23.200000762939453,23.200000762939453,22.93000030517578,22.979999542236328,9.852192878723145,2564094
2013-04-09,22.979999542236328,23.0,22.850000381469727,22.90999984741211,9.822181701660156,1888834
2013-04-10,23.030000686645508,23.030000686645508,22.889999389648438,22.899999618530273,9.817893981933594,912778
2013-04-11,23.0,23.1299991607666,22.959999084472656,23.100000381469727,9.903639793395996,745467
2013-04-12,23.1299991607666,23.149999618530273,23.059999465942383,23.09000015258789,9.89935302734375,319399
2013-04-15,23.100000381469727,23.149999618530273,23.0,23.040000915527344,9.877918243408203,467304
2013-04-16,23.0,23.040000915527344,22.8799991607666,23.040000915527344,9.877918243408203,689720
2013-04-17,23.0,23.059999465942383,23.0,23.059999465942383,9.886490821838379,350505
2013-04-18,23.1200008392334,23.1200008392334,23.059999465942383,23.059999465942383,9.886490821838379,262074
2013-04-19,23.1200008392334,23.299999237060547,23.09000015258789,23.200000762939453,9.946513175964355,435266
2013-04-22,23.299999237060547,23.43000030517578,23.280000686645508,23.290000915527344,9.985099792480469,706883
2013-04-23,23.299999237060547,23.399999618530273,23.270000457763672,23.31999969482422,9.997960090637207,281613
2013-04-24,23.469999313354492,23.559999465942383,23.450000762939453,23.540000915527344,10.092278480529785,805020
2013-04-25,23.5,23.65999984741211,23.5,23.540000915527344,10.092278480529785,824111
2013-04-26,23.59000015258789,23.84000015258789,23.59000015258789,23.649999618530273,10.139439582824707,1135710
2013-04-29,23.709999084472656,23.729999542236328,23.649999618530273,23.729999542236328,10.173738479614258,603902
2013-04-30,23.940000534057617,23.989999771118164,23.899999618530273,23.959999084472656,10.27234935760498,1747217
2013-05-02,23.899999618530273,24.09000015258789,23.899999618530273,24.049999237060547,10.310935020446777,2536255
2013-05-03,24.139999389648438,24.34000015258789,24.079999923706055,24.110000610351562,10.33665943145752,1322814
2013-05-06,24.260000228881836,24.290000915527344,24.149999618530273,24.18000030517578,10.366667747497559,1217959
2013-05-07,24.18000030517578,24.18000030517578,24.0,24.030000686645508,10.302359580993652,618503
2013-05-08,24.030000686645508,24.34000015258789,24.030000686645508,24.270000457763672,10.405256271362305,1865022
2013-05-09,24.5,24.5,24.280000686645508,24.280000686645508,10.409539222717285,3390800
2013-05-10,24.280000686645508,24.31999969482422,24.200000762939453,24.209999084472656,10.37952995300293,769830
2013-05-13,24.200000762939453,24.25,24.190000534057617,24.219999313354492,10.383817672729492,633236
2013-05-14,24.31999969482422,24.329999923706055,24.149999618530273,24.200000762939453,10.37524127960205,602885
2013-05-15,24.219999313354492,24.299999237060547,24.1299991607666,24.299999237060547,10.418116569519043,532599
2013-05-16,24.450000762939453,24.65999984741211,24.31999969482422,24.610000610351562,10.551020622253418,2158968
2013-05-17,24.610000610351562,24.65999984741211,24.540000915527344,24.540000915527344,10.521011352539062,470950
2013-05-20,24.579999923706055,24.600000381469727,24.5,24.579999923706055,10.538159370422363,486180
2013-05-21,24.579999923706055,24.75,24.579999923706055,24.709999084472656,10.59389591217041,695999
2013-05-22,24.75,24.790000915527344,24.600000381469727,24.6299991607666,10.559596061706543,405608
2013-05-23,24.549999237060547,24.579999923706055,24.209999084472656,24.260000228881836,10.400969505310059,1381815
2013-05-24,24.219999313354492,24.299999237060547,24.0,24.100000381469727,10.332368850708008,633490
2013-05-27,24.049999237060547,24.18000030517578,24.030000686645508,24.15999984741211,10.358092308044434,266555
2013-05-28,24.299999237060547,24.299999237060547,24.18000030517578,24.260000228881836,10.400969505310059,311693
2013-05-29,24.31999969482422,24.43000030517578,24.31999969482422,24.350000381469727,10.439553260803223,307359
2013-05-30,24.309999465942383,24.309999465942383,24.049999237060547,24.1299991607666,10.345230102539062,639018
2013-05-31,24.309999465942383,24.309999465942383,24.1200008392334,24.139999389648438,10.349518775939941,232165
2013-06-03,23.899999618530273,24.100000381469727,23.899999618530273,24.100000381469727,10.332368850708008,428267
2013-06-04,24.100000381469727,24.100000381469727,23.959999084472656,23.979999542236328,10.280922889709473,396474
2013-06-05,23.959999084472656,23.959999084472656,23.899999618530273,23.920000076293945,10.25519847869873,251998
2013-06-06,23.81999969482422,23.81999969482422,23.600000381469727,23.65999984741211,10.143728256225586,1902131
2013-06-07,23.649999618530273,23.690000534057617,23.5,23.600000381469727,10.118005752563477,1124199
2013-06-10,23.899999618530273,23.899999618530273,23.729999542236328,23.780000686645508,10.195176124572754,339135
2013-06-11,23.799999237060547,23.799999237060547,23.600000381469727,23.610000610351562,10.122293472290039,595378
2013-06-13,23.5,23.5,23.25,23.25,9.967950820922852,3102451
2013-06-14,23.34000015258789,23.34000015258789,23.149999618530273,23.219999313354492,9.955086708068848,1826344
2013-06-17,23.239999771118164,23.329999923706055,23.239999771118164,23.329999923706055,10.002246856689453,647487
2013-06-18,23.350000381469727,23.399999618530273,23.239999771118164,23.389999389648438,10.027970314025879,828604
2013-06-19,23.459999084472656,23.459999084472656,23.40999984741211,23.450000762939453,10.053698539733887,207749
2013-06-20,23.18000030517578,23.31999969482422,23.15999984741211,23.25,9.967950820922852,1192608
2013-06-21,22.950000762939453,23.139999389648438,22.809999465942383,23.139999389648438,9.920787811279297,3143776
2013-06-24,23.06999969482422,23.1200008392334,22.8799991607666,23.040000915527344,9.877918243408203,1847181
2013-06-25,23.040000915527344,23.049999237060547,22.670000076293945,22.799999237060547,9.775020599365234,3658396
2013-06-26,22.889999389648438,23.040000915527344,22.829999923706055,22.979999542236328,9.852192878723145,1128284
2013-06-27,23.100000381469727,23.299999237060547,23.049999237060547,23.299999237060547,9.989385604858398,562785
2013-06-28,23.360000610351562,23.420000076293945,23.299999237060547,23.40999984741211,10.036547660827637,1261003
2013-07-01,23.40999984741211,23.700000762939453,23.40999984741211,23.690000534057617,10.156590461730957,5514579
2013-07-02,23.690000534057617,23.690000534057617,23.549999237060547,23.549999237060547,10.096569061279297,842998
2013-07-03,23.520000457763672,23.59000015258789,23.5,23.530000686645508,10.087994575500488,504001
2013-07-04,23.520000457763672,23.639999389648438,23.459999084472656,23.520000457763672,10.083707809448242,421350
2013-07-05,23.700000762939453,23.739999771118164,23.600000381469727,23.729999542236328,10.173738479614258,443870
2013-07-08,23.729999542236328,23.729999542236328,23.469999313354492,23.549999237060547,10.096569061279297,633396
2013-07-09,23.600000381469727,23.709999084472656,23.549999237060547,23.6200008392334,10.126577377319336,349486
2013-07-10,23.6200008392334,23.760000228881836,23.6200008392334,23.649999618530273,10.139439582824707,640073
2013-07-11,23.84000015258789,24.049999237060547,23.829999923706055,24.040000915527344,10.306645393371582,2109539
2013-07-12,24.040000915527344,24.149999618530273,24.020000457763672,24.100000381469727,10.332368850708008,1417000
2013-07-15,24.100000381469727,24.31999969482422,24.040000915527344,24.270000457763672,10.405256271362305,1034056
2013-07-16,24.270000457763672,24.3700008392334,24.260000228881836,24.350000381469727,10.439553260803223,1227029
2013-07-17,24.350000381469727,24.360000610351562,24.18000030517578,24.299999237060547,10.418116569519043,650593
2013-07-18,24.299999237060547,24.3799991607666,24.1299991607666,24.219999313354492,10.383817672729492,1522449
2013-07-19,24.219999313354492,24.219999313354492,23.940000534057617,23.979999542236328,10.280922889709473,923510
2013-07-22,24.010000228881836,24.190000534057617,24.010000228881836,24.15999984741211,10.358092308044434,469035
2013-07-23,24.229999542236328,24.479999542236328,24.200000762939453,24.469999313354492,10.490998268127441,1343536
2013-07-24,24.469999313354492,24.56999969482422,24.360000610351562,24.43000030517578,10.473851203918457,1292244
2013-07-25,24.43000030517578,24.5,24.270000457763672,24.299999237060547,10.418116569519043,470973
2013-07-26,24.329999923706055,24.420000076293945,24.229999542236328,24.239999771118164,10.392393112182617,335842
2013-07-29,24.299999237060547,24.299999237060547,24.079999923706055,24.18000030517578,10.366667747497559,318492
2013-07-30,24.18000030517578,24.329999923706055,24.15999984741211,24.25,10.396678924560547,518109
2013-07-31,24.299999237060547,24.329999923706055,24.200000762939453,24.299999237060547,10.418116569519043,357848
2013-08-01,24.450000762939453,24.450000762939453,24.25,24.280000686645508,10.409539222717285,211350
2013-08-02,24.350000381469727,24.420000076293945,24.25,24.270000457763672,10.405256271362305,280415
2013-08-05,24.270000457763672,24.299999237060547,24.260000228881836,24.280000686645508,10.409539222717285,248033
2013-08-06,24.280000686645508,24.31999969482422,24.079999923706055,24.149999618530273,10.353805541992188,486934
2013-08-07,24.059999465942383,24.059999465942383,23.809999465942383,23.829999923706055,10.216611862182617,1251981
2013-08-08,23.829999923706055,23.829999923706055,23.68000030517578,23.799999237060547,10.203749656677246,978968
2013-08-09,23.81999969482422,23.860000610351562,23.649999618530273,23.719999313354492,10.169450759887695,864054
2013-08-12,23.719999313354492,23.850000381469727,23.719999313354492,23.829999923706055,10.216611862182617,552461
2013-08-13,23.860000610351562,24.0,23.860000610351562,23.989999771118164,10.285208702087402,329094
2013-08-14,24.09000015258789,24.09000015258789,23.850000381469727,23.920000076293945,10.25519847869873,367351
2013-08-15,23.760000228881836,23.84000015258789,23.6200008392334,23.799999237060547,10.203749656677246,3413312
2013-08-16,23.65999984741211,23.84000015258789,23.6299991607666,23.799999237060547,10.203749656677246,1166807
2013-08-19,23.709999084472656,23.729999542236328,23.59000015258789,23.68000030517578,10.152302742004395,1374993
2013-08-20,23.6200008392334,23.68000030517578,23.350000381469727,23.399999618530273,10.032258987426758,4576190
2013-08-22,23.399999618530273,23.399999618530273,23.0,23.200000762939453,9.946513175964355,5473960
2013-08-23,23.3799991607666,23.420000076293945,23.229999542236328,23.389999389648438,10.027970314025879,810101
2013-08-26,23.5,23.579999923706055,23.34000015258789,23.579999923706055,10.109430313110352,1056878
2013-08-27,23.510000228881836,23.510000228881836,23.360000610351562,23.399999618530273,10.032258987426758,1169436
2013-08-28,23.309999465942383,23.3700008392334,23.18000030517578,23.3700008392334,10.019399642944336,1502422
2013-08-29,23.399999618530273,23.520000457763672,23.389999389648438,23.5,10.0751314163208,519999
2013-08-30,23.549999237060547,23.649999618530273,23.510000228881836,23.649999618530273,10.139439582824707,1395998
2013-09-02,23.719999313354492,23.850000381469727,23.690000534057617,23.84000015258789,10.220898628234863,1570303
2013-09-03,23.8700008392334,24.030000686645508,23.8700008392334,24.030000686645508,10.302359580993652,4636595
2013-09-04,24.030000686645508,24.040000915527344,23.90999984741211,24.030000686645508,10.302359580993652,1651123
2013-09-05,24.030000686645508,24.209999084472656,24.030000686645508,24.18000030517578,10.366667747497559,2477681
2013-09-06,24.18000030517578,24.25,24.18000030517578,24.200000762939453,10.37524127960205,1211749
2013-09-09,24.200000762939453,24.209999084472656,24.059999465942383,24.190000534057617,10.370956420898438,783783
2013-09-10,24.200000762939453,24.360000610351562,24.200000762939453,24.25,10.396678924560547,1879767
2013-09-11,24.270000457763672,24.290000915527344,24.200000762939453,24.25,10.396678924560547,1849715
2013-09-12,24.25,24.3700008392334,24.25,24.299999237060547,10.418116569519043,826256
2013-09-13,24.299999237060547,24.329999923706055,24.1299991607666,24.190000534057617,10.370956420898438,723798
2013-09-16,24.200000762939453,24.40999984741211,24.200000762939453,24.389999389648438,10.456700325012207,2305986
2013-09-17,24.40999984741211,24.440000534057617,24.329999923706055,24.34000015258789,10.435263633728027,1410116
2013-09-18,24.34000015258789,24.420000076293945,24.34000015258789,24.3799991607666,10.452412605285645,995053
2013-09-23,24.3799991607666,24.479999542236328,24.350000381469727,24.459999084472656,10.486711502075195,1003267
2013-09-24,24.459999084472656,24.530000686645508,24.420000076293945,24.450000762939453,10.482426643371582,716770
2013-09-25,24.450000762939453,24.459999084472656,24.43000030517578,24.43000030517578,10.473851203918457,1364065
2013-09-26,24.43000030517578,24.43000030517578,24.190000534057617,24.200000762939453,10.37524127960205,2230740
2013-09-27,24.209999084472656,24.290000915527344,24.15999984741211,24.209999084472656,10.37952995300293,2455521
2013-09-30,24.100000381469727,24.190000534057617,23.950000762939453,24.190000534057617,10.370956420898438,3158730
2013-10-01,24.190000534057617,24.239999771118164,24.1200008392334,24.229999542236328,10.388105392456055,194561
2013-10-02,24.280000686645508,24.280000686645508,24.15999984741211,24.270000457763672,10.405256271362305,1483563
2013-10-03,24.270000457763672,24.520000457763672,24.270000457763672,24.459999084472656,10.486711502075195,1207708
2013-10-04,24.459999084472656,24.549999237060547,24.450000762939453,24.450000762939453,10.482426643371582,625128
2013-10-07,24.479999542236328,24.479999542236328,24.350000381469727,24.389999389648438,10.456700325012207,1533668
2013-10-08,24.399999618530273,24.399999618530273,24.25,24.329999923706055,10.430977821350098,668792
2013-10-09,24.25,24.299999237060547,24.170000076293945,24.200000762939453,10.37524127960205,1697867
2013-10-11,24.350000381469727,24.399999618530273,24.170000076293945,24.18000030517578,10.366667747497559,1792424
2013-10-14,24.079999923706055,24.1200008392334,23.850000381469727,23.920000076293945,10.25519847869873,3259975
2013-10-15,23.969999313354492,24.030000686645508,23.969999313354492,24.030000686645508,10.302359580993652,1467040
2013-10-16,24.040000915527344,24.059999465942383,23.979999542236328,24.020000457763672,10.298070907592773,2364962
2013-10-17,24.170000076293945,24.190000534057617,24.049999237060547,24.079999923706055,10.323797225952148,1246283
2013-10-18,24.110000610351562,24.190000534057617,24.100000381469727,24.190000534057617,10.370956420898438,1211685
2013-10-21,24.200000762939453,24.229999542236328,24.100000381469727,24.15999984741211,10.358092308044434,2280149
2013-10-22,24.1299991607666,24.15999984741211,24.110000610351562,24.15999984741211,10.358092308044434,1260645
2013-10-23,24.15999984741211,24.18000030517578,24.100000381469727,24.18000030517578,10.366667747497559,2328118
2013-10-24,23.350000381469727,23.350000381469727,23.190000534057617,23.309999465942383,10.357780456542969,3891979
2013-10-25,23.239999771118164,23.280000686645508,23.09000015258789,23.149999618530273,10.286686897277832,3263852
2013-10-28,23.239999771118164,23.239999771118164,23.059999465942383,23.110000610351562,10.268909454345703,1403252
2013-10-29,23.139999389648438,23.200000762939453,23.059999465942383,23.110000610351562,10.268909454345703,1299704
2013-10-30,23.110000610351562,23.260000228881836,23.110000610351562,23.260000228881836,10.335563659667969,526751
2013-10-31,23.260000228881836,23.309999465942383,23.209999084472656,23.290000915527344,10.348895072937012,696652
2013-11-01,23.329999923706055,23.329999923706055,22.969999313354492,23.010000228881836,10.224475860595703,4448491
2013-11-04,22.950000762939453,22.950000762939453,22.809999465942383,22.899999618530273,10.175596237182617,2802370
2013-11-05,22.860000610351562,22.940000534057617,22.709999084472656,22.729999542236328,10.100057601928711,3146140
2013-11-06,22.729999542236328,22.75,22.59000015258789,22.700000762939453,10.0867280960083,2437110
2013-11-07,22.709999084472656,22.790000915527344,22.639999389648438,22.739999771118164,10.10450267791748,1142918
2013-11-08,22.700000762939453,22.700000762939453,22.510000228881836,22.59000015258789,10.037848472595215,2856130
2013-11-11,22.6200008392334,22.6200008392334,22.350000381469727,22.459999084472656,9.980084419250488,5789736
2013-11-12,22.459999084472656,22.479999542236328,22.260000228881836,22.3700008392334,9.940093040466309,4224407
2013-11-13,22.350000381469727,22.399999618530273,22.049999237060547,22.15999984741211,9.846779823303223,5509979
2013-11-14,22.139999389648438,22.299999237060547,22.049999237060547,22.239999771118164,9.882328033447266,2636053
2013-11-15,22.350000381469727,22.3799991607666,22.25,22.3700008392334,9.940093040466309,1661502
2013-11-18,22.40999984741211,22.420000076293945,22.209999084472656,22.239999771118164,9.882328033447266,2540145
2013-11-19,22.34000015258789,22.43000030517578,22.299999237060547,22.43000030517578,9.966754913330078,988433
2013-11-20,22.440000534057617,22.459999084472656,22.299999237060547,22.31999969482422,9.917875289916992,1965328
2013-11-21,22.260000228881836,22.260000228881836,22.0,22.040000915527344,9.793457984924316,9202034
2013-11-22,22.09000015258789,22.100000381469727,21.979999542236328,22.059999465942383,9.802343368530273,2608688
2013-11-25,22.18000030517578,22.25,22.15999984741211,22.25,9.886770248413086,913387
2013-11-26,22.200000762939453,22.3799991607666,22.15999984741211,22.329999923706055,9.922319412231445,889188
2013-11-27,22.399999618530273,22.5,22.399999618530273,22.479999542236328,9.988970756530762,1555241
2013-11-28,22.549999237060547,22.649999618530273,22.549999237060547,22.6200008392334,10.051179885864258,3917117
2013-11-29,22.6299991607666,22.81999969482422,22.6200008392334,22.799999237060547,10.1311616897583,3677963
2013-12-02,22.799999237060547,22.829999923706055,22.709999084472656,22.770000457763672,10.117830276489258,1386645
2013-12-03,22.770000457763672,22.799999237060547,22.729999542236328,22.770000457763672,10.117830276489258,514853
2013-12-04,22.770000457763672,22.790000915527344,22.690000534057617,22.75,10.1089448928833,611292
2013-12-05,22.75,22.780000686645508,22.610000610351562,22.690000534057617,10.082283020019531,911443
2013-12-06,22.700000762939453,22.700000762939453,22.610000610351562,22.649999618530273,10.064510345458984,550193
2013-12-09,22.700000762939453,22.889999389648438,22.700000762939453,22.780000686645508,10.122275352478027,1042027
2013-12-10,22.799999237060547,22.799999237060547,22.709999084472656,22.729999542236328,10.100057601928711,380130
2013-12-11,22.75,22.799999237060547,22.649999618530273,22.65999984741211,10.068954467773438,602242
2013-12-12,22.579999923706055,22.639999389648438,22.540000915527344,22.639999389648438,10.060068130493164,616829
2013-12-13,22.610000610351562,22.68000030517578,22.579999923706055,22.649999618530273,10.064510345458984,307993
2013-12-16,22.649999618530273,22.649999618530273,22.540000915527344,22.600000381469727,10.042293548583984,560731
2013-12-17,22.600000381469727,22.700000762939453,22.600000381469727,22.68000030517578,10.077840805053711,831317
2013-12-18,22.68000030517578,22.700000762939453,22.649999618530273,22.65999984741211,10.068954467773438,323120
2013-12-19,22.799999237060547,22.81999969482422,22.719999313354492,22.719999313354492,10.095614433288574,628263
2013-12-20,22.81999969482422,22.81999969482422,22.709999084472656,22.780000686645508,10.122275352478027,524305
2013-12-23,22.799999237060547,22.920000076293945,22.799999237060547,22.829999923706055,10.144493103027344,1118261
2013-12-24,22.850000381469727,22.8799991607666,22.829999923706055,22.84000015258789,10.14893627166748,450115
2013-12-25,22.84000015258789,22.8799991607666,22.84000015258789,22.850000381469727,10.15338134765625,337045
2013-12-26,22.850000381469727,22.8799991607666,22.850000381469727,22.8700008392334,10.16226863861084,319336
2013-12-27,22.889999389648438,22.93000030517578,22.8700008392334,22.93000030517578,10.188928604125977,1031033
2013-12-30,22.959999084472656,23.030000686645508,22.959999084472656,23.030000686645508,10.23336410522461,1123098
2013-12-31,23.1200008392334,23.18000030517578,23.030000686645508,23.059999465942383,10.24669361114502,1252935
2014-01-02,23.059999465942383,23.110000610351562,23.020000457763672,23.09000015258789,10.260024070739746,670599
2014-01-03,23.09000015258789,23.09000015258789,22.940000534057617,22.969999313354492,10.20670223236084,802840
2014-01-06,22.969999313354492,23.0,22.75,22.790000915527344,10.126721382141113,1299409
2014-01-07,22.850000381469727,22.90999984741211,22.829999923706055,22.899999618530273,10.175596237182617,488155
2014-01-08,22.920000076293945,23.040000915527344,22.920000076293945,23.040000915527344,10.237809181213379,982735
2014-01-09,23.040000915527344,23.06999969482422,22.989999771118164,23.0,10.2200345993042,838447
2014-01-10,23.0,23.049999237060547,23.0,23.010000228881836,10.224475860595703,711988
2014-01-13,23.149999618530273,23.209999084472656,23.049999237060547,23.079999923706055,10.255578994750977,1516212
2014-01-14,23.100000381469727,23.139999389648438,23.040000915527344,23.09000015258789,10.260024070739746,638717
2014-01-15,23.100000381469727,23.31999969482422,23.100000381469727,23.299999237060547,10.353336334228516,2157808
2014-01-16,23.329999923706055,23.479999542236328,23.329999923706055,23.360000610351562,10.379995346069336,1763409
2014-01-17,23.3799991607666,23.399999618530273,23.260000228881836,23.329999923706055,10.366667747497559,657380
2014-01-20,23.329999923706055,23.6299991607666,23.329999923706055,23.600000381469727,10.486642837524414,2353024
2014-01-21,23.600000381469727,23.68000030517578,23.56999969482422,23.56999969482422,10.473311424255371,1279240
2014-01-22,23.56999969482422,23.65999984741211,23.549999237060547,23.59000015258789,10.482196807861328,767896
2014-01-23,23.59000015258789,23.649999618530273,23.5,23.540000915527344,10.459979057312012,856906
2014-01-24,23.540000915527344,23.540000915527344,23.290000915527344,23.309999465942383,10.357780456542969,1017660
2014-01-27,23.200000762939453,23.200000762939453,22.899999618530273,23.06999969482422,10.251138687133789,2056624
2014-02-05,22.700000762939453,22.799999237060547,22.440000534057617,22.579999923706055,10.033408164978027,7386788
2014-02-06,22.600000381469727,22.68000030517578,22.5,22.6299991607666,10.055624008178711,3469692
2014-02-07,22.65999984741211,22.850000381469727,22.6299991607666,22.809999465942383,10.135605812072754,1610244
2014-02-10,22.850000381469727,22.920000076293945,22.850000381469727,22.899999618530273,10.175596237182617,752087
2014-02-11,22.899999618530273,23.0,22.899999618530273,22.959999084472656,10.202258110046387,461825
2014-02-12,23.020000457763672,23.100000381469727,23.020000457763672,23.09000015258789,10.260024070739746,571695
2014-02-13,23.100000381469727,23.100000381469727,23.0,23.010000228881836,10.224475860595703,327998
2014-02-14,23.100000381469727,23.200000762939453,23.059999465942383,23.06999969482422,10.251138687133789,1097456
2014-02-17,23.100000381469727,23.149999618530273,23.06999969482422,23.079999923706055,10.255578994750977,534973
2014-02-18,23.079999923706055,23.149999618530273,23.040000915527344,23.139999389648438,10.28223991394043,591799
2014-02-19,23.139999389648438,23.15999984741211,23.100000381469727,23.110000610351562,10.268909454345703,536458
2014-02-20,23.110000610351562,23.110000610351562,22.959999084472656,22.969999313354492,10.20670223236084,879171
2014-02-21,23.149999618530273,23.149999618530273,23.049999237060547,23.1200008392334,10.273355484008789,657099
2014-02-24,23.1200008392334,23.170000076293945,23.0,23.049999237060547,10.242250442504883,550918
2014-02-25,23.100000381469727,23.149999618530273,23.059999465942383,23.06999969482422,10.251138687133789,510044
2014-02-26,23.06999969482422,23.209999084472656,23.0,23.1200008392334,10.273355484008789,1148828
2014-02-27,23.149999618530273,23.200000762939453,23.139999389648438,23.15999984741211,10.291128158569336,319951
2014-03-03,23.139999389648438,23.139999389648438,23.0,23.049999237060547,10.242250442504883,701824
2014-03-04,23.049999237060547,23.100000381469727,23.0,23.010000228881836,10.224475860595703,379272
2014-03-05,23.1299991607666,23.170000076293945,23.100000381469727,23.110000610351562,10.268909454345703,727458
2014-03-06,23.110000610351562,23.239999771118164,23.110000610351562,23.209999084472656,10.313345909118652,1316285
2014-03-07,23.229999542236328,23.399999618530273,23.200000762939453,23.219999313354492,10.317788124084473,1542611
2014-03-10,23.219999313354492,23.219999313354492,23.079999923706055,23.100000381469727,10.2644681930542,413990
2014-03-11,23.100000381469727,23.200000762939453,23.100000381469727,23.1200008392334,10.273355484008789,254099
2014-03-12,23.1200008392334,23.149999618530273,23.09000015258789,23.110000610351562,10.268909454345703,318279
2014-03-13,23.1200008392334,23.270000457763672,23.1200008392334,23.239999771118164,10.326677322387695,1124630
2014-03-14,23.209999084472656,23.209999084472656,23.15999984741211,23.170000076293945,10.295573234558105,307480
2014-03-17,23.18000030517578,23.18000030517578,23.1299991607666,23.149999618530273,10.286686897277832,406854
2014-03-18,23.200000762939453,23.329999923706055,23.200000762939453,23.299999237060547,10.353336334228516,1254799
2014-03-19,23.299999237060547,23.3799991607666,23.200000762939453,23.25,10.331120491027832,359038
2014-03-20,23.15999984741211,23.15999984741211,23.020000457763672,23.059999465942383,10.24669361114502,1087161
2014-03-21,23.059999465942383,23.170000076293945,23.049999237060547,23.059999465942383,10.24669361114502,319814
2014-03-24,23.0,23.239999771118164,22.969999313354492,23.15999984741211,10.291128158569336,802612
2014-03-25,23.15999984741211,23.299999237060547,23.15999984741211,23.299999237060547,10.353336334228516,766565
2014-03-26,23.329999923706055,23.450000762939453,23.329999923706055,23.3799991607666,10.388884544372559,1458411
2014-03-27,23.399999618530273,23.530000686645508,23.3799991607666,23.510000228881836,10.446649551391602,1412699
2014-03-28,23.510000228881836,23.65999984741211,23.5,23.5,10.442206382751465,2266978
2014-03-31,23.5,23.670000076293945,23.5,23.649999618530273,10.508857727050781,1444569
2014-04-01,23.649999618530273,23.799999237060547,23.649999618530273,23.780000686645508,10.566625595092773,1698977
2014-04-02,23.799999237060547,23.959999084472656,23.799999237060547,23.920000076293945,10.628833770751953,3116913
2014-04-03,23.920000076293945,23.969999313354492,23.860000610351562,23.899999618530273,10.61994743347168,924129
2014-04-07,23.850000381469727,23.850000381469727,23.690000534057617,23.850000381469727,10.59773063659668,1585859
2014-04-08,23.850000381469727,23.90999984741211,23.799999237060547,23.8700008392334,10.606616973876953,878289
2014-04-09,23.8799991607666,23.969999313354492,23.8799991607666,23.950000762939453,10.64216423034668,1250533
2014-04-10,23.979999542236328,24.1200008392334,23.899999618530273,24.010000228881836,10.668824195861816,2569048
2014-04-11,24.0,24.020000457763672,23.860000610351562,24.0,10.664382934570312,1478306
2014-04-14,23.899999618530273,24.030000686645508,23.8799991607666,23.920000076293945,10.628833770751953,741057
2014-04-15,23.829999923706055,24.170000076293945,23.829999923706055,24.15999984741211,10.735477447509766,3163199
2014-04-16,24.15999984741211,24.31999969482422,24.1299991607666,24.25,10.775468826293945,2531682
2014-04-17,24.25,24.280000686645508,24.18000030517578,24.229999542236328,10.766583442687988,1317122
2014-04-18,24.329999923706055,24.329999923706055,24.15999984741211,24.18000030517578,10.744364738464355,966868
2014-04-21,24.18000030517578,24.18000030517578,24.059999465942383,24.100000381469727,10.708815574645996,659576
2014-04-22,24.100000381469727,24.18000030517578,24.059999465942383,24.1299991607666,10.722146987915039,898860
2014-04-23,24.139999389648438,24.18000030517578,24.0,24.030000686645508,10.677713394165039,789379
2014-04-24,24.0,24.020000457763672,23.959999084472656,23.979999542236328,10.655496597290039,641733
2014-04-25,23.979999542236328,23.989999771118164,23.600000381469727,23.6299991607666,10.499972343444824,2461851
2014-04-28,23.5,23.75,23.299999237060547,23.68000030517578,10.522191047668457,1119002
2014-04-29,23.700000762939453,23.93000030517578,23.700000762939453,23.899999618530273,10.61994743347168,508077
2014-04-30,23.799999237060547,23.979999542236328,23.780000686645508,23.809999465942383,10.579955101013184,626981
2014-05-02,23.809999465942383,24.049999237060547,23.809999465942383,24.040000915527344,10.68215560913086,1136547
2014-05-05,24.059999465942383,24.239999771118164,24.059999465942383,24.100000381469727,10.708815574645996,1089403
2014-05-06,24.100000381469727,24.25,24.100000381469727,24.219999313354492,10.762139320373535,1099154
2014-05-07,24.219999313354492,24.25,24.1200008392334,24.1200008392334,10.717704772949219,605562
2014-05-08,24.1200008392334,24.229999542236328,24.1200008392334,24.190000534057617,10.748809814453125,552731
2014-05-09,24.190000534057617,24.25,24.110000610351562,24.1200008392334,10.717704772949219,323364
2014-05-12,24.149999618530273,24.149999618530273,23.969999313354492,23.989999771118164,10.659936904907227,373102
2014-05-13,23.989999771118164,24.1200008392334,23.950000762939453,23.979999542236328,10.655496597290039,480900
2014-05-14,24.0,24.0,23.860000610351562,23.950000762939453,10.64216423034668,330405
2014-05-15,23.950000762939453,24.049999237060547,23.93000030517578,24.020000457763672,10.67326831817627,286530
2014-05-16,24.020000457763672,24.09000015258789,23.950000762939453,24.09000015258789,10.70437240600586,222115
2014-05-19,24.100000381469727,24.18000030517578,24.09000015258789,24.170000076293945,10.739919662475586,425772
2014-05-20,24.170000076293945,24.260000228881836,24.170000076293945,24.200000762939453,10.753250122070312,720438
2014-05-21,24.200000762939453,24.200000762939453,24.09000015258789,24.09000015258789,10.70437240600586,270420
2014-05-22,24.1200008392334,24.280000686645508,24.1200008392334,24.280000686645508,10.788800239562988,845599
2014-05-23,24.299999237060547,24.43000030517578,24.299999237060547,24.3799991607666,10.833233833312988,2175087
2014-05-26,24.3799991607666,24.5,24.3799991607666,24.459999084472656,10.868782997131348,1772591
2014-05-27,24.459999084472656,24.5,24.450000762939453,24.469999313354492,10.873224258422852,770281
2014-05-28,24.5,24.75,24.5,24.700000762939453,10.975428581237793,1922542
2014-05-29,24.700000762939453,24.90999984741211,24.700000762939453,24.8799991607666,11.055408477783203,1262309
2014-05-30,24.8799991607666,24.940000534057617,24.850000381469727,24.8799991607666,11.055408477783203,805009
2014-06-03,24.959999084472656,24.969999313354492,24.809999465942383,24.829999923706055,11.033190727233887,477703
2014-06-04,24.829999923706055,24.920000076293945,24.799999237060547,24.8799991607666,11.055408477783203,735900
2014-06-05,24.809999465942383,25.0,24.809999465942383,24.969999313354492,11.095399856567383,1013600
2014-06-06,25.0,25.06999969482422,24.969999313354492,24.989999771118164,11.10428524017334,947976
2014-06-09,25.0,25.15999984741211,25.0,25.100000381469727,11.153164863586426,1605822
2014-06-10,25.100000381469727,25.200000762939453,25.049999237060547,25.200000762939453,11.197602272033691,1039978
2014-06-11,25.200000762939453,25.200000762939453,25.139999389648438,25.18000030517578,11.188715934753418,804834
2014-06-12,25.149999618530273,25.190000534057617,25.049999237060547,25.100000381469727,11.153164863586426,996492
2014-06-13,25.0,25.149999618530273,25.0,25.110000610351562,11.157609939575195,982771
2014-06-16,25.100000381469727,25.239999771118164,25.09000015258789,25.149999618530273,11.175381660461426,6318189
2014-06-17,25.15999984741211,25.25,25.149999618530273,25.219999313354492,11.206488609313965,564552
2014-06-18,25.219999313354492,25.25,25.079999923706055,25.229999542236328,11.210927963256836,5859318
2014-06-19,25.170000076293945,25.260000228881836,25.15999984741211,25.200000762939453,11.197602272033691,9740814
2014-06-20,25.200000762939453,25.270000457763672,25.139999389648438,25.190000534057617,11.193156242370605,10822820
2014-06-23,25.190000534057617,25.190000534057617,24.93000030517578,25.0,11.108732223510742,975338
2014-06-24,24.979999542236328,25.010000228881836,24.90999984741211,24.940000534057617,11.082071304321289,561174
2014-06-25,24.940000534057617,24.979999542236328,24.899999618530273,24.979999542236328,11.099844932556152,384765
2014-06-26,24.989999771118164,25.200000762939453,24.989999771118164,25.079999923706055,11.144279479980469,833982
2014-06-27,25.079999923706055,25.110000610351562,25.049999237060547,25.06999969482422,11.139835357666016,407731
2014-06-30,25.059999465942383,25.219999313354492,25.059999465942383,25.170000076293945,11.184269905090332,848727
2014-07-01,25.170000076293945,25.420000076293945,25.170000076293945,25.389999389648438,11.282028198242188,1713356
2014-07-02,25.399999618530273,25.549999237060547,25.239999771118164,25.31999969482422,11.250920295715332,1315767
2014-07-03,25.309999465942383,25.440000534057617,25.299999237060547,25.43000030517578,11.29980182647705,794928
2014-07-04,25.43000030517578,25.59000015258789,25.43000030517578,25.59000015258789,11.370899200439453,1093664
2014-07-07,25.209999084472656,25.6200008392334,25.209999084472656,25.6200008392334,11.384225845336914,843188
2014-07-08,25.600000381469727,25.790000915527344,25.600000381469727,25.790000915527344,11.459768295288086,554618
2014-07-09,25.770000457763672,25.770000457763672,25.649999618530273,25.719999313354492,11.428662300109863,535966
2014-07-10,25.719999313354492,25.780000686645508,25.719999313354492,25.75,11.44199275970459,573341
2014-07-11,25.75,25.75,25.399999618530273,25.43000030517578,11.29980182647705,524710
2014-07-14,25.399999618530273,25.520000457763672,25.399999618530273,25.520000457763672,11.339794158935547,396780
2014-07-15,25.540000915527344,25.68000030517578,25.540000915527344,25.600000381469727,11.375341415405273,353960
2014-07-16,25.600000381469727,25.670000076293945,25.540000915527344,25.559999465942383,11.357564926147461,347340
2014-07-17,25.549999237060547,25.700000762939453,25.399999618530273,25.469999313354492,11.317574501037598,606285
2014-07-18,25.100000381469727,25.549999237060547,25.100000381469727,25.530000686645508,11.34423828125,525138
2014-07-21,25.530000686645508,25.670000076293945,25.530000686645508,25.549999237060547,11.353123664855957,427782
2014-07-22,25.549999237060547,25.760000228881836,25.549999237060547,25.760000228881836,11.446435928344727,572752
2014-07-23,25.760000228881836,25.760000228881836,25.760000228881836,25.760000228881836,11.446435928344727,0
2014-07-24,25.770000457763672,25.979999542236328,25.770000457763672,25.799999237060547,11.464210510253906,593134
2014-07-25,25.829999923706055,25.829999923706055,25.520000457763672,25.600000381469727,11.375341415405273,308311
2014-07-28,25.600000381469727,25.739999771118164,25.540000915527344,25.68000030517578,11.410887718200684,237871
2014-07-29,25.68000030517578,25.81999969482422,25.5,25.6200008392334,11.384225845336914,537693
2014-07-30,25.6200008392334,25.719999313354492,25.6200008392334,25.639999389648438,11.39311695098877,313154
2014-07-31,25.639999389648438,25.639999389648438,25.420000076293945,25.450000762939453,11.308688163757324,294369
2014-08-01,25.200000762939453,25.31999969482422,25.170000076293945,25.31999969482422,11.250920295715332,688119
2014-08-04,25.31999969482422,25.649999618530273,25.31999969482422,25.649999618530273,11.39755630493164,465572
2014-08-05,25.649999618530273,25.649999618530273,25.239999771118164,25.270000457763672,11.228705406188965,2081814
2014-08-06,25.299999237060547,25.34000015258789,25.18000030517578,25.31999969482422,11.250920295715332,2355565
2014-08-07,25.31999969482422,25.360000610351562,25.25,25.25,11.219818115234375,383233
2014-08-08,25.200000762939453,25.25,25.059999465942383,25.200000762939453,11.197602272033691,1380015
2014-08-11,25.200000762939453,25.479999542236328,25.200000762939453,25.479999542236328,11.32201862335205,568325
2014-08-12,25.479999542236328,25.5,25.399999618530273,25.450000762939453,11.308688163757324,195154
2014-08-13,25.450000762939453,25.56999969482422,25.440000534057617,25.56999969482422,11.36201000213623,359462
2014-08-14,25.600000381469727,25.719999313354492,25.520000457763672,25.520000457763672,11.339794158935547,889895
2014-08-15,25.520000457763672,25.559999465942383,25.450000762939453,25.5,11.330904006958008,159677
2014-08-18,25.5,25.600000381469727,25.440000534057617,25.549999237060547,11.353123664855957,610880
2014-08-19,25.549999237060547,25.719999313354492,25.549999237060547,25.700000762939453,11.419775009155273,511209
2014-08-20,25.75,25.799999237060547,25.65999984741211,25.739999771118164,11.43755054473877,285150
2014-08-21,25.739999771118164,25.84000015258789,25.700000762939453,25.829999923706055,11.477537155151367,424200
2014-08-22,25.850000381469727,26.3700008392334,25.850000381469727,26.31999969482422,11.69527530670166,1470593
2014-08-25,26.31999969482422,26.389999389648438,26.200000762939453,26.270000457763672,11.673056602478027,254049
2014-08-26,26.270000457763672,26.360000610351562,26.239999771118164,26.290000915527344,11.6819429397583,205843
2014-08-27,26.299999237060547,26.5,26.299999237060547,26.450000762939453,11.75303840637207,667150
2014-08-28,26.450000762939453,26.540000915527344,26.389999389648438,26.399999618530273,11.730823516845703,2302986
2014-08-29,26.399999618530273,26.520000457763672,26.399999618530273,26.520000457763672,11.784141540527344,508899
2014-09-01,26.520000457763672,26.670000076293945,26.520000457763672,26.600000381469727,11.81968879699707,510976
2014-09-02,26.600000381469727,26.600000381469727,26.260000228881836,26.309999465942383,11.690828323364258,448417
2014-09-03,26.309999465942383,26.399999618530273,26.299999237060547,26.360000610351562,11.713048934936523,585591
2014-09-04,26.350000381469727,26.360000610351562,26.229999542236328,26.299999237060547,11.686387062072754,1117109
2014-09-05,26.299999237060547,26.299999237060547,26.100000381469727,26.149999618530273,11.619733810424805,1812418
2014-09-09,26.149999618530273,26.209999084472656,26.149999618530273,26.200000762939453,11.641951560974121,449543
2014-09-10,26.200000762939453,26.200000762939453,25.950000762939453,26.010000228881836,11.557524681091309,1462311
2014-09-11,26.010000228881836,26.09000015258789,26.0,26.030000686645508,11.566411018371582,1232020
2014-09-12,26.010000228881836,26.010000228881836,25.709999084472656,25.719999313354492,11.428662300109863,3551182
2014-09-15,25.719999313354492,25.799999237060547,25.610000610351562,25.709999084472656,11.42421817779541,947840
2014-09-16,25.709999084472656,25.709999084472656,25.5,25.520000457763672,11.339794158935547,2033402
2014-09-17,25.520000457763672,25.75,25.520000457763672,25.6299991607666,11.38866901397705,1989550
2014-09-18,25.68000030517578,25.719999313354492,25.6200008392334,25.700000762939453,11.419775009155273,1514103
2014-09-19,25.770000457763672,25.790000915527344,25.559999465942383,25.639999389648438,11.39311695098877,1123999
2014-09-22,25.639999389648438,25.639999389648438,25.15999984741211,25.299999237060547,11.242036819458008,2454194
2014-09-23,25.299999237060547,25.299999237060547,25.079999923706055,25.1200008392334,11.162053108215332,4063640
2014-09-24,25.1200008392334,25.25,25.100000381469727,25.25,11.219818115234375,947799
2014-09-25,25.25,25.309999465942383,24.770000457763672,24.850000381469727,11.04207992553711,3699251
2014-09-26,24.75,24.799999237060547,24.610000610351562,24.75,10.997645378112793,1160300
2014-09-29,24.760000228881836,24.809999465942383,24.639999389648438,24.719999313354492,10.98431396484375,1389745
2014-09-30,24.719999313354492,24.719999313354492,24.260000228881836,24.579999923706055,10.922104835510254,3403858
2014-10-01,24.59000015258789,24.690000534057617,24.5,24.649999618530273,10.95320987701416,836154
2014-10-02,24.649999618530273,24.729999542236328,24.3799991607666,24.719999313354492,10.98431396484375,521402
2014-10-03,24.719999313354492,24.93000030517578,24.700000762939453,24.90999984741211,11.06873893737793,916497
2014-10-06,25.0,25.0,24.8799991607666,24.950000762939453,11.086512565612793,411226
2014-10-07,24.950000762939453,24.950000762939453,24.709999084472656,24.770000457763672,11.006529808044434,692903
2014-10-08,24.68000030517578,24.799999237060547,24.649999618530273,24.700000762939453,10.975428581237793,337184
2014-10-09,24.719999313354492,24.889999389648438,24.5,24.549999237060547,10.908772468566895,1974878
2014-10-13,24.530000686645508,24.530000686645508,23.739999771118164,23.81999969482422,10.584397315979004,3922319
2014-10-14,23.829999923706055,23.90999984741211,23.68000030517578,23.829999923706055,10.588842391967773,2631720
2014-10-15,23.889999389648438,23.889999389648438,23.610000610351562,23.670000076293945,10.51774787902832,4200811
2014-10-16,23.690000534057617,23.700000762939453,23.149999618530273,23.610000610351562,10.49108600616455,5239076
2014-10-17,23.700000762939453,23.75,23.34000015258789,23.530000686645508,10.45553970336914,3591061
2014-10-20,23.780000686645508,23.969999313354492,23.739999771118164,23.969999313354492,10.651052474975586,1852785
2014-10-21,24.100000381469727,24.110000610351562,23.760000228881836,23.8799991607666,10.611062049865723,2654204
2014-10-22,24.100000381469727,24.100000381469727,23.959999084472656,24.0,10.664382934570312,2210937
2014-10-23,24.0,24.0,23.860000610351562,23.959999084472656,10.646608352661133,3597127
2014-10-24,22.93000030517578,22.979999542236328,22.719999313354492,22.75,10.54923152923584,6285283
2014-10-27,22.799999237060547,22.850000381469727,22.6299991607666,22.68000030517578,10.516772270202637,2415747
2014-10-28,22.729999542236328,23.0,22.729999542236328,23.0,10.665157318115234,1174787
2014-10-29,23.100000381469727,23.34000015258789,23.100000381469727,23.299999237060547,10.804265975952148,1258095
2014-10-30,23.360000610351562,23.3799991607666,23.170000076293945,23.34000015258789,10.822813987731934,541176
2014-10-31,23.360000610351562,23.459999084472656,23.299999237060547,23.43000030517578,10.864547729492188,975999
2014-11-03,23.450000762939453,23.639999389648438,23.450000762939453,23.579999923706055,10.934103965759277,966667
2014-11-04,23.579999923706055,23.649999618530273,23.549999237060547,23.59000015258789,10.938739776611328,424682
2014-11-05,23.600000381469727,23.600000381469727,23.360000610351562,23.459999084472656,10.878458976745605,1399687
2014-11-06,23.459999084472656,23.459999084472656,23.219999313354492,23.239999771118164,10.776444435119629,910718
2014-11-07,23.299999237060547,23.329999923706055,23.200000762939453,23.299999237060547,10.804265975952148,490249
2014-11-10,23.299999237060547,23.530000686645508,23.299999237060547,23.510000228881836,10.901646614074707,786979
2014-11-11,23.510000228881836,23.549999237060547,23.469999313354492,23.540000915527344,10.915555953979492,611625
2014-11-12,23.540000915527344,23.540000915527344,23.15999984741211,23.219999313354492,10.767170906066895,1457894
2014-11-13,23.219999313354492,23.25,23.079999923706055,23.149999618530273,10.734711647033691,1337220
2014-11-14,23.200000762939453,23.200000762939453,23.059999465942383,23.15999984741211,10.739346504211426,689755
2014-11-17,23.219999313354492,23.260000228881836,23.010000228881836,23.059999465942383,10.692978858947754,1576720
2014-11-18,23.059999465942383,23.139999389648438,22.8799991607666,22.940000534057617,10.637333869934082,2431284
2014-11-19,23.0,23.1299991607666,23.0,23.079999923706055,10.702253341674805,405662
2014-11-20,23.15999984741211,23.270000457763672,23.139999389648438,23.25,10.78108024597168,678332
2014-11-21,23.25,23.31999969482422,23.239999771118164,23.280000686645508,10.794991493225098,494193
2014-11-24,23.360000610351562,23.3799991607666,23.299999237060547,23.309999465942383,10.808903694152832,565786
2014-11-25,23.31999969482422,23.31999969482422,23.219999313354492,23.299999237060547,10.804265975952148,606089
2014-11-26,23.299999237060547,23.3700008392334,23.299999237060547,23.360000610351562,10.832090377807617,1123315
2014-11-27,23.360000610351562,23.5,23.360000610351562,23.469999313354492,10.883096694946289,1276446
2014-11-28,23.479999542236328,23.5,23.450000762939453,23.469999313354492,10.883096694946289,719211
2014-12-01,23.43000030517578,23.5,23.149999618530273,23.399999618530273,10.85063648223877,1060110
2014-12-02,23.350000381469727,23.450000762939453,23.34000015258789,23.40999984741211,10.85527229309082,767725
2014-12-03,23.440000534057617,23.780000686645508,23.440000534057617,23.770000457763672,11.022207260131836,1334314
2014-12-04,23.799999237060547,23.920000076293945,23.760000228881836,23.8799991607666,11.07321548461914,2330235
2014-12-05,23.889999389648438,24.040000915527344,23.8799991607666,24.0,11.128857612609863,1901034
2014-12-08,24.0,24.100000381469727,23.950000762939453,23.959999084472656,11.110308647155762,860367
2014-12-09,23.920000076293945,24.0,23.8700008392334,23.920000076293945,11.09176254272461,670584
2014-12-10,23.850000381469727,23.90999984741211,23.780000686645508,23.799999237060547,11.036116600036621,819917
2014-12-11,23.780000686645508,23.790000915527344,23.600000381469727,23.770000457763672,11.022207260131836,473921
2014-12-12,23.770000457763672,23.850000381469727,23.75,23.809999465942383,11.040756225585938,253147
2014-12-15,23.809999465942383,23.809999465942383,23.610000610351562,23.700000762939453,10.989748001098633,677611
2014-12-16,23.700000762939453,23.799999237060547,23.700000762939453,23.729999542236328,11.003657341003418,416049
2014-12-17,23.719999313354492,23.719999313354492,23.399999618530273,23.5,10.897007942199707,1264670
2014-12-18,23.520000457763672,23.649999618530273,23.450000762939453,23.450000762939453,10.873822212219238,686071
2014-12-19,23.649999618530273,23.700000762939453,23.549999237060547,23.610000610351562,10.948014259338379,329600
2014-12-22,23.6299991607666,23.760000228881836,23.6299991607666,23.719999313354492,10.999024391174316,238004
2014-12-23,23.799999237060547,23.850000381469727,23.780000686645508,23.81999969482422,11.045391082763672,520080
2014-12-24,23.899999618530273,23.920000076293945,23.850000381469727,23.899999618530273,11.082488059997559,757495
2014-12-25,23.899999618530273,23.950000762939453,23.860000610351562,23.889999389648438,11.077850341796875,252540
2014-12-26,23.889999389648438,24.0,23.889999389648438,23.920000076293945,11.09176254272461,457775
2014-12-29,23.950000762939453,24.190000534057617,23.950000762939453,24.139999389648438,11.193775177001953,2161869
2014-12-30,24.139999389648438,24.25,24.1200008392334,24.18000030517578,11.212324142456055,1382111
2014-12-31,24.18000030517578,24.190000534057617,24.1299991607666,24.15999984741211,11.203052520751953,405806
2015-01-05,24.15999984741211,24.15999984741211,24.010000228881836,24.149999618530273,11.198413848876953,508718
2015-01-06,24.079999923706055,24.079999923706055,23.860000610351562,23.889999389648438,11.077850341796875,908140
2015-01-07,23.850000381469727,23.950000762939453,23.829999923706055,23.90999984741211,11.087125778198242,336998
2015-01-08,23.959999084472656,24.170000076293945,23.959999084472656,24.1200008392334,11.184503555297852,760481
2015-01-09,24.149999618530273,24.25,24.149999618530273,24.15999984741211,11.203052520751953,375900
2015-01-12,24.15999984741211,24.170000076293945,24.049999237060547,24.149999618530273,11.198413848876953,364704
2015-01-13,24.149999618530273,24.299999237060547,24.1299991607666,24.299999237060547,11.267970085144043,1121100
2015-01-14,24.299999237060547,24.34000015258789,24.229999542236328,24.31999969482422,11.27724552154541,840169
2015-01-15,24.31999969482422,24.329999923706055,24.200000762939453,24.260000228881836,11.249422073364258,312884
2015-01-16,24.200000762939453,24.25,23.989999771118164,24.09000015258789,11.170592308044434,644204
2015-01-19,24.219999313354492,24.34000015258789,24.09000015258789,24.149999618530273,11.198413848876953,513249
2015-01-20,24.100000381469727,24.280000686645508,24.100000381469727,24.229999542236328,11.235508918762207,1083864
2015-01-21,24.229999542236328,24.329999923706055,24.229999542236328,24.299999237060547,11.267970085144043,1160309
2015-01-22,24.34000015258789,24.639999389648438,24.34000015258789,24.6299991607666,11.420991897583008,2199609
2015-01-23,24.729999542236328,24.8700008392334,24.719999313354492,24.770000457763672,11.485908508300781,1763251
2015-01-26,24.75,24.799999237060547,24.709999084472656,24.770000457763672,11.485908508300781,893279
2015-01-27,24.860000610351562,24.889999389648438,24.75,24.829999923706055,11.513731956481934,730846
2015-01-28,24.760000228881836,24.940000534057617,24.75,24.90999984741211,11.550827026367188,2074745
2015-01-29,24.899999618530273,24.899999618530273,24.68000030517578,24.719999313354492,11.462722778320312,596411
2015-01-30,24.81999969482422,24.81999969482422,24.639999389648438,24.649999618530273,11.430264472961426,322264
2015-02-02,24.649999618530273,24.65999984741211,24.549999237060547,24.56999969482422,11.393170356750488,411829
2015-02-03,24.68000030517578,24.75,24.600000381469727,24.700000762939453,11.453451156616211,367500
2015-02-04,24.770000457763672,24.899999618530273,24.770000457763672,24.829999923706055,11.513731956481934,816930
2015-02-05,24.829999923706055,24.829999923706055,24.780000686645508,24.809999465942383,11.5044584274292,426956
2015-02-06,24.809999465942383,24.81999969482422,24.729999542236328,24.739999771118164,11.472000122070312,292985
2015-02-09,24.700000762939453,24.760000228881836,24.700000762939453,24.719999313354492,11.462722778320312,307222
2015-02-10,24.700000762939453,24.719999313354492,24.579999923706055,24.6299991607666,11.420991897583008,381302
2015-02-11,24.649999618530273,24.780000686645508,24.649999618530273,24.700000762939453,11.453451156616211,384164
2015-02-12,24.700000762939453,24.729999542236328,24.639999389648438,24.649999618530273,11.430264472961426,489222
2015-02-13,24.649999618530273,24.920000076293945,24.649999618530273,24.799999237060547,11.499820709228516,1488246
2015-02-24,24.93000030517578,25.100000381469727,24.93000030517578,25.059999465942383,11.620383262634277,1464502
2015-02-25,25.059999465942383,25.25,25.059999465942383,25.15999984741211,11.666752815246582,1247070
2015-02-26,25.200000762939453,25.200000762939453,25.020000457763672,25.139999389648438,11.657479286193848,909029
2015-03-02,25.200000762939453,25.239999771118164,25.139999389648438,25.209999084472656,11.689935684204102,702798
2015-03-03,25.209999084472656,25.25,25.139999389648438,25.190000534057617,11.680665016174316,591029
2015-03-04,25.15999984741211,25.260000228881836,25.139999389648438,25.190000534057617,11.680665016174316,566433
2015-03-05,25.190000534057617,25.219999313354492,25.079999923706055,25.18000030517578,11.67602825164795,274613
2015-03-06,25.18000030517578,25.260000228881836,25.139999389648438,25.25,11.708488464355469,533300
2015-03-09,25.25,25.25,25.09000015258789,25.200000762939453,11.685301780700684,1696374
2015-03-10,25.200000762939453,25.219999313354492,25.06999969482422,25.06999969482422,11.625018119812012,560899
2015-03-11,25.0,25.0,24.889999389648438,24.940000534057617,11.564740180969238,1334999
2015-03-12,24.940000534057617,25.06999969482422,24.899999618530273,25.06999969482422,11.625018119812012,457489
2015-03-13,25.06999969482422,25.149999618530273,25.059999465942383,25.059999465942383,11.620383262634277,409999
2015-03-16,25.079999923706055,25.100000381469727,24.979999542236328,25.0,11.592560768127441,403293
2015-03-17,25.0,25.1200008392334,24.989999771118164,25.0,11.592560768127441,693600
2015-03-18,24.950000762939453,25.100000381469727,24.950000762939453,25.040000915527344,11.611108779907227,336649
2015-03-19,25.059999465942383,25.260000228881836,25.059999465942383,25.219999313354492,11.694575309753418,1487739
2015-03-20,25.219999313354492,25.219999313354492,25.149999618530273,25.200000762939453,11.685301780700684,198580
2015-03-23,25.200000762939453,25.209999084472656,25.139999389648438,25.149999618530273,11.662115097045898,164236
2015-03-24,25.149999618530273,25.149999618530273,25.059999465942383,25.110000610351562,11.64356517791748,240262
2015-03-25,25.110000610351562,25.149999618530273,24.989999771118164,25.010000228881836,11.597198486328125,483619
2015-03-26,24.8799991607666,24.979999542236328,24.84000015258789,24.899999618530273,11.546191215515137,641778
2015-03-27,24.899999618530273,24.989999771118164,24.790000915527344,24.84000015258789,11.518367767333984,718370
2015-03-30,24.84000015258789,24.899999618530273,24.760000228881836,24.8700008392334,11.532279968261719,663859
2015-03-31,24.950000762939453,24.950000762939453,24.84000015258789,24.850000381469727,11.523006439208984,615496
2015-04-01,24.850000381469727,24.850000381469727,24.729999542236328,24.780000686645508,11.490549087524414,870685
2015-04-02,24.780000686645508,24.899999618530273,24.770000457763672,24.850000381469727,11.523006439208984,206399
2015-04-07,24.850000381469727,24.899999618530273,24.850000381469727,24.889999389648438,11.541556358337402,199750
2015-04-08,24.899999618530273,24.950000762939453,24.770000457763672,24.899999618530273,11.546191215515137,527888
2015-04-09,24.829999923706055,24.899999618530273,24.829999923706055,24.860000610351562,11.527642250061035,263998
2015-04-10,24.899999618530273,24.899999618530273,24.81999969482422,24.860000610351562,11.527642250061035,279384
2015-04-13,24.899999618530273,24.899999618530273,24.799999237060547,24.860000610351562,11.527642250061035,339266
2015-04-14,24.8799991607666,24.899999618530273,24.850000381469727,24.8799991607666,11.536916732788086,151978
2015-04-15,24.8799991607666,24.899999618530273,24.700000762939453,24.850000381469727,11.523006439208984,992758
2015-04-16,24.850000381469727,24.850000381469727,24.799999237060547,24.829999923706055,11.513731956481934,273966
2015-04-17,24.799999237060547,24.799999237060547,24.690000534057617,24.709999084472656,11.458086013793945,549998
2015-04-20,24.709999084472656,24.719999313354492,24.440000534057617,24.450000762939453,11.337526321411133,1595646
2015-04-21,24.450000762939453,24.559999465942383,24.350000381469727,24.399999618530273,11.314337730407715,1056698
2015-04-22,24.40999984741211,24.690000534057617,24.40999984741211,24.600000381469727,11.407081604003906,321299
2015-04-23,24.600000381469727,25.030000686645508,24.600000381469727,25.030000686645508,11.606473922729492,1488838
2015-04-24,25.030000686645508,25.229999542236328,25.030000686645508,25.100000381469727,11.638932228088379,1304685
2015-04-27,24.93000030517578,25.399999618530273,24.93000030517578,25.299999237060547,11.731672286987305,2020045
2015-04-28,25.299999237060547,25.3700008392334,25.170000076293945,25.200000762939453,11.685301780700684,740829
2015-04-29,25.200000762939453,25.25,25.059999465942383,25.079999923706055,11.629658699035645,430749
2015-04-30,25.079999923706055,25.079999923706055,24.989999771118164,25.040000915527344,11.611108779907227,468781
2015-05-04,25.040000915527344,25.079999923706055,25.0,25.049999237060547,11.61574649810791,270258
2015-05-05,25.149999618530273,25.149999618530273,25.0,25.010000228881836,11.597198486328125,183549
2015-05-06,25.010000228881836,25.110000610351562,25.0,25.079999923706055,11.629658699035645,369068
2015-05-07,25.149999618530273,25.149999618530273,24.899999618530273,24.899999618530273,11.546191215515137,580749
2015-05-08,24.899999618530273,24.959999084472656,24.8700008392334,24.889999389648438,11.541556358337402,377999
2015-05-11,24.950000762939453,25.0,24.6200008392334,24.709999084472656,11.458086013793945,823852
2015-05-12,24.84000015258789,24.84000015258789,24.469999313354492,24.690000534057617,11.448813438415527,1274145
2015-05-13,24.68000030517578,24.84000015258789,24.68000030517578,24.799999237060547,11.499820709228516,221220
2015-05-14,24.790000915527344,24.799999237060547,24.56999969482422,24.639999389648438,11.425629615783691,862021
2015-05-15,24.56999969482422,24.700000762939453,24.540000915527344,24.549999237060547,11.383894920349121,928770
2015-05-18,24.600000381469727,24.639999389648438,24.510000228881836,24.639999389648438,11.425629615783691,269180
2015-05-19,24.649999618530273,24.809999465942383,24.600000381469727,24.799999237060547,11.499820709228516,550673
2015-05-20,24.799999237060547,24.829999923706055,24.65999984741211,24.799999237060547,11.499820709228516,359998
2015-05-21,24.790000915527344,24.790000915527344,24.350000381469727,24.510000228881836,11.36534595489502,2013301
2015-05-22,24.510000228881836,24.59000015258789,24.510000228881836,24.540000915527344,11.379258155822754,228602
2015-05-25,24.549999237060547,24.579999923706055,24.450000762939453,24.510000228881836,11.36534595489502,396530
2015-05-26,24.520000457763672,24.639999389648438,24.520000457763672,24.639999389648438,11.425629615783691,124311
2015-05-27,24.639999389648438,24.700000762939453,24.610000610351562,24.690000534057617,11.448813438415527,150100
2015-05-28,24.75,24.799999237060547,24.739999771118164,24.770000457763672,11.485908508300781,269571
2015-05-29,24.75,24.809999465942383,24.719999313354492,24.719999313354492,11.462722778320312,266130
2015-06-01,24.799999237060547,24.799999237060547,24.559999465942383,24.68000030517578,11.44417667388916,311458
2015-06-02,24.68000030517578,24.690000534057617,24.600000381469727,24.649999618530273,11.430264472961426,202232
2015-06-03,24.649999618530273,24.649999618530273,24.5,24.5,11.360710144042969,499788
2015-06-04,24.5,24.549999237060547,24.0,24.059999465942383,11.156682014465332,2904496
2015-06-05,24.059999465942383,24.139999389648438,23.739999771118164,24.0,11.128857612609863,2982987
2015-06-08,24.0,24.139999389648438,23.799999237060547,24.079999923706055,11.165955543518066,959876
2015-06-09,24.079999923706055,24.079999923706055,23.3700008392334,23.510000228881836,10.901646614074707,4528213
2015-06-10,23.549999237060547,23.700000762939453,23.510000228881836,23.559999465942383,10.924832344055176,1707219
2015-06-11,23.600000381469727,23.649999618530273,23.360000610351562,23.450000762939453,10.873822212219238,2342994
2015-06-12,23.520000457763672,23.530000686645508,23.309999465942383,23.350000381469727,10.827452659606934,1403377
2015-06-15,23.450000762939453,23.530000686645508,23.34000015258789,23.450000762939453,10.873822212219238,978163
2015-06-16,23.450000762939453,23.530000686645508,23.25,23.290000915527344,10.799630165100098,2277988
2015-06-17,23.31999969482422,23.420000076293945,23.25,23.360000610351562,10.832090377807617,1101522
2015-06-18,23.3799991607666,23.510000228881836,23.350000381469727,23.510000228881836,10.901646614074707,530492
2015-06-22,23.559999465942383,24.0,23.559999465942383,23.809999465942383,11.040756225585938,1602283
2015-06-23,23.950000762939453,23.950000762939453,23.850000381469727,23.889999389648438,11.077850341796875,426749
2015-06-24,23.889999389648438,23.899999618530273,23.790000915527344,23.889999389648438,11.077850341796875,538877
2015-06-25,23.889999389648438,23.989999771118164,23.889999389648438,23.950000762939453,11.105673789978027,320499
2015-06-26,23.950000762939453,24.229999542236328,23.950000762939453,23.950000762939453,11.105673789978027,360406
2015-06-29,23.950000762939453,23.950000762939453,23.600000381469727,23.760000228881836,11.017571449279785,1101101
2015-06-30,23.739999771118164,23.739999771118164,23.540000915527344,23.700000762939453,10.989748001098633,715215
2015-07-01,23.700000762939453,23.889999389648438,23.700000762939453,23.84000015258789,11.054665565490723,305772
2015-07-02,23.84000015258789,23.899999618530273,23.799999237060547,23.850000381469727,11.059303283691406,123064
2015-07-03,23.850000381469727,23.850000381469727,23.610000610351562,23.81999969482422,11.045391082763672,525588
2015-07-06,23.860000610351562,23.860000610351562,23.649999618530273,23.690000534057617,10.985109329223633,418781
2015-07-07,23.700000762939453,23.790000915527344,23.639999389648438,23.709999084472656,10.994386672973633,350725
2015-07-08,23.709999084472656,23.709999084472656,22.81999969482422,23.219999313354492,10.767170906066895,7222611
2015-07-09,23.15999984741211,23.15999984741211,22.389999389648438,22.84000015258789,10.590962409973145,7181600
2015-07-10,22.84000015258789,22.84000015258789,22.84000015258789,22.84000015258789,10.590962409973145,0
2015-07-13,23.010000228881836,23.100000381469727,22.850000381469727,23.030000686645508,10.679065704345703,2625301
2015-07-14,23.190000534057617,23.190000534057617,23.079999923706055,23.1200008392334,10.720803260803223,746414
2015-07-15,23.1299991607666,23.190000534057617,22.969999313354492,23.0,10.665157318115234,1491993
2015-07-16,23.030000686645508,23.100000381469727,23.010000228881836,23.049999237060547,10.68834114074707,493277
2015-07-17,23.1200008392334,23.1200008392334,22.799999237060547,23.049999237060547,10.68834114074707,1366771
2015-07-20,23.059999465942383,23.100000381469727,22.700000762939453,22.959999084472656,10.646608352661133,2740359
2015-07-21,23.0,23.0,22.700000762939453,22.8799991607666,10.609513282775879,2152074
2015-07-22,22.8799991607666,22.8799991607666,22.469999313354492,22.56999969482422,10.465763092041016,5238723
2015-07-23,22.6200008392334,22.6200008392334,22.239999771118164,22.5,10.433305740356445,5865799
2015-07-24,22.5,22.5,22.1299991607666,22.299999237060547,10.34056568145752,6383746
2015-07-27,22.299999237060547,22.299999237060547,21.610000610351562,21.850000381469727,10.131898880004883,12887245
2015-07-28,21.850000381469727,21.850000381469727,21.489999771118164,21.770000457763672,10.094801902770996,6550393
2015-07-29,21.790000915527344,21.989999771118164,21.6299991607666,21.979999542236328,10.192179679870605,2008484
2015-07-30,22.0,22.040000915527344,21.700000762939453,21.959999084472656,10.182905197143555,3920241
2015-07-31,22.0,22.0,21.829999923706055,21.950000762939453,10.178271293640137,1446595
2015-08-03,21.979999542236328,21.979999542236328,21.579999923706055,21.790000915527344,10.10407543182373,3044900
2015-08-04,21.809999465942383,21.84000015258789,21.520000457763672,21.6299991607666,10.029884338378906,5017296
2015-08-05,21.649999618530273,21.719999313354492,21.530000686645508,21.719999313354492,10.071617126464844,2266421
2015-08-06,21.780000686645508,21.790000915527344,21.280000686645508,21.34000015258789,9.895410537719727,8162850
2015-08-07,21.34000015258789,21.34000015258789,21.040000915527344,21.25,9.853676795959473,3387494
2015-08-10,21.299999237060547,21.479999542236328,21.1299991607666,21.479999542236328,9.960328102111816,2228993
2015-08-11,21.559999465942383,21.649999618530273,21.260000228881836,21.3700008392334,9.909319877624512,3293588
2015-08-12,21.350000381469727,21.350000381469727,21.139999389648438,21.25,9.853676795959473,3440444
2015-08-13,21.25,21.43000030517578,21.200000762939453,21.43000030517578,9.937142372131348,835378
2015-08-14,21.520000457763672,21.520000457763672,21.219999313354492,21.25,9.853676795959473,2948628
2015-08-17,21.329999923706055,21.329999923706055,21.100000381469727,21.1200008392334,9.7933931350708,4815669
2015-08-18,21.200000762939453,21.200000762939453,20.90999984741211,20.93000030517578,9.705292701721191,5833485
2015-08-19,20.950000762939453,20.950000762939453,20.260000228881836,20.309999465942383,9.417795181274414,10880181
2015-08-20,20.309999465942383,20.520000457763672,20.1200008392334,20.469999313354492,9.491990089416504,3468212
2015-08-21,20.270000457763672,20.270000457763672,19.90999984741211,20.020000457763672,9.283323287963867,8876487
2015-08-24,20.0,20.0,18.760000228881836,19.950000762939453,9.25086498260498,15841153
2015-08-25,19.700000762939453,19.700000762939453,19.100000381469727,19.5,9.042198181152344,12037649
2015-08-26,19.600000381469727,19.68000030517578,19.239999771118164,19.68000030517578,9.125664710998535,3967540
2015-08-27,19.899999618530273,20.149999618530273,19.799999237060547,20.149999618530273,9.343603134155273,4487165
2015-08-28,20.360000610351562,20.600000381469727,20.360000610351562,20.600000381469727,9.552270889282227,3799005
2015-08-31,20.799999237060547,20.799999237060547,20.510000228881836,20.780000686645508,9.635738372802734,2614913
2015-09-01,20.770000457763672,20.770000457763672,20.610000610351562,20.75,9.621826171875,1557595
2015-09-02,20.59000015258789,20.700000762939453,20.3799991607666,20.700000762939453,9.598641395568848,1826296
2015-09-03,20.700000762939453,20.809999465942383,20.56999969482422,20.809999465942383,9.649646759033203,1405493
2015-09-04,20.809999465942383,20.940000534057617,20.729999542236328,20.729999542236328,9.612550735473633,1479027
2015-09-07,20.719999313354492,20.790000915527344,20.6299991607666,20.770000457763672,9.631102561950684,1353655
2015-09-08,20.760000228881836,20.860000610351562,20.760000228881836,20.850000381469727,9.668195724487305,1103689
2015-09-09,21.0,21.329999923706055,20.989999771118164,21.299999237060547,9.876862525939941,3163879
2015-09-10,21.290000915527344,21.450000762939453,21.200000762939453,21.450000762939453,9.946418762207031,2406864
2015-09-11,21.450000762939453,21.690000534057617,21.440000534057617,21.649999618530273,10.03915786743164,2399928
2015-09-14,21.770000457763672,21.850000381469727,21.649999618530273,21.690000534057617,10.05770492553711,2949820
2015-09-15,21.690000534057617,21.790000915527344,21.6299991607666,21.670000076293945,10.048432350158691,1623486
2015-09-16,21.700000762939453,21.81999969482422,21.700000762939453,21.700000762939453,10.062342643737793,1423929
2015-09-17,21.799999237060547,22.059999465942383,21.799999237060547,22.0,10.201455116271973,3821062
2015-09-18,22.0,22.139999389648438,21.989999771118164,22.1299991607666,10.261734962463379,1949686
2015-09-21,22.0,22.0,21.709999084472656,21.739999771118164,10.080891609191895,2567211
2015-09-22,21.760000228881836,21.8799991607666,21.760000228881836,21.81999969482422,10.117986679077148,1046097
2015-09-23,21.700000762939453,21.700000762939453,21.399999618530273,21.40999984741211,9.92786979675293,3383356
2015-09-24,21.40999984741211,21.540000915527344,21.0,21.1200008392334,9.7933931350708,3859493
2015-09-25,21.0,21.139999389648438,20.889999389648438,21.1200008392334,9.7933931350708,1979801
2015-09-29,21.1200008392334,21.1200008392334,21.1200008392334,21.1200008392334,9.7933931350708,0
2015-09-30,21.0,21.040000915527344,20.850000381469727,21.040000915527344,9.75629997253418,3401743
2015-10-01,21.079999923706055,21.329999923706055,21.079999923706055,21.329999923706055,9.890772819519043,1151230
2015-10-02,21.329999923706055,21.389999389648438,21.25,21.360000610351562,9.904684066772461,1029896
2015-10-05,21.5,21.59000015258789,21.489999771118164,21.579999923706055,10.00670051574707,1227183
2015-10-06,21.68000030517578,21.899999618530273,21.68000030517578,21.8799991607666,10.145809173583984,2317169
2015-10-07,21.889999389648438,21.899999618530273,21.700000762939453,21.889999389648438,10.150447845458984,1319130
2015-10-08,21.899999618530273,21.989999771118164,21.770000457763672,21.81999969482422,10.117986679077148,1672234
2015-10-12,21.950000762939453,22.010000228881836,21.899999618530273,21.969999313354492,10.187542915344238,1925495
2015-10-13,22.0,22.079999923706055,21.969999313354492,22.049999237060547,10.224637031555176,3639064
2015-10-14,22.049999237060547,22.190000534057617,22.049999237060547,22.149999618530273,10.271011352539062,2422672
2015-10-15,22.170000076293945,22.43000030517578,22.170000076293945,22.329999923706055,10.354476928710938,4475610
2015-10-16,22.420000076293945,22.469999313354492,22.299999237060547,22.399999618530273,10.386935234069824,5604167
2015-10-19,22.399999618530273,22.559999465942383,22.399999618530273,22.5,10.433305740356445,2674027
2015-10-20,22.510000228881836,22.600000381469727,22.5,22.579999923706055,10.4704008102417,3214582
2015-10-21,22.579999923706055,22.6200008392334,22.469999313354492,22.469999313354492,10.419392585754395,2515114
2015-10-22,22.450000762939453,22.56999969482422,22.450000762939453,22.5,10.433305740356445,3273630
2015-10-23,22.559999465942383,22.81999969482422,22.559999465942383,22.649999618530273,10.502860069274902,5189696
2015-10-26,21.950000762939453,21.989999771118164,21.889999389648438,21.93000030517578,10.638694763183594,6110431
2015-10-27,22.0,22.0,21.93000030517578,21.950000762939453,10.648397445678711,1441507
2015-10-28,21.950000762939453,21.989999771118164,21.90999984741211,21.950000762939453,10.648397445678711,1252321
2015-10-29,22.0,22.0,21.700000762939453,21.719999313354492,10.536818504333496,2773632
2015-10-30,21.719999313354492,21.719999313354492,21.079999923706055,21.65999984741211,10.507710456848145,2495781
2015-11-02,21.65999984741211,21.670000076293945,21.459999084472656,21.65999984741211,10.507710456848145,1189937
2015-11-03,21.700000762939453,21.889999389648438,21.700000762939453,21.889999389648438,10.61928939819336,1418206
2015-11-04,21.920000076293945,22.200000762939453,21.920000076293945,22.09000015258789,10.716312408447266,2331827
2015-11-05,22.100000381469727,22.209999084472656,22.09000015258789,22.15999984741211,10.750272750854492,1542182
2015-11-06,22.15999984741211,22.15999984741211,21.93000030517578,21.969999313354492,10.658099174499512,1508403
2015-11-09,21.969999313354492,21.969999313354492,21.639999389648438,21.68000030517578,10.517412185668945,2262911
2015-11-10,21.65999984741211,21.65999984741211,21.399999618530273,21.549999237060547,10.454347610473633,2638562
2015-11-11,21.549999237060547,21.549999237060547,21.1200008392334,21.1299991607666,10.25059700012207,5345313
2015-11-12,21.1299991607666,21.200000762939453,20.90999984741211,21.079999923706055,10.22634220123291,4810493
2015-11-13,21.06999969482422,21.1200008392334,20.850000381469727,20.8799991607666,10.129317283630371,5245809
2015-11-16,20.719999313354492,20.850000381469727,20.6200008392334,20.829999923706055,10.105059623718262,3022829
2015-11-17,20.979999542236328,21.229999542236328,20.979999542236328,21.229999542236328,10.299110412597656,1035039
2015-11-18,21.399999618530273,21.399999618530273,21.079999923706055,21.1200008392334,10.245747566223145,1614107
2015-11-19,21.290000915527344,21.290000915527344,21.100000381469727,21.219999313354492,10.294258117675781,795209
2015-11-20,21.219999313354492,21.280000686645508,21.18000030517578,21.239999771118164,10.303959846496582,619396
2015-11-23,21.309999465942383,21.309999465942383,21.200000762939453,21.260000228881836,10.313665390014648,483431
2015-11-24,21.260000228881836,21.3799991607666,21.209999084472656,21.25,10.308812141418457,857104
2015-11-25,21.260000228881836,21.34000015258789,21.15999984741211,21.18000030517578,10.274853706359863,700393
2015-11-26,21.200000762939453,21.459999084472656,21.200000762939453,21.350000381469727,10.357324600219727,930242
2015-11-27,21.399999618530273,21.450000762939453,21.350000381469727,21.360000610351562,10.362175941467285,692563
2015-11-30,21.299999237060547,21.299999237060547,21.040000915527344,21.209999084472656,10.289407730102539,1241832
2015-12-01,21.25,21.5,21.239999771118164,21.469999313354492,10.41553783416748,1205387
2015-12-02,21.549999237060547,21.700000762939453,21.549999237060547,21.65999984741211,10.507710456848145,2264651
2015-12-03,21.649999618530273,21.690000534057617,21.559999465942383,21.670000076293945,10.512560844421387,1067550
2015-12-04,21.600000381469727,21.709999084472656,21.450000762939453,21.65999984741211,10.507710456848145,1322056
2015-12-07,21.81999969482422,22.020000457763672,21.799999237060547,21.84000015258789,10.595032691955566,3155234
2015-12-08,21.81999969482422,21.829999923706055,21.649999618530273,21.68000030517578,10.517412185668945,891935
2015-12-09,21.670000076293945,21.670000076293945,21.43000030517578,21.479999542236328,10.420391082763672,1304234
2015-12-10,21.469999313354492,21.479999542236328,21.200000762939453,21.3700008392334,10.367026329040527,1363995
2015-12-11,21.469999313354492,21.5,21.139999389648438,21.329999923706055,10.347622871398926,1463813
2015-12-14,21.100000381469727,21.200000762939453,20.899999618530273,21.139999389648438,10.255449295043945,2614296
2015-12-15,21.139999389648438,21.31999969482422,21.139999389648438,21.290000915527344,10.328219413757324,716988
2015-12-16,21.3799991607666,21.56999969482422,21.3799991607666,21.5,10.430092811584473,1457485
2015-12-17,21.600000381469727,21.860000610351562,21.600000381469727,21.790000915527344,10.570777893066406,2606180
2015-12-18,21.799999237060547,22.170000076293945,21.700000762939453,21.950000762939453,10.648397445678711,4537830
2015-12-21,21.84000015258789,22.040000915527344,21.809999465942383,22.030000686645508,10.68720817565918,2087874
2015-12-22,22.079999923706055,22.09000015258789,21.899999618530273,21.950000762939453,10.648397445678711,754647
2015-12-23,22.0,22.190000534057617,22.0,22.010000228881836,10.677505493164062,2575734
2015-12-24,22.100000381469727,22.190000534057617,21.979999542236328,21.979999542236328,10.662951469421387,1194354
2015-12-25,21.93000030517578,22.0,21.8799991607666,22.0,10.672653198242188,891630
2015-12-28,22.010000228881836,22.110000610351562,22.0,22.010000228881836,10.677505493164062,782840
2015-12-29,22.010000228881836,22.010000228881836,21.920000076293945,21.950000762939453,10.648397445678711,656020
2015-12-30,22.1299991607666,22.170000076293945,21.809999465942383,21.84000015258789,10.595032691955566,906834
2015-12-31,21.84000015258789,21.860000610351562,21.760000228881836,21.850000381469727,10.599884986877441,726276
2016-01-04,21.850000381469727,21.899999618530273,21.360000610351562,21.479999542236328,10.420391082763672,3859881
2016-01-05,21.399999618530273,21.520000457763672,21.31999969482422,21.43000030517578,10.396133422851562,2399745
2016-01-06,21.450000762939453,21.59000015258789,21.030000686645508,21.100000381469727,10.236042976379395,6187363
2016-01-07,21.100000381469727,21.290000915527344,20.75,21.290000915527344,10.328219413757324,8950721
2016-01-08,21.100000381469727,21.100000381469727,20.770000457763672,21.030000686645508,10.202085494995117,5753910
2016-01-11,21.0,21.0,20.469999313354492,20.6200008392334,10.003188133239746,7066464
2016-01-12,20.649999618530273,20.81999969482422,20.649999618530273,20.700000762939453,10.041997909545898,2482776
2016-01-13,20.799999237060547,20.920000076293945,20.600000381469727,20.729999542236328,10.056550025939941,2852017
2016-01-14,20.6200008392334,20.6299991607666,20.280000686645508,20.600000381469727,9.993485450744629,6619622
2016-01-15,20.780000686645508,20.799999237060547,20.399999618530273,20.600000381469727,9.993485450744629,8009446
2016-01-18,20.399999618530273,20.799999237060547,20.139999389648438,20.770000457763672,10.075955390930176,4207600
2016-01-19,20.770000457763672,20.770000457763672,20.600000381469727,20.739999771118164,10.061402320861816,1886361
2016-01-20,20.690000534057617,20.700000762939453,20.489999771118164,20.59000015258789,9.98863410949707,2808555
2016-01-21,20.59000015258789,20.6299991607666,20.360000610351562,20.40999984741211,9.901310920715332,3708220
2016-01-22,20.549999237060547,20.6299991607666,20.34000015258789,20.5,9.94497013092041,3445994
2016-01-25,20.690000534057617,20.790000915527344,20.559999465942383,20.770000457763672,10.075955390930176,1989578
2016-01-26,20.770000457763672,20.770000457763672,20.6299991607666,20.760000228881836,10.071104049682617,911825
2016-01-27,20.84000015258789,20.860000610351562,20.790000915527344,20.809999465942383,10.095359802246094,949698
2016-01-28,20.809999465942383,21.010000228881836,20.809999465942383,21.010000228881836,10.192380905151367,1553619
2016-01-29,21.010000228881836,21.440000534057617,21.0,21.34000015258789,10.352471351623535,3210291
2016-01-30,21.600000381469727,21.600000381469727,21.600000381469727,21.600000381469727,10.478605270385742,0
2016-02-01,21.559999465942383,21.6200008392334,21.40999984741211,21.579999923706055,10.468902587890625,2124311
2016-02-02,21.56999969482422,21.799999237060547,21.549999237060547,21.719999313354492,10.536818504333496,4284610
2016-02-03,21.700000762939453,21.700000762939453,21.5,21.6200008392334,10.48830795288086,2118693
2016-02-15,21.5,21.6200008392334,21.399999618530273,21.600000381469727,10.478605270385742,2444919
2016-02-16,21.6200008392334,21.799999237060547,21.6200008392334,21.760000228881836,10.55622386932373,2532759
2016-02-17,21.799999237060547,22.0,21.799999237060547,21.84000015258789,10.595032691955566,4152686
2016-02-18,21.920000076293945,22.170000076293945,21.920000076293945,22.110000610351562,10.726016998291016,5924760
2016-02-19,22.139999389648438,22.299999237060547,22.110000610351562,22.239999771118164,10.789079666137695,3310108
2016-02-22,22.239999771118164,22.3799991607666,22.09000015258789,22.170000076293945,10.75512409210205,2639968
2016-02-23,22.18000030517578,22.260000228881836,22.170000076293945,22.219999313354492,10.779382705688477,1499088
2016-02-24,22.219999313354492,22.299999237060547,22.149999618530273,22.149999618530273,10.745420455932617,1465001
2016-02-25,22.149999618530273,22.329999923706055,22.149999618530273,22.239999771118164,10.789079666137695,1808768
2016-02-26,22.25,22.489999771118164,22.219999313354492,22.489999771118164,10.910362243652344,3679767
2016-03-01,22.489999771118164,22.670000076293945,22.489999771118164,22.6299991607666,10.978278160095215,2615903
2016-03-02,22.709999084472656,22.93000030517578,22.670000076293945,22.68000030517578,11.002535820007324,3293822
2016-03-03,22.709999084472656,22.899999618530273,22.690000534057617,22.799999237060547,11.060749053955078,2673637
2016-03-04,22.799999237060547,22.8799991607666,22.719999313354492,22.770000457763672,11.046195983886719,1756237
2016-03-07,22.770000457763672,22.979999542236328,22.770000457763672,22.780000686645508,11.051044464111328,2517198
2016-03-08,22.780000686645508,22.790000915527344,22.479999542236328,22.59000015258789,10.958873748779297,2877173
2016-03-09,22.59000015258789,22.6299991607666,22.489999771118164,22.59000015258789,10.958873748779297,1605094
2016-03-10,22.59000015258789,22.790000915527344,22.59000015258789,22.719999313354492,11.021940231323242,1667868
2016-03-11,22.719999313354492,22.780000686645508,22.709999084472656,22.75,11.036492347717285,1717590
2016-03-14,22.799999237060547,22.920000076293945,22.799999237060547,22.81999969482422,11.070454597473145,1861113
2016-03-15,22.81999969482422,22.850000381469727,22.450000762939453,22.459999084472656,10.895809173583984,1713512
2016-03-16,22.459999084472656,22.600000381469727,22.459999084472656,22.549999237060547,10.939469337463379,987544
2016-03-17,22.649999618530273,22.790000915527344,22.600000381469727,22.610000610351562,10.968576431274414,1174594
2016-03-18,22.6200008392334,22.81999969482422,22.6200008392334,22.709999084472656,11.017088890075684,2047999
2016-03-21,22.75,22.799999237060547,22.690000534057617,22.790000915527344,11.055898666381836,1186720
2016-03-22,22.790000915527344,22.799999237060547,22.540000915527344,22.690000534057617,11.007383346557617,1019762
2016-03-23,22.690000534057617,22.700000762939453,22.5,22.549999237060547,10.939469337463379,1154371
2016-03-24,22.549999237060547,22.549999237060547,22.299999237060547,22.43000030517578,10.881253242492676,1461239
2016-03-25,22.43000030517578,22.5,22.399999618530273,22.399999618530273,10.86669921875,711166
2016-03-28,22.399999618530273,22.459999084472656,22.360000610351562,22.40999984741211,10.871550559997559,730706
2016-03-29,22.3799991607666,22.420000076293945,22.139999389648438,22.190000534057617,10.764824867248535,2653992
2016-03-30,22.149999618530273,22.399999618530273,22.149999618530273,22.399999618530273,10.86669921875,898757
2016-03-31,22.489999771118164,22.510000228881836,22.399999618530273,22.43000030517578,10.881253242492676,964948
2016-04-01,22.43000030517578,22.43000030517578,22.209999084472656,22.280000686645508,10.808485984802246,1279377
2016-04-06,22.280000686645508,22.280000686645508,22.0,22.079999923706055,10.711462020874023,2758643
2016-04-07,22.079999923706055,22.09000015258789,21.850000381469727,22.030000686645508,10.68720817565918,2865091
2016-04-08,22.0,22.0,21.899999618530273,21.950000762939453,10.648397445678711,1226005
2016-04-11,21.950000762939453,22.010000228881836,21.860000610351562,21.969999313354492,10.658099174499512,2052227
2016-04-12,22.0,22.049999237060547,21.979999542236328,22.020000457763672,10.682355880737305,971866
2016-04-13,22.020000457763672,22.1299991607666,22.020000457763672,22.1299991607666,10.7357177734375,610574
2016-04-14,22.219999313354492,22.280000686645508,22.18000030517578,22.209999084472656,10.77452564239502,1284902
2016-04-15,22.219999313354492,22.290000915527344,22.209999084472656,22.260000228881836,10.798781394958496,513298
2016-04-18,22.25,22.260000228881836,22.200000762939453,22.229999542236328,10.784229278564453,425978
2016-04-19,22.270000457763672,22.299999237060547,22.190000534057617,22.229999542236328,10.784229278564453,478799
2016-04-20,22.229999542236328,22.25,21.850000381469727,21.93000030517578,10.638694763183594,3516953
2016-04-21,21.93000030517578,21.950000762939453,21.799999237060547,21.860000610351562,10.604737281799316,2411590
2016-04-22,21.860000610351562,21.889999389648438,21.75,21.790000915527344,10.570777893066406,2723044
2016-04-25,21.799999237060547,21.93000030517578,21.760000228881836,21.920000076293945,10.633845329284668,539870
2016-04-26,21.920000076293945,22.049999237060547,21.920000076293945,22.0,10.672653198242188,431727
2016-04-27,22.0,22.010000228881836,21.950000762939453,21.959999084472656,10.653246879577637,652547
2016-04-28,21.959999084472656,22.0,21.75,21.799999237060547,10.575629234313965,2297102
2016-04-29,21.799999237060547,21.799999237060547,21.5,21.600000381469727,10.478605270385742,4983546
2016-05-03,21.600000381469727,21.610000610351562,21.290000915527344,21.350000381469727,10.357324600219727,6413774
2016-05-04,21.350000381469727,21.350000381469727,20.899999618530273,21.0,10.187531471252441,13444428
2016-05-05,21.049999237060547,21.09000015258789,20.780000686645508,20.93000030517578,10.15357494354248,8644589
2016-05-06,21.049999237060547,21.049999237060547,20.700000762939453,20.75,10.066252708435059,11125956
2016-05-09,20.959999084472656,20.959999084472656,20.690000534057617,20.850000381469727,10.114763259887695,4946007
2016-05-10,20.84000015258789,20.899999618530273,20.6299991607666,20.899999618530273,10.139020919799805,5657837
2016-05-11,21.0,21.0,20.799999237060547,20.899999618530273,10.139020919799805,3941027
2016-05-12,20.8700008392334,20.920000076293945,20.780000686645508,20.799999237060547,10.090506553649902,4152992
2016-05-13,20.799999237060547,20.799999237060547,20.5,20.690000534057617,10.037147521972656,14628965
2016-05-16,20.690000534057617,20.84000015258789,20.59000015258789,20.84000015258789,10.109911918640137,2382462
2016-05-17,20.8799991607666,20.920000076293945,20.739999771118164,20.90999984741211,10.143871307373047,2563105
2016-05-18,20.8700008392334,20.93000030517578,20.729999542236328,20.93000030517578,10.15357494354248,2173518
2016-05-19,20.920000076293945,20.920000076293945,20.729999542236328,20.809999465942383,10.095359802246094,3259527
2016-05-20,20.81999969482422,20.8799991607666,20.690000534057617,20.8799991607666,10.129317283630371,2035319
2016-05-23,20.920000076293945,21.309999465942383,20.790000915527344,21.309999465942383,10.337921142578125,4724200
2016-05-24,21.309999465942383,21.350000381469727,21.219999313354492,21.299999237060547,10.333069801330566,1448314
2016-05-25,21.40999984741211,21.520000457763672,21.3799991607666,21.40999984741211,10.386433601379395,2796984
2016-05-26,21.43000030517578,21.510000228881836,21.40999984741211,21.489999771118164,10.425238609313965,2311387
2016-05-27,21.6299991607666,21.700000762939453,21.6200008392334,21.68000030517578,10.517412185668945,3562851
2016-05-30,21.700000762939453,21.950000762939453,21.68000030517578,21.920000076293945,10.633845329284668,4023072
2016-05-31,21.920000076293945,21.950000762939453,21.780000686645508,21.950000762939453,10.648397445678711,2794100
2016-06-01,21.93000030517578,22.09000015258789,21.920000076293945,22.049999237060547,10.696907997131348,4323262
2016-06-02,22.06999969482422,22.219999313354492,21.969999313354492,22.049999237060547,10.696907997131348,4981608
2016-06-03,22.06999969482422,22.1299991607666,22.0,22.030000686645508,10.68720817565918,2729288
2016-06-04,22.190000534057617,22.190000534057617,22.190000534057617,22.190000534057617,10.764824867248535,0
2016-06-06,22.059999465942383,22.149999618530273,21.93000030517578,21.979999542236328,10.662951469421387,2688011
2016-06-07,22.030000686645508,22.299999237060547,22.030000686645508,22.290000915527344,10.813337326049805,6829710
2016-06-08,22.31999969482422,22.450000762939453,22.31999969482422,22.360000610351562,10.847294807434082,3863745
2016-06-13,22.309999465942383,22.309999465942383,22.040000915527344,22.059999465942383,10.701756477355957,4617087
2016-06-14,22.0,22.299999237060547,22.0,22.280000686645508,10.808485984802246,4045038
2016-06-15,22.200000762939453,22.31999969482422,22.110000610351562,22.270000457763672,10.803634643554688,1905333
2016-06-16,22.25,22.299999237060547,22.059999465942383,22.079999923706055,10.711462020874023,1348218
2016-06-17,22.1299991607666,22.34000015258789,22.1299991607666,22.18000030517578,10.759973526000977,3056692
2016-06-20,22.25,22.469999313354492,22.25,22.440000534057617,10.886104583740234,4110224
2016-06-21,22.440000534057617,22.59000015258789,22.40999984741211,22.579999923706055,10.954020500183105,4473636
2016-06-22,22.600000381469727,22.600000381469727,22.5,22.579999923706055,10.954020500183105,2290217
2016-06-23,22.579999923706055,22.600000381469727,22.479999542236328,22.5,10.915214538574219,846063
2016-06-24,22.56999969482422,22.600000381469727,21.84000015258789,21.989999771118164,10.667801856994629,4375696
2016-06-27,21.860000610351562,22.149999618530273,21.860000610351562,22.139999389648438,10.740571022033691,2004144
2016-06-28,22.1299991607666,22.299999237060547,22.0,22.290000915527344,10.813337326049805,1183551
2016-06-29,22.360000610351562,22.579999923706055,22.350000381469727,22.5,10.915214538574219,2644875
2016-06-30,22.579999923706055,22.610000610351562,22.489999771118164,22.600000381469727,10.963725090026855,3151069
2016-07-01,22.729999542236328,22.829999923706055,22.700000762939453,22.799999237060547,11.060749053955078,6936087
2016-07-04,22.809999465942383,23.0,22.780000686645508,22.989999771118164,11.152923583984375,7342135
2016-07-05,22.989999771118164,22.989999771118164,22.829999923706055,22.940000534057617,11.128667831420898,1985106
2016-07-06,22.829999923706055,22.829999923706055,22.639999389648438,22.65999984741211,10.992833137512207,1661986
2016-07-07,22.68000030517578,22.8799991607666,22.68000030517578,22.860000610351562,11.08985424041748,1546293
2016-07-08,22.860000610351562,22.860000610351562,22.860000610351562,22.860000610351562,11.08985424041748,0
2016-07-11,23.1200008392334,23.440000534057617,23.1200008392334,23.420000076293945,11.361525535583496,9737419
2016-07-12,23.40999984741211,23.579999923706055,23.3700008392334,23.43000030517578,11.366376876831055,5162279
2016-07-13,23.59000015258789,23.809999465942383,23.520000457763672,23.790000915527344,11.541017532348633,8308219
2016-07-14,23.790000915527344,23.860000610351562,23.690000534057617,23.799999237060547,11.545870780944824,3900863
2016-07-15,23.81999969482422,23.989999771118164,23.81999969482422,23.940000534057617,11.613785743713379,7972419
2016-07-18,24.0,24.200000762939453,24.0,24.1299991607666,11.70595932006836,18605803
2016-07-19,24.170000076293945,24.219999313354492,24.049999237060547,24.200000762939453,11.739917755126953,6190297
2016-07-20,24.079999923706055,24.200000762939453,24.020000457763672,24.049999237060547,11.667150497436523,5226691
2016-07-21,24.0,24.3700008392334,24.0,24.260000228881836,11.769023895263672,5974574
2016-07-22,24.200000762939453,24.350000381469727,24.139999389648438,24.239999771118164,11.759321212768555,3625865
2016-07-25,24.299999237060547,24.459999084472656,24.020000457763672,24.170000076293945,11.725364685058594,3716445
2016-07-26,24.149999618530273,24.229999542236328,24.049999237060547,24.190000534057617,11.735067367553711,5272888
2016-07-27,24.229999542236328,24.440000534057617,24.229999542236328,24.329999923706055,11.802983283996582,3472435
2016-07-28,24.34000015258789,24.440000534057617,24.290000915527344,24.420000076293945,11.84664535522461,2989841
2016-07-29,24.440000534057617,24.450000762939453,24.329999923706055,24.3700008392334,11.822386741638184,1458846
2016-08-01,24.309999465942383,24.56999969482422,24.309999465942383,24.549999237060547,11.909710884094238,5351356
2016-08-02,24.5,24.6200008392334,24.479999542236328,24.610000610351562,11.938817024230957,3983538
2016-08-03,24.479999542236328,24.540000915527344,24.31999969482422,24.489999771118164,11.880603790283203,2058169
2016-08-04,24.5,24.5,24.440000534057617,24.469999313354492,11.870902061462402,1993910
2016-08-05,24.469999313354492,24.6299991607666,24.43000030517578,24.579999923706055,11.92426586151123,3230343
2016-08-08,24.6299991607666,24.68000030517578,24.579999923706055,24.670000076293945,11.967926025390625,2522644
2016-08-09,24.6200008392334,24.75,24.6200008392334,24.68000030517578,11.972776412963867,1638055
2016-08-10,24.65999984741211,24.709999084472656,24.549999237060547,24.670000076293945,11.967926025390625,2124000
2016-08-11,24.610000610351562,24.700000762939453,24.399999618530273,24.479999542236328,11.875753402709961,3305952
2016-08-12,24.479999542236328,24.670000076293945,24.479999542236328,24.559999465942383,11.914560317993164,2631951
2016-08-15,24.559999465942383,24.65999984741211,24.5,24.59000015258789,11.92911434173584,2854933
2016-08-16,24.59000015258789,24.700000762939453,24.530000686645508,24.639999389648438,11.95337200164795,3679235
2016-08-17,24.600000381469727,24.610000610351562,24.5,24.579999923706055,11.92426586151123,3557276
2016-08-18,24.549999237060547,24.760000228881836,24.549999237060547,24.719999313354492,11.992179870605469,2712417
2016-08-19,24.719999313354492,24.940000534057617,24.639999389648438,24.649999618530273,11.958222389221191,2023170
2016-08-22,24.510000228881836,24.6200008392334,24.270000457763672,24.299999237060547,11.788431167602539,1516058
2016-08-23,24.219999313354492,24.5,24.219999313354492,24.40999984741211,11.84179401397705,1303093
2016-08-24,24.350000381469727,24.479999542236328,24.350000381469727,24.399999618530273,11.836942672729492,938030
2016-08-25,24.399999618530273,24.780000686645508,24.399999618530273,24.65999984741211,11.963072776794434,1936106
2016-08-26,24.610000610351562,24.770000457763672,24.610000610351562,24.700000762939453,11.982478141784668,1131282
2016-08-29,24.700000762939453,24.700000762939453,24.5,24.600000381469727,11.933966636657715,785426
2016-08-30,24.600000381469727,24.770000457763672,24.600000381469727,24.739999771118164,12.001884460449219,1599749
2016-08-31,24.739999771118164,24.75,24.579999923706055,24.649999618530273,11.958222389221191,1293465
2016-09-01,24.649999618530273,24.649999618530273,24.329999923706055,24.389999389648438,11.8320894241333,1288399
2016-09-02,24.389999389648438,24.479999542236328,24.260000228881836,24.399999618530273,11.836942672729492,1423642
2016-09-05,24.399999618530273,24.65999984741211,24.399999618530273,24.649999618530273,11.958222389221191,1431995
2016-09-06,24.65999984741211,24.899999618530273,24.649999618530273,24.860000610351562,12.060098648071289,3180540
2016-09-07,24.899999618530273,25.040000915527344,24.899999618530273,25.0,12.128015518188477,4476523
2016-09-08,25.0,25.110000610351562,24.959999084472656,25.079999923706055,12.166824340820312,3129899
2016-09-09,25.0,25.0,24.889999389648438,24.950000762939453,12.103757858276367,828365
2016-09-10,24.739999771118164,24.739999771118164,24.739999771118164,24.739999771118164,12.001884460449219,0
2016-09-12,24.600000381469727,24.600000381469727,24.5,24.549999237060547,11.909710884094238,1330595
2016-09-13,24.56999969482422,24.700000762939453,24.31999969482422,24.3700008392334,11.822386741638184,6564430
2016-09-14,24.3700008392334,24.450000762939453,24.25,24.350000381469727,11.8126859664917,1570712
2016-09-19,24.350000381469727,24.790000915527344,24.350000381469727,24.770000457763672,12.016438484191895,1422506
2016-09-20,24.770000457763672,24.84000015258789,24.690000534057617,24.799999237060547,12.030991554260254,1024657
2016-09-21,24.799999237060547,24.969999313354492,24.790000915527344,24.950000762939453,12.103757858276367,913500
2016-09-22,24.959999084472656,25.1200008392334,24.959999084472656,25.010000228881836,12.132866859436035,3692609
2016-09-23,25.0,25.049999237060547,24.979999542236328,25.020000457763672,12.137716293334961,1988147
2016-09-26,25.0,25.0,24.850000381469727,24.850000381469727,12.055245399475098,399428
2016-09-27,24.850000381469727,24.850000381469727,24.850000381469727,24.850000381469727,12.055245399475098,0
2016-09-28,24.850000381469727,24.850000381469727,24.850000381469727,24.850000381469727,12.055245399475098,0
2016-09-29,25.0,25.110000610351562,24.950000762939453,25.100000381469727,12.176527976989746,2478498
2016-09-30,25.0,25.100000381469727,24.899999618530273,25.100000381469727,12.176527976989746,2270705
2016-10-03,25.100000381469727,25.100000381469727,24.989999771118164,25.049999237060547,12.15226936340332,724364
2016-10-04,25.0,25.06999969482422,25.0,25.06999969482422,12.161971092224121,716609
2016-10-05,25.059999465942383,25.100000381469727,25.0,25.100000381469727,12.176527976989746,1389010
2016-10-06,25.100000381469727,25.110000610351562,25.040000915527344,25.100000381469727,12.176527976989746,1849833
2016-10-07,25.100000381469727,25.110000610351562,25.049999237060547,25.059999465942383,12.157121658325195,3161779
2016-10-11,25.059999465942383,25.110000610351562,24.709999084472656,24.8799991607666,12.069798469543457,5141942
2016-10-12,24.799999237060547,24.989999771118164,24.760000228881836,24.969999313354492,12.113459587097168,2461215
2016-10-13,24.989999771118164,25.010000228881836,24.850000381469727,24.8700008392334,12.064950942993164,3975451
2016-10-14,24.8700008392334,24.889999389648438,24.65999984741211,24.65999984741211,11.963072776794434,4020428
2016-10-17,24.670000076293945,24.75,24.40999984741211,24.690000534057617,11.977625846862793,2521602
2016-10-18,24.739999771118164,24.81999969482422,24.690000534057617,24.809999465942383,12.035840034484863,1981196
2016-10-19,24.889999389648438,24.959999084472656,24.8700008392334,24.950000762939453,12.103757858276367,4647665
2016-10-20,25.0,25.010000228881836,24.920000076293945,25.010000228881836,12.132866859436035,4761428
2016-10-21,25.010000228881836,25.010000228881836,24.899999618530273,25.0,12.128015518188477,3247023
2016-10-24,25.0,25.09000015258789,24.989999771118164,25.09000015258789,12.171677589416504,3975533
2016-10-25,25.110000610351562,25.350000381469727,25.100000381469727,25.350000381469727,12.297805786132812,6661703
2016-10-26,23.959999084472656,23.959999084472656,23.780000686645508,23.790000915527344,12.164860725402832,8440284
2016-10-27,23.790000915527344,23.84000015258789,23.670000076293945,23.75,12.144405364990234,2283131
2016-10-28,23.75,23.780000686645508,23.700000762939453,23.75,12.144405364990234,865617
2016-10-31,23.75,23.799999237060547,23.520000457763672,23.799999237060547,12.169971466064453,1337599
2016-11-01,23.799999237060547,23.799999237060547,23.649999618530273,23.700000762939453,12.118839263916016,1331094
2016-11-02,23.670000076293945,23.670000076293945,23.260000228881836,23.280000686645508,11.904075622558594,4400619
2016-11-03,23.280000686645508,23.299999237060547,23.040000915527344,23.09000015258789,11.806917190551758,2651805
2016-11-04,23.09000015258789,23.100000381469727,22.979999542236328,23.059999465942383,11.791577339172363,2657650
2016-11-07,23.100000381469727,23.290000915527344,23.100000381469727,23.270000457763672,11.898959159851074,1144809
2016-11-08,23.389999389648438,23.399999618530273,23.270000457763672,23.399999618530273,11.965432167053223,1059757
2016-11-09,23.450000762939453,23.530000686645508,22.600000381469727,22.719999313354492,11.617719650268555,16421122
2016-11-10,23.190000534057617,23.260000228881836,23.0,23.260000228881836,11.893845558166504,3609289
2016-11-11,23.299999237060547,23.299999237060547,22.610000610351562,22.700000762939453,11.60749340057373,14758120
2016-11-14,22.709999084472656,22.889999389648438,22.5,22.889999389648438,11.704649925231934,9696691
2016-11-15,22.700000762939453,22.809999465942383,22.649999618530273,22.739999771118164,11.627945899963379,2966419
2016-11-16,22.799999237060547,22.850000381469727,22.760000228881836,22.780000686645508,11.64840030670166,1559995
2016-11-17,22.84000015258789,22.84000015258789,22.559999465942383,22.649999618530273,11.581926345825195,3094586
2016-11-18,22.700000762939453,22.850000381469727,22.600000381469727,22.850000381469727,11.684195518493652,1581193
2016-11-21,22.850000381469727,22.940000534057617,22.809999465942383,22.940000534057617,11.730216979980469,1997536
2016-11-22,23.049999237060547,23.280000686645508,23.0,23.190000534057617,11.858052253723145,3522118
2016-11-23,23.25,23.260000228881836,23.190000534057617,23.200000762939453,11.863166809082031,1204816
2016-11-24,23.200000762939453,23.209999084472656,23.079999923706055,23.170000076293945,11.84782600402832,1330511
2016-11-25,23.170000076293945,23.280000686645508,23.1200008392334,23.229999542236328,11.87850570678711,746210
2016-11-28,23.229999542236328,23.34000015258789,23.229999542236328,23.290000915527344,11.909186363220215,1207351
2016-11-29,23.299999237060547,23.31999969482422,23.239999771118164,23.25,11.888733863830566,1023995
2016-11-30,23.299999237060547,23.299999237060547,23.219999313354492,23.260000228881836,11.893845558166504,592741
2016-12-01,23.270000457763672,23.3700008392334,23.270000457763672,23.31999969482422,11.92452621459961,735838
2016-12-02,23.299999237060547,23.299999237060547,23.110000610351562,23.1299991607666,11.827371597290039,2282058
2016-12-05,23.139999389648438,23.139999389648438,22.950000762939453,22.979999542236328,11.7506685256958,1650301
2016-12-06,23.059999465942383,23.170000076293945,23.059999465942383,23.139999389648438,11.83248519897461,501771
2016-12-07,23.18000030517578,23.229999542236328,23.18000030517578,23.200000762939453,11.863166809082031,444547
2016-12-08,23.299999237060547,23.34000015258789,23.270000457763672,23.329999923706055,11.92963981628418,1486951
2016-12-09,23.350000381469727,23.469999313354492,23.34000015258789,23.43000030517578,11.98077392578125,1410111
2016-12-12,23.469999313354492,23.479999542236328,23.219999313354492,23.270000457763672,11.898959159851074,1228104
2016-12-13,23.270000457763672,23.299999237060547,23.219999313354492,23.280000686645508,11.904075622558594,1499318
2016-12-14,23.290000915527344,23.350000381469727,23.280000686645508,23.299999237060547,11.914299011230469,821479
2016-12-15,23.25,23.299999237060547,23.229999542236328,23.299999237060547,11.914299011230469,593114
2016-12-16,23.299999237060547,23.3799991607666,23.270000457763672,23.309999465942383,11.919414520263672,1100818
2016-12-19,23.260000228881836,23.299999237060547,23.040000915527344,23.06999969482422,11.79669189453125,2212793
2016-12-20,23.100000381469727,23.100000381469727,22.969999313354492,23.100000381469727,11.812028884887695,1925467
2016-12-21,23.100000381469727,23.100000381469727,22.989999771118164,23.030000686645508,11.776236534118652,1580453
2016-12-22,23.030000686645508,23.030000686645508,22.899999618530273,23.0,11.760892868041992,2994348
2016-12-23,22.979999542236328,22.979999542236328,22.790000915527344,22.850000381469727,11.684195518493652,4813210
2016-12-26,22.889999389648438,22.899999618530273,22.790000915527344,22.899999618530273,11.709761619567871,2281587
2016-12-27,22.899999618530273,22.940000534057617,22.850000381469727,22.860000610351562,11.689309120178223,1433665
2016-12-28,22.959999084472656,23.0,22.8799991607666,23.0,11.760892868041992,1216165
2016-12-29,22.989999771118164,23.030000686645508,22.920000076293945,22.989999771118164,11.755780220031738,963266
2016-12-30,23.010000228881836,23.09000015258789,23.0,23.06999969482422,11.79669189453125,1290054
2017-01-03,23.1200008392334,23.1299991607666,23.06999969482422,23.1200008392334,11.822259902954102,1141125
2017-01-04,23.1200008392334,23.209999084472656,23.1200008392334,23.200000762939453,11.863166809082031,913715
2017-01-05,23.25,23.280000686645508,23.209999084472656,23.280000686645508,11.904075622558594,1072101
2017-01-06,23.280000686645508,23.3700008392334,23.280000686645508,23.34000015258789,11.934752464294434,1444459
2017-01-09,23.3700008392334,23.40999984741211,23.270000457763672,23.299999237060547,11.914299011230469,1087535
2017-01-10,23.299999237060547,23.40999984741211,23.290000915527344,23.40999984741211,11.97054672241211,1281944
2017-01-11,23.450000762939453,23.520000457763672,23.420000076293945,23.5,12.016568183898926,2464699
2017-01-12,23.510000228881836,23.59000015258789,23.5,23.579999923706055,12.057476043701172,2757346
2017-01-13,23.510000228881836,23.579999923706055,23.5,23.559999465942383,12.047249794006348,852101
2017-01-16,23.549999237060547,23.549999237060547,23.350000381469727,23.440000534057617,11.985885620117188,895162
2017-01-17,23.3700008392334,23.489999771118164,23.3700008392334,23.440000534057617,11.985885620117188,712583
2017-01-18,23.479999542236328,23.479999542236328,23.40999984741211,23.420000076293945,11.97566032409668,371489
2017-01-19,23.399999618530273,23.399999618530273,23.350000381469727,23.389999389648438,11.960319519042969,300555
2017-01-20,23.399999618530273,23.43000030517578,23.350000381469727,23.350000381469727,11.93986988067627,603250
2017-01-23,23.350000381469727,23.489999771118164,23.350000381469727,23.479999542236328,12.006341934204102,544355
2017-01-24,23.479999542236328,23.549999237060547,23.479999542236328,23.540000915527344,12.03702163696289,832099
2017-02-02,23.549999237060547,23.639999389648438,23.540000915527344,23.549999237060547,12.042136192321777,946108
2017-02-03,23.549999237060547,23.649999618530273,23.530000686645508,23.649999618530273,12.093269348144531,1328923
2017-02-06,23.65999984741211,23.959999084472656,23.65999984741211,23.93000030517578,12.23644733428955,2918974
2017-02-07,23.93000030517578,24.0,23.90999984741211,23.959999084472656,12.251784324645996,2097662
2017-02-08,23.959999084472656,24.239999771118164,23.950000762939453,24.149999618530273,12.348943710327148,3332439
2017-02-09,24.149999618530273,24.200000762939453,24.079999923706055,24.190000534057617,12.36939525604248,1188936
2017-02-10,24.219999313354492,24.450000762939453,24.219999313354492,24.329999923706055,12.440983772277832,2251876
2017-02-13,24.329999923706055,24.34000015258789,24.25,24.329999923706055,12.440983772277832,1874630
2017-02-14,24.34000015258789,24.520000457763672,24.34000015258789,24.399999618530273,12.476777076721191,2645217
2017-02-15,24.399999618530273,24.610000610351562,24.399999618530273,24.59000015258789,12.573931694030762,2798192
2017-02-16,24.600000381469727,24.690000534057617,24.420000076293945,24.479999542236328,12.517684936523438,10656299
2017-02-17,24.479999542236328,24.540000915527344,24.420000076293945,24.450000762939453,12.50234317779541,3166682
2017-02-18,24.56999969482422,24.56999969482422,24.56999969482422,24.56999969482422,12.563706398010254,0
2017-02-20,24.5,24.549999237060547,24.299999237060547,24.3700008392334,12.461437225341797,922614
2017-02-21,24.3700008392334,24.3700008392334,24.190000534057617,24.239999771118164,12.394963264465332,945788
2017-02-22,24.25,24.40999984741211,24.25,24.3799991607666,12.466550827026367,1078412
2017-02-23,24.399999618530273,24.520000457763672,24.399999618530273,24.440000534057617,12.49722957611084,1808054
2017-02-24,24.440000534057617,24.479999542236328,24.3799991607666,24.479999542236328,12.517684936523438,926055
2017-03-01,24.5,24.56999969482422,24.469999313354492,24.5,12.527909278869629,1044366
2017-03-02,24.530000686645508,24.649999618530273,24.459999084472656,24.5,12.527909278869629,2964309
2017-03-03,24.479999542236328,24.5,24.450000762939453,24.469999313354492,12.51257038116455,703584
2017-03-06,24.469999313354492,24.469999313354492,24.420000076293945,24.450000762939453,12.50234317779541,699065
2017-03-07,24.450000762939453,24.520000457763672,24.440000534057617,24.510000228881836,12.533025741577148,851834
2017-03-08,24.520000457763672,24.56999969482422,24.520000457763672,24.559999465942383,12.558591842651367,687513
2017-03-09,24.559999465942383,24.56999969482422,24.450000762939453,24.5,12.527909278869629,1216566
2017-03-10,24.5,24.5,24.219999313354492,24.399999618530273,12.476777076721191,1267451
2017-03-13,24.399999618530273,24.5,24.399999618530273,24.489999771118164,12.522799491882324,564449
2017-03-14,24.5,24.600000381469727,24.489999771118164,24.600000381469727,12.579045295715332,1900411
2017-03-15,24.600000381469727,24.649999618530273,24.579999923706055,24.59000015258789,12.573931694030762,1084650
2017-03-16,24.639999389648438,24.81999969482422,24.639999389648438,24.760000228881836,12.660861015319824,2443794
2017-03-17,24.760000228881836,24.829999923706055,24.760000228881836,24.799999237060547,12.681314468383789,1542141
2017-03-20,24.809999465942383,24.950000762939453,24.809999465942383,24.920000076293945,12.742676734924316,2451244
2017-03-21,24.950000762939453,25.149999618530273,24.950000762939453,25.030000686645508,12.79892349243164,8280072
2017-03-22,24.790000915527344,25.09000015258789,24.780000686645508,25.079999923706055,12.824490547180176,2598426
2017-03-23,25.049999237060547,25.079999923706055,24.959999084472656,25.0,12.783581733703613,1112801
2017-03-24,25.0,25.0,24.940000534057617,24.979999542236328,12.773355484008789,1082326
2017-03-27,24.969999313354492,24.969999313354492,24.84000015258789,24.860000610351562,12.711994171142578,1090016
2017-03-28,24.860000610351562,24.920000076293945,24.579999923706055,24.75,12.655746459960938,2018343
2017-03-29,24.829999923706055,24.829999923706055,24.75,24.799999237060547,12.681314468383789,523349
2017-03-30,24.799999237060547,24.84000015258789,24.729999542236328,24.799999237060547,12.681314468383789,489880
2017-03-31,24.799999237060547,24.799999237060547,24.719999313354492,24.729999542236328,12.64552116394043,773898
2017-04-05,24.729999542236328,24.93000030517578,24.729999542236328,24.90999984741211,12.737560272216797,1351945
2017-04-06,24.90999984741211,24.90999984741211,24.799999237060547,24.850000381469727,12.706883430480957,479343
2017-04-07,24.850000381469727,24.860000610351562,24.649999618530273,24.790000915527344,12.676203727722168,860024
2017-04-10,24.790000915527344,24.829999923706055,24.790000915527344,24.81999969482422,12.691540718078613,766984
2017-04-11,24.81999969482422,24.81999969482422,24.579999923706055,24.59000015258789,12.573931694030762,2154819
2017-04-12,24.600000381469727,24.600000381469727,24.389999389648438,24.489999771118164,12.522799491882324,1836321
2017-04-13,24.489999771118164,24.520000457763672,24.420000076293945,24.520000457763672,12.538134574890137,958061
2017-04-14,24.479999542236328,24.479999542236328,24.229999542236328,24.270000457763672,12.410303115844727,5400808
2017-04-17,24.270000457763672,24.290000915527344,23.989999771118164,24.18000030517578,12.36428165435791,7015859
2017-04-18,24.200000762939453,24.280000686645508,24.18000030517578,24.25,12.40007495880127,1419362
2017-04-19,24.219999313354492,24.219999313354492,24.020000457763672,24.18000030517578,12.36428165435791,3385096
2017-04-20,24.149999618530273,24.149999618530273,23.959999084472656,24.010000228881836,12.27735424041748,5947253
2017-04-21,24.149999618530273,24.149999618530273,24.030000686645508,24.09000015258789,12.318262100219727,2625831
2017-04-24,24.1299991607666,24.170000076293945,24.040000915527344,24.110000610351562,12.328486442565918,1199827
2017-04-25,24.200000762939453,24.229999542236328,24.1200008392334,24.229999542236328,12.389851570129395,1134244
2017-04-26,24.270000457763672,24.450000762939453,24.270000457763672,24.450000762939453,12.50234317779541,1736892
2017-04-27,24.450000762939453,24.459999084472656,24.3799991607666,24.440000534057617,12.49722957611084,441977
2017-04-28,24.450000762939453,24.520000457763672,24.40999984741211,24.450000762939453,12.50234317779541,2088492
2017-05-02,24.530000686645508,24.59000015258789,24.520000457763672,24.559999465942383,12.558591842651367,3285207
2017-05-03,24.56999969482422,24.579999923706055,24.510000228881836,24.510000228881836,12.533025741577148,736690
2017-05-04,24.510000228881836,24.610000610351562,24.5,24.610000610351562,12.584161758422852,2623127
2017-05-05,24.610000610351562,24.639999389648438,24.5,24.510000228881836,12.533025741577148,1718109
2017-05-08,24.549999237060547,24.6200008392334,24.549999237060547,24.56999969482422,12.563706398010254,827451
2017-05-09,24.56999969482422,24.610000610351562,24.469999313354492,24.5,12.527909278869629,1043357
2017-05-10,24.5,24.5,24.450000762939453,24.469999313354492,12.51257038116455,637841
2017-05-11,24.469999313354492,24.5,24.420000076293945,24.479999542236328,12.517684936523438,450483
2017-05-12,24.450000762939453,24.579999923706055,24.450000762939453,24.559999465942383,12.558591842651367,643107
2017-05-15,24.56999969482422,24.729999542236328,24.56999969482422,24.700000762939453,12.630181312561035,1571405
2017-05-16,24.700000762939453,24.81999969482422,24.700000762939453,24.75,12.655746459960938,1048937
2017-05-17,24.75,24.780000686645508,24.700000762939453,24.700000762939453,12.630181312561035,898884
2017-05-18,24.600000381469727,24.65999984741211,24.5,24.65999984741211,12.609724998474121,610977
2017-05-19,24.690000534057617,24.729999542236328,24.6200008392334,24.690000534057617,12.625068664550781,1565136
2017-05-22,24.690000534057617,24.780000686645508,24.690000534057617,24.75,12.655746459960938,583536
2017-05-23,24.75,24.760000228881836,24.75,24.760000228881836,12.660861015319824,532706
2017-05-24,24.719999313354492,24.760000228881836,24.700000762939453,24.760000228881836,12.660861015319824,617439
2017-05-25,24.760000228881836,24.809999465942383,24.760000228881836,24.809999465942383,12.68642807006836,1394973
2017-05-26,24.809999465942383,24.950000762939453,24.809999465942383,24.889999389648438,12.72733211517334,2790124
2017-05-31,24.889999389648438,24.899999618530273,24.799999237060547,24.829999923706055,12.69665241241455,649374
2017-06-01,24.829999923706055,24.850000381469727,24.829999923706055,24.84000015258789,12.701766014099121,388248
2017-06-02,24.850000381469727,24.8700008392334,24.84000015258789,24.860000610351562,12.711994171142578,503652
2017-06-03,25.010000228881836,25.010000228881836,25.010000228881836,25.010000228881836,12.788697242736816,0
2017-06-05,24.899999618530273,25.0,24.899999618530273,24.989999771118164,12.77846908569336,3296190
2017-06-06,24.989999771118164,25.020000457763672,24.969999313354492,25.0,12.783581733703613,4960736
2017-06-07,25.0,25.040000915527344,24.90999984741211,24.93000030517578,12.74778938293457,905701
2017-06-08,24.93000030517578,25.0,24.93000030517578,25.0,12.783581733703613,555835
2017-06-09,25.0,25.09000015258789,25.0,25.0,12.783581733703613,2810683
2017-06-12,24.979999542236328,25.110000610351562,24.940000534057617,25.06999969482422,12.819376945495605,5332990
2017-06-13,25.06999969482422,25.18000030517578,25.06999969482422,25.15999984741211,12.865395545959473,1617722
2017-06-14,25.15999984741211,25.18000030517578,24.920000076293945,24.959999084472656,12.763127326965332,2786289
2017-06-15,24.979999542236328,25.0,24.920000076293945,24.979999542236328,12.773355484008789,1039425
2017-06-16,24.969999313354492,25.049999237060547,24.940000534057617,25.049999237060547,12.809147834777832,1857755
2017-06-19,25.049999237060547,25.25,25.030000686645508,25.219999313354492,12.896080017089844,6644737
2017-06-20,25.239999771118164,25.309999465942383,25.239999771118164,25.260000228881836,12.916531562805176,1709900
2017-06-21,25.260000228881836,25.450000762939453,25.209999084472656,25.420000076293945,12.998346328735352,4101017
2017-06-22,25.43000030517578,25.59000015258789,25.43000030517578,25.559999465942383,13.06993293762207,3199600
2017-06-23,25.559999465942383,25.56999969482422,25.459999084472656,25.479999542236328,13.029026985168457,996328
2017-06-26,25.479999542236328,25.719999313354492,25.479999542236328,25.700000762939453,13.141521453857422,3756984
2017-06-27,25.700000762939453,25.81999969482422,25.700000762939453,25.760000228881836,13.17220401763916,1443909
2017-06-28,25.700000762939453,25.760000228881836,25.549999237060547,25.56999969482422,13.075045585632324,1214570
2017-06-29,25.56999969482422,25.709999084472656,25.56999969482422,25.600000381469727,13.090388298034668,1233897
2017-06-30,25.600000381469727,25.600000381469727,25.5,25.579999923706055,13.08016300201416,700368
2017-07-03,25.56999969482422,25.75,25.56999969482422,25.75,13.167088508605957,1110668
2017-07-04,25.75,25.760000228881836,25.600000381469727,25.649999618530273,13.11595630645752,1131595
2017-07-05,25.649999618530273,25.68000030517578,25.5,25.68000030517578,13.131298065185547,985026
2017-07-06,25.68000030517578,25.68000030517578,25.600000381469727,25.639999389648438,13.110840797424316,851742
2017-07-07,25.639999389648438,25.639999389648438,25.540000915527344,25.559999465942383,13.06993293762207,801627
2017-07-10,25.559999465942383,25.600000381469727,25.559999465942383,25.579999923706055,13.08016300201416,649190
2017-07-11,25.59000015258789,25.81999969482422,25.59000015258789,25.799999237060547,13.192657470703125,1443495
2017-07-12,25.799999237060547,25.959999084472656,25.799999237060547,25.940000534057617,13.26424503326416,1062255
2017-07-13,25.969999313354492,26.040000915527344,25.969999313354492,26.0,13.294925689697266,2142314
2017-07-14,26.0,26.100000381469727,25.989999771118164,26.040000915527344,13.31537914276123,1483538
2017-07-17,26.049999237060547,26.170000076293945,26.049999237060547,26.110000610351562,13.351173400878906,1334063
2017-07-18,26.110000610351562,26.1299991607666,26.079999923706055,26.1299991607666,13.361401557922363,1117825
2017-07-19,26.1299991607666,26.299999237060547,26.1299991607666,26.25,13.422760009765625,2426809
2017-07-20,26.299999237060547,26.309999465942383,26.229999542236328,26.25,13.422760009765625,973885
2017-07-21,26.200000762939453,26.200000762939453,26.100000381469727,26.110000610351562,13.351173400878906,1106141
2017-07-24,26.0,26.049999237060547,25.979999542236328,26.030000686645508,13.310266494750977,2894639
2017-07-25,26.030000686645508,26.170000076293945,26.030000686645508,26.15999984741211,13.376740455627441,1118126
2017-07-26,26.15999984741211,26.18000030517578,26.1299991607666,26.149999618530273,13.371627807617188,646250
2017-07-27,26.149999618530273,26.229999542236328,26.149999618530273,26.219999313354492,13.40742301940918,1024769
2017-07-28,26.200000762939453,26.209999084472656,26.18000030517578,26.190000534057617,13.392082214355469,758450
2017-07-31,26.190000534057617,26.190000534057617,26.040000915527344,26.09000015258789,13.340946197509766,899080
2017-08-01,26.09000015258789,26.209999084472656,26.09000015258789,26.200000762939453,13.397196769714355,863934
2017-08-02,26.219999313354492,26.350000381469727,26.219999313354492,26.280000686645508,13.438100814819336,1462001
2017-08-03,26.290000915527344,26.290000915527344,26.200000762939453,26.229999542236328,13.41253662109375,849168
2017-08-04,26.229999542236328,26.290000915527344,26.229999542236328,26.290000915527344,13.443214416503906,1126456
2017-08-07,26.309999465942383,26.3700008392334,26.299999237060547,26.34000015258789,13.468786239624023,1000311
2017-08-08,26.34000015258789,26.450000762939453,26.34000015258789,26.360000610351562,13.479009628295898,772042
2017-08-09,26.360000610351562,26.389999389648438,26.25,26.260000228881836,13.427875518798828,1314641
2017-08-10,26.260000228881836,26.260000228881836,25.84000015258789,25.899999618530273,13.243791580200195,4650668
2017-08-11,25.75,25.860000610351562,25.649999618530273,25.860000610351562,13.223339080810547,4616210
2017-08-14,25.860000610351562,25.860000610351562,25.420000076293945,25.440000534057617,13.008575439453125,4019683
2017-08-15,25.520000457763672,25.700000762939453,25.520000457763672,25.68000030517578,13.131298065185547,2178460
2017-08-16,25.700000762939453,25.729999542236328,25.59000015258789,25.639999389648438,13.110840797424316,3961696
2017-08-17,25.690000534057617,25.850000381469727,25.690000534057617,25.850000381469727,13.218222618103027,879880
2017-08-18,25.790000915527344,25.790000915527344,25.600000381469727,25.780000686645508,13.182430267333984,1957864
2017-08-21,25.780000686645508,25.780000686645508,25.59000015258789,25.670000076293945,13.12618350982666,1845355
2017-08-22,25.670000076293945,25.780000686645508,25.670000076293945,25.780000686645508,13.182430267333984,625818
2017-08-23,25.799999237060547,25.899999618530273,25.799999237060547,25.8700008392334,13.228449821472168,790232
2017-08-24,25.899999618530273,25.940000534057617,25.8700008392334,25.920000076293945,13.25401782989502,724204
2017-08-25,25.959999084472656,25.959999084472656,25.920000076293945,25.940000534057617,13.26424503326416,506801
2017-08-28,25.959999084472656,25.979999542236328,25.940000534057617,25.979999542236328,13.284698486328125,623372
2017-08-29,25.979999542236328,25.979999542236328,25.84000015258789,25.850000381469727,13.218222618103027,1027768
2017-08-30,25.860000610351562,25.979999542236328,25.860000610351562,25.979999542236328,13.284698486328125,1094810
2017-08-31,25.989999771118164,26.1299991607666,25.989999771118164,26.09000015258789,13.340946197509766,2100932
2017-09-01,26.100000381469727,26.280000686645508,26.09000015258789,26.25,13.422760009765625,3841971
2017-09-04,26.25,26.25,26.170000076293945,26.219999313354492,13.40742301940918,859394
2017-09-05,26.219999313354492,26.290000915527344,26.219999313354492,26.290000915527344,13.443214416503906,1082393
2017-09-06,26.290000915527344,26.299999237060547,26.170000076293945,26.25,13.422760009765625,1561495
2017-09-07,26.239999771118164,26.299999237060547,26.1200008392334,26.139999389648438,13.3665132522583,1182123
2017-09-08,26.149999618530273,26.25,26.149999618530273,26.229999542236328,13.41253662109375,968814
2017-09-11,26.260000228881836,26.360000610351562,26.260000228881836,26.309999465942383,13.453442573547363,1548837
2017-09-12,26.329999923706055,26.520000457763672,26.329999923706055,26.489999771118164,13.545483589172363,2066683
2017-09-13,26.5,26.600000381469727,26.479999542236328,26.5,13.550597190856934,1600628
2017-09-14,26.5,26.559999465942383,26.459999084472656,26.510000228881836,13.555712699890137,977781
2017-09-15,26.5,26.579999923706055,26.459999084472656,26.549999237060547,13.576162338256836,1920390
2017-09-18,26.549999237060547,26.799999237060547,26.549999237060547,26.799999237060547,13.703999519348145,2795795
2017-09-19,26.799999237060547,26.850000381469727,26.479999542236328,26.479999542236328,13.540369033813477,2675339
2017-09-20,26.479999542236328,26.5,26.309999465942383,26.34000015258789,13.468786239624023,1682133
2017-09-21,26.34000015258789,26.469999313354492,26.34000015258789,26.43000030517578,13.514803886413574,779879
2017-09-22,26.43000030517578,26.450000762939453,26.190000534057617,26.200000762939453,13.397196769714355,3103150
2017-09-25,26.200000762939453,26.209999084472656,25.690000534057617,25.799999237060547,13.192657470703125,9492340
2017-09-26,25.799999237060547,25.8799991607666,25.559999465942383,25.649999618530273,13.11595630645752,9639283
2017-09-27,25.700000762939453,25.799999237060547,25.670000076293945,25.770000457763672,13.177314758300781,2833383
2017-09-28,25.799999237060547,25.8799991607666,25.719999313354492,25.799999237060547,13.192657470703125,1763753
2017-09-29,25.799999237060547,25.84000015258789,25.610000610351562,25.799999237060547,13.192657470703125,5461974
2017-10-02,26.049999237060547,26.18000030517578,26.020000457763672,26.149999618530273,13.371627807617188,1123589
2017-10-03,26.170000076293945,26.25,26.1200008392334,26.239999771118164,13.417649269104004,1292866
2017-10-05,26.239999771118164,26.290000915527344,26.18000030517578,26.290000915527344,13.443214416503906,786054
2017-10-06,26.5,26.5,26.350000381469727,26.40999984741211,13.504576683044434,1473760
2017-10-11,26.450000762939453,26.450000762939453,26.31999969482422,26.40999984741211,13.504576683044434,3156811
2017-10-12,26.40999984741211,26.43000030517578,26.31999969482422,26.389999389648438,13.494348526000977,1675460
2017-10-13,26.350000381469727,26.350000381469727,26.239999771118164,26.280000686645508,13.438100814819336,2687940
2017-10-16,26.280000686645508,26.420000076293945,26.25,26.3799991607666,13.489235877990723,1888259
2017-10-17,26.3799991607666,26.459999084472656,26.309999465942383,26.309999465942383,13.453442573547363,1002896
2017-10-18,26.329999923706055,26.399999618530273,26.290000915527344,26.329999923706055,13.463667869567871,1089076
2017-10-19,26.350000381469727,26.389999389648438,26.329999923706055,26.350000381469727,13.473894119262695,952455
2017-10-20,26.350000381469727,26.350000381469727,26.25,26.329999923706055,13.463667869567871,1375201
2017-10-23,26.34000015258789,26.520000457763672,26.34000015258789,26.5,13.550597190856934,5967122
2017-10-24,26.5,26.649999618530273,26.5,26.639999389648438,13.622186660766602,5248577
2017-10-25,26.639999389648438,26.690000534057617,26.6200008392334,26.639999389648438,13.622186660766602,1352259
2017-10-26,26.639999389648438,26.639999389648438,26.479999542236328,26.6200008392334,13.611958503723145,1353923
2017-10-27,26.600000381469727,26.6200008392334,26.3799991607666,26.389999389648438,13.494348526000977,3736068
2017-10-30,25.65999984741211,25.65999984741211,25.299999237060547,25.5,13.526176452636719,8422253
2017-10-31,25.469999313354492,25.610000610351562,25.3799991607666,25.579999923706055,13.568611145019531,2929021
2017-11-01,25.600000381469727,25.6299991607666,25.549999237060547,25.600000381469727,13.579219818115234,1777601
2017-11-02,25.600000381469727,25.690000534057617,25.600000381469727,25.670000076293945,13.616351127624512,1026948
2017-11-03,25.700000762939453,25.799999237060547,25.649999618530273,25.690000534057617,13.626959800720215,2005761
2017-11-06,25.799999237060547,25.799999237060547,25.520000457763672,25.600000381469727,13.579219818115234,2153491
2017-11-07,25.600000381469727,25.6200008392334,25.549999237060547,25.600000381469727,13.579219818115234,1119319
2017-11-08,25.600000381469727,25.649999618530273,25.559999465942383,25.649999618530273,13.605741500854492,990924
2017-11-09,25.649999618530273,25.700000762939453,25.34000015258789,25.40999984741211,13.478435516357422,3077256
2017-11-10,25.40999984741211,25.40999984741211,25.059999465942383,25.290000915527344,13.414786338806152,5708661
2017-11-13,25.290000915527344,25.299999237060547,25.0,25.0,13.260954856872559,9228953
2017-11-14,25.0,25.149999618530273,24.93000030517578,25.139999389648438,13.335217475891113,3771885
2017-11-15,25.139999389648438,25.139999389648438,24.899999618530273,25.030000686645508,13.276871681213379,4269349
2017-11-16,25.0,25.09000015258789,24.93000030517578,25.040000915527344,13.282174110412598,2339251
2017-11-17,25.110000610351562,25.209999084472656,25.100000381469727,25.1299991607666,13.329913139343262,3064651
2017-11-20,25.1299991607666,25.149999618530273,25.040000915527344,25.09000015258789,13.308695793151855,2342357
2017-11-21,25.100000381469727,25.229999542236328,25.100000381469727,25.190000534057617,13.361741065979004,1128661
2017-11-22,25.209999084472656,25.25,25.149999618530273,25.170000076293945,13.351130485534668,1915379
2017-11-23,25.190000534057617,25.280000686645508,25.170000076293945,25.200000762939453,13.367044448852539,1804666
2017-11-24,25.200000762939453,25.280000686645508,25.200000762939453,25.260000228881836,13.398870468139648,1595757
2017-11-27,25.260000228881836,25.350000381469727,25.170000076293945,25.200000762939453,13.367044448852539,1504665
2017-11-28,25.190000534057617,25.200000762939453,25.09000015258789,25.100000381469727,13.31400203704834,1536648
2017-11-29,25.110000610351562,25.200000762939453,25.110000610351562,25.149999618530273,13.340523719787598,979609
2017-11-30,25.149999618530273,25.149999618530273,24.959999084472656,24.989999771118164,13.25565242767334,3821663
2017-12-01,24.989999771118164,25.020000457763672,24.780000686645508,24.989999771118164,13.25565242767334,2325615
2017-12-04,24.989999771118164,25.0,24.799999237060547,24.989999771118164,13.25565242767334,1957399
2017-12-05,24.989999771118164,25.0,24.81999969482422,24.860000610351562,13.186695098876953,6629055
2017-12-06,24.899999618530273,24.899999618530273,24.579999923706055,24.610000610351562,13.054088592529297,11757064
2017-12-07,24.610000610351562,24.639999389648438,24.450000762939453,24.479999542236328,12.985129356384277,9080905
2017-12-08,24.479999542236328,24.719999313354492,24.43000030517578,24.719999313354492,13.112433433532715,3647602
2017-12-11,24.739999771118164,24.90999984741211,24.739999771118164,24.899999618530273,13.207911491394043,1046591
2017-12-12,24.950000762939453,24.950000762939453,24.719999313354492,24.799999237060547,13.154869079589844,851617
2017-12-13,24.899999618530273,24.90999984741211,24.780000686645508,24.829999923706055,13.170781135559082,594512
2017-12-14,24.850000381469727,24.950000762939453,24.850000381469727,24.920000076293945,13.218523025512695,620111
2017-12-15,24.93000030517578,24.93000030517578,24.760000228881836,24.860000610351562,13.186695098876953,879538
2017-12-18,24.899999618530273,24.950000762939453,24.75,24.950000762939453,13.234435081481934,879671
2017-12-19,24.950000762939453,24.950000762939453,24.709999084472656,24.8799991607666,13.197303771972656,691578
2017-12-20,24.8799991607666,24.899999618530273,24.829999923706055,24.899999618530273,13.207911491394043,328258
2017-12-21,24.899999618530273,24.920000076293945,24.8799991607666,24.899999618530273,13.207911491394043,407545
2017-12-22,24.899999618530273,24.90999984741211,24.799999237060547,24.899999618530273,13.207911491394043,437040
2017-12-25,24.899999618530273,24.950000762939453,24.8799991607666,24.940000534057617,13.229130744934082,527795
2017-12-26,24.940000534057617,24.940000534057617,24.780000686645508,24.889999389648438,13.202606201171875,864878
2017-12-27,24.889999389648438,24.899999618530273,24.81999969482422,24.899999618530273,13.207911491394043,270515
2017-12-28,24.899999618530273,24.950000762939453,24.8799991607666,24.899999618530273,13.207911491394043,1653138
2017-12-29,24.90999984741211,25.049999237060547,24.90999984741211,25.0,13.260954856872559,2102589
2018-01-02,25.0,25.139999389648438,25.0,25.1299991607666,13.329913139343262,1868451
2018-01-03,25.149999618530273,25.309999465942383,25.149999618530273,25.309999465942383,13.425390243530273,3846820
2018-01-04,25.309999465942383,25.450000762939453,25.309999465942383,25.40999984741211,13.478435516357422,2736229
2018-01-05,25.40999984741211,25.479999542236328,25.389999389648438,25.440000534057617,13.494351387023926,2383585
2018-01-08,25.450000762939453,25.56999969482422,25.450000762939453,25.56999969482422,13.563304901123047,3048596
2018-01-09,25.549999237060547,25.6299991607666,25.479999542236328,25.5,13.526176452636719,2965586
2018-01-10,25.5,25.549999237060547,25.350000381469727,25.3700008392334,13.457220077514648,1323050
2018-01-11,25.34000015258789,25.40999984741211,25.34000015258789,25.40999984741211,13.478435516357422,2404787
2018-01-12,25.40999984741211,25.56999969482422,25.40999984741211,25.540000915527344,13.547391891479492,3979566
2018-01-15,25.56999969482422,25.68000030517578,25.549999237060547,25.649999618530273,13.605741500854492,1445655
2018-01-16,25.649999618530273,25.799999237060547,25.649999618530273,25.799999237060547,13.685307502746582,7649103
2018-01-17,25.799999237060547,25.93000030517578,25.760000228881836,25.920000076293945,13.7489595413208,7014654
2018-01-18,25.920000076293945,26.1299991607666,25.920000076293945,26.020000457763672,13.802003860473633,7911027
2018-01-19,26.020000457763672,26.1200008392334,25.979999542236328,26.0,13.79139518737793,2496482
2018-01-22,26.0,26.25,26.0,26.25,13.924002647399902,6755556
2018-01-23,26.25,26.399999618530273,26.170000076293945,26.200000762939453,13.89748477935791,2946921
2018-01-24,26.170000076293945,26.389999389648438,26.170000076293945,26.31999969482422,13.961134910583496,9028263
2018-01-25,26.31999969482422,26.610000610351562,26.31999969482422,26.450000762939453,14.030092239379883,6270581
2018-01-26,26.450000762939453,26.540000915527344,26.309999465942383,26.540000915527344,14.077834129333496,2397837
2018-01-29,26.56999969482422,26.799999237060547,26.56999969482422,26.799999237060547,14.215744972229004,7869670
2018-01-30,26.760000228881836,26.760000228881836,26.399999618530273,26.40999984741211,14.00887393951416,2594237
2018-01-31,26.299999237060547,26.479999542236328,26.170000076293945,26.450000762939453,14.030092239379883,2438996
2018-02-01,26.450000762939453,26.540000915527344,26.399999618530273,26.420000076293945,14.014178276062012,799298
2018-02-02,26.389999389648438,26.399999618530273,26.219999313354492,26.34000015258789,13.971747398376465,2118179
2018-02-05,26.100000381469727,26.100000381469727,25.770000457763672,26.0,13.79139518737793,2894343
2018-02-06,25.600000381469727,25.600000381469727,24.549999237060547,24.989999771118164,13.25565242767334,13899659
2018-02-07,25.15999984741211,25.510000228881836,25.15999984741211,25.43000030517578,13.489044189453125,2950428
2018-02-08,25.43000030517578,25.5,25.299999237060547,25.5,13.526176452636719,1313980
2018-02-09,24.860000610351562,25.5,24.6299991607666,25.5,13.526176452636719,4127754
2018-02-12,25.5,25.5,25.139999389648438,25.149999618530273,13.340523719787598,3449872
2018-02-21,25.5,25.719999313354492,25.399999618530273,25.719999313354492,13.642873764038086,1841744
2018-02-22,25.68000030517578,25.68000030517578,25.549999237060547,25.6200008392334,13.589828491210938,919583
2018-02-23,25.719999313354492,25.799999237060547,25.719999313354492,25.799999237060547,13.685307502746582,1464915
2018-02-26,25.90999984741211,25.979999542236328,25.90999984741211,25.979999542236328,13.78078556060791,4476529
2018-02-27,26.010000228881836,26.149999618530273,25.950000762939453,25.950000762939453,13.764872550964355,2117338
2018-03-01,25.799999237060547,25.90999984741211,25.700000762939453,25.90999984741211,13.743654251098633,1040292
2018-03-02,25.850000381469727,25.850000381469727,25.65999984741211,25.760000228881836,13.664090156555176,851735
2018-03-05,25.780000686645508,25.799999237060547,25.600000381469727,25.6299991607666,13.595132827758789,749148
2018-03-06,25.709999084472656,25.809999465942383,25.649999618530273,25.760000228881836,13.664090156555176,1020664
2018-03-07,25.75,25.8799991607666,25.649999618530273,25.700000762939453,13.632262229919434,1096718
2018-03-08,25.700000762939453,26.06999969482422,25.700000762939453,26.010000228881836,13.796699523925781,2120537
2018-03-09,26.049999237060547,26.049999237060547,25.90999984741211,25.93000030517578,13.754262924194336,513167
2018-03-12,26.049999237060547,26.139999389648438,26.020000457763672,26.100000381469727,13.844438552856445,2819132
2018-03-13,26.100000381469727,26.170000076293945,26.079999923706055,26.170000076293945,13.88156795501709,1881112
2018-03-14,26.079999923706055,26.209999084472656,26.079999923706055,26.079999923706055,13.833829879760742,1628880
2018-03-15,26.0,26.149999618530273,26.0,26.110000610351562,13.849743843078613,1654618
2018-03-16,26.149999618530273,26.15999984741211,26.049999237060547,26.15999984741211,13.876264572143555,803078
2018-03-19,26.15999984741211,26.200000762939453,26.1200008392334,26.190000534057617,13.892179489135742,1225634
2018-03-20,26.18000030517578,26.18000030517578,26.079999923706055,26.1299991607666,13.860352516174316,623310
2018-03-21,26.1299991607666,26.25,26.1299991607666,26.170000076293945,13.88156795501709,698359
2018-03-22,26.170000076293945,26.350000381469727,26.1299991607666,26.139999389648438,13.865655899047852,1536613
2018-03-23,25.850000381469727,25.920000076293945,25.65999984741211,25.81999969482422,13.695915222167969,2810755
2018-03-26,25.739999771118164,26.0,25.729999542236328,26.0,13.79139518737793,831745
2018-03-27,26.059999465942383,26.139999389648438,26.059999465942383,26.079999923706055,13.833829879760742,1305215
2018-03-28,26.049999237060547,26.059999465942383,25.920000076293945,25.93000030517578,13.754262924194336,714309
2018-03-29,25.920000076293945,25.940000534057617,25.829999923706055,25.899999618530273,13.738350868225098,1355082
2018-03-30,25.989999771118164,26.0,25.899999618530273,25.959999084472656,13.770179748535156,509321
2018-04-02,25.989999771118164,26.059999465942383,25.979999542236328,26.020000457763672,13.802003860473633,633240
2018-04-03,26.0,26.0,25.8799991607666,25.920000076293945,13.7489595413208,707840
2018-04-09,25.950000762939453,25.959999084472656,25.850000381469727,25.950000762939453,13.764872550964355,795830
2018-04-10,25.950000762939453,25.989999771118164,25.84000015258789,25.950000762939453,13.764872550964355,388841
2018-04-11,26.010000228881836,26.1200008392334,26.0,26.110000610351562,13.849743843078613,1469411
2018-04-12,26.100000381469727,26.100000381469727,25.989999771118164,26.0,13.79139518737793,303794
2018-04-13,26.100000381469727,26.100000381469727,25.959999084472656,25.989999771118164,13.786089897155762,475014
2018-04-16,26.040000915527344,26.040000915527344,25.770000457763672,25.979999542236328,13.78078556060791,1387773
2018-04-17,25.959999084472656,25.959999084472656,25.600000381469727,25.770000457763672,13.669391632080078,2488368
2018-04-18,25.770000457763672,25.809999465942383,25.649999618530273,25.68000030517578,13.621655464172363,1689930
2018-04-19,25.700000762939453,25.8799991607666,25.700000762939453,25.860000610351562,13.717135429382324,699908
2018-04-20,25.799999237060547,25.860000610351562,25.700000762939453,25.81999969482422,13.695915222167969,528632
2018-04-23,25.81999969482422,25.81999969482422,25.649999618530273,25.690000534057617,13.626959800720215,1729983
2018-04-24,25.809999465942383,25.809999465942383,25.350000381469727,25.5,13.526176452636719,4524128
2018-04-25,25.450000762939453,25.469999313354492,25.149999618530273,25.309999465942383,13.425390243530273,8716622
2018-04-26,25.399999618530273,25.5,25.110000610351562,25.229999542236328,13.382956504821777,4395428
2018-04-27,25.25,25.350000381469727,25.059999465942383,25.149999618530273,13.340523719787598,4863984
2018-04-30,25.18000030517578,25.399999618530273,25.100000381469727,25.399999618530273,13.47313117980957,1943348
2018-05-02,25.399999618530273,25.399999618530273,25.270000457763672,25.34000015258789,13.441305160522461,974727
2018-05-03,25.299999237060547,25.299999237060547,25.15999984741211,25.219999313354492,13.377654075622559,1172951
2018-05-04,25.260000228881836,25.260000228881836,25.1200008392334,25.200000762939453,13.367044448852539,1296217
2018-05-07,25.350000381469727,25.350000381469727,25.170000076293945,25.299999237060547,13.420088768005371,952527
2018-05-08,25.299999237060547,25.43000030517578,25.270000457763672,25.43000030517578,13.489044189453125,702378
2018-05-09,25.3799991607666,25.420000076293945,25.3799991607666,25.399999618530273,13.47313117980957,462117
2018-05-10,25.5,25.530000686645508,25.450000762939453,25.479999542236328,13.5155668258667,540725
2018-05-11,25.5,25.600000381469727,25.5,25.600000381469727,13.579219818115234,2452825
2018-05-14,25.610000610351562,25.90999984741211,25.610000610351562,25.850000381469727,13.71182632446289,3395367
2018-05-15,25.850000381469727,25.850000381469727,25.68000030517578,25.780000686645508,13.674697875976562,1618979
2018-05-16,25.81999969482422,25.989999771118164,25.780000686645508,25.93000030517578,13.754262924194336,3072246
2018-05-17,25.93000030517578,26.200000762939453,25.93000030517578,26.059999465942383,13.823220252990723,7233863
2018-05-18,26.06999969482422,26.270000457763672,26.06999969482422,26.200000762939453,13.89748477935791,4836752
2018-05-21,26.209999084472656,26.420000076293945,26.209999084472656,26.350000381469727,13.977046012878418,3604210
2018-05-22,26.350000381469727,26.43000030517578,26.350000381469727,26.399999618530273,14.003568649291992,2749670
2018-05-23,26.399999618530273,26.469999313354492,26.309999465942383,26.399999618530273,14.003568649291992,2752729
2018-05-24,26.399999618530273,26.440000534057617,26.34000015258789,26.40999984741211,14.00887393951416,1265944
2018-05-25,26.40999984741211,26.420000076293945,26.31999969482422,26.329999923706055,13.966438293457031,810580
2018-05-28,26.31999969482422,26.389999389648438,26.309999465942383,26.389999389648438,13.99826431274414,3104110
2018-05-29,26.389999389648438,26.389999389648438,26.299999237060547,26.3700008392334,13.987656593322754,4092445
2018-05-30,26.299999237060547,26.299999237060547,26.010000228881836,26.010000228881836,13.796699523925781,5269881
2018-05-31,26.030000686645508,26.219999313354492,26.030000686645508,26.190000534057617,13.892179489135742,7842487
2018-06-01,26.190000534057617,26.450000762939453,26.190000534057617,26.399999618530273,14.003568649291992,2001589
2018-06-04,26.399999618530273,26.6200008392334,26.399999618530273,26.6200008392334,14.120267868041992,2910718
2018-06-05,26.6200008392334,26.690000534057617,26.59000015258789,26.610000610351562,14.114962577819824,2599836
2018-06-06,26.649999618530273,26.799999237060547,26.649999618530273,26.790000915527344,14.210439682006836,6532972
2018-06-07,26.809999465942383,26.899999618530273,26.729999542236328,26.790000915527344,14.210439682006836,5595072
2018-06-08,26.780000686645508,26.799999237060547,26.610000610351562,26.670000076293945,14.14678955078125,5597877
2018-06-11,26.65999984741211,26.760000228881836,26.6299991607666,26.690000534057617,14.157394409179688,4595813
2018-06-12,26.690000534057617,26.690000534057617,26.579999923706055,26.600000381469727,14.109660148620605,432479
2018-06-13,26.600000381469727,26.6200008392334,26.540000915527344,26.559999465942383,14.08843994140625,334762
2018-06-14,26.559999465942383,26.559999465942383,26.3799991607666,26.389999389648438,13.99826431274414,664339
2018-06-15,26.399999618530273,26.399999618530273,26.260000228881836,26.31999969482422,13.961134910583496,2449038
2018-06-19,26.299999237060547,26.299999237060547,25.959999084472656,26.200000762939453,13.89748477935791,4257913
2018-06-20,26.200000762939453,26.200000762939453,25.920000076293945,26.100000381469727,13.844438552856445,1630066
2018-06-21,26.079999923706055,26.139999389648438,26.079999923706055,26.1200008392334,13.855050086975098,475667
2018-06-22,26.079999923706055,26.079999923706055,25.84000015258789,26.0,13.79139518737793,4129090
2018-06-25,26.049999237060547,26.049999237060547,25.770000457763672,25.780000686645508,13.674697875976562,8676005
2018-06-26,25.790000915527344,25.790000915527344,25.5,25.649999618530273,13.605741500854492,9043590
2018-06-27,25.700000762939453,25.770000457763672,25.6299991607666,25.639999389648438,13.60043716430664,3080243
2018-06-28,25.6200008392334,25.6200008392334,25.360000610351562,25.399999618530273,13.47313117980957,7545492
2018-06-29,25.5,25.65999984741211,25.450000762939453,25.65999984741211,13.611050605773926,2278448
2018-07-02,25.75,25.780000686645508,25.610000610351562,25.610000610351562,13.584522247314453,1781677
2018-07-03,25.700000762939453,25.700000762939453,25.440000534057617,25.5,13.526176452636719,2836873
2018-07-04,25.5,25.56999969482422,25.440000534057617,25.530000686645508,13.542088508605957,1558391
2018-07-05,25.59000015258789,25.59000015258789,25.290000915527344,25.309999465942383,13.425390243530273,6416102
2018-07-06,25.469999313354492,25.510000228881836,25.110000610351562,25.299999237060547,13.420088768005371,6417211
2018-07-09,25.420000076293945,25.600000381469727,25.3700008392334,25.600000381469727,13.579219818115234,1740210
2018-07-10,25.65999984741211,25.690000534057617,25.600000381469727,25.6299991607666,13.595132827758789,929816
2018-07-11,25.59000015258789,25.59000015258789,25.43000030517578,25.510000228881836,13.531479835510254,1429416
2018-07-12,25.510000228881836,25.610000610351562,25.5,25.610000610351562,13.584522247314453,828950
2018-07-13,25.68000030517578,25.799999237060547,25.649999618530273,25.790000915527344,13.680000305175781,1457653
2018-07-16,25.799999237060547,25.93000030517578,25.799999237060547,25.93000030517578,13.754262924194336,2245510
2018-07-17,25.93000030517578,26.049999237060547,25.889999389648438,25.969999313354492,13.775483131408691,3514003
2018-07-18,26.010000228881836,26.25,26.010000228881836,26.209999084472656,13.902786254882812,5241566
2018-07-19,26.209999084472656,26.350000381469727,26.1299991607666,26.1299991607666,13.860352516174316,3176188
2018-07-20,26.149999618530273,26.270000457763672,26.1299991607666,26.139999389648438,13.865655899047852,2040101
2018-07-23,26.139999389648438,26.270000457763672,26.139999389648438,26.229999542236328,13.913396835327148,2504320
2018-07-24,26.25,26.43000030517578,26.229999542236328,26.420000076293945,14.014178276062012,5946642
2018-07-25,26.420000076293945,26.5,26.34000015258789,26.469999313354492,14.04069995880127,6137897
2018-07-26,26.5,26.600000381469727,26.5,26.59000015258789,14.104355812072754,5122200
2018-07-27,26.579999923706055,26.90999984741211,26.579999923706055,26.889999389648438,14.263484001159668,12809644
2018-07-30,26.799999237060547,27.079999923706055,26.799999237060547,27.040000915527344,14.343050956726074,7402139
2018-07-31,27.0,27.190000534057617,26.940000534057617,27.190000534057617,14.422616958618164,5573103
2018-08-01,27.200000762939453,27.290000915527344,27.200000762939453,27.280000686645508,14.470355033874512,2305742
2018-08-02,27.280000686645508,27.329999923706055,26.979999542236328,27.0,14.321830749511719,4623373
2018-08-03,27.020000457763672,27.190000534057617,27.020000457763672,27.18000030517578,14.417313575744629,3169619
2018-08-06,27.25,27.43000030517578,27.25,27.43000030517578,14.549921989440918,2667435
2018-08-07,27.440000534057617,27.489999771118164,27.399999618530273,27.450000762939453,14.560531616210938,1753247
2018-08-08,27.5,27.690000534057617,27.5,27.600000381469727,14.640096664428711,2178155
2018-08-09,27.600000381469727,27.600000381469727,27.440000534057617,27.5,14.587052345275879,1190572
2018-08-10,27.5,27.600000381469727,27.479999542236328,27.530000686645508,14.60296630859375,1051374
2018-08-13,27.489999771118164,27.489999771118164,27.049999237060547,27.18000030517578,14.417313575744629,1628637
2018-08-14,27.260000228881836,27.3799991607666,27.18000030517578,27.3799991607666,14.523401260375977,956951
2018-08-15,27.3799991607666,27.3799991607666,27.030000686645508,27.100000381469727,14.374876976013184,1521413
2018-08-16,26.989999771118164,27.100000381469727,26.760000228881836,27.09000015258789,14.369573593139648,2117852
2018-08-17,27.290000915527344,27.290000915527344,27.100000381469727,27.1200008392334,14.38548755645752,1261898
2018-08-20,27.1299991607666,27.219999313354492,27.1200008392334,27.190000534057617,14.422616958618164,1579175
2018-08-21,27.190000534057617,27.229999542236328,27.149999618530273,27.229999542236328,14.443832397460938,691970
2018-08-22,27.229999542236328,27.299999237060547,27.229999542236328,27.290000915527344,14.475658416748047,671974
2018-08-23,27.399999618530273,27.399999618530273,27.209999084472656,27.299999237060547,14.480963706970215,869785
2018-08-24,27.299999237060547,27.299999237060547,27.079999923706055,27.200000762939453,14.427923202514648,513630
2018-08-27,27.209999084472656,27.389999389648438,27.209999084472656,27.350000381469727,14.507488250732422,550541
2018-08-28,27.450000762939453,27.56999969482422,27.450000762939453,27.559999465942383,14.618878364562988,1613907
2018-08-29,27.59000015258789,27.639999389648438,27.540000915527344,27.610000610351562,14.645402908325195,2140786
2018-08-30,27.690000534057617,27.75,27.6200008392334,27.700000762939453,14.693140983581543,1271951
2018-08-31,27.600000381469727,27.780000686645508,27.579999923706055,27.780000686645508,14.735573768615723,1393026
2018-09-03,27.799999237060547,27.84000015258789,27.6200008392334,27.6299991607666,14.656010627746582,1244587
2018-09-04,27.649999618530273,27.700000762939453,27.6200008392334,27.6299991607666,14.656010627746582,775730
2018-09-05,27.6299991607666,27.6299991607666,27.530000686645508,27.530000686645508,14.60296630859375,1326010
2018-09-06,27.530000686645508,27.530000686645508,27.25,27.450000762939453,14.560531616210938,1895715
2018-09-07,27.450000762939453,27.450000762939453,27.100000381469727,27.190000534057617,14.422616958618164,7158013
2018-09-10,27.190000534057617,27.200000762939453,26.600000381469727,26.670000076293945,14.14678955078125,17358549
2018-09-11,26.68000030517578,26.799999237060547,26.549999237060547,26.780000686645508,14.205137252807617,4578941
2018-09-12,26.780000686645508,26.809999465942383,26.600000381469727,26.739999771118164,14.183919906616211,5357505
2018-09-13,26.8799991607666,26.969999313354492,26.790000915527344,26.920000076293945,14.279397964477539,2102477
2018-09-14,27.0,27.469999313354492,27.0,27.399999618530273,14.534008979797363,6427985
2018-09-17,27.43000030517578,27.549999237060547,27.290000915527344,27.459999084472656,14.565836906433105,5451108
2018-09-18,27.450000762939453,27.450000762939453,27.270000457763672,27.399999618530273,14.534008979797363,5538413
2018-09-19,27.399999618530273,27.450000762939453,27.3799991607666,27.40999984741211,14.539316177368164,1035740
2018-09-20,27.399999618530273,27.450000762939453,27.360000610351562,27.399999618530273,14.534008979797363,610388
2018-09-21,27.399999618530273,27.40999984741211,27.350000381469727,27.40999984741211,14.539316177368164,938904
2018-09-25,27.40999984741211,27.549999237060547,27.40999984741211,27.489999771118164,14.58174991607666,2217728
2018-09-26,27.5,27.5,27.350000381469727,27.399999618530273,14.534008979797363,912206
2018-09-27,27.360000610351562,27.399999618530273,27.299999237060547,27.329999923706055,14.496877670288086,819263
2018-09-28,27.309999465942383,27.350000381469727,27.239999771118164,27.280000686645508,14.470355033874512,1180645
2018-10-01,27.280000686645508,27.399999618530273,27.280000686645508,27.31999969482422,14.491572380065918,578153
2018-10-02,27.31999969482422,27.31999969482422,27.1299991607666,27.200000762939453,14.427923202514648,1966764
2018-10-03,27.200000762939453,27.219999313354492,26.850000381469727,26.969999313354492,14.305917739868164,8191935
2018-10-04,26.8799991607666,26.8799991607666,26.700000762939453,26.780000686645508,14.205137252807617,11309410
2018-10-05,26.690000534057617,26.690000534057617,26.09000015258789,26.43000030517578,14.01948356628418,22989298
2018-10-08,26.90999984741211,26.90999984741211,26.350000381469727,26.700000762939453,14.162702560424805,25402767
2018-10-09,26.670000076293945,26.670000076293945,26.190000534057617,26.34000015258789,13.971747398376465,23326328
2018-10-11,25.719999313354492,25.719999313354492,24.700000762939453,24.90999984741211,13.213216781616211,71440831
2018-10-12,24.8700008392334,25.260000228881836,24.520000457763672,25.260000228881836,13.398870468139648,24409535
2018-10-15,25.260000228881836,25.290000915527344,25.020000457763672,25.18000030517578,13.356435775756836,18219799
2018-10-16,25.270000457763672,25.440000534057617,25.219999313354492,25.389999389648438,13.467826843261719,9562914
2018-10-17,25.75,25.75,25.5,25.510000228881836,13.531479835510254,8595967
2018-10-18,25.549999237060547,25.600000381469727,25.3799991607666,25.540000915527344,13.547391891479492,6582029
2018-10-19,25.3799991607666,25.549999237060547,25.149999618530273,25.549999237060547,13.552696228027344,7193014
2018-10-22,25.579999923706055,25.81999969482422,25.479999542236328,25.809999465942383,13.6906099319458,11707245
2018-10-23,24.8799991607666,24.8799991607666,24.06999969482422,24.1299991607666,13.561349868774414,39950173
2018-10-24,24.149999618530273,24.229999542236328,23.93000030517578,24.1200008392334,13.555731773376465,12717580
2018-10-25,23.670000076293945,23.68000030517578,23.469999313354492,23.59000015258789,13.257861137390137,22645995
2018-10-26,23.780000686645508,23.8700008392334,23.239999771118164,23.43000030517578,13.167939186096191,14341793
2018-10-29,23.5,23.510000228881836,23.239999771118164,23.34000015258789,13.117359161376953,13253209
2018-10-30,23.350000381469727,23.43000030517578,23.25,23.420000076293945,13.162320137023926,5779507
2018-10-31,23.600000381469727,23.780000686645508,23.59000015258789,23.780000686645508,13.364646911621094,5559796
2018-11-01,23.860000610351562,24.139999389648438,23.799999237060547,24.079999923706055,13.533248901367188,5335249
2018-11-02,24.15999984741211,24.200000762939453,24.079999923706055,24.18000030517578,13.589449882507324,4244606
2018-11-05,24.15999984741211,24.18000030517578,24.049999237060547,24.18000030517578,13.589449882507324,3671918
2018-11-06,24.290000915527344,24.290000915527344,24.010000228881836,24.079999923706055,13.533248901367188,4242614
2018-11-07,24.149999618530273,24.209999084472656,24.100000381469727,24.209999084472656,13.606307029724121,2451090
2018-11-08,24.489999771118164,24.489999771118164,24.350000381469727,24.3700008392334,13.696232795715332,3271794
2018-11-09,24.3700008392334,24.3700008392334,24.1299991607666,24.209999084472656,13.606307029724121,3913628
2018-11-12,24.209999084472656,24.229999542236328,24.170000076293945,24.18000030517578,13.589449882507324,2846270
2018-11-13,23.729999542236328,24.1200008392334,23.6200008392334,24.1200008392334,13.555731773376465,6725087
2018-11-14,24.1200008392334,24.15999984741211,24.049999237060547,24.149999618530273,13.572591781616211,2539904
2018-11-15,24.15999984741211,24.219999313354492,24.040000915527344,24.219999313354492,13.611928939819336,2045279
2018-11-16,24.309999465942383,24.31999969482422,24.229999542236328,24.290000915527344,13.65127182006836,1388707
2018-11-19,24.31999969482422,24.399999618530273,24.299999237060547,24.399999618530273,13.713090896606445,2286180
2018-11-20,24.389999389648438,24.389999389648438,24.139999389648438,24.170000076293945,13.583831787109375,3380463
2018-11-21,24.059999465942383,24.149999618530273,23.899999618530273,24.139999389648438,13.56696891784668,3737716
2018-11-22,24.139999389648438,24.170000076293945,23.950000762939453,23.979999542236328,13.477046012878418,4268221
2018-11-23,24.020000457763672,24.020000457763672,23.850000381469727,23.940000534057617,13.454567909240723,4059298
2018-11-26,24.049999237060547,24.18000030517578,24.010000228881836,24.110000610351562,13.550110816955566,2188045
2018-11-27,24.149999618530273,24.149999618530273,23.969999313354492,24.100000381469727,13.544488906860352,1752728
2018-11-28,24.139999389648438,24.270000457763672,24.139999389648438,24.270000457763672,13.640030860900879,1963698
2018-11-29,24.389999389648438,24.530000686645508,24.360000610351562,24.3799991607666,13.701851844787598,3900316
2018-11-30,24.399999618530273,24.530000686645508,24.399999618530273,24.459999084472656,13.74681282043457,3665269
2018-12-03,24.649999618530273,24.889999389648438,24.649999618530273,24.889999389648438,13.988476753234863,9059674
2018-12-04,24.920000076293945,24.950000762939453,24.81999969482422,24.81999969482422,13.949134826660156,3965354
2018-12-05,24.6299991607666,24.6299991607666,24.5,24.600000381469727,13.825495719909668,3048099
2018-12-06,24.600000381469727,24.600000381469727,24.059999465942383,24.190000534057617,13.595069885253906,9412817
2018-12-07,24.209999084472656,24.280000686645508,24.200000762939453,24.280000686645508,13.645651817321777,2000596
2018-12-10,24.200000762939453,24.200000762939453,24.020000457763672,24.06999969482422,13.527626991271973,9138677
2018-12-11,24.149999618530273,24.18000030517578,24.09000015258789,24.18000030517578,13.589449882507324,1886083
2018-12-12,24.270000457763672,24.31999969482422,24.25,24.31999969482422,13.668131828308105,2113147
2018-12-13,24.3799991607666,24.389999389648438,24.350000381469727,24.389999389648438,13.707469940185547,1468236
2018-12-14,24.389999389648438,24.389999389648438,24.209999084472656,24.309999465942383,13.66251277923584,2615336
2018-12-17,24.309999465942383,24.3700008392334,24.229999542236328,24.309999465942383,13.66251277923584,2823425
2018-12-18,24.200000762939453,24.200000762939453,23.979999542236328,24.030000686645508,13.505146980285645,15808373
2018-12-19,24.100000381469727,24.15999984741211,24.100000381469727,24.139999389648438,13.56696891784668,958932
2018-12-20,24.1299991607666,24.15999984741211,24.079999923706055,24.1299991607666,13.561349868774414,1641015
2018-12-21,24.1299991607666,24.139999389648438,24.0,24.139999389648438,13.56696891784668,1959084
2018-12-24,24.200000762939453,24.209999084472656,24.09000015258789,24.18000030517578,13.589449882507324,1501284
2018-12-25,24.010000228881836,24.059999465942383,23.84000015258789,23.969999313354492,13.471426010131836,13908880
2018-12-26,24.09000015258789,24.09000015258789,23.670000076293945,23.719999313354492,13.330924034118652,12600245
2018-12-27,24.0,24.020000457763672,23.899999618530273,23.90999984741211,13.437705039978027,2986526
2018-12-28,23.93000030517578,23.959999084472656,23.889999389648438,23.940000534057617,13.454567909240723,2657586
2019-01-02,24.020000457763672,24.06999969482422,23.799999237060547,23.829999923706055,13.392744064331055,8878382
2019-01-03,23.8799991607666,23.8799991607666,23.559999465942383,23.59000015258789,13.257861137390137,17556279
2019-01-04,23.530000686645508,23.530000686645508,23.110000610351562,23.399999618530273,13.151078224182129,19970699
2019-01-07,23.670000076293945,23.729999542236328,23.610000610351562,23.729999542236328,13.33654499053955,4850550
2019-01-08,23.780000686645508,23.799999237060547,23.729999542236328,23.790000915527344,13.370266914367676,2393467
2019-01-09,23.809999465942383,24.100000381469727,23.809999465942383,24.049999237060547,13.516387939453125,5976945
2019-01-10,24.049999237060547,24.049999237060547,23.90999984741211,24.010000228881836,13.493906021118164,1887210
2019-01-11,24.06999969482422,24.149999618530273,24.030000686645508,24.040000915527344,13.510767936706543,3575051
2019-01-14,24.049999237060547,24.06999969482422,23.979999542236328,23.989999771118164,13.482667922973633,2027605
2019-01-15,24.040000915527344,24.18000030517578,24.010000228881836,24.1299991607666,13.561349868774414,3711005
2019-01-16,24.190000534057617,24.290000915527344,24.18000030517578,24.25,13.628792762756348,5031886
2019-01-17,24.290000915527344,24.350000381469727,24.209999084472656,24.260000228881836,13.63440990447998,3193527
2019-01-18,24.350000381469727,24.440000534057617,24.299999237060547,24.389999389648438,13.707469940185547,6492041
2019-01-21,24.450000762939453,24.6200008392334,24.450000762939453,24.510000228881836,13.774910926818848,4593711
2019-01-22,24.510000228881836,24.520000457763672,24.440000534057617,24.5,13.769291877746582,4682509
2019-01-23,24.43000030517578,24.440000534057617,24.360000610351562,24.440000534057617,13.735572814941406,2462516
2019-01-24,24.469999313354492,24.610000610351562,24.469999313354492,24.549999237060547,13.797393798828125,4432379
2019-01-25,24.6200008392334,24.920000076293945,24.6200008392334,24.899999618530273,13.994097709655762,14684688
2019-01-28,24.899999618530273,25.100000381469727,24.899999618530273,25.010000228881836,14.05592155456543,11250601
2019-01-29,25.0,25.0,24.81999969482422,24.889999389648438,13.988476753234863,4243450
2019-01-30,24.950000762939453,25.010000228881836,24.899999618530273,24.920000076293945,14.005337715148926,4009756
2019-02-11,25.079999923706055,25.100000381469727,24.920000076293945,24.989999771118164,14.04468059539795,5847912
2019-02-12,25.0,25.270000457763672,25.0,25.260000228881836,14.196423530578613,11402917
2019-02-13,25.299999237060547,25.420000076293945,25.280000686645508,25.420000076293945,14.286341667175293,8819200
2019-02-14,25.420000076293945,25.5,25.3700008392334,25.43000030517578,14.291964530944824,6341563
2019-02-15,25.43000030517578,25.600000381469727,25.350000381469727,25.389999389648438,14.269481658935547,9087607
2019-02-18,25.549999237060547,25.610000610351562,25.479999542236328,25.520000457763672,14.342546463012695,6189785
2019-02-19,25.579999923706055,25.579999923706055,25.5,25.520000457763672,14.342546463012695,3086651
2019-02-20,25.540000915527344,25.75,25.540000915527344,25.739999771118164,14.466188430786133,11329242
2019-02-21,25.75,25.8700008392334,25.75,25.84000015258789,14.522388458251953,9817133
2019-02-22,25.84000015258789,25.93000030517578,25.81999969482422,25.899999618530273,14.556110382080078,15306751
2019-02-25,25.93000030517578,26.139999389648438,25.93000030517578,26.1299991607666,14.685372352600098,15155233
2019-02-26,26.190000534057617,26.309999465942383,26.15999984741211,26.18000030517578,14.713473320007324,10165034
2019-02-27,26.149999618530273,26.149999618530273,25.920000076293945,25.959999084472656,14.589831352233887,7408088
2019-03-04,25.959999084472656,26.15999984741211,25.899999618530273,26.1200008392334,14.679752349853516,12355246
2019-03-05,26.09000015258789,26.09000015258789,25.979999542236328,26.0,14.612312316894531,5707672
2019-03-06,26.049999237060547,26.100000381469727,26.020000457763672,26.079999923706055,14.657272338867188,3385295
2019-03-07,26.079999923706055,26.110000610351562,25.969999313354492,25.979999542236328,14.601069450378418,3798278
2019-03-08,25.90999984741211,25.90999984741211,25.68000030517578,25.84000015258789,14.522388458251953,6057168
2019-03-11,25.84000015258789,25.899999618530273,25.780000686645508,25.889999389648438,14.550490379333496,3779390
2019-03-12,26.020000457763672,26.079999923706055,26.0,26.010000228881836,14.617931365966797,4462109
2019-03-13,26.010000228881836,26.020000457763672,25.950000762939453,25.979999542236328,14.601069450378418,2314614
2019-03-14,25.989999771118164,26.010000228881836,25.860000610351562,25.90999984741211,14.561729431152344,3651079
2019-03-15,25.90999984741211,25.989999771118164,25.899999618530273,25.90999984741211,14.561729431152344,3057756
2019-03-18,26.010000228881836,26.1299991607666,26.0,26.1299991607666,14.685372352600098,7184696
2019-03-19,26.1299991607666,26.280000686645508,26.1299991607666,26.219999313354492,14.735953330993652,13399629
2019-03-20,26.219999313354492,26.239999771118164,26.170000076293945,26.200000762939453,14.724716186523438,2304178
2019-03-21,26.260000228881836,26.3799991607666,26.260000228881836,26.3700008392334,14.820255279541016,11109353
2019-03-22,26.43000030517578,26.579999923706055,26.34000015258789,26.3700008392334,14.820255279541016,10262168
2019-03-25,26.239999771118164,26.239999771118164,26.049999237060547,26.100000381469727,14.668512344360352,5705875
2019-03-26,26.260000228881836,26.299999237060547,26.25,26.25,14.752813339233398,2228192
2019-03-27,26.260000228881836,26.299999237060547,26.25,26.280000686645508,14.769673347473145,1759849
2019-03-28,26.280000686645508,26.280000686645508,26.209999084472656,26.239999771118164,14.74719524383545,1827877
2019-03-29,26.299999237060547,26.40999984741211,26.270000457763672,26.399999618530273,14.837115287780762,4486777
2019-04-01,26.5,26.600000381469727,26.5,26.510000228881836,14.898938179016113,7255846
2019-04-02,26.520000457763672,26.639999389648438,26.520000457763672,26.579999923706055,14.938278198242188,2905223
2019-04-03,26.6200008392334,26.760000228881836,26.6200008392334,26.729999542236328,15.02258014678955,10981802
2019-04-08,26.8700008392334,26.989999771118164,26.8700008392334,26.93000030517578,15.13498306274414,7277247
2019-04-09,26.950000762939453,27.06999969482422,26.93000030517578,27.020000457763672,15.185564041137695,15167174
2019-04-10,27.0,27.0,26.90999984741211,26.969999313354492,15.157461166381836,6258431
2019-04-11,27.0,27.079999923706055,26.8700008392334,26.889999389648438,15.11250114440918,6076925
2019-04-12,26.889999389648438,26.899999618530273,26.709999084472656,26.760000228881836,15.039440155029297,4986704
2019-04-15,26.889999389648438,27.0,26.889999389648438,26.989999771118164,15.168700218200684,5300611
2019-04-16,27.020000457763672,27.260000228881836,27.0,27.25,15.314827919006348,15327886
2019-04-17,27.270000457763672,27.489999771118164,27.270000457763672,27.440000534057617,15.421608924865723,10329575
2019-04-18,27.440000534057617,27.56999969482422,27.1299991607666,27.139999389648438,15.253003120422363,8277713
2019-04-19,27.25,27.469999313354492,27.25,27.350000381469727,15.371026039123535,5366796
2019-04-22,27.389999389648438,27.530000686645508,27.3700008392334,27.40999984741211,15.404748916625977,5721886
2019-04-23,27.40999984741211,27.420000076293945,27.25,27.360000610351562,15.376649856567383,2609526
2019-04-24,27.440000534057617,27.56999969482422,27.440000534057617,27.56999969482422,15.494669914245605,7408137
2019-04-25,27.559999465942383,27.649999618530273,27.559999465942383,27.649999618530273,15.539630889892578,4508103
2019-04-26,27.600000381469727,27.600000381469727,27.450000762939453,27.520000457763672,15.466568946838379,3087043
2019-04-29,27.520000457763672,27.530000686645508,27.239999771118164,27.350000381469727,15.371026039123535,4207555
2019-04-30,27.350000381469727,27.350000381469727,27.200000762939453,27.350000381469727,15.371026039123535,4149917
2019-05-02,27.350000381469727,27.440000534057617,27.350000381469727,27.399999618530273,15.399127006530762,2134902
2019-05-03,27.450000762939453,27.559999465942383,27.399999618530273,27.559999465942383,15.48904800415039,3566841
2019-05-06,27.469999313354492,27.469999313354492,27.020000457763672,27.079999923706055,15.219284057617188,13121912
2019-05-07,27.079999923706055,27.280000686645508,27.079999923706055,27.260000228881836,15.320446968078613,2732665
2019-05-08,27.079999923706055,27.200000762939453,26.940000534057617,27.200000762939453,15.286725044250488,2800869
2019-05-09,27.15999984741211,27.15999984741211,26.649999618530273,26.739999771118164,15.02820110321045,18341778
2019-05-10,26.739999771118164,26.899999618530273,26.3799991607666,26.549999237060547,14.921416282653809,17233055
2019-05-13,26.530000686645508,26.530000686645508,26.059999465942383,26.09000015258789,14.662890434265137,25434915
2019-05-14,25.799999237060547,26.09000015258789,25.540000915527344,26.06999969482422,14.651652336120605,26229252
2019-05-15,26.170000076293945,26.260000228881836,26.06999969482422,26.18000030517578,14.713473320007324,11292203
2019-05-16,26.15999984741211,26.170000076293945,25.899999618530273,25.920000076293945,14.567351341247559,16804143
2019-05-17,26.020000457763672,26.09000015258789,25.65999984741211,25.700000762939453,14.443710327148438,25301199
2019-05-20,25.84000015258789,25.850000381469727,25.540000915527344,25.700000762939453,14.443710327148438,16697262
2019-05-21,25.700000762939453,25.780000686645508,25.549999237060547,25.760000228881836,14.47742748260498,17584158
2019-05-22,25.860000610351562,25.889999389648438,25.760000228881836,25.790000915527344,14.494284629821777,11103208
2019-05-23,25.670000076293945,25.670000076293945,25.399999618530273,25.440000534057617,14.297585487365723,32848022
2019-05-24,25.459999084472656,25.549999237060547,25.399999618530273,25.440000534057617,14.297585487365723,17692438
2019-05-27,25.56999969482422,25.56999969482422,25.329999923706055,25.450000762939453,14.303202629089355,17219171
2019-05-28,25.469999313354492,25.5,25.40999984741211,25.5,14.331306457519531,9533878
2019-05-29,25.389999389648438,25.40999984741211,25.219999313354492,25.389999389648438,14.269481658935547,13580824
2019-05-30,25.399999618530273,25.59000015258789,25.389999389648438,25.579999923706055,14.376264572143555,12611274
2019-05-31,25.579999923706055,25.940000534057617,25.559999465942383,25.940000534057617,14.578590393066406,9109759
2019-06-03,25.8700008392334,25.8700008392334,25.579999923706055,25.84000015258789,14.522388458251953,9134391
2019-06-04,25.84000015258789,25.920000076293945,25.75,25.760000228881836,14.47742748260498,6616095
2019-06-05,25.959999084472656,26.0,25.790000915527344,25.809999465942383,14.505529403686523,5121832
2019-06-06,25.809999465942383,25.81999969482422,25.639999389648438,25.690000534057617,14.438091278076172,11742018
2019-06-10,25.899999618530273,25.989999771118164,25.8700008392334,25.989999771118164,14.606691360473633,4686447
2019-06-11,26.079999923706055,26.079999923706055,25.979999542236328,26.040000915527344,14.63479232788086,7820106
2019-06-12,26.040000915527344,26.100000381469727,25.989999771118164,26.100000381469727,14.668512344360352,6103314
2019-06-13,26.100000381469727,26.100000381469727,25.940000534057617,26.010000228881836,14.617931365966797,7322160
2019-06-14,26.010000228881836,26.040000915527344,25.959999084472656,25.989999771118164,14.606691360473633,6286912
2019-06-17,26.0,26.100000381469727,25.950000762939453,26.049999237060547,14.640412330627441,5804324
2019-06-18,26.030000686645508,26.079999923706055,26.030000686645508,26.059999465942383,14.646031379699707,2009278
2019-06-19,26.25,26.479999542236328,26.239999771118164,26.469999313354492,14.876453399658203,11345281
2019-06-20,26.489999771118164,26.6200008392334,26.489999771118164,26.610000610351562,14.955137252807617,9308012
2019-06-21,26.649999618530273,26.719999313354492,26.510000228881836,26.520000457763672,14.904556274414062,7526928
2019-06-24,26.520000457763672,26.6299991607666,26.469999313354492,26.600000381469727,14.949519157409668,5113618
2019-06-25,26.600000381469727,26.6200008392334,26.459999084472656,26.469999313354492,14.876453399658203,4695867
2019-06-26,26.469999313354492,26.469999313354492,26.399999618530273,26.43000030517578,14.853974342346191,3398929
2019-06-27,26.459999084472656,26.670000076293945,26.459999084472656,26.610000610351562,14.955137252807617,5349817
2019-06-28,26.610000610351562,26.649999618530273,26.56999969482422,26.59000015258789,14.943899154663086,2815610
2019-07-01,26.899999618530273,26.959999084472656,26.8700008392334,26.950000762939453,15.146224975585938,10905721
2019-07-02,26.950000762939453,26.979999542236328,26.84000015258789,26.959999084472656,15.15184211730957,7149472
2019-07-03,26.959999084472656,26.959999084472656,26.770000457763672,26.780000686645508,15.050681114196777,4255938
2019-07-04,26.790000915527344,26.989999771118164,26.790000915527344,26.93000030517578,15.13498306274414,4262698
2019-07-05,26.93000030517578,27.059999465942383,26.93000030517578,26.989999771118164,15.168700218200684,6578217
2019-07-08,26.989999771118164,27.040000915527344,26.8799991607666,26.959999084472656,15.15184211730957,4585838
2019-07-09,26.959999084472656,26.969999313354492,26.850000381469727,26.8700008392334,15.101263046264648,3058655
2019-07-10,26.899999618530273,26.969999313354492,26.8799991607666,26.950000762939453,15.146224975585938,5629394
2019-07-11,27.0,27.18000030517578,27.0,27.110000610351562,15.236144065856934,18772716
2019-07-12,27.110000610351562,27.260000228881836,27.110000610351562,27.15999984741211,15.264245986938477,16441150
2019-07-15,27.18000030517578,27.229999542236328,27.020000457763672,27.209999084472656,15.29234790802002,11954208
2019-07-16,27.209999084472656,27.34000015258789,27.209999084472656,27.260000228881836,15.320446968078613,7512646
2019-07-17,27.25,27.25,27.079999923706055,27.139999389648438,15.253003120422363,5612262
2019-07-18,27.09000015258789,27.1299991607666,27.049999237060547,27.059999465942383,15.20804500579834,5846709
2019-07-19,27.1299991607666,27.170000076293945,27.030000686645508,27.059999465942383,15.20804500579834,5264174
2019-07-22,27.079999923706055,27.139999389648438,27.079999923706055,27.110000610351562,15.236144065856934,4942243
2019-07-23,27.15999984741211,27.280000686645508,27.15999984741211,27.239999771118164,15.309206008911133,9291709
2019-07-24,27.239999771118164,27.3700008392334,27.239999771118164,27.280000686645508,15.331686019897461,9977039
2019-07-25,27.299999237060547,27.469999313354492,27.270000457763672,27.469999313354492,15.43846607208252,12149479
2019-07-26,27.469999313354492,27.469999313354492,27.3799991607666,27.399999618530273,15.399127006530762,3924848
2019-07-29,27.399999618530273,27.43000030517578,27.309999465942383,27.3700008392334,15.382266998291016,2530966
2019-07-30,27.40999984741211,27.450000762939453,27.25,27.290000915527344,15.337305068969727,3917750
2019-07-31,27.290000915527344,27.299999237060547,27.1200008392334,27.200000762939453,15.286725044250488,3463983
2019-08-01,27.100000381469727,27.190000534057617,27.030000686645508,27.100000381469727,15.230525970458984,4145642
2019-08-02,27.0,27.0,26.780000686645508,26.850000381469727,15.090019226074219,19181638
2019-08-05,26.81999969482422,26.81999969482422,26.600000381469727,26.600000381469727,14.949519157409668,18986649
2019-08-06,26.3799991607666,26.549999237060547,25.940000534057617,26.520000457763672,14.904556274414062,21009136
2019-08-07,26.559999465942383,26.649999618530273,26.3700008392334,26.43000030517578,14.853974342346191,14483916
2019-08-08,26.450000762939453,26.610000610351562,26.450000762939453,26.559999465942383,14.927038192749023,7648272
2019-08-12,26.56999969482422,26.90999984741211,26.56999969482422,26.899999618530273,15.118121147155762,4756465
2019-08-13,26.850000381469727,26.850000381469727,26.639999389648438,26.760000228881836,15.039440155029297,4780028
2019-08-14,26.950000762939453,26.979999542236328,26.920000076293945,26.93000030517578,15.13498306274414,3727407
2019-08-15,26.639999389648438,26.850000381469727,26.530000686645508,26.81999969482422,15.073159217834473,6225616
2019-08-16,26.93000030517578,26.950000762939453,26.790000915527344,26.950000762939453,15.146224975585938,2997474
2019-08-19,26.979999542236328,27.09000015258789,26.979999542236328,27.030000686645508,15.191184997558594,4073881
2019-08-20,27.040000915527344,27.09000015258789,27.040000915527344,27.06999969482422,15.213664054870605,3875482
2019-08-21,27.06999969482422,27.110000610351562,27.040000915527344,27.049999237060547,15.202423095703125,2737321
2019-08-22,27.079999923706055,27.149999618530273,27.0,27.020000457763672,15.185564041137695,5386121
2019-08-23,27.030000686645508,27.079999923706055,27.0,27.020000457763672,15.185564041137695,2825715
2019-08-26,26.799999237060547,26.920000076293945,26.770000457763672,26.8799991607666,15.106881141662598,15764782
2019-08-27,26.899999618530273,27.0,26.899999618530273,26.959999084472656,15.15184211730957,2146074
2019-08-28,27.0,27.0,26.959999084472656,26.969999313354492,15.157461166381836,2056821
2019-08-29,26.979999542236328,27.0,26.959999084472656,27.0,15.174324989318848,1777397
2019-08-30,27.100000381469727,27.34000015258789,27.100000381469727,27.25,15.314827919006348,16157578
2019-09-02,27.299999237060547,27.459999084472656,27.299999237060547,27.440000534057617,15.421608924865723,12818715
2019-09-03,27.450000762939453,27.520000457763672,27.399999618530273,27.399999618530273,15.399127006530762,9302571
2019-09-04,27.399999618530273,27.549999237060547,27.399999618530273,27.540000915527344,15.477810859680176,13513503
2019-09-05,27.6299991607666,27.790000915527344,27.6299991607666,27.709999084472656,15.573351860046387,15912013
2019-09-06,27.799999237060547,27.950000762939453,27.760000228881836,27.829999923706055,15.640791893005371,15102467
2019-09-10,27.790000915527344,27.829999923706055,27.709999084472656,27.739999771118164,15.5902099609375,5715715
2019-09-11,27.790000915527344,27.920000076293945,27.790000915527344,27.809999465942383,15.62955379486084,8489636
2019-09-12,27.920000076293945,28.030000686645508,27.90999984741211,27.920000076293945,15.69137191772461,13047504
2019-09-16,27.959999084472656,27.979999542236328,27.920000076293945,27.940000534057617,15.70261287689209,6197909
2019-09-17,27.940000534057617,28.049999237060547,27.940000534057617,28.0,15.736334800720215,10509998
2019-09-18,28.0,28.079999923706055,28.0,28.049999237060547,15.764433860778809,5340038
2019-09-19,28.059999465942383,28.09000015258789,27.950000762939453,27.969999313354492,15.719474792480469,4606448
2019-09-20,27.969999313354492,28.0,27.969999313354492,27.979999542236328,15.725093841552734,2774640
2019-09-23,27.979999542236328,28.149999618530273,27.950000762939453,28.1200008392334,15.803779602050781,14346926
2019-09-24,28.1200008392334,28.3700008392334,28.110000610351562,28.329999923706055,15.921801567077637,8887369
2019-09-25,28.329999923706055,28.329999923706055,28.18000030517578,28.200000762939453,15.848737716674805,3828087
2019-09-26,28.34000015258789,28.34000015258789,28.110000610351562,28.149999618530273,15.820639610290527,3829788
2019-09-27,28.149999618530273,28.170000076293945,27.850000381469727,27.8799991607666,15.66889476776123,7746527
2019-10-01,27.93000030517578,28.229999542236328,27.93000030517578,28.18000030517578,15.837499618530273,5360488
2019-10-02,28.139999389648438,28.18000030517578,28.100000381469727,28.170000076293945,15.831879615783691,2154857
2019-10-03,28.0,28.1200008392334,27.950000762939453,28.1200008392334,15.803779602050781,4313025
2019-10-04,28.149999618530273,28.200000762939453,28.079999923706055,28.139999389648438,15.815019607543945,2560924
2019-10-07,28.600000381469727,28.600000381469727,28.389999389648438,28.420000076293945,15.972380638122559,41287703
2019-10-08,28.5,28.56999969482422,28.420000076293945,28.440000534057617,15.98361873626709,17646104
2019-10-09,28.420000076293945,28.420000076293945,28.25,28.280000686645508,15.893698692321777,21754179
2019-10-14,28.56999969482422,28.579999923706055,28.5,28.520000457763672,16.028583526611328,12704020
2019-10-15,28.530000686645508,28.559999465942383,28.420000076293945,28.450000762939453,15.989242553710938,11882620
2019-10-16,28.56999969482422,28.56999969482422,28.450000762939453,28.510000228881836,16.022964477539062,9730683
2019-10-17,28.520000457763672,28.700000762939453,28.510000228881836,28.700000762939453,16.12974739074707,11644864
2019-10-18,28.760000228881836,28.920000076293945,28.760000228881836,28.81999969482422,16.197181701660156,14882765
2019-10-21,28.899999618530273,28.979999542236328,28.889999389648438,28.950000762939453,16.270248413085938,34164302
2019-10-22,29.0,29.059999465942383,28.969999313354492,29.030000686645508,16.315210342407227,33730255
2019-10-23,27.459999084472656,27.6200008392334,27.25,27.540000915527344,16.50094985961914,98226814
2019-10-24,27.690000534057617,27.690000534057617,27.579999923706055,27.649999618530273,16.566856384277344,28335344
2019-10-25,27.799999237060547,27.850000381469727,27.600000381469727,27.600000381469727,16.53689956665039,23111873
2019-10-28,27.84000015258789,27.84000015258789,27.610000610351562,27.700000762939453,16.59681510925293,14846481
2019-10-29,27.770000457763672,27.809999465942383,27.510000228881836,27.6200008392334,16.54888153076172,23529598
2019-10-30,27.670000076293945,27.670000076293945,27.600000381469727,27.649999618530273,16.566856384277344,10482971
2019-10-31,27.65999984741211,27.700000762939453,27.56999969482422,27.579999923706055,16.52491569519043,16712712
2019-11-01,27.579999923706055,27.6299991607666,27.489999771118164,27.6299991607666,16.55487060546875,11177733
2019-11-04,27.649999618530273,27.84000015258789,27.649999618530273,27.84000015258789,16.68069839477539,13142719
2019-11-05,28.0,28.049999237060547,27.940000534057617,28.030000686645508,16.794540405273438,13469440
2019-11-06,28.170000076293945,28.170000076293945,27.780000686645508,27.93000030517578,16.734622955322266,19221502
2019-11-07,27.93000030517578,27.93000030517578,27.700000762939453,27.799999237060547,16.65673065185547,12699573
2019-11-08,27.829999923706055,27.950000762939453,27.790000915527344,27.8799991607666,16.70466423034668,6708118
2019-11-11,27.8799991607666,27.8799991607666,27.469999313354492,27.5,16.47698402404785,42792590
2019-11-12,27.559999465942383,27.739999771118164,27.559999465942383,27.739999771118164,16.620777130126953,5867933
2019-11-13,27.739999771118164,27.799999237060547,27.700000762939453,27.790000915527344,16.650741577148438,4770035
2019-11-14,27.799999237060547,27.829999923706055,27.799999237060547,27.829999923706055,16.67470359802246,3970329
2019-11-15,27.940000534057617,27.950000762939453,27.81999969482422,27.8799991607666,16.70466423034668,6901520
2019-11-18,27.989999771118164,28.06999969482422,27.940000534057617,28.049999237060547,16.806520462036133,10450081
2019-11-19,28.059999465942383,28.139999389648438,28.030000686645508,28.139999389648438,16.860445022583008,7508205
2019-11-20,28.149999618530273,28.149999618530273,28.06999969482422,28.09000015258789,16.83049201965332,6689728
2019-11-21,28.030000686645508,28.030000686645508,27.829999923706055,28.0,16.776559829711914,11566076
2019-11-22,28.0,28.030000686645508,27.979999542236328,28.010000228881836,16.78255844116211,4531766
2019-11-25,28.040000915527344,28.059999465942383,27.979999542236328,27.989999771118164,16.77056884765625,6319501
2019-11-26,28.139999389648438,28.139999389648438,28.020000457763672,28.059999465942383,16.812511444091797,4798907
2019-11-27,28.059999465942383,28.06999969482422,28.0,28.040000915527344,16.800533294677734,3859055
2019-11-28,28.040000915527344,28.049999237060547,28.0,28.030000686645508,16.794540405273438,3337478
2019-11-29,28.030000686645508,28.030000686645508,27.739999771118164,27.75,16.62677001953125,23823262
2019-12-02,27.760000228881836,27.780000686645508,27.510000228881836,27.649999618530273,16.566856384277344,19022342
2019-12-03,27.649999618530273,27.969999313354492,27.579999923706055,27.920000076293945,16.728628158569336,7186008
2019-12-04,27.889999389648438,27.889999389648438,27.799999237060547,27.8799991607666,16.70466423034668,5055460
2019-12-05,27.979999542236328,28.06999969482422,27.950000762939453,28.030000686645508,16.794540405273438,11396638
2019-12-06,28.1200008392334,28.200000762939453,28.09000015258789,28.1299991607666,16.854455947875977,11833145
2019-12-09,28.170000076293945,28.270000457763672,28.170000076293945,28.209999084472656,16.902385711669922,6421844
2019-12-10,28.209999084472656,28.219999313354492,28.1200008392334,28.139999389648438,16.860445022583008,3594897
2019-12-11,28.149999618530273,28.209999084472656,28.149999618530273,28.209999084472656,16.902385711669922,5952469
2019-12-12,28.25,28.34000015258789,28.25,28.309999465942383,16.96230125427246,9555665
2019-12-13,28.399999618530273,28.5,28.299999237060547,28.3700008392334,16.998252868652344,10070440
2019-12-16,28.5,28.600000381469727,28.450000762939453,28.56999969482422,17.118083953857422,49580
2019-12-17,28.59000015258789,28.709999084472656,28.59000015258789,28.709999084472656,17.201969146728516,9472839
2019-12-18,28.729999542236328,28.81999969482422,28.690000534057617,28.770000457763672,17.237918853759766,8885507
2019-12-19,28.770000457763672,28.860000610351562,28.639999389648438,28.690000534057617,17.189987182617188,7987291
2019-12-20,28.729999542236328,28.899999618530273,28.65999984741211,28.799999237060547,17.255889892578125,7772041
2019-12-23,28.799999237060547,28.799999237060547,28.65999984741211,28.719999313354492,17.207958221435547,5086792
2019-12-24,28.719999313354492,28.790000915527344,28.700000762939453,28.739999771118164,17.219942092895508,3111481
2019-12-25,28.75,28.920000076293945,28.75,28.829999923706055,17.273866653442383,6322447
2019-12-26,28.920000076293945,28.920000076293945,28.799999237060547,28.860000610351562,17.291839599609375,5004440
2019-12-27,28.8700008392334,28.920000076293945,28.8700008392334,28.899999618530273,17.315807342529297,4884324
2019-12-30,28.899999618530273,29.049999237060547,28.899999618530273,29.0,17.3757266998291,17029814
2019-12-31,29.0,29.059999465942383,28.899999618530273,28.969999313354492,17.357749938964844,10185548
2020-01-02,29.0,29.1200008392334,28.989999771118164,29.09000015258789,17.42964744567871,12542463
2020-01-03,29.149999618530273,29.43000030517578,29.040000915527344,29.18000030517578,17.483572006225586,15397477
2020-01-06,29.18000030517578,29.18000030517578,28.950000762939453,28.959999084472656,17.35175895690918,12664714
2020-01-07,28.950000762939453,28.959999084472656,28.479999542236328,28.690000534057617,17.189987182617188,28160121
2020-01-08,28.559999465942383,28.690000534057617,28.299999237060547,28.5,17.076143264770508,18148599
2020-01-09,28.559999465942383,28.780000686645508,28.559999465942383,28.700000762939453,17.195980072021484,11167458
2020-01-10,28.829999923706055,28.850000381469727,28.649999618530273,28.690000534057617,17.189987182617188,9414322
2020-01-13,28.729999542236328,28.850000381469727,28.700000762939453,28.84000015258789,17.279857635498047,9109161
2020-01-14,28.90999984741211,29.020000457763672,28.90999984741211,29.020000457763672,17.387710571289062,8836874
2020-01-15,29.030000686645508,29.09000015258789,29.0,29.010000228881836,17.3817195892334,9081284
2020-01-16,29.110000610351562,29.1200008392334,28.950000762939453,29.100000381469727,17.43564224243164,11087219
2020-01-17,29.1299991607666,29.190000534057617,29.09000015258789,29.15999984741211,17.471590042114258,11756156
2020-01-20,29.170000076293945,29.219999313354492,29.15999984741211,29.190000534057617,17.48956871032715,8166082
2020-01-30,28.5,28.5,27.5,27.700000762939453,16.59681510925293,124629153
2020-01-31,27.709999084472656,28.0,27.610000610351562,27.920000076293945,16.728628158569336,43237283
2020-02-03,27.420000076293945,27.75,26.850000381469727,27.739999771118164,16.620777130126953,45081773
2020-02-04,28.5,28.5,28.1200008392334,28.1200008392334,16.84846305847168,15739871
2020-02-05,28.239999771118164,28.25,28.0,28.079999923706055,16.824495315551758,13922740
2020-02-06,28.350000381469727,28.440000534057617,28.18000030517578,28.440000534057617,17.040193557739258,15996571
2020-02-07,28.3799991607666,28.3799991607666,28.200000762939453,28.229999542236328,16.914369583129883,12253406
2020-02-10,28.0,28.229999542236328,27.799999237060547,28.139999389648438,16.860445022583008,18717739
2020-02-11,28.200000762939453,28.34000015258789,28.200000762939453,28.34000015258789,16.98027992248535,7079932
2020-02-12,28.360000610351562,28.56999969482422,28.360000610351562,28.559999465942383,17.112091064453125,12239828
2020-02-13,28.600000381469727,28.790000915527344,28.600000381469727,28.639999389648438,17.16002655029297,14950526
2020-02-14,28.639999389648438,28.81999969482422,28.6299991607666,28.790000915527344,17.249902725219727,9659751
2020-02-17,28.780000686645508,28.8700008392334,28.600000381469727,28.799999237060547,17.255889892578125,14439906
2020-02-18,28.770000457763672,28.920000076293945,28.739999771118164,28.799999237060547,17.255889892578125,12272396
2020-02-19,28.799999237060547,28.989999771118164,28.780000686645508,28.959999084472656,17.35175895690918,11357954
2020-02-20,29.0,29.059999465942383,28.8700008392334,28.93000030517578,17.333784103393555,8809420
2020-02-21,28.90999984741211,28.989999771118164,28.850000381469727,28.899999618530273,17.315807342529297,5864280
2020-02-24,28.770000457763672,28.770000457763672,28.59000015258789,28.700000762939453,17.195980072021484,14095127
2020-02-25,28.450000762939453,28.700000762939453,28.360000610351562,28.670000076293945,17.178001403808594,11318028
2020-02-26,28.5,28.549999237060547,28.299999237060547,28.299999237060547,16.956310272216797,34883285
2020-02-27,28.299999237060547,28.389999389648438,27.829999923706055,27.899999618530273,16.71664810180664,56537310
2020-03-02,27.700000762939453,27.899999618530273,27.200000762939453,27.75,16.62677001953125,48021434
2020-03-03,28.149999618530273,28.200000762939453,27.920000076293945,27.93000030517578,16.734622955322266,26979859
2020-03-04,27.93000030517578,27.93000030517578,27.709999084472656,27.860000610351562,16.69268035888672,21853847
2020-03-05,28.010000228881836,28.100000381469727,28.0,28.100000381469727,16.836483001708984,13650787
2020-03-06,28.010000228881836,28.010000228881836,27.75,27.8799991607666,16.70466423034668,27963318
2020-03-09,27.489999771118164,27.520000457763672,27.170000076293945,27.25,16.327192306518555,96841145
2020-03-10,26.799999237060547,27.260000228881836,26.760000228881836,27.25,16.327192306518555,70307269
2020-03-11,27.34000015258789,27.389999389648438,26.93000030517578,26.969999313354492,16.159423828125,38279695
2020-03-12,26.729999542236328,26.729999542236328,25.709999084472656,25.93000030517578,15.536293983459473,155640188
2020-03-13,24.350000381469727,25.31999969482422,24.020000457763672,25.290000915527344,15.152832984924316,157473670
2020-03-16,25.100000381469727,25.239999771118164,24.399999618530273,24.40999984741211,14.625569343566895,92824206
2020-03-17,23.56999969482422,24.290000915527344,23.43000030517578,23.670000076293945,14.1821870803833,103620788
2020-03-18,23.700000762939453,23.81999969482422,23.260000228881836,23.290000915527344,13.954505920410156,80530934
2020-03-19,22.8799991607666,22.8799991607666,21.450000762939453,21.850000381469727,13.091710090637207,137455783
2020-03-20,22.25,23.549999237060547,22.209999084472656,23.280000686645508,13.948514938354492,88557505
2020-03-23,22.690000534057617,22.799999237060547,22.200000762939453,22.489999771118164,13.475174903869629,53865745
2020-03-24,23.100000381469727,23.5,23.100000381469727,23.3799991607666,14.008430480957031,36966718
2020-03-25,24.110000610351562,24.350000381469727,24.010000228881836,24.09000015258789,14.433835983276367,57250013
2020-03-26,24.34000015258789,24.34000015258789,23.809999465942383,24.260000228881836,14.535691261291504,33802267
2020-03-27,24.729999542236328,24.860000610351562,24.309999465942383,24.350000381469727,14.589620590209961,46776958
2020-03-30,23.969999313354492,24.31999969482422,23.799999237060547,24.31999969482422,14.57164192199707,23158202
2020-03-31,24.59000015258789,24.649999618530273,24.3799991607666,24.489999771118164,14.673501968383789,20296378
2020-04-01,24.489999771118164,24.579999923706055,24.40999984741211,24.520000457763672,14.691474914550781,17899482
2020-04-06,24.899999618530273,24.920000076293945,24.5,24.84000015258789,14.883207321166992,23678372
2020-04-07,25.1200008392334,25.290000915527344,25.1200008392334,25.219999313354492,15.110891342163086,31620054
2020-04-08,25.219999313354492,25.780000686645508,25.1299991607666,25.770000457763672,15.440427780151367,41028247
2020-04-09,25.850000381469727,26.0,25.56999969482422,25.649999618530273,15.368528366088867,33849421
2020-04-10,25.649999618530273,25.75,25.600000381469727,25.729999542236328,15.416459083557129,12990586
2020-04-13,25.729999542236328,25.770000457763672,25.510000228881836,25.68000030517578,15.386506080627441,16402804
2020-04-14,25.700000762939453,26.049999237060547,25.700000762939453,26.049999237060547,15.608192443847656,22847925
2020-04-15,26.200000762939453,26.479999542236328,26.190000534057617,26.469999313354492,15.859840393066406,38186993
2020-04-16,26.399999618530273,26.479999542236328,26.149999618530273,26.440000534057617,15.84186840057373,20328897
2020-04-17,26.799999237060547,27.0,26.440000534057617,26.5,15.877819061279297,39596947
2020-04-20,26.5,26.610000610351562,26.3799991607666,26.600000381469727,15.937734603881836,17055801
2020-04-21,26.450000762939453,26.59000015258789,26.059999465942383,26.100000381469727,15.638154983520508,34554572
2020-04-22,25.899999618530273,26.239999771118164,25.600000381469727,26.229999542236328,15.716041564941406,20875507
2020-04-23,26.309999465942383,26.520000457763672,26.25,26.34000015258789,15.781953811645508,15977250
2020-04-24,26.34000015258789,26.389999389648438,26.25,26.329999923706055,15.775959968566895,6231428
2020-04-27,26.68000030517578,26.809999465942383,26.5,26.790000915527344,16.051576614379883,25093073
2020-04-28,26.899999618530273,26.989999771118164,26.75,26.90999984741211,16.12347412109375,17832362
2020-04-29,26.959999084472656,27.110000610351562,26.959999084472656,27.06999969482422,16.219341278076172,24473149
2020-04-30,27.200000762939453,27.489999771118164,27.200000762939453,27.459999084472656,16.453012466430664,35888109
2020-05-04,26.90999984741211,27.149999618530273,26.700000762939453,27.09000015258789,16.231321334838867,26549120
2020-05-05,27.200000762939453,27.489999771118164,27.1200008392334,27.329999923706055,16.375125885009766,16350420
2020-05-06,27.469999313354492,27.469999313354492,27.170000076293945,27.31999969482422,16.369131088256836,13113401
2020-05-07,27.309999465942383,27.520000457763672,27.270000457763672,27.399999618530273,16.417064666748047,17122291
2020-05-08,27.600000381469727,27.65999984741211,27.479999542236328,27.5,16.47698402404785,15466458
2020-05-11,27.639999389648438,27.719999313354492,27.600000381469727,27.65999984741211,16.572847366333008,13102769
2020-05-12,27.600000381469727,27.639999389648438,27.520000457763672,27.549999237060547,16.506940841674805,10854060
2020-05-13,27.5,27.770000457763672,27.469999313354492,27.75,16.62677001953125,16134554
2020-05-14,27.649999618530273,27.690000534057617,27.450000762939453,27.479999542236328,16.46500015258789,14959727
2020-05-15,27.600000381469727,27.690000534057617,27.229999542236328,27.43000030517578,16.435041427612305,13064863
2020-05-18,27.540000915527344,27.540000915527344,27.15999984741211,27.25,16.327192306518555,17472865
2020-05-19,27.5,27.549999237060547,27.3700008392334,27.43000030517578,16.435041427612305,11247174
2020-05-20,27.43000030517578,27.540000915527344,27.420000076293945,27.479999542236328,16.46500015258789,11379613
2020-05-21,27.559999465942383,27.739999771118164,27.559999465942383,27.6299991607666,16.55487060546875,21366548
2020-05-22,27.6299991607666,27.6299991607666,27.450000762939453,27.450000762939453,16.447023391723633,17176132
2020-05-25,27.450000762939453,27.530000686645508,27.149999618530273,27.5,16.47698402404785,14008489
2020-05-26,27.75,27.850000381469727,27.649999618530273,27.81999969482422,16.66871452331543,29948312
2020-05-27,27.860000610351562,27.940000534057617,27.809999465942383,27.850000381469727,16.686691284179688,11105295
2020-05-28,27.989999771118164,28.059999465942383,27.790000915527344,27.899999618530273,16.71664810180664,17214042
2020-05-29,27.799999237060547,27.899999618530273,27.690000534057617,27.860000610351562,16.69268035888672,9501469
2020-06-01,27.8700008392334,28.049999237060547,27.8700008392334,28.049999237060547,16.806520462036133,20312631
2020-06-02,28.1299991607666,28.25,28.1299991607666,28.170000076293945,16.878421783447266,12177392
2020-06-03,28.299999237060547,28.510000228881836,28.299999237060547,28.479999542236328,17.06416130065918,35129801
2020-06-04,28.670000076293945,28.75,28.549999237060547,28.670000076293945,17.178001403808594,22446841
2020-06-05,28.75,28.829999923706055,28.709999084472656,28.799999237060547,17.255889892578125,25602799
2020-06-08,28.8799991607666,28.950000762939453,28.84000015258789,28.8799991607666,17.30382537841797,21691353
2020-06-09,28.899999618530273,28.899999618530273,28.760000228881836,28.84000015258789,17.279857635498047,14746772
2020-06-10,28.81999969482422,28.920000076293945,28.709999084472656,28.860000610351562,17.291839599609375,14838503
2020-06-11,28.8700008392334,28.940000534057617,28.399999618530273,28.43000030517578,17.034204483032227,24213694
2020-06-12,27.950000762939453,28.290000915527344,27.729999542236328,28.290000915527344,16.950321197509766,31763940
2020-06-15,28.299999237060547,28.489999771118164,28.110000610351562,28.1299991607666,16.854455947875977,21979239
2020-06-16,28.350000381469727,28.600000381469727,28.31999969482422,28.450000762939453,17.046188354492188,21509885
2020-06-17,28.559999465942383,28.56999969482422,28.350000381469727,28.459999084472656,17.05217933654785,17282815
2020-06-18,28.479999542236328,28.579999923706055,28.399999618530273,28.549999237060547,17.10610008239746,20154608
2020-06-19,28.6200008392334,28.719999313354492,28.549999237060547,28.559999465942383,17.112091064453125,20043397
2020-06-22,28.559999465942383,28.56999969482422,28.450000762939453,28.479999542236328,17.06416130065918,11469267
2020-06-23,28.510000228881836,28.600000381469727,28.450000762939453,28.540000915527344,17.10011100769043,8516307
2020-06-24,28.600000381469727,28.600000381469727,28.530000686645508,28.540000915527344,17.10011100769043,9145329
2020-06-29,28.5,28.520000457763672,28.389999389648438,28.510000228881836,17.082138061523438,12288886
2020-06-30,28.520000457763672,28.579999923706055,28.520000457763672,28.559999465942383,17.112091064453125,6842112
2020-07-01,28.579999923706055,28.899999618530273,28.579999923706055,28.790000915527344,17.249902725219727,24801002
2020-07-02,28.81999969482422,29.100000381469727,28.81999969482422,29.09000015258789,17.42964744567871,28779385
2020-07-03,29.260000228881836,29.399999618530273,29.260000228881836,29.329999923706055,17.57345199584961,27369274
2020-07-06,29.469999313354492,29.829999923706055,29.469999313354492,29.829999923706055,17.873029708862305,40108006
2020-07-07,29.899999618530273,30.020000457763672,29.399999618530273,29.43000030517578,17.63336181640625,29450474
2020-07-08,29.459999084472656,29.790000915527344,29.459999084472656,29.719999313354492,17.80712127685547,33803590
2020-07-09,29.81999969482422,29.959999084472656,29.739999771118164,29.739999771118164,17.81910514831543,19108602
2020-07-10,29.75,29.84000015258789,29.399999618530273,29.520000457763672,17.68729019165039,20578158
2020-07-13,29.540000915527344,29.700000762939453,29.540000915527344,29.649999618530273,17.765182495117188,11432964
2020-07-14,29.639999389648438,29.719999313354492,29.579999923706055,29.579999923706055,17.723241806030273,8895265
2020-07-15,29.75,29.899999618530273,29.530000686645508,29.530000686645508,17.69328498840332,12411430
2020-07-16,29.65999984741211,29.790000915527344,29.59000015258789,29.6299991607666,17.753196716308594,10555747
2020-07-17,29.719999313354492,29.770000457763672,29.59000015258789,29.59000015258789,17.72923469543457,10808962
2020-07-20,29.56999969482422,29.610000610351562,29.360000610351562,29.549999237060547,17.705265045166016,18207052
2020-07-21,29.68000030517578,29.889999389648438,29.68000030517578,29.84000015258789,17.879024505615234,24848154
2020-07-22,29.829999923706055,30.0,29.829999923706055,29.969999313354492,17.9569149017334,29209047
2020-07-23,29.950000762939453,30.190000534057617,29.920000076293945,30.170000076293945,18.076745986938477,38609649
2020-07-24,30.1299991607666,30.25,29.799999237060547,29.850000381469727,17.8850154876709,14920664
2020-07-27,29.899999618530273,30.0,29.790000915527344,29.84000015258789,17.879024505615234,11376560
2020-07-28,29.860000610351562,29.920000076293945,29.450000762939453,29.459999084472656,17.651336669921875,13765945
2020-07-29,29.459999084472656,29.799999237060547,29.459999084472656,29.6200008392334,17.747209548950195,8609260
2020-07-30,29.780000686645508,30.0,29.719999313354492,29.989999771118164,17.96889877319336,10907454
2020-07-31,30.020000457763672,30.25,30.0,30.239999771118164,18.118688583374023,22951359
2020-08-03,30.239999771118164,30.239999771118164,30.0,30.010000228881836,17.980884552001953,7603998
2020-08-04,30.010000228881836,30.219999313354492,30.010000228881836,30.170000076293945,18.076745986938477,7233411
2020-08-05,30.389999389648438,30.6299991607666,30.389999389648438,30.6200008392334,18.34636878967285,18210722
2020-08-06,30.75,30.889999389648438,30.6299991607666,30.700000762939453,18.394302368164062,9289461
2020-08-07,30.709999084472656,30.75,30.639999389648438,30.649999618530273,18.364343643188477,6495515
2020-08-10,30.75,30.75,30.540000915527344,30.600000381469727,18.334386825561523,8358933
2020-08-11,30.549999237060547,30.59000015258789,30.329999923706055,30.350000381469727,18.18459701538086,9909105
2020-08-12,30.350000381469727,30.350000381469727,30.100000381469727,30.219999313354492,18.106704711914062,9668429
2020-08-13,30.329999923706055,30.43000030517578,30.299999237060547,30.31999969482422,18.1666202545166,4156018
2020-08-14,30.329999923706055,30.649999618530273,30.299999237060547,30.6299991607666,18.352359771728516,9267599
2020-08-17,30.75,30.959999084472656,30.700000762939453,30.959999084472656,18.550086975097656,14768755
2020-08-18,30.959999084472656,30.989999771118164,30.790000915527344,30.899999618530273,18.51413345336914,6211119
2020-08-19,30.899999618530273,31.110000610351562,30.729999542236328,30.770000457763672,18.436243057250977,7058372
2020-08-20,30.709999084472656,30.709999084472656,29.299999237060547,29.790000915527344,17.84906578063965,58616370
2020-08-21,29.989999771118164,30.139999389648438,29.920000076293945,30.110000610351562,18.040796279907227,20862404
2020-08-24,30.149999618530273,30.229999542236328,30.0,30.139999389648438,18.05877113342285,15430477
2020-08-25,30.280000686645508,30.540000915527344,30.25,30.440000534057617,18.238523483276367,20537509
2020-08-26,30.440000534057617,30.450000762939453,30.25,30.43000030517578,18.232528686523438,14741136
2020-08-27,30.459999084472656,30.489999771118164,30.299999237060547,30.329999923706055,18.1726131439209,6585320
2020-08-28,30.299999237060547,30.299999237060547,30.149999618530273,30.239999771118164,18.118688583374023,5794762
2020-08-31,30.329999923706055,30.389999389648438,30.149999618530273,30.15999984741211,18.070755004882812,7103937
2020-09-01,30.15999984741211,30.18000030517578,29.93000030517578,30.059999465942383,18.010841369628906,7214124
2020-09-02,30.149999618530273,30.25,30.059999465942383,30.139999389648438,18.05877113342285,4185526
2020-09-03,30.200000762939453,30.3700008392334,30.170000076293945,30.25,18.124675750732422,13060579
2020-09-04,29.899999618530273,30.09000015258789,29.799999237060547,30.09000015258789,18.02881622314453,14756702
2020-09-07,30.09000015258789,30.149999618530273,29.940000534057617,29.959999084472656,17.950923919677734,13876295
2020-09-08,30.0,30.049999237060547,29.84000015258789,29.969999313354492,17.9569149017334,17247949
2020-09-09,29.75,29.8799991607666,29.549999237060547,29.850000381469727,17.8850154876709,20227863
2020-09-10,29.899999618530273,29.90999984741211,29.84000015258789,29.850000381469727,17.8850154876709,7957383
2020-09-11,29.799999237060547,29.84000015258789,29.739999771118164,29.75,17.825098037719727,7585380
2020-09-14,29.75,30.0,29.75,29.979999542236328,17.962909698486328,11904487
2020-09-15,30.020000457763672,30.18000030517578,30.0,30.100000381469727,18.034807205200195,12414974
2020-09-16,30.170000076293945,30.280000686645508,30.15999984741211,30.25,18.124675750732422,13149207
2020-09-17,30.25,30.270000457763672,30.09000015258789,30.229999542236328,18.11269760131836,10053909
2020-09-18,30.229999542236328,30.229999542236328,30.09000015258789,30.200000762939453,18.094722747802734,7215817
2020-09-21,30.1200008392334,30.139999389648438,30.030000686645508,30.030000686645508,17.99286460876465,6763073
2020-09-22,29.969999313354492,29.969999313354492,29.6200008392334,29.799999237060547,17.85505485534668,21489944
2020-09-23,29.799999237060547,29.899999618530273,29.559999465942383,29.700000762939453,17.795141220092773,16031005
2020-09-24,29.420000076293945,29.440000534057617,28.989999771118164,29.059999465942383,17.41167449951172,51452070
2020-09-25,29.170000076293945,29.25,28.670000076293945,28.899999618530273,17.315807342529297,38323354
2020-09-28,29.049999237060547,29.3799991607666,29.049999237060547,29.3799991607666,17.60340690612793,10585266
2020-09-29,29.510000228881836,29.579999923706055,29.260000228881836,29.399999618530273,17.615388870239258,8791030
2020-09-30,29.40999984741211,29.520000457763672,29.350000381469727,29.479999542236328,17.6633243560791,5386192
2020-10-05,29.489999771118164,29.579999923706055,29.389999389648438,29.450000762939453,17.645349502563477,10253888
2020-10-06,29.610000610351562,29.719999313354492,29.56999969482422,29.68000030517578,17.783157348632812,10459079
2020-10-07,29.68000030517578,29.68000030517578,29.520000457763672,29.649999618530273,17.765182495117188,8346420
2020-10-08,29.84000015258789,29.850000381469727,29.68000030517578,29.760000228881836,17.83108901977539,9353669
2020-10-12,29.940000534057617,29.940000534057617,29.709999084472656,29.739999771118164,17.81910514831543,28494351
2020-10-13,29.760000228881836,29.790000915527344,29.610000610351562,29.709999084472656,17.801130294799805,14263155
2020-10-14,29.709999084472656,29.770000457763672,29.68000030517578,29.739999771118164,17.81910514831543,9642193
2020-10-15,29.75,29.75,29.510000228881836,29.690000534057617,17.789146423339844,23918261
2020-10-16,29.649999618530273,29.690000534057617,29.520000457763672,29.559999465942383,17.711259841918945,23391242
2020-10-19,29.600000381469727,29.690000534057617,29.56999969482422,29.639999389648438,17.759191513061523,16637092
2020-10-20,29.639999389648438,29.649999618530273,29.59000015258789,29.639999389648438,17.759191513061523,15658005
2020-10-21,29.649999618530273,29.700000762939453,29.549999237060547,29.59000015258789,17.72923469543457,23972337
2020-10-22,29.579999923706055,29.59000015258789,29.510000228881836,29.59000015258789,17.72923469543457,19455042
2020-10-23,29.600000381469727,29.639999389648438,29.559999465942383,29.6299991607666,17.753196716308594,13173245
2020-10-26,29.65999984741211,29.790000915527344,29.65999984741211,29.690000534057617,17.789146423339844,28263012
2020-10-27,29.610000610351562,29.690000534057617,29.549999237060547,29.690000534057617,17.789146423339844,35764368
2020-10-28,28.440000534057617,28.489999771118164,28.110000610351562,28.190000534057617,17.85247802734375,110875099
2020-10-29,28.110000610351562,28.139999389648438,27.780000686645508,27.979999542236328,17.719482421875,53351151
2020-10-30,27.989999771118164,27.989999771118164,27.799999237060547,27.799999237060547,17.60549545288086,38578209
2020-11-02,27.799999237060547,27.850000381469727,27.600000381469727,27.719999313354492,17.55483055114746,31011708
2020-11-03,27.889999389648438,28.020000457763672,27.8799991607666,28.010000228881836,17.738487243652344,15676474
2020-11-04,28.100000381469727,28.100000381469727,27.920000076293945,28.049999237060547,17.763818740844727,17349990
2020-11-05,28.100000381469727,28.170000076293945,28.059999465942383,28.1200008392334,17.808147430419922,9489750
2020-11-06,28.170000076293945,28.260000228881836,28.1200008392334,28.190000534057617,17.85247802734375,19526627
2020-11-09,28.350000381469727,28.450000762939453,28.350000381469727,28.399999618530273,17.985469818115234,19998445
2020-11-10,28.479999542236328,28.479999542236328,28.229999542236328,28.290000915527344,17.91581153869629,22177355
2020-11-11,28.350000381469727,28.510000228881836,28.270000457763672,28.5,18.048797607421875,10860574
2020-11-12,28.510000228881836,28.56999969482422,28.350000381469727,28.399999618530273,17.985469818115234,14688920
2020-11-13,28.399999618530273,28.530000686645508,28.3799991607666,28.530000686645508,18.06779670715332,8777090
2020-11-16,28.68000030517578,28.81999969482422,28.68000030517578,28.799999237060547,18.238784790039062,19987222
2020-11-17,28.979999542236328,28.989999771118164,28.799999237060547,28.809999465942383,18.2451171875,15199097
2020-11-18,28.81999969482422,28.899999618530273,28.809999465942383,28.899999618530273,18.30211639404297,8550818
2020-11-19,28.899999618530273,28.90999984741211,28.850000381469727,28.860000610351562,18.27678108215332,7473541
2020-11-20,28.860000610351562,28.8799991607666,28.829999923706055,28.8799991607666,18.289445877075195,6996321
2020-11-23,28.93000030517578,29.190000534057617,28.93000030517578,29.139999389648438,18.4541015625,11610092
2020-11-24,29.18000030517578,29.209999084472656,29.100000381469727,29.110000610351562,18.435104370117188,10381158
2020-11-25,29.149999618530273,29.190000534057617,28.979999542236328,29.010000228881836,18.37177848815918,11930005
2020-11-26,29.010000228881836,29.149999618530273,29.010000228881836,29.149999618530273,18.46043586730957,7281169
2020-11-27,29.149999618530273,29.34000015258789,29.100000381469727,29.31999969482422,18.568096160888672,12502216
2020-11-30,29.34000015258789,29.489999771118164,29.34000015258789,29.350000381469727,18.587095260620117,11103819
2020-12-01,29.360000610351562,29.389999389648438,29.209999084472656,29.350000381469727,18.587095260620117,8082340
2020-12-02,29.350000381469727,29.479999542236328,29.34000015258789,29.440000534057617,18.644092559814453,15176991
2020-12-03,29.450000762939453,29.59000015258789,29.40999984741211,29.450000762939453,18.65042495727539,13826387
2020-12-04,29.530000686645508,29.690000534057617,29.530000686645508,29.68000030517578,18.796083450317383,24098459
2020-12-07,29.719999313354492,29.959999084472656,29.690000534057617,29.850000381469727,18.90373992919922,29962988
2020-12-08,29.850000381469727,29.950000762939453,29.829999923706055,29.899999618530273,18.935405731201172,24838787
2020-12-09,29.969999313354492,30.170000076293945,29.969999313354492,30.139999389648438,19.08739471435547,31712338
2020-12-10,30.06999969482422,30.09000015258789,29.8799991607666,29.940000534057617,18.960739135742188,21978747
2020-12-11,29.940000534057617,30.020000457763672,29.510000228881836,29.809999465942383,18.87841033935547,18027402
2020-12-14,29.809999465942383,29.889999389648438,29.739999771118164,29.81999969482422,18.884740829467773,9677427
2020-12-15,29.809999465942383,29.809999465942383,29.459999084472656,29.510000228881836,18.68842315673828,21202999
2020-12-16,29.520000457763672,29.799999237060547,29.520000457763672,29.799999237060547,18.872072219848633,11642134
2020-12-17,29.790000915527344,29.799999237060547,29.600000381469727,29.65999984741211,18.783418655395508,6745354
2020-12-18,29.65999984741211,29.690000534057617,29.59000015258789,29.610000610351562,18.751750946044922,7512950
2020-12-21,29.600000381469727,29.610000610351562,29.399999618530273,29.600000381469727,18.745420455932617,11766506
2020-12-22,29.59000015258789,29.59000015258789,29.40999984741211,29.43000030517578,18.637758255004883,12312095
2020-12-23,29.389999389648438,29.420000076293945,29.350000381469727,29.420000076293945,18.631423950195312,11296455
2020-12-24,29.43000030517578,29.540000915527344,29.43000030517578,29.479999542236328,18.669424057006836,6274406
2020-12-25,29.510000228881836,29.579999923706055,29.479999542236328,29.510000228881836,18.68842315673828,13610745
2020-12-28,29.520000457763672,29.75,29.520000457763672,29.75,18.840412139892578,15247830
2020-12-29,29.760000228881836,29.81999969482422,29.649999618530273,29.670000076293945,18.789749145507812,10045334
2020-12-30,29.700000762939453,29.790000915527344,29.649999618530273,29.780000686645508,18.85940933227539,11183784
2020-12-31,29.809999465942383,30.0,29.760000228881836,29.950000762939453,18.967069625854492,21169076
2021-01-04,29.950000762939453,29.989999771118164,29.799999237060547,29.940000534057617,18.960739135742188,14553865
2021-01-05,29.940000534057617,30.040000915527344,29.8700008392334,30.020000457763672,19.01140022277832,32282164
2021-01-06,30.079999923706055,30.209999084472656,29.899999618530273,30.0,18.998733520507812,23741499
2021-01-07,30.049999237060547,30.229999542236328,30.040000915527344,30.219999313354492,19.138059616088867,32202517
2021-01-08,30.350000381469727,30.469999313354492,30.25,30.459999084472656,19.290048599243164,26705999
2021-01-11,30.489999771118164,30.670000076293945,30.469999313354492,30.610000610351562,19.38504409790039,23253087
2021-01-12,30.610000610351562,30.610000610351562,30.31999969482422,30.350000381469727,19.220386505126953,15014940
2021-01-13,30.489999771118164,30.719999313354492,30.489999771118164,30.690000534057617,19.435707092285156,26160772
2021-01-14,30.75,31.010000228881836,30.709999084472656,30.920000076293945,19.58135986328125,29444460
2021-01-15,31.059999465942383,31.1299991607666,30.729999542236328,30.790000915527344,19.499032974243164,21128525
2021-01-18,30.75,30.75,30.209999084472656,30.610000610351562,19.38504409790039,18322372
2021-01-19,30.610000610351562,30.780000686645508,30.610000610351562,30.739999771118164,19.467369079589844,14402408
2021-01-20,30.739999771118164,30.739999771118164,30.209999084472656,30.25,19.15705680847168,20295447
2021-01-21,30.25,30.440000534057617,30.229999542236328,30.299999237060547,19.188720703125,13213836
2021-01-22,30.25,30.579999923706055,30.229999542236328,30.530000686645508,19.334381103515625,12736365
2021-01-25,30.5,30.84000015258789,30.40999984741211,30.829999923706055,19.52436637878418,17561725
2021-01-26,30.899999618530273,30.979999542236328,30.579999923706055,30.68000030517578,19.429372787475586,11349334
2021-01-27,30.760000228881836,31.0,30.760000228881836,30.950000762939453,19.600360870361328,21363199
2021-01-28,30.610000610351562,30.940000534057617,30.5,30.719999313354492,19.45470428466797,13881360
2021-01-29,30.729999542236328,30.770000457763672,30.209999084472656,30.260000228881836,19.163393020629883,12213674
2021-02-01,30.200000762939453,30.260000228881836,29.989999771118164,30.25,19.15705680847168,9296240
2021-02-02,30.280000686645508,30.559999465942383,30.280000686645508,30.5,19.315378189086914,6683767
2021-02-03,30.549999237060547,30.600000381469727,30.479999542236328,30.510000228881836,19.321712493896484,4721475
2021-02-04,30.510000228881836,30.579999923706055,30.389999389648438,30.510000228881836,19.321712493896484,5442458
2021-02-05,30.559999465942383,30.639999389648438,30.530000686645508,30.549999237060547,19.3470458984375,7664467
2021-02-17,30.899999618530273,31.010000228881836,30.81999969482422,31.0,19.63202476501465,20033722
2021-02-18,31.0,31.209999084472656,30.950000762939453,31.1299991607666,19.714351654052734,17432862
2021-02-19,31.1299991607666,31.1299991607666,30.920000076293945,31.1200008392334,19.70802116394043,7106243
2021-02-22,31.270000457763672,31.540000915527344,31.270000457763672,31.5,19.948673248291016,17009579
2021-02-23,31.5,31.799999237060547,31.329999923706055,31.799999237060547,20.138656616210938,15185989
2021-02-24,31.799999237060547,32.02000045776367,31.799999237060547,31.799999237060547,20.138656616210938,14726018
2021-02-25,32.0,32.09000015258789,31.899999618530273,32.0099983215332,20.271650314331055,11436818
2021-02-26,31.950000762939453,31.979999542236328,31.780000686645508,31.899999618530273,20.201988220214844,11191455
2021-03-02,32.04999923706055,32.130001068115234,31.889999389648438,31.899999618530273,20.201988220214844,9403219
2021-03-03,31.899999618530273,31.950000762939453,31.790000915527344,31.93000030517578,20.22098731994629,10492492
2021-03-04,31.93000030517578,31.93000030517578,31.770000457763672,31.799999237060547,20.138656616210938,7927660
2021-03-05,31.670000076293945,31.799999237060547,31.549999237060547,31.799999237060547,20.138656616210938,10109469
2021-03-08,32.0,32.08000183105469,31.850000381469727,32.0,20.26531982421875,12477151
2021-03-09,32.0,32.0099983215332,31.84000015258789,32.0,20.26531982421875,7693203
2021-03-10,32.130001068115234,32.220001220703125,32.060001373291016,32.099998474121094,20.328643798828125,9791982
2021-03-11,32.13999938964844,32.33000183105469,32.13999938964844,32.33000183105469,20.47430419921875,13272439
2021-03-12,32.400001525878906,32.45000076293945,32.33000183105469,32.43000030517578,20.537633895874023,13523990
2021-03-15,32.540000915527344,32.75,32.540000915527344,32.7400016784668,20.733951568603516,11458992
2021-03-16,32.900001525878906,33.0,32.88999938964844,32.9900016784668,20.892274856567383,13642623
2021-03-17,33.0,33.02000045776367,32.880001068115234,32.95000076293945,20.866945266723633,9880012
2021-03-18,33.18000030517578,33.54999923706055,33.18000030517578,33.529998779296875,21.234251022338867,10789544
2021-03-19,33.33000183105469,33.61000061035156,33.25,33.599998474121094,21.278581619262695,11551131
2021-03-22,33.599998474121094,33.689998626708984,33.439998626708984,33.599998474121094,21.278581619262695,9894320
2021-03-23,33.70000076293945,33.790000915527344,33.59000015258789,33.65999984741211,21.31658363342285,7523431
2021-03-24,33.65999984741211,33.75,33.54999923706055,33.650001525878906,21.31024932861328,7742705
2021-03-25,33.650001525878906,33.65999984741211,33.400001525878906,33.65999984741211,21.31658363342285,9057717
2021-03-26,33.79999923706055,33.79999923706055,33.720001220703125,33.79999923706055,21.405241012573242,11875118
2021-03-29,33.91999816894531,34.349998474121094,33.91999816894531,34.34000015258789,21.747215270996094,9340784
2021-03-30,34.36000061035156,34.599998474121094,34.31999969482422,34.599998474121094,21.911874771118164,6632720
2021-03-31,34.599998474121094,34.86000061035156,34.599998474121094,34.630001068115234,21.930871963500977,16013430
2021-04-01,34.650001525878906,34.779998779296875,34.540000915527344,34.61000061035156,21.91820526123047,9117240
2021-04-07,34.7400016784668,34.75,34.66999816894531,34.709999084472656,21.98153305053711,6007769
2021-04-08,34.720001220703125,34.75,34.66999816894531,34.75,22.006868362426758,7396206
2021-04-09,34.75,34.7599983215332,34.63999938964844,34.70000076293945,21.975202560424805,7536092
2021-04-12,34.70000076293945,34.75,34.66999816894531,34.689998626708984,21.968868255615234,5261445
2021-04-13,34.689998626708984,34.72999954223633,34.45000076293945,34.470001220703125,21.82954978942871,14961926
2021-04-14,34.470001220703125,34.47999954223633,33.91999816894531,34.349998474121094,21.753551483154297,18244313
2021-04-15,34.349998474121094,34.529998779296875,34.31999969482422,34.5,21.848546981811523,6154302
2021-04-16,34.84000015258789,34.939998626708984,34.61000061035156,34.939998626708984,22.1271915435791,24175666
2021-04-19,34.9900016784668,35.20000076293945,34.9900016784668,35.20000076293945,22.291845321655273,13803058
2021-04-20,35.25,35.40999984741211,35.25,35.33000183105469,22.37417984008789,11044108
2021-04-21,35.33000183105469,35.529998779296875,35.25,35.529998779296875,22.50083351135254,8103346
2021-04-22,35.599998474121094,35.849998474121094,35.25,35.400001525878906,22.41851043701172,11518886
2021-04-23,35.380001068115234,35.380001068115234,35.099998474121094,35.29999923706055,22.355182647705078,13367932
2021-04-26,35.58000183105469,35.9900016784668,35.58000183105469,35.9900016784668,22.792150497436523,9682937
2021-04-27,35.9900016784668,35.9900016784668,35.86000061035156,35.97999954223633,22.785816192626953,5501622
2021-04-28,35.97999954223633,35.9900016784668,35.86000061035156,35.97999954223633,22.785816192626953,5161835
2021-04-29,35.97999954223633,36.16999816894531,35.880001068115234,36.119998931884766,22.874481201171875,7915445
2021-05-03,36.119998931884766,36.16999816894531,35.900001525878906,35.90999984741211,22.741487503051758,15736067
2021-05-04,35.90999984741211,35.9900016784668,34.65999984741211,35.29999923706055,22.355182647705078,43215791
2021-05-05,35.2400016784668,35.7400016784668,35.02000045776367,35.349998474121094,22.386842727661133,35350021
2021-05-06,35.40999984741211,35.599998474121094,34.959999084472656,35.29999923706055,22.355182647705078,18971657
2021-05-07,35.349998474121094,35.7400016784668,35.349998474121094,35.720001220703125,22.62116241455078,7973195
2021-05-10,35.869998931884766,35.900001525878906,35.7599983215332,35.880001068115234,22.722488403320312,6100911
2021-05-11,35.720001220703125,35.720001220703125,34.45000076293945,34.70000076293945,21.975202560424805,48618546
2021-05-12,34.2599983215332,34.43000030517578,32.06999969482422,33.5,21.215253829956055,87523302
2021-05-13,32.95000076293945,33.86000061035156,32.33000183105469,33.400001525878906,21.15192413330078,51625988
2021-05-14,33.5,34.02000045776367,33.45000076293945,33.650001525878906,21.31024932861328,25342553
2021-05-17,32.18000030517578,33.29999923706055,32.18000030517578,32.75,20.740283966064453,72934976
2021-05-18,33.0099983215332,34.0099983215332,32.959999084472656,34.0099983215332,21.538230895996094,22467176
2021-05-19,33.97999954223633,34.18000030517578,33.709999084472656,34.099998474121094,21.595233917236328,14183248
2021-05-20,34.0,34.099998474121094,33.65999984741211,33.86000061035156,21.443239212036133,12090773
2021-05-21,34.20000076293945,34.400001525878906,33.779998779296875,34.0,21.531896591186523,12207914
2021-05-24,33.84000015258789,34.099998474121094,33.650001525878906,34.04999923706055,21.563562393188477,19526033
2021-05-25,34.279998779296875,34.34000015258789,34.150001525878906,34.34000015258789,21.747215270996094,9807005
2021-05-26,34.400001525878906,34.41999816894531,34.220001220703125,34.31999969482422,21.73455238342285,8434715
2021-05-27,34.2400016784668,34.290000915527344,33.939998626708984,34.279998779296875,21.709217071533203,8504164
2021-05-28,34.5,34.54999923706055,34.31999969482422,34.54999923706055,21.880205154418945,8643030
2021-05-31,34.599998474121094,34.77000045776367,34.54999923706055,34.75,22.006868362426758,8490905
2021-06-01,34.81999969482422,35.060001373291016,34.7400016784668,35.060001373291016,22.203189849853516,16167163
2021-06-02,35.060001373291016,35.22999954223633,34.86000061035156,34.959999084472656,22.139860153198242,7181256
2021-06-03,35.099998474121094,35.130001068115234,34.900001525878906,34.95000076293945,22.133527755737305,5648187
2021-06-04,34.79999923706055,34.869998931884766,34.720001220703125,34.77000045776367,22.019533157348633,6819198
2021-06-07,34.77000045776367,34.790000915527344,34.189998626708984,34.720001220703125,21.98786735534668,13231324
2021-06-08,34.77000045776367,34.779998779296875,34.560001373291016,34.650001525878906,21.943538665771484,6353095
2021-06-09,34.61000061035156,34.61000061035156,34.369998931884766,34.45000076293945,21.816879272460938,7786983
2021-06-10,34.45000076293945,34.630001068115234,34.400001525878906,34.599998474121094,21.911874771118164,7437875
2021-06-11,34.599998474121094,34.65999984741211,34.540000915527344,34.54999923706055,21.880205154418945,7194431
2021-06-15,34.59000015258789,34.7400016784668,34.529998779296875,34.650001525878906,21.943538665771484,5035573
2021-06-16,34.619998931884766,34.779998779296875,34.58000183105469,34.779998779296875,22.02586555480957,8253408
2021-06-17,34.66999816894531,34.900001525878906,34.56999969482422,34.900001525878906,22.10186195373535,4610992
2021-06-18,35.0,35.0,34.88999938964844,34.90999984741211,22.10819435119629,4457383
2021-06-21,34.849998474121094,34.849998474121094,34.5,34.54999923706055,21.880205154418945,13436430
2021-06-22,34.70000076293945,34.77000045776367,34.40999984741211,34.43000030517578,21.804216384887695,10370784
2021-06-23,34.5,34.529998779296875,34.34000015258789,34.45000076293945,21.816879272460938,10083700
2021-06-24,34.45000076293945,34.70000076293945,34.45000076293945,34.65999984741211,21.94986915588379,3468732
2021-06-25,34.779998779296875,34.939998626708984,34.7400016784668,34.7400016784668,22.000537872314453,6614870
2021-06-28,34.79999923706055,35.099998474121094,34.79999923706055,35.099998474121094,22.228517532348633,10671324
2021-06-29,35.13999938964844,35.150001525878906,34.619998931884766,34.79999923706055,22.038532257080078,13696340
2021-06-30,34.88999938964844,35.029998779296875,34.79999923706055,35.0,22.165191650390625,9590258
2021-07-01,35.15999984741211,35.349998474121094,34.84000015258789,35.0,22.165191650390625,37859532
2021-07-02,35.08000183105469,35.279998779296875,35.040000915527344,35.20000076293945,22.291845321655273,10594572
2021-07-05,35.540000915527344,35.689998626708984,35.380001068115234,35.689998626708984,22.60216522216797,12318417
2021-07-06,35.849998474121094,36.04999923706055,35.79999923706055,35.90999984741211,22.741487503051758,11934586
2021-07-07,35.83000183105469,35.86000061035156,35.5099983215332,35.61000061035156,22.551498413085938,11086508
2021-07-08,35.83000183105469,35.880001068115234,35.4900016784668,35.79999923706055,22.67182731628418,14605192
2021-07-09,35.77000045776367,35.77000045776367,35.29999923706055,35.439998626708984,22.443838119506836,14486279
2021-07-12,35.650001525878906,35.66999816894531,35.04999923706055,35.27000045776367,22.336181640625,18205863
2021-07-13,35.33000183105469,35.45000076293945,34.79999923706055,34.849998474121094,22.070199966430664,28643087
2021-07-14,34.88999938964844,34.900001525878906,34.349998474121094,34.47999954223633,21.835878372192383,27579796
2021-07-15,34.529998779296875,35.0,34.529998779296875,34.97999954223633,22.152524948120117,11383279
2021-07-16,34.959999084472656,35.150001525878906,34.810001373291016,35.119998931884766,22.241180419921875,11541217
2021-07-19,35.119998931884766,35.150001525878906,34.9900016784668,35.13999938964844,22.253849029541016,5113682
2021-07-20,34.95000076293945,34.959999084472656,34.5,34.560001373291016,21.88654327392578,22864398
2021-07-21,34.7599983215332,34.869998931884766,33.93000030517578,34.130001068115234,21.614229202270508,48272821
2021-07-22,34.20000076293945,34.459999084472656,34.06999969482422,34.209999084472656,21.664894104003906,16712474
2021-07-23,34.5,34.5,34.25,34.470001220703125,21.82954978942871,6917490
2021-07-26,34.5099983215332,34.66999816894531,34.400001525878906,34.5,21.848546981811523,10788752
2021-07-27,34.5,34.52000045776367,33.9900016784668,34.06999969482422,21.576231002807617,22426857
2021-07-28,34.06999969482422,34.06999969482422,33.25,33.88999938964844,21.46224021911621,42456046
2021-07-29,34.060001373291016,34.20000076293945,33.86000061035156,34.099998474121094,21.595233917236328,19432242
2021-07-30,34.20000076293945,34.220001220703125,33.880001068115234,33.900001525878906,21.468568801879883,28359398
2021-08-02,34.029998779296875,34.029998779296875,33.630001068115234,34.0,21.531896591186523,18615920
2021-08-03,34.0099983215332,34.15999984741211,33.97999954223633,34.150001525878906,21.626893997192383,6369404
2021-08-04,34.18000030517578,34.349998474121094,34.16999816894531,34.349998474121094,21.753551483154297,5400379
2021-08-05,34.400001525878906,34.400001525878906,34.13999938964844,34.20000076293945,21.658559799194336,6802345
2021-08-06,34.20000076293945,34.25,34.02000045776367,34.25,21.690223693847656,9229543
2021-08-09,34.220001220703125,34.220001220703125,33.880001068115234,34.099998474121094,21.595233917236328,12068365
2021-08-10,34.099998474121094,34.18000030517578,33.709999084472656,33.790000915527344,21.398906707763672,28810581
2021-08-11,33.720001220703125,33.790000915527344,33.2400016784668,33.4900016784668,21.20892333984375,34558108
2021-08-12,33.52000045776367,33.52000045776367,33.33000183105469,33.5099983215332,21.221586227416992,10911141
2021-08-13,33.560001373291016,33.58000183105469,33.20000076293945,33.27000045776367,21.069599151611328,24411607
2021-08-16,33.279998779296875,33.279998779296875,32.7400016784668,32.86000061035156,20.80994415283203,51312386
2021-08-17,32.900001525878906,33.08000183105469,32.47999954223633,32.529998779296875,20.6009578704834,31522477
2021-08-18,32.380001068115234,33.06999969482422,32.130001068115234,33.06999969482422,20.94293785095215,26262133
2021-08-19,32.880001068115234,32.880001068115234,32.290000915527344,32.31999969482422,20.467971801757812,44646608
2021-08-20,32.400001525878906,32.4900016784668,32.0,32.2599983215332,20.429973602294922,24869457
2021-08-23,32.52000045776367,32.900001525878906,32.52000045776367,32.880001068115234,20.822612762451172,16402007
2021-08-24,33.0099983215332,33.08000183105469,32.65999984741211,32.79999923706055,20.771949768066406,20358402
2021-08-25,32.95000076293945,33.0,32.79999923706055,33.0,20.898609161376953,10040196
2021-08-26,33.099998474121094,33.119998931884766,32.779998779296875,32.9900016784668,20.892274856567383,17433396
2021-08-27,32.959999084472656,33.119998931884766,32.83000183105469,33.11000061035156,20.968271255493164,8754077
2021-08-30,33.220001220703125,33.290000915527344,33.150001525878906,33.290000915527344,21.082263946533203,8532487
2021-08-31,33.29999923706055,33.380001068115234,33.04999923706055,33.380001068115234,21.139263153076172,9846158
2021-09-01,33.349998474121094,33.40999984741211,33.20000076293945,33.38999938964844,21.145591735839844,10956113
2021-09-02,33.38999938964844,33.40999984741211,33.09000015258789,33.15999984741211,20.99993324279785,11079786
2021-09-03,33.25,33.33000183105469,33.16999816894531,33.2400016784668,21.050600051879883,7031125
2021-09-06,33.25,33.33000183105469,33.0099983215332,33.06999969482422,20.94293785095215,18583946
2021-09-07,33.06999969482422,33.189998626708984,33.040000915527344,33.15999984741211,20.99993324279785,8764828
2021-09-08,33.2400016784668,33.2400016784668,32.72999954223633,32.79999923706055,20.771949768066406,29278034
2021-09-09,32.75,32.959999084472656,32.630001068115234,32.939998626708984,20.860610961914062,6914694
2021-09-10,33.0,33.220001220703125,32.939998626708984,33.220001220703125,21.037933349609375,6932222
2021-09-13,33.22999954223633,33.52000045776367,33.22999954223633,33.40999984741211,21.158260345458984,12377104
2021-09-14,33.56999969482422,33.59000015258789,33.310001373291016,33.36000061035156,21.12659454345703,8966281
2021-09-15,33.36000061035156,33.36000061035156,33.11000061035156,33.33000183105469,21.107595443725586,8778717
2021-09-16,33.34000015258789,33.43000030517578,33.189998626708984,33.279998779296875,21.075927734375,12508581
2021-09-17,33.279998779296875,33.459999084472656,33.2400016784668,33.41999816894531,21.16459083557129,7320932
2021-09-22,32.900001525878906,33.0099983215332,32.68000030517578,32.900001525878906,20.835281372070312,41411675
2021-09-23,33.029998779296875,33.16999816894531,33.029998779296875,33.08000183105469,20.94927406311035,11858161
2021-09-24,33.2599983215332,33.38999938964844,33.220001220703125,33.29999923706055,21.08859634399414,11014726
2021-09-27,33.33000183105469,33.38999938964844,33.209999084472656,33.29999923706055,21.08859634399414,15359669
2021-09-28,33.08000183105469,33.16999816894531,32.880001068115234,33.08000183105469,20.94927406311035,16226833
2021-09-29,32.70000076293945,32.81999969482422,32.59000015258789,32.70000076293945,20.708621978759766,46393401
2021-09-30,32.75,32.810001373291016,32.560001373291016,32.77000045776367,20.752952575683594,22194390
2021-10-01,32.58000183105469,32.599998474121094,32.099998474121094,32.2599983215332,20.429973602294922,78823861
2021-10-04,32.380001068115234,32.400001525878906,31.809999465942383,31.84000015258789,20.163991928100586,59303170
2021-10-05,31.600000381469727,31.959999084472656,31.420000076293945,31.959999084472656,20.239986419677734,36461680
2021-10-06,32.06999969482422,32.08000183105469,31.709999084472656,31.8799991607666,20.189321517944336,40669650
2021-10-07,32.470001220703125,32.689998626708984,32.099998474121094,32.56999969482422,20.626291275024414,68969370
2021-10-08,32.61000061035156,32.70000076293945,32.47999954223633,32.59000015258789,20.638957977294922,34473928
2021-10-12,32.599998474121094,32.599998474121094,32.20000076293945,32.2400016784668,20.417306900024414,58567817
2021-10-13,32.41999816894531,32.470001220703125,32.060001373291016,32.16999816894531,20.37297821044922,44298619
2021-10-14,32.290000915527344,32.33000183105469,32.0,32.18000030517578,20.379310607910156,34592668
2021-10-15,32.33000183105469,32.349998474121094,32.25,32.310001373291016,20.461637496948242,25398130
2021-10-18,32.45000076293945,32.459999084472656,32.25,32.36000061035156,20.493303298950195,50851787
2021-10-19,32.45000076293945,32.459999084472656,32.279998779296875,32.400001525878906,20.518630981445312,37194282
2021-10-20,32.470001220703125,32.4900016784668,32.29999923706055,32.369998931884766,20.4996337890625,69165384
2021-10-21,32.380001068115234,32.43000030517578,32.290000915527344,32.400001525878906,20.518630981445312,98500189
2021-10-22,30.709999084472656,30.8700008392334,30.59000015258789,30.84000015258789,20.679561614990234,146899858
2021-10-25,30.829999923706055,30.8799991607666,30.68000030517578,30.860000610351562,20.692974090576172,52930830
2021-10-26,30.920000076293945,31.09000015258789,30.8799991607666,31.049999237060547,20.82038116455078,34352611
2021-10-27,31.049999237060547,31.15999984741211,30.969999313354492,31.149999618530273,20.887434005737305,24283789
2021-10-28,31.200000762939453,31.420000076293945,31.18000030517578,31.389999389648438,21.048364639282227,23184973
2021-10-29,31.5,31.520000457763672,31.200000762939453,31.450000762939453,21.088598251342773,18517447
2021-11-01,31.540000915527344,31.649999618530273,31.489999771118164,31.559999465942383,21.162353515625,21060443
2021-11-02,31.65999984741211,31.770000457763672,31.479999542236328,31.530000686645508,21.142242431640625,24806551
2021-11-03,31.549999237060547,31.770000457763672,31.549999237060547,31.770000457763672,21.303171157836914,14131097
2021-11-04,31.889999389648438,31.989999771118164,31.850000381469727,31.860000610351562,21.36351776123047,14396808
2021-11-05,31.899999618530273,31.950000762939453,31.709999084472656,31.950000762939453,21.42386817932129,16537963
2021-11-08,32.04999923706055,32.400001525878906,32.0099983215332,32.38999938964844,21.71890640258789,38091770
2021-11-09,32.470001220703125,32.5,32.29999923706055,32.349998474121094,21.69208335876465,33076572
2021-11-10,32.40999984741211,32.52000045776367,32.34000015258789,32.34000015258789,21.685380935668945,35673912
2021-11-11,32.29999923706055,32.400001525878906,32.13999938964844,32.150001525878906,21.5579776763916,22454461
2021-11-12,32.189998626708984,32.25,32.099998474121094,32.20000076293945,21.591503143310547,20788573
2021-11-15,32.400001525878906,32.5099983215332,32.36000061035156,32.43000030517578,21.745729446411133,26693210
2021-11-16,32.45000076293945,32.599998474121094,32.43000030517578,32.59000015258789,21.853015899658203,30669272
2021-11-17,32.63999938964844,32.709999084472656,32.59000015258789,32.709999084472656,21.933481216430664,20016010
2021-11-18,32.849998474121094,33.060001373291016,32.84000015258789,32.97999954223633,22.114526748657227,45836201
2021-11-19,33.13999938964844,33.18000030517578,32.880001068115234,32.93000030517578,22.08100128173828,21184052
2021-11-22,33.0,33.04999923706055,32.900001525878906,32.93000030517578,22.08100128173828,14244699
2021-11-23,32.90999984741211,32.91999816894531,32.599998474121094,32.630001068115234,21.879840850830078,16323702
2021-11-24,32.619998931884766,32.72999954223633,32.5,32.61000061035156,21.866426467895508,11138521
2021-11-25,32.689998626708984,32.720001220703125,32.619998931884766,32.650001525878906,21.893247604370117,7322564
2021-11-26,32.63999938964844,32.650001525878906,32.349998474121094,32.349998474121094,21.69208335876465,23538761
2021-11-29,32.0,32.33000183105469,31.959999084472656,32.220001220703125,21.604917526245117,26052059
2021-11-30,32.38999938964844,32.52000045776367,32.29999923706055,32.29999923706055,21.658559799194336,11556651
2021-12-01,32.279998779296875,32.540000915527344,32.15999984741211,32.5,21.79266929626465,8753984
2021-12-02,32.5,32.529998779296875,32.380001068115234,32.470001220703125,21.772550582885742,8379340
2021-12-03,32.61000061035156,32.720001220703125,32.599998474121094,32.650001525878906,21.893247604370117,11885847
2021-12-06,32.7400016784668,32.86000061035156,32.529998779296875,32.86000061035156,22.0340633392334,15269782
2021-12-07,32.95000076293945,33.029998779296875,32.81999969482422,33.029998779296875,22.148056030273438,21484899
2021-12-08,33.25,33.310001373291016,33.150001525878906,33.18000030517578,22.24863624572754,24096650
2021-12-09,33.310001373291016,33.40999984741211,33.18000030517578,33.31999969482422,22.342514038085938,21755650
2021-12-10,33.31999969482422,33.40999984741211,33.18000030517578,33.29999923706055,22.329099655151367,15513515
2021-12-13,33.31999969482422,33.45000076293945,33.31999969482422,33.33000183105469,22.349218368530273,10810812
2021-12-14,33.310001373291016,33.310001373291016,32.95000076293945,32.95000076293945,22.094411849975586,22055575
2021-12-15,32.95000076293945,33.099998474121094,32.849998474121094,33.040000915527344,22.154760360717773,8159740
2021-12-16,33.290000915527344,33.45000076293945,33.290000915527344,33.45000076293945,22.429683685302734,31849077
2021-12-17,33.400001525878906,33.470001220703125,33.29999923706055,33.43000030517578,22.41627311706543,21818101
2021-12-20,33.45000076293945,33.45000076293945,33.31999969482422,33.40999984741211,22.402860641479492,19982260
2021-12-21,33.349998474121094,33.380001068115234,33.20000076293945,33.36000061035156,22.369335174560547,9573126
2021-12-22,33.380001068115234,33.400001525878906,33.279998779296875,33.29999923706055,22.329099655151367,8407307
2021-12-23,33.36000061035156,33.400001525878906,33.34000015258789,33.34000015258789,22.35592269897461,5996942
2021-12-24,33.40999984741211,33.459999084472656,33.290000915527344,33.290000915527344,22.322399139404297,9530439
2021-12-27,33.29999923706055,33.400001525878906,33.29999923706055,33.380001068115234,22.38274574279785,11027523
2021-12-28,33.459999084472656,33.599998474121094,33.45000076293945,33.560001373291016,22.503442764282227,17829923
2021-12-29,33.560001373291016,33.63999938964844,33.560001373291016,33.61000061035156,22.536970138549805,10968352
2021-12-30,33.63999938964844,33.650001525878906,33.56999969482422,33.58000183105469,22.516857147216797,8797535
2022-01-03,33.650001525878906,33.709999084472656,33.349998474121094,33.41999816894531,22.40956687927246,15161048
2022-01-04,33.41999816894531,33.5,33.38999938964844,33.40999984741211,22.402860641479492,8656373
2022-01-05,33.40999984741211,33.5,33.349998474121094,33.45000076293945,22.429683685302734,8482315
2022-01-06,33.400001525878906,33.5,33.310001373291016,33.40999984741211,22.402860641479492,13847084
2022-01-07,33.5099983215332,33.59000015258789,33.11000061035156,33.16999816894531,22.241928100585938,25533082
2022-01-10,33.25,33.29999923706055,33.119998931884766,33.27000045776367,22.30898666381836,9915525
2022-01-11,33.290000915527344,33.290000915527344,33.15999984741211,33.20000076293945,22.262048721313477,13666824
2022-01-12,33.310001373291016,33.380001068115234,33.04999923706055,33.099998474121094,22.194995880126953,21269312
2022-01-13,33.099998474121094,33.279998779296875,33.099998474121094,33.20000076293945,22.262048721313477,10983305
2022-01-14,33.220001220703125,33.220001220703125,32.86000061035156,33.150001525878906,22.228519439697266,27153827
2022-01-17,33.150001525878906,33.22999954223633,33.04999923706055,33.220001220703125,22.27545738220215,12825368
2022-01-18,33.279998779296875,33.52000045776367,33.2400016784668,33.45000076293945,22.429683685302734,32519423
2022-01-19,33.25,33.38999938964844,33.15999984741211,33.209999084472656,22.268753051757812,17169256
2022-01-20,33.20000076293945,33.380001068115234,33.18000030517578,33.36000061035156,22.369335174560547,12508635
2022-01-21,33.13999938964844,33.13999938964844,32.79999923706055,32.84000015258789,22.020652770996094,44853666
2022-01-24,32.630001068115234,32.720001220703125,32.2599983215332,32.720001220703125,21.940187454223633,32989391
2022-01-25,32.5,32.529998779296875,32.2599983215332,32.34000015258789,21.685380935668945,41840453
2022-01-26,32.34000015258789,32.54999923706055,32.33000183105469,32.400001525878906,21.725614547729492,19657659
2022-02-07,32.529998779296875,33.0,32.47999954223633,33.0,22.12793731689453,19964465
2022-02-08,33.060001373291016,33.310001373291016,33.040000915527344,33.29999923706055,22.329099655151367,18728380
2022-02-09,33.400001525878906,33.5,33.369998931884766,33.5,22.463212966918945,17525900
2022-02-10,33.599998474121094,33.599998474121094,33.40999984741211,33.4900016784668,22.45650863647461,11120228
2022-02-11,33.45000076293945,33.47999954223633,33.349998474121094,33.43000030517578,22.41627311706543,7433663
2022-02-14,33.29999923706055,33.29999923706055,33.04999923706055,33.130001068115234,22.215106964111328,17034890
2022-02-15,33.13999938964844,33.25,33.08000183105469,33.099998474121094,22.194995880126953,9921676
2022-02-16,33.349998474121094,33.400001525878906,33.11000061035156,33.27000045776367,22.30898666381836,21961052
2022-02-17,33.310001373291016,33.43000030517578,33.27000045776367,33.34000015258789,22.35592269897461,9943840
2022-02-18,33.2599983215332,33.5,33.130001068115234,33.5,22.463212966918945,12436343
2022-02-21,33.45000076293945,33.81999969482422,33.349998474121094,33.79999923706055,22.664371490478516,26838855
2022-02-22,33.72999954223633,33.72999954223633,33.209999084472656,33.4900016784668,22.45650863647461,22894244
2022-02-23,33.52000045776367,33.7599983215332,33.52000045776367,33.75,22.630849838256836,11936622
2022-02-24,33.5,33.540000915527344,33.11000061035156,33.189998626708984,22.255342483520508,25096822
2022-02-25,33.290000915527344,33.47999954223633,33.150001525878906,33.33000183105469,22.349218368530273,13899763
2022-03-01,33.400001525878906,33.880001068115234,33.400001525878906,33.880001068115234,22.718019485473633,25825750
2022-03-02,33.880001068115234,34.0099983215332,33.7400016784668,33.970001220703125,22.77836799621582,16177063
2022-03-03,34.150001525878906,34.25,34.06999969482422,34.220001220703125,22.945999145507812,22540312
2022-03-04,34.0099983215332,34.349998474121094,33.970001220703125,34.040000915527344,22.825305938720703,16796307
2022-03-07,33.83000183105469,33.84000015258789,33.18000030517578,33.45000076293945,22.429683685302734,40888766
2022-03-08,33.119998931884766,33.369998931884766,32.75,33.0,22.12793731689453,36030308
2022-03-09,33.220001220703125,33.380001068115234,33.18000030517578,33.36000061035156,22.369335174560547,10734365
2022-03-10,33.790000915527344,33.959999084472656,33.75,33.88999938964844,22.72472381591797,16146554
2022-03-11,33.88999938964844,33.95000076293945,33.810001373291016,33.900001525878906,22.731428146362305,10004074
2022-03-14,33.93000030517578,34.150001525878906,33.93000030517578,34.130001068115234,22.88565444946289,13626042
2022-03-15,34.150001525878906,34.15999984741211,33.75,33.779998779296875,22.650959014892578,13650094
2022-03-16,34.0099983215332,34.06999969482422,33.38999938964844,33.709999084472656,22.60402488708496,20236605
2022-03-17,34.0099983215332,34.060001373291016,33.79999923706055,34.0099983215332,22.805185317993164,10116487
2022-03-18,34.029998779296875,34.029998779296875,33.79999923706055,33.900001525878906,22.731428146362305,7991200
2022-03-21,33.900001525878906,34.0,33.900001525878906,33.95000076293945,22.764957427978516,5959270
2022-03-22,33.95000076293945,33.959999084472656,33.849998474121094,33.869998931884766,22.71131134033203,5932058
2022-03-23,33.95000076293945,34.0099983215332,33.91999816894531,33.959999084472656,22.77165985107422,6219300
2022-03-24,33.959999084472656,33.9900016784668,33.869998931884766,33.959999084472656,22.77165985107422,4233432
2022-03-25,33.9900016784668,33.9900016784668,33.7599983215332,33.810001373291016,22.671079635620117,9432200
2022-03-28,33.529998779296875,33.779998779296875,33.380001068115234,33.779998779296875,22.650959014892578,18539756
2022-03-29,33.79999923706055,33.83000183105469,33.61000061035156,33.63999938964844,22.55708885192871,8861297
2022-03-30,33.810001373291016,33.810001373291016,33.540000915527344,33.70000076293945,22.597318649291992,10324699
2022-03-31,33.70000076293945,33.709999084472656,33.61000061035156,33.630001068115234,22.55038070678711,6079948
2022-04-01,33.459999084472656,33.54999923706055,33.279998779296875,33.54999923706055,22.49673843383789,11110633
2022-04-06,33.5099983215332,33.5099983215332,33.279998779296875,33.470001220703125,22.443096160888672,21108129
2022-04-07,33.310001373291016,33.349998474121094,32.900001525878906,32.900001525878906,22.060888290405273,53938953
2022-04-08,33.04999923706055,33.18000030517578,32.97999954223633,33.16999816894531,22.241928100585938,14644049
2022-04-11,33.22999954223633,33.25,32.7400016784668,32.810001373291016,22.00053596496582,36629527
2022-04-12,32.720001220703125,32.790000915527344,32.5099983215332,32.689998626708984,21.920066833496094,34542810
2022-04-13,32.75,33.11000061035156,32.75,33.11000061035156,22.20170021057129,10375102
2022-04-14,33.18000030517578,33.189998626708984,33.04999923706055,33.06999969482422,22.17487335205078,6404681
2022-04-15,32.90999984741211,32.97999954223633,32.79999923706055,32.900001525878906,22.060888290405273,12414473
2022-04-18,32.79999923706055,32.810001373291016,32.58000183105469,32.68000030517578,21.913366317749023,22689241
2022-04-19,32.720001220703125,32.95000076293945,32.720001220703125,32.849998474121094,22.02735710144043,5452221
2022-04-20,32.869998931884766,32.93000030517578,32.70000076293945,32.83000183105469,22.013946533203125,8018870
2022-04-21,32.91999816894531,33.0,32.83000183105469,32.900001525878906,22.060888290405273,5635863
2022-04-22,32.65999984741211,32.81999969482422,32.61000061035156,32.779998779296875,21.980419158935547,8696045
2022-04-25,32.36000061035156,32.36000061035156,31.90999984741211,32.029998779296875,21.47751235961914,59627414
2022-04-26,32.11000061035156,32.150001525878906,31.889999389648438,31.93000030517578,21.410457611083984,28005754
2022-04-27,31.34000015258789,31.540000915527344,31.15999984741211,31.479999542236328,21.108713150024414,36515660
2022-04-28,31.549999237060547,31.719999313354492,31.389999389648438,31.719999313354492,21.26964569091797,15497678
2022-04-29,31.989999771118164,32.04999923706055,31.860000610351562,32.0099983215332,21.464099884033203,10509689
2022-05-03,32.0099983215332,32.099998474121094,31.84000015258789,32.09000015258789,21.517745971679688,8209530
2022-05-04,32.09000015258789,32.31999969482422,32.09000015258789,32.310001373291016,21.665266036987305,5563201
2022-05-05,32.5,32.630001068115234,32.400001525878906,32.540000915527344,21.819486618041992,8477001
2022-05-06,31.950000762939453,32.25,31.889999389648438,32.25,21.625032424926758,14895753
2022-05-09,31.920000076293945,31.93000030517578,31.56999969482422,31.56999969482422,21.1690616607666,25485104
2022-05-10,31.18000030517578,31.670000076293945,31.079999923706055,31.649999618530273,21.22270393371582,17866257
2022-05-11,31.459999084472656,31.5,31.139999389648438,31.170000076293945,20.900842666625977,28847379
2022-05-12,31.049999237060547,31.100000381469727,30.6200008392334,30.6299991607666,20.53875160217285,36893200
2022-05-13,30.700000762939453,30.860000610351562,30.649999618530273,30.799999237060547,20.652742385864258,19313298
2022-05-16,30.989999771118164,31.0,30.540000915527344,30.719999313354492,20.59910011291504,29439905
2022-05-17,30.799999237060547,30.829999923706055,30.65999984741211,30.690000534057617,20.578983306884766,15302161
2022-05-18,30.780000686645508,31.010000228881836,30.75,31.010000228881836,20.793556213378906,11858162
2022-05-19,30.510000228881836,30.690000534057617,30.440000534057617,30.68000030517578,20.57227325439453,21872252
2022-05-20,30.690000534057617,30.84000015258789,30.690000534057617,30.719999313354492,20.59910011291504,7813395
2022-05-23,30.809999465942383,30.920000076293945,30.75,30.860000610351562,20.692974090576172,8031910
2022-05-24,30.8700008392334,30.93000030517578,30.649999618530273,30.700000762939453,20.585689544677734,10526740
2022-05-25,30.709999084472656,30.90999984741211,30.690000534057617,30.8799991607666,20.70638656616211,6286212
2022-05-26,31.0,31.059999465942383,30.729999542236328,30.799999237060547,20.652742385864258,11894659
2022-05-27,30.950000762939453,31.1299991607666,30.920000076293945,31.079999923706055,20.84049415588379,6261902
2022-05-30,31.389999389648438,31.489999771118164,31.329999923706055,31.43000030517578,21.075185775756836,10509827
2022-05-31,31.440000534057617,31.440000534057617,31.190000534057617,31.399999618530273,21.05506706237793,6683141
2022-06-01,31.399999618530273,31.600000381469727,31.3799991607666,31.520000457763672,21.135536193847656,4567842
2022-06-02,31.389999389648438,31.459999084472656,31.290000915527344,31.399999618530273,21.05506706237793,5604891
2022-06-06,31.3799991607666,31.520000457763672,31.239999771118164,31.479999542236328,21.108713150024414,11549077
2022-06-07,31.40999984741211,31.469999313354492,31.309999465942383,31.440000534057617,21.081890106201172,8008155
2022-06-08,31.600000381469727,31.6200008392334,31.530000686645508,31.600000381469727,21.189178466796875,5859529
2022-06-09,31.450000762939453,31.450000762939453,31.299999237060547,31.299999237060547,20.988014221191406,11131090
2022-06-10,31.049999237060547,31.1299991607666,30.959999084472656,31.079999923706055,20.84049415588379,12555538
2022-06-13,30.520000457763672,30.56999969482422,30.389999389648438,30.510000228881836,20.458284378051758,42954898
2022-06-14,30.270000457763672,30.479999542236328,30.15999984741211,30.479999542236328,20.438169479370117,27423268
2022-06-15,30.329999923706055,30.5,30.260000228881836,30.389999389648438,20.37782096862793,15752322
2022-06-16,30.540000915527344,30.600000381469727,29.889999389648438,29.940000534057617,20.076074600219727,63587370
2022-06-17,29.65999984741211,29.719999313354492,29.350000381469727,29.6200008392334,19.86150550842285,52167753
2022-06-20,29.6200008392334,29.639999389648438,28.81999969482422,28.8700008392334,19.35859489440918,60929282
2022-06-21,29.0,29.299999237060547,28.8700008392334,29.280000686645508,19.633514404296875,19412802
2022-06-22,29.239999771118164,29.25,28.479999542236328,28.5,19.110492706298828,50190765
2022-06-23,28.540000915527344,28.6200008392334,27.90999984741211,28.049999237060547,18.80875015258789,54694605
2022-06-24,28.229999542236328,28.399999618530273,28.020000457763672,28.100000381469727,18.842275619506836,24571557
2022-06-27,28.520000457763672,28.920000076293945,28.5,28.860000610351562,19.35188865661621,22080224
2022-06-28,28.739999771118164,28.739999771118164,28.350000381469727,28.530000686645508,19.1306095123291,22940806
2022-06-29,28.290000915527344,28.389999389648438,28.100000381469727,28.139999389648438,18.869096755981445,24276284
2022-06-30,28.0,28.0,27.469999313354492,27.559999465942383,18.480182647705078,60769535
2022-07-01,27.5,27.549999237060547,26.770000457763672,26.809999465942383,17.97727394104004,72582394
2022-07-04,26.809999465942383,27.049999237060547,26.489999771118164,26.68000030517578,17.890104293823242,43580899
2022-07-05,26.989999771118164,27.190000534057617,26.5,26.959999084472656,18.077856063842773,30871482
2022-07-06,26.940000534057617,26.959999084472656,26.299999237060547,26.31999969482422,17.648710250854492,64436978
2022-07-07,26.360000610351562,26.790000915527344,26.139999389648438,26.760000228881836,17.943750381469727,31205184
2022-07-08,27.030000686645508,27.40999984741211,27.0,27.25,18.272314071655273,30111006
2022-07-11,27.360000610351562,27.420000076293945,27.100000381469727,27.25,18.272314071655273,17055029
2022-07-12,26.850000381469727,26.850000381469727,26.40999984741211,26.6200008392334,17.849870681762695,38758196
2022-07-13,27.209999084472656,27.25,27.049999237060547,27.079999923706055,18.1583194732666,30486349
2022-07-14,26.959999084472656,27.239999771118164,26.780000686645508,27.18000030517578,18.225378036499023,14002702
2022-07-15,27.18000030517578,27.219999313354492,26.969999313354492,27.09000015258789,18.165027618408203,19935419
2022-07-18,27.229999542236328,27.479999542236328,27.100000381469727,27.479999542236328,18.426538467407227,19272118
2022-07-19,27.40999984741211,27.690000534057617,27.309999465942383,27.68000030517578,18.560649871826172,10766460
2022-07-20,28.0,28.100000381469727,27.950000762939453,28.0,18.775218963623047,20532879
2022-07-21,28.059999465942383,28.3799991607666,28.0,28.3799991607666,19.030029296875,12605770
2022-07-22,28.489999771118164,28.489999771118164,28.290000915527344,28.399999618530273,19.043437957763672,15951474
2022-07-25,28.290000915527344,28.3700008392334,28.100000381469727,28.329999923706055,18.99650001525879,12709037
2022-07-26,28.219999313354492,28.260000228881836,28.010000228881836,28.1200008392334,18.855688095092773,18004111
2022-07-27,28.040000915527344,28.25,27.940000534057617,28.25,18.94285774230957,12585788
2022-07-28,28.479999542236328,28.479999542236328,28.1299991607666,28.18000030517578,18.895919799804688,19059627
2022-07-29,28.360000610351562,28.549999237060547,28.360000610351562,28.549999237060547,19.14402198791504,18919693
2022-08-01,28.6200008392334,28.780000686645508,28.360000610351562,28.760000228881836,19.284835815429688,13983705
2022-08-02,28.420000076293945,28.479999542236328,28.260000228881836,28.450000762939453,19.07696533203125,34163212
2022-08-03,28.389999389648438,28.450000762939453,28.239999771118164,28.440000534057617,19.070261001586914,19017069
2022-08-04,28.43000030517578,28.450000762939453,28.1299991607666,28.43000030517578,19.063554763793945,26130624
2022-08-05,28.540000915527344,28.8700008392334,28.540000915527344,28.8700008392334,19.35859489440918,22140807
2022-08-08,28.75,28.8799991607666,28.56999969482422,28.8700008392334,19.35859489440918,18605130
2022-08-09,28.850000381469727,29.09000015258789,28.729999542236328,29.06999969482422,19.49270248413086,15147559
2022-08-10,28.81999969482422,28.90999984741211,28.770000457763672,28.809999465942383,19.318361282348633,20554553
2022-08-11,29.079999923706055,29.149999618530273,29.059999465942383,29.1200008392334,19.526229858398438,16214572
2022-08-12,29.139999389648438,29.299999237060547,29.110000610351562,29.299999237060547,19.646926879882812,11267278
2022-08-15,29.31999969482422,29.31999969482422,29.110000610351562,29.219999313354492,19.593284606933594,22402333
2022-08-16,29.209999084472656,29.25,29.110000610351562,29.239999771118164,19.606693267822266,17704931
2022-08-17,29.229999542236328,29.280000686645508,29.15999984741211,29.280000686645508,19.633514404296875,10272297
2022-08-18,29.190000534057617,29.290000915527344,29.079999923706055,29.290000915527344,19.640222549438477,11747527
2022-08-19,29.290000915527344,29.450000762939453,29.209999084472656,29.420000076293945,19.72739028930664,10832825
2022-08-22,29.190000534057617,29.280000686645508,29.09000015258789,29.25,19.613401412963867,15746000
2022-08-23,29.06999969482422,29.09000015258789,28.899999618530273,28.93000030517578,19.39882469177246,38104843
2022-08-24,28.979999542236328,29.020000457763672,28.760000228881836,28.799999237060547,19.311656951904297,26461251
2022-08-25,28.90999984741211,29.040000915527344,28.850000381469727,28.940000534057617,19.405532836914062,11045338
2022-08-26,29.100000381469727,29.15999984741211,29.030000686645508,29.100000381469727,19.512821197509766,14289145
2022-08-29,28.440000534057617,28.520000457763672,28.290000915527344,28.450000762939453,19.07696533203125,52312931
2022-08-30,28.469999313354492,28.68000030517578,28.440000534057617,28.670000076293945,19.2244873046875,21274627
2022-08-31,28.5,28.790000915527344,28.43000030517578,28.790000915527344,19.304948806762695,21357518
2022-09-01,28.489999771118164,28.510000228881836,28.31999969482422,28.440000534057617,19.070261001586914,33324026
2022-09-02,28.399999618530273,28.450000762939453,28.100000381469727,28.100000381469727,18.842275619506836,37601889
2022-09-05,28.059999465942383,28.200000762939453,27.959999084472656,28.18000030517578,18.895919799804688,25082466
2022-09-06,28.25,28.299999237060547,28.010000228881836,28.079999923706055,18.828866958618164,29307642
2022-09-07,28.0,28.0,27.780000686645508,27.899999618530273,18.708166122436523,30935694
2022-09-08,28.020000457763672,28.280000686645508,27.829999923706055,28.25,18.94285774230957,14379579
2022-09-12,28.479999542236328,28.6200008392334,28.399999618530273,28.559999465942383,19.150726318359375,13592597
2022-09-13,28.65999984741211,28.75,28.639999389648438,28.709999084472656,19.251306533813477,11012366
2022-09-14,28.15999984741211,28.3700008392334,28.110000610351562,28.350000381469727,19.00990867614746,19154948
2022-09-15,28.34000015258789,28.649999618530273,28.309999465942383,28.59000015258789,19.170839309692383,9040411
2022-09-16,28.389999389648438,28.40999984741211,28.200000762939453,28.280000686645508,18.962974548339844,26261475
2022-09-19,28.40999984741211,28.40999984741211,28.059999465942383,28.059999465942383,18.81545066833496,22569857
2022-09-20,28.18000030517578,28.219999313354492,27.940000534057617,27.979999542236328,18.761810302734375,29975357
2022-09-21,27.969999313354492,27.969999313354492,27.540000915527344,27.639999389648438,18.533823013305664,45754023
2022-09-22,27.350000381469727,27.350000381469727,27.049999237060547,27.170000076293945,18.218671798706055,48604489
2022-09-23,27.1299991607666,27.280000686645508,27.0,27.059999465942383,18.144908905029297,34092600
2022-09-26,26.799999237060547,26.829999923706055,26.190000534057617,26.329999923706055,17.655414581298828,102460109
2022-09-27,26.329999923706055,26.469999313354492,26.15999984741211,26.329999923706055,17.655414581298828,42538325
2022-09-28,26.34000015258789,26.3700008392334,25.790000915527344,25.829999923706055,17.320138931274414,85051108
2022-09-29,26.09000015258789,26.110000610351562,25.709999084472656,25.809999465942383,17.30672836303711,45315515
2022-09-30,25.610000610351562,25.780000686645508,25.469999313354492,25.780000686645508,17.2866153717041,45469719
2022-10-03,25.540000915527344,25.760000228881836,25.459999084472656,25.670000076293945,17.212854385375977,35969229
2022-10-04,26.25,26.280000686645508,25.959999084472656,26.270000457763672,17.615177154541016,113427575
2022-10-05,26.56999969482422,26.719999313354492,26.479999542236328,26.6200008392334,17.849870681762695,107536850
2022-10-06,26.6299991607666,26.6299991607666,26.479999542236328,26.56999969482422,17.81634521484375,63662896
2022-10-07,26.450000762939453,26.450000762939453,26.270000457763672,26.280000686645508,17.62188720703125,74592539
2022-10-11,25.899999618530273,25.979999542236328,25.75,25.850000381469727,17.333553314208984,101430566
2022-10-12,25.829999923706055,25.90999984741211,25.6200008392334,25.81999969482422,17.31343650817871,72252133
2022-10-13,25.809999465942383,25.860000610351562,25.5,25.530000686645508,17.11897850036621,72068344
2022-10-14,25.969999313354492,26.059999465942383,25.799999237060547,25.90999984741211,17.37378692626953,53894920
2022-10-17,25.729999542236328,25.790000915527344,25.329999923706055,25.770000457763672,17.279909133911133,143826957
2022-10-18,26.06999969482422,26.09000015258789,25.65999984741211,25.84000015258789,17.32685089111328,148221274
2022-10-19,23.93000030517578,24.079999923706055,23.700000762939453,23.950000762939453,17.48011589050293,179173819
2022-10-20,23.81999969482422,23.81999969482422,23.360000610351562,23.649999618530273,17.261157989501953,101824551
2022-10-21,23.709999084472656,23.809999465942383,23.579999923706055,23.579999923706055,17.210067749023438,43693573
2022-10-24,23.8799991607666,23.940000534057617,23.68000030517578,23.690000534057617,17.29035186767578,29553497
2022-10-25,23.709999084472656,23.75,23.360000610351562,23.399999618530273,17.078691482543945,51815672
2022-10-26,23.40999984741211,23.5,23.280000686645508,23.40999984741211,17.08599090576172,31992233
2022-10-27,23.479999542236328,23.59000015258789,23.43000030517578,23.579999923706055,17.210067749023438,20199163
2022-10-28,23.559999465942383,23.559999465942383,23.290000915527344,23.309999465942383,17.01300811767578,35276364
2022-10-31,23.520000457763672,23.530000686645508,23.3700008392334,23.479999542236328,17.1370849609375,16820054
2022-11-01,23.5,23.59000015258789,23.450000762939453,23.549999237060547,17.188173294067383,17342562
2022-11-02,23.56999969482422,23.690000534057617,23.549999237060547,23.670000076293945,17.275754928588867,13193740
2022-11-03,23.420000076293945,23.600000381469727,23.34000015258789,23.579999923706055,17.210067749023438,18505062
2022-11-04,23.5,23.649999618530273,23.389999389648438,23.639999389648438,17.25385856628418,19274928
2022-11-07,23.780000686645508,24.079999923706055,23.780000686645508,24.059999465942383,17.56039810180664,31187925
2022-11-08,24.260000228881836,24.350000381469727,24.18000030517578,24.229999542236328,17.68447494506836,33136050
2022-11-09,24.399999618530273,24.6200008392334,24.3799991607666,24.610000610351562,17.961820602416992,33066252
2022-11-10,24.579999923706055,24.59000015258789,24.5,24.530000686645508,17.90343475341797,18288558
2022-11-11,25.299999237060547,25.34000015258789,24.899999618530273,25.0,18.2464656829834,38725474
2022-11-14,25.100000381469727,25.43000030517578,25.09000015258789,25.420000076293945,18.553010940551758,43331316
2022-11-15,25.420000076293945,25.559999465942383,25.270000457763672,25.549999237060547,18.647890090942383,39739385
2022-11-16,25.600000381469727,25.639999389648438,25.3799991607666,25.530000686645508,18.6332950592041,39285126
2022-11-17,25.5,25.600000381469727,25.299999237060547,25.579999923706055,18.669784545898438,28359303
2022-11-18,25.6299991607666,25.739999771118164,25.399999618530273,25.43000030517578,18.560306549072266,23036682
2022-11-21,25.43000030517578,25.469999313354492,25.209999084472656,25.219999313354492,18.40703582763672,20210544
2022-11-22,25.219999313354492,25.219999313354492,25.049999237060547,25.100000381469727,18.319454193115234,18851133
2022-11-23,25.219999313354492,25.329999923706055,25.219999313354492,25.299999237060547,18.465425491333008,12183419
2022-11-24,25.399999618530273,25.540000915527344,25.3799991607666,25.540000915527344,18.640594482421875,15864575
2022-11-25,25.56999969482422,25.649999618530273,25.5,25.520000457763672,18.625991821289062,19534639
2022-11-28,25.31999969482422,25.420000076293945,25.170000076293945,25.31999969482422,18.480022430419922,25723314
2022-11-29,25.299999237060547,25.5,25.18000030517578,25.469999313354492,18.589502334594727,15867201
2022-11-30,25.479999542236328,25.65999984741211,25.459999084472656,25.649999618530273,18.720874786376953,20156115
2022-12-01,25.850000381469727,25.969999313354492,25.760000228881836,25.81999969482422,18.844953536987305,29474291
2022-12-02,25.790000915527344,25.799999237060547,25.670000076293945,25.729999542236328,18.779266357421875,15981826
2022-12-05,25.729999542236328,25.950000762939453,25.729999542236328,25.8700008392334,18.88144874572754,21209979
2022-12-06,25.8700008392334,25.8700008392334,25.600000381469727,25.610000610351562,18.691682815551758,31818688
2022-12-07,25.520000457763672,25.579999923706055,25.329999923706055,25.440000534057617,18.56760597229004,26714166
2022-12-08,25.420000076293945,25.420000076293945,25.170000076293945,25.290000915527344,18.458127975463867,22654282
2022-12-09,25.40999984741211,25.520000457763672,25.399999618530273,25.510000228881836,18.618698120117188,12166363
2022-12-12,25.450000762939453,25.5,25.260000228881836,25.5,18.61139678955078,14211868
2022-12-13,25.530000686645508,25.6200008392334,25.5,25.530000686645508,18.6332950592041,13757274
2022-12-14,25.559999465942383,25.719999313354492,25.559999465942383,25.68000030517578,18.742773056030273,11291710
2022-12-15,25.68000030517578,25.790000915527344,25.6299991607666,25.700000762939453,18.75737190246582,13862971
2022-12-16,25.459999084472656,25.780000686645508,25.3700008392334,25.700000762939453,18.75737190246582,29589525
2022-12-19,25.690000534057617,25.809999465942383,25.579999923706055,25.729999542236328,18.779266357421875,13239240
2022-12-20,25.690000534057617,25.719999313354492,25.290000915527344,25.299999237060547,18.465425491333008,30551137
2022-12-21,25.350000381469727,25.399999618530273,25.309999465942383,25.34000015258789,18.494619369506836,11864912
2022-12-22,25.5,25.690000534057617,25.479999542236328,25.670000076293945,18.735475540161133,10837243
2022-12-23,25.489999771118164,25.610000610351562,25.40999984741211,25.600000381469727,18.684385299682617,8116087
2022-12-26,25.600000381469727,25.6299991607666,25.520000457763672,25.579999923706055,18.669784545898438,12384473
2022-12-27,25.600000381469727,25.700000762939453,25.600000381469727,25.6299991607666,18.706279754638672,7996512
2022-12-28,25.549999237060547,25.549999237060547,25.299999237060547,25.3799991607666,18.523813247680664,26543083
2022-12-29,25.219999313354492,25.360000610351562,25.09000015258789,25.290000915527344,18.458127975463867,18992790
2022-12-30,25.459999084472656,25.5,25.399999618530273,25.399999618530273,18.538410186767578,7846557
2023-01-03,25.280000686645508,25.5,25.190000534057617,25.489999771118164,18.60409927368164,14318894
2023-01-04,25.489999771118164,25.549999237060547,25.40999984741211,25.450000762939453,18.574905395507812,10789940
2023-01-05,25.549999237060547,25.600000381469727,25.43000030517578,25.459999084472656,18.58220100402832,11363023
2023-01-06,25.450000762939453,25.68000030517578,25.450000762939453,25.65999984741211,18.728178024291992,17492330
2023-01-09,25.899999618530273,25.959999084472656,25.799999237060547,25.940000534057617,18.932537078857422,33402543
2023-01-10,25.979999542236328,26.06999969482422,25.969999313354492,26.059999465942383,19.020122528076172,23754769
2023-01-11,26.06999969482422,26.149999618530273,26.059999465942383,26.06999969482422,19.02741813659668,12842698
2023-01-12,26.079999923706055,26.110000610351562,25.920000076293945,25.989999771118164,18.969030380249023,12045717
2023-01-13,26.049999237060547,26.1200008392334,25.979999542236328,25.979999542236328,18.96173095703125,14590572
2023-01-16,26.049999237060547,26.06999969482422,26.0,26.020000457763672,18.990924835205078,19122028
2023-01-17,26.040000915527344,26.06999969482422,26.010000228881836,26.059999465942383,19.020122528076172,11293841
2023-01-30,26.469999313354492,26.549999237060547,26.399999618530273,26.530000686645508,19.3631534576416,36080223
2023-01-31,26.549999237060547,26.68000030517578,26.530000686645508,26.540000915527344,19.370450973510742,23937475
2023-02-01,26.600000381469727,26.68000030517578,26.59000015258789,26.670000076293945,19.46533203125,15782948
2023-02-02,26.809999465942383,27.0,26.780000686645508,26.989999771118164,19.698884963989258,27630373
2023-02-03,27.0,27.049999237060547,26.850000381469727,27.0,19.706186294555664,19439726
2023-02-06,26.979999542236328,26.979999542236328,26.850000381469727,26.920000076293945,19.647796630859375,27960135
2023-02-07,26.90999984741211,26.959999084472656,26.850000381469727,26.940000534057617,19.662397384643555,11461129
2023-02-08,27.030000686645508,27.170000076293945,27.020000457763672,27.149999618530273,19.815664291381836,18103149
2023-02-09,27.139999389648438,27.170000076293945,27.040000915527344,27.149999618530273,19.815664291381836,11606067
2023-02-10,27.149999618530273,27.149999618530273,26.969999313354492,27.020000457763672,19.720783233642578,20314059
2023-02-13,26.989999771118164,27.010000228881836,26.81999969482422,26.969999313354492,19.684288024902344,20469892
2023-02-14,27.010000228881836,27.149999618530273,27.010000228881836,27.1299991607666,19.801067352294922,11326175
2023-02-15,27.1299991607666,27.15999984741211,27.030000686645508,27.049999237060547,19.742677688598633,15422338
2023-02-16,27.06999969482422,27.350000381469727,27.06999969482422,27.329999923706055,19.947040557861328,30798453
2023-02-17,27.229999542236328,27.25,27.170000076293945,27.239999771118164,19.8813533782959,14427104
2023-02-20,27.270000457763672,27.420000076293945,27.25,27.40999984741211,20.005428314208984,16905151
2023-02-21,27.40999984741211,27.549999237060547,27.360000610351562,27.530000686645508,20.0930118560791,28972343
2023-02-22,27.3799991607666,27.420000076293945,27.239999771118164,27.399999618530273,19.998130798339844,25628208
2023-02-23,27.399999618530273,27.780000686645508,27.399999618530273,27.739999771118164,20.24628448486328,36408360
2023-02-24,27.770000457763672,27.850000381469727,27.649999618530273,27.670000076293945,20.1951904296875,44123398
2023-03-01,27.579999923706055,27.719999313354492,27.420000076293945,27.719999313354492,20.2316837310791,19507968
2023-03-02,27.729999542236328,27.790000915527344,27.56999969482422,27.780000686645508,20.27547836303711,12007896
2023-03-03,27.850000381469727,28.0,27.850000381469727,27.950000762939453,20.399553298950195,16134724
2023-03-06,28.06999969482422,28.299999237060547,28.06999969482422,28.25,20.61850929260254,23790744
2023-03-07,28.290000915527344,28.399999618530273,28.200000762939453,28.3799991607666,20.713390350341797,15729325
2023-03-08,28.290000915527344,28.3700008392334,28.18000030517578,28.3700008392334,20.706092834472656,21308248
2023-03-09,28.3700008392334,28.3799991607666,28.209999084472656,28.239999771118164,20.611207962036133,19536578
2023-03-10,28.0,28.010000228881836,27.829999923706055,27.860000610351562,20.333866119384766,40503664
2023-03-13,27.700000762939453,27.959999084472656,27.549999237060547,27.93000030517578,20.38495445251465,46348689
2023-03-14,27.729999542236328,27.790000915527344,27.600000381469727,27.65999984741211,20.187894821166992,26514469
2023-03-15,27.809999465942383,27.920000076293945,27.65999984741211,27.65999984741211,20.187894821166992,19849962
2023-03-16,27.56999969482422,27.600000381469727,27.399999618530273,27.5,20.071117401123047,37097336
2023-03-17,27.549999237060547,27.760000228881836,27.540000915527344,27.760000228881836,20.260879516601562,20781012
2023-03-20,27.770000457763672,27.809999465942383,27.700000762939453,27.760000228881836,20.260879516601562,17303496
2023-03-21,27.799999237060547,27.899999618530273,27.799999237060547,27.84000015258789,20.319271087646484,10332191
2023-03-22,27.90999984741211,28.079999923706055,27.90999984741211,28.049999237060547,20.472537994384766,18874599
2023-03-23,28.030000686645508,28.209999084472656,28.030000686645508,28.1200008392334,20.52362823486328,16995892
2023-03-24,28.15999984741211,28.280000686645508,28.1200008392334,28.260000228881836,20.625810623168945,24856304
2023-03-27,28.260000228881836,28.3700008392334,28.200000762939453,28.309999465942383,20.66230010986328,25576723
2023-03-28,28.309999465942383,28.329999923706055,28.049999237060547,28.059999465942383,20.479833602905273,22648333
2023-03-29,28.059999465942383,28.229999542236328,28.049999237060547,28.149999618530273,20.545522689819336,12116462
2023-03-30,28.280000686645508,28.31999969482422,28.200000762939453,28.290000915527344,20.647706985473633,19761830
2023-03-31,28.3700008392334,28.549999237060547,28.3700008392334,28.43000030517578,20.7498836517334,26228524
2023-04-06,28.43000030517578,28.469999313354492,28.280000686645508,28.469999313354492,20.779081344604492,20846631
2023-04-07,28.479999542236328,28.520000457763672,28.40999984741211,28.43000030517578,20.7498836517334,10572098
2023-04-10,28.450000762939453,28.520000457763672,28.420000076293945,28.5,20.800973892211914,12682607
2023-04-11,28.5,28.719999313354492,28.5,28.700000762939453,20.94694709777832,16389313
2023-04-12,28.700000762939453,28.850000381469727,28.700000762939453,28.850000381469727,21.056425094604492,13927846
2023-04-13,28.850000381469727,28.850000381469727,28.700000762939453,28.709999084472656,20.95424461364746,20157529
2023-04-14,28.709999084472656,28.760000228881836,28.639999389648438,28.739999771118164,20.97614097595215,12086550
2023-04-17,28.739999771118164,28.81999969482422,28.719999313354492,28.799999237060547,21.01993179321289,14565455
2023-04-18,28.829999923706055,28.850000381469727,28.610000610351562,28.670000076293945,20.925050735473633,17230793
2023-04-19,28.670000076293945,28.739999771118164,28.530000686645508,28.549999237060547,20.837467193603516,12183086
2023-04-20,28.479999542236328,28.520000457763672,28.3700008392334,28.43000030517578,20.7498836517334,13490250
2023-04-21,28.43000030517578,28.5,28.15999984741211,28.190000534057617,20.574718475341797,22362401
2023-04-24,28.18000030517578,28.309999465942383,28.079999923706055,28.270000457763672,20.63310432434082,10980808
2023-04-25,28.299999237060547,28.329999923706055,27.739999771118164,27.799999237060547,20.29007339477539,58938627
2023-04-26,27.700000762939453,27.84000015258789,27.610000610351562,27.84000015258789,20.319271087646484,26923131
2023-04-27,27.850000381469727,28.110000610351562,27.770000457763672,28.020000457763672,20.45064353942871,11439696
2023-04-28,28.18000030517578,28.25,28.1299991607666,28.229999542236328,20.603914260864258,9582386
2023-05-02,28.25,28.440000534057617,28.200000762939453,28.440000534057617,20.757183074951172,13815924
2023-05-03,28.3799991607666,28.420000076293945,28.280000686645508,28.420000076293945,20.742589950561523,11278106
2023-05-04,28.34000015258789,28.450000762939453,28.280000686645508,28.450000762939453,20.764480590820312,8178601
2023-05-05,28.450000762939453,28.489999771118164,28.43000030517578,28.469999313354492,20.779081344604492,8449176
2023-05-08,28.520000457763672,28.690000534057617,28.520000457763672,28.670000076293945,20.925050735473633,16123902
2023-05-09,28.670000076293945,28.690000534057617,28.530000686645508,28.639999389648438,20.903152465820312,9912797
2023-05-10,28.639999389648438,28.649999618530273,28.5,28.540000915527344,20.830167770385742,10306974
2023-05-11,28.540000915527344,28.56999969482422,28.3799991607666,28.399999618530273,20.72798728942871,12852646
2023-05-12,28.3700008392334,28.469999313354492,28.190000534057617,28.450000762939453,20.764480590820312,10345015
2023-05-15,28.40999984741211,28.450000762939453,28.299999237060547,28.420000076293945,20.742589950561523,12619089
2023-05-16,28.43000030517578,28.709999084472656,28.43000030517578,28.649999618530273,20.910451889038086,21424755
2023-05-17,28.649999618530273,28.829999923706055,28.6200008392334,28.760000228881836,20.99073600769043,25548066
2023-05-18,28.850000381469727,29.110000610351562,28.850000381469727,29.049999237060547,21.202394485473633,44286848
2023-05-19,29.1299991607666,29.350000381469727,29.079999923706055,29.309999465942383,21.392160415649414,37492773
2023-05-22,29.31999969482422,29.440000534057617,29.309999465942383,29.350000381469727,21.421354293823242,22177724
2023-05-23,29.3700008392334,29.440000534057617,29.239999771118164,29.3700008392334,21.43595314025879,18736281
2023-05-24,29.329999923706055,29.440000534057617,29.260000228881836,29.43000030517578,21.4797420501709,15695156
2023-05-25,29.700000762939453,29.81999969482422,29.59000015258789,29.780000686645508,21.73519515991211,29788696
2023-05-26,29.90999984741211,30.25,29.90999984741211,30.1299991607666,21.99064064025879,52454664
2023-05-29,30.600000381469727,30.739999771118164,30.549999237060547,30.649999618530273,22.37017059326172,60523146
2023-05-30,30.690000534057617,30.760000228881836,30.440000534057617,30.520000457763672,22.27528953552246,35589768
2023-05-31,30.520000457763672,30.600000381469727,30.43000030517578,30.489999771118164,22.253393173217773,20689849
2023-06-01,30.469999313354492,30.469999313354492,30.350000381469727,30.469999313354492,22.23879623413086,15384609
2023-06-02,30.600000381469727,31.139999389648438,30.600000381469727,30.93000030517578,22.574533462524414,45346829
2023-06-05,30.950000762939453,31.1299991607666,30.8799991607666,31.100000381469727,22.698606491088867,27740018
2023-06-06,31.100000381469727,31.209999084472656,31.010000228881836,31.149999618530273,22.735097885131836,25314031
2023-06-07,31.15999984741211,31.5,31.15999984741211,31.459999084472656,22.961353302001953,24210282
2023-06-08,31.459999084472656,31.479999542236328,31.219999313354492,31.239999771118164,22.8007869720459,32436980
2023-06-09,31.399999618530273,31.799999237060547,31.399999618530273,31.780000686645508,23.19491195678711,37151896
2023-06-12,31.850000381469727,32.04999923706055,31.690000534057617,31.780000686645508,23.19491195678711,51793422
2023-06-13,31.959999084472656,32.25,31.950000762939453,32.20000076293945,23.50145149230957,66540214
2023-06-14,32.20000076293945,32.459999084472656,32.16999816894531,32.31999969482422,23.589035034179688,40882302
2023-06-15,32.45000076293945,32.79999923706055,32.45000076293945,32.689998626708984,23.859079360961914,49836922
2023-06-16,32.77000045776367,32.9900016784668,32.52000045776367,32.779998779296875,23.924768447875977,39000691
2023-06-19,32.77000045776367,32.790000915527344,32.599998474121094,32.72999954223633,23.888275146484375,27864627
2023-06-20,32.68000030517578,32.689998626708984,32.349998474121094,32.47999954223633,23.705812454223633,35688747
2023-06-21,32.47999954223633,32.869998931884766,32.43000030517578,32.83000183105469,23.961259841918945,31632308
2023-06-26,32.70000076293945,32.79999923706055,32.5,32.77000045776367,23.91747283935547,25322104
2023-06-27,32.63999938964844,32.63999938964844,32.130001068115234,32.18000030517578,23.486854553222656,49049445
2023-06-28,32.279998779296875,32.47999954223633,32.279998779296875,32.29999923706055,23.574438095092773,18935722
2023-06-29,32.470001220703125,32.66999816894531,32.400001525878906,32.529998779296875,23.7423038482666,20554518
2023-06-30,32.529998779296875,32.66999816894531,32.41999816894531,32.66999816894531,23.844484329223633,15444797
2023-07-03,32.88999938964844,33.33000183105469,32.88999938964844,33.2400016784668,24.260507583618164,41187715
2023-07-04,33.5099983215332,34.0,33.45000076293945,33.90999984741211,24.749507904052734,77548352
2023-07-05,33.9900016784668,33.9900016784668,33.529998779296875,33.709999084472656,24.603538513183594,60542822
2023-07-06,33.41999816894531,33.7400016784668,33.25,33.34000015258789,24.3334903717041,71542359
2023-07-07,33.16999816894531,33.29999923706055,32.869998931884766,33.08000183105469,24.143728256225586,66669015
2023-07-10,33.08000183105469,33.33000183105469,33.08000183105469,33.18000030517578,24.216711044311523,37440402
2023-07-11,33.41999816894531,33.81999969482422,33.41999816894531,33.79999923706055,24.66922378540039,41501742
2023-07-12,33.95000076293945,34.349998474121094,33.93000030517578,34.29999923706055,25.034151077270508,67587823
2023-07-13,34.849998474121094,35.459999084472656,34.619998931884766,34.81999969482422,25.413679122924805,121118484
2023-07-14,35.349998474121094,35.599998474121094,34.880001068115234,35.540000915527344,25.939178466796875,111629595
2023-07-17,35.54999923706055,35.959999084472656,35.54999923706055,35.939998626708984,26.231124877929688,126652059
2023-07-18,35.63999938964844,35.70000076293945,34.61000061035156,35.11000061035156,26.35875129699707,98511373
2023-07-19,35.290000915527344,35.5,34.2400016784668,34.36000061035156,25.79568862915039,89724916
2023-07-20,34.34000015258789,34.81999969482422,34.25,34.709999084472656,26.05845069885254,41907361
2023-07-21,34.2599983215332,35.400001525878906,34.25,35.2599983215332,26.471364974975586,69920651
2023-07-24,35.540000915527344,36.040000915527344,35.27000045776367,35.9900016784668,27.0194091796875,147750786
2023-07-25,36.25,36.599998474121094,36.040000915527344,36.04999923706055,27.064451217651367,113668384
2023-07-26,36.04999923706055,36.29999923706055,35.72999954223633,36.02000045776367,27.041934967041016,60559938
2023-07-27,36.34000015258789,36.529998779296875,36.02000045776367,36.099998474121094,27.10198402404785,46936777
2023-07-28,36.18000030517578,36.599998474121094,35.81999969482422,36.58000183105469,27.462352752685547,78719156
2023-07-31,36.65999984741211,37.25,35.61000061035156,35.7400016784668,26.83172607421875,95744559
2023-08-01,35.65999984741211,35.970001220703125,35.150001525878906,35.72999954223633,26.82421875,65711584
2023-08-02,35.72999954223633,35.959999084472656,34.45000076293945,34.5099983215332,25.908302307128906,98869133
2023-08-04,34.400001525878906,35.040000915527344,34.16999816894531,34.7400016784668,26.080974578857422,63643302
2023-08-07,34.79999923706055,35.70000076293945,34.79999923706055,35.70000076293945,26.80169105529785,41662129
2023-08-08,35.83000183105469,36.099998474121094,35.2599983215332,35.59000015258789,26.719106674194336,37667787
2023-08-09,35.4900016784668,35.790000915527344,35.220001220703125,35.349998474121094,26.538928985595703,25230190
2023-08-10,35.130001068115234,35.13999938964844,34.27000045776367,34.43000030517578,25.848243713378906,58866916
2023-08-11,34.56999969482422,34.849998474121094,34.5,34.560001373291016,25.945842742919922,21787458
2023-08-14,34.45000076293945,34.619998931884766,34.08000183105469,34.279998779296875,25.735626220703125,37954890
2023-08-15,34.86000061035156,35.0,34.75,34.849998474121094,26.163557052612305,23416323
2023-08-16,34.630001068115234,35.13999938964844,34.5,35.13999938964844,26.38127326965332,29275073
2023-08-17,35.0,35.400001525878906,34.77000045776367,35.33000183105469,26.523914337158203,26394318
2023-08-18,35.310001373291016,35.45000076293945,34.619998931884766,34.84000015258789,26.156049728393555,37641767
2023-08-21,34.970001220703125,35.150001525878906,34.7599983215332,34.849998474121094,26.163557052612305,16557942
2023-08-22,35.27000045776367,35.310001373291016,35.040000915527344,35.11000061035156,26.35875129699707,22049832
2023-08-23,35.099998474121094,35.439998626708984,35.0099983215332,35.43000030517578,26.598989486694336,19574738
2023-08-24,35.720001220703125,36.29999923706055,35.61000061035156,35.7599983215332,26.84673309326172,56736449
2023-08-25,35.41999816894531,35.59000015258789,35.09000015258789,35.13999938964844,26.38127326965332,30955745
2023-08-28,35.13999938964844,35.20000076293945,34.77000045776367,35.060001373291016,26.32121467590332,25453769
2023-08-29,35.119998931884766,35.209999084472656,34.95000076293945,35.15999984741211,26.39628791809082,11707121
2023-08-30,35.45000076293945,35.59000015258789,35.29999923706055,35.349998474121094,26.538928985595703,14602462
2023-08-31,35.18000030517578,35.31999969482422,35.04999923706055,35.310001373291016,26.508899688720703,9549796
2023-09-01,35.310001373291016,35.400001525878906,35.06999969482422,35.119998931884766,26.366256713867188,11954353
2023-09-04,35.119998931884766,35.279998779296875,35.0,35.27000045776367,26.47886848449707,14729996
2023-09-05,35.27000045776367,35.43000030517578,35.18000030517578,35.43000030517578,26.598989486694336,15109845
2023-09-06,35.470001220703125,35.65999984741211,35.470001220703125,35.599998474121094,26.726613998413086,20147111
2023-09-07,35.540000915527344,35.560001373291016,35.400001525878906,35.45000076293945,26.61400604248047,10840816
2023-09-08,35.43000030517578,35.459999084472656,35.27000045776367,35.41999816894531,26.591482162475586,10706771
2023-09-11,35.41999816894531,35.41999816894531,34.529998779296875,34.790000915527344,26.118507385253906,46868844
2023-09-12,34.79999923706055,34.93000030517578,34.54999923706055,34.79999923706055,26.126018524169922,17514111
2023-09-13,34.79999923706055,34.93000030517578,34.7400016784668,34.86000061035156,26.171062469482422,11788529
2023-09-14,35.040000915527344,35.36000061035156,35.040000915527344,35.310001373291016,26.508899688720703,21198520
2023-09-15,35.470001220703125,35.63999938964844,35.380001068115234,35.58000183105469,26.71160125732422,26676413
2023-09-18,35.310001373291016,35.43000030517578,35.2599983215332,35.310001373291016,26.508899688720703,23246197
2023-09-19,35.41999816894531,35.45000076293945,35.099998474121094,35.13999938964844,26.38127326965332,15094121
2023-09-20,35.13999938964844,35.380001068115234,35.0,35.04999923706055,26.313703536987305,16132101
2023-09-21,34.7400016784668,34.77000045776367,34.47999954223633,34.70000076293945,26.050945281982422,38184563
2023-09-22,34.369998931884766,34.900001525878906,34.34000015258789,34.88999938964844,26.193588256835938,15060459
2023-09-25,34.88999938964844,35.099998474121094,34.88999938964844,35.08000183105469,26.336227416992188,12493230
2023-09-26,34.9900016784668,35.08000183105469,34.7599983215332,34.7599983215332,26.09598731994629,19373591
2023-09-27,34.709999084472656,34.91999816894531,34.619998931884766,34.869998931884766,26.178571701049805,10899842
2023-09-28,35.040000915527344,35.2599983215332,34.970001220703125,35.060001373291016,26.32121467590332,13096689
2023-10-02,35.25,35.84000015258789,35.25,35.7400016784668,26.83172607421875,39362934
2023-10-03,35.970001220703125,36.0,35.599998474121094,35.599998474121094,26.726613998413086,68429492
2023-10-04,35.15999984741211,35.400001525878906,35.08000183105469,35.38999938964844,26.568958282470703,44750537
2023-10-05,35.58000183105469,35.7400016784668,35.5,35.689998626708984,26.79418182373047,23107350
2023-10-06,35.72999954223633,35.900001525878906,35.68000030517578,35.790000915527344,26.869260787963867,29602729
2023-10-11,36.029998779296875,36.220001220703125,35.689998626708984,35.779998779296875,26.861751556396484,51597988
2023-10-12,35.79999923706055,36.0,35.7599983215332,35.97999954223633,27.011899948120117,24518745
2023-10-13,35.90999984741211,35.939998626708984,35.58000183105469,35.720001220703125,26.816709518432617,58635171
2023-10-16,35.58000183105469,35.58000183105469,35.43000030517578,35.52000045776367,26.66655921936035,71481616
2023-10-17,35.66999816894531,35.72999954223633,35.2400016784668,35.27000045776367,26.47886848449707,99671454
2023-10-18,35.27000045776367,35.27000045776367,34.68000030517578,34.900001525878906,26.201095581054688,165801475
2023-10-19,33.70000076293945,33.70000076293945,33.40999984741211,33.650001525878906,26.162221908569336,112544504
2023-10-20,33.25,33.4900016784668,33.0,33.400001525878906,25.967849731445312,58822431
2023-10-23,33.150001525878906,33.349998474121094,33.060001373291016,33.08000183105469,25.719057083129883,42743521
2023-10-24,33.08000183105469,33.470001220703125,32.9900016784668,33.470001220703125,26.02227210998535,25253445
2023-10-25,33.61000061035156,33.689998626708984,33.529998779296875,33.619998931884766,26.138891220092773,20723505
2023-10-26,32.9900016784668,33.18000030517578,32.91999816894531,33.099998474121094,25.73460578918457,59371605
2023-10-27,33.13999938964844,33.31999969482422,33.06999969482422,33.130001068115234,25.757930755615234,17504764
2023-10-30,33.150001525878906,33.310001373291016,33.11000061035156,33.22999954223633,25.835678100585938,13419759
2023-10-31,33.34000015258789,33.349998474121094,32.63999938964844,32.689998626708984,25.415836334228516,51187155
2023-11-01,32.81999969482422,32.900001525878906,32.68000030517578,32.88999938964844,25.571332931518555,16986481
2023-11-02,33.2599983215332,33.54999923706055,33.2599983215332,33.52000045776367,26.06114387512207,19812804
2023-11-03,33.75,33.7599983215332,33.630001068115234,33.689998626708984,26.193317413330078,14161900
2023-11-06,33.91999816894531,34.25,33.91999816894531,34.2400016784668,26.620933532714844,25855660
2023-11-07,34.2400016784668,34.2400016784668,34.029998779296875,34.22999954223633,26.613157272338867,12425730
2023-11-08,34.27000045776367,34.689998626708984,34.27000045776367,34.540000915527344,26.85417938232422,24101096
2023-11-09,34.540000915527344,34.599998474121094,34.45000076293945,34.54999923706055,26.86195182800293,16580079
2023-11-10,34.47999954223633,34.47999954223633,34.33000183105469,34.43000030517578,26.76865577697754,14388660
2023-11-13,34.689998626708984,34.72999954223633,34.47999954223633,34.540000915527344,26.85417938232422,14662874
2023-11-14,34.650001525878906,34.72999954223633,34.58000183105469,34.68000030517578,26.963022232055664,22336013
2023-11-15,34.970001220703125,35.150001525878906,34.779998779296875,34.83000183105469,27.07965087890625,37844602
2023-11-16,34.88999938964844,34.959999084472656,34.70000076293945,34.77000045776367,27.032995223999023,19335973
2023-11-17,34.77000045776367,34.91999816894531,34.77000045776367,34.81999969482422,27.071870803833008,17223282
2023-11-20,34.86000061035156,34.900001525878906,34.7599983215332,34.900001525878906,27.134071350097656,16565866
2023-11-21,35.150001525878906,35.34000015258789,35.150001525878906,35.29999923706055,27.445064544677734,50296478
2023-11-22,35.15999984741211,35.15999984741211,34.970001220703125,35.04999923706055,27.250690460205078,19764795
2023-11-23,35.04999923706055,35.06999969482422,34.880001068115234,34.970001220703125,27.188493728637695,12570277
2023-11-24,34.970001220703125,35.0099983215332,34.93000030517578,34.939998626708984,27.1651668548584,8974136
2023-11-27,34.959999084472656,34.9900016784668,34.720001220703125,34.75,27.017446517944336,24272998
2023-11-28,34.790000915527344,34.95000076293945,34.7599983215332,34.900001525878906,27.134071350097656,11396694
2023-11-29,34.900001525878906,35.18000030517578,34.900001525878906,35.09000015258789,27.28179359436035,22262932
2023-11-30,35.09000015258789,35.11000061035156,34.939998626708984,35.08000183105469,27.274017333984375,11492504
2023-12-01,35.06999969482422,35.15999984741211,34.97999954223633,35.130001068115234,27.312889099121094,16593570
2023-12-04,35.20000076293945,35.290000915527344,35.16999816894531,35.189998626708984,27.35953712463379,16303272
2023-12-05,35.099998474121094,35.099998474121094,34.91999816894531,35.04999923706055,27.250690460205078,18844898
2023-12-06,35.189998626708984,35.380001068115234,35.189998626708984,35.310001373291016,27.452836990356445,28597155
2023-12-07,35.29999923706055,35.40999984741211,35.189998626708984,35.25,27.406185150146484,15710140
2023-12-08,35.56999969482422,35.59000015258789,35.400001525878906,35.41999816894531,27.53835678100586,19236535
2023-12-11,35.59000015258789,35.619998931884766,35.41999816894531,35.470001220703125,27.57723617553711,14261951
2023-12-12,35.650001525878906,35.66999816894531,35.560001373291016,35.58000183105469,27.66275978088379,25120556
2023-12-13,35.77000045776367,36.060001373291016,35.77000045776367,36.060001373291016,28.035945892333984,60094892
2023-12-14,36.470001220703125,36.54999923706055,36.380001068115234,36.54999923706055,28.416912078857422,50945291
2023-12-15,36.630001068115234,36.70000076293945,36.349998474121094,36.36000061035156,28.269187927246094,28704657
2023-12-18,36.349998474121094,36.439998626708984,36.119998931884766,36.380001068115234,28.28474235534668,23447968
2023-12-19,36.380001068115234,36.380001068115234,35.91999816894531,36.099998474121094,28.067039489746094,28515911
2023-12-20,36.130001068115234,36.58000183105469,36.130001068115234,36.56999969482422,28.43246078491211,30462694
2023-12-21,36.25,36.36000061035156,36.099998474121094,36.33000183105469,28.24587059020996,17543384
2023-12-22,36.380001068115234,36.43000030517578,36.29999923706055,36.369998931884766,28.276962280273438,20938801
2023-12-25,36.45000076293945,36.66999816894531,36.45000076293945,36.650001525878906,28.494661331176758,28594689
2023-12-26,36.70000076293945,37.0,36.68000030517578,37.0,28.76678466796875,40059719
2023-12-27,37.13999938964844,37.41999816894531,37.13999938964844,37.41999816894531,29.09331512451172,52857336
2023-12-28,37.43000030517578,37.540000915527344,37.27000045776367,37.33000183105469,29.02334976196289,29355258
2023-12-29,37.33000183105469,37.470001220703125,37.25,37.400001525878906,29.07776641845703,21018884
2024-01-02,37.45000076293945,37.5,37.0,37.16999816894531,28.89894676208496,34523905
2024-01-03,37.0,37.0,36.59000015258789,36.68000030517578,28.517980575561523,85387462
2024-01-04,36.650001525878906,36.75,36.54999923706055,36.59000015258789,28.448013305664062,34909098
2024-01-05,36.599998474121094,36.77000045776367,36.5099983215332,36.54999923706055,28.416912078857422,29143647
2024-01-08,36.66999816894531,36.86000061035156,36.529998779296875,36.56999969482422,28.43246078491211,37562482
2024-01-09,36.779998779296875,36.849998474121094,36.45000076293945,36.4900016784668,28.37026596069336,30569388
2024-01-10,36.400001525878906,36.400001525878906,36.18000030517578,36.2400016784668,28.175893783569336,38347499
2024-01-11,36.25,36.40999984741211,36.2400016784668,36.38999938964844,28.292516708374023,26487810
2024-01-12,36.33000183105469,36.400001525878906,36.189998626708984,36.33000183105469,28.24587059020996,34682398
2024-01-15,36.33000183105469,36.33000183105469,36.33000183105469,36.33000183105469,28.24587059020996,0
2024-01-16,36.45000076293945,36.459999084472656,36.09000015258789,36.369998931884766,28.276962280273438,127132417
2024-01-17,35.630001068115234,35.630001068115234,35.16999816894531,35.189998626708984,27.896448135375977,126085980
2024-01-18,35.189998626708984,35.31999969482422,34.95000076293945,35.119998931884766,27.840961456298828,40619792
2024-01-19,35.40999984741211,35.650001525878906,35.22999954223633,35.650001525878906,28.261112213134766,24300367
2024-01-22,35.779998779296875,36.13999938964844,35.779998779296875,36.13999938964844,28.649547576904297,30311870
2024-01-23,36.150001525878906,36.279998779296875,36.09000015258789,36.20000076293945,28.697113037109375,20955296
2024-01-24,36.27000045776367,36.34000015258789,36.220001220703125,36.22999954223633,28.720901489257812,19062426
2024-01-25,36.33000183105469,36.38999938964844,36.2400016784668,36.290000915527344,28.768468856811523,23806739
2024-01-26,36.290000915527344,36.290000915527344,36.0099983215332,36.06999969482422,28.594064712524414,20021021
2024-01-29,36.06999969482422,36.310001373291016,36.02000045776367,36.279998779296875,28.760534286499023,22106853
2024-01-30,36.31999969482422,36.40999984741211,36.25,36.36000061035156,28.82395362854004,24020859
2024-01-31,36.33000183105469,36.33000183105469,36.150001525878906,36.20000076293945,28.697113037109375,15279912
2024-02-01,36.20000076293945,36.310001373291016,36.20000076293945,36.29999923706055,28.776386260986328,11685932
2024-02-02,36.47999954223633,36.540000915527344,36.40999984741211,36.45000076293945,28.895305633544922,27897489
2024-02-05,36.40999984741211,36.459999084472656,36.22999954223633,36.45000076293945,28.895305633544922,19344926
2024-02-15,36.720001220703125,36.9900016784668,36.70000076293945,36.86000061035156,29.220327377319336,59428540
2024-02-16,36.939998626708984,37.209999084472656,36.939998626708984,37.06999969482422,29.386795043945312,41829926
2024-02-19,37.119998931884766,37.150001525878906,37.029998779296875,37.13999938964844,29.44228744506836,23371893
2024-02-20,37.25,37.459999084472656,37.16999816894531,37.38999938964844,29.640474319458008,37683635
2024-02-21,37.38999938964844,37.400001525878906,37.2599983215332,37.290000915527344,29.561199188232422,18487786
2024-02-22,37.5,37.70000076293945,37.45000076293945,37.650001525878906,29.846588134765625,36835896
2024-02-23,37.81999969482422,37.97999954223633,37.59000015258789,37.59000015258789,29.799026489257812,31288298
2024-02-26,37.59000015258789,37.68000030517578,37.5,37.68000030517578,29.87036895751953,24975181
2024-02-27,37.68000030517578,37.83000183105469,37.25,37.5099983215332,29.73560333251953,22082994
2024-02-29,37.5,37.79999923706055,37.400001525878906,37.70000076293945,29.886226654052734,17395546
2024-03-01,37.70000076293945,37.81999969482422,37.65999984741211,37.7400016784668,29.917936325073242,16535212
2024-03-04,37.88999938964844,38.18000030517578,37.88999938964844,38.0,30.12404441833496,38932105
2024-03-05,38.04999923706055,38.18000030517578,37.849998474121094,38.15999984741211,30.250885009765625,26965766
2024-03-06,38.119998931884766,38.61000061035156,38.06999969482422,38.529998779296875,30.54419708251953,30470899
2024-03-07,38.70000076293945,38.81999969482422,38.400001525878906,38.68000030517578,30.66310691833496,32224318
2024-03-08,38.970001220703125,39.150001525878906,38.279998779296875,38.45000076293945,30.480777740478516,47316747
2024-03-11,38.439998626708984,38.599998474121094,38.38999938964844,38.43000030517578,30.46491813659668,25720536
2024-03-12,38.5099983215332,38.9900016784668,38.5099983215332,38.9900016784668,30.908855438232422,23500827
2024-03-13,39.130001068115234,39.36000061035156,38.93000030517578,39.08000183105469,30.980205535888672,23660561
2024-03-14,39.09000015258789,39.16999816894531,38.650001525878906,38.720001220703125,30.6948184967041,24766063
2024-03-15,38.709999084472656,39.029998779296875,38.63999938964844,39.02000045776367,30.932641983032227,28032852
2024-03-18,39.060001373291016,39.36000061035156,39.040000915527344,39.36000061035156,31.202167510986328,29562983
2024-03-19,39.36000061035156,39.75,39.2599983215332,39.70000076293945,31.471704483032227,27457842
2024-03-20,39.84000015258789,40.150001525878906,39.560001373291016,39.630001068115234,31.41620635986328,28143408
2024-03-21,39.939998626708984,39.95000076293945,39.650001525878906,39.93000030517578,31.65402603149414,18500768
2024-03-22,39.93000030517578,40.08000183105469,39.70000076293945,39.79999923706055,31.55097770690918,27543789
2024-03-25,39.81999969482422,39.900001525878906,39.599998474121094,39.619998931884766,31.40827751159668,19968447
2024-03-26,39.599998474121094,39.84000015258789,38.79999923706055,39.2400016784668,31.107040405273438,31503017
2024-03-27,39.2400016784668,39.61000061035156,39.150001525878906,39.54999923706055,31.3527889251709,13776083
2024-03-28,39.54999923706055,39.779998779296875,39.400001525878906,39.7400016784668,31.50341033935547,15285722
2024-03-29,39.75,39.790000915527344,39.529998779296875,39.7599983215332,31.51926612854004,10729000
2024-04-01,39.88999938964844,39.95000076293945,39.58000183105469,39.59000015258789,31.384498596191406,21356918
2024-04-02,39.619998931884766,39.93000030517578,39.61000061035156,39.880001068115234,31.614395141601562,22413007
2024-04-03,39.689998626708984,39.91999816894531,39.68000030517578,39.75,31.511335372924805,23109129
2024-04-08,39.77000045776367,39.939998626708984,39.65999984741211,39.91999816894531,31.646099090576172,26952024
2024-04-09,39.939998626708984,40.0,39.93000030517578,39.9900016784668,31.701597213745117,16893942
2024-04-10,40.119998931884766,40.349998474121094,40.11000061035156,40.20000076293945,31.868070602416992,20714409
2024-04-11,40.060001373291016,40.11000061035156,39.84000015258789,40.09000015258789,31.780866622924805,27485881
2024-04-12,40.060001373291016,40.09000015258789,39.880001068115234,39.97999954223633,31.69366455078125,20002770
2024-04-15,39.72999954223633,39.81999969482422,39.5,39.619998931884766,31.40827751159668,61798989
2024-04-16,39.150001525878906,39.150001525878906,38.27000045776367,38.4900016784668,30.512487411499023,116477834
2024-04-17,38.599998474121094,39.0,38.56999969482422,38.939998626708984,30.869218826293945,90383327
2024-04-18,38.150001525878906,38.36000061035156,37.970001220703125,38.18000030517578,30.893495559692383,57782555
2024-04-19,37.81999969482422,37.83000183105469,36.650001525878906,37.27000045776367,30.157161712646484,115930890
2024-04-22,37.27000045776367,37.349998474121094,36.83000183105469,36.91999816894531,29.87396240234375,45378687
2024-04-23,37.189998626708984,37.34000015258789,36.939998626708984,37.119998931884766,30.035791397094727,17864829
2024-04-24,37.459999084472656,37.849998474121094,37.459999084472656,37.849998474121094,30.626468658447266,17367222
2024-04-25,37.59000015258789,37.630001068115234,37.380001068115234,37.5099983215332,30.351360321044922,17223405
2024-04-26,37.65999984741211,37.84000015258789,37.65999984741211,37.689998626708984,30.497007369995117,11808233
2024-04-29,38.0,38.400001525878906,38.0,38.34000015258789,31.022958755493164,18476451
2024-04-30,38.34000015258789,38.41999816894531,38.209999084472656,38.31999969482422,31.00676918029785,7182144
2024-05-02,38.099998474121094,38.400001525878906,37.939998626708984,38.349998474121094,31.031049728393555,13062542
2024-05-03,38.68000030517578,38.75,38.43000030517578,38.45000076293945,31.111967086791992,11792828
2024-05-06,38.709999084472656,38.900001525878906,38.66999816894531,38.880001068115234,31.459903717041016,21983838
2024-05-07,38.959999084472656,39.150001525878906,38.709999084472656,38.970001220703125,31.532726287841797,19078891
2024-05-08,38.900001525878906,39.06999969482422,38.880001068115234,39.02000045776367,31.573183059692383,13517659
2024-05-09,39.02000045776367,39.08000183105469,38.880001068115234,38.91999816894531,31.492271423339844,10458902
2024-05-10,38.91999816894531,39.099998474121094,38.77000045776367,39.040000915527344,31.589370727539062,13198046
2024-05-13,39.06999969482422,39.150001525878906,38.93000030517578,39.040000915527344,31.589370727539062,16581244
2024-05-14,39.189998626708984,39.34000015258789,39.13999938964844,39.2599983215332,31.76738166809082,16330849
2024-05-15,39.27000045776367,39.59000015258789,39.27000045776367,39.29999923706055,31.79974937438965,22543684
2024-05-16,39.5,39.66999816894531,39.5,39.599998474121094,32.0424919128418,24932077
2024-05-17,39.599998474121094,39.70000076293945,39.45000076293945,39.5099983215332,31.969675064086914,14438482
2024-05-20,39.52000045776367,39.70000076293945,39.41999816894531,39.65999984741211,32.091041564941406,18697108
2024-05-21,39.65999984741211,39.65999984741211,39.33000183105469,39.5,31.96157455444336,10689550
2024-05-22,39.70000076293945,40.06999969482422,39.70000076293945,40.040000915527344,32.398521423339844,39563407
2024-05-23,40.040000915527344,40.150001525878906,39.79999923706055,40.0099983215332,32.374237060546875,22070580
2024-05-24,39.970001220703125,40.130001068115234,39.75,40.099998474121094,32.44707107543945,17787367
2024-05-27,40.31999969482422,40.90999984741211,40.31999969482422,40.7400016784668,32.96493148803711,37384778
2024-05-28,40.7599983215332,40.900001525878906,40.689998626708984,40.810001373291016,33.02157211303711,15982540
2024-05-29,40.79999923706055,40.79999923706055,40.560001373291016,40.59000015258789,32.84355926513672,14922725
2024-05-30,40.099998474121094,40.310001373291016,40.0099983215332,40.029998779296875,32.39043045043945,20695485
2024-05-31,40.040000915527344,40.310001373291016,39.93000030517578,39.93000030517578,32.30952072143555,19559969
2024-06-03,40.31999969482422,40.45000076293945,40.04999923706055,40.31999969482422,32.625083923339844,12629510
2024-06-04,40.31999969482422,40.31999969482422,39.959999084472656,40.0099983215332,32.374237060546875,14347728
2024-06-05,40.02000045776367,40.04999923706055,39.79999923706055,39.86000061035156,32.25286865234375,18557185
2024-06-06,40.06999969482422,40.099998474121094,39.83000183105469,40.04999923706055,32.4066162109375,18478342
2024-06-07,40.04999923706055,40.09000015258789,39.93000030517578,40.0099983215332,32.374237060546875,11081667
2024-06-11,39.97999954223633,40.02000045776367,39.849998474121094,39.95000076293945,32.3256950378418,19972304
2024-06-12,39.95000076293945,40.02000045776367,39.900001525878906,39.970001220703125,32.341880798339844,12146902
2024-06-13,40.20000076293945,40.45000076293945,40.189998626708984,40.41999816894531,32.705997467041016,22453041
2024-06-14,40.41999816894531,40.560001373291016,40.40999984741211,40.54999923706055,32.811187744140625,12511977
2024-06-17,40.560001373291016,40.849998474121094,40.54999923706055,40.790000915527344,33.00539016723633,15172045
2024-06-18,40.79999923706055,40.97999954223633,40.79999923706055,40.959999084472656,33.14293670654297,15858453
2024-06-19,40.97999954223633,41.619998931884766,40.97999954223633,41.52000045776367,33.5960693359375,21645238
2024-06-20,41.52000045776367,41.959999084472656,41.5099983215332,41.95000076293945,33.94400405883789,17997780
2024-06-21,41.66999816894531,41.959999084472656,41.61000061035156,41.900001525878906,33.90354919433594,17338064
2024-06-24,41.84000015258789,41.84000015258789,41.349998474121094,41.40999984741211,33.50706100463867,28252434
2024-06-25,41.27000045776367,41.36000061035156,40.810001373291016,41.29999923706055,33.41805648803711,24199883
2024-06-26,41.29999923706055,41.56999969482422,41.0099983215332,41.20000076293945,33.33713912963867,34907733
2024-06-27,41.0099983215332,41.04999923706055,40.79999923706055,40.90999984741211,33.102481842041016,24137333
2024-06-28,40.970001220703125,41.349998474121094,40.970001220703125,41.119998931884766,33.272403717041016,19262410
2024-07-01,41.41999816894531,41.439998626708984,41.25,41.349998474121094,33.45851516723633,68378646
2024-07-02,41.290000915527344,41.290000915527344,40.86000061035156,41.099998474121094,33.256221771240234,70261055
2024-07-03,41.34000015258789,41.43000030517578,41.2400016784668,41.41999816894531,33.5151481628418,33052473
2024-07-04,41.58000183105469,41.900001525878906,41.560001373291016,41.880001068115234,33.887367248535156,33043359
2024-07-05,41.900001525878906,42.0099983215332,41.849998474121094,41.939998626708984,33.9359130859375,36063478
2024-07-08,41.95000076293945,42.189998626708984,41.790000915527344,42.13999938964844,34.097740173339844,36568365
2024-07-09,42.20000076293945,42.369998931884766,41.79999923706055,42.09000015258789,34.05728530883789,34742122
2024-07-10,42.099998474121094,42.349998474121094,42.09000015258789,42.34000015258789,34.25957107543945,21494137
2024-07-11,42.5,42.77000045776367,42.38999938964844,42.650001525878906,34.51041030883789,28355397
2024-07-12,42.4900016784668,42.54999923706055,42.16999816894531,42.38999938964844,34.30003356933594,49055589
2024-07-15,42.5,42.540000915527344,42.15999984741211,42.369998931884766,34.28384780883789,68421697
2024-07-16,41.439998626708984,41.439998626708984,41.18000030517578,41.29999923706055,34.28384780883789,75284330
2024-07-17,41.29999923706055,41.310001373291016,40.91999816894531,41.0,34.034812927246094,51029846
2024-07-18,40.599998474121094,40.599998474121094,40.130001068115234,40.400001525878906,33.536746978759766,57467313
2024-07-19,40.33000183105469,40.349998474121094,39.65999984741211,39.810001373291016,33.04697799682617,62247567
2024-07-22,39.79999923706055,39.810001373291016,38.54999923706055,39.040000915527344,32.40778732299805,75113131
2024-07-23,39.2599983215332,39.529998779296875,39.2599983215332,39.470001220703125,32.764732360839844,29514427
2024-07-26,38.5099983215332,38.81999969482422,38.29999923706055,38.81999969482422,32.22515869140625,97498847
2024-07-29,39.0099983215332,39.220001220703125,38.34000015258789,38.41999816894531,31.893110275268555,57478483
2024-07-30,38.29999923706055,38.380001068115234,37.66999816894531,38.369998931884766,31.851604461669922,49617277
2024-07-31,38.22999954223633,38.47999954223633,38.09000015258789,38.369998931884766,31.851604461669922,25377984
2024-08-01,38.849998474121094,39.150001525878906,38.779998779296875,39.150001525878906,32.49910354614258,22615356
2024-08-02,38.41999816894531,38.470001220703125,37.939998626708984,38.0,31.544462203979492,62340146
2024-08-05,37.209999084472656,37.209999084472656,34.79999923706055,35.11000061035156,29.145423889160156,129727897
2024-08-06,35.79999923706055,36.38999938964844,34.45000076293945,35.810001373291016,29.72650909423828,79649634
2024-08-07,35.900001525878906,37.0,35.81999969482422,36.9900016784668,30.70604133605957,29857138
2024-08-08,36.5099983215332,36.81999969482422,36.29999923706055,36.77000045776367,30.523418426513672,25133816
2024-08-09,37.34000015258789,37.619998931884766,37.150001525878906,37.349998474121094,31.004884719848633,23848660
2024-08-12,37.619998931884766,38.0,37.61000061035156,37.880001068115234,31.444849014282227,18130189
2024-08-13,38.279998779296875,38.279998779296875,37.86000061035156,37.97999954223633,31.527860641479492,16988321
2024-08-14,38.2599983215332,38.47999954223633,38.209999084472656,38.36000061035156,31.843303680419922,15621276
2024-08-15,38.40999984741211,38.560001373291016,38.15999984741211,38.16999816894531,31.68558120727539,15770012
2024-08-16,38.61000061035156,38.86000061035156,38.599998474121094,38.81999969482422,32.22515869140625,31179749
2024-08-19,38.81999969482422,39.0,38.70000076293945,38.83000183105469,32.23345947265625,23010780
2024-08-20,38.849998474121094,39.040000915527344,38.849998474121094,38.90999984741211,32.29987335205078,10319550
2024-08-21,38.869998931884766,38.869998931884766,38.59000015258789,38.65999984741211,32.09233856201172,15894209
2024-08-22,38.66999816894531,38.79999923706055,38.54999923706055,38.58000183105469,32.02593231201172,8149166
2024-08-23,38.5,38.619998931884766,38.2599983215332,38.61000061035156,32.050838470458984,15752959
2024-08-26,38.70000076293945,39.15999984741211,38.70000076293945,39.02000045776367,32.39118194580078,17067879
2024-08-27,38.869998931884766,38.900001525878906,38.68000030517578,38.869998931884766,32.266658782958984,11284248
2024-08-28,38.88999938964844,39.0,38.790000915527344,38.9900016784668,32.366275787353516,7708444
2024-08-29,38.779998779296875,39.02000045776367,38.630001068115234,39.0099983215332,32.38288116455078,10367695
2024-08-30,39.04999923706055,39.150001525878906,39.04999923706055,39.060001373291016,32.42439270019531,8782871
2024-09-02,39.11000061035156,39.209999084472656,39.04999923706055,39.060001373291016,32.42439270019531,8523913
2024-09-03,39.13999938964844,39.13999938964844,38.90999984741211,38.97999954223633,32.35797119140625,11817435
2024-09-04,37.66999816894531,38.0,36.970001220703125,37.59000015258789,31.204111099243164,73575671
2024-09-05,37.79999923706055,38.0,37.4900016784668,37.630001068115234,31.23731803894043,21968150
2024-09-06,37.65999984741211,37.95000076293945,37.29999923706055,37.869998931884766,31.436542510986328,18110051
2024-09-09,37.119998931884766,37.65999984741211,37.0099983215332,37.65999984741211,31.262224197387695,33845307
2024-09-10,37.83000183105469,37.83000183105469,37.02000045776367,37.18000030517578,30.863767623901367,35137714
2024-09-11,37.18000030517578,37.31999969482422,37.09000015258789,37.150001525878906,30.8388671875,16235073
2024-09-12,37.61000061035156,37.79999923706055,37.439998626708984,37.77000045776367,31.353532791137695,12789707
2024-09-13,38.09000015258789,38.09000015258789,37.75,37.81999969482422,31.395034790039062,12776760
2024-09-16,37.900001525878906,37.97999954223633,37.81999969482422,37.97999954223633,31.527860641479492,14786769
2024-09-18,37.970001220703125,38.0,37.560001373291016,37.720001220703125,31.312026977539062,27210585
2024-09-19,37.720001220703125,38.06999969482422,37.619998931884766,37.970001220703125,31.51955795288086,13155533
2024-09-20,38.27000045776367,38.38999938964844,38.099998474121094,38.150001525878906,31.66897964477539,12806495
2024-09-23,38.290000915527344,38.369998931884766,38.20000076293945,38.25,31.751991271972656,15202176
2024-09-24,38.25,38.25,37.959999084472656,38.2400016784668,31.743688583374023,17675575
2024-09-25,38.4900016784668,38.779998779296875,38.4900016784668,38.72999954223633,32.150447845458984,15494531
2024-09-26,38.869998931884766,38.970001220703125,38.70000076293945,38.75,32.167049407958984,20592522
2024-09-27,38.849998474121094,39.02000045776367,38.849998474121094,39.0099983215332,32.38288116455078,18780547
2024-09-30,39.0,39.0,38.61000061035156,38.65999984741211,32.09233856201172,36119199
2024-10-01,38.70000076293945,38.77000045776367,38.43000030517578,38.56999969482422,32.01762390136719,65277308
2024-10-04,38.5,38.619998931884766,38.209999084472656,38.349998474121094,31.83500099182129,74501437
2024-10-07,38.59000015258789,38.66999816894531,38.380001068115234,38.63999938964844,32.07573699951172,48118814
2024-10-08,38.5,38.560001373291016,38.15999984741211,38.43000030517578,31.90141487121582,58707919
2024-10-09,38.5099983215332,38.630001068115234,38.40999984741211,38.43000030517578,31.90141487121582,31523987
2024-10-11,38.560001373291016,38.68000030517578,38.5,38.599998474121094,32.04253005981445,37783516
2024-10-14,38.70000076293945,38.7400016784668,38.529998779296875,38.70000076293945,32.125545501708984,47452831
2024-10-15,38.79999923706055,39.099998474121094,38.79999923706055,39.099998474121094,32.45758819580078,39734299
2024-10-16,38.86000061035156,39.040000915527344,38.70000076293945,39.02000045776367,32.39118194580078,100341584
2024-10-17,38.0099983215332,38.15999984741211,37.970001220703125,38.119998931884766,32.53627395629883,68080752
2024-10-18,38.33000183105469,38.349998474121094,38.0,38.060001373291016,32.48507308959961,57800053
2024-10-21,38.060001373291016,38.2400016784668,38.060001373291016,38.09000015258789,32.510677337646484,19833303
2024-10-22,38.09000015258789,38.20000076293945,37.95000076293945,38.15999984741211,32.57042694091797,16769859
2024-10-23,38.20000076293945,38.2400016784668,37.9900016784668,38.0099983215332,32.4423942565918,32316207
2024-10-24,38.0,38.0,37.7400016784668,37.810001373291016,32.27169418334961,58519994
2024-10-25,37.83000183105469,38.0099983215332,37.83000183105469,37.970001220703125,32.40824890136719,15755886
2024-10-28,38.0,38.09000015258789,37.849998474121094,37.939998626708984,32.38264465332031,27253630
2024-10-29,37.880001068115234,37.880001068115234,37.279998779296875,37.4900016784668,31.998559951782227,72480236
2024-10-30,37.54999923706055,37.65999984741211,37.33000183105469,37.41999816894531,31.938814163208008,34822347
2024-11-01,36.9900016784668,37.38999938964844,36.310001373291016,37.34000015258789,31.87053108215332,53926309
2024-11-04,37.439998626708984,37.4900016784668,37.20000076293945,37.47999954223633,31.990020751953125,23956065
2024-11-05,37.369998931884766,37.68000030517578,37.33000183105469,37.68000030517578,32.160728454589844,21306074
2024-11-06,37.68000030517578,37.939998626708984,37.20000076293945,37.790000915527344,32.25461959838867,22556067
2024-11-07,37.79999923706055,38.2400016784668,37.779998779296875,38.15999984741211,32.57042694091797,24017902
2024-11-08,38.29999923706055,38.45000076293945,38.099998474121094,38.130001068115234,32.54481506347656,19982557
2024-11-11,38.130001068115234,38.130001068115234,37.81999969482422,38.08000183105469,32.502140045166016,32465513
2024-11-12,37.77000045776367,37.77000045776367,37.5,37.52000045776367,32.024166107177734,68605040
2024-11-13,37.52000045776367,37.56999969482422,37.27000045776367,37.4900016784668,31.998559951782227,37871149
2024-11-14,37.45000076293945,37.459999084472656,36.9900016784668,37.08000183105469,31.64861488342285,68442232
2024-11-15,37.130001068115234,37.279998779296875,37.040000915527344,37.13999938964844,31.699827194213867,27684652
2024-11-18,37.099998474121094,37.20000076293945,36.939998626708984,37.0,31.58033561706543,53461054
2024-11-19,37.099998474121094,37.349998474121094,36.959999084472656,37.25,31.793718338012695,22701079
2024-11-20,37.099998474121094,37.099998474121094,37.099998474121094,37.099998474121094,31.665685653686523,40867
2024-11-21,37.0,37.15999984741211,36.86000061035156,37.099998474121094,31.665685653686523,20585206
2024-11-22,37.15999984741211,37.4900016784668,37.15999984741211,37.33000183105469,31.861995697021484,16221731
2024-11-25,37.540000915527344,37.709999084472656,37.470001220703125,37.47999954223633,31.990020751953125,17214008
2024-11-26,37.29999923706055,37.5,37.099998474121094,37.310001373291016,31.844928741455078,22624496
2024-11-27,37.310001373291016,37.310001373291016,36.65999984741211,36.709999084472656,31.332813262939453,90850473
2024-11-28,36.709999084472656,36.7400016784668,36.2599983215332,36.5,31.15357208251953,60681566
2024-11-29,36.31999969482422,36.650001525878906,35.97999954223633,36.599998474121094,31.238922119140625,31149510
2024-12-02,36.720001220703125,37.02000045776367,36.720001220703125,37.02000045776367,31.5974063873291,19501574
2024-12-03,37.33000183105469,37.38999938964844,37.0,37.04999923706055,31.62301254272461,28871915
2024-12-04,37.08000183105469,37.16999816894531,36.97999954223633,37.09000015258789,31.657150268554688,15319572
2024-12-05,37.099998474121094,37.27000045776367,37.099998474121094,37.209999084472656,31.759572982788086,14280361
2024-12-06,37.25,37.43000030517578,37.2400016784668,37.29999923706055,31.836393356323242,24069592
2024-12-09,37.349998474121094,37.349998474121094,37.20000076293945,37.29999923706055,31.836393356323242,33577349
2024-12-10,37.310001373291016,37.310001373291016,37.029998779296875,37.04999923706055,31.62301254272461,29877552
2024-12-11,36.939998626708984,37.0,36.849998474121094,36.90999984741211,31.50351905822754,31089692
2024-12-12,37.0,37.11000061035156,36.959999084472656,37.02000045776367,31.5974063873291,11743306
2024-12-13,37.0,37.0,36.7400016784668,36.880001068115234,31.47791290283203,41288944
2024-12-16,36.939998626708984,37.0,36.4900016784668,36.540000915527344,31.18771743774414,55989803
2024-12-17,36.560001373291016,36.56999969482422,36.47999954223633,36.47999954223633,31.136499404907227,39000102
2024-12-18,36.47999954223633,36.79999923706055,36.380001068115234,36.79999923706055,31.409631729125977,17942961
2024-12-19,36.349998474121094,36.65999984741211,36.25,36.630001068115234,31.264530181884766,35089278
2024-12-20,36.560001373291016,36.63999938964844,36.369998931884766,36.41999816894531,31.085289001464844,34134047
2024-12-23,36.709999084472656,36.90999984741211,36.689998626708984,36.849998474121094,31.45230484008789,16879678
2024-12-24,36.900001525878906,37.08000183105469,36.900001525878906,36.959999084472656,31.546192169189453,13340041
2024-12-25,37.09000015258789,37.119998931884766,36.93000030517578,36.9900016784668,31.57179832458496,19224762
2024-12-26,37.0,37.130001068115234,37.0,37.09000015258789,31.657150268554688,16812507
2024-12-27,37.099998474121094,37.11000061035156,37.0099983215332,37.04999923706055,31.62301254272461,15319231
2024-12-30,37.04999923706055,37.060001373291016,36.83000183105469,36.83000183105469,31.435237884521484,32261433
2024-12-31,36.779998779296875,36.790000915527344,36.54999923706055,36.68000030517578,31.307209014892578,41994827
2025-01-02,36.63999938964844,36.81999969482422,36.599998474121094,36.70000076293945,31.324277877807617,81881220
2025-01-03,36.869998931884766,36.90999984741211,36.68000030517578,36.779998779296875,31.39255714416504,52241559
2025-01-06,37.04999923706055,37.29999923706055,36.9900016784668,37.220001220703125,31.768112182617188,57066355
2025-01-07,37.45000076293945,37.47999954223633,37.279998779296875,37.29999923706055,31.836393356323242,40837297
2025-01-08,37.290000915527344,37.36000061035156,37.22999954223633,37.29999923706055,31.836393356323242,31763335
2025-01-09,37.279998779296875,37.29999923706055,36.689998626708984,36.72999954223633,31.349884033203125,110660795
2025-01-10,36.59000015258789,36.720001220703125,36.5,36.560001373291016,31.204788208007812,98213788
2025-01-13,36.45000076293945,36.54999923706055,35.81999969482422,36.0,30.7268123626709,172953269
2025-01-14,36.029998779296875,36.36000061035156,36.0,36.36000061035156,31.034080505371094,47783461
2025-01-15,36.43000030517578,36.45000076293945,36.08000183105469,36.119998931884766,30.829235076904297,78491178
2025-01-16,36.52000045776367,36.58000183105469,36.380001068115234,36.38999938964844,31.0596866607666,70979577
2025-01-17,35.58000183105469,35.58000183105469,35.29999923706055,35.349998474121094,31.0860652923584,109150266
2025-01-20,35.4900016784668,35.529998779296875,35.41999816894531,35.52000045776367,31.235563278198242,38003095
2025-01-21,35.54999923706055,35.689998626708984,35.5099983215332,35.63999938964844,31.34108543395996,25119599
2025-01-22,35.75,35.779998779296875,35.630001068115234,35.779998779296875,31.464197158813477,25694697
2025-02-03,35.0,35.47999954223633,34.91999816894531,35.45000076293945,31.17400550842285,104313948
2025-02-04,35.5,35.75,35.18000030517578,35.20000076293945,30.954160690307617,66182351
2025-02-05,35.380001068115234,35.720001220703125,35.369998931884766,35.619998931884766,31.32349967956543,23218985
2025-02-06,35.630001068115234,35.77000045776367,35.630001068115234,35.709999084472656,31.40264320373535,22993474
2025-02-07,35.709999084472656,35.86000061035156,35.709999084472656,35.849998474121094,31.525758743286133,13686178
2025-02-10,35.84000015258789,35.900001525878906,35.720001220703125,35.880001068115234,31.552141189575195,26888476
2025-02-11,35.88999938964844,36.09000015258789,35.880001068115234,36.02000045776367,31.67525291442871,16617435
2025-02-12,36.04999923706055,36.20000076293945,36.02000045776367,36.02000045776367,31.67525291442871,16131562
2025-02-13,36.18000030517578,36.400001525878906,36.06999969482422,36.34000015258789,31.956655502319336,25914224
2025-02-14,36.349998474121094,36.36000061035156,36.2400016784668,36.290000915527344,31.912681579589844,19334558
2025-02-17,36.29999923706055,36.68000030517578,36.29999923706055,36.599998474121094,32.1852912902832,31726967
2025-02-18,36.630001068115234,36.689998626708984,36.540000915527344,36.68000030517578,32.25564193725586,20914856
2025-02-19,36.68000030517578,36.880001068115234,36.68000030517578,36.84000015258789,32.39634323120117,22230111
2025-02-20,36.849998474121094,36.91999816894531,36.81999969482422,36.83000183105469,32.38754653930664,20599444
2025-02-21,36.84000015258789,37.0,36.83000183105469,37.0,32.53704071044922,23457612
2025-02-24,36.849998474121094,37.0,36.7599983215332,36.97999954223633,32.51945495605469,25681813
2025-02-25,36.849998474121094,36.97999954223633,36.720001220703125,36.900001525878906,32.4491081237793,27032545
2025-02-26,36.900001525878906,37.099998474121094,36.75,37.09000015258789,32.616188049316406,24440082
2025-02-27,37.09000015258789,37.16999816894531,36.70000076293945,36.709999084472656,32.28202438354492,48054719
2025-03-03,36.470001220703125,36.58000183105469,36.29999923706055,36.529998779296875,32.12373352050781,60393136
2025-03-04,36.13999938964844,36.5,36.0,36.459999084472656,32.06217956542969,46998122
2025-03-05,36.5,36.790000915527344,36.459999084472656,36.70000076293945,32.273231506347656,17154909
2025-03-06,36.720001220703125,36.88999938964844,36.720001220703125,36.7599983215332,32.32598876953125,18444738
2025-03-07,36.630001068115234,36.790000915527344,36.529998779296875,36.599998474121094,32.1852912902832,23396087
2025-03-10,36.619998931884766,36.689998626708984,36.36000061035156,36.41999816894531,32.02700424194336,39491265
2025-03-11,36.0,36.29999923706055,35.650001525878906,36.16999816894531,31.807157516479492,93616324
2025-03-12,36.16999816894531,36.2599983215332,36.09000015258789,36.16999816894531,31.807157516479492,23533753
2025-03-13,36.41999816894531,36.439998626708984,35.93000030517578,35.93000030517578,31.596105575561523,44214637
2025-03-14,35.93000030517578,36.02000045776367,35.810001373291016,35.88999938964844,31.560932159423828,40223678
2025-03-17,36.0,36.209999084472656,35.959999084472656,36.130001068115234,31.771984100341797,23474149
2025-03-18,36.31999969482422,36.41999816894531,36.220001220703125,36.40999984741211,32.018211364746094,16083622
2025-03-19,36.5,36.5099983215332,36.119998931884766,36.150001525878906,31.789569854736328,29455437
2025-03-20,36.310001373291016,36.470001220703125,36.310001373291016,36.459999084472656,32.06217956542969,15342481
2025-03-21,36.5,36.5,36.33000183105469,36.400001525878906,32.00941848754883,17418294
2025-03-24,36.47999954223633,36.5,36.2400016784668,36.29999923706055,31.92147445678711,37072979
2025-03-25,36.45000076293945,36.5099983215332,36.16999816894531,36.25,31.87750816345215,34318697
2025-03-26,36.29999923706055,36.41999816894531,36.279998779296875,36.349998474121094,31.9654483795166,16585346
2025-03-27,36.150001525878906,36.15999984741211,36.0,36.06999969482422,31.719219207763672,59096996
2025-03-28,36.02000045776367,36.029998779296875,35.560001373291016,35.79999923706055,31.48179054260254,142881051
2025-03-31,35.349998474121094,35.41999816894531,34.58000183105469,34.7599983215332,30.56723403930664,248771173
2025-04-01,34.86000061035156,35.279998779296875,34.81999969482422,35.2599983215332,31.006921768188477,79124889
2025-04-02,35.34000015258789,35.380001068115234,35.130001068115234,35.16999816894531,30.927776336669922,78719530
2025-04-07,31.65999984741211,31.65999984741211,31.65999984741211,31.65999984741211,27.841156005859375,107437879
2025-04-08,30.020000457763672,30.889999389648438,29.979999542236328,30.600000381469727,26.909013748168945,393982118
2025-04-09,30.600000381469727,30.6299991607666,28.489999771118164,28.690000534057617,25.229400634765625,418060265
2025-04-10,31.549999237060547,31.549999237060547,31.549999237060547,31.549999237060547,27.74442481994629,29568640
2025-04-11,30.780000686645508,32.209999084472656,30.200000762939453,32.209999084472656,28.324813842773438,184658465
2025-04-14,32.849998474121094,33.400001525878906,32.52000045776367,32.65999984741211,28.720535278320312,122810007
2025-04-15,32.869998931884766,33.22999954223633,32.720001220703125,33.13999938964844,29.142637252807617,69163587
2025-04-16,32.88999938964844,33.0,32.72999954223633,32.849998474121094,28.887615203857422,87213838
2025-04-17,32.779998779296875,32.779998779296875,32.380001068115234,32.599998474121094,28.667770385742188,67412102
2025-04-18,32.650001525878906,32.84000015258789,32.560001373291016,32.689998626708984,28.746915817260742,50156779
2025-04-21,32.599998474121094,32.66999816894531,32.31999969482422,32.369998931884766,28.46551513671875,116071899
2025-04-22,32.119998931884766,32.310001373291016,31.969999313354492,31.979999542236328,28.12255859375,161446418
2025-04-23,31.649999618530273,31.670000076293945,31.450000762939453,31.6200008392334,28.768529891967773,59590215
2025-04-24,31.760000228881836,31.780000686645508,31.450000762939453,31.459999084472656,28.622961044311523,44234720
2025-04-25,31.899999618530273,32.130001068115234,31.860000610351562,31.969999313354492,29.08696746826172,40173146
2025-04-28,32.060001373291016,32.150001525878906,32.0,32.150001525878906,29.2507381439209,29434314
2025-04-29,32.150001525878906,32.349998474121094,32.08000183105469,32.34000015258789,29.423601150512695,25535925
2025-04-30,32.38999938964844,32.38999938964844,32.220001220703125,32.220001220703125,29.314424514770508,25303629
2025-05-02,32.41999816894531,32.68000030517578,32.41999816894531,32.63999938964844,29.696548461914062,41127413
2025-05-05,32.79999923706055,32.849998474121094,32.099998474121094,32.369998931884766,29.45089340209961,53373195
2025-05-06,32.31999969482422,32.7400016784668,32.20000076293945,32.68000030517578,29.732940673828125,38778307
2025-05-07,32.709999084472656,32.91999816894531,32.61000061035156,32.63999938964844,29.696548461914062,25983215
2025-05-08,32.779998779296875,32.86000061035156,32.70000076293945,32.84000015258789,29.87851333618164,23185201
2025-05-09,32.900001525878906,33.119998931884766,32.86000061035156,33.11000061035156,30.12416648864746,30764242
2025-05-12,33.38999938964844,33.540000915527344,33.310001373291016,33.470001220703125,30.451702117919922,31691203
2025-05-13,34.04999923706055,34.130001068115234,33.83000183105469,33.880001068115234,30.824726104736328,40034162
2025-05-14,34.11000061035156,34.45000076293945,34.11000061035156,34.439998626708984,31.3342227935791,44900765
2025-05-15,34.47999954223633,34.4900016784668,34.2599983215332,34.38999938964844,31.28873634338379,33379353
2025-05-16,34.369998931884766,34.65999984741211,34.31999969482422,34.5099983215332,31.39790916442871,37604634
2025-05-19,34.5,34.5,34.20000076293945,34.20000076293945,31.115869522094727,39335870
2025-05-20,34.34000015258789,34.45000076293945,34.18000030517578,34.189998626708984,31.10677146911621,20333517
2025-05-21,34.189998626708984,34.619998931884766,34.189998626708984,34.560001373291016,31.44340705871582,42820735
2025-05-22,34.459999084472656,34.4900016784668,34.310001373291016,34.45000076293945,31.343320846557617,19609728
2025-05-23,34.470001220703125,34.529998779296875,34.25,34.290000915527344,31.197751998901367,25347002
2025-05-26,34.290000915527344,34.34000015258789,34.16999816894531,34.20000076293945,31.115869522094727,28192805
2025-05-27,34.20000076293945,34.20000076293945,33.88999938964844,33.93000030517578,30.87021827697754,39296853
2025-05-28,34.119998931884766,34.22999954223633,33.810001373291016,33.939998626708984,30.879314422607422,21642189
2025-05-29,34.119998931884766,34.22999954223633,33.9900016784668,34.08000183105469,31.006694793701172,16089050
2025-06-02,34.0099983215332,34.0099983215332,33.45000076293945,33.529998779296875,30.50628662109375,66962891
2025-06-03,33.86000061035156,33.959999084472656,33.66999816894531,33.790000915527344,30.74284553527832,19385420
2025-06-04,34.0,34.20000076293945,34.0,34.09000015258789,31.015789031982422,21004503
2025-06-05,34.189998626708984,34.220001220703125,34.0,34.0099983215332,30.943004608154297,27171027
2025-06-06,34.09000015258789,34.09000015258789,33.95000076293945,34.0099983215332,30.943004608154297,25487303
2025-06-09,34.13999938964844,34.18000030517578,34.099998474121094,34.13999938964844,31.061277389526367,24098202
2025-06-10,34.209999084472656,34.59000015258789,34.209999084472656,34.529998779296875,31.416109085083008,42358503
2025-06-11,34.63999938964844,34.790000915527344,34.56999969482422,34.59000015258789,31.4706974029541,30330714
2025-06-12,34.599998474121094,34.650001525878906,34.540000915527344,34.59000015258789,31.4706974029541,26471222
2025-06-13,34.52000045776367,34.66999816894531,34.38999938964844,34.59000015258789,31.4706974029541,38832521
2025-06-16,34.540000915527344,34.599998474121094,34.380001068115234,34.599998474121094,31.479795455932617,33784542
2025-06-17,34.70000076293945,34.81999969482422,34.59000015258789,34.650001525878906,31.52528953552246,28786182
2025-06-18,34.650001525878906,34.779998779296875,34.599998474121094,34.70000076293945,31.57077980041504,29556162
2025-06-19,34.70000076293945,34.709999084472656,34.400001525878906,34.40999984741211,31.30693244934082,49709251
2025-06-20,34.369998931884766,34.439998626708984,33.9900016784668,34.209999084472656,31.124963760375977,61197988
2025-06-23,33.880001068115234,33.900001525878906,33.560001373291016,33.900001525878906,30.842924118041992,69586525
2025-06-24,34.220001220703125,34.5,34.209999084472656,34.45000076293945,31.343320846557617,25247531
2025-06-25,34.70000076293945,34.790000915527344,34.58000183105469,34.61000061035156,31.4888973236084,46141573
2025-06-26,34.630001068115234,34.86000061035156,34.619998931884766,34.650001525878906,31.52528953552246,115104217
2025-06-27,34.70000076293945,34.7400016784668,34.630001068115234,34.689998626708984,31.561677932739258,58914728
2025-06-30,34.709999084472656,34.779998779296875,34.599998474121094,34.619998931884766,31.49799156188965,38807785
2025-07-01,34.619998931884766,34.88999938964844,34.54999923706055,34.709999084472656,31.579877853393555,48928394
2025-07-02,34.689998626708984,34.86000061035156,34.650001525878906,34.849998474121094,31.707250595092773,37168877
2025-07-03,35.0,35.15999984741211,35.0,35.150001525878906,31.980195999145508,38823137
2025-07-04,35.189998626708984,35.290000915527344,34.880001068115234,34.88999938964844,31.7436466217041,57109182
2025-07-07,34.88999938964844,34.939998626708984,34.630001068115234,34.83000183105469,31.689058303833008,56062406
2025-07-08,34.810001373291016,34.810001373291016,34.59000015258789,34.650001525878906,31.52528953552246,50457893
2025-07-09,34.650001525878906,34.970001220703125,34.61000061035156,34.95000076293945,31.798234939575195,27227068
2025-07-10,34.970001220703125,35.060001373291016,34.849998474121094,35.040000915527344,31.8801212310791,33330849
2025-07-11,35.040000915527344,35.220001220703125,35.0,35.20000076293945,32.025691986083984,27590354
2025-07-14,35.20000076293945,35.209999084472656,35.0099983215332,35.029998779296875,31.87101936340332,61292347
2025-07-15,35.04999923706055,35.279998779296875,35.040000915527344,35.2599983215332,32.08028030395508,49383279
2025-07-16,35.2599983215332,35.560001373291016,35.25,35.47999954223633,32.28044128417969,54161191
2025-07-17,35.5,35.630001068115234,35.439998626708984,35.540000915527344,32.33502960205078,47775941
2025-07-18,35.650001525878906,35.779998779296875,35.529998779296875,35.599998474121094,32.389617919921875,88926708
2025-07-21,34.880001068115234,34.88999938964844,34.7599983215332,34.79999923706055,32.45116424560547,66878374
2025-07-22,34.79999923706055,34.880001068115234,34.38999938964844,34.41999816894531,32.0968132019043,69431831
2025-07-23,34.52000045776367,34.790000915527344,34.5099983215332,34.779998779296875,32.43251419067383,29258867
2025-07-24,34.86000061035156,34.91999816894531,34.779998779296875,34.849998474121094,32.49778747558594,26554057
2025-07-25,34.849998474121094,34.900001525878906,34.83000183105469,34.869998931884766,32.51643753051758,23910424
2025-07-28,34.869998931884766,34.970001220703125,34.81999969482422,34.959999084472656,32.600364685058594,32172396
2025-07-29,34.95000076293945,34.95000076293945,34.599998474121094,34.70000076293945,32.357913970947266,41542299
2025-07-30,34.70000076293945,34.79999923706055,34.61000061035156,34.77000045776367,32.423187255859375,31500629
2025-07-31,34.77000045776367,34.83000183105469,34.619998931884766,34.790000915527344,32.441837310791016,29520030
2025-08-01,34.400001525878906,34.83000183105469,34.31999969482422,34.810001373291016,32.460487365722656,37777108
2025-08-04,34.75,34.81999969482422,34.599998474121094,34.790000915527344,32.441837310791016,28666175
2025-08-05,34.93000030517578,35.130001068115234,34.849998474121094,35.11000061035156,32.74024200439453,42112549
2025-08-06,35.04999923706055,35.150001525878906,35.02000045776367,35.099998474121094,32.73091125488281,30245021
2025-08-07,35.18000030517578,35.349998474121094,35.18000030517578,35.189998626708984,32.81483840942383,40317578
2025-08-08,35.27000045776367,35.279998779296875,35.220001220703125,35.2400016784668,32.86146926879883,22935862
2025-08-11,35.20000076293945,35.25,35.0,35.22999954223633,32.85213851928711,26709494
2025-08-12,35.22999954223633,35.31999969482422,35.20000076293945,35.209999084472656,32.833492279052734,23365987
2025-08-13,35.290000915527344,35.36000061035156,35.0,35.06999969482422,32.702938079833984,34514567
2025-08-14,35.06999969482422,35.08000183105469,35.029998779296875,35.04999923706055,32.68429183959961,21673765
2025-08-15,35.060001373291016,35.09000015258789,34.9900016784668,35.029998779296875,32.6656379699707,20696052
2025-08-18,35.029998779296875,35.11000061035156,35.0,35.099998474121094,32.73091125488281,22755573
2025-08-19,35.099998474121094,35.099998474121094,34.970001220703125,35.0099983215332,32.64698791503906,19759789
2025-08-20,34.959999084472656,34.970001220703125,34.470001220703125,34.5,32.17141342163086,111644682
2025-08-21,34.560001373291016,34.779998779296875,34.560001373291016,34.709999084472656,32.36723709106445,18250735
2025-08-22,34.709999084472656,34.720001220703125,34.560001373291016,34.599998474121094,32.2646598815918,20208022
2025-08-25,35.0,35.11000061035156,34.86000061035156,34.939998626708984,32.58171081542969,22810027
2025-08-26,34.939998626708984,34.95000076293945,34.84000015258789,34.90999984741211,32.55373764038086,12633997
2025-08-27,34.95000076293945,35.13999938964844,34.939998626708984,35.040000915527344,32.674964904785156,26097940
2025-08-28,35.04999923706055,35.13999938964844,35.0,35.040000915527344,32.674964904785156,15700170
2025-08-29,35.11000061035156,35.220001220703125,34.9900016784668,34.9900016784668,32.62833786010742,17386072
2025-09-01,34.97999954223633,34.9900016784668,34.52000045776367,34.65999984741211,32.320613861083984,45505960
2025-09-02,34.65999984741211,34.849998474121094,34.5099983215332,34.66999816894531,32.329933166503906,23944128
2025-09-03,34.70000076293945,34.81999969482422,34.68000030517578,34.7599983215332,32.41386032104492,16767541
2025-09-04,34.939998626708984,35.099998474121094,34.90999984741211,34.90999984741211,32.55373764038086,20649872
2025-09-05,35.04999923706055,35.119998931884766,35.0,35.11000061035156,32.74024200439453,23952328
2025-09-08,35.29999923706055,35.45000076293945,35.22999954223633,35.40999984741211,33.01999282836914,48322619
2025-09-09,35.439998626708984,35.689998626708984,35.40999984741211,35.65999984741211,33.253116607666016,50076618
2025-09-10,35.86000061035156,36.16999816894531,35.849998474121094,36.06999969482422,33.63544464111328,92908295
2025-09-11,36.130001068115234,36.31999969482422,35.970001220703125,35.970001220703125,33.542198181152344,67917506
2025-09-12,36.099998474121094,36.31999969482422,36.09000015258789,36.18000030517578,33.73801803588867,43772934
2025-09-15,36.29999923706055,36.380001068115234,36.15999984741211,36.220001220703125,33.77532196044922,32481077
2025-09-16,36.27000045776367,36.380001068115234,36.25,36.310001373291016,33.85924530029297,33339127
2025-09-17,36.290000915527344,36.41999816894531,36.16999816894531,36.18000030517578,33.73801803588867,27174970
2025-09-18,36.31999969482422,36.41999816894531,36.18000030517578,36.400001525878906,33.943172454833984,33877613
2025-09-19,36.5,36.59000015258789,36.459999084472656,36.560001373291016,34.092369079589844,29374715
2025-09-22,36.58000183105469,36.83000183105469,36.58000183105469,36.79999923706055,34.31616973876953,35757052
2025-09-23,36.880001068115234,37.06999969482422,36.83000183105469,36.939998626708984,34.446720123291016,55869485
2025-09-24,37.0,37.04999923706055,36.790000915527344,36.88999938964844,34.40009689331055,37577548
2025-09-25,36.88999938964844,37.2599983215332,36.84000015258789,36.959999084472656,34.46537399291992,56761315
2025-09-26,36.900001525878906,36.900001525878906,36.27000045776367,36.5099983215332,34.04574203491211,74606940
2025-09-30,36.77000045776367,37.040000915527344,36.70000076293945,36.79999923706055,34.31616973876953,45522667
2025-10-01,36.869998931884766,37.150001525878906,36.72999954223633,36.810001373291016,34.32550048828125,48078265
2025-10-02,37.0,37.060001373291016,36.970001220703125,37.040000915527344,34.539974212646484,47274389
2025-10-03,37.040000915527344,37.06999969482422,37.0,37.040000915527344,34.539974212646484,38286428
2025-10-07,37.119998931884766,37.5099983215332,37.119998931884766,37.459999084472656,34.93162536621094,74294294
2025-10-08,37.40999984741211,37.459999084472656,37.310001373291016,37.43000030517578,34.903648376464844,38497659
2025-10-09,37.650001525878906,37.66999816894531,37.400001525878906,37.41999816894531,34.894325256347656,47476031
2025-10-13,36.560001373291016,37.0,36.529998779296875,36.939998626708984,34.446720123291016,137917346
2025-10-14,37.119998931884766,37.33000183105469,36.54999923706055,36.59000015258789,34.12034606933594,107833855
2025-10-15,36.650001525878906,36.68000030517578,36.47999954223633,36.66999816894531,34.1949462890625,65149401
2025-10-16,36.90999984741211,37.209999084472656,36.90999984741211,37.189998626708984,34.679847717285156,48610777
2025-10-17,37.16999816894531,37.36000061035156,37.0099983215332,37.11000061035156,34.605247497558594,132777069
2025-10-20,37.27000045776367,37.4900016784668,37.27000045776367,37.4900016784668,34.95960235595703,50790652
2025-10-21,37.65999984741211,37.79999923706055,37.619998931884766,37.65999984741211,35.118125915527344,71068688
2025-10-22,37.61000061035156,37.75,37.47999954223633,37.75,35.202049255371094,85152066
2025-10-23,36.880001068115234,36.90999984741211,36.75,36.810001373291016,35.13142776489258,100299283
2025-10-27,37.20000076293945,37.31999969482422,37.099998474121094,37.2400016784668,35.54182052612305,74116415
2025-10-28,37.25,37.25,37.040000915527344,37.130001068115234,35.43683624267578,41693186
2025-10-29,37.33000183105469,37.59000015258789,37.33000183105469,37.470001220703125,35.76133346557617,90348376
2025-10-30,37.470001220703125,37.56999969482422,37.20000076293945,37.400001525878906,35.694522857666016,56653921
2025-10-31,37.40999984741211,37.599998474121094,37.36000061035156,37.459999084472656,35.75178527832031,62382262
2025-11-03,37.41999816894531,37.47999954223633,37.279998779296875,37.33000183105469,35.627716064453125,46587802
2025-11-04,37.5,37.52000045776367,36.95000076293945,36.959999084472656,35.27458572387695,67933112
2025-11-05,36.41999816894531,36.79999923706055,36.29999923706055,36.779998779296875,35.1027946472168,128830703
2025-11-06,36.970001220703125,37.060001373291016,36.79999923706055,36.95000076293945,35.26504135131836,47289971
2025-11-07,36.77000045776367,36.779998779296875,36.52000045776367,36.54999923706055,34.88328170776367,53493759
2025-11-10,36.560001373291016,36.56999969482422,36.40999984741211,36.56999969482422,34.90237045288086,30555626
2025-11-11,36.630001068115234,36.689998626708984,36.40999984741211,36.40999984741211,34.749664306640625,27327226
2025-11-12,36.41999816894531,36.599998474121094,36.40999984741211,36.459999084472656,34.797386169433594,22947097
2025-11-13,36.47999954223633,36.599998474121094,36.43000030517578,36.5099983215332,34.8451042175293,20895528
2025-11-14,36.15999984741211,36.310001373291016,36.02000045776367,36.130001068115234,34.48243713378906,100385476
2025-11-17,36.099998474121094,36.099998474121094,35.7400016784668,35.790000915527344,34.15793991088867,110559844
2025-11-18,35.34000015258789,35.43000030517578,34.91999816894531,35.0,33.40396499633789,182154054
2025-11-19,34.970001220703125,35.08000183105469,34.65999984741211,34.7400016784668,33.155818939208984,111064874
2025-11-20,35.27000045776367,35.5099983215332,35.25,35.5,33.88116455078125,35081044
2025-11-21,34.959999084472656,35.150001525878906,34.84000015258789,35.0,33.40396499633789,80731566
2025-11-24,35.150001525878906,35.2400016784668,35.0,35.150001525878906,33.547122955322266,26925247
2025-11-25,35.279998779296875,35.38999938964844,35.040000915527344,35.150001525878906,33.547122955322266,28881092
2025-11-26,35.400001525878906,35.709999084472656,35.400001525878906,35.689998626708984,34.062496185302734,30003098
2025-11-27,35.84000015258789,36.130001068115234,35.7599983215332,36.130001068115234,34.48243713378906,33281315
2025-11-28,36.060001373291016,36.130001068115234,35.93000030517578,36.02000045776367,34.37744903564453,26127469
2025-12-01,36.0,36.119998931884766,35.95000076293945,36.0,34.358360290527344,23375577
2025-12-02,36.02000045776367,36.2400016784668,36.02000045776367,36.11000061035156,34.463348388671875,22671783
2025-12-03,36.349998474121094,36.45000076293945,36.27000045776367,36.310001373291016,34.65422821044922,20042410
2025-12-04,36.369998931884766,36.40999984741211,36.310001373291016,36.400001525878906,34.7401237487793,18479886
2025-12-05,36.40999984741211,36.56999969482422,36.40999984741211,36.54999923706055,34.88328170776367,23157829
2025-12-08,36.59000015258789,36.650001525878906,36.56999969482422,36.619998931884766,34.95009231567383,30374895
2025-12-09,36.650001525878906,36.689998626708984,36.560001373291016,36.58000183105469,34.91191482543945,20859901
2025-12-10,36.619998931884766,36.650001525878906,36.54999923706055,36.59000015258789,34.92145919799805,21381226
2025-12-11,36.619998931884766,36.630001068115234,36.220001220703125,36.33000183105469,34.673316955566406,33453869
2025-12-12,36.439998626708984,36.560001373291016,36.400001525878906,36.459999084472656,34.797386169433594,17912442
2025-12-15,36.029998779296875,36.36000061035156,35.9900016784668,36.279998779296875,34.62559509277344,39735314
2025-12-16,36.04999923706055,36.150001525878906,35.880001068115234,36.06999969482422,34.4251708984375,73996396
2025-12-17,36.11000061035156,36.349998474121094,36.11000061035156,36.20000076293945,34.54924392700195,22741514
2025-12-18,36.099998474121094,36.20000076293945,35.97999954223633,36.11000061035156,34.463348388671875,39165667
2025-12-19,36.150001525878906,36.41999816894531,36.119998931884766,36.380001068115234,34.721038818359375,19798143
2025-12-22,36.56999969482422,36.77000045776367,36.54999923706055,36.720001220703125,35.0455322265625,36178771
2025-12-23,36.72999954223633,36.7400016784668,36.52000045776367,36.540000915527344,34.873741149902344,36922833
2025-12-24,36.560001373291016,36.630001068115234,36.5,36.54999923706055,34.88328170776367,24536310
2025-12-26,36.59000015258789,36.61000061035156,36.5,36.61000061035156,34.940547943115234,31955828
2025-12-29,36.61000061035156,36.779998779296875,36.61000061035156,36.72999954223633,35.05507278442383,34991694
2025-12-30,36.720001220703125,36.720001220703125,36.59000015258789,36.689998626708984,35.01689910888672,32032624
2025-12-31,36.689998626708984,36.7599983215332,36.650001525878906,36.72999954223633,35.05507278442383,29741773
2026-01-02,36.77000045776367,37.09000015258789,36.77000045776367,37.0099983215332,35.32230758666992,54418981
2026-01-05,37.16999816894531,37.34000015258789,37.099998474121094,37.130001068115234,35.43683624267578,80814823
2026-01-06,37.150001525878906,37.33000183105469,37.150001525878906,37.2599983215332,35.5609016418457,59509756
2026-01-07,37.34000015258789,37.720001220703125,37.33000183105469,37.619998931884766,35.90448760986328,82945251
2026-01-08,37.619998931884766,37.70000076293945,37.38999938964844,37.40999984741211,35.704063415527344,62321611
2026-01-09,37.40999984741211,37.54999923706055,37.16999816894531,37.400001525878906,35.694522857666016,37923716
2026-01-12,37.650001525878906,37.75,37.619998931884766,37.66999816894531,35.952205657958984,45367756
2026-01-13,37.900001525878906,38.0,37.66999816894531,37.7400016784668,36.01901626586914,64650986
2026-01-14,37.810001373291016,37.97999954223633,37.810001373291016,37.959999084472656,36.228981018066406,51069293
2026-01-15,37.97999954223633,38.0099983215332,37.91999816894531,38.0099983215332,36.276702880859375,51889651
2026-01-16,38.099998474121094,38.29999923706055,38.099998474121094,38.2599983215332,36.51530456542969,62522581
2026-01-19,38.2599983215332,38.470001220703125,38.18000030517578,38.41999816894531,36.668006896972656,80763523
2026-01-20,38.380001068115234,38.540000915527344,38.2599983215332,38.45000076293945,36.69664001464844,85492094
2026-01-21,38.38999938964844,38.529998779296875,38.09000015258789,38.209999084472656,36.46758270263672,151198982
2026-01-22,37.90999984741211,37.939998626708984,37.7400016784668,37.7599983215332,36.87382125854492,94692758
2026-01-23,37.97999954223633,38.08000183105469,37.650001525878906,37.72999954223633,36.84452819824219,85002349
2026-01-26,37.880001068115234,38.22999954223633,37.849998474121094,38.22999954223633,37.33279037475586,89376380
2026-01-27,38.380001068115234,38.65999984741211,38.380001068115234,38.5099983215332,37.60622024536133,89822793
2026-01-28,38.70000076293945,38.790000915527344,38.52000045776367,38.619998931884766,37.71363830566406,55331192
2026-01-29,38.56999969482422,38.56999969482422,38.16999816894531,38.2599983215332,37.36208724975586,56257617
2026-01-30,37.97999954223633,37.97999954223633,37.5,37.58000183105469,36.69804763793945,83636801
2026-02-02,37.279998779296875,37.33000183105469,37.0,37.150001525878906,36.278141021728516,84567947
2026-02-03,37.56999969482422,37.7400016784668,37.400001525878906,37.630001068115234,36.74687576293945,35952190
2026-02-04,37.58000183105469,37.849998474121094,37.40999984741211,37.84000015258789,36.95194625854492,28599526
2026-02-05,37.59000015258789,37.790000915527344,37.5,37.54999923706055,36.66875076293945,36181641
2026-02-06,37.439998626708984,37.599998474121094,37.09000015258789,37.52000045776367,36.63945770263672,39114504
2026-02-09,38.15999984741211,38.20000076293945,37.939998626708984,38.029998779296875,37.13748550415039,66449128
2026-02-10,38.36000061035156,38.41999816894531,38.279998779296875,38.34000015258789,37.44021224975586,73816311
2026-02-11,38.38999938964844,38.77000045776367,38.38999938964844,38.70000076293945,37.79176330566406,119730309
2026-02-23,38.970001220703125,39.5099983215332,38.970001220703125,39.130001068115234,38.211673736572266,99724641
2026-02-24,39.27000045776367,39.7599983215332,39.22999954223633,39.720001220703125,38.78782653808594,87779792
2026-02-25,39.810001373291016,40.29999923706055,39.810001373291016,40.04999923706055,39.11008071899414,84947316
2026-02-26,40.04999923706055,40.36000061035156,39.95000076293945,40.290000915527344,39.34444808959961,57127391
2026-03-02,39.529998779296875,40.0099983215332,39.529998779296875,39.900001525878906,38.963600158691406,71484582
2026-03-03,39.84000015258789,39.9900016784668,39.130001068115234,39.130001068115234,38.211673736572266,88593355
2026-03-04,38.5,38.54999923706055,37.70000076293945,37.7400016784668,36.85429382324219,167482841
2026-03-05,38.5,38.75,38.119998931884766,38.5,37.59645462036133,53267764
2026-03-06,38.29999923706055,38.7400016784668,38.099998474121094,38.630001068115234,37.72340774536133,35583137
2026-03-09,37.279998779296875,37.58000183105469,36.5,37.58000183105469,36.69804763793945,147432305
2026-03-10,38.47999954223633,38.4900016784668,37.63999938964844,37.880001068115234,36.99100875854492,46986922
2026-03-11,38.25,38.709999084472656,38.25,38.63999938964844,37.73316955566406,44233813
2026-03-12,38.54999923706055,38.75,38.33000183105469,38.529998779296875,37.62575149536133,26637056
2026-03-13,38.189998626708984,38.650001525878906,38.189998626708984,38.5,37.59645462036133,30569167
2026-03-16,38.650001525878906,38.90999984741211,38.58000183105469,38.810001373291016,37.8991813659668,36694731
2026-03-17,38.900001525878906,39.18000030517578,38.900001525878906,39.130001068115234,38.211673736572266,31768548
2026-03-18,39.41999816894531,39.58000183105469,39.349998474121094,39.41999816894531,38.4948616027832,31581402
2026-03-19,39.06999969482422,39.20000076293945,38.86000061035156,38.880001068115234,37.9675407409668,47005479
2026-03-20,38.880001068115234,38.97999954223633,38.560001373291016,38.77000045776367,37.8601188659668,36494222
2026-03-23,37.880001068115234,38.099998474121094,37.79999923706055,37.970001220703125,37.078895568847656,107079651
2026-03-24,38.34000015258789,38.369998931884766,37.7599983215332,38.040000915527344,37.14725112915039,48257492
2026-03-25,38.54999923706055,38.7599983215332,38.45000076293945,38.58000183105469,37.67457962036133,30704534
2026-03-26,38.599998474121094,38.849998474121094,38.54999923706055,38.560001373291016,37.65504837036133,29805940
2026-03-27,38.2400016784668,38.45000076293945,38.06999969482422,38.43000030517578,37.528099060058594,50474140
2026-03-30,37.810001373291016,37.93000030517578,37.61000061035156,37.849998474121094,36.961708068847656,95247991
2026-03-31,37.650001525878906,37.65999984741211,37.04999923706055,37.130001068115234,36.258609771728516,144688569
2026-04-01,37.880001068115234,38.189998626708984,37.77000045776367,38.11000061035156,37.21561050415039,48393643
2026-04-02,38.52000045776367,38.52000045776367,37.70000076293945,37.81999969482422,36.93241500854492,138790121
2026-04-07,38.08000183105469,38.18000030517578,37.91999816894531,38.06999969482422,37.17654800415039,72664375
2026-04-08,38.84000015258789,39.119998931884766,38.709999084472656,39.02000045776367,38.104251861572266,83107345
2026-04-09,39.08000183105469,39.099998474121094,38.959999084472656,39.08000183105469,38.162845611572266,38161127
2026-04-10,39.290000915527344,39.56999969482422,39.290000915527344,39.40999984741211,38.48509979248047,48771639
2026-04-13,39.400001525878906,39.599998474121094,39.20000076293945,39.52000045776367,38.5925178527832,46305474
2026-04-14,39.869998931884766,40.130001068115234,39.86000061035156,39.970001220703125,39.031959533691406,68350641
2026-04-15,40.220001220703125,40.54999923706055,40.209999084472656,40.25,39.30538558959961,80349212
2026-04-16,40.529998779296875,40.880001068115234,40.529998779296875,40.79999923706055,39.84247589111328,54748478
2026-04-17,40.79999923706055,41.20000076293945,40.790000915527344,40.97999954223633,40.018253326416016,68231538
2026-04-20,41.310001373291016,41.58000183105469,41.310001373291016,41.470001220703125,40.49675369262695,71242287
2026-04-21,41.599998474121094,41.97999954223633,41.599998474121094,41.970001220703125,40.98501968383789,75701776
2026-04-22,42.0,42.61000061035156,41.970001220703125,42.61000061035156,41.61000061035156,143623428
2026-04-23,41.90999984741211,41.9900016784668,40.20000076293945,40.650001525878906,40.650001525878906,172748186
2026-04-24,40.7400016784668,41.040000915527344,40.63999938964844,40.95000076293945,40.95000076293945,65882120
2026-04-27,41.18000030517578,41.25,40.83000183105469,40.900001525878906,40.900001525878906,145163040
2026-04-28,41.0,41.33000183105469,40.970001220703125,41.11000061035156,41.11000061035156,78383832
2026-04-29,41.060001373291016,41.08000183105469,40.709999084472656,40.93000030517578,40.93000030517578,40507762
2026-04-30,41.040000915527344,41.29999923706055,40.810001373291016,40.900001525878906,40.900001525878906,45814404
2026-05-04,41.5099983215332,41.939998626708984,41.5099983215332,41.91999816894531,41.91999816894531,103916634
2026-05-05,42.150001525878906,42.68000030517578,42.150001525878906,42.619998931884766,42.619998931884766,96661067
2026-05-06,43.59000015258789,43.900001525878906,43.15999984741211,43.86000061035156,43.86000061035156,104957737
2026-05-07,44.22999954223633,44.77000045776367,44.0099983215332,44.720001220703125,44.720001220703125,73333443
2026-05-08,44.70000076293945,45.20000076293945,44.290000915527344,44.849998474121094,44.849998474121094,96427282
2026-05-11,45.040000915527344,45.790000915527344,44.849998474121094,45.7599983215332,45.7599983215332,69477568
2026-05-12,45.790000915527344,45.95000076293945,45.2400016784668,45.58000183105469,45.58000183105469,69532981
2026-05-13,44.97999954223633,45.2599983215332,44.72999954223633,45.150001525878906,45.150001525878906,67160814
2026-05-14,45.5099983215332,45.650001525878906,45.150001525878906,45.150001525878906,45.150001525878906,34567533
2026-05-15,45.380001068115234,45.68000030517578,44.369998931884766,44.45000076293945,44.45000076293945,57557884
2026-05-18,44.0099983215332,44.75,43.65999984741211,44.5,44.5,56063533
2026-05-19,44.5,45.099998474121094,44.0,44.0099983215332,44.0099983215332,54015107
2026-05-20,44.150001525878906,44.459999084472656,44.0,44.040000915527344,44.040000915527344,27812085
2026-05-21,44.7400016784668,45.52000045776367,44.7400016784668,45.439998626708984,45.439998626708984,49153118
2026-05-22,45.81999969482422,46.40999984741211,45.65999984741211,46.349998474121094,46.349998474121094,55621769
2026-05-25,47.5099983215332,48.40999984741211,47.5099983215332,48.349998474121094,48.349998474121094,63000486
2026-05-26,48.68000030517578,48.790000915527344,48.150001525878906,48.31999969482422,48.31999969482422,48166501
2026-05-27,49.16999816894531,49.869998931884766,49.099998474121094,49.63999938964844,49.63999938964844,60323190
2026-05-28,49.650001525878906,50.099998474121094,48.5,48.83000183105469,48.83000183105469,60619887
2026-05-29,49.689998626708984,50.25,49.5,50.20000076293945,50.20000076293945,56985438
2026-06-01,50.5,51.900001525878906,50.5,51.900001525878906,51.900001525878906,57525395
2026-06-02,52.20000076293945,52.79999923706055,51.45000076293945,52.79999923706055,52.79999923706055,68018099
2026-06-03,53.400001525878906,53.79999923706055,52.75,53.79999923706055,53.79999923706055,47221183
2026-06-04,53.29999923706055,53.29999923706055,52.5,52.650001525878906,52.650001525878906,64268840
2026-06-05,52.0,52.20000076293945,50.70000076293945,51.79999923706055,51.79999923706055,68719277
2026-06-08,47.66999816894531,49.45000076293945,47.63999938964844,49.45000076293945,49.45000076293945,121128569
2026-06-09,49.869998931884766,51.29999923706055,49.720001220703125,51.25,51.25,57577236
2026-06-10,50.5,51.04999923706055,49.59000015258789,49.619998931884766,49.619998931884766,69338231
2026-06-11,49.2400016784668,49.79999923706055,48.459999084472656,49.59000015258789,49.59000015258789,65868885
2026-06-12,51.04999923706055,51.650001525878906,50.5,50.599998474121094,50.599998474121094,42278491
2026-06-15,51.849998474121094,52.0,51.29999923706055,51.5,51.5,32874211
2026-06-16,51.79999923706055,51.900001525878906,51.400001525878906,51.54999923706055,51.54999923706055,29713566
2026-06-17,51.150001525878906,51.95000076293945,50.849998474121094,51.95000076293945,51.95000076293945,28943663
2026-06-18,52.400001525878906,52.849998474121094,52.400001525878906,52.79999923706055,52.79999923706055,32758862
2026-06-22,53.5,54.150001525878906,53.5,54.04999923706055,54.04999923706055,46393189
2026-06-23,54.349998474121094,54.900001525878906,53.599998474121094,53.599998474121094,53.599998474121094,51799601
2026-06-24,52.79999923706055,53.400001525878906,52.5,53.150001525878906,53.150001525878906,48220412
2026-06-25,53.70000076293945,53.79999923706055,52.95000076293945,53.20000076293945,53.20000076293945,28343648
2026-06-26,52.79999923706055,52.95000076293945,51.349998474121094,51.45000076293945,51.45000076293945,70851389
2026-06-29,51.75,52.349998474121094,51.599998474121094,51.79999923706055,51.79999923706055,35259036
2026-06-30,52.599998474121094,53.25,52.150001525878906,53.25,53.25,41444341
2026-07-01,53.54999923706055,53.54999923706055,52.54999923706055,52.75,52.75,48312600
2026-07-02,51.849998474121094,52.650001525878906,51.75,52.599998474121094,52.599998474121094,55181889
2026-07-03,52.099998474121094,52.95000076293945,52.099998474121094,52.849998474121094,52.849998474121094,32981684
2026-07-06,53.400001525878906,53.95000076293945,53.099998474121094,53.25,53.25,53895140
2026-07-07,53.25,53.599998474121094,51.95000076293945,52.150001525878906,52.150001525878906,86814433
2026-07-08,52.599998474121094,52.650001525878906,51.650001525878906,52.349998474121094,52.349998474121094,48243562
2026-07-09,52.54999923706055,53.04999923706055,52.29999923706055,52.650001525878906,52.650001525878906,25566607
2026-07-10,52.650001525878906,52.650001525878906,52.650001525878906,52.650001525878906,52.650001525878906,0
