date,actual,crps__pred_baseline,pinball__pred_baseline,crps__pred_augmented,pinball__pred_augmented
2022-05-16,0.0072000706305653,1.1997717110024013,0.5282981759684502,1.1803524604479139,0.5193957004266759
2022-05-17,0.0049148523055102,1.4742836995736772,0.6550744475549904,1.7359233893456658,0.7788560439939058
2022-05-18,0.0086821903816875,1.4182732026603084,0.6227350784428635,1.22962955575346,0.5184345266388083
2022-05-19,0.0079029673014091,0.853536734509419,0.38677420041920774,0.9087330846334836,0.43483174415028153
2022-05-20,0.0069531025104067,0.9461284798824573,0.38627192765394397,0.8953117474649547,0.36609778603443804
2022-05-23,0.0089658015606991,1.6826377122256047,0.744265006634954,1.528634617980459,0.6753622286456332
2022-05-24,0.0092954288240673,2.409192004122216,1.0072291207441155,2.2312970676435118,0.9485986378091529
2022-05-25,0.0052236588895546,1.3751640056035768,0.6001312687615005,1.363236172157558,0.5961422799531317
2022-05-26,0.0080466015386358,1.6963181639305351,0.741760521474338,1.611563849321891,0.7082739491822138
2022-05-27,0.0081426628066826,1.7900215832859931,0.7773283333119323,1.596394372450163,0.7031895826262247
2022-05-31,0.0062974474400311,0.9133547409812702,0.38696853093857986,0.8408421619384756,0.3420960810349839
2022-06-01,0.0063038600260348,0.6266455291631177,0.30901307421195123,0.6222905832054695,0.29600603731265585
2022-06-02,0.0060034943568525,0.6329407249645944,0.3058994907345425,0.6034108695801217,0.29686287303328557
2022-06-03,0.0037528239857258,0.3922038571230571,0.17581006316362485,0.42910106686105765,0.2048685629568725
2022-06-06,0.0046021316894338,1.0089642860125034,0.45334743664802885,1.1361899575947314,0.49154744373524484
2022-06-07,0.0100989738380304,2.613936076808738,1.093240447232895,2.3470003878552728,1.0052814721784709
2022-06-08,0.0098941389743901,2.6071704111341485,1.0849827447439906,2.5440152183292892,1.0626437947024625
2022-06-09,0.0114543119905964,3.798694524018398,1.6044872961557866,3.6781936330608302,1.5329198585462258
2022-06-10,0.0130207979254859,3.7878185135242175,1.5303791083504916,3.4686172814783696,1.4345903456336409
2022-06-13,0.0123785642988392,3.1363675971970713,1.3192088444436694,3.1785602193395817,1.3281882313789026
2022-06-14,0.0083660992732245,0.9132864953870041,0.4181854697911547,0.8587550711617625,0.38335256204623197
2022-06-15,0.0082384917416698,1.669992166707478,0.7341144626222201,1.7470628318657675,0.7617752677803479
2022-06-16,0.0101927465907865,2.976913504294411,1.2011862263701378,2.932945955215964,1.1852317197449154
2022-06-17,0.0089848250161878,0.8980096793462068,0.4450219254841064,0.8927145148799615,0.4413094828169543
2022-06-21,0.0080537949174674,1.6638240343893127,0.7296812583650654,1.6886100205031722,0.7375309641914459
2022-06-22,0.008167579364234,2.0474599390941637,0.8635946348578482,2.162293852156236,0.8959460804019387
2022-06-23,0.0082637034736504,1.7243714104261454,0.7552024963615124,1.66154477387407,0.7298865005496602
2022-06-24,0.0052381980403041,0.6824934045952574,0.27962733226268893,0.6976355026554709,0.28327561707618476
2022-06-27,0.0036418295607919,0.36843762599472163,0.1737185369052303,0.35791768442738436,0.1717883167380914
2022-06-28,0.0064098367275094,0.682956923255392,0.32774341896478637,0.6688523114304857,0.3218550264570327
2022-06-29,0.0050229726082816,0.6689891642684671,0.3279702445869332,0.6734981510399097,0.33016777296882716
2022-06-30,0.0064828262347201,0.8167223363560151,0.34409162927509773,0.7939121060372953,0.3382702366997288
2022-07-01,0.0059505786612563,0.6905297290746794,0.31090210061172974,0.6771798676973846,0.3058634300434942
2022-07-05,0.0072400092389096,1.9514198451074303,0.8068892595316698,1.851532996532447,0.7745537736388411
2022-07-06,0.0043115364023311,0.5324981544637899,0.2280358460024114,0.47000410071920323,0.21931871916332327
2022-07-07,0.0038848203527818,0.4427285187575535,0.2090277654550472,0.5015330338889521,0.24562813671555372
2022-07-08,0.0030594183229229,0.34631250853634005,0.16285373645320309,0.41741584183464286,0.20458340752322052
2022-07-11,0.0035016507360498,0.4112312093392543,0.19685603064040497,0.4555198365768419,0.223193368633765
2022-07-12,0.0017406229166239,1.895262765481254,0.8254174348530767,1.8781779214412548,0.8190421702397009
2022-07-13,0.0018027414264906,0.972940400033707,0.43151908024678226,0.9795656338096792,0.43314536605971765
2022-07-14,0.00365742326043,0.3635045793174479,0.1786534924331707,0.3616107981224734,0.17901978948439462
2022-07-15,0.0029979088451747,0.3674961134169197,0.17824377116704554,0.3191244577385092,0.14543319429711765
2022-07-18,0.0052714353158287,1.0661348308926233,0.4687969528182369,1.1050427240399925,0.48266043348033744
2022-07-19,0.0052297900903841,1.3606456523337913,0.5682474875415247,1.4064743838443938,0.580085820336038
2022-07-20,0.0061809361289282,2.0710901864077584,0.8803319731752557,2.1751622617534796,0.95372769263122
2022-07-21,0.0064519013562023,2.0101540672459666,0.8140661408044757,2.1147277674164955,0.8926333706623778
2022-07-22,0.0065102051500995,1.9430052771037405,0.7784980052394024,2.000122597514483,0.8084582165324352
2022-07-25,0.0039138766055126,0.5128516988019315,0.25117095277664625,0.42171521965238734,0.19428948095178794
2022-07-26,0.0038688853020799,0.4056716868709077,0.19675962207044156,0.4177348999338699,0.19629397355281136
2022-07-27,0.0030042749850882,0.4883223399695717,0.2355755799895409,0.4641475333056553,0.22475195300107595
2022-07-28,0.002259935294695,0.27022769291669996,0.1301818609940094,0.25408908071022096,0.12036657622129388
2022-07-29,0.0023131232733707,0.3290567846942653,0.16122724861787988,0.34890739188306735,0.1695306504657134
2022-08-01,0.0023796899779075,0.2525464777223389,0.11210444930390119,0.24479249299471662,0.10893198538592795
2022-08-02,0.0023228234295169,0.2523618605268789,0.11506469665415317,0.24854507243315846,0.11379869893792348
2022-08-03,0.0030988864411936,0.39632043757215346,0.16490841387192995,0.37759512907531284,0.1615432538943871
2022-08-04,0.0041248640779665,1.0305506518309457,0.4350578193643919,0.9143480126109874,0.39551361389438744
2022-08-05,0.0043037207113983,1.0037257273768794,0.4307305236017096,0.9440222120993532,0.4092017268223944
2022-08-08,0.0044827985528161,1.1456696559026132,0.48081133520905556,1.1152897471872312,0.469941031989238
2022-08-09,0.0044784071363464,1.1112576933233398,0.46997315281917384,1.110857107313813,0.468437009657307
2022-08-10,0.0033417348334246,0.3440095542259325,0.16871353420268245,0.3292959697645596,0.1630880655240004
2022-08-11,0.0019597280064153,0.2059329410440333,0.09158742846503194,0.2068060504237697,0.09338193022700221
2022-08-12,0.0016596227863952,0.5186912974026847,0.23130118583674134,0.5692839075265768,0.25525769078791943
2022-08-15,0.0027129735578504,0.27263418791053035,0.13507695892513666,0.26506672937854386,0.1308540533841415
2022-08-16,0.0033357794851633,0.38521021186401855,0.1741036097008707,0.3396402584525306,0.16594729711666922
2022-08-17,0.0031596598468881,0.33551208344340533,0.16138335548468574,0.3238775083276597,0.15762367639764022
2022-08-18,0.0024341215935737,0.25516230577831234,0.11388009881638628,0.2895624789986528,0.14009598082722702
2022-08-19,0.0036453120330927,0.721223803831931,0.31785014580840504,0.6958848128284177,0.3072258198377105
2022-08-22,0.0036031638078601,0.38959573591432983,0.18504606532815454,0.37622990185369093,0.180966035095739
2022-08-23,0.0032415924438697,0.3443382800827852,0.1655885703282806,0.3328785294081943,0.16182403443510943
2022-08-24,0.0032967416004402,0.5018902653868323,0.21667904155833148,0.4805443786826048,0.20521590452248503
2022-08-25,0.0029868593208132,0.4892601179008308,0.2149097517528214,0.48897703819947186,0.21512457291422252
2022-08-26,0.0025559298434341,0.32787498521436637,0.13608507286130925,0.33658309973903394,0.1354674449691309
2022-08-29,0.001268549595226,0.6559393504167086,0.29169877683969325,0.7013969283392723,0.30975014466837575
2022-08-30,0.0011670788008813,0.49264607086556605,0.2210329564617654,0.5336359888754095,0.23835400117606226
2022-08-31,0.0020151729272917,0.2289391042380207,0.10789099569459865,0.22397962093597637,0.10544443615319823
2022-09-01,0.0022500470199536,0.22435409599424236,0.1111206615061519,0.22021101491638428,0.10890650838550817
2022-09-02,0.0032492834958414,0.39699141823177375,0.17151120747663373,0.35904646066726176,0.16585738472057343
2022-09-06,0.0035346147357064,0.816437693016986,0.3511142637529514,0.8043232386525273,0.3461166041855056
2022-09-07,0.0057020160127685,2.112975991497353,0.9434753831089552,2.0904287143875004,0.9328049840351227
2022-09-08,0.0051588537226362,1.789338874205099,0.7748625246202009,1.870190226331658,0.8306063347070903
2022-09-09,0.0049771381304037,1.6010414471774392,0.6633051995085186,1.6146893969254037,0.677266310570584
2022-09-12,0.005393627882334,1.8989186883692548,0.8286730481236144,2.018531196238538,0.9083709492740384
2022-09-13,0.0050150452373381,1.4820355630786304,0.5957095616996776,1.5832944908481263,0.6527049845104527
2022-09-14,0.0030275067246582,0.3884211486706719,0.1898583364382459,0.3363798348121088,0.15832667424894342
2022-09-15,0.0030874390778993,0.35411452727516096,0.160907417283703,0.38607447622098817,0.16172358357180355
2022-09-16,0.0045909400416513,0.7983758843921394,0.35293121043313896,0.874085399495653,0.38596297885022884
2022-09-19,0.0025457298261042,0.5021811910254188,0.2322115902076913,0.33794516135442193,0.165672409500578
2022-09-20,0.0025711518778555,0.2632189627970537,0.1217169752802176,0.2528141332891145,0.12120876252491321
2022-09-21,0.0024586501315865,0.24956241403446183,0.11699996947734391,0.2404856482186387,0.11887925493065003
2022-09-22,0.0030389172479999,0.3210178369577457,0.1549454604599434,0.3292205821564482,0.1543233800634336
2022-09-23,0.0029434192726113,0.3488797055512188,0.16760604362881576,0.30230572763513275,0.13483741157238557
2022-09-26,0.0027292816903666,0.2768766349338318,0.1367651816654153,0.2759784183973424,0.13536355207743211
2022-09-27,0.00305205242313,0.39570260721152656,0.16279482244141646,0.4003910318206975,0.1612116610996895
2022-09-28,0.0060072316498201,2.1567195863240123,0.9499732320890047,2.176167611042081,0.9662035212471056
2022-09-29,0.0050309707243021,1.517691275343637,0.605995444378858,1.4478916066107164,0.5850756167208808
2022-09-30,0.0035660347914659,0.3809648357246312,0.18248348696242847,0.3630981098190429,0.17740490944033044
2022-10-03,0.0067871136303671,2.3645588932945225,1.026320841078327,2.4087129522090587,1.060054495512188
2022-10-04,0.0071883435247959,2.678725755143146,1.1989037178155406,2.727500713674207,1.2336250425375574
2022-10-05,0.0043163016580608,0.7939448834053094,0.3513824450902931,0.7276060229850653,0.3211437861428303
2022-10-06,0.0045443347888867,0.6792959634429994,0.2914548895731848,0.6384512992823804,0.2681330332312499
2022-10-07,0.004551592954043,0.8880803603585442,0.3919072430173025,0.9499923555764163,0.41520818860911496
2022-10-10,0.0036136685397587,0.5592581416110498,0.27181938069509665,0.47284723225734065,0.2317190103417359
2022-10-11,0.0058390642852659,0.8078404959255404,0.33353571267035304,0.6306095759560759,0.29627290850268073
2022-10-12,0.0057585342192348,1.0918123547850005,0.4827157153441785,1.1203401149735348,0.49385076407331696
2022-10-13,0.0068110867735816,2.1039197171335204,0.8465367478135901,2.0778002468964165,0.8354212444912552
2022-10-14,0.0068366119939184,2.001446704207794,0.8069588414817704,2.0614585874316873,0.8215508276160753
2022-10-17,0.0048607165507266,0.5839143063877124,0.255745644833696,0.6125180494903026,0.2549581280828689
2022-10-18,0.0022989816059599,0.24664998315179476,0.11097659002920253,0.2275816275987096,0.1076799985234552
2022-10-19,0.0043245494111142,0.5991593303681002,0.24761172884215693,0.5311366832808003,0.22577287051750666
2022-10-20,0.0032242917654802,0.48458808937172143,0.2363688574086118,0.4536892038544583,0.22202701480255557
2022-10-21,0.0032264068379586,0.323376125156177,0.15509393709473665,0.3148949182039738,0.1548471584824802
2022-10-24,0.0029171665457078,0.29038255528474277,0.14361950092076978,0.2881123220437134,0.14265201356925755
2022-10-25,0.0026188172906726,0.2666826039677079,0.12437451121469005,0.26024103233424545,0.12229058678164154
2022-10-26,0.0003617608232461,0.9804984022457913,0.4440802160392487,0.9616856772674579,0.4357939977820583
2022-10-27,0.0039858491198984,0.473236994602115,0.20923514543638183,0.50644918040549,0.20937830450386108
2022-10-28,0.0039501245227906,0.5238547073387526,0.21148130158627262,0.49028798639277366,0.2066277107495844
2022-10-31,0.0040563667056748,0.7840081914612963,0.34620569046193617,0.7957219281139463,0.35048554878839383
2022-11-01,0.004027966431932,0.5985839937677501,0.2562332860263446,0.5472590020882588,0.22532415386757754
2022-11-02,0.0040761383091286,1.443618031735726,0.6318845835531693,1.3773781346007588,0.5915083682322594
2022-11-03,0.003313669709132,0.435720710755006,0.21344695633539398,0.4715366283013132,0.23055607719602544
2022-11-04,0.0116441897694773,4.994463830747435,2.338538123758086,4.8642104553077985,2.266516440203296
2022-11-07,0.0147463460837579,6.689825346534906,3.1744512852896816,6.818437108475494,3.253555916173456
2022-11-08,0.015090721176529,7.197467323663912,3.448719474413207,7.2653048565862886,3.488439481804095
2022-11-09,0.0163052175386056,8.303497163097969,4.017707533687911,8.236327505061782,3.9826046564112088
2022-11-10,0.0153199034611501,6.473898087912699,3.020033446575158,6.622298771859336,3.1115839820427746
2022-11-11,0.0075913917089717,2.178845769963599,0.8839799676179971,2.331930849345219,0.9424673766325021
2022-11-14,0.0046062706497513,0.46998222140428875,0.2315670475206776,0.4604167202406545,0.21422063367527203
2022-11-15,0.0048212553357097,0.6030245651930901,0.2936771869938979,0.736401979259988,0.3572176366684181
2022-11-16,0.0035638139875892,0.4452427531105905,0.21679375458921027,0.4775437260076997,0.23410732535256035
2022-11-17,0.0020946574814116,1.988389465860377,0.854949273317102,2.0801818582322222,0.9005941368196984
2022-11-18,0.0015494240887258,1.3478027858744754,0.5751040342774256,1.4979812125754766,0.6468416063746556
2022-11-21,0.0016215019866844,0.8863683979734728,0.3927897805159938,0.8438848165007456,0.37422296832609736
2022-11-22,0.000969813716195,1.4337539583501946,0.6367335839909194,1.4730903246537732,0.6559938551116794
2022-11-23,0.0047559550364501,0.6832923356974403,0.2881892369908474,0.7012910740408704,0.300841220144648
2022-11-25,0.0042191651540832,0.767144601291265,0.3395482325468637,0.7747338810895207,0.3426945910263723
2022-11-28,0.0042357683070507,0.7121038975003358,0.3139079004368379,0.691592964020269,0.30415030106800256
2022-11-29,0.0063260901627682,1.6318171285441168,0.683138039920761,1.55094350421705,0.6560076928995748
2022-11-30,0.0067887151057763,2.4882383735527758,1.1058805091331536,2.4529537019357157,1.0879075648721317
2022-12-01,0.0030090608889823,0.30079687694210133,0.14906882841310853,0.30906168050870514,0.15022737927068675
2022-12-02,0.0037362743373867,0.373168855646294,0.18490530794680915,0.36770391999329577,0.18213838532282917
2022-12-05,0.0038657702972726,0.412110713717392,0.19769399717610645,0.4060609909199435,0.1945348752093984
2022-12-06,0.0016070086227218,1.535585894674353,0.660727047608918,1.5054802268633347,0.6480212994106805
2022-12-07,0.0011443479321255,1.5046618542909431,0.6640529174903558,1.3521637819916887,0.5936812609159186
2022-12-08,0.0011326457190734,0.8507735427871708,0.3677213435247384,0.7470622720636572,0.32538472133736657
2022-12-09,0.0020238615419915,0.39213429293193913,0.1821631560814457,0.3445251448482001,0.1638810419023868
2022-12-12,0.0019407530236282,0.6077643660383942,0.2710600630438703,0.513211823412075,0.22490624395044317
2022-12-13,0.0025705373312493,0.3089304900580243,0.13525960978909318,0.3326155699311547,0.13545891771022459
2022-12-14,0.00260182260817,0.4022022143996083,0.17446308761500776,0.39717650437425034,0.17228997639707413
2022-12-15,0.0028560666955778,0.5193019732317272,0.22984984841319542,0.5375504369546913,0.23753281519305394
2022-12-16,0.0017398170585,0.32220873787232135,0.15133087831877334,0.2813653693135481,0.13521008375426982
2022-12-19,0.001769481986803,0.19252915341095295,0.08789969482630246,0.18079354741374923,0.08126446561530337
2022-12-20,0.0012728355814087,0.41220175784817714,0.18427003353297408,0.4168502279049726,0.1865856117250028
2022-12-21,0.0013182946869939,0.2517143971385038,0.11735460474200331,0.2309849142653134,0.1091831651856674
2022-12-22,0.002326031132024,0.2525187592940012,0.119591549202977,0.2517901302773463,0.11809603243644921
2022-12-23,0.0017595567539795,0.20897790722284942,0.10046448283196902,0.18954739780238955,0.08730945894774086
2022-12-27,0.0018761129942838,0.18947503370566096,0.08960388591392361,0.18319587416960065,0.09030271837648783
2022-12-28,0.0022100359343961,0.24303658507538278,0.11402384196211686,0.2413901653054752,0.11247960389259938
2022-12-29,0.002921180160267,0.5102372428762466,0.22560536143134327,0.48092055096083397,0.21174810447844553
2022-12-30,0.0016795779668924,0.17137659910086137,0.07967014533651383,0.17108250556839635,0.07725935357628781
2023-01-03,0.002664052977005,0.47397213104882957,0.20974741564674368,0.48847706024440024,0.21608100279969522
2023-01-04,0.0027863607804313,0.43419229302613044,0.18873032844219073,0.35616837935371093,0.14652506877155413
2023-01-05,0.002611643067693,0.44357559858735196,0.19572539542392275,0.3688324479659218,0.15529570273628437
2023-01-06,0.0020313387241179,0.20345080065915022,0.09772696452137887,0.21786424073687916,0.09996029355591397
2023-01-09,0.0020469745754417,0.2792035709666883,0.114175599436399,0.26645637347502626,0.10798030698727172
2023-01-10,0.0012518467062611,0.1566442050157111,0.07629254273960019,0.1934350347191697,0.09366387331834743
2023-01-11,0.0012847611373354,0.16480165294522223,0.08055252214722322,0.15463542358280985,0.07502543664033
2023-01-12,0.0012887177309052,0.1618536588551307,0.07887991508020595,0.1594785939677182,0.07778024031688449
2023-01-13,0.0023438495597221,0.3580135475115301,0.15472936147768998,0.3572714115825874,0.1549209295176627
2023-01-17,0.0032966037303972,0.7749492146055672,0.33197283908285075,0.8809518931118506,0.36401722016767807
2023-01-18,0.0033879124579599,0.9960896890025681,0.4010484611799305,1.0881930580382357,0.45358552558246157
2023-01-19,0.0029677650312942,0.6633993680322177,0.2871981215825547,0.7262855888646176,0.3073441884905234
2023-01-20,0.0029703198689481,0.6491569782934178,0.28219157966985997,0.6539977584626382,0.28327681260864795
2023-01-23,0.0028043076578794,0.6095964377882607,0.2652459632928473,0.6695619350626523,0.2850185954570213
2023-01-24,0.0029126611878478,0.5247752577570471,0.23225443049436154,0.5512307358225891,0.24349376855917815
2023-01-25,0.0033062836270168,0.5055425279156102,0.21856198776169714,0.48427084338730536,0.20720078311299253
2023-01-26,0.0044591286523294,1.274750066049651,0.5178145935384033,1.2848884366861313,0.5190013696314112
2023-01-27,0.0058759189752103,2.2439863115780683,1.0141893479783324,2.186117058437671,0.9814374996942732
2023-01-30,0.0065072691629506,2.695315631096546,1.2509597922612827,2.692932818971405,1.2518412659215807
2023-01-31,0.00555072564533,1.472215501928512,0.6115650584425966,1.4730867172011852,0.6099345357358763
2023-02-01,0.0050147646239054,1.6083021086790852,0.6650098550021866,1.6530895314126917,0.7002028709352515
2023-02-02,0.004073546810346,0.9258045907007297,0.39946903825469865,0.9521353491538359,0.4073144168236392
2023-02-03,0.0023444366900375,0.23304112769532323,0.11490049606429714,0.22948571420814903,0.11122304748272388
2023-02-06,0.0017772880581272,0.695397111058335,0.31234845514047466,0.6951209304984026,0.31196153722538217
2023-02-07,0.0022471610822897,0.30522496997932974,0.1497108530488292,0.29840291161650523,0.14628860597593316
2023-02-08,0.0031167249428795,0.3517687678279501,0.1618420568080524,0.34423976712766846,0.15907247863011925
2023-02-09,0.0057412655206499,1.4354575133657062,0.6058753356926783,1.4229121329826366,0.6001577806592177
2023-02-10,0.006353396235135,2.1426762445182126,0.9140986520063132,2.037315616462059,0.8483110391941638
2023-02-13,0.0061363051570027,1.8835534896184825,0.7542207780739838,1.8779450401276347,0.7568791090108992
2023-02-14,0.0065986574568606,2.538919371234656,1.1504706376590315,2.5173592885415395,1.140694116377903
2023-02-15,0.0056077670555607,1.7571631706251465,0.7146458339179439,1.589894436143553,0.6454166667830293
2023-02-16,0.0028145734180556,0.2933833148250675,0.14282518226368893,0.2749528995268283,0.13568345858587083
2023-02-17,0.002672582176364,0.42102087029134755,0.20412208229824094,0.515884067172213,0.23815840010360623
2023-02-21,0.0017903002882494,0.7375891880076292,0.33109763919508556,0.9090889943477626,0.40375715894249486
2023-02-22,0.0007679083049306,1.3746100659816811,0.6154191193642492,1.4889678488464448,0.669233689338148
2023-02-23,0.0008470346532081,0.8663352442032404,0.3752488279375084,1.027565120523739,0.4519577243391772
2023-02-24,0.0008029828266194,0.6980783209200573,0.2978834029615389,0.9461467028041118,0.4153361894423226
2023-02-27,0.0009022489207141,0.7624925234199947,0.3261694889915589,0.9576561410361656,0.41705402939213915
2023-02-28,0.0009049459957701,0.4356626369856011,0.19451088743925035,0.6489726420863892,0.2806423444164176
2023-03-01,0.0010164506818194,0.20310797296319547,0.09360761828594806,0.3001558561343869,0.13338734678286013
2023-03-02,0.0009201178190055,0.2816050800312727,0.12535259755288503,0.38645858648557535,0.17317390316447204
2023-03-03,0.0023797819213477,0.3633303882610182,0.15700342165309217,0.27644384361321034,0.12287229394432748
2023-03-06,0.0026509732694666,0.5447166603068839,0.2390482568411277,0.40173461262715204,0.17390333685847736
2023-03-07,0.0027251787995675,0.5245304655842085,0.23168517784695528,0.42600029706368325,0.18591080872101493
2023-03-08,0.0027262621836877,0.5260858232237672,0.2323346122609008,0.44629793566443615,0.19634692553226799
2023-03-09,0.0027194610303041,0.5917696172327366,0.2574416171749905,0.42534445796457027,0.1856452678664367
2023-03-10,0.0019274427661008,0.23649207542961612,0.11472877460088345,0.28556668760996595,0.13907988920967734
2023-03-13,0.0009995614480876,0.5300294926444571,0.2353543976613598,0.569112470132436,0.25080063691158955
2023-03-14,0.0008627188394397,0.40441230309370074,0.18077617986706268,0.42529708585589554,0.18922941472916405
2023-03-15,0.0020490056287025,0.20611580701559337,0.10210720271537081,0.20045821014262147,0.09730715532280589
2023-03-16,0.0026920315829182,0.3526032124530735,0.1438311739428819,0.31489278432048057,0.13919923960041442
2023-03-17,0.0020714258185673,0.25084787822490884,0.10915732993828771,0.2382747864493739,0.10672892953732697
2023-03-20,0.0020924280552994,0.35210494344378845,0.15522800074417806,0.33185531399181534,0.14523911605001
2023-03-21,0.0021009703552206,0.4182919494367952,0.18423558863856007,0.4208224436942264,0.18494696243580389
2023-03-22,0.0007580495445693,0.20233771920891647,0.08852385156480472,0.21860966351437883,0.0969175453142154
2023-03-23,0.0006279208550438,0.47420427621990074,0.20486857279491555,0.46208271407811186,0.19938026559624103
2023-03-24,0.0007526023108878,0.24395687411251074,0.10906513868867836,0.24078183803697178,0.10764268781332376
2023-03-27,0.0015947880243759,0.1586469611054041,0.07840597374845641,0.15660980804415392,0.07755481420076812
2023-03-28,0.0016518852892474,0.17197400029085697,0.083785908670572,0.17594672699299213,0.08348522090568283
2023-03-29,0.001668750526519,0.2650037853292963,0.11573015857937989,0.26411301132086873,0.11554424937446356
2023-03-30,0.002109272632516,0.5401099241161282,0.22655889523707598,0.5515314889654636,0.22931338015764755
2023-03-31,0.0019394594997055,0.3971510839828615,0.17436342953996792,0.4283834304074195,0.18543499043299336
2023-04-03,0.0012218335383495,0.12473748224895805,0.05793797970766192,0.12395312441439392,0.056322061377748284
2023-04-04,0.001154044229603,0.1482487598406989,0.0724740409883744,0.1630920124178885,0.07978667680005662
2023-04-05,0.001408759067012,0.1407885451184392,0.0679434036755543,0.152403247833419,0.07044672601167908
2023-04-06,0.0007299345123603,0.4230097241670905,0.18669683753036156,0.4349323995208537,0.19100390105427834
2023-04-10,0.0007323641632774,0.28359030308833366,0.12738585961803764,0.30524591707202947,0.13681045655821503
2023-04-11,0.0007286508563956,0.1558002994267311,0.0705011766564537,0.1499756888166873,0.06804621075909784
2023-04-12,0.0007522828138037,0.14673150589026843,0.06804883796745556,0.13009597741506784,0.0616760619236
2023-04-13,0.0005133149206486,0.3021410399100632,0.13320475569406282,0.29344070692810725,0.12927868578281043
2023-04-14,0.0005319870423725,0.1425238745023283,0.06239262693537352,0.14250749930091391,0.0625800088500516
2023-04-17,0.0005295300613289,0.1703192955821797,0.07610361482649222,0.15975506457602198,0.07113147261773263
2023-04-18,0.0005450521428501,0.125301854879173,0.05553556782437742,0.11344039365376217,0.05131047295935997
2023-04-19,0.0013488987365338,0.1900464481164538,0.07932548641214453,0.20177556915983685,0.08698352801830068
2023-04-20,0.0013587029883674,0.21169088933969304,0.09201199753175035,0.1996130776472536,0.08550800456474611
2023-04-21,0.0012067382295215,0.16397044019215262,0.06687808987453821,0.17735639337933753,0.07598549254786875
2023-04-24,0.001242462853719,0.22985394179073282,0.10171125619788114,0.23707658791871858,0.10466976892451663
2023-04-25,0.001067207312873,0.1362561460354217,0.056775550394703986,0.14327698377588388,0.0585210912425375
2023-04-26,0.0006676650393371,0.19539737349744393,0.0865913236980681,0.18555989805782694,0.08190835113221476
2023-04-27,0.0006253496712584,0.1411824076053226,0.06290362094394045,0.14489316589204015,0.06351369048393533
2023-04-28,0.0005642653629624,0.15407634445354873,0.06765373304518259,0.16256111280931282,0.07206113927106755
2023-05-01,0.0009200840177945,0.09412626111944318,0.04357358108259276,0.09938730501138814,0.04588903862463794
2023-05-02,0.0015922573581589,0.2878176253168875,0.12738553191232851,0.2723124875639703,0.12032823805248453
2023-05-03,0.001294665434552,0.18988688052007818,0.08086019857423493,0.16187060052722643,0.06781433398028194
2023-05-04,0.0013673436034101,0.261217782831641,0.11543467074859123,0.23440815746538846,0.10359160469024761
2023-05-05,0.0012854928252521,0.25025676543577197,0.11045948920539225,0.20924314115797826,0.09198111771842106
2023-05-08,0.0013471627027136,0.26298492705018967,0.11604876176793565,0.22671288204484932,0.10004871060621884
2023-05-09,0.0010933279706131,0.11680723127364616,0.055949284183719764,0.11108115096524356,0.05433985321803283
2023-05-10,0.0011911467937647,0.1429986909808492,0.06266410863733866,0.13559794211459958,0.06123017889026395
2023-05-11,0.0013400257070028,0.1813084502428744,0.07371394944526682,0.16588965363482883,0.07006163362306342
2023-05-12,0.0018034897069724,0.39207039240440333,0.17059427463887442,0.33853650639921856,0.14961765157550513
2023-05-15,0.0015871928830064,0.23028369197871668,0.09758311202526503,0.23153229932750535,0.09890551668452453
2023-05-16,0.0013327205319318,0.2015072661857759,0.08680329433053072,0.18337920357688586,0.07611445279729027
2023-05-17,0.0011929609851444,0.12318889241670854,0.060307333507623226,0.11644575984073566,0.057345705551236865
2023-05-18,0.0009905396478371,0.09847051101993838,0.04825834719680889,0.10139619020839337,0.04544758745388702
2023-05-19,0.0013805953848843,0.1601636262869407,0.07212800804553283,0.13927533545308968,0.06839316091755702
2023-05-22,0.0013741203681894,0.1411418368693815,0.06930304691576053,0.13627655259427418,0.06740526787841855
2023-05-23,0.0013794482756218,0.17067363678482456,0.07298275727329206,0.15962661410534768,0.07116542600851825
2023-05-24,0.0015207030270938,0.19834046053764887,0.08119247528288623,0.17451054119120227,0.07831148308020694
2023-05-25,0.0016081345821019,0.2919181038005472,0.12920498362465072,0.2525467293545706,0.11031496288752796
2023-05-26,0.0010776375281198,0.12594226052525576,0.060173900519823714,0.1438584842437913,0.07052750585735892
2023-05-30,0.0008791648565123,0.10132159612243279,0.04810681637979653,0.11339961250745378,0.055534546509705816
2023-05-31,0.0009097903601348,0.10243614403491609,0.04801744991929117,0.1209125585413951,0.059277269659450495
2023-06-01,0.0010394772272629,0.10624779547118371,0.04925439034331398,0.10935500370091222,0.04921213828010835
2023-06-02,0.0010396609040606,0.10662458408693205,0.04916973867549471,0.10871513653379192,0.04857240556458511
2023-06-05,0.0007251129604664,0.10999376558441627,0.05359983766576457,0.11998922259592325,0.05740682607985977
2023-06-06,0.0009992333940513,0.09930851126912531,0.04884634327981626,0.09752338599871041,0.04782719375889465
2023-06-07,0.001037432974434,0.10603578397370661,0.052198037928083335,0.10488943379479604,0.05145007441994136
2023-06-08,0.000687756929681,0.14905060405553394,0.06719239009601888,0.14006162214751883,0.06373798705278542
2023-06-09,0.0009735606110447,0.09676867017823566,0.04746698483397851,0.09509185298993039,0.04690776139343416
2023-06-12,0.0010364579608411,0.10801036451701315,0.05259000974076439,0.11132921577539913,0.05251069105611411
2023-06-13,0.0009580077704688,0.0952779972118499,0.04661212657775932,0.09407853373434205,0.04523538519468686
2023-06-14,0.0010679487045364,0.10988625633182363,0.05390661362318159,0.10945442173407564,0.0532732676550091
2023-06-15,0.0010608049589785,0.12126133128654348,0.055243442722212106,0.1247478420715938,0.05491283864467334
2023-06-16,0.0007869645998571,0.08670612925047831,0.0400244810217619,0.08809469917372087,0.04164186778663464
2023-06-20,0.0007474496046944,0.11018201250247944,0.05385193958854496,0.10993789431121449,0.053584401739774065
2023-06-21,0.0019922837380155,0.44929820601835757,0.1941645342458994,0.4529279912656613,0.19494508918724163
2023-06-22,0.001847065411015,0.34186291645494826,0.1512736214707906,0.3685473948960645,0.16204982040790641
2023-06-23,0.0019481212544222,0.4518243940190218,0.19413271692645015,0.45600785568831737,0.19501419970675332
2023-06-26,0.0020147032861356,0.5064849854629735,0.21347090787781534,0.5684276999290933,0.2310965411826258
2023-06-27,0.0022590307631775,0.6727497521765461,0.26973887314364303,0.6946170920375471,0.280940800084797
2023-06-28,0.000828589095909,0.10764641303596428,0.05268892972554505,0.1080870035991467,0.05296379645730262
2023-06-29,0.0010123625598044,0.10519764387604787,0.04755625165304879,0.10533417804384235,0.0467544284158458
2023-06-30,0.0010377948405844,0.11993941788572117,0.05702368692151544,0.11182233101735624,0.05151846183117259
2023-07-03,0.0010845393256025,0.10927428306463843,0.05188989815278092,0.10590610332383514,0.0517579533191955
2023-07-05,0.0015346578918975,0.18829168817002273,0.08106859196506616,0.17949497371002854,0.07935227417946553
2023-07-06,0.0015571780547619,0.27375381055333947,0.12108096595330689,0.22634578096975405,0.09655390758196494
2023-07-07,0.0020464611599481,0.4200874480376802,0.18437743194663525,0.4084721704613901,0.17959709474751273
2023-07-10,0.0021524022420977,0.5684821096258342,0.236424729449905,0.6275814247666601,0.2525285812748122
2023-07-11,0.0022635480737743,0.6451011005377805,0.2622950979490124,0.6593023046275532,0.26538165812827025
2023-07-12,0.001566738080431,0.23697601643762706,0.10209412573090071,0.24436458400298167,0.106583976240399
2023-07-13,0.001506474494107,0.19022743049382881,0.0799925527631734,0.20676436018824915,0.08569631593140548
2023-07-14,0.0014362944647658,0.1606804639278455,0.07442344329609693,0.172955437815436,0.07470254258160101
2023-07-17,0.0012014219160293,0.13960464979488202,0.06654623624743408,0.12342301021904178,0.05503051602522198
2023-07-18,0.0008519579211603,0.15833991231433095,0.0743051702751743,0.12208796332643924,0.05966159189804004
2023-07-19,0.0008533158327508,0.12973223158393352,0.06320158015696661,0.13588911663394007,0.06547649902868716
2023-07-20,0.0009148370984147,0.1194444936083415,0.05848384155767888,0.10288511815005762,0.04874512005737161
2023-07-21,0.0004779949366062,0.37757564672592353,0.16247639974226413,0.37459248009268376,0.16073268402634922
2023-07-24,0.0020005438777671,0.37824402933130014,0.16726044330354164,0.42343126113760815,0.18468152455823192
2023-07-25,0.0022461808403592,0.5656459560719643,0.23829917414872326,0.5927667439364986,0.24583938151448184
2023-07-26,0.0023595110794863,0.6537095545662298,0.2681222903847252,0.6814474119008462,0.27505023519604566
2023-07-27,0.0036936493511285,1.4732185033166774,0.6757096573553399,1.4948730523166844,0.690628680294037
2023-07-28,0.0033169214577773,1.3539219004984788,0.6256673280305043,1.3752026108661661,0.6395776834426709
2023-07-31,0.0018741735204201,0.32039669126797815,0.1414596377387131,0.351693373895979,0.15543548494616746
2023-08-01,0.0016295511490692,0.18851391790788322,0.08508323385762316,0.17833954906562538,0.08297785541291593
2023-08-02,0.0019799842086126,0.2524127966172389,0.10530832964014304,0.25478797059104447,0.10423952027274631
2023-08-03,0.0013597443174661,0.265821833579256,0.12320540449458768,0.26889977667239434,0.12334747456352653
2023-08-04,0.0013653486294004,0.16302501762221633,0.07850237319549314,0.16349551882621677,0.07922746462502188
2023-08-07,0.0014507406010711,0.14435755392666677,0.07047520879305691,0.14159119965336392,0.06962531522612386
2023-08-08,0.0014706533001274,0.14977981054637662,0.07385928768394208,0.1486079939143984,0.07291499643348659
2023-08-09,0.0012426850675642,0.16484694844243664,0.08080230293291527,0.17441374237900378,0.08537210904159709
2023-08-10,0.0005434333400799,0.36719769559357124,0.16013560080686362,0.4091901655049495,0.17619352172988084
2023-08-11,0.0010922481485344,0.12171285137928811,0.05665765994635855,0.1285870974080657,0.06203023511098396
2023-08-14,0.0009419660938233,0.1482480644617413,0.07188525003527567,0.14769951753580982,0.07135745292405374
2023-08-15,0.0009855143311543,0.11840580103823978,0.0571256311385464,0.13651091174496197,0.06686152113514755
2023-08-16,0.0007207070170783,0.1925442373799976,0.08425218760032904,0.26895828800058375,0.12074029743320239
2023-08-17,0.0008082514416689,0.09489425665159648,0.04542092102576492,0.11240120385439518,0.05504249663679623
2023-08-18,0.0008442631158381,0.1745948902624261,0.07973473302084012,0.1957686071902937,0.08579484954228775
2023-08-21,0.0008995236564195,0.10448590003762472,0.04979722350916567,0.10896517607968362,0.05294566418940419
2023-08-22,0.000854828578367,0.10327048053353499,0.049907084340532426,0.11976365066336354,0.05862730797797075
2023-08-23,0.002221459787491,0.5844232984636263,0.24331876338197808,0.5539761039903043,0.23328393578698292
2023-08-24,0.0021305104228751,0.5295689418971548,0.22386376171409605,0.5406596457944979,0.22665893008937302
2023-08-25,0.0015443252022306,0.17422102122451918,0.08018391744269322,0.16975120213082825,0.07872431237910517
2023-08-28,0.0015749593131689,0.23025593821548296,0.09792299517485777,0.2320237763007087,0.09949863693277206
2023-08-29,0.0015581464139748,0.27026461224742937,0.11945817071772884,0.24838254626107478,0.10881477610085694
2023-08-30,0.000196985558491,0.45000422255279166,0.20303560696159575,0.48795346285112,0.22078511024920555
2023-08-31,0.000122441147806,0.5483075204540592,0.2503402046963089,0.5774354326600342,0.26402631479275895
2023-09-01,0.0001413903909877,0.43589886500161107,0.19791208200808616,0.4380252225725897,0.19907563880223772
2023-09-05,0.0004193748953583,0.24649652104338193,0.10868361027298618,0.2353687687455612,0.10383072563636225
2023-09-06,0.0004629206015896,0.23303531334709834,0.10379760166626456,0.22114068593641328,0.0985607748924295
2023-09-07,0.0005909646573647,0.06014445836203004,0.02807660773960204,0.06052111680874113,0.027108686524509432
2023-09-08,0.0006097013027482,0.06520450147959962,0.0312101372249359,0.06550263475749774,0.030891414422655274
2023-09-11,0.0006796395212196,0.09289457837354069,0.03804154595834653,0.09893193177196621,0.04222607643978206
2023-09-12,0.0003100127865613,0.12152670827210439,0.054585087169062366,0.10949054891341778,0.04912502425393796
2023-09-13,0.0005179261146148,0.08274682552771498,0.0400317055493927,0.08430082206714122,0.0404611675735277
2023-09-14,0.0005686048592033,0.09300419908125411,0.04481817934116084,0.10270117709404929,0.048205351103496136
2023-09-15,0.0013654346315728,0.2804978335127137,0.12309988380983457,0.2926331325892188,0.12736050017361256
2023-09-18,0.0012955295130928,0.21193773788637293,0.09307714039884826,0.22640878553348198,0.10015125090818686
2023-09-19,0.0013098414123742,0.33927202490727676,0.1418669920855171,0.354241896809406,0.14586473039477557
2023-09-20,0.0011628912370166,0.1836962489772463,0.08012555072415685,0.1958990523901367,0.08645864394677029
2023-09-21,0.0012471588358265,0.209308783836726,0.09225189370951165,0.23489597484511163,0.10379129733579386
2023-09-22,0.0006803240542885,0.17603725831981745,0.07657870107921032,0.1614556733884464,0.07025851394512299
2023-09-25,0.0007456546523778,0.10854758835488015,0.05310480673073561,0.0923075793504895,0.04502265125870741
2023-09-26,0.0007539748158112,0.08691049974569655,0.04126837394779154,0.07817422839978448,0.03453746755958782
2023-09-27,0.0021017322173557,0.5453296127992944,0.2279195168994547,0.5657289037409482,0.23326884308533347
2023-09-28,0.0021584589781889,0.6178277049569698,0.25086921377155547,0.6568199573702143,0.2635906281211227
2023-09-29,0.0021564377606499,0.8167454939059153,0.3680044452623724,0.8270147924945517,0.375417486435952
2023-10-02,0.0026667119522597,1.117157682568258,0.5200056919279091,1.1781973654317153,0.5564533793819725
2023-10-03,0.002667446372731,1.0725131416500229,0.4932192643820218,1.0226707921045404,0.4641848218489617
2023-10-04,0.0015202639636796,0.15607415599575986,0.07665502121759259,0.1487846440580242,0.07214767479443786
2023-10-05,0.0011937996302276,0.12202679727666874,0.06006765949132716,0.11849356275772999,0.05859456140781719
2023-10-06,0.001230042724953,0.12381707420272896,0.058900843379339436,0.12036157334923474,0.05839264017831539
2023-10-09,0.0010769612031338,0.11552266821630403,0.05196764856981327,0.10729796309464888,0.050193877121220094
2023-10-10,0.0013119833072554,0.13040145261957845,0.06402379529431722,0.14737331000869697,0.06978165294026989
2023-10-11,0.0011968768614352,0.1239342356643994,0.060575500177734755,0.12402671093345206,0.059953322453322355
2023-10-12,0.0018244973115013,0.33531133605645913,0.14840511701926615,0.3679583633502194,0.16157698002128598
2023-10-13,0.0015787060709446,0.1994134712817185,0.08383286407779833,0.20074888632226848,0.08294161393818202
2023-10-16,0.0014210337479947,0.1529182886753409,0.07287966327468416,0.15269124597877928,0.07200207090789304
2023-10-17,0.0011716552518171,0.11837898123811416,0.05856357019072715,0.12108438866990467,0.05863432746073182
2023-10-18,0.0014791569750314,0.19350773352452239,0.07901352749160978,0.20681284617955226,0.08662293613416751
2023-10-19,0.002468966762123,0.4236770559650266,0.18712534136530198,0.45984640390053205,0.2033264287366798
2023-10-20,0.0026172906577061,0.6054943866059818,0.2603058818172055,0.6576151626087562,0.27639172315364613
2023-10-23,0.0024195860509121,0.5150345088550896,0.22488381956336975,0.6027869380626031,0.2539034282737997
2023-10-24,0.0024737111646886,0.6594271949474281,0.2735481200262682,0.7075698588532565,0.28646545514008565
2023-10-25,0.002044102533174,0.40749943826244306,0.17945999916891514,0.4539722001698864,0.1962976301728331
2023-10-26,0.0004314989699554,0.6393266245111443,0.28395715409793354,0.5939842987165722,0.26322033223236513
2023-10-27,0.001565856536433,0.16226204522139434,0.07365571599541107,0.15630623730073978,0.0728867792775016
2023-10-30,0.0025585859213332,0.41773302346942487,0.1834039276968628,0.4602545390544778,0.2036720574553108
2023-10-31,0.0028488062898737,0.6044392991321554,0.2640500823267624,0.6039176406267563,0.26334049414805866
2023-11-01,0.0032696264871396,0.8739634970058271,0.36227109960738924,0.8890738281182509,0.3655129401739751
2023-11-02,0.0035536721411101,1.4869894004196353,0.6919464251104535,1.5226426572757727,0.7139201967780993
2023-11-03,0.0024380786907031,0.5731011176396412,0.24550799399226986,0.5292885948036332,0.22984018459404437
2023-11-06,0.0018278743761657,0.2133643961535946,0.09562226669659456,0.21136710951350854,0.09428547238497699
2023-11-07,0.0014876992877459,0.1772999478371217,0.08532664463909521,0.17151610084895627,0.08215623743722918
2023-11-08,0.0023720217608885,0.34368782005222964,0.145544590877478,0.3366370220331427,0.1420726228656764
2023-11-09,0.0020939447075549,0.21058805420140597,0.1043257828661002,0.20909939962682184,0.10317051943033799
2023-11-10,0.002117285919246,0.23325813907175605,0.1092897268350762,0.23663549647278626,0.10837532698306476
2023-11-13,0.0017583049832697,0.19938882119603807,0.09140071217101704,0.17236915282139917,0.08533279226952437
2023-11-14,0.0020514346749883,0.2984337092827727,0.12662156026805166,0.29418847244600504,0.12477137315229196
2023-11-15,0.0010708330737343,0.16984025764405983,0.08225749682864918,0.1990538808051262,0.09278070263026093
2023-11-16,0.0011348699002232,0.18641990546881143,0.08976853904495712,0.21981578660312565,0.10138754442925918
2023-11-17,0.0009321053217608,0.2840503187941789,0.12639270813383255,0.31302369626885324,0.14025010453581163
2023-11-20,0.0008179475968151,0.22981963926500654,0.10133321584980937,0.21591897286609604,0.09459615556017713
2023-11-21,0.0006242699219027,0.3243769701537085,0.1442095058623777,0.304531801802548,0.13557687060532106
2023-11-22,0.0002789193187349,0.5379337612074825,0.24145719182646955,0.5350343073292696,0.2403920995070464
2023-11-24,0.0002331811097953,0.47186769183303134,0.2121334619443955,0.4429019946582553,0.19893143722799386
2023-11-27,0.0014648055368164,0.17538273456492778,0.07702119534523312,0.16949437518291605,0.07556808532316665
2023-11-28,0.0015293428522437,0.2050686546626334,0.08278582776182986,0.21796583692860078,0.09217468110887657
2023-11-29,0.0014479410414046,0.21177274375182617,0.09007812749733807,0.20395703955970407,0.08576824408079861
2023-11-30,0.0015140486527837,0.3228174259188001,0.1409192508453972,0.31688718615613953,0.13844257808781604
2023-12-01,0.0016469057386885,0.39046989576508057,0.16695502902447,0.38788110909461704,0.16565800976969614
2023-12-04,0.0005609679984041,0.23044034646154868,0.10344773855891942,0.22644960660018434,0.101574692296322
2023-12-05,0.0004970758263128,0.30689892048603534,0.13481175153177694,0.3260174304426546,0.1420657333376235
2023-12-06,0.0004569267991904,0.27240661126710897,0.11998043465642806,0.26577640225096605,0.11693537508044279
2023-12-07,0.001368382821148,0.14320586013706096,0.06954171324042475,0.14184792452993802,0.06855250437820627
2023-12-08,0.0016955761106502,0.270918239093279,0.1184574274696421,0.2853116812463417,0.12590698371244496
2023-12-11,0.0015595578451369,0.34249661840747464,0.14875764668884633,0.36227471139129186,0.15518729179614765
2023-12-12,0.0015801705248906,0.3503929150829181,0.15193003705029456,0.35961955866007267,0.1547475647769641
2023-12-13,0.0022266791719285,0.7783306187728385,0.33840907831670025,0.7658813499920317,0.3319542727257279
2023-12-14,0.002006467714285,0.473906132228139,0.20280039689025928,0.49538106447607205,0.2091502756453534
2023-12-15,0.0019119208988817,0.43578406144847454,0.18792548817644197,0.4436130282891898,0.19007821808102005
2023-12-18,0.0019243523885852,0.39159399302877285,0.1720579392775344,0.41266682352316286,0.1795827862201958
2023-12-19,0.0019086662943362,0.4175520527866365,0.18147983160403217,0.4479301210165854,0.19145202802574685
2023-12-20,0.001433875530187,0.18460351390162502,0.07639075676629808,0.1990294827938284,0.08302262976883006
2023-12-21,0.0006272520344286,0.2680944460712516,0.120243714803005,0.23977530893361448,0.1076268239800617
2023-12-22,0.0005685264747908,0.18537538630720474,0.08290124488308762,0.16560701199658936,0.07350071193085574
2023-12-26,0.0021871368393174,0.46761222657035195,0.20404231141007512,0.5329994131089173,0.22578203800274857
2023-12-27,0.002966196979555,0.886589841914509,0.3550573406011612,0.8708504395589889,0.3496383763577456
2023-12-28,0.002799328992517,0.8752440965322131,0.3553894562895765,0.8840612587453763,0.3645268991074236
2023-12-29,0.0027995418587799,1.021368979219032,0.45304081697670806,0.9782442875259758,0.4274100182779902
2024-01-02,0.0031314256224129,1.1612309314670932,0.5186628755600721,1.1920389895642043,0.5397503605907568
2024-01-03,0.0014837776912996,0.16850653455726333,0.07939396887661229,0.1849955296992328,0.09030896886574905
2024-01-04,0.0007040298190852,0.3822382461286249,0.16946323449610526,0.5028427911401931,0.2175257710490813
2024-01-05,0.0007269946200877,0.2748571715262966,0.12345911298602104,0.32563904874308736,0.1455875123951712
2024-01-08,0.000908730099235,0.20501913740069114,0.09136430705200928,0.20410283788069986,0.09030771765920663
2024-01-09,0.0004037269098266,0.42876060608521865,0.1863477411193223,0.38935939578604234,0.1680876890685933
2024-01-10,0.0005584878608428,0.2793899610338227,0.12448525163245222,0.250039129220747,0.11179063159564263
2024-01-11,0.0005781559993141,0.16057381891502745,0.07069084966926943,0.16279781040921473,0.07198101488183146
2024-01-12,0.0005807775803941,0.17425933170624355,0.07743122478137815,0.17439688527448924,0.07761826889593046
2024-01-16,0.0006321908892789,0.199874769290448,0.08920322613696981,0.1735676679521464,0.07648926550499699
2024-01-17,0.0004722669734583,0.15045153290367358,0.06718150680595755,0.14167627534908686,0.06304995149464056
2024-01-18,0.0005465513227733,0.14568593331892934,0.06372268028357526,0.1432659760857775,0.06269502526629187
2024-01-19,0.0005383945732538,0.140674955930691,0.06130659093075603,0.12601765982076252,0.055070859347703734
2024-01-22,0.0005159847128032,0.13826400859539978,0.060529701765996126,0.12911193569707496,0.05601882946296778
2024-01-23,0.0009830404149123,0.1019416943915993,0.049783803088658034,0.10447593277329117,0.04965045045601007
2024-01-24,0.0015486204399549,0.3462456305876641,0.14988974895917373,0.3648650678427722,0.15581557897225978
2024-01-25,0.0016996376969553,0.3762098422084445,0.16317520433269903,0.38840946452511216,0.1669829337708997
2024-01-26,0.0018710864827229,0.5210494779952433,0.21339100963243252,0.5099397117287946,0.2095068339692072
2024-01-29,0.0021125956724853,0.667439178470571,0.2730995941301599,0.6967795665890298,0.29523248375770816
2024-01-30,0.0020275223958729,0.53268927351181,0.22186212776649386,0.5345289912009773,0.2217465032612487
2024-01-31,0.0016672274104374,0.1949011837782683,0.0872456469702679,0.18605529846721736,0.08530835286848655
2024-02-01,0.0015584839797499,0.1644804565958381,0.079438087018053,0.16349249881958333,0.07839472234544739
2024-02-02,0.0025058237079933,0.7036271581595005,0.2874148845647969,0.7308423760472939,0.29405145850212944
2024-02-05,0.0024482923444589,0.6922181713837232,0.2821487634724427,0.700314488691089,0.28352617758153553
2024-02-06,0.0021825705164176,0.39843574487835526,0.1763588104386525,0.405933649177377,0.17949533720404057
2024-02-07,0.0034437072938938,1.2834592108439864,0.5744624897802014,1.300869860165749,0.587472598576468
2024-02-08,0.0047673037609093,2.2113369932844704,1.0546257357571496,2.2123999291936403,1.0563003600687788
2024-02-09,0.0041037908942604,1.6065895377620545,0.7323202268484634,1.64039278377034,0.7548762131228112
2024-02-12,0.0039157571461002,1.4109854856209147,0.6224973041380223,1.4302109997294166,0.6372034885422916
2024-02-13,0.0039407338867671,1.4484836594537776,0.6445483015679487,1.4329547849011284,0.6372361834470657
2024-02-14,0.0029617389490333,0.4481655598555908,0.19310546384387725,0.3936324866696692,0.15957722698471533
2024-02-15,0.0014972501979235,0.1597689091534247,0.0714230560091582,0.17113046648176553,0.08169133696466943
2024-02-16,0.0010395248785503,0.2435233504622266,0.10733059322089028,0.2902734187872776,0.12821049497233092
2024-02-20,0.0020878330279082,0.21493898769960518,0.10541016249849654,0.20455280153541716,0.10124611738780905
2024-02-21,0.0020006169592558,0.1997766413924174,0.09657659664141856,0.20490692490370396,0.09176745293032318
2024-02-22,0.0015189819242369,0.19754612702838736,0.09669855739039411,0.223325470939523,0.10885498231584322
2024-02-23,0.0013872896768891,0.13942394055350926,0.06652363185828444,0.14359838022969615,0.06331631869289105
2024-02-26,0.0014975910231028,0.15149715199285843,0.07491864187682014,0.14656843345230433,0.07248615546293437
2024-02-27,0.000448091548905,0.43521331259535423,0.1875692639719479,0.5179304025601975,0.22705931658243259
2024-02-28,0.0009617440092616,0.22427485866046246,0.09898185075988053,0.2849976844583181,0.12669157693905617
2024-02-29,0.0017386324372902,0.17856342496269748,0.08768250495061042,0.17163920261004414,0.08163575854457084
2024-03-01,0.001822851806131,0.21393834139735393,0.09546553258230676,0.1918327057869299,0.0917848579183506
2024-03-04,0.0017283712216413,0.19586921851697692,0.0898317057716453,0.17374461418820508,0.08547148071326592
2024-03-05,0.0017372505813943,0.3041891616754127,0.1345159351082679,0.2620120757761049,0.11324831965651327
2024-03-06,0.0009700225851744,0.19456077810667258,0.08958223935167026,0.24074890539997434,0.1042732629129242
2024-03-07,0.0002037326100403,0.537930030183126,0.24350331853238974,0.5678349169006002,0.2575636033592765
2024-03-08,0.0007997437372982,0.25173949251184674,0.11231549419533095,0.2864364172368824,0.12854810471819003
2024-03-11,0.0007701388900407,0.2592687969534626,0.11613998485755599,0.27744197447854146,0.12451729974811869
2024-03-12,0.0008530051667735,0.20483501144204694,0.08961742584435135,0.21275405394839725,0.09224569146468725
2024-03-13,0.0008405130521878,0.1396859999506016,0.0671274513542481,0.16608625295576804,0.07620213095158854
2024-03-14,0.0018392935337891,0.5073554044539064,0.20836036586516057,0.4715302675825806,0.19712124513664267
2024-03-15,0.00127112359408,0.12634941201192706,0.062292540380933424,0.12524749543438382,0.059794402791987444
2024-03-18,0.0013931465861179,0.19340199787393822,0.08003179143032613,0.18810042661896562,0.07712413284188722
2024-03-19,0.0014313688104624,0.22363830159077144,0.09727505726663628,0.21733972810628957,0.09414068741622038
2024-03-20,0.0015311227825048,0.24424692758491956,0.10676129182183727,0.21239901605666167,0.08856913861535344
2024-03-21,0.0005112298993046,0.22276650768621867,0.09986180364083,0.2314788229644674,0.10343860594476746
2024-03-22,0.0003929371659462,0.2533519176825007,0.11090868530779412,0.25921015599245895,0.11289812887284116
2024-03-25,0.0004685647215529,0.25405381004767064,0.11264347745978195,0.22917356255203103,0.10201357361974764
2024-03-26,0.0005837439521734,0.1688031899675143,0.07470654153679038,0.16567932617006656,0.07332085216900833
2024-03-27,0.0004998340724344,0.21672538437173647,0.0971665020333777,0.22582289029007346,0.10092136504122538
2024-03-28,0.0006723977273551,0.07261295667497314,0.03290050273603929,0.0742919246795683,0.03484958304267753
2024-04-01,0.0006680089952278,0.06712400267202018,0.03203735983022009,0.07145350260559062,0.03270565857717065
2024-04-02,0.0007049302042176,0.07601652635090092,0.034389894634725186,0.07739069788734945,0.036162040641121385
2024-04-03,0.0004915369382834,0.12862017270965256,0.0560682801184881,0.13692300755838202,0.060457889493862146
2024-04-04,0.0005952285465819,0.07536306794493282,0.03677931015966811,0.09276687995411982,0.04485969914935477
2024-04-05,0.0004578361349268,0.1295455068459569,0.05717322587765187,0.13782992606956498,0.06135749397012885
2024-04-08,0.0014731721798366,0.35641921861759435,0.15166718640236984,0.36014528525062667,0.15244530333267572
2024-04-09,0.002554047838551,1.0314850555268198,0.475035499446963,1.0553577563539274,0.4904081899754825
2024-04-10,0.0025249220912361,1.0254108727869924,0.47308631171403415,1.049341825770923,0.48831992610626673
2024-04-11,0.0024920463674078,0.939716303680512,0.4226506913136627,0.9371968082493103,0.42258419662639807
2024-04-12,0.002457509979421,1.0089880017911634,0.467133659633677,0.9842565323136061,0.45321933567506917
2024-04-15,0.0018946782347104,0.31238675972669583,0.13734620036937126,0.35803913173570123,0.15817050066104177
2024-04-16,0.0008936283169797,0.21508044419292385,0.09403433637265723,0.1832788149776272,0.08323926542745529
2024-04-17,0.001545077675284,0.17296015961696753,0.08007249790060231,0.18863512019911569,0.0805747442758088
2024-04-18,0.0014909175965,0.15585078542176575,0.07573654994365028,0.15245058375588905,0.07430611505941527
2024-04-19,0.001515353484385,0.16717710118974521,0.07824758609519408,0.16176097441356024,0.0766341950753798
2024-04-22,0.0015099790902636,0.17011982365291606,0.07837545624425556,0.16960349492519858,0.07738091211867634
2024-04-23,0.0012175571076463,0.16519003766469842,0.06730404197059646,0.17609538482327725,0.07496883717790667
2024-04-24,0.0011581643004954,0.11935925829256001,0.05849958928170543,0.11471279706399463,0.056761150417030476
2024-04-25,0.0011044198940817,0.11133345208461995,0.052817570872817125,0.10951239375850287,0.05166104461911901
2024-04-26,0.0015889680153463,0.21348145679189112,0.08631572461429747,0.21576140352286982,0.08880210950400919
2024-04-29,0.0012756511530752,0.13871073634827438,0.06561651783805532,0.13755200870814646,0.06469891264505595
2024-04-30,0.0014767680942464,0.18245643992823588,0.07811117839465527,0.18145332861286478,0.07710414097490575
2024-05-01,0.0008855023513094,0.14662029970281668,0.07050705727044804,0.15791109131362058,0.07434575422059782
2024-05-02,0.0010236840993004,0.10492549785058765,0.048429161887886873,0.11129400516698452,0.05163379084454323
2024-05-03,0.00053288145296,0.2240111189668617,0.10051732366445046,0.2581407125370646,0.11496597230805919
2024-05-06,0.0004579601538474,0.2501005277488174,0.11083771643904254,0.24550947600829814,0.10865583952004745
2024-05-07,0.0002675092018524,0.3879329183999722,0.1721174484902381,0.37045717198250766,0.16421709640746965
2024-05-08,0.000477308775061,0.2146791145797499,0.0961279083206159,0.2472317525949198,0.1096709972720904
2024-05-09,0.0007494354750206,0.15555807699132113,0.070971335983942,0.1699602342489577,0.07498255248780747
2024-05-10,0.0009304830144893,0.09311547830756906,0.04480799057846411,0.09255424228051075,0.043417705621738314
2024-05-13,0.0009537658821132,0.09483974558351968,0.04681173495742387,0.0936564555795696,0.04637927567590134
2024-05-14,0.0010318455929557,0.15215954252236946,0.06493498508156428,0.15807925540230666,0.06863593825517929
2024-05-15,0.0008177582866344,0.08718957112416204,0.0418216509212565,0.08283563937225545,0.04059102785374244
2024-05-16,0.0004102727999202,0.14368689037881907,0.06445919532682734,0.17686115327328064,0.07918627310433381
2024-05-17,0.0007262044505399,0.10950751711800924,0.0533960706549118,0.12260260142254409,0.05841994747314701
2024-05-20,0.0010734070938764,0.11504155661480454,0.05498278748630744,0.11230368047273831,0.05394829555847563
2024-05-21,0.0010876495599362,0.12185765363276992,0.05637818719338212,0.1222149078781854,0.05574328130586731
2024-05-22,0.0012220749948591,0.17479063990250943,0.07356094089345765,0.16115373919888093,0.06493160797412804
2024-05-23,0.001257462175758,0.27494061026478267,0.11950838427824029,0.264076063429793,0.11531206226946605
2024-05-24,0.0008952241403808,0.08896763654536974,0.04380413711259338,0.08794617924555356,0.04225059674163689
2024-05-28,0.0004680187195299,0.13378516733895715,0.05912375270897181,0.1344754519378288,0.05959356874921999
2024-05-29,0.0004932829296473,0.1223286353340077,0.05300197777324255,0.13339387304774816,0.058663769504624826
2024-05-30,0.0008686072829322,0.09247681624389516,0.04122011759257969,0.09117568172749793,0.04093082286593058
2024-05-31,0.0008654222447855,0.0863934951518873,0.04179252251816282,0.08796065436288497,0.03985394249779318
2024-06-03,0.0009319354696521,0.09513938668858322,0.04686300200509199,0.09871586515222718,0.04702227258733432
2024-06-04,0.0010262524888426,0.18085234726131655,0.08000023869343484,0.17819398638370626,0.07879865880734284
2024-06-05,0.0009153978586262,0.1245852581432674,0.05087074816342807,0.11524905183243213,0.04800747591420273
2024-06-06,0.000600704128016,0.06589164850090448,0.03029893482255431,0.06485967905376273,0.029936631331713287
2024-06-07,0.0006285561024466,0.0706652002701978,0.033094896970971246,0.0830433463529813,0.0407056832066785
2024-06-10,0.0004482625029645,0.134130456557105,0.05958445368245215,0.11753596838033974,0.05143766697159468
2024-06-11,0.0003874992153439,0.13608101430293382,0.06105299619935781,0.129215766787248,0.05787997939955514
2024-06-12,0.0003488811373832,0.1660620224542897,0.07418035183291921,0.15839078913075588,0.0707698519326959
2024-06-13,0.0002432526296465,0.1681174162452144,0.07317840320472012,0.176934014384263,0.07642109917194423
2024-06-14,0.0001815223916816,0.23283025828730783,0.10259726779807242,0.240219950804068,0.10622791319738359
2024-06-17,0.0002445013687575,0.14455473181370804,0.06370991080908793,0.14453385252032838,0.06351183612644094
2024-06-18,0.0003998702620185,0.06369735200420751,0.030829675653042538,0.06173449811923425,0.029896675344398077
2024-06-20,0.0006786723633537,0.07497724958126048,0.035056999199057866,0.07690939183577952,0.03485154686425631
2024-06-21,0.0006532179309914,0.07449945507987628,0.033999905378410966,0.07815426191665752,0.03393209690793696
2024-06-24,0.0007533229500194,0.12554943133207871,0.05528475651964036,0.13550128724333463,0.05996205090590018
2024-06-25,0.0007445635657101,0.0982368595459554,0.03982871194966797,0.09977579471306494,0.04070190659112954
2024-06-26,0.0006107276362768,0.06425612768663756,0.031097371077645052,0.06258250844095674,0.030463278274371817
2024-06-27,0.0003789781430377,0.07463171117638458,0.03452534552826767,0.06897517097050104,0.032316717315164147
2024-06-28,0.0004140748259612,0.06832896380705077,0.03287732814366031,0.0728731269213138,0.034412061261444256
2024-07-01,0.0003487286801579,0.10968519784503412,0.04893418459298772,0.10190555179494848,0.045242639475237094
2024-07-02,0.0003041267707136,0.12860964133246394,0.05769976726089949,0.13978101888280173,0.06241997531141712
2024-07-03,0.0002378425192121,0.12431991360962506,0.05524986562190583,0.15179867482559478,0.066298903635422
2024-07-05,0.0002014312597879,0.1168435885826661,0.05156586182469264,0.12096139595070222,0.053089631479040326
2024-07-08,0.0003774447468882,0.056152283662167034,0.027419094869678515,0.050851262110825274,0.02492718782252168
2024-07-09,0.0003472963400888,0.04398864488076909,0.021468815623076284,0.04194794448954423,0.020369067784658548
2024-07-10,0.0005720188327143,0.06766072307624367,0.03000489309160345,0.06948182634992518,0.02980092967716665
2024-07-11,0.0010794030274253,0.3449709898718952,0.1423144647117757,0.3545454767063265,0.14984874880067903
2024-07-12,0.0012381401891682,0.4641039700057958,0.20822362376227505,0.45655870905496587,0.2042194799791444
2024-07-15,0.0009740902729532,0.2510890651011586,0.10513596509724998,0.26198845129032416,0.10805185570691364
2024-07-16,0.0009821641937509,0.2604045613689958,0.1081840392970614,0.26482158478611895,0.10914055918236634
2024-07-17,0.0007381999342248,0.11196363381962013,0.04827933019284365,0.11016586529133744,0.047455669707079956
2024-07-18,0.0019459741843409,0.5651971594720862,0.22847287710382697,0.5884921669489219,0.2350570872816923
2024-07-19,0.0017846385500835,0.46901904829164504,0.1953273629462853,0.4823880833313811,0.19866225222075343
2024-07-22,0.00200994933701,0.6728250529367298,0.28581790274417324,0.7141290193777036,0.3144373231120686
2024-07-23,0.0020748789068546,0.7164686152636505,0.3095398727398035,0.7191657000482944,0.3129303675871014
2024-07-24,0.0022420828119359,0.8677585813983039,0.39400719669921785,0.8468618121905895,0.38242842341738476
2024-07-25,0.0008423283341518,0.18076728678681933,0.08171699208512878,0.16447016859279687,0.07570212471285341
2024-07-26,0.0027189619944832,0.8108259580932133,0.3249569467356488,0.823881295748475,0.3295730334137108
2024-07-29,0.0040571473235945,1.6973419011607738,0.7897926525708152,1.7232384434125088,0.8062591106396522
2024-07-30,0.0050809354841255,2.254296065638206,1.0641722666532836,2.194576157138436,1.0309573953629434
2024-07-31,0.005847729240643,2.6912810877182602,1.2812552528363301,2.6584509386593407,1.2637884884029476
2024-08-01,0.0057090513166731,2.950773700392783,1.4307657243413103,2.934425635914443,1.4224016514866673
2024-08-02,0.0052831876663183,1.7688705577502122,0.7515083909282411,1.782869827202391,0.7651041908110544
2024-08-05,0.0037399548982712,0.6646283758245074,0.29411583300154037,0.7132219648629136,0.3148999773559421
2024-08-06,0.0026431564978317,0.2662768423373962,0.13185046577305837,0.25900681650601803,0.12821419383145752
2024-08-07,0.0021565398080596,0.21487161469308777,0.10635787920148654,0.21047599782314355,0.10341526990526081
2024-08-08,0.002007396288775,0.24415927065225354,0.11820426154124124,0.25261562895765105,0.12345573472967414
2024-08-09,0.0013472006909895,0.2763266740910964,0.1264701559355859,0.2972635784982433,0.13221222048160747
2024-08-12,0.0013315000411545,0.2942660353075871,0.13191962932677417,0.25927518068555955,0.11942313855642032
2024-08-13,0.0015079810168162,0.21746339413305968,0.10646843679682748,0.2011628470454876,0.09862223842243537
2024-08-14,0.0011217630817963,0.23022059289040786,0.10535179881513344,0.2564364170024982,0.11286209255901218
2024-08-15,0.0012880113592022,0.2102206677120185,0.10134188170788187,0.22595699314547585,0.1067770875662787
2024-08-16,0.0005940458357838,0.3476473320581962,0.15332919892671737,0.3531630467406686,0.15512111045185417
2024-08-19,0.0018381536755353,0.18830369247184528,0.09258729872531409,0.19077007659388737,0.09212461513562901
2024-08-20,0.001660389817552,0.16510444330614543,0.08082875398832913,0.16212089568347837,0.0792714484594668
2024-08-21,0.0015699525875046,0.16058752489185818,0.07435638351092265,0.1577839544796617,0.07275701514503553
2024-08-22,0.0019049235136489,0.2088397396133513,0.09820372826951876,0.20192328735839127,0.09613758917760912
2024-08-23,0.0018077200651722,0.2373034782635933,0.09661909647290293,0.24242401723806015,0.09894265096144086
2024-08-26,0.0006579217643686,0.3415656294900421,0.1518590279165874,0.3208775691409002,0.14285561268514793
2024-08-27,0.0015164322446153,0.16598749007254854,0.07618460586485679,0.1651014769466995,0.0766783436672773
2024-08-28,0.0015370752013729,0.16649995696445763,0.07568526396502033,0.16545936364183955,0.0761644497707248
2024-08-29,0.0010244398594551,0.35364092790467017,0.15856492820087414,0.3637986870669271,0.16324435213995156
2024-08-30,0.0015545740548303,0.1658938318088512,0.07416571972546435,0.17657458776480986,0.08406565353541266
2024-09-03,0.0017155142653945,0.24868296607071705,0.10533581956219465,0.24283648771643182,0.10235893103854847
2024-09-04,0.0008544067046073,0.30756864013156676,0.13806714899313488,0.2885313105035467,0.12930265451131456
2024-09-05,0.0015351998891155,0.15491971023529083,0.07667012951922031,0.15106274526358995,0.07482879509328935
2024-09-06,0.0016991063819351,0.24931437872881476,0.10618501781901823,0.2523670243796569,0.10854418315027979
2024-09-09,0.0013244312776983,0.14449017596851566,0.06612366474824954,0.13271939120599616,0.06148981704164133
2024-09-10,0.0010607332294014,0.11216355548404208,0.0495542474693816,0.10650621752400098,0.04918480629867449
2024-09-11,0.001084364908392,0.10776256888238468,0.05309390047263275,0.10647598864446942,0.05120852669948566
2024-09-12,0.0003869908248723,0.30679106941029666,0.1319757473755282,0.2883321152736415,0.12427067530916167
2024-09-13,0.0002794473652017,0.3972350295529015,0.17606661955694555,0.39188674124509737,0.17382937151572633
2024-09-16,0.0001548595736454,0.44671527306034337,0.20257303310782232,0.4232622403656586,0.19191246294383726
2024-09-17,0.0001629885984435,0.39539838102254177,0.178651599627502,0.384534761624253,0.17379820625511253
2024-09-18,0.0001556801516731,0.3968704467104794,0.17951541626615272,0.42667065753600925,0.19346849186865656
2024-09-19,0.0002018662164828,0.24321503833207742,0.10673876959119795,0.23361322015525401,0.10242407061750351
2024-09-20,0.00012789811969,0.2522696926466912,0.11331752689002414,0.2500837420148601,0.11243378251904373
2024-09-23,9.634122263999706e-05,0.23785963647928077,0.10751423722602474,0.2228112327792161,0.10065672725996154
2024-09-24,0.0001074429290131,0.21797265415515235,0.09799990226827932,0.21795533958870072,0.09810422037136457
2024-09-25,0.0005585023682647,0.05583381666278836,0.02767045948422836,0.05515128508145509,0.027307390249234027
2024-09-26,0.0005069064670412,0.05767091697117409,0.027201255745818106,0.05991364115085223,0.02893770019989815
2024-09-27,0.0005125487185522,0.05147096971336269,0.024594907406002866,0.05068096183074852,0.02402855377002188
2024-09-30,0.0006942243723657,0.11212295597025565,0.04912919255192141,0.11627617352903785,0.05129000058003506
2024-10-01,0.0006977837286835,0.10296781902709662,0.043954075513931185,0.1051431635740199,0.04543228457184327
2024-10-02,0.0002844674464326,0.216153179320279,0.09333238491248907,0.2343103372964067,0.1000889504492315
2024-10-03,0.0003555255417551,0.10641051239064094,0.0472718796691797,0.12383647278052914,0.05554495232090771
2024-10-04,0.0003517856519457,0.10328601234403054,0.04578800226258799,0.10930280042093539,0.04877482517212078
2024-10-07,0.0004314042091036,0.0814976564327803,0.03809692063786026,0.075098314423268,0.035549764432612874
2024-10-08,0.0006524537229186,0.06485261700082397,0.03180148113633447,0.06404731914003413,0.03171476567453634
2024-10-09,0.0009185506364969,0.21391175067491136,0.09182637638515738,0.2161648122306221,0.0923366593501916
2024-10-10,0.0008914844758346,0.18064024396924022,0.07941172898616075,0.18730182848963914,0.08178220042804418
2024-10-11,0.0008913986723633,0.21520094349082908,0.0916223974563355,0.22384571676589604,0.09409452942029073
2024-10-14,0.0007357392080677,0.1377063856197234,0.06091506491217666,0.1483724306834064,0.06515342300847314
2024-10-15,0.0004829713950892,0.04821328116523527,0.023324087191886594,0.059711403859738735,0.029117454299008166
2024-10-16,0.0001820453653745,0.2072471793414372,0.09057982473055477,0.2078194697176844,0.09102843013770719
2024-10-17,0.0003809934577855,0.08094400764248742,0.036692534641044786,0.07854702274638525,0.03562165971717725
2024-10-18,0.0005022198541281,0.063661533247683,0.03107315832295183,0.07096237744133645,0.03471617420363503
2024-10-21,0.0003888661948933,0.06199687299953669,0.030002777290708767,0.05287709401981812,0.02591717558676613
2024-10-22,0.0006469406026374,0.07447586656769424,0.03374326977847393,0.0812492691019173,0.03391351932211056
2024-10-23,0.000646218267193,0.1204536731753237,0.05328957491587542,0.11122148829399084,0.049161559486041985
2024-10-24,0.0004034159327523,0.056552977084754825,0.02772844871894525,0.0517301199798715,0.025323124261470983
2024-10-25,0.0004758456664928,0.049772878129188174,0.022283741409925277,0.04852642131612098,0.021875216807000605
2024-10-28,0.000490288183999,0.050685925299293846,0.023088825745156322,0.04831013596337895,0.023063159921750197
2024-10-29,0.0002609094755151,0.11373350474211477,0.05098395813384697,0.11143715749593673,0.0499111283274706
2024-10-30,0.0005753039930714,0.05833318518751656,0.027398063226513746,0.05917978786247811,0.026334994375209208
2024-10-31,0.0008912784632424,0.17020933230848811,0.0752188629310063,0.16637204956881732,0.07355477349554786
2024-11-01,0.0007533067201939,0.08881482385507421,0.03948816110686137,0.08426201699112366,0.03856627787020126
2024-11-04,0.0007434658594931,0.08948712445549366,0.039132099125322097,0.09408278573005327,0.03902617186925342
2024-11-05,0.0007586354108003,0.13191550114705347,0.058314471843782356,0.12780476795545181,0.05640596996254214
2024-11-06,0.000508195429602,0.052557142196639775,0.023927743996036515,0.05307411312636166,0.0236737613327398
2024-11-07,0.0002012008059088,0.18932957580670873,0.081327858215388,0.1979984235933345,0.08564608289372333
2024-11-08,0.0004974899118796,0.07152004368303704,0.03502424355501384,0.08113227625885702,0.03892566356421937
2024-11-11,0.0009713873193318,0.13174358028652525,0.05366170594785427,0.13138140766508913,0.05393077755938056
2024-11-12,0.0009271159994168,0.1288426569331814,0.05335397973900814,0.1001199463745006,0.047040775608122365
2024-11-13,0.0009224157085189,0.14362751152878583,0.06241819216836758,0.13760491754415458,0.05926816824502448
2024-11-14,0.0009144939931148,0.23064211278049215,0.09712812776618049,0.20093061906798432,0.08706884893848912
2024-11-15,0.0009677189125105,0.1535759591296775,0.06705951537352357,0.13889724918759375,0.05893314055687715
2024-11-18,0.0006384132930097,0.08839890487912144,0.043353386340197364,0.07773902181626864,0.037807840119746965
2024-11-19,0.0009956006506086,0.11955699767215756,0.05237963523546618,0.1178827206129292,0.05160840045866174
2024-11-20,0.0009739248813186,0.12545688521244966,0.051891466064244995,0.11911802352643924,0.050806897733435795
2024-11-21,0.0010171439229787,0.12813211787062861,0.05398660466196516,0.1255936502760536,0.053154717969425266
2024-11-22,0.0006417473569748,0.06725883514038536,0.03002678398910456,0.06826538725646991,0.031090446390459922
2024-11-25,0.0004993052795666,0.06688691325662474,0.03279602957847385,0.06726614318358234,0.032973747525879865
2024-11-26,0.0001428256029571,0.26517287897008596,0.11887201992996516,0.26947929159525424,0.12101075754444268
2024-11-27,0.0002998855331673,0.1987168212418493,0.08680347135578383,0.22589210206827903,0.09726373502756912
2024-11-29,0.0002867311097931,0.210342519646956,0.09109587898834186,0.20497220793535778,0.08866267007849547
2024-12-02,0.000431772935189,0.10308623276884223,0.04517995429670723,0.10505457848209582,0.04536760841717106
2024-12-03,0.0004256973367691,0.07830668952761263,0.03683679503608103,0.0849515290944413,0.038872582728873
2024-12-04,0.0009275780119958,0.22021996927191467,0.0941325461202152,0.20609421152544988,0.08910745966920056
2024-12-05,0.000748433533592,0.10522339240920592,0.04386713973758282,0.10462622360643786,0.04381809114269184
2024-12-06,0.0007262906307101,0.09349447625918292,0.03869285204527893,0.09321627906987036,0.03821962555742947
2024-12-09,0.0005501484796429,0.055136302795831496,0.027326915120467303,0.05528202899459089,0.027200669131479744
2024-12-10,0.0005807939898746,0.0579104443229346,0.028682123071260123,0.057033562807512914,0.028243528776771117
2024-12-11,0.0002092789501334,0.24588615342579906,0.10772654807268987,0.2359839974247399,0.10326938611462888
2024-12-12,0.0026849946716382,1.123392758919249,0.5227396663315252,1.1456408603438892,0.536611836716849
2024-12-13,0.0026800571864758,1.1173783986484709,0.519473862018156,1.1064687248207088,0.5140461681887913
2024-12-16,0.0030596287164126,1.3937251577132548,0.6619708840374062,1.398598487464484,0.6656904838192408
2024-12-17,0.0030300738295997,1.421770912579655,0.6795175356164688,1.4149654000160923,0.6762269871714777
2024-12-18,0.0031497342441263,1.6571617036982447,0.8055172784907005,1.650887550716818,0.802396081773981
2024-12-19,0.0006837205484119,0.35809890519134807,0.15912619788119572,0.3322769687984597,0.14795831960020533
2024-12-20,0.0009129938133769,0.14594302900692996,0.07059937951102528,0.13857041852090693,0.06727534482881832
2024-12-23,0.0007598016568779,0.17116874115336894,0.07631191194368338,0.15597694391791875,0.07082114106960168
2024-12-24,0.0009269203079778,0.1575248750278971,0.0753772504740369,0.15084554109761047,0.0724024815465231
2024-12-26,0.0010850231289383,0.11956876745486676,0.05520351715501914,0.16242952392998336,0.079001641291823
2024-12-27,0.0015628196703225,0.3328724690811624,0.1453311080416124,0.33352550461794184,0.14526566626976808
2024-12-30,0.0015691655650188,0.250561351569618,0.1095427008648619,0.2368413375511887,0.10239361663279144
2024-12-31,0.0020001839565951,0.47157891293772003,0.2018839069427915,0.4967264620522453,0.2094004211996129
2025-01-02,0.0018701554459244,0.3730009812880546,0.1642596852930681,0.3922862341137012,0.17132653550047733
2025-01-03,0.0016957268052635,0.32481339446081164,0.14351398685250827,0.2712449641719168,0.11890995782874691
2025-01-06,0.001434992367567,0.17365200096441902,0.07560887904976503,0.15496476254644112,0.07280968227394152
2025-01-07,0.0013598075162721,0.1483360012876157,0.07000827734221897,0.13940250366012968,0.06783891056006526
2025-01-08,0.0012391957295082,0.15434033265951702,0.07510978736009151,0.15330915953015942,0.07476784116053219
2025-01-10,0.0013084826966567,0.13227558746275575,0.062450278310313745,0.12824419940589943,0.06193808595228306
2025-01-13,0.0012189066192283,0.1358456987327649,0.06324288708633685,0.12150154771448167,0.056790412208392614
2025-01-14,0.0011462636107187,0.12843150301929585,0.06002053795855269,0.12043044755687586,0.05411816580256669
2025-01-15,0.0012297076905133,0.12299733241917707,0.06096150798599119,0.1235007362631195,0.06078329298903507
2025-01-16,0.0007160592291402,0.14997935797064343,0.06825555572464859,0.14410066020425205,0.0657893430428659
2025-01-17,0.0007457156894181,0.16805161289290654,0.07491488250279844,0.16212758220590506,0.07242498586029635
2025-01-21,0.004560028562118,1.8541409312003059,0.8557637310800412,1.8817847723608296,0.8741463372227435
2025-01-22,0.0049860555102911,2.1535606084405847,1.0100758287680631,2.235219425482093,1.0592258776049361
2025-01-23,0.0050990071883775,2.4114977496971393,1.1539714457377288,2.429979096927065,1.1649557203934924
2025-01-24,0.0058037986210971,2.927512260132636,1.4145487547870765,2.9178215491434765,1.4099310905140903
2025-01-27,0.0056661295307731,2.82580183264227,1.3631427708824382,2.8733523912827366,1.390155976458989
2025-01-28,0.0018359865824386,0.32472073043616023,0.1541143398066699,0.291488134392723,0.1405248996757084
2025-01-29,0.001655830378876,0.1742223398471645,0.07734090281970987,0.17243174356566013,0.07662260802997002
2025-01-30,0.0015038883952299,0.19331682957129045,0.09451364508036186,0.1952097142454127,0.09564080215615683
2025-01-31,0.0008761419783819,0.39405327774780485,0.17644729416344332,0.41388409541092985,0.1845762299479038
2025-02-03,0.0009875630271988,0.46058801659306664,0.20593474944176401,0.4194150744569415,0.18788615708465187
2025-02-04,0.0009336938580111,0.24966674381656845,0.10926300265341547,0.2771793165463146,0.1232359971674231
2025-02-05,0.00125508039509,0.13331882871941128,0.059250245818639434,0.13958144387087446,0.065735365071247
2025-02-06,0.0010527194871611,0.14168260878579175,0.0694782039987519,0.14061539871608714,0.06893703300209031
2025-02-07,0.0011249109601898,0.12591823232915117,0.0588055674056501,0.12206775781589013,0.0565527277502823
2025-02-10,0.0010140428051197,0.13602668146894187,0.06669901423827576,0.1244593361518724,0.06061401425033311
2025-02-11,0.001081248877022,0.1140839661466942,0.05044081983664673,0.11035346167953851,0.04968551654753194
2025-02-12,0.000736064224578,0.2955085384167384,0.1327086323467454,0.2903475728329175,0.130285802578055
2025-02-13,0.0010184693824006,0.13637448376809563,0.06686646486106722,0.140675998778526,0.06891085470397336
2025-02-14,0.0018089774885318,0.25682052221149143,0.1076617358923005,0.2505948285059774,0.10441426526341221
2025-02-18,0.0020023441012654,0.3229724167551179,0.14148136032590483,0.32094453050106464,0.14075304570180605
2025-02-19,0.0022590573904776,0.4799485038753702,0.20962408040733635,0.4550861770600997,0.1998640509235321
2025-02-20,0.001971255958018,0.321821330963426,0.14129302836813964,0.2858069301647871,0.12179571851377448
2025-02-21,0.0029711594655295,0.7676085214157399,0.3212079161135092,0.6964736162434231,0.2977578981342558
2025-02-24,0.002180385576336,0.2479658084753038,0.11341545150145013,0.2515988964918451,0.11241872288359403
2025-02-25,0.0034662979777527,0.8203361839005582,0.3508956008015035,0.773679256441505,0.33420767328105233
2025-02-26,0.0030791618772687,0.5575046934949326,0.24675006532805052,0.5401237611107423,0.23896268653338884
2025-02-27,0.0029781194215979,0.8699073642664427,0.35099328433924215,0.7972214876694229,0.32925182906535466
2025-02-28,0.0032042235352648,0.6267190835729068,0.27650427511592324,0.5699231130164721,0.252177678661864
2025-03-03,0.0030825926396734,0.8548827464208784,0.35053398866926316,0.8109050662637527,0.33660041653940564
2025-03-04,0.0037229985169697,0.763803254260443,0.33525883774099363,0.7316808503839521,0.32222200239376386
2025-03-05,0.003914794369463,1.084373919978887,0.44478912025459244,0.961080747915035,0.4063672304378966
2025-03-06,0.0040344383890268,1.2169960656515872,0.48594072178457415,1.179433183088575,0.4741819896561377
2025-03-07,0.003223747717842,0.4924393238938439,0.21283009776882023,0.4487613713706985,0.18749916801769406
2025-03-10,0.0046175456619183,1.489707959123122,0.6183481809783629,1.467225446908234,0.6073815692324529
2025-03-11,0.0028237734261652,0.28622791199867564,0.1414344843461686,0.27957045351037635,0.13835178774597337
2025-03-12,0.003195964286212,0.5458869522759071,0.24099716374113309,0.529265495611622,0.23321206095590677
2025-03-13,0.003197655545009,0.5302486699177904,0.23332415223139372,0.5074189902616648,0.22209963915315403
2025-03-14,0.0024973491270751,0.25541511709573433,0.12569155504308496,0.24442117423199472,0.1208823857135411
2025-03-17,0.0010527634965151,0.33769902364748283,0.15086560473439836,0.3385520865486537,0.15139301481816292
2025-03-18,0.0019830382615917,0.19763911741934045,0.09785090189628914,0.1935430132487354,0.09516683659460069
2025-03-19,0.0014100698205904,0.3582570592636064,0.15526794487595882,0.4014428258009957,0.17771879707087174
2025-03-20,0.002309550609049,0.23753911814636042,0.1165558690414998,0.23259362009473072,0.11431601648701646
2025-03-21,0.0025755119477043,0.2971843868210628,0.1344008054154392,0.29551676941177774,0.13262684354818338
2025-03-24,0.0031955768377625,0.705751987212194,0.30622866062169685,0.7191715416638731,0.31015562410815084
2025-03-25,0.0019488343926983,0.21108060284860092,0.10013331150500512,0.21163832312871314,0.09903113997402646
2025-03-26,0.0019971823019267,0.2115479294397826,0.10192343478768262,0.21026699915043512,0.10057616324247111
2025-03-27,0.0013076274820224,0.3631481083580205,0.1598704508655443,0.37622030978634474,0.1667488663129433
2025-03-28,0.0059940046064453,1.8810659608175746,0.7659053371338925,1.8859430550423792,0.7756482181468641
2025-03-31,0.011386139175859,5.171649971112171,2.4547260237781323,5.119343022787775,2.4275794476990806
2025-04-01,0.0113774061498315,5.667355763085754,2.7334050245375505,5.702904358831503,2.754543278871132
2025-04-02,0.0117522654401241,6.109194953930385,2.9646032965115623,6.037907168769813,2.926566642424165
2025-04-03,0.0262145536952042,15.943591833708092,7.894384983353239,15.835085782812762,7.835599109903312
2025-04-04,0.0235195353372868,11.39468236789739,5.472967739455055,11.348891235455802,5.451026273355271
2025-04-07,0.0177847877849188,6.023072406661126,2.5753823138129444,6.190629874486269,2.699541168338144
2025-04-08,0.0179266888670085,7.885319658686732,3.714750474819483,8.024352258073502,3.8012723882989605
2025-04-09,0.0175114919796113,7.363684083168074,3.430856263578856,7.289116350948318,3.393388414897463
2025-04-10,0.0029721213016497,0.479457807075281,0.23160397113259307,0.41187046401865635,0.20172536341514924
2025-04-11,0.0007762575634688,3.5806552673514216,1.6354017604299091,3.586235640014196,1.639375157508489
2025-04-14,0.0020090075990308,1.4970428197592467,0.6474849747662008,1.5221896063523053,0.6550775677955142
2025-04-15,0.0027778113488464,1.1146324372934366,0.5005697830862472,1.01134325181625,0.45393359543937006
2025-04-16,0.0040705279250965,0.7500485588620791,0.3526933227519233,0.7386837135016191,0.34633280491227786
2025-04-17,0.0050430953634,0.5771112562584235,0.26269432190133424,0.5969727255904705,0.2614030762857904
2025-04-21,0.005114116771849,1.1906122063905593,0.5111313029889746,1.08637208520266,0.47355252676834686
2025-04-22,0.0036103054207387,0.394303942527347,0.18062276746678071,0.38276223789869485,0.17370498628720893
2025-04-23,0.0026984194090274,0.3315487437854818,0.1608957474721472,0.31074339601554585,0.1487790401139635
2025-04-24,0.0015493450381561,0.7654037353549847,0.34125908735081445,0.8145987811422596,0.36098701313726694
2025-04-25,0.0004659229771732,1.5641490921099064,0.7112140000406298,1.6925320427566846,0.7712298538628675
2025-04-28,0.0012694434314339,1.2295419303432367,0.5297641847590684,1.16898338792791,0.5022696460947983
2025-04-29,0.0012733506433618,1.1423097990813786,0.488032201307883,1.2126612120411588,0.5228511295169909
2025-04-30,0.0012771052989931,1.033916570970774,0.4439745297312237,1.0525328313310467,0.44958121995742756
2025-05-01,0.0013171065141386,0.7961390926293997,0.35028333619928487,0.8495261656385007,0.3707234497639595
2025-05-02,0.0012195634376428,0.34078236967987346,0.15014880339726494,0.3902136192520626,0.17444774772753968
2025-05-05,0.0002842500074037,1.099737478946325,0.5011352672383506,1.1319758973396306,0.5164839992455842
2025-05-06,0.0018045838457322,0.4022381391354486,0.1798899725961712,0.40830238852464096,0.18026017674246214
2025-05-07,0.0022596384188628,0.25328056759806555,0.11840118496028576,0.255367839989631,0.12127943701651064
2025-05-08,0.002068391382841,0.23505931030522453,0.11079589931622875,0.244865004528296,0.11832579479309589
2025-05-09,0.0020172361852007,0.22189773336082372,0.10228716467585589,0.21941695945541662,0.10183238593884258
2025-05-12,0.0021039886601301,0.5049684962824806,0.215299331667546,0.5407779509453171,0.22590872630916092
2025-05-13,0.0007138548707098,0.22614536371137567,0.10094181486453745,0.24095837653062385,0.10798149900673319
2025-05-14,0.0002699449585644,0.5648192707759296,0.2541849908312282,0.5785610319631497,0.26085267377420496
2025-05-15,0.0008123250567781,0.3095010016380752,0.13902809217156153,0.33861239382368014,0.15176475316552526
2025-05-16,0.0008090785491209,0.29204782052236195,0.13110737796581562,0.3766394885371536,0.16809397428544237
2025-05-19,0.0007209324674094,0.30734245121041326,0.13785655784436096,0.3182175103988091,0.14235231082265157
2025-05-20,0.0010287430247972,0.12978880935945955,0.06330215153666979,0.13212111016684827,0.0646834506104103
2025-05-21,0.0012572803631209,0.18614906719444105,0.0795672193194615,0.19583999742317848,0.08539080084130353
2025-05-22,0.0007451614025426,0.18123161353832856,0.07898406868907323,0.19074306947716588,0.08311949306694501
2025-05-23,0.0007634427193501,0.10599900608198995,0.0519831635510379,0.11343043164143861,0.05522490675127267
2025-05-27,0.0009008071158093,0.0895242131907113,0.044058737879621,0.08831555070807458,0.04372206968887063
2025-05-28,0.0004780042216065,0.15337369449578864,0.06852035612573529,0.16290714951400548,0.073029670726573
2025-05-29,0.0002513946812748,0.39348606213366244,0.17522385762886844,0.4510168925142313,0.20217831387205812
2025-05-30,0.0003401269518331,0.24565270693213717,0.10653081072197298,0.3081231728190497,0.13214476701711503
2025-06-02,0.0004905139126682,0.1694489286741921,0.07597918064310466,0.1720616800248709,0.07718740780481129
2025-06-03,0.000384803819426,0.20095444035605367,0.08931234521323572,0.2053115673353278,0.09089396715655511
2025-06-04,0.0003797930304709,0.1251175586144816,0.055983827566260545,0.146898556143122,0.06593392859858398
2025-06-05,0.0003743890913475,0.08592116310747647,0.03810027127125877,0.10312471842448914,0.045465917895099385
2025-06-06,0.0002538653467303,0.18374556350218904,0.07966909111897845,0.18761984790775993,0.08092303808679227
2025-06-09,0.0004746572200312,0.08819775472788206,0.041391238341856734,0.08197387308779432,0.038874176779583214
2025-06-10,0.0009153107952201,0.11678033536816458,0.04868881332561658,0.11756329533860234,0.04817255629176102
2025-06-11,0.0009657685747879,0.12337737398719768,0.051384123087024405,0.12265388141064358,0.05072789552240717
2025-06-12,0.0010252945225601,0.2155635298956039,0.09429943301898029,0.2176607737673204,0.09488961606940383
2025-06-13,0.0011872791223597,0.3626474317645966,0.1446616202369004,0.3540766389239483,0.14144897382053115
2025-06-16,0.0008238121145209,0.09853105314741513,0.0433081532614021,0.10162279493217624,0.0430436840984536
2025-06-17,0.0007457738885889,0.07586424545746091,0.03742921128293075,0.07902631400542544,0.03763370175887922
2025-06-18,0.0007181681891094,0.07573492658398658,0.033510760867353925,0.07331596819843517,0.03299678372594922
2025-06-20,0.0012410909298095,0.22089736887370914,0.09775430201729554,0.22547192856705767,0.09976524031678344
2025-06-23,0.0010784891580133,0.12259910550692056,0.05609347143372918,0.12465085815131027,0.05562494241692712
2025-06-24,0.0010464655870048,0.15487549524341349,0.06618936162645556,0.15884088953050735,0.0687944133478216
2025-06-25,0.0008354986515874,0.10140696180533813,0.044047354489871425,0.09812053633493287,0.043238155319089006
2025-06-26,0.0008537371446473,0.09168185071441344,0.0437574491932929,0.09317427166501721,0.04344142368999657
2025-06-27,0.0005667853410181,0.07551376173624774,0.03702075877141214,0.07623158876786303,0.03736938439413344
2025-06-30,0.0007925769035022,0.07881700780315813,0.03857511710934366,0.07736643523653745,0.038103512375220965
2025-07-01,0.000831079812046,0.08486370500546643,0.041796269661405074,0.08268427397625697,0.040858326268020904
2025-07-02,0.000712929746553,0.07381485089008534,0.0335489367567741,0.07684564723502321,0.035415341105357774
2025-07-03,0.0007273599749054,0.07253629058563353,0.03593102607289733,0.07105426954328795,0.03466272467178602
2025-07-07,0.0004826378624146,0.06229502599786928,0.030470947548428134,0.06085300325897733,0.029746227808997456
2025-07-08,0.0002558075627566,0.22298032158265418,0.09512834168747332,0.2122910449696397,0.0906229567964479
2025-07-09,0.0002149435687886,0.23489648127404614,0.10233160373938278,0.23050672855397622,0.10046966599699257
2025-07-10,0.0001982419614056,0.19813499075941374,0.08563268343286158,0.19481123909521172,0.08425587371400041
2025-07-11,0.0001763811419727,0.24353579096437006,0.10777947224499593,0.23993423733961425,0.10625885425859413
2025-07-14,0.0001742121197776,0.20590451222794523,0.09024688876776932,0.18665662997330693,0.08135092206500988
2025-07-15,0.000458715019056,0.05547402956566495,0.026817126205684078,0.05133024777220735,0.024258956659836017
2025-07-16,0.0004570680641496,0.04878461217910373,0.021815357916318282,0.04815538227073755,0.021705916573286545
2025-07-17,0.0004841943953043,0.04843446281391455,0.024006124846762705,0.047780007488318024,0.02365961480857163
2025-07-18,0.0004590655164393,0.04718780202928519,0.02316109356616005,0.045337777511022734,0.02244802439116566
2025-07-21,0.0004437456141113,0.04502230152852845,0.022237851586751737,0.047752828733838716,0.02249392762915221
2025-07-22,0.0001636756921259,0.14642086118472958,0.06253532414429623,0.13804752964036862,0.05884651501575212
2025-07-23,0.0003501849341561,0.07971465179613854,0.03543152527632027,0.0775870661782826,0.034466345454014426
2025-07-24,0.0003165618908652,0.08063668813130852,0.034966906922494434,0.07762958823527635,0.033535633843032014
2025-07-25,0.0002940526915349,0.08467595528535993,0.03745674882873574,0.09309825239196105,0.041596576099226984
2025-07-28,0.0003008478296861,0.06984879062541399,0.03086776532282541,0.062471873216347694,0.02827471549273052
2025-07-29,0.0018213021948147,0.8726560738231064,0.4184353470353587,0.8751720416309248,0.4200928727228238
2025-07-30,0.0018246829394136,0.752838207399932,0.34905783890794956,0.7386591252955271,0.34128595658042304
2025-07-31,0.0035089831341925,1.9178260907635394,0.9370338177794848,1.8968457127334666,0.9257705334026537
2025-08-01,0.0035022046303589,1.9165407720133731,0.9365622377303722,1.9212909647769927,0.939511110823645
2025-08-04,0.0034786133656101,1.8849637986490382,0.9199261359490369,1.892235668410131,0.9242807724369966
2025-08-05,0.0019641005046169,0.6070927794933603,0.2443899933146278,0.6276940503097198,0.2608027274214284
2025-08-06,0.0025206904601711,0.7895216118329111,0.32100444549205703,0.7998387653001291,0.3308103942205114
2025-08-07,0.000796593523425,0.11817926640747985,0.057723906105779745,0.12450577234910298,0.060181409364537315
2025-08-08,0.0009345911200323,0.2130505222939867,0.09465734104825481,0.204671449502756,0.09123332808715227
2025-08-11,0.0009376840885877,0.13418453969148836,0.06572778990331776,0.12695535195441654,0.06222931593409947
2025-08-12,0.0009445239759587,0.10345883721069203,0.047514381048571815,0.09965595477535538,0.04499030331869811
2025-08-13,0.001219066237111,0.12415006800769307,0.06122219168748831,0.12090543514610883,0.05980147159723786
2025-08-14,0.0013030264611156,0.17444205382579464,0.07033233517352902,0.1628008370817962,0.06824375371994917
2025-08-15,0.0011820545660786,0.12628545099871985,0.060489576145477654,0.11536601051278766,0.056529237712096815
2025-08-18,0.0015911437110359,0.2898331032005259,0.1282858808868988,0.31144729511898217,0.13720890470234595
2025-08-19,0.0017319464712373,0.3515705812346458,0.15452023148664823,0.3677344732151858,0.16031005285864366
2025-08-20,0.0007271441178717,0.19624565245368863,0.08601123932439214,0.2006451799656147,0.08848208929684932
2025-08-21,0.0006377206953737,0.1860538245738358,0.0824223239116585,0.18534071042028408,0.08223852911582921
2025-08-22,0.0011639698511573,0.11782430337681381,0.05825488352809113,0.11610757651102296,0.057313881038396165
2025-08-25,0.0008487011630416,0.11413405103054564,0.05596783388048577,0.09612366296767445,0.04569991809557548
2025-08-26,0.0011535577995662,0.1281653524307759,0.05953367038230887,0.12406156981292098,0.05706162824015029
2025-08-27,0.001131653110712,0.12035231453465255,0.05783032018932495,0.11421769480543673,0.05607446980476361
2025-08-28,0.0015361623019662,0.24043612625428432,0.10462898074237657,0.21292857464760961,0.08874992460177118
2025-08-29,0.001053958910122,0.10474174125550907,0.05160688649466561,0.1045569612222866,0.049282788712184264
2025-09-02,0.0011988505043716,0.12032434788744324,0.05962453146927787,0.12598159697364494,0.060337256410115156
2025-09-03,0.0007939650210594,0.18235051028092036,0.08084255984396962,0.18726741629566515,0.08164465029585717
2025-09-04,0.0013459008586498,0.14692267796034478,0.06930607009489702,0.14342043433942311,0.06802992292632398
2025-09-05,0.0010701646008482,0.10636224816994357,0.05226821387288583,0.10562386321825802,0.050259414121267255
2025-09-08,0.001305465717965,0.19618134807305718,0.08434016967934967,0.22379805504078096,0.09890265205886717
2025-09-09,0.0010970213849661,0.12483873924402328,0.05707114263905279,0.13130310056792105,0.05699034959997046
2025-09-10,0.0010855809653993,0.1342193903202651,0.05742749871754933,0.14579502280445622,0.059563792080452704
2025-09-11,0.0006487689096788,0.1073730564875087,0.05163781521573961,0.09905040086042254,0.048051131670387257
2025-09-12,0.0005812072265105,0.1047538480115006,0.04950806815021685,0.10407433325728802,0.04895063041382885
2025-09-15,0.0004370826760252,0.24110968032926675,0.10678269054110176,0.20520811064604655,0.09154543374599003
2025-09-16,0.0004721721472263,0.1539788246647733,0.06886096748106153,0.12882198347650103,0.056721934109753895
2025-09-17,0.0009936695797121,0.10055157151490696,0.04972009643547658,0.10106958138669425,0.04941083326521195
2025-09-18,0.0012723470659001,0.2165197486392487,0.09555554056685682,0.22500854338450416,0.0995559622354474
2025-09-19,0.0014066645481347,0.3242608363760778,0.13951357936062378,0.33578169915667777,0.14294309270152422
2025-09-22,0.0012558727235616,0.24029380033956516,0.10617772125802402,0.2788616060484844,0.12058439929974744
2025-09-23,0.0011602535884605,0.19173060013136595,0.08432493908608095,0.21028981934409904,0.09305385264813139
2025-09-24,0.0006153404659804,0.12398787281655263,0.05701938726361598,0.11805677895409454,0.05458777205264779
2025-09-25,0.0002559389213067,0.32445347929916735,0.14286540224257288,0.3118038562525994,0.1371799786135838
2025-09-26,0.0006110415372027,0.15294957893988625,0.06607821888436939,0.14119717350103386,0.061943258371020875
2025-09-29,0.0006500890821012,0.11822975125833447,0.055766032541749506,0.10579455765010531,0.050779009887416494
2025-09-30,0.000768189858345,0.08694106315429387,0.040880022470500654,0.07976322497878335,0.03530729961024758
2025-10-01,0.0007825111377266,0.07811974356861684,0.038705121236763396,0.07960684285744218,0.03891401807962232
2025-10-02,0.0014075356127224,0.42113481719984597,0.16859910184912477,0.4079191222171582,0.1644620419074196
2025-10-03,0.0009648292945692,0.14188499687531406,0.0604835218922753,0.12749636847840162,0.05145479847599596
2025-10-06,0.0035750035142419,1.653923402211792,0.7883200863065856,1.6282155072190263,0.7743473469506582
2025-10-07,0.0037723055368246,1.8052731511045208,0.8654607280372892,1.8259682905529644,0.877449627518304
2025-10-08,0.0043735801441433,2.1580034861054296,1.039360206423229,2.180989916535844,1.052651792759917
2025-10-09,0.0038810146228697,1.770624518197483,0.841282810360492,1.7601747414858375,0.8363144413671797
2025-10-10,0.0044492939739448,2.2138050243466414,1.0675566355045354,2.237968387735012,1.0814939904309437
2025-10-13,0.0018891352674441,0.1917807236206349,0.08989089522513928,0.18524450634403727,0.09171123590270888
2025-10-14,0.0017262801101249,0.1918428422248137,0.08930622143275901,0.16848200141956424,0.08264626509437166
2025-10-15,0.0011024961746426,0.2792740391026183,0.12095974524387869,0.2665938331742154,0.11535149135931057
2025-10-16,0.0012883171266983,0.14849445670877903,0.07050855694636335,0.14702471483148685,0.07014129319300448
2025-10-17,0.0008275463625259,0.43691404875345347,0.19405691766907704,0.4202855544785579,0.18666117782914493
2025-10-20,0.0011582230211045,0.1451860190398188,0.07073353711164533,0.13219923617587537,0.06307248989465049
2025-10-21,0.0011838362329989,0.12189695766644605,0.05586768868670398,0.11596399025989743,0.05608603079169507
2025-10-22,0.0017110897432161,0.24325706083276832,0.10205456582280213,0.24903178931599004,0.10628428111934095
2025-10-23,0.0013733209173302,0.13647967521055276,0.06721236689701941,0.13485200738923636,0.066779288230254
2025-10-24,0.0019252835617087,0.4139987334049619,0.18048636735539456,0.4195847087283282,0.1820796135101164
2025-10-27,0.0021627095060315,0.4854571065946315,0.20998754837899974,0.5356492654467633,0.22596572313071872
2025-10-28,0.0020018738017176,0.3752059338026397,0.1659674803300942,0.3389805373921695,0.1496785664440993
2025-10-29,0.0029971044985652,0.6367784814961863,0.278119875843452,0.590391382040526,0.25994368092609166
2025-10-30,0.0031744932370472,0.8697997499220328,0.3579119694246949,0.8208930338619392,0.34235099501304955
2025-10-31,0.0040087238680534,1.0782740858722584,0.4461249040091705,0.9916187562981587,0.41845411469913885
2025-11-03,0.0034447108481935,0.9966849257016374,0.40336608821734904,0.9614444266764505,0.3921794429804647
2025-11-04,0.0038186850736741,1.1299172945992202,0.45398772216935845,1.0675578050985997,0.43524550846633414
2025-11-05,0.0024122195102522,0.24160412506081747,0.11975461480661581,0.2361208676269525,0.11443855233333634
2025-11-06,0.0026041192697823,0.38106123488266014,0.16211778401038754,0.3303933998425925,0.1367591120794459
2025-11-07,0.0027082259160596,0.26971583684693007,0.1334530320783222,0.264806393351834,0.13086688773919297
2025-11-10,0.0026302008867124,0.3395574456373682,0.1401918938319196,0.3511429398127263,0.14284834007368122
2025-11-11,0.0028588174323053,0.5074427494970756,0.22454688889635888,0.4969748027832241,0.21977846054319197
2025-11-12,0.002729575172376,0.4507594796076418,0.19822944101597653,0.3422869923377883,0.14304954972972198
2025-11-13,0.0023687855270653,0.29367626219832305,0.12537313799994354,0.2768660426187667,0.12246454123356215
2025-11-14,0.001284024537012,0.3271589172633019,0.14187532770507824,0.42279846599310483,0.1892962164531622
2025-11-17,0.0016168361176582,0.16352744579724252,0.07713986917846827,0.1678054204730565,0.07423516944043167
2025-11-18,0.0014495731312074,0.229598975820477,0.11122306503046984,0.19604640822069166,0.09609681532606491
2025-11-19,0.0019697894381767,0.20012203820379365,0.09878895656277084,0.19526630539830014,0.09659546212450991
2025-11-20,0.0019845592474756,0.21520842541632995,0.10200319164581109,0.199320508756921,0.09809716565543597
2025-11-21,0.0016039045705571,0.16093965207731323,0.07701743804892193,0.1590624283014738,0.07501710805338649
2025-11-24,0.0012549320748768,0.13757972016684275,0.06323317533200833,0.13436381817163542,0.06155448534010133
2025-11-25,0.0009452632730815,0.16580200829078712,0.07882796346954789,0.18904645147283963,0.08645405901234568
2025-11-26,0.0007040039086503,0.2958854718407777,0.1327692406363892,0.3283515645483882,0.14653061996586647
2025-11-28,0.0007290559387608,0.32009117557295863,0.143456275366717,0.3114488181129958,0.13949249449154608
2025-12-01,0.0008449714417863,0.21756530123070955,0.09455640259006845,0.21293738919048324,0.09251798344145544
2025-12-02,0.0008765546643778,0.21087875347430302,0.09220965512561896,0.2248003176764703,0.09799500600261
2025-12-03,0.0007482592324349,0.21242810727620093,0.09379370482117401,0.22361584730510062,0.0994812061045542
2025-12-04,0.0004863931910632,0.22759000542873511,0.10174329403716725,0.2390582186548316,0.10638506728632348
2025-12-05,0.0004303568694664,0.24116602934319192,0.10669755239843036,0.23442718896501813,0.10364106269701584
2025-12-08,0.0014465973271227,0.18404559798401757,0.07691321644604182,0.19438547804095094,0.0794443789594753
2025-12-09,0.0017611176373194,0.31615065313180174,0.13991726219282574,0.3517498228888685,0.15464473404369056
2025-12-10,0.0017663747124597,0.33645605981165766,0.1487110939442402,0.35030730089965817,0.15414027416037732
2025-12-11,0.0019628226878768,0.5233661086399606,0.2170916802439902,0.5312871348380743,0.21871210880925038
2025-12-12,0.0020051141067469,0.5647733631246677,0.23047381038753667,0.5647742572549117,0.22972923734308737
2025-12-15,0.0013063245202695,0.14560457941292007,0.06779159735395617,0.13847986959737935,0.0628371454832008
2025-12-16,0.0012467203803126,0.12578296211775145,0.059587248567434505,0.12251073905254566,0.05881898001642063
2025-12-17,0.0014984077865957,0.17659545710144942,0.07854016931775122,0.17680750599962755,0.07761832735365425
2025-12-18,0.0012836713381042,0.12762997575345855,0.06251151152168136,0.12563693615873872,0.06091317556847769
2025-12-19,0.0012871038759383,0.1311669803367975,0.06466371095095938,0.12912118523685187,0.06358518331894325
2025-12-22,0.0006133005261162,0.13930046160414572,0.061956036987783764,0.12639523311486456,0.05732688911665859
2025-12-23,0.0003739813195181,0.23769347868660518,0.10417437672077895,0.22199722738525712,0.09751998018213288
2025-12-24,0.0002553222980922,0.41152427326603563,0.18350125335718787,0.4044848442489239,0.18046678234588423
2025-12-26,0.0011289450072301,0.11342722066708806,0.05619916889500503,0.11866301580241376,0.05334963665475815
2025-12-29,0.0010979789976466,0.11085653081913129,0.05485425399168145,0.11316434155682555,0.050214806111508255
2025-12-30,0.0013711532733787,0.23363165699077945,0.10311979519725299,0.2109821423466229,0.09170839197778598
2025-12-31,0.0013257113657254,0.2798229940618245,0.12233704809448041,0.2961264435773453,0.1278988658723915
2026-01-02,0.0011972256266457,0.23992176655284153,0.10560791431518776,0.25802455171292327,0.11218781459823136
2026-01-05,0.0003239856720425,0.21331666465918195,0.09322768220135996,0.25165251221219126,0.10806364375308189
2026-01-06,0.0007030160713014,0.11377908771336646,0.05493022830364826,0.13194308536128604,0.0613524997315433
2026-01-07,0.0004304784948506,0.19981527668383506,0.0893593675733315,0.22984910388761265,0.10175210590752819
2026-01-08,0.0005496582870485,0.16760470760788412,0.0745824101849052,0.17116545135099479,0.07639222029645641
2026-01-09,0.0005315616320651,0.1683596204876365,0.07514754813313042,0.1926952096541527,0.08648681344361707
2026-01-12,0.0006072374836691,0.06761943563589244,0.03146119759474217,0.06264022638701797,0.027759789232177742
2026-01-13,0.0005465847407906,0.09482586818657868,0.04518589405034324,0.09055078186151377,0.04331297124256686
2026-01-14,0.0006218226843704,0.0817956276871615,0.04007035089899695,0.07571780581625757,0.036824750478868226
2026-01-15,0.0006087381196753,0.07482804671504696,0.03631679451372356,0.0766582324907862,0.037466712834936966
2026-01-16,0.0006029457294186,0.06717511285505279,0.03126577570158614,0.06670637473097817,0.03131635632758716
2026-01-20,0.0005422439274075,0.06868909462764439,0.033524443034653795,0.06105550056131027,0.028944136139606738
2026-01-21,0.0002054722609189,0.23314471927495503,0.10187243498111706,0.21188453965380286,0.09205073834797987
2026-01-22,0.0001295960489477,0.2798434835220732,0.12605717586801488,0.290601057189704,0.13118321603316788
2026-01-23,0.0007364992345548,0.0770471491652425,0.03742372267294673,0.07450714488729103,0.03653631310615634
2026-01-26,0.0017841544183308,0.5567167456258203,0.22571395815734902,0.5839266976310296,0.2462547812338784
2026-01-27,0.0018198027041203,0.6380328325434798,0.2778406451304371,0.6709656583582231,0.3001095625444355
2026-01-28,0.0019500975110715,0.8278945854637696,0.3866552932769209,0.821704315541891,0.38370191151133154
2026-01-29,0.0025611897531989,1.2734118985345437,0.6140067566082691,1.2947437804733573,0.6261309165704216
2026-01-30,0.0025381398651572,0.8925345355733457,0.38925892981085425,0.8934138628889026,0.3917713334620094
2026-02-02,0.0051573896288863,2.2139281696401545,1.0368270519005103,2.2438378562806567,1.0559247657899216
2026-02-03,0.0059444328176975,2.8777609181603205,1.3820551266946113,2.895748986583668,1.3928423856443908
2026-02-04,0.0058113089033567,2.83897025994947,1.3652983328954482,2.780084580133732,1.3335776409195013
2026-02-05,0.0063392351173079,2.943776160829142,1.4042901811643251,2.947677875966291,1.4077889524729823
2026-02-06,0.006561095025718,3.021695761217945,1.4387842543560767,2.978898554757031,1.4157126075762168
2026-02-09,0.0032205734243469,0.7939555312287886,0.33632841054004675,0.7985787075452254,0.3367825744479377
2026-02-10,0.0023971571132693,0.29686429832067107,0.12684861328056043,0.28831600096840276,0.12464898132673806
2026-02-11,0.0032586064832713,0.494518590515073,0.21327851461255853,0.5137270228601529,0.22457279403662259
2026-02-12,0.0021267698920036,0.2535980440518627,0.12206570866536029,0.24661250540903235,0.11839470312334789
2026-02-13,0.0013605249567873,0.467404643018011,0.20953786533007684,0.47460787882345357,0.21288502989414096
2026-02-17,0.00134195234014,0.1810474551611272,0.08878738688285355,0.1743617474103083,0.0854302066351296
2026-02-18,0.00178595091362,0.17821523028418018,0.08630439391202284,0.17906546989004235,0.08288655431905241
2026-02-19,0.0012279602812089,0.19596199538723127,0.09482000360750202,0.23653691579772082,0.10925693183464286
2026-02-20,0.0012444038703924,0.1918448516419575,0.09329026890694356,0.2039345218294541,0.09775126292491897
2026-02-23,0.002738450035217,0.49683285864234583,0.21990068305099464,0.4643544196450128,0.2050645807227613
2026-02-24,0.0024479994768479,0.35615155485284555,0.15111598284292374,0.3270149820190851,0.13309459614558827
2026-02-25,0.0025349170885683,0.4431509447473961,0.19595097961551583,0.413127173192015,0.18163850323740438
2026-02-26,0.0026190231942655,0.5335750774222588,0.23440736632023706,0.4742397957930587,0.20985812130491693
2026-02-27,0.0026681210026518,0.5022761347623214,0.2221474155875354,0.43116769578942793,0.18934073619743547
2026-03-02,0.0011619383700605,0.49217564068899766,0.2208009880123768,0.525990733195408,0.23504665517371057
2026-03-03,0.0014000509689023,0.20726218325629747,0.10125897056025514,0.220287962887712,0.10636773265402931
2026-03-04,0.0008657718573906,0.4791915986840691,0.2121780351736759,0.5311576867778707,0.232730206799867
2026-03-05,0.0006490196324173,0.4366650204109604,0.19049944171021244,0.4823738023511189,0.20794834184822145
2026-03-06,0.0015416763239516,0.21492477596591691,0.1053961296972663,0.23096151963864583,0.1123229248667175
2026-03-09,0.0014330778408725,0.15433776000334978,0.06972659406402326,0.15298208194173343,0.06989660001139947
2026-03-10,0.0020775214752508,0.2837569107585463,0.11614558040020932,0.2638948858709892,0.10912722997498144
2026-03-11,0.0021435728585581,0.41152662582091615,0.18180090183464767,0.40214886671215533,0.17773767839704466
2026-03-12,0.0020855501053436,0.5151572984225475,0.21812364082206034,0.5023838726125857,0.21340059211554283
2026-03-13,0.0011998633176092,0.17899914957971996,0.08737933005005967,0.19685617952101744,0.09433793947453975
2026-03-16,0.0016609029971241,0.20222488577546854,0.08761396131658791,0.19783344174629425,0.08619919402389273
2026-03-17,0.0012576248560134,0.12503673185554798,0.061248360558349105,0.12320183896305198,0.05957292326880345
2026-03-18,0.0015071139484002,0.15405326104164901,0.0758325846213856,0.14709172055045425,0.07214912570825589
2026-03-19,0.0016730208352493,0.1720920381435035,0.0844370555613008,0.1632842406729683,0.08012771752983289
2026-03-20,0.0026825968716861,0.6888554607418662,0.28874356604241064,0.6666899645083797,0.2809966131850508
2026-03-23,0.0034277595459081,0.9341450457852793,0.38499916000131945,0.984317442371339,0.3980355051418624
2026-03-24,0.0034327819910437,1.2009354040283269,0.5223800301344421,1.2045178996725168,0.5273683846069916
2026-03-25,0.0060443188232319,2.608739526101237,1.223348480496674,2.6141754602907206,1.2284671799310198
2026-03-26,0.0057744552798015,2.617028486933562,1.2415457220363053,2.5725586619652234,1.2173409744484993
2026-03-27,0.0047841045709796,1.4122348216014626,0.5678560107335645,1.3316558024505611,0.5436470755315028
2026-03-30,0.0035602713586812,0.5980389244915642,0.26360496339209144,0.5715463630335252,0.2507321254068388
2026-03-31,0.0030663609706651,0.49939745914600414,0.219178684707354,0.4662731518006808,0.20205845118066673
2026-04-01,0.0012109452388218,0.24601831185961562,0.11288722485592176,0.26729239019796186,0.1188698043031772
2026-04-02,0.0012549850859307,0.35807143401335423,0.1582038555818339,0.37689657627911527,0.16774605952930574
2026-04-06,0.0013624921031872,0.2454461929294587,0.11601395615552788,0.26809587174435856,0.12314685824561074
2026-04-07,0.0033730835840696,0.6217740420181828,0.2751662743099521,0.6150946313632737,0.27213364843347676
2026-04-08,0.0040000661940557,0.9567431420811461,0.4082614007640485,0.9421723294164536,0.4023805244115116
2026-04-09,0.0031136666661097,0.8741791501534818,0.3570976821160722,0.8798888261583352,0.35754800755515503
2026-04-10,0.00306214163022,0.6705335626070904,0.2913836534701789,0.6750260420631607,0.29231478614724554
2026-04-13,0.0030526604056528,0.7360722289273479,0.31347775969228014,0.7849925111900994,0.3278845585595543
2026-04-14,0.0012972217431781,0.18317469062804964,0.0897812185197447,0.17764345752985133,0.0870554472215442
2026-04-15,0.000959792432752,0.36889243479131334,0.16570916783036846,0.3818087826738168,0.17130265229093922
2026-04-16,0.0012082979353588,0.2465668623630849,0.11300479912180732,0.23841179574356516,0.10942946214572158
2026-04-17,0.0014888832385972,0.22823006636894233,0.11106643139154,0.23425761020437463,0.11311372096345093
2026-04-20,0.0015051047746903,0.18920346601596416,0.0922234535411486,0.172573430909483,0.08248379384864804
2026-04-21,0.001323422257823,0.14147095881912586,0.06338686471998,0.13708011021889674,0.06048204283620341
2026-04-22,0.0022160252777773,0.29587302304566343,0.11903619033846008,0.29585821100661996,0.12036094969217173
2026-04-23,0.0018670043029197,0.2311707135717097,0.09879177736751556,0.21888143063423168,0.0965853273362225
2026-04-24,0.0016713012133726,0.17100647563288715,0.07914151119519569,0.16531350866686473,0.07832974883707129
2026-04-27,0.0020561878281098,0.2584080399271546,0.10908955918447705,0.2544240614427692,0.10749563276954074
2026-04-28,0.0020860132969463,0.2549261710446682,0.11011362403688006,0.26033641369900495,0.10922896163920352
2026-04-29,0.0012912953053984,0.28525804148362893,0.12789686123917995,0.29755607281241375,0.13064679668977025
2026-04-30,0.0016301242336557,0.16242294425965909,0.08039745544963012,0.16051866191893943,0.07672909880472344
2026-05-01,0.0029425889031122,0.7757893582460548,0.32280148359996685,0.721151727601425,0.3050579426007554
2026-05-04,0.002754771079511,0.6535159109185648,0.279391290316929,0.6338190312462528,0.27207982424186045
2026-05-05,0.0026892387560905,0.5681550895288447,0.24835930836605455,0.5555102249665719,0.24317232389974355
2026-05-06,0.0026415544115287,0.662244887484692,0.27932091417266725,0.6007921741699479,0.2585626925637667
2026-05-07,0.0026096715272524,0.5771292931705214,0.2503598334327727,0.5640425293471463,0.24512049348427253
2026-05-08,0.0014108457403007,0.2562188365266795,0.12089012361986251,0.2869366914878032,0.13062554708538113
2026-05-11,0.0018381398733752,0.18521511452162476,0.08794148766784832,0.1803320748790737,0.08690208832376502
2026-05-12,0.0017930580105814,0.18069159680820304,0.08946322920711504,0.17889740979978797,0.08830091754695671
2026-05-13,0.0014890518433646,0.16324481152422585,0.07502843594386197,0.1644421082554515,0.07711523335161026
2026-05-14,0.0026053198117456,0.5409119535325784,0.2370756955446565,0.5110644978346892,0.22510512713645053
2026-05-15,0.0033262748757625,1.0720407342410958,0.4446933354727711,1.0239941316197536,0.41452370650826054
2026-05-18,0.0025059643481635,0.3678231130370256,0.1566787494366751,0.331266908964483,0.13372990398372517
2026-05-19,0.0026957489580137,0.538073218094799,0.23693612176284387,0.4913579355488521,0.2173921626932737
2026-05-20,0.0026509531252955,0.6139930078131578,0.2638911223181075,0.6074615996595065,0.26099918328962624
2026-05-21,0.0023718488692501,0.4188066381918399,0.18527747750374962,0.3992394089262843,0.17618832494143713
2026-05-22,0.0016738213865294,0.16705054506466327,0.08276203408969716,0.16342488404994962,0.07992637814188777
2026-05-26,0.0023588552937677,0.32845095512198574,0.13617062403022506,0.3389764586443334,0.14390665797800978
2026-05-27,0.0022574368043471,0.31176712845930493,0.1285685151220149,0.3242242956989998,0.137608519808693
2026-05-28,0.0024155186537579,0.3153322221008416,0.12898695268222057,0.29495522130582214,0.12597178967043096
2026-05-29,0.0011826080065818,0.13566935694233906,0.0642716344650876,0.14173251601947656,0.06869527626620006
2026-06-01,0.0042487042984726,1.4906857265702258,0.6493790347896952,1.4890057985895653,0.6515296640523615
2026-06-02,0.0036833069834505,1.0646433082030158,0.4310027374025461,1.0403884871058644,0.4228269810073522
2026-06-03,0.0036258506753833,0.8912810968243673,0.37781841074448597,0.8664904839530171,0.3687676333070111
2026-06-04,0.0038259503557585,0.9618385566949608,0.4053893913090534,0.9484551026048905,0.40001511971910664
2026-06-05,0.0055267232607173,2.3208250507194537,1.0809328653893104,2.318464776420984,1.0814394605720767
2026-06-08,0.002388277271706,0.3046051483169268,0.1487859695872998,0.296854023725267,0.14486127170835977
2026-06-09,0.0039295520439705,0.928878396568336,0.3974267348907111,0.9573116028766557,0.4055545157445635
2026-06-10,0.0040611989358291,0.9210517212397581,0.3975854166911269,0.9309011559245914,0.39993976300592593
2026-06-11,0.0037125403964751,0.6478601935912655,0.28644323973159386,0.6069637472946134,0.2669818884105056
2026-06-12,0.0032314382637976,0.5319330379796491,0.2338196847342852,0.5156504308066763,0.22594825962877263
2026-06-15,0.0031828039495104,0.6178535729616238,0.27275980771972813,0.6386646939049437,0.28062360396626995
2026-06-16,0.0025105258117807,0.30284596012023485,0.13219709249224348,0.2950321606881914,0.12994043639538957
2026-06-17,0.0024396097736829,0.24246960481718116,0.11915359876313124,0.23810208407024414,0.11683672901800285
2026-06-18,0.0024423286046004,0.24903459830020883,0.12274113853835443,0.23936205426329082,0.11849264868241782
2026-06-22,0.0013160093790555,0.22451306392651027,0.10735330232603678,0.22256804840553698,0.10601421510834881
2026-06-23,0.0022040506514159,0.21936170480046308,0.1070033573613065,0.2156933778299551,0.10666615235908747
2026-06-24,0.0013306320674783,0.35022604733920487,0.15283535515277671,0.41367102058667693,0.18460216605753843
2026-06-25,0.0015250192001465,0.22406606934309325,0.10954112113592372,0.2276552292381139,0.11076710471651827
2026-06-26,0.0017644287419977,0.19318562946994355,0.08868919744881311,0.18192518337393312,0.08067884050599106
