Date,Open,High,Low,Close,Volume
2022-01-03,762.1494342377857,765.6166185748395,751.8245205566845,763.8255615234375,720600
2022-01-04,760.128667410753,760.128667410753,731.069377765751,746.2982177734375,874100
2022-01-05,733.5785920729586,734.1820025404254,713.5895826965956,714.1929931640625,1193200
2022-01-06,708.3122106732709,731.5193697479443,699.0024911275991,730.9063720703125,2041200
2022-01-07,726.3760477175177,731.1362207246495,712.2103415342862,724.1826782226562,1363300
2022-01-10,686.2736019247079,696.9433053287553,672.6538395531022,696.4739990234375,1973400
2022-01-11,677.1457632269463,700.5636650438445,671.1308917855376,698.3798828125,2120700
2022-01-12,708.1015024956896,717.8134766764769,703.973442876489,710.8407592773438,959700
2022-01-13,739.8043167930075,745.0817331287728,697.8820146903626,699.26123046875,1628700
2022-01-14,704.5481067780739,715.0837639718981,697.4317562521962,713.1011962890625,1313600
2022-01-18,709.748914749461,709.7872051835856,684.0897641091738,685.0379638671875,1178500
2022-01-19,705.8315766762618,707.689685853993,669.2153972028101,669.3207397460938,1593200
2022-01-20,694.2903151616705,699.1654188355166,676.3988588855403,676.6383056640625,1536500
2022-01-21,677.4332465466821,690.7560984273243,665.3843263918823,665.4034423828125,1689600
2022-01-24,637.9340723356212,659.5705081740671,621.2494377863189,658.4019775390625,2833100
2022-01-25,625.0902787209145,639.9550969427733,616.6425882439733,621.1920776367188,2095300
2022-01-26,633.7006326662735,650.7013523235064,617.4469564884218,625.6839599609375,1376700
2022-01-27,636.7366663072679,636.9282353630205,604.7466215913036,607.8689575195312,1465300
2022-01-28,606.8538022511254,617.7534226723299,594.4696237146273,617.7438354492188,1339700
2022-01-31,623.2321050885034,648.9486664717459,620.6748297873966,648.6134643554688,1357400
2022-02-01,653.73754668968,654.8486124171254,638.1448037375989,652.7127075195312,945000
2022-02-02,658.9094877696857,662.0605855214192,645.634575804505,657.7601318359375,713600
2022-02-03,631.2680261672605,636.612436947603,617.2651227493812,618.6635131835938,1212000
2022-02-04,620.6936724397159,633.2981784165479,616.1441855179901,625.2527465820312,863100
2022-02-07,626.5365327676213,633.4900188730952,621.1728892653612,622.5904541015625,520300
2022-02-08,609.9665953432562,627.6952411300772,608.7693616565036,625.885009765625,745300
2022-02-09,642.4739804854845,653.4310671237025,635.8556974212826,651.6495971679688,842000
2022-02-10,626.957872705957,649.0156788403009,625.434965521381,629.1511840820312,961200
2022-02-11,629.7833039350252,632.4459801130952,598.8563797546003,601.7201538085938,1116300
2022-02-14,599.7182748701745,608.1467876743006,593.8278622083488,601.4039306640625,890200
2022-02-15,620.1478969919724,630.55903681958,615.1961546587241,628.700927734375,821400
2022-02-16,623.5192997276191,637.8861038688085,617.456492011608,635.83642578125,610000
2022-02-17,631.4785418713924,634.2656763073907,622.5615472787167,622.973388671875,1020600
2022-02-18,624.5920393871769,630.0035591960926,613.9318656458461,620.483154296875,899400
2022-02-22,611.5469469839614,625.4348572913497,603.2716539845117,613.2422485351562,934000
2022-02-23,623.5960829035474,626.8238209684868,604.3732875132517,605.0628662109375,997000
2022-02-24,574.9498395173737,631.0474215930436,574.3656035767017,629.1127319335938,2047800
2022-02-25,629.1797758343274,638.9779757145833,622.561493981662,638.9588012695312,1295400
2022-02-28,620.310725377957,644.1787591812299,620.310725377957,638.3745727539062,1979000
2022-03-01,632.3406992637656,637.0242341758086,601.0880987004977,607.438232421875,1097300
2022-03-02,615.4644069046601,630.6261338337281,611.1638939398127,627.7048950195312,1035700
2022-03-03,624.4961452543622,626.1052200046056,600.7142835097565,604.1622924804688,1020200
2022-03-04,578.2160416461211,583.6945553970178,557.0776748810491,569.2319946289062,2025300
2022-03-07,591.3281812167127,594.4122275638733,549.5303388835713,550.095458984375,1607200
2022-03-08,549.8464778725818,568.4275139950763,535.1827585595419,548.850341796875,1441800
2022-03-09,583.4359635103962,600.5324377568446,569.883254330658,595.1113891601562,1593200
2022-03-10,574.2314806748024,582.8611491510107,571.0133310364384,574.7391357421875,735500
2022-03-11,588.0812350511524,589.039022078923,560.1904814791668,561.1195068359375,819000
2022-03-14,574.2412378449909,576.1089343613406,552.9400623268988,553.169921875,1621700
2022-03-15,566.9332250094986,572.9385677861483,559.2134646679124,571.511474609375,1542500
2022-03-16,595.2072306689113,623.5194156204896,591.0983449659402,623.1650390625,1815200
2022-03-17,615.9816888635598,628.6915437607843,612.476154961883,626.4885864257812,854900
2022-03-18,621.8337543664126,654.5517979600793,620.0714586496349,651.1611938476562,1689800
2022-03-21,649.5903733851325,654.5421750452507,640.7596039145227,654.0823974609375,1293000
2022-03-22,658.9575066844991,668.6311327450858,656.3714698938551,659.666259765625,1111100
2022-03-23,640.5680445821343,650.6918619363141,635.597126854939,637.2732543945312,999100
2022-03-24,638.0777543649147,661.3998460131014,635.2043931700489,661.3902587890625,1176700
2022-03-25,661.3135959954906,661.5913331647976,643.9201523136118,658.3444213867188,768600
2022-03-28,651.4006699513806,665.662136076693,647.4641783997762,665.4993286132812,687100
2022-03-29,680.028822013074,684.4537936148305,668.2192910313732,679.2051391601562,1076200
2022-03-30,670.4508297245206,673.0847436984384,651.4100214836504,655.66259765625,1031900
2022-03-31,655.5956309610848,660.0110151133704,639.3228387703417,639.7346801757812,780700
2022-04-01,646.7840198830636,648.6038387288772,633.892243126571,639.5431518554688,739400
2022-04-04,644.1021192219711,652.7700791931709,641.707651911768,652.090087890625,731200
2022-04-05,645.5676285478207,646.6499325615088,618.5292611115574,619.1710205078125,1251500
2022-04-06,599.6609922284771,612.322910497457,591.337819421119,601.9788208007812,1110700
2022-04-07,598.1667795568859,605.4171761442926,586.9127816223007,598.9042358398438,713500
2022-04-08,595.1879223540442,596.1361220369528,584.250012263378,585.1407470703125,840800
2022-04-11,581.4150373841873,584.8535186604379,571.9233933164808,572.5076293945312,859600
2022-04-12,587.190544112087,596.2224694454309,567.0099629103536,568.925537109375,1067900
2022-04-13,576.0226374732143,591.1557184073326,571.2432898332983,586.8935546875,934200
2022-04-14,588.5793189407021,590.4853058241571,570.8410839995745,572.6321411132812,814200
2022-04-18,571.8467115011695,587.9471084876238,570.6207745507386,580.0166625976562,576800
2022-04-19,572.306608649618,592.9852013791314,570.8411661863171,591.098388671875,1230800
2022-04-20,623.28950353598,625.0039212925432,602.438460967325,607.1507568359375,1857900
2022-04-21,617.8300916411081,621.4217929594706,591.6633432880224,593.8087768554688,940700
2022-04-22,589.1156984813465,594.6612646759836,581.826894312746,581.9609985351562,1093400
2022-04-25,567.7090812063127,575.0457625105387,559.0315331503613,574.4998168945312,2074700
2022-04-26,560.449108999648,562.6807107092533,536.2649862758876,536.7725830078125,1803100
2022-04-27,528.7846577758854,543.4292001608294,521.036135118209,533.3724365234375,1904400
2022-04-28,550.6796447087241,570.3238653381862,540.7665142309152,565.6115112304688,1513500
2022-04-29,552.1163513136057,564.0408116622807,538.7169199673505,539.9716186523438,1225300
2022-05-02,535.1539601396141,547.3945074576145,530.1734554791194,546.982666015625,1146700
2022-05-03,546.4406292400525,554.936721166065,542.9592698872891,550.3463134765625,825300
2022-05-04,558.44713801384,573.0766076724024,544.5408866605936,571.5239868164062,1112800
2022-05-05,561.571564474025,563.7413955019379,538.2049140621062,544.0682373046875,1231800
2022-05-06,535.3697718677606,541.6670743352691,525.6296042303762,531.3676147460938,1214600
2022-05-09,511.31834663742916,516.7091388943687,492.17557776250675,494.39361572265625,1714700
2022-05-10,510.34430554411557,511.51115486410833,494.07539824249307,504.7220153808594,1232900
2022-05-11,512.3500915139015,524.790418748591,501.92520406404105,502.72564697265625,1302800
2022-05-12,496.36097220182535,510.19965039102146,491.3944459449754,503.7480163574219,1134800
2022-05-13,521.2993839479594,531.6470460639056,519.0331399958083,528.7828979492188,946800
2022-05-16,514.2498429196197,521.7043975222009,509.18690494432104,515.8892822265625,757800
2022-05-17,537.105411768998,543.3062983622339,529.293986310048,541.61865234375,895800
2022-05-18,527.6837429192722,533.1324546234742,508.09739898518336,509.4764404296875,1037900
2022-05-19,505.1080189755208,517.9148200725705,503.7096709103922,507.258544921875,905500
2022-05-20,522.1481675094664,523.0643302066743,495.8497952761912,513.8546142578125,1205700
2022-05-23,529.6701577513792,537.9444624019706,526.2755591541256,534.8488159179688,977000
2022-05-24,535.7746769715445,537.6841094140259,523.2957354580413,526.9603271484375,1085500
2022-05-25,522.3891800536007,532.1967988201485,518.8596145061977,528.551513671875,832600
2022-05-26,523.0740480818205,542.4385455487534,522.0614130034865,540.1144409179688,933800
2022-05-27,552.2268402476628,563.0566895000957,551.7156962255959,562.5938110351562,843900
2022-05-31,563.7607216320404,563.9728546425858,552.4389756704993,555.7564086914062,822300
2022-06-01,556.865454256176,559.0931451580155,537.1537418766964,543.576416015625,542100
2022-06-02,544.3093507221897,560.6072168405688,542.7663832534216,559.85498046875,669200
2022-06-03,546.9517820478754,549.5459383683275,540.9052252822576,543.56689453125,531000
2022-06-06,558.9581012218162,562.6709585116292,549.1408283653878,551.3203125,483300
2022-06-07,544.5987276160974,557.4248893330462,543.0750661525213,556.4508666992188,479000
2022-06-08,553.1622916570565,557.3573340708192,542.4771205560472,547.2218017578125,605700
2022-06-09,539.4778991490465,544.5215915007034,523.0257583502979,523.0836181640625,658600
2022-06-10,513.1023804905768,516.1208614207118,500.8934897880008,502.9476013183594,928900
2022-06-13,480.30417114505497,484.5956267761552,474.1032829243857,475.9934387207031,1395100
2022-06-14,476.1959545379251,480.85384559765515,467.18874824671497,473.6693115234375,965400
2022-06-15,481.58678788739417,493.9500104585746,476.39847589052084,487.32476806640625,841700
2022-06-16,462.66585658571455,466.80297997731304,448.91394000484604,451.4695129394531,1223100
2022-06-17,450.84268615803006,461.56646897877226,445.39400503489105,456.4842529296875,1328700
2022-06-21,471.5572733765007,480.1015705679361,471.0654356549783,476.7359313964844,1081400
2022-06-22,469.1078340160621,478.94441326399146,465.25035657455527,468.2013244628906,845800
2022-06-23,466.65832760024443,470.04327347283623,459.0976753465171,468.2013244628906,739100
2022-06-24,481.2685513561683,497.18064692097386,480.54527428504076,496.9010009765625,907800
2022-06-27,496.6213376590739,498.62724271816217,487.6430893174119,489.93829345703125,696500
2022-06-28,489.94786229319857,493.19781189520415,472.09740469734555,472.9364013671875,847200
2022-06-29,473.6018468525713,476.10921333017103,464.84535569036905,467.35272216796875,847400
2022-06-30,457.2557331699406,467.36233481260285,447.59276262943786,458.9241027832031,866400
2022-07-01,439.0773475465416,441.64257351565396,427.65921812334096,433.80224609375,1570200
2022-07-05,404.25406447138215,417.62021199219794,397.9663857487627,416.9933776855469,2778300
2022-07-06,417.8130444713574,421.998404154978,410.19453206236653,413.5987548828125,1464700
2022-07-07,423.1266947946707,436.6664189387948,423.020598865123,435.7984924316406,1400900
2022-07-08,428.768260102646,439.07737122994223,424.9590186725757,436.8111267089844,739100
2022-07-11,433.54192531448734,434.13020597961736,422.3070271669368,423.4160461425781,745600
2022-07-12,424.8722634599409,428.6140217035587,416.4918904309716,419.0088806152344,848000
2022-07-13,415.1417390827205,435.8370976266609,414.00376085342543,431.082763671875,1052500
2022-07-14,426.44411964521413,442.5297926347072,419.06667089699494,440.6203308105469,1075900
2022-07-15,448.8078808610038,458.8276634372867,444.1017535675316,458.6830139160156,1630500
2022-07-18,466.3786249505493,469.4838952864356,453.7357575024365,456.6095886230469,1039500
2022-07-19,467.5937851395814,483.06227851867476,466.80299517023934,480.6031188964844,1415000
2022-07-20,475.3376335867446,498.34750094527686,473.119595915156,496.0908508300781,2294900
2022-07-21,511.1157771376655,523.884018454529,505.90815888303166,522.9486083984375,2281900
2022-07-22,523.0834502926084,527.3652517183715,510.3730718242503,515.223876953125,1459900
2022-07-25,516.3426139071752,524.298660936987,513.1602068673371,519.76611328125,1194600
2022-07-26,509.23531928166847,510.76869273518423,500.0641556204195,505.4935607910156,1029500
2022-07-27,514.6067021115413,530.258395827636,513.6134324153294,526.7191772460938,1110900
2022-07-28,528.2815259293203,540.9533535012363,521.4923867952033,540.7315673828125,1216800
2022-07-29,541.4452021988201,556.3639683102272,539.5646701286972,553.9723510742188,1210700
2022-08-01,552.8150843631106,562.2755454620277,548.6683078732874,557.5501708984375,895500
2022-08-02,542.0527256326338,552.4389432177803,538.8413593056496,545.447265625,876600
2022-08-03,549.6905559524489,566.7309467060525,548.9672789051431,563.0567016601562,825900
2022-08-04,563.7391874617254,573.0000054193773,561.7381512609738,568.8529663085938,680100
2022-08-05,552.5836628617129,560.268785804231,547.1218936065794,558.0744018554688,767900
2022-08-08,558.7415172055735,563.1495794103181,546.1649902240775,553.6664428710938,700600
2022-08-09,532.7377590807998,533.8977878276053,515.9561947484227,523.0806274414062,1138500
2022-08-10,540.1037894448268,547.2282801826335,532.1286740085336,547.1895751953125,1074800
2022-08-11,546.8899004813234,555.2226829488226,542.423840606687,543.6708374023438,833300
2022-08-12,543.8739229518017,558.7318014713762,543.3905825731518,556.7694702148438,811600
2022-08-15,550.1476214094166,558.3740833433737,548.9682993138839,555.7833862304688,783100
2022-08-16,547.5280050879999,553.2700911522184,540.3842201239793,547.7986450195312,697000
2022-08-17,540.471159993768,547.1316042291885,533.5207233463825,538.7118530273438,667700
2022-08-18,538.7118232469423,547.07357550415,536.7977554307679,542.5978393554688,580600
2022-08-19,538.6249026325171,540.2295668752854,526.2900456044201,527.0924072265625,794400
2022-08-22,511.65446802440516,513.1624877377889,501.3303239863915,502.74169921875,795800
2022-08-23,502.6740073704232,511.71244909465173,502.15202098792923,508.232421875,592900
2022-08-24,505.43871675235624,512.9015233246754,504.3366864629324,507.9327697753906,485200
2022-08-25,504.95542863232083,522.2203356149939,504.3754436838909,521.75634765625,758300
2022-08-26,521.5725590348427,521.7465544803782,491.818128317355,492.94915771484375,1229700
2022-08-29,489.44976054884756,494.3121631054808,482.7603173781167,483.2243347167969,754100
2022-08-30,489.67208385338574,490.7354384954553,471.2181533178096,476.5928955078125,1006400
2022-08-31,484.1619982201153,484.86765619776264,470.4834732401069,473.6155090332031,936000
2022-09-01,461.9961113699064,463.0594366733607,445.5335381534384,454.2626647949219,1665500
2022-09-02,463.871331124031,470.67677069921234,450.48282862912663,451.6235046386719,1145400
2022-09-06,453.72129639397605,461.9671121252805,446.89653215161286,454.2626647949219,996900
2022-09-07,453.2669716541931,464.9444626652558,450.0865835817552,460.7973937988281,745400
2022-09-08,449.941536068461,467.28378989564084,448.70418597324516,466.66510009765625,943300
2022-09-09,479.00964660823956,486.4144248786548,478.7969756578867,484.30706787109375,1012800
2022-09-12,489.88479867946336,493.9738689191641,483.01171262844593,488.1061096191406,1041400
2022-09-13,467.87352779894803,472.146270103396,452.99629547158867,455.4033508300781,1188200
2022-09-14,461.0777204905717,465.48578236946986,455.40330918378754,462.1700744628906,663700
2022-09-15,456.7953012889317,462.4213604814017,447.47648528153724,450.1348571777344,853500
2022-09-16,446.63547472764003,456.45695400571697,444.58611640007047,451.6815490722656,914000
2022-09-19,444.3347807164744,457.2302977974343,444.3347807164744,455.4129333496094,646500
2022-09-20,443.65815151685405,450.98557877849,442.1211031307627,446.5678405761719,906700
2022-09-21,446.17155118372386,460.30445051928865,439.7044536955878,439.7624816894531,783900
2022-09-22,435.6830497661925,437.1233947225981,424.46954654985666,426.34490966796875,952900
2022-09-23,419.152716264595,422.38142594548566,413.1109624828197,421.60809326171875,1362300
2022-09-26,419.62643057853506,426.0838507137066,414.8220262158249,416.4557189941406,1164000
2022-09-27,424.2278307059145,427.76588560475875,412.2893181717176,418.85308837890625,876400
2022-09-28,411.9413257791808,428.64556701894975,409.07028293324765,426.5285339355469,957100
2022-09-29,411.4289318824235,414.425647758215,405.2615341970581,413.5266418457031,1141800
2022-09-30,400.2058088980248,413.78766090211286,400.1574866634353,401.5108337402344,1084700
2022-10-03,409.4858953516918,420.99906448046886,406.99184296067466,417.2966613769531,1452400
2022-10-04,445.8428353704452,452.1842589426435,440.5937658024307,449.6128845214844,1954600
2022-10-05,441.71508239903886,458.9316633442138,437.95468030732576,453.6535949707031,1193800
2022-10-06,449.7868595150542,458.3806353751087,446.1134552497323,446.7418212890625,926100
2022-10-07,431.62290246996594,433.76893465443794,418.32136752471587,419.7907409667969,1412400
2022-10-10,419.4523443544937,419.60701677644903,402.4870836744113,407.8328552246094,1383700
2022-10-11,398.7847669212031,398.9007638789538,380.88185192337374,386.2469177246094,2044200
2022-10-12,390.35534338619146,391.43802108412825,384.26526658491986,385.05792236328125,1277100
2022-10-13,352.7514984083726,397.04482026442963,351.05013074016125,391.89239501953125,2782200
2022-10-14,390.90636981444504,392.10504451465766,365.9853410421243,366.4976806640625,1727900
2022-10-17,381.31690587749057,386.285659425036,375.8744881710203,379.15155029296875,1417900
2022-10-18,393.8064192399994,395.5367860892203,380.0892166687428,385.6959533691406,1324800
2022-10-19,402.0328180617052,417.4610325292965,396.71607464047025,409.89190673828125,2435200
2022-10-20,416.88106262688467,433.96232401676343,414.4933600562727,422.7004699707031,2090900
2022-10-21,425.803550933904,447.45719401446786,423.11617960650614,446.828857421875,2756600
2022-10-24,454.755590799997,460.227007056117,444.28645188728956,457.2109680175781,2389300
2022-10-25,462.54704003727846,479.2319584076582,462.41172007928003,469.8164978027344,2047200
2022-10-26,460.09174379281035,479.66703021543515,458.448374613818,467.96051025390625,1879400
2022-10-27,466.03683583263285,473.2869420854717,458.1970389308357,458.6030578613281,1075700
2022-10-28,454.20458110647513,473.5478714203583,453.26692914496834,472.880859375,1436100
2022-10-31,463.07877391652283,464.8574630300886,455.93498871783277,456.6793518066406,1063600
2022-11-01,467.27412559972123,467.5544712654003,457.10462566571266,459.5406799316406,760700
2022-11-02,454.3882552322414,461.1066979566493,431.3909424174621,431.4585876464844,1887400
2022-11-03,427.396001469195,433.17478919678956,423.82791118194314,426.54278564453125,1615700
2022-11-04,448.29074231690663,455.32995815631034,440.51459770438726,454.5058288574219,1587800
2022-11-07,460.3911862918821,470.6785689987574,455.32991673771335,468.69091796875,1429400
2022-11-08,483.099026129953,490.603655822842,476.12765999384595,488.2766418457031,2316100
2022-11-09,479.47281092016516,488.88753823616764,474.0430913703115,474.57635498046875,1302600
2022-11-10,515.337869584652,544.7358902436434,504.5366063371119,543.7371826171875,3518000
2022-11-11,543.7277174888338,561.0252020439091,541.5073143942824,558.9114990234375,1982800
2022-11-14,557.3020348192342,572.3500601668856,556.4293784780639,560.2495727539062,1806400
2022-11-15,588.2997185703714,589.8219845233855,568.704250521233,579.3018798828125,1669400
2022-11-16,565.7760117862604,566.192929000851,556.3515522865874,559.1633911132812,1418900
2022-11-17,551.6589389752828,572.4954560475742,551.649233589191,571.11865234375,917900
2022-11-18,581.3866312165014,581.6872023077656,567.0172736183655,575.123046875,1115300
2022-11-21,563.5267097347833,566.0379191057259,557.612164837764,562.6443481445312,849800
2022-11-22,564.0308880078422,578.3905987291096,556.7686552226099,578.080322265625,1082400
2022-11-23,577.0815717042531,591.4509275706682,577.0815717042531,585.4879150390625,874700
2022-11-25,578.7782663731956,579.7188009328561,573.8430786132812,573.8430786132812,408900
2022-11-28,575.7241628068072,579.9418628453374,562.7703732861964,565.6016235351562,1056200
2022-11-29,566.3288221925758,569.1503079015968,559.2314040964582,561.2190551757812,562900
2022-11-30,567.5020813572951,589.9093341518865,559.3963079315721,589.628173828125,1569700
2022-12-01,593.1089965846994,597.8114929472067,583.0736863650702,592.6726684570312,1245900
2022-12-02,582.0459183393665,588.9785230551059,578.8462773856345,587.2914428710938,719800
2022-12-05,586.6999955697548,588.6973523822887,575.3364076718331,582.5210571289062,873900
2022-12-06,585.1484785053431,586.0696022791722,568.9756991586759,575.0162353515625,839200
2022-12-07,574.201821167237,585.6332839990752,572.7280231046068,583.0638427734375,878600
2022-12-08,573.8819653497691,590.9274047550073,569.7902574227835,588.435546875,1019300
2022-12-09,584.6540205252552,592.585272591154,578.2644451187512,579.52490234375,870700
2022-12-12,578.7200655122806,591.4508064577456,577.6825955207645,591.4411010742188,819600
2022-12-13,623.4280615159464,623.7965111017106,598.790762094713,609.1654052734375,1334000
2022-12-14,603.5707313991229,607.7012008127866,591.3829586852738,597.1326293945312,1167500
2022-12-15,584.6638090811572,586.4090623470556,566.4936696573208,568.5104370117188,1420500
2022-12-16,559.7064978780786,567.9383217021999,548.5367828826801,556.8558959960938,2097300
2022-12-19,556.5941618457415,558.3394152526997,545.5602024097319,551.319580078125,906800
2022-12-20,545.1432704569124,551.6589579622672,544.0864485618285,546.0352783203125,845700
2022-12-21,551.7559014150559,566.2028427515727,550.0494103967135,563.2940673828125,797700
2022-12-22,553.685305007375,553.685305007375,530.1727072778455,539.0444946289062,1351800
2022-12-23,530.2406577434731,535.2825468899775,526.0326625129914,534.6038208007812,602600
2022-12-27,529.4456117906922,529.881939954031,520.1957269521785,520.8453369140625,802600
2022-12-28,520.3798249900107,525.324718491969,512.9236631982943,515.4736938476562,609900
2022-12-29,524.7430175011806,538.482114734185,523.724958095426,534.70068359375,841000
2022-12-30,524.4133363834104,529.8624368339587,520.4477395938271,529.784912109375,703200
2023-01-03,544.2125230154434,546.9952467936672,529.1741444771604,532.8585815429688,675100
2023-01-04,553.4429297414719,558.0097279465185,543.9991160654964,553.4720458984375,1087300
2023-01-05,548.1878118121975,556.1093601785744,545.4438504720823,548.129638671875,710900
2023-01-06,557.8351015051722,580.475039652343,550.0299016647042,577.7310791015625,1025800
2023-01-09,595.3196328735567,613.1601448579015,594.1658163166023,602.4364624023438,1348800
2023-01-10,603.6968235711555,614.5077935994588,602.707821200298,614.129638671875,873900
2023-01-11,616.2238578970699,625.5222662987998,614.0422770507179,625.0762329101562,806500
2023-01-12,631.6307979071561,636.3332938203564,615.535599906895,632.7167358398438,1322200
2023-01-13,629.5850482266832,640.6480644178336,629.0032576501098,639.6300048828125,649700
2023-01-17,631.3011062006323,642.8198598566114,631.3011062006323,638.175537109375,902600
2023-01-18,653.0394283272775,655.5506377191842,631.7277622712179,632.4549560546875,1152700
2023-01-19,634.704446084487,635.7419163663677,607.953442639181,611.085205078125,1534100
2023-01-20,618.68681060773,630.816353391938,614.9150845898207,629.1195678710938,1033200
2023-01-23,638.0399633051766,655.7156645861917,636.8764411431172,655.4732666015625,1780900
2023-01-24,646.4461747429218,652.5740016246932,639.8529627645445,649.6361694335938,1066900
2023-01-25,636.9830312842778,662.2505904734803,635.1020208810644,660.805908203125,1569200
2023-01-26,661.1645764461515,664.1121137872469,647.5127093068883,663.103759765625,1593300
2023-01-27,646.9115393855635,657.4994632842837,646.4073328068515,647.0957641601562,1249700
2023-01-30,630.2345851996105,638.2240110879338,627.926952291776,630.53515625,1209900
2023-01-31,631.4175889564779,640.7644687830432,627.6168053975691,640.7451171875,801800
2023-02-01,639.47479281713,664.2575523839893,635.9454650992664,657.8970336914062,1274200
2023-02-02,675.7084111229012,677.3470232974904,664.1217796428673,675.3690185546875,1318600
2023-02-03,657.8194517873966,672.2954476905041,657.3152452035499,658.953857421875,1015800
2023-02-06,647.0719768556125,650.3952208690378,640.8239768275878,643.2337646484375,783100
2023-02-07,640.5810197776556,664.339004707526,640.5810197776556,659.5096435546875,1236100
2023-02-08,652.4648955019892,655.7881395974085,642.6410600011604,644.0305786132812,763900
2023-02-09,654.0681814857229,662.9689524355032,643.2823767277375,645.3326416015625,686500
2023-02-10,634.6051471064997,638.5696252118222,630.2810868159668,637.7728271484375,731800
2023-02-13,640.4741471602206,653.9710221622662,638.7153793388278,649.8121337890625,596000
2023-02-14,642.9811988010027,661.7057467196315,638.6085653233068,658.3048095703125,1013400
2023-02-15,643.0879106506881,658.304645259663,642.2911127433806,657.6536254882812,683500
2023-02-16,640.0563835286722,649.2874986506364,636.8983704606318,637.7048950195312,946300
2023-02-17,632.3314327079273,639.376231612472,629.066547035655,633.47802734375,1149600
2023-02-21,619.9519980404548,625.7141502817125,611.7120319670747,611.9549560546875,1022700
2023-02-22,614.656181521067,617.4158249843543,602.8695011873792,606.5425415039062,1017300
2023-02-23,623.9553558600718,624.6841280920756,608.9426360192665,620.0297241210938,1093000
2023-02-24,601.898016147664,606.9896968282833,595.3779106290359,600.8777465820312,995700
2023-02-27,613.5386791372331,621.2734023356722,608.5344792298996,614.1897583007812,804500
2023-02-28,595.115445754285,607.5531472633627,592.8708295417391,600.2459716796875,1381700
2023-03-01,603.4914546063861,605.4834202471585,594.639315159267,597.544677734375,794300
2023-03-02,589.1589069018944,607.3976654056115,586.1563392437699,606.503662109375,795800
2023-03-03,607.6503078248743,619.6216143495956,604.1716774841724,619.33984375,1024100
2023-03-06,609.5645331958165,615.1906334512603,602.3059309571827,603.3942260742188,1403000
2023-03-07,601.8200949573649,604.1424634071439,588.1677734573683,591.8699340820312,1033000
2023-03-08,594.4838461829621,602.9861896904634,591.7922874817838,601.8687744140625,1081800
2023-03-09,599.6046278751675,606.2316035913855,587.448697978722,587.6235961914062,983800
2023-03-10,596.7186624693936,599.8766753828043,582.4638946325363,584.1935424804688,1043500
2023-03-13,576.3324643099068,595.6206107897342,573.1939044593663,587.6624755859375,966900
2023-03-14,600.0125784909974,602.8888201212939,593.9783840370541,602.7430419921875,844600
2023-03-15,583.7174352811072,591.8505887447524,579.7237772949261,589.5184936523438,1047200
2023-03-16,583.7466227926469,613.1598923277857,582.036427608684,612.712890625,1063200
2023-03-17,615.773664329615,620.3309222061272,609.0689363466412,615.7542114257812,1109300
2023-03-20,628.0073806984965,629.9799528871874,621.011154654031,628.0365600585938,935600
2023-03-21,633.2641890140252,637.2675728483418,617.2214743213841,623.955322265625,848500
2023-03-22,624.8007443321093,642.6799806456944,621.438653657271,622.2451782226562,955500
2023-03-23,639.1236633871011,654.865158966508,636.4029249764053,645.3619384765625,1171500
2023-03-24,637.4910529977287,640.2992694539481,621.6426891945544,629.2025146484375,842700
2023-03-27,636.8205930094888,638.8708579481256,624.849287596449,625.8209838867188,800300
2023-03-28,625.8695836592113,626.3748847302478,614.4813311169097,621.6038818359375,793200
2023-03-29,631.1848496396937,646.3432900442215,630.1159479948296,640.4645385742188,1101800
2023-03-30,656.0894351312498,661.3657395788389,654.4472658079284,657.5275268554688,892500
2023-03-31,655.9825523917845,663.8435430988907,654.5638542892036,661.4434814453125,681600
2023-04-03,655.7006458427998,656.614042729394,648.5004024159466,654.91357421875,657200
2023-04-04,656.7501935028718,662.3082686626177,647.2081273612665,649.7539672851562,877900
2023-04-05,644.8758739529821,645.9642282599275,638.7056268064516,645.109130859375,850300
2023-04-06,639.6675904818705,646.3723179208107,636.7719548120006,638.52099609375,679600
2023-04-10,631.5345021212889,643.2531558833563,627.2201686348367,642.9130859375,688700
2023-04-11,650.5604434866647,653.6990037703845,640.3187258321859,641.0961303710938,787400
2023-04-12,650.0746161892918,652.9799789277387,635.1882202670579,636.1307373046875,897300
2023-04-13,643.5836340801295,651.8916256751913,641.1737869003707,646.576416015625,1118600
2023-04-14,646.5764381423168,653.601843038377,640.7074135755187,647.3441162109375,645900
2023-04-17,620.6613227780844,623.9262083100683,614.3842022566461,620.9528198242188,1536500
2023-04-18,626.4429528276003,629.9216425365178,618.7374075129446,625.1214599609375,910300
2023-04-19,607.0769689478211,610.1766824102617,599.4199976231897,605.9497680664062,2266100
2023-04-20,607.659986272891,621.7690355816364,607.659986272891,615.6376342773438,1692900
2023-04-21,617.5227481426872,619.1066179153939,610.0309480394109,616.5121459960938,982000
2023-04-24,622.6921292584065,623.1585244835329,609.1855275570025,609.622802734375,1431400
2023-04-25,608.7384749065219,608.7384749065219,588.6146850585938,588.6146850585938,1404900
2023-04-26,596.3495849295597,597.7197102928093,589.0132877557821,591.8603515625,844200
2023-04-27,604.1618460611952,613.4318065698421,595.4263066074444,611.4301147460938,1127000
2023-04-28,613.0042950326899,619.3009271953258,608.7871664305897,618.83447265625,823000
2023-05-01,618.832546035564,622.9353785020278,617.8872713272258,619.0274658203125,469300
2023-05-02,616.7569106889691,621.2885439064903,612.5274418683846,617.9068603515625,738100
2023-05-03,617.799542931846,628.2368818819284,614.6614949644122,618.5791625976562,582900
2023-05-04,616.035587231691,623.0620376225438,613.813608879206,618.8812255859375,614000
2023-05-05,620.4697796249554,637.5631804329726,617.7605908416488,633.7625122070312,801400
2023-05-08,635.1561002635641,638.3233535445102,632.6807914202917,638.3135986328125,518900
2023-05-09,624.192548480974,627.4767418308032,622.0290993463343,626.6776123046875,746100
2023-05-10,637.7192576448792,643.5860053416765,635.3024183592897,640.4089965820312,813600
2023-05-11,634.2107465755583,635.6725556001702,628.7240852780222,633.6357421875,560600
2023-05-12,632.807349281835,634.4250582817818,625.7516350750217,631.02392578125,375300
2023-05-15,630.4100982078422,639.0055434859227,628.4610192644544,638.9957885742188,893400
2023-05-16,636.1599406296335,641.1203135098282,634.9904813016543,635.448486328125,709600
2023-05-17,640.2626732553144,654.3058202480042,636.1501452661468,653.4287109375,1162700
2023-05-18,658.0772835024933,679.4976419072002,657.882363713278,678.2112426757812,1459000
2023-05-19,680.2285411296042,682.0509251560854,676.1744831593422,676.3303833007812,949700
2023-05-22,673.2702283013471,681.7876925418831,671.2919443885563,680.8521728515625,856000
2023-05-23,673.2606114926308,675.7262250580994,661.5758920278303,664.0999755859375,958600
2023-05-24,651.0507944335133,653.7600425383142,644.3459585489659,649.8131103515625,1159300
2023-05-25,683.1716245839265,692.8877537850047,676.0964590709733,690.441650390625,1929800
2023-05-26,698.4037203991452,723.4103765059878,697.4194260379908,717.1928100585938,2349100
2023-05-30,724.2095994110078,728.1077577125299,707.0771770210895,709.7182006835938,1411100
2023-05-31,708.5585341146425,711.4528882573946,695.119654064443,704.52392578125,1347600
2023-06-01,705.7614787319827,714.0645143652094,700.2553070692838,708.2660522460938,992100
2023-06-02,711.4135898373626,713.8986528097424,701.4343183133402,706.1998291015625,813800
2023-06-05,706.1902564832925,708.1295804035901,700.1091400461821,703.8123779296875,663700
2023-06-06,689.7302408871411,699.3684495566489,685.0524637953719,698.3841552734375,845400
2023-06-07,695.1973878257954,701.8145481886083,687.6057475781851,692.1276245117188,921200
2023-06-08,692.9950225651766,702.0777379465583,690.334548733793,701.7171630859375,762400
2023-06-09,702.2141363255488,707.1355486000426,694.466535883319,697.6337890625,864500
2023-06-12,703.6078024022422,712.1642882291386,701.6684782086256,711.5795288085938,1058900
2023-06-13,718.4501878284093,720.5747368915678,705.3718806397691,718.4989624023438,876100
2023-06-14,716.685993862258,722.8353350959816,709.6205832134414,721.3638305664062,821400
2023-06-15,704.8551265236503,725.4861088396495,703.9293022031288,719.8825073242188,820400
2023-06-16,712.7781839986752,714.493323482078,701.6684103752663,703.5005493164062,1337400
2023-06-20,702.2725457716728,706.2876431588103,692.4881920533059,702.06787109375,799300
2023-06-21,700.3236658939675,701.2299806143802,686.913991034826,689.2918701171875,820300
2023-06-22,684.1072706998985,699.4757788063598,682.5187664367659,699.1444091796875,699800
2023-06-23,680.3260141567417,683.7661672084357,678.2015251438888,680.1213989257812,916900
2023-06-26,685.1792785323702,695.9381736736354,682.4018051461762,682.4115600585938,714000
2023-06-27,688.9019000586469,708.1587479230457,686.5824916143234,706.6190185546875,1115800
2023-06-28,701.1128311676849,711.4137191428766,699.0565674330383,705.7516479492188,866400
2023-06-29,709.0944080610919,710.8096070541276,703.2179659568835,704.93310546875,768100
2023-06-30,704.1339754172341,708.9286925709065,697.4388350718605,706.2974243164062,963600
2023-07-03,715.3022534311932,718.4012819699266,707.6618968967637,715.195068359375,531900
2023-07-05,702.8378399291837,704.2119143364039,696.2499439486604,697.4486083984375,954800
2023-07-06,683.863556828813,685.7639206737056,675.5799714115817,681.5051879882812,1218700
2023-07-07,680.1310482920264,687.7714036228915,675.998951410128,679.0005493164062,1352000
2023-07-10,685.7933293306496,694.6811263203283,685.5204296733793,691.7575073242188,930900
2023-07-11,690.8704708508143,691.7086199599801,677.9773333231185,687.05029296875,623200
2023-07-12,710.9460503071876,711.9010799499432,703.841619531731,706.4046630859375,1311700
2023-07-13,722.2994430653526,732.366453012994,721.354168277097,731.6257934570312,1209100
2023-07-14,741.2834054575056,752.3248938402506,732.8243512698004,734.8222045898438,1843900
2023-07-17,725.5446336725677,737.6483972061726,716.7542686403041,735.2802734375,1355200
2023-07-18,729.7350548850286,740.6499075237157,723.5467537922622,737.7555541992188,1220600
2023-07-19,720.3796695509121,723.9172529853889,694.9734155583856,697.5559692382812,2406200
2023-07-20,679.2540401386062,680.0434147643984,656.19646144708,658.9154052734375,2918800
2023-07-21,677.6069676735967,680.0920311734246,671.7207712859507,675.7066040039062,2524100
2023-07-24,667.5595139158876,671.2140368022884,663.5151514624706,667.052734375,1145300
2023-07-25,667.4815556634978,677.616789921581,667.4718007518323,669.8009643554688,1061900
2023-07-26,662.6185261445278,672.5977994666731,660.1919327055139,666.8772583007812,752200
2023-07-27,696.7371860151497,702.0776427782021,685.6566780341958,690.0908203125,1488800
2023-07-28,696.2403286350611,703.1303308372786,691.62102038605,700.0800170898438,949800
2023-07-31,702.9255572058925,704.3094460882052,694.0572717670746,698.1697998046875,789100
2023-08-01,694.8813187860685,695.9068538057728,689.1089211834426,692.2051391601562,555100
2023-08-02,679.4002806243859,679.7323886593679,666.1951858591959,667.15234375,1025400
2023-08-03,658.1080368200569,666.9472618238813,657.0629486154232,665.150146484375,920200
2023-08-04,669.3890860497494,673.1006367940655,659.5243254640131,662.2493286132812,891600
2023-08-07,674.3605376300158,677.2808948150453,668.4807166560254,677.2711181640625,663500
2023-08-08,659.5828337472362,664.8473213878875,654.8458083038953,663.5482788085938,746700
2023-08-09,663.9193622144193,668.0606076902584,655.0215385080683,656.8284301757812,685200
2023-08-10,672.1629258731834,679.1268819413034,660.374013785568,662.024658203125,913900
2023-08-11,651.2710307529818,654.406295235801,645.8698486957335,646.3679809570312,806000
2023-08-14,637.7437262263824,651.2125550912629,633.6024793917373,651.0269775390625,957400
2023-08-15,642.5783880958414,643.5257694422236,635.5948784555642,636.5227661132812,633100
2023-08-16,640.3221861290434,643.6429687742313,631.2290063285992,631.38525390625,665300
2023-08-17,640.4685781024373,640.4979080523525,627.9080866649857,629.3341064453125,797100
2023-08-18,629.9981658925108,642.9981872810587,627.976366912396,640.0680541992188,937600
2023-08-21,638.6324064313926,649.1613823673686,634.7743850541502,647.0907592773438,1104300
2023-08-22,663.4017779846562,664.6813269346939,648.2530367696528,651.9743041992188,760200
2023-08-23,652.6776279238607,665.0916514980318,650.9977129007857,661.350830078125,908100
2023-08-24,662.2199445968346,662.3761921527447,631.8051446997632,632.7330322265625,1336800
2023-08-25,628.68950558891,637.6850378818779,621.0613929248024,635.8488159179688,986200
2023-08-28,641.7578987558903,644.4438547235892,637.2943211395584,643.6429443359375,535800
2023-08-29,637.3041527789004,652.9705812958483,637.1673988832696,651.964599609375,757900
2023-08-30,651.8474109440172,655.5881725429041,648.0773193896458,653.9668579101562,564100
2023-08-31,644.6294701483739,653.7324267895709,641.3281811230612,645.1471557617188,1100100
2023-09-01,658.3033854003527,658.8307880167358,642.1876497043501,647.0907592773438,592800
2023-09-05,649.639950144123,651.8863740675475,645.7721521828216,648.1065063476562,592100
2023-09-06,650.6361700586164,654.1913534127256,641.7773925887453,650.5286865234375,870800
2023-09-07,622.7803979381441,624.7728674234653,614.2146212153235,622.9366455078125,1236200
2023-09-08,613.7360473179436,618.2777785049753,610.6593830152804,613.2379150390625,873200
2023-09-11,616.1387036090467,616.8224133280935,603.9786380234794,613.0913696289062,1066300
2023-09-12,596.7706403730207,608.4814000297052,595.9892832085353,604.3889770507812,1311300
2023-09-13,600.0621084054453,605.5219507278161,599.5151524694745,602.6796875,1077000
2023-09-14,606.3521065581464,610.249174893505,601.0290183419501,607.416748046875,1237000
2023-09-15,588.58574705965,591.1349491943475,580.1860538932136,582.7645263671875,2841400
2023-09-18,574.4820502743171,584.4249642411035,574.3160260437173,583.8096313476562,1071700
2023-09-19,582.1589274026267,584.219833359518,575.409879180199,579.9418334960938,893500
2023-09-20,581.7487076486201,586.8373943519894,576.0154177971676,576.1423950195312,1094500
2023-09-21,573.3197506000965,577.2168191091444,568.5631713867188,568.5631713867188,1313800
2023-09-22,580.0492546011496,580.9185418800034,572.3918125317454,573.4271240234375,837300
2023-09-25,570.0380798952499,574.2965272975132,567.0102983967905,572.4798583984375,607300
2023-09-26,562.9765041619211,565.2913055315278,554.6939505206886,559.3724365234375,1471000
2023-09-27,564.5390615206468,568.6217070956445,551.13861275796,561.14990234375,1477600
2023-09-28,553.0432215081742,574.5992470990313,550.8651743808977,567.12744140625,1112500
2023-09-29,586.4467159024039,586.8666945771037,573.0950900977416,574.9508056640625,1017400
2023-10-02,569.7743384509183,573.9351384834071,562.927582113429,568.621826171875,811300
2023-10-03,561.5601924663715,566.1800179920679,554.3520580644148,557.3114624023438,1101300
2023-10-04,570.5655292518659,578.0569492341818,566.9419678095896,577.0997314453125,1325900
2023-10-05,570.1063264471258,572.9387530947254,561.999635593525,568.1431274414062,865500
2023-10-06,570.1942031730858,586.5052919409081,564.1483585327866,583.4481811523438,1042100
2023-10-09,573.9643194605372,577.9297642642761,568.8463030631864,577.59765625,738500
2023-10-10,586.2026176387375,592.668442081085,584.4152191558135,588.1267700195312,1087000
2023-10-11,587.3453228619644,592.0726318359375,584.0733638165101,592.0726318359375,981800
2023-10-12,595.442183871733,609.6533188014972,595.442183871733,602.3963623046875,1618400
2023-10-13,597.1027027887943,597.942660186019,583.4287448082556,585.7825927734375,1098500
2023-10-16,587.042426964708,591.935759187936,584.0732466367232,589.7381591796875,1154100
2023-10-17,577.1288428992181,596.1356029735196,573.2708220866002,594.4556884765625,1535700
2023-10-18,568.2310722283779,578.0079012937202,560.4954765796584,569.6668090820312,2401700
2023-10-19,586.456501843288,590.4609940989592,571.2393239670355,574.04248046875,1475500
2023-10-20,575.2340789002297,578.4962609570838,564.8320806709901,566.5901489257812,1035000
2023-10-23,564.1581010417748,579.6878318418677,560.4954343071978,574.1010131835938,905100
2023-10-24,576.8651877149065,588.7224764740571,575.8982531256444,586.75927734375,1333900
2023-10-25,583.536204537235,584.2589613937737,568.0260236216506,569.7548217773438,1322700
2023-10-26,579.2873748750154,585.0499946612399,571.932770715887,574.5015258789062,1093000
2023-10-27,581.016161084112,582.0905195111188,573.6517804226822,576.2595825195312,819400
2023-10-30,578.9651314184732,580.6059991214062,568.9147347691409,575.1657104492188,746700
2023-10-31,585.6849656902939,588.1071906825662,579.7367675335715,584.864501953125,1020300
2023-11-01,587.2047079705354,596.144928431403,584.3748275097863,595.6259765625,1005800
2023-11-02,623.7294701392384,624.2386801830503,614.0548976718713,618.2655029296875,1527400
2023-11-03,629.7321171599727,633.5510733479364,625.6194686700959,629.0564575195312,906900
2023-11-06,623.6413402355839,625.521412943377,618.0500110550468,624.189697265625,651300
2023-11-07,620.6448986518642,628.0575495215776,620.3609483484463,623.0831298828125,529000
2023-11-08,626.2557646522491,629.3011032365265,623.9056889276275,626.0011596679688,727000
2023-11-09,632.9537293733016,635.8815677166378,620.674355757957,621.0758666992188,1221600
2023-11-10,631.0638053188585,649.4337960549768,627.4700495871576,647.5341796875,1246700
2023-11-13,640.542581104529,644.0775266560286,634.7946040059944,640.9929809570312,641200
2023-11-14,660.6262094996868,664.3863547196985,655.5832376114876,661.370361328125,1166800
2023-11-15,666.1392512188285,668.019324016859,660.9787780118112,663.9066162109375,918500
2023-11-16,662.6434181335462,670.3498216089157,660.968941964653,666.7169189453125,854700
2023-11-17,666.9029589490007,673.2972500183935,665.0816366881053,671.8284301757812,627600
2023-11-20,671.0744457370557,682.4822444789621,671.0744457370557,679.8775634765625,674700
2023-11-21,679.4466923919322,680.14195531473,665.7866556132938,670.193115234375,705400
2023-11-22,675.1379715408222,679.6227839025644,669.6935495456876,670.5650634765625,522300
2023-11-24,675.725587808219,677.6546089179695,673.6007121261345,676.8125,352100
2023-11-27,673.3657361847066,675.9606751228025,670.810004025905,674.07080078125,545500
2023-11-28,665.8651319769363,668.6558663440853,658.667937177587,661.9384765625,644300
2023-11-29,672.2397227876625,678.7025065711221,670.4379440435121,673.3168334960938,795500
2023-11-30,668.910362467981,670.105033735824,662.3202762867094,669.546875,753600
2023-12-01,673.8652040910652,681.1212081581139,668.8516367453949,677.8114624023438,857600
2023-12-04,672.464859016653,676.3621084019605,665.0032592626643,675.970458984375,748500
2023-12-05,675.970508216863,682.9327001865546,673.6301741697414,680.093017578125,610000
2023-12-06,684.8911020225551,688.6513071215339,676.8517398914427,677.6939086914062,657100
2023-12-07,680.9154453652695,685.9290119269102,677.7036573022316,685.1065063476562,780600
2023-12-08,680.8861212750251,688.2204184564117,679.6033543953671,681.9534301757812,920600
2023-12-11,690.0711033602798,698.658822321022,687.9951761403142,695.4763793945312,1585000
2023-12-12,700.0591320106395,705.993162017168,696.5241864612107,705.5819091796875,880100
2023-12-13,709.5868928973443,723.3252234719291,705.7581356887451,720.0056762695312,1037200
2023-12-14,728.8284164467541,740.2754218308235,728.8284164467541,738.0428466796875,1446600
2023-12-15,738.0428816584683,744.5252689565257,734.0378729436178,737.3084716796875,1507000
2023-12-18,731.8345069880186,732.2555614589564,721.0142139316686,726.6348876953125,808900
2023-12-19,727.5554060110026,729.5921861971548,725.1367781001717,729.2396240234375,571000
2023-12-20,724.226117722162,734.2728555339952,714.4437866210938,714.4437866210938,1007600
2023-12-21,728.701131281002,740.2068873437072,728.0940238275188,739.5704345703125,868200
2023-12-22,737.1909438595042,740.1089802763729,733.5384377243228,736.8873901367188,597300
2023-12-26,734.5077755218581,749.8814342569414,734.4098781113481,746.8262939453125,509000
2023-12-27,745.0050194344435,748.5889135715873,742.5863316693126,748.1483154296875,486900
2023-12-28,746.228990358531,747.2278069208352,742.0575326764714,742.0966796875,468000
2023-12-29,742.2730072256732,744.5447292446304,736.6914800583911,741.18603515625,517900
2024-01-02,714.8255804499516,715.579593680614,699.2952746487757,702.0174560546875,1368700
2024-01-03,686.0367667637611,691.9512529384127,685.0575535312885,688.7492065429688,952000
2024-01-04,683.49083853813,694.7615924439883,683.0110336152525,685.7332153320312,752100
2024-01-05,686.1935226158863,695.0357876485197,685.0576017171169,688.7199096679688,579200
2024-01-08,697.8363204925108,705.8560791015625,697.1116525107337,705.8560791015625,835300
2024-01-09,695.8974137113669,704.1228283277563,695.8974137113669,701.0676879882812,587000
2024-01-10,701.5768162368619,705.0334673410163,693.3220565620487,702.869384765625,506400
2024-01-11,705.5133359058718,709.1364368378166,693.8998812533599,703.5941162109375,603900
2024-01-12,697.7971644551308,700.6760539027608,694.8693262965536,698.3944702148438,580500
2024-01-16,693.2732272651798,696.5144209562467,687.897355713409,691.814208984375,913100
2024-01-17,691.275598551277,698.3454894543481,681.6107686563084,697.4642333984375,835100
2024-01-18,709.616231558089,732.7158977952129,709.616231558089,729.0536499023438,2230400
2024-01-19,732.9411329248429,743.6830738136883,729.2984882466925,742.0772094726562,1796100
2024-01-22,750.4689544339803,760.3883880595567,749.6170438061623,750.7431030273438,1418600
2024-01-23,750.1263207026184,762.4839875068626,746.6892725294251,762.2098388671875,1800700
2024-01-24,809.6722214332428,846.6179765313656,809.3197190211698,829.6971435546875,7754300
2024-01-25,850.9364777333138,864.9196743176767,845.0513954075327,851.0148315429688,3449500
2024-01-26,845.5995727544368,855.049004329853,835.4745414261429,849.7122802734375,1614800
2024-01-29,849.5458476050775,865.0565520055677,847.2153152903114,864.273193359375,1034500
2024-01-30,855.881395848423,859.4848937170206,844.6791930055584,849.986572265625,895600
2024-01-31,843.3181090486852,865.6246182846821,841.594743722879,851.7393798828125,1251200
2024-02-01,863.9794600569687,875.2012656535612,858.4370794763666,872.028564453125,1040200
2024-02-02,860.9635186705334,874.4864523666098,860.8166725309027,872.1461181640625,896400
2024-02-05,868.7088420443881,884.7175762986973,864.2946709773515,881.4020385742188,950100
2024-02-06,881.6570494915535,888.4843219883818,873.8586689830221,887.6309204101562,1409500
2024-02-07,888.0232936376941,910.0941489346745,887.7976996089425,904.6401977539062,1492200
2024-02-08,900.0887349875092,910.0352881904549,893.5360906492404,905.336669921875,1150800
2024-02-09,918.8244192590556,936.1181652750945,913.9394224616153,931.4881591796875,1588800
2024-02-12,921.7377599620437,928.4276887167116,909.6625520154653,911.4871215820312,1033600
2024-02-13,873.8586919531829,898.4211394822642,872.0538200117325,886.0908813476562,1297200
2024-02-14,897.3323171464368,908.0930562474313,895.9786332666965,906.8080444335938,1206400
2024-02-15,911.3595885095682,916.9214273144131,901.8053700043725,912.1051025390625,884300
2024-02-16,914.9400429375462,930.428918947052,908.0735537770453,911.2223510742188,1161300
2024-02-20,901.079541665033,902.4332257498895,881.3727512507546,892.2218017578125,1044100
2024-02-21,880.3330322745239,891.3390055284802,875.6049564980472,890.8878173828125,867500
2024-02-22,928.8592282840806,941.1600891978492,923.2483554870109,933.6951904296875,1780800
2024-02-23,934.1171417807626,936.3536240868759,914.9988252930193,915.4500732421875,879000
2024-02-26,923.552548899823,933.5677748137176,918.3438291527947,929.5166015625,671300
2024-02-27,934.8233458938967,939.4925675681769,922.4244153736446,923.4151611328125,807500
2024-02-28,921.1295626251826,925.5045180957707,917.2647082946794,921.580810546875,519700
2024-02-29,921.5808209808351,934.2838362884112,920.5214031667516,933.5285034179688,777600
2024-03-01,933.4304643117121,972.5400162001145,932.1454524289437,972.0397338867188,1698200
2024-03-04,973.6679669690914,988.4603606250149,968.9104956969186,979.0042114257812,1433000
2024-03-05,970.8332071975454,973.1187238225999,940.4048348659919,950.3612670898438,1259500
2024-03-06,968.1159231722496,990.3731552289133,962.7502223059479,984.7818603515625,1304500
2024-03-07,996.298170523637,1036.192457300251,995.4644064708363,1027.4132080078125,1580300
2024-03-08,1019.0653960133459,1020.3699857515066,974.2860567355791,975.3651123046875,1638500
2024-03-11,960.8179157115427,962.3187626334427,939.2375235260869,944.3088989257812,1432100
2024-03-12,948.36019815555,966.2032624269534,932.3514625584097,965.5166015625,1165200
2024-03-13,964.4081035080649,964.4081035080649,940.7677882142201,950.3024291992188,851100
2024-03-14,950.1160853513221,952.9410999588441,932.4299432485265,941.47412109375,876600
2024-03-15,936.5693945303746,936.5693945303746,914.0178352842269,922.2772827148438,1727400
2024-03-18,931.2527966644053,939.93403611113,921.8261030259196,923.3858032226562,821400
2024-03-19,920.6391016281146,938.3448798863792,910.3001537628687,933.7540893554688,817600
2024-03-20,937.8348695521048,955.7171493264664,928.8299670160701,952.401611328125,838600
2024-03-21,985.8413283876042,986.4788949338455,969.2342435756062,971.8925170898438,1112400
2024-03-22,955.1383717956808,972.177067588005,954.0201007390413,961.2691650390625,692800
2024-03-25,960.4549864220237,973.3541994550972,957.8359282919156,960.2587890625,860900
2024-03-26,967.9198058183486,970.5192860681193,952.3132850843789,952.7742919921875,706000
2024-03-27,960.1116576481564,960.5236301812942,945.6822014297317,955.4326171875,572100
2024-03-28,951.0575860624217,953.3333434686399,943.3083001094333,951.9600219726562,685700
2024-04-01,961.0729848869116,1003.1547145402453,961.0729848869116,974.0114135742188,1108500
2024-04-02,949.66481112361,955.2659255512438,938.8647958448696,948.2719116210938,964000
2024-04-03,947.4577497085978,967.655002559957,943.7498170116327,961.5733032226562,892100
2024-04-04,973.0697029054207,977.7879590787626,935.2059470758983,935.2255249023438,1269700
2024-04-05,957.875128256078,967.7824661052979,948.4778316881011,960.866943359375,878400
2024-04-08,970.970570175912,977.1994925688955,961.435988442837,963.966796875,929000
2024-04-09,974.7862644421715,981.1230736164251,950.8712624091008,970.9508666992188,717500
2024-04-10,944.4461931235737,964.7219346727139,944.4461931235737,956.0211181640625,722800
2024-04-11,962.8286640024907,973.265739257269,944.9562069005357,973.2559204101562,964700
2024-04-12,951.3224668979511,953.6080431792038,938.2565143180119,943.4946899414062,1031000
2024-04-15,966.6250451690685,969.862092219825,932.9596241249325,936.6087036132812,1077500
2024-04-16,940.0222549247178,959.944878263694,938.9432592617454,958.287109375,1506500
2024-04-17,924.827712008961,924.8473497061952,878.7536030676212,890.299072265625,3774100
2024-04-18,883.9327973694479,886.3654767962081,869.4935828904512,872.0734252929688,1653700
2024-04-19,870.5138211070586,879.1165696786005,839.2713214753028,843.1459350585938,2486800
2024-04-22,853.4064700696061,863.2157398405212,846.0103022159075,855.4173583984375,1143900
2024-04-23,862.5290660034402,890.7405350194446,858.3110920396231,884.3743286132812,991300
2024-04-24,895.6354411016309,897.5482608448518,865.1482112808467,875.3008422851562,860600
2024-04-25,858.3110177075057,893.6832385109877,854.3873101979857,885.2963256835938,1114200
2024-04-26,896.7311261182568,910.6106122913592,896.0233588369845,903.3169555664062,865100
2024-04-29,896.3183928131824,897.6945705467019,885.7318795178561,894.2738647460938,650800
2024-04-30,880.8366442755901,891.7279346871901,856.3804221936655,857.609130859375,1093000
2024-05-01,856.2723024965021,865.5908697300486,834.676547980896,838.3135375976562,1458200
2024-05-02,860.0960570089717,863.0449577758595,847.6615014437118,855.4564819335938,876800
2024-05-03,879.3524560396942,889.5458188110989,873.5332483278978,886.2725219726562,1038000
2024-05-06,893.7135262088595,902.7174767027728,889.6145709945719,901.302001953125,642000
2024-05-07,909.0773091668495,910.6008958866096,892.1801054913259,892.7501831054688,655000
2024-05-08,889.0345374472757,901.1151783977898,887.9336193783445,895.9447631835938,555700
2024-05-09,899.1197673026026,902.5306333893021,891.9244429403293,897.9794921875,756000
2024-05-10,909.2443408030418,923.0058767719527,909.2443408030418,914.4442138671875,814100
2024-05-13,911.8787542960309,913.1762778429152,898.687354896018,901.6165771484375,745700
2024-05-14,897.3504896111358,900.7711951582457,890.4500429083437,899.4442138671875,592000
2024-05-15,903.0025718035653,921.4528198242188,895.1388365589751,921.4528198242188,883000
2024-05-16,920.5485209391929,922.8191721254574,903.2876242170794,903.8773803710938,811100
2024-05-17,905.1159494301718,915.112706445208,900.604164757735,909.2149047851562,703700
2024-05-20,910.0111142372662,930.5943832732565,910.0111142372662,923.4384155273438,669300
2024-05-21,905.2535023230386,917.678217830649,899.7489119060141,909.509765625,746400
2024-05-22,915.3486238739522,917.5995964650657,897.9304192972033,906.619873046875,668600
2024-05-23,951.0990943430913,952.9765346538647,911.6132722495153,918.3367919921875,1357200
2024-05-24,922.2785693681926,942.2426254904294,917.8257003386775,939.9326171875,684900
2024-05-28,956.2302410335733,975.968234272391,948.8088525285731,974.9557495117188,1184000
2024-05-29,945.171802748604,949.0545339700645,939.6573728849003,941.5643310546875,902000
2024-05-30,940.699347902035,952.6424200475965,936.5708748149557,949.6640014648438,846500
2024-05-31,955.257009164795,963.3075100413909,917.0392533545305,943.9921875,1040400
2024-06-03,952.829148855495,955.6993953674257,932.2359805691366,949.0348510742188,752800
2024-06-04,945.8501122136131,947.2951048336685,926.9378376180209,934.6148071289062,765400
2024-06-05,1001.98734929554,1023.819127128114,991.7153925331374,1023.602783203125,2586500
2024-06-06,1030.1495661419176,1036.4798169488145,1015.3952197222187,1034.6810302734375,1370700
2024-06-07,1022.5314103855312,1025.9619555781169,1009.0352928241019,1010.9029541015625,936200
2024-06-10,998.8323170294026,1028.3016548415328,996.6500986214468,1023.9667358398438,1039500
2024-06-11,1009.9886889204721,1021.2142145424875,1002.3215588077795,1018.3635864257812,789500
2024-06-12,1041.1093609679451,1058.8715191137078,1037.6492984647114,1050.6539306640625,978400
2024-06-13,1035.7816981765986,1042.9278867784503,1021.047033861833,1034.779052734375,1106300
2024-06-14,1004.0614142521107,1013.4388970943371,999.2841494121653,1010.3917236328125,1047200
2024-06-17,1026.4039754023768,1036.420468807648,1015.0802994299669,1034.54296875,844400
2024-06-18,1024.448034052375,1051.2044837116907,1024.25148867286,1043.3013916015625,1025300
2024-06-20,1040.2050639947497,1045.0413044353427,1027.220109385664,1032.8426513671875,1150300
2024-06-21,1020.4965237109844,1021.3025036897243,1005.781479539068,1018.943359375,1626000
2024-06-24,1015.5719077205589,1017.0855950817557,984.942626953125,984.942626953125,1027000
2024-06-25,988.03891200038,1006.0567107849258,985.5618763868573,1005.9093017578125,621600
2024-06-26,996.7284896097941,1006.1649483534453,986.8005473900039,999.2841796875,885100
2024-06-27,1011.9053312526308,1023.966353638536,1007.187162391592,1010.499755859375,784300
2024-06-28,1010.4900083597869,1030.9456078562519,998.1537853346583,1005.3097534179688,837600
2024-07-01,1017.9113217507593,1020.4276543733295,998.4976673786655,1015.8863525390625,791000
2024-07-02,1009.2810024173859,1030.1395324631842,1008.3864688883212,1030.041259765625,748700
2024-07-03,1040.3623957526306,1056.0014333914958,1037.433173465141,1053.16064453125,779800
2024-07-05,1061.3583545876345,1064.3466119224408,1051.1256370621386,1056.1781005859375,771100
2024-07-08,1064.7007178136005,1069.2616990401204,1057.505332261274,1059.038818359375,881900
2024-07-09,1061.3093231808461,1063.0983901494374,1041.3059705897706,1041.9154052734375,925400
2024-07-10,1050.978221502167,1081.833563935291,1046.8596481815582,1080.2313232421875,925400
2024-07-11,1091.0735935220157,1091.1817054833805,1043.4784124486587,1044.40234375,1151400
2024-07-12,1054.4874513958196,1081.8728914587023,1048.1375244008814,1066.7745361328125,1053800
2024-07-15,1078.7472351055033,1080.015300918806,1042.3087016094526,1045.51318359375,1365600
2024-07-16,1056.2174958413466,1058.7044306213206,1042.6721846586709,1049.9952392578125,1197600
2024-07-17,961.9117832841074,963.2977402402612,912.8813886213057,916.1841430664062,5188400
2024-07-18,937.2588657334911,940.9056942452248,895.4827757558578,908.4088134765625,2242200
2024-07-19,899.6406632940057,904.6636691164945,876.4721291817988,880.1189575195312,2133600
2024-07-22,912.3800326444057,926.5151012078439,906.3053045128371,925.2274169921875,1926800
2024-07-23,919.4475577446852,924.3918499143152,913.3531511377615,916.9213256835938,1056200
2024-07-24,902.520901893014,904.0051915760762,855.9283047969824,857.8843994140625,1912000
2024-07-25,858.1300680731293,871.2723301808608,835.6987571469424,847.9367065429688,2075900
2024-07-26,878.6937714700831,880.315690884716,867.2028857866761,873.2579956054688,1681600
2024-07-29,873.497355978505,884.3398846715625,855.8007392533904,857.3074340820312,1231500
2024-07-30,878.9233878017099,880.3414850837754,842.978621801976,847.1541137695312,1682100
2024-07-31,911.4411257669117,927.9067543852578,903.0900815844368,922.4510498046875,2406800
2024-08-01,908.99888899068,913.647120603863,858.5482081559995,870.2672119140625,1808500
2024-08-02,811.6624092057364,815.9856436309067,783.7830589476769,797.0382690429688,3624100
2024-08-05,763.2108510816544,826.1191257832178,755.7362822350804,807.8709716796875,2815600
2024-08-06,827.5765666210219,846.9276780757231,822.8200830683257,830.186279296875,1995700
2024-08-07,863.6592907062943,865.0281607922018,821.9338175818481,823.6276245117188,1521600
2024-08-08,847.8731037048979,865.2644977151186,836.341271861526,863.3146362304688,1447700
2024-08-09,842.220331566761,852.1371552296017,835.6320965854577,847.4594116210938,950500
2024-08-12,848.6412563913156,853.7818220957842,839.8471047186259,839.886474609375,1151200
2024-08-13,847.7056164184646,859.3950467976384,843.2937847982744,856.263427734375,1526600
2024-08-14,874.0881752188725,876.8455701270397,857.2187487308864,866.2000122070312,887700
2024-08-15,886.6934540849344,916.6506940376042,882.6656439351386,914.129638671875,1459000
2024-08-16,902.2235762511513,908.4277903086138,899.141244328261,904.685546875,804200
2024-08-19,903.188550377252,919.5064960080927,895.6155276691395,918.9550170898438,1024600
2024-08-20,921.7419761208374,922.1359154161307,903.3953684217876,912.091064453125,921300
2024-08-21,919.516351300383,930.6740177330489,917.4975476389582,929.2559204101562,646500
2024-08-22,928.6552528082956,929.6301834884454,890.8295652993936,893.902099609375,1092600
2024-08-23,899.0230018429115,908.1027806319249,889.3918041528553,893.458984375,1395900
2024-08-26,889.7954752866825,890.8787783301581,869.0263265857748,869.8732299804688,1251500
2024-08-27,866.6136105901085,882.1338821422945,861.1775605258989,876.3433227539062,661600
2024-08-28,877.15084692603,883.808024662509,867.0271955500351,874.6199340820312,727300
2024-08-29,892.2771993981498,900.6183867572776,869.5581282761323,874.2063598632812,1173800
2024-08-30,886.3585853551483,893.1339328112597,875.4176031507327,890.1204833984375,991200
2024-09-03,879.0219016414105,879.1499289127954,828.8469921717578,832.5300903320312,1870800
2024-09-04,792.7545168634181,810.2049352653929,787.0722696015689,799.1359252929688,2350900
2024-09-05,783.586154946901,795.758123134404,778.4751015910107,783.4974975585938,1672000
2024-09-06,780.7400694026529,780.8779541756368,739.4479075764712,741.3386840820312,3286800
2024-09-09,752.4570928322496,752.6540625218993,726.921538348974,738.4140014648438,2539900
2024-09-10,738.5024644231229,740.5606981294997,723.0807082467887,739.9501342773438,1524000
2024-09-11,758.316427807574,789.406135981499,747.1882739234724,787.9683837890625,2559100
2024-09-12,789.1993976148334,796.3883391582765,781.6460291541902,787.9979248046875,1318700
2024-09-13,791.8878528915341,806.1672812562695,791.6416558507628,803.941650390625,1069200
2024-09-16,796.6542690975797,796.9201210340794,780.090124668766,790.8242797851562,1150100
2024-09-17,796.3982431464747,799.4215501856104,784.4231847674414,793.4340209960938,734600
2024-09-18,787.9191847352641,798.5745397238317,774.4078599356596,775.8555297851562,1249000
2024-09-19,820.0035379949389,826.8774002044912,809.712489731247,815.5621337890625,1644300
2024-09-20,797.2451170090675,797.8655383713246,777.6478081742467,783.182373046875,2748600
2024-09-23,795.3247476071675,795.3247476071675,785.870805359788,791.2772827148438,965600
2024-09-24,797.2352344242247,804.0795240847425,788.815307767151,801.6175537109375,881200
2024-09-25,803.9318295385897,814.6266751583036,801.6176012925268,805.7340087890625,878200
2024-09-26,847.2428325286074,848.8874119608829,826.9266475475041,839.4728393554688,1566400
2024-09-27,839.4827204769589,841.1568724529882,825.4494885038314,828.7386474609375,1038400
2024-09-30,823.8244958298363,829.3491427981028,807.2308399283489,820.57470703125,994700
2024-10-01,826.9069106909564,828.4727503041897,799.5495270034061,809.8405151367188,1244100
2024-10-02,808.3141319129047,826.5032009832838,804.079554729911,819.5308837890625,898400
2024-10-03,813.3463744269206,824.769953310542,811.2586283063571,819.7474975585938,651900
2024-10-04,823.3322054261849,826.572197241049,813.3957256309483,820.32861328125,862500
2024-10-07,799.3722079160492,810.4806470943905,798.673046798143,804.818115234375,898200
2024-10-08,809.9882598071957,818.1915619917145,807.5952317964963,811.7214965820312,1265900
2024-10-09,817.2067354323424,833.2489121309817,813.7993469279899,833.0322875976562,1004900
2024-10-10,812.450291881505,822.9185956024054,809.0035330674623,821.2838134765625,876300
2024-10-11,817.2953024548725,832.145923457214,815.8082628444046,827.9014892578125,964700
2024-10-14,839.5516537926359,859.96629390302,839.2069418593151,859.001220703125,1769200
2024-10-15,854.0280057579051,860.3602468653324,706.5855432670434,719.31884765625,9350700
2024-10-16,700.154823998984,706.5658046725772,666.967510393905,673.1224365234375,10296200
2024-10-17,682.1037509168107,693.1727612786029,666.819817975193,689.942626953125,7209100
2024-10-18,706.7529419970898,715.4092688821853,702.3312525252592,712.2579345703125,4537800
2024-10-21,712.9866710701555,713.823717014228,698.0080206099509,703.2372436523438,2184800
2024-10-22,712.0018984219383,713.0949989441141,706.7234478744608,709.9436645507812,2067000
2024-10-23,703.187968629873,705.4135994727297,689.4501618741527,697.840576171875,1681400
2024-10-24,709.0376013049078,709.0474588033517,695.7035915652671,699.9972534179688,1854700
2024-10-25,705.0984990686238,712.2480710721236,700.4108975838664,700.873779296875,1380100
2024-10-28,697.6141236749598,700.6768005348941,693.2810315755632,697.8701782226562,1182800
2024-10-29,698.5916860273783,706.6857042151282,694.594048703333,705.8960571289062,1445500
2024-10-30,684.5851133908845,686.6283636593761,673.7964025452219,674.9907836914062,3085200
2024-10-31,674.1517413642941,674.1715021219144,658.5954464050739,663.8565673828125,2398300
2024-11-01,669.7789300116384,673.9345324917781,664.7547579944621,666.00830078125,1801700
2024-11-04,667.3113644156266,669.6606053509756,662.1489866839707,662.4845581054688,1232500
2024-11-05,664.8041842577168,676.6589520108226,664.7646627422265,667.716064453125,1282000
2024-11-06,659.9082100119463,664.3401619566602,646.306363694318,652.8802490234375,3208600
2024-11-07,665.3963945232189,671.0523691267981,661.1519886605122,668.4563598632812,1758300
2024-11-08,661.3394622247005,662.5634241273355,653.3343079693981,660.8162841796875,1726800
2024-11-11,663.0867661897782,663.3038935666348,653.3838112287293,662.6326904296875,1520100
2024-11-12,663.9454489886747,667.7950013201705,654.2622557623208,660.5301513671875,1711000
2024-11-13,656.0290859756869,664.9719735820976,648.290459920247,664.7054443359375,2453700
2024-11-14,696.5582975828129,702.796611816119,682.5912381445861,684.0027465820312,3925300
2024-11-15,669.5914028728077,671.091774404593,649.020817562985,650.116455078125,3063200
2024-11-18,642.6542243513187,660.2142477002308,639.6239001872443,656.6311645507812,2010600
2024-11-19,654.2523325929553,662.7312636945088,645.0231554383981,653.600830078125,1640700
2024-11-20,648.0436631013913,649.9684090290743,637.1068673087932,649.9190673828125,1677800
2024-11-21,645.4673989300819,664.3600093311744,640.6307725848219,663.4716186523438,2859000
2024-11-22,659.1678989951577,666.0774158824155,657.6083054573818,664.1822509765625,1275600
2024-11-25,676.1457367681212,677.83365511351,669.2362182901987,675.62255859375,1511300
2024-11-26,670.805678319363,673.0364150594586,658.2106038362995,663.2841186523438,1424100
2024-11-27,661.1026291626333,663.994748478721,651.0838049146018,661.8132934570312,1231800
2024-11-29,670.0949201764225,690.606346772246,669.7691688881548,677.73486328125,1706500
2024-12-02,672.9375716753696,704.4548312791137,671.90115622148,702.2733764648438,2325900
2024-12-03,693.5674774791275,712.006010104632,691.5636886088198,708.7782592773438,1647200
2024-12-04,714.434167797756,715.5693268358061,707.6628555738622,710.6141967773438,1529800
2024-12-05,719.7249169845712,719.793959136945,698.8482810990206,702.3030395507812,1801100
2024-12-06,702.5400075852306,707.9393334508998,697.940269460037,699.815673828125,1215400
2024-12-09,704.0304390501973,713.8617165018044,696.5287017231193,697.387451171875,1267500
2024-12-10,707.3568901025993,709.0151670173279,691.5143661306544,696.1536254882812,1214700
2024-12-11,702.6881052614777,708.719112778819,697.3578817075525,705.1952514648438,1217600
2024-12-12,704.1192725448111,710.5747137057,701.444280776329,703.88232421875,868700
2024-12-13,709.2915649414062,715.6088016201776,706.9620247995173,709.2915649414062,1455700
2024-12-16,710.7425813103475,721.5510530461222,704.1094733250138,713.04248046875,1542800
2024-12-17,730.4346514377785,735.4884647469488,723.2092636021194,725.6868286132812,1753300
2024-12-18,738.8347243488761,747.40251891714,706.231643197786,710.1898193359375,2257000
2024-12-19,708.4723369411098,711.5125416160804,699.618312411209,701.0791625976562,1620800
2024-12-20,691.0998013445513,711.0880474192966,687.2798302477411,696.5582885742188,2701800
2024-12-23,697.9599143076766,712.716680817634,697.9402137975588,711.7197265625,1232600
2024-12-24,707.1299505787226,710.8907000730266,705.7579032727092,710.4070434570312,586800
2024-12-26,704.9780537076653,711.1867266906252,701.9180885485026,706.606689453125,734000
2024-12-27,708.2156409188473,708.2255212972136,699.4307193807957,704.3660888671875,942300
2024-12-30,690.9517608793201,693.72543625243,685.4932130501915,687.1515502929688,1202600
2024-12-31,692.3237977633323,693.8932115731145,678.544224021021,684.1212158203125,965000
2025-01-02,696.2226573883618,702.7570810945194,687.3389932293459,691.3662109375,1115100
2025-01-03,694.0707987957478,708.2945662395098,693.4983393590378,705.1260375976562,1062900
2025-01-06,741.3517202855942,770.993578395243,739.9599725961252,758.576171875,2761100
2025-01-07,764.982223928072,768.3284186956984,743.7502560477851,747.7874145507812,1490200
2025-01-08,743.2665842888655,743.5923355174514,727.4734032149985,734.3631591796875,1185400
2025-01-10,741.2925263917726,741.5886365235124,725.89419707919,729.45751953125,1515800
2025-01-13,711.8776950106061,719.5768592329931,708.3143727593655,718.0073852539062,1321800
2025-01-14,728.0064253197692,729.960872509329,718.648984504676,726.7725830078125,1022600
2025-01-15,729.9017312343993,734.8469211609752,715.8161665640847,716.9118041992188,1864400
2025-01-16,748.9917386870542,761.5868125586511,738.7854272712539,740.5819091796875,2407600
2025-01-17,757.9839227501669,759.2572866903312,741.7860659032477,746.5536499023438,1933600
2025-01-21,753.1373901367188,757.8062304324358,745.7244554646558,753.1373901367188,1332000
2025-01-22,767.6967743695816,774.6753945143223,755.990091632886,756.7994995117188,1699900
2025-01-23,730.4445432173994,738.0844853217579,726.486367364512,736.593994140625,1751100
2025-01-24,739.6736707590411,740.3054125034674,719.87297106913,722.7848510742188,1505700
2025-01-27,664.0934165330704,681.6731999921091,663.2544278303998,681.2290649414062,4947800
2025-01-28,670.0257326672225,684.4863889992004,657.9834193723402,674.5169067382812,2811900
2025-01-29,717.7605616936131,719.043805837359,695.4921790577549,703.4381713867188,4971500
2025-01-30,730.5334085818873,735.952495191159,721.1365055159151,727.463623046875,2745600
2025-01-31,738.4201388162894,744.8459392850455,728.2335289600308,729.7536010742188,2125700
2025-02-03,709.8344453139256,725.9434982916189,708.6400642285222,721.6102294921875,1647200
2025-02-04,727.3747747477348,733.0899108909073,719.8532765141716,721.9556884765625,1497000
2025-02-05,719.8137386377541,733.6031919166238,713.0621871112241,732.9912109375,1249700
2025-02-06,728.1545998419012,732.8135600653353,725.5092488300205,729.5759887695312,1120200
2025-02-07,729.4969660270006,732.7247170131276,714.3947471519933,718.293701171875,1312400
2025-02-10,727.1970653005328,735.9228252121848,726.3679569503125,734.4619750976562,985700
2025-02-11,736.5986157491432,745.3230243261177,735.8172001761136,744.8185424804688,1096700
2025-02-12,730.3471393990632,748.5872741304353,725.6090790405203,747.9739990234375,1077800
2025-02-13,746.5891076750879,768.5682373046875,744.5909830274518,768.5682373046875,1674100
2025-02-14,769.7849005888371,769.9233976286022,740.5651042520378,743.4039916992188,2047300
2025-02-18,749.2301213556736,750.703961607735,730.5943012751796,736.1533813476562,1715400
2025-02-19,735.8963723057567,744.7097718443723,733.6509571103533,736.7272338867188,1457900
2025-02-20,743.2061867764663,747.3211308637862,732.3946629300361,735.0357666015625,1185900
2025-02-21,736.084201319041,737.6272901039688,725.2528760144522,729.2194213867188,1472300
2025-02-24,738.042721931748,742.7412368101658,726.7366186375662,727.9829711914062,1471200
2025-02-25,724.253834804025,730.9702166286079,718.3386710185266,722.2755126953125,1691200
2025-02-26,735.7578298587367,745.5999950551917,730.9010149613063,738.8341064453125,1401400
2025-02-27,735.3621757962436,736.7272230327491,689.3562803888183,690.1377563476562,2342800
2025-02-28,699.1588344674338,705.7664231676048,689.9497473242974,701.3943481445312,1773400
2025-03-03,714.223779819689,724.4121273551232,684.9742780435668,692.2742919921875,2284100
2025-03-04,690.7015355626163,713.4818841346569,685.1819997603947,700.5436401367188,2044700
2025-03-05,723.6899885480349,732.5231893085404,711.5035174033426,731.7318725585938,1754300
2025-03-06,711.058404083494,723.2448755918438,703.2935139091828,707.0919189453125,1427900
2025-03-07,718.289194477549,726.0442440299375,707.7447637648778,724.2835083007812,1426400
2025-03-10,690.4146309695719,691.423594590243,668.6728897610934,675.705810546875,2321500
2025-03-11,691.2454823371986,694.3910070044385,673.875817967245,682.7288208007812,1616800
2025-03-12,696.5078891624995,700.6227726424801,689.1880731072182,695.7462158203125,1306300
2025-03-13,690.2762361054972,697.6553395665517,680.8000554851309,687.0614624023438,1399500
2025-03-14,700.009420782239,712.2255948598521,697.7145601106855,706.2609252929688,1367500
2025-03-17,710.2670748770383,726.5882320871268,709.4362134101037,722.4140014648438,1423300
2025-03-18,721.9887615345556,726.2322412158431,712.1861405387535,723.1856079101562,1007300
2025-03-19,721.2072138018938,738.6560295795159,717.2011235400929,726.9443359375,1080500
2025-03-20,717.1516810016807,727.4290790656988,716.3801063834692,726.1035766601562,1282400
2025-03-21,704.074932905427,713.5412115447772,703.5012629565696,708.4569091796875,1967200
2025-03-24,720.1389317796869,724.0164261026079,718.4672472283852,719.9509887695312,1104400
2025-03-25,724.1253207218432,727.033456964646,717.5572760903474,718.8629760742188,1244300
2025-03-26,708.1404596631565,712.1860947759269,694.628485151163,698.1103515625,1266500
2025-03-27,690.9190783169977,694.8658211676764,681.5319498002789,683.144287109375,1285500
2025-03-28,677.7039480584541,679.9889077804154,664.7657039890306,667.268310546875,1393000
2025-03-31,653.103507998564,657.9503610935503,645.8034943573891,655.4478149414062,1685000
2025-04-01,657.366815888458,663.3710311602354,649.2358800491285,660.1068115234375,1212600
2025-04-02,657.1887476103661,669.0586806277933,653.6673365634734,661.7586669921875,1119000
2025-04-03,642.4898529134327,643.9141869712545,616.0693375954521,616.4649658203125,2877100
2025-04-04,615.208715251743,619.5906913738606,591.2116589819913,598.9864501953125,4017000
2025-04-07,580.1430238863072,645.7738431040539,572.2396358293722,609.1650390625,4179100
2025-04-08,625.1696504800941,630.9859228825657,576.5721582622791,588.9168701171875,2585200
2025-04-09,611.3212937914277,684.7862393964331,600.2921246137356,679.810791015625,3866700
2025-04-10,649.05776253573,654.4882468167434,620.8271290661966,642.509521484375,2989900
2025-04-11,648.9489877886401,664.7162171399086,644.3296226485403,661.560791015625,2163600
2025-04-14,669.1080943739632,672.6592090616581,655.5466748203587,665.5767822265625,1574000
2025-04-15,672.0162515786062,680.0779384366955,669.3554058892737,675.7552490234375,2105600
2025-04-16,639.9872160987544,646.0507783238286,617.4046518316508,628.0480346679688,4028300
2025-04-17,637.3757405405943,640.6399596279587,630.0262818659476,633.2212524414062,1439900
2025-04-21,625.149771063206,626.791751808894,607.4042197671325,617.9190063476562,1555100
2025-04-22,631.886028491862,638.6123122017503,624.1606823659534,631.767333984375,1967000
2025-04-23,657.0502034072382,659.265914418343,647.6927184823294,650.84814453125,1849700
2025-04-24,659.3055506174211,670.9677377859199,655.3785498130652,667.6837158203125,1770700
2025-04-25,659.6715427024978,674.3605604641581,657.3865830423817,669.9291381835938,1280900
2025-04-28,666.9434915919164,669.1958604727745,655.9397563554638,667.5289306640625,1007600
2025-04-29,660.4344908104713,668.3921501484897,657.8447995729344,660.9306030273438,1104000
2025-04-30,652.4768903479929,664.294256676725,646.394549739998,662.8853149414062,1042100
2025-05-01,669.9003326819264,669.9003326819264,657.3090025333269,661.5358276367188,1066300
2025-05-02,680.9835114594849,689.5960126669629,680.269078343352,684.9623413085938,1215500
2025-05-05,679.6737714772105,685.0516112230323,677.4214025193542,678.0465087890625,903700
2025-05-06,671.0513190252158,681.0330946243557,670.2476196387455,674.7026977539062,765100
2025-05-07,680.4476474649339,696.5018302668498,678.145679693308,694.9440307617188,1041400
2025-05-08,705.590720232401,711.2364803689788,700.2128801048791,702.5247802734375,1040500
2025-05-09,703.6955455113648,704.9854252237055,698.4268359431253,700.7188720703125,884000
2025-05-12,724.740591892713,744.6843403917577,723.7087002293858,744.3668212890625,2571500
2025-05-13,739.46524775396,758.9227558537239,738.7508146155091,757.9603271484375,1815600
2025-05-14,759.0517641900135,767.6841296988001,758.3274596637011,762.9313354492188,1156100
2025-05-15,757.7320272676933,761.0361516365834,749.3378471961538,752.4633178710938,1511000
2025-05-16,747.0260043830644,747.5915796289452,736.4389856702348,742.2831420898438,1095100
2025-05-19,733.978180595587,744.1683451816585,731.5373471821591,743.3051147460938,977900
2025-05-20,739.8322601303583,743.1561875379138,735.5359116612732,742.9379272460938,777200
2025-05-21,743.1860129445907,749.9132629340726,729.7711195795384,731.4380493164062,1058700
2025-05-22,730.5947258236785,741.4000647892782,728.4416156901525,734.940673828125,863500
2025-05-23,718.9657686237035,730.2672189580445,716.9019854965337,726.79443359375,1525200
2025-05-27,745.527799227449,755.2913160215319,744.1188572403734,750.9056396484375,1385100
2025-05-28,746.2917340316775,750.5086880666481,739.0187116449903,740.7055053710938,1244000
2025-05-29,751.9375148145998,753.644111896922,739.048528163199,741.2611694335938,1166000
2025-05-30,739.2171799058425,740.1598052871828,717.378309104947,731.041259765625,1785400
2025-06-02,727.5882393131762,741.1420591055777,726.9631330698353,740.725341796875,812600
2025-06-03,726.9631761859326,742.7296380398415,726.5067916742862,741.4397583007812,1085100
2025-06-04,745.3391657646558,746.9168293094169,734.6528889056347,737.0045166015625,1160000
2025-06-05,748.2662659926427,750.5781660313999,738.2150269767291,741.94580078125,1506500
2025-06-06,750.181196407484,756.1742101331923,746.9465350920146,747.1648559570312,1345100
2025-06-09,751.1735195524911,776.1180594119048,751.1735195524911,764.2113647460938,1769400
2025-06-10,773.0519733259216,782.1605864698386,770.4523501231306,778.8663940429688,1715500
2025-06-11,783.906966522817,791.0509951480287,774.619759590331,777.9933471679688,1365900
2025-06-12,779.3327695567068,783.4306613544258,776.256898005172,780.0968017578125,999600
2025-06-13,760.9270413933756,766.9200554144729,753.9616062065755,755.0828247070312,1742900
2025-06-16,760.4110542599685,773.131379099329,760.024072186186,769.2021484375,1454500
2025-06-17,760.8178969913278,767.19789297237,752.3145261411619,753.95166015625,1422800
2025-06-18,758.7837740680161,762.0283673552794,748.375349417139,755.7178344726562,1372500
2025-06-20,762.3954864375983,763.0305246123363,730.5252423398877,750.6475830078125,2303900
2025-06-23,755.3408017972351,774.6792468249538,753.9020642187145,773.6572265625,1302800
2025-06-24,779.9975879152422,807.1349643528487,779.9975879152422,807.0357055664062,2039600
2025-06-25,810.3993306414396,813.1676150930634,799.9511779707053,808.9010620117188,1400100
2025-06-26,793.5413972079722,794.652683693051,780.3844919514952,791.8843994140625,1705800
2025-06-27,796.6966864409816,799.2268466259842,782.3193641364659,789.7610473632812,1201000
2025-06-30,790.286896564243,796.2005759833454,787.8658665266853,795.1587524414062,1080400
2025-07-01,781.9224422584158,789.3145263013221,776.455276013199,784.3236083984375,1065800
2025-07-02,770.2043246695829,794.2757003692154,766.8506010649018,793.372802734375,1383000
2025-07-03,780.8508474718219,792.32102026849,780.4936612038455,788.3223266601562,910700
2025-07-07,779.3526528764896,787.3201838675226,777.7055263447587,778.9855346679688,1363700
2025-07-08,776.5743648579542,792.1820967073372,772.6749300193111,787.9254150390625,1327800
2025-07-09,786.7447245703969,794.6726494272644,786.3081433552538,793.6109619140625,1334300
2025-07-10,802.6401138160854,804.7932239068926,791.7951078888368,795.8533325195312,1498900
2025-07-11,790.8723835786598,796.944792628485,790.3266722198488,795.694580078125,932400
2025-07-14,791.4180641145248,806.4502888160928,783.7283245964145,800.4572143554688,1456900
2025-07-15,816.5808777310459,820.133058302743,807.879110280608,816.62060546875,2099600
2025-07-16,748.4944133881985,754.9835999790547,724.9191510241282,748.583740234375,10789600
2025-07-17,741.0130414244577,750.965020769034,736.2305124991755,739.1178588867188,4078500
2025-07-18,746.2322147867064,746.2421467213438,728.6202300091854,728.8682861328125,2567200
2025-07-21,725.316156820527,727.201407717754,713.7269811717041,714.0841674804688,2650300
2025-07-22,712.7247638724796,713.4689322325486,695.7378856181501,699.9945068359375,3425100
2025-07-23,709.6488717624876,714.3718092807675,702.6239056888735,711.35546875,3379400
2025-07-24,717.3881658822114,720.9800133290588,712.7742982446207,719.4420776367188,2037100
2025-07-25,703.6260863968379,707.6049162746,701.1057974441294,705.7196655273438,2312100
2025-07-28,729.4339387275224,729.6918662525663,722.8256889792872,724.3140258789062,2253900
2025-07-29,718.9293633373032,723.0973318303609,711.9363635403377,714.711669921875,2292900
2025-07-30,713.1201099992725,720.2126203738521,711.7374050114223,717.6561279296875,1407000
2025-07-31,702.6852290659051,703.8191879251754,687.575107355611,691.0567016601562,2892200
2025-08-01,686.3715510452078,689.7835066871638,679.8858178299772,686.1925048828125,1627100
2025-08-04,691.9221604880988,695.7718044065165,689.2562611281992,695.6822509765625,1025600
2025-08-05,691.0666784529191,691.9719270773378,680.6418085798671,686.0034790039062,1261200
2025-08-06,684.0338857449923,688.7887176328952,681.8354855939474,687.3264770507812,1218700
2025-08-07,710.2652255668406,713.1300854611995,702.9041154216311,709.3699340820312,1723800
2025-08-08,708.6636250955381,719.6953328622245,706.7139709983563,718.5215454101562,1042900
2025-08-11,720.192702232529,728.0113542903326,715.7362806306809,717.516845703125,1179700
2025-08-12,721.7147168929212,739.4409542252636,719.6754485651294,737.88916015625,1461800
2025-08-13,746.6827159491323,752.2234326399786,743.6089384158755,751.5967407226562,2011900
2025-08-14,743.3503557290982,753.0192126456183,740.6446276472863,751.2386474609375,1577400
2025-08-15,734.6164755781649,743.2210124078517,732.7861248083158,738.2572021484375,1635100
2025-08-18,735.7802692663857,744.0664811703009,735.5514981993795,743.6188354492188,1086400
2025-08-19,747.5878147268214,751.7160151865168,737.8095519854651,739.6995239257812,1121300
2025-08-20,746.8517536901128,749.4778852857579,734.2981233783457,745.5486450195312,1368400
2025-08-21,735.4719125675261,737.6006735196901,728.2600381467336,731.5327758789062,952700
2025-08-22,737.7796734514963,757.5650912289507,736.4765648594541,750.9202270507812,1456000
2025-08-25,750.7810678935397,754.2726199043415,748.1350824970252,750.4926147460938,731100
2025-08-26,754.7798877287195,759.4849947246016,751.9348814223289,759.1865844726562,860100
2025-08-27,756.0033926034903,766.5277726215492,753.804992459995,765.9508056640625,1140700
2025-08-28,765.9507764662017,769.104089286226,756.8687838309672,759.4451904296875,985400
2025-08-29,749.040264201305,749.6370847476596,735.8997086256032,738.71484375,1317800
2025-09-02,713.4384401682114,723.3758961877257,712.4337417261006,722.032958984375,1867400
2025-09-03,728.3695266173087,734.4175713944842,725.7235411790305,732.9453735351562,1330300
2025-09-04,733.1740886228896,752.9197405458762,731.562612517756,749.4679565429688,1532700
2025-09-05,770.8051514113896,778.9818958395513,762.2105719186685,777.5892944335938,1887300
2025-09-08,785.497475978793,794.4998724192802,782.6127019813334,792.062744140625,1284500
2025-09-09,791.018283436309,801.6023452996695,788.949204559713,800.8960571289062,1324100
2025-09-10,802.5772317721636,805.3425811829995,786.8603304189487,788.9691772460938,1634300
2025-09-11,795.4846877907936,804.8949625253009,794.3109003201192,799.93115234375,1297800
2025-09-12,804.26824628101,811.4900777522547,802.0598890484076,809.590087890625,1019700
2025-09-15,830.5393640317703,864.1516514183313,829.534665583078,862.7391357421875,2702300
2025-09-16,875.3126242840066,876.8246504234819,863.0076797896497,873.8005981445312,1832400
2025-09-17,863.6642505797543,873.0148434222401,856.6513363049863,867.6830444335938,1553300
2025-09-18,923.7863795404029,933.7437495972807,911.2128957400749,922.9209594726562,3176100
2025-09-19,921.200124568274,933.71398768724,921.0011641564529,927.2481689453125,2410200
2025-09-22,955.8668327568698,959.4677915555224,948.575422438789,952.7632446289062,1885000
2025-09-23,959.3384680813189,972.3397446684373,950.9727201341327,958.4432373046875,1664800
2025-09-24,944.7257375998137,948.5853389432414,936.0018971368107,941.9603881835938,1400700
2025-09-25,933.2662902362529,947.6502104297263,932.1919526432921,944.5565795898438,1272600
2025-09-26,941.2640329846797,950.1967907621708,937.7923954329088,946.5162963867188,955200
2025-09-29,958.6620180016125,966.9581871957705,957.3091843988358,957.5479125976562,1213800
2025-09-30,962.9492988387522,970.5093687754757,958.0054639636927,962.9990844726562,1303600
2025-10-01,960.5321486234592,1000.0731159777698,959.7463248400675,997.994140625,1963800
2025-10-02,1033.5362074843292,1034.7597198509816,1016.5161984656899,1024.752685546875,1689100
2025-10-03,1025.578436759175,1034.381874321525,1020.0675302593656,1026.7919921875,1352300
2025-10-06,1034.9685317900507,1053.4309877456997,1034.6303537637132,1037.8135986328125,1385400
2025-10-07,1037.3460073927254,1039.355404210904,995.7360232809268,997.0291748046875,1667800
2025-10-08,972.8072826706141,986.3755687998695,972.2800406300264,982.6154174804688,1947000
2025-10-09,980.1683091496377,982.336898597701,966.4011236491583,975.3836059570312,1496000
2025-10-10,965.5854833078719,971.066517859779,930.4909793425905,931.2669067382812,2933900
2025-10-13,966.619935977474,979.9992184939867,961.884957714602,979.48193359375,2223900
2025-10-14,962.3724611868238,988.2555890982037,960.9201169996737,978.009765625,2422100
2025-10-15,1024.7129072894331,1027.5678100944185,988.3152947365096,1004.499755859375,2900300
2025-10-16,1031.7158398952668,1043.8615918645412,1005.7828671580231,1014.228271484375,1938400
2025-10-17,1015.2229534284108,1027.3388940232273,1009.6623233765587,1023.8572998046875,1663700
2025-10-20,1026.3243438523195,1046.6370050625044,1026.0657013981395,1036.669677734375,1271700
2025-10-21,1030.8604290303358,1032.0241986531369,1018.7643406564506,1019.6297607421875,1072200
2025-10-22,1021.0521833235019,1027.7468944330456,992.4235595936651,1006.25048828125,1328600
2025-10-23,999.2375250346631,1035.0282966821671,999.2176107806217,1030.9598388671875,1318200
2025-10-24,1032.471914631551,1037.913120524609,1026.7521520252888,1027.667236328125,1032700
2025-10-27,1044.4883419823477,1055.1519397782447,1043.84173583938,1054.4058837890625,1265600
2025-10-28,1051.2426629508018,1055.0624355738837,1046.1992565189396,1046.9453125,856900
2025-10-29,1066.9193298224743,1073.9944992993178,1061.1195957936768,1067.0986328125,1530000
2025-10-30,1068.9322849907144,1082.315294646034,1066.8694491117226,1071.6925048828125,1283100
2025-10-31,1067.9358726873206,1069.5302583602927,1047.7266967207738,1055.529296875,1179400
2025-11-03,1059.306000933798,1069.6497397722576,1059.2760765543894,1063.0926513671875,868100
2025-11-04,1046.2816177774732,1059.5451734570925,1025.2354120664297,1026.5408935546875,1735100
2025-11-05,1027.4974446317535,1046.96921330609,1027.1985657795317,1040.103271484375,1169400
2025-11-06,1036.2468656493704,1037.891125197865,1022.8537591502354,1025.6041259765625,1073000
2025-11-07,1027.4974721951867,1031.7824973196452,993.3372728257399,1013.4069213867188,1841900
2025-11-10,1033.1476826801509,1039.1466690621185,1017.5025242321104,1035.16064453125,992900
2025-11-11,1028.1651471098974,1033.3569051105562,1014.2240361112204,1018.8477783203125,1026000
2025-11-12,1026.5609384065356,1035.0710192779943,1021.6481089470578,1033.705810546875,961900
2025-11-13,1037.3529328565705,1038.2198883459141,1005.9829385512718,1016.2967529296875,1406300
2025-11-14,985.8435697067855,1014.5130724917759,977.5725804261757,1003.4617919921875,1307800
2025-11-17,1001.2096360360291,1021.418810077742,1000.7612569232782,1016.436279296875,1691500
2025-11-18,1007.547494864725,1014.1642497367432,990.5171773286714,1000.552001953125,1414000
2025-11-19,1002.2560461225027,1041.0798882017332,1001.488716896297,1035.69873046875,1587800
2025-11-20,1038.5885791136777,1047.2780834958087,973.5865027963351,977.6123657226562,2055100
2025-11-21,959.9842116122073,975.121143036565,942.804454667404,963.1929931640625,2481800
2025-11-24,974.2043384743301,991.6631457028512,974.1744749171926,984.3687133789062,1628100
2025-11-25,990.3577579414194,1003.3621514791113,970.3379219418731,999.7149047851562,1193000
2025-11-26,1037.0341289451346,1051.3140186964108,1033.6759079881322,1037.3330078125,1572400
2025-11-28,1036.7650127666318,1056.575559702881,1031.8222595926163,1056.2965087890625,939700
2025-12-01,1052.3404229489468,1087.4872144617277,1050.7858149597544,1084.188720703125,2103100
2025-12-02,1085.803061074047,1109.320582092557,1084.8763784669172,1104.9061279296875,1426000
2025-12-03,1106.3609757541626,1137.7309698225404,1101.7571222172783,1136.933837890625,2059500
2025-12-04,1118.6081130309876,1125.5936310942916,1098.3192617744064,1106.2015380859375,1511800
2025-12-05,1118.010149915382,1125.4340717534508,1094.422806575865,1095.6285400390625,1054400
2025-12-08,1114.9109985846499,1130.2174406631016,1110.137816666853,1115.7779541015625,1118800
2025-12-09,1104.029213560164,1111.8417878973798,1101.7471754976311,1107.5567626953125,904700
2025-12-10,1105.524037791268,1120.0331052702206,1095.040772770634,1115.4093017578125,1093600
2025-12-11,1110.8552910563415,1123.8098717100597,1091.6426222461553,1118.9169921875,1403600
2025-12-12,1105.5140570960477,1110.66603807828,1073.4264836198781,1077.07373046875,1623000
2025-12-15,1085.5439707422804,1093.8747477168713,1075.8180608024916,1084.019287109375,1283400
2025-12-16,1077.7513617659674,1084.258576338321,1062.21574278265,1072.29052734375,956300
2025-12-17,1057.0638801520079,1061.3986577067783,1006.4812167174624,1011.8822631835938,2140900
2025-12-18,1044.3086284479293,1048.1353000418562,1031.533471811595,1032.689453125,1645400
2025-12-19,1038.9175104784988,1058.9672093574131,1038.9175104784988,1052.3304443359375,2319600
2025-12-22,1062.2756148094766,1063.4315960678514,1046.3315155252817,1053.287109375,703700
2025-12-23,1054.2437283796976,1061.029994103644,1052.0015893923924,1058.130126953125,543600
2025-12-24,1056.1170832295627,1063.0727982639987,1053.7453937518271,1061.7972412109375,229800
2025-12-26,1062.5246632668668,1072.3302495456803,1059.3656950365882,1069.001953125,363800
2025-12-29,1060.860552135792,1069.8989317078583,1057.3628055581064,1062.275634765625,424300
2025-12-30,1080.7906436988237,1082.2655750462116,1066.680203580531,1068.3941650390625,807300
2025-12-31,1076.4558343702645,1076.7648096702223,1065.185412907116,1066.1220703125,561300
2026-01-02,1129.7988543252966,1168.672570068307,1129.5198034008843,1159.7139892578125,2697900
2026-01-05,1206.9881239029075,1233.5350617663887,1206.9881239029075,1223.8988037109375,3290600
2026-01-06,1218.5476553982805,1242.0253998099452,1218.1491502341771,1237.8499755859375,1895800
2026-01-07,1223.1614007296037,1231.4424250597378,1217.7304909781028,1224.1778564453125,1351200
2026-01-08,1213.007132001847,1220.2617262441995,1171.8912769580213,1190.147216796875,1682300
2026-01-09,1228.542642761132,1277.5209467569025,1216.7240938415912,1269.4293212890625,2394500
2026-01-12,1251.6715583915086,1279.0754771932125,1250.8643300304996,1276.7535400390625,1488600
2026-01-13,1277.8398405215012,1286.9678718285218,1263.6895004340738,1265.722412109375,1374200
2026-01-14,1262.692955042844,1268.8214926169512,1245.2540962146347,1259.3048095703125,1536500
2026-01-15,1348.910667414011,1353.2554198495534,1325.353246244408,1326.9476318359375,2858400
2026-01-16,1350.9733711448657,1370.564716947318,1333.5644371585122,1353.8233642578125,2469100
2026-01-20,1314.5112203913432,1346.5389434455751,1306.7285704212084,1321.4368896484375,2970800
2026-01-21,1327.3461890598667,1366.2099288296376,1318.048830491334,1355.3380126953125,2387200
2026-01-22,1388.7808396403186,1393.912870713139,1368.4820139475407,1390.1260986328125,1844200
2026-01-23,1371.5113603986247,1388.491864981784,1358.507027467922,1384.18701171875,1556300
2026-01-26,1381.028016899876,1414.988903773872,1380.3205364370285,1408.4119873046875,2001300
2026-01-27,1412.677103958813,1468.4415525684983,1412.0493001804884,1449.5079345703125,3473900
2026-01-28,1487.783717255887,1488.2620207562265,1403.1305664620502,1417.9486083984375,5036800
2026-01-29,1454.2214281667987,1462.3629279143697,1394.2018769789643,1450.0760498046875,2818900
2026-01-30,1435.0088248591312,1461.3066380319676,1411.0627517172425,1418.0283203125,2358800
2026-02-02,1392.3582333686245,1448.0829006711476,1390.5246961259643,1436.35400390625,1766600
2026-02-03,1431.0227740170574,1440.7586588611439,1367.1168278116565,1391.0030517578125,2205100
2026-02-04,1390.883442442061,1401.1872820378842,1311.4619504428626,1334.4512939453125,2479400
2026-02-05,1324.4762211458667,1364.0773649758921,1314.9197614302143,1345.4427490234375,1790200
2026-02-06,1367.5750968674263,1411.0227393016842,1363.73857264028,1408.0731201171875,1971000
2026-02-09,1410.893271821639,1432.0690280864646,1403.6785768304467,1424.49560546875,1125100
2026-02-10,1436.1331836323307,1436.7518274930378,1407.7252621798193,1410.5390625,1200600
2026-02-11,1437.26072207045,1448.3265176914426,1406.268357806805,1432.5010986328125,1139300
2026-02-12,1432.1020100097699,1436.1132682257537,1389.1657612653646,1403.8038330078125,1518100
2026-02-13,1411.7663428902738,1433.5288669673369,1397.9465530047908,1403.5443115234375,1248900
2026-02-17,1389.5348893509054,1425.386634780744,1379.736345287416,1416.6856689453125,1097200
2026-02-18,1433.3392092163335,1473.2819937558563,1424.2690548195014,1465.5189208984375,1334400
2026-02-19,1435.9037011602354,1456.608477254225,1424.4685950062456,1455.7503662109375,1135200
2026-02-20,1446.2611221889601,1483.7691629928868,1445.1634221278275,1466.3870849609375,1102500
2026-02-23,1468.1931751187046,1489.7560624920507,1458.813637629454,1482.7513427734375,1284200
2026-02-24,1496.7507768836833,1504.0647575482915,1470.7176732570902,1494.53564453125,1538900
2026-02-25,1519.0820774956774,1543.8479307323335,1513.1749358042075,1523.18310546875,1306900
2026-02-26,1509.522801298568,1511.0295200439057,1423.4807564455737,1460.6097412109375,2177900
2026-02-27,1427.2226569048432,1458.5342716347366,1421.3954188121709,1447.398681640625,1358300
2026-03-02,1414.6600800573506,1439.5456660255334,1408.1342947046899,1420.4375,1492400
2026-03-03,1354.6212144325052,1370.5065618603583,1326.1335100552103,1357.973876953125,2012500
2026-03-04,1388.0981585343718,1402.4867752533096,1369.7182594660856,1396.3201904296875,1486700
2026-03-05,1378.1098852515224,1404.3126621085316,1336.530659925031,1365.377685546875,1804500
2026-03-06,1291.0400482919986,1335.0838608285183,1283.8657771920082,1289.982421875,1900100
2026-03-09,1281.9899555554916,1356.0381826054622,1273.3288192353316,1354.461669921875,1808900
2026-03-10,1371.5941520214087,1404.4724130966604,1366.9244199342036,1380.385009765625,1650900
2026-03-11,1380.9436724800764,1401.7183642869154,1369.0097778256663,1383.6578369140625,1164700
2026-03-12,1369.5486792433019,1369.5486792433019,1330.6635191977668,1348.63427734375,1780200
2026-03-13,1364.5595565814929,1383.7676022063956,1339.574090983475,1342.757080078125,1179000
2026-03-16,1376.513464303597,1387.130289878146,1365.2180671416106,1372.5621337890625,1310400
2026-03-17,1382.0314183949383,1388.0283297180936,1366.3257324902731,1386.1324462890625,1135600
2026-03-18,1370.3768384811872,1378.2796212862559,1351.0690347120487,1352.216552734375,1391400
2026-03-19,1312.3734436316327,1369.4687042332964,1307.5140625986141,1363.4119873046875,1619100
2026-03-20,1354.3019612791145,1367.0141856406576,1288.2861180337834,1314.379150390625,2645100
2026-03-23,1356.7665496717045,1397.3379683179937,1345.1718794733513,1366.635009765625,1983200
2026-03-24,1346.1796933897608,1410.1998957827925,1345.7407108014672,1396.3701171875,1801000
2026-03-25,1391.0515661623317,1402.7659692515529,1363.7112597197413,1390.85205078125,1610000
2026-03-26,1353.8529545917866,1356.457251602465,1323.9581681822713,1326.6024169921875,1721100
2026-03-27,1315.5566470141703,1330.873168627696,1295.6900050685902,1299.63134765625,1759700
2026-03-30,1315.8958607922098,1320.0368405443826,1245.3898247712086,1251.22705078125,2144500
2026-03-31,1281.530843297226,1319.5279283938517,1273.2290297844718,1317.9512939453125,1731500
2026-04-01,1342.7072872047179,1382.699891823817,1341.6296848380339,1356.7965087890625,1745000
2026-04-02,1302.6946672088832,1353.2441680832828,1295.350722648515,1314.359130859375,1883400
2026-04-06,1312.2437523545482,1317.1231093990611,1277.5694886790807,1301.16796875,1299200
2026-04-07,1287.6275437419702,1306.1471523591167,1269.4372938742695,1303.6026611328125,1368900
2026-04-08,1417.9030631783103,1426.1750348747119,1381.2131804714238,1417.9530029296875,2427300
2026-04-09,1409.0423618108182,1450.382121132025,1409.0423618108182,1445.4827880859375,1579700
2026-04-10,1479.119303681841,1499.2254126111575,1470.5081072550386,1475.0582275390625,1519600
2026-04-13,1461.966749599987,1497.5290876079605,1457.8457459734186,1496.9302978515625,1709400
2026-04-14,1523.0633008186835,1528.6410835033466,1493.7173647833106,1514.990966796875,1769200
2026-04-15,1470.318496025898,1482.9309619805308,1412.1654870471698,1478.54052734375,4251700
2026-04-16,1449.8332635230797,1450.7513022813846,1403.4346078081292,1407.755126953125,2626700
2026-04-17,1460.5698607897996,1469.2708270076114,1442.5391747128242,1456.6185302734375,1876500
2026-04-20,1458.3048076578168,1476.0760508722626,1448.8354999814808,1473.2821044921875,1091900
2026-04-21,1472.8729669050213,1476.944152884416,1443.0980344769132,1455.790283203125,1274600
2026-04-22,1473.7809754277337,1473.7809754277337,1375.2961343222796,1440.513671875,2621800
2026-04-23,1435.8138910695097,1446.8398573246232,1393.1870246439776,1414.7100830078125,1800500
2026-04-24,1456.3490387576403,1469.4404393413101,1438.5478326643472,1454.52294921875,1751800
2026-04-27,1457.8399658203125,1458.300048828125,1415.68994140625,1432.43994140625,1326200
2026-04-28,1389.72998046875,1398.6300048828125,1364.81005859375,1384.56005859375,1926900
2026-04-29,1386.7099609375,1399.699951171875,1374.9200439453125,1394.0799560546875,1256500
2026-04-30,1414.3399658203125,1446.6500244140625,1395.0,1438.989990234375,1414400
2026-05-01,1428.2900390625,1444.1500244140625,1414.0,1427.02001953125,707100
2026-05-04,1401.77001953125,1417.0699462890625,1366.7900390625,1386.2099609375,1755700
2026-05-05,1432.4200439453125,1454.800048828125,1414.3900146484375,1442.9200439453125,1621400
2026-05-06,1503.0899658203125,1545.52001953125,1496.0,1544.739990234375,2312400
2026-05-07,1548.739990234375,1550.0,1497.81005859375,1516.5999755859375,1726700
2026-05-08,1538.530029296875,1595.31005859375,1531.1600341796875,1592.02001953125,2288300
2026-05-11,1559.300048828125,1567.989990234375,1521.3599853515625,1565.81005859375,2191300
2026-05-12,1526.1400146484375,1535.1099853515625,1475.0,1520.93994140625,1846800
2026-05-13,1539.3900146484375,1602.5999755859375,1521.0799560546875,1581.5799560546875,1691200
2026-05-14,1573.739990234375,1603.489990234375,1563.280029296875,1584.510009765625,1412600
2026-05-15,1511.739990234375,1527.25,1486.6400146484375,1501.81005859375,1807400
2026-05-18,1521.25,1522.489990234375,1453.3399658203125,1472.3900146484375,1664400
2026-05-19,1449.9300537109375,1485.760009765625,1441.31005859375,1459.43994140625,1395400
2026-05-20,1502.3800048828125,1555.800048828125,1492.3199462890625,1550.1300048828125,1744500
2026-05-21,1548.6800537109375,1601.7900390625,1545.93994140625,1592.0,1358400
2026-05-22,1620.030029296875,1653.530029296875,1615.8499755859375,1632.9000244140625,1666700
2026-05-26,1641.8499755859375,1648.010009765625,1604.25,1632.030029296875,1651000
2026-05-27,1637.3499755859375,1639.1300048828125,1583.0,1597.8699951171875,1361600
2026-05-28,1617.0899658203125,1627.530029296875,1580.0,1605.77001953125,971600
2026-05-29,1633.469970703125,1654.199951171875,1604.8599853515625,1612.760009765625,1069400
2026-06-01,1594.469970703125,1646.530029296875,1585.6099853515625,1628.5699462890625,1058900
2026-06-02,1659.68994140625,1708.3199462890625,1647.5899658203125,1705.3699951171875,1484000
2026-06-03,1709.31005859375,1743.27001953125,1690.0,1726.3599853515625,1826900
2026-06-04,1679.800048828125,1779.2900390625,1672.4300537109375,1757.469970703125,2248200
2026-06-05,1685.3599853515625,1705.47998046875,1638.3800048828125,1641.739990234375,2744600
2026-06-08,1732.7900390625,1769.489990234375,1719.02001953125,1749.0400390625,2062100
2026-06-09,1776.6199951171875,1831.1099853515625,1676.280029296875,1777.77001953125,3151400
2026-06-10,1746.4599609375,1812.0,1723.2099609375,1734.18994140625,2586400
2026-06-11,1780.0,1903.5,1775.0999755859375,1899.47998046875,2965600
2026-06-12,1847.6199951171875,1892.800048828125,1839.0,1863.550048828125,2529600
2026-06-15,1894.5400390625,1913.699951171875,1865.0,1892.6600341796875,2339100
2026-06-16,1872.010009765625,1881.1600341796875,1802.6099853515625,1803.8900146484375,1797600
2026-06-17,1897.199951171875,1938.489990234375,1865.3199462890625,1867.8299560546875,2322900
2026-06-18,1924.1800537109375,1942.8699951171875,1909.530029296875,1929.6800537109375,2406100
2026-06-22,1953.8310546875,1958.0,1886.5,1929.25,1779604
