date,raw_event_abs,raw_event_signed,event_abs_signal,event_signed_signal,fx_rv_1d,fx_rv_1d_z,usd_drawdown_1d,usd_drawdown_1d_z,em_left_tail_1d,em_left_tail_1d_z,commodity_rv_1d,commodity_rv_1d_z,fx_rv_5d,fx_rv_5d_z,usd_drawdown_5d,usd_drawdown_5d_z,em_left_tail_5d,em_left_tail_5d_z,commodity_rv_5d,commodity_rv_5d_z,fx_rv_22d,fx_rv_22d_z,usd_drawdown_22d,usd_drawdown_22d_z,em_left_tail_22d,em_left_tail_22d_z,commodity_rv_22d,commodity_rv_22d_z,post_event_window
2024-01-02,0.0,0.0,0.0,0.0,,,,,,,,,,,,,,,,,,,,,,,,,False
2024-01-03,0.0,0.0,0.0,0.0,0.06804307509376338,,-0.0032943347523417543,,0.0038378062651939215,,0.16783717771851922,,0.056817201195712555,,-0.004759709951425939,,0.009281484303197158,,0.11861514341415222,,0.0754773794928445,,-0.022563418440734395,,0.016047016817692498,,0.1141220422231239,,False
2024-01-04,0.0,0.0,0.0,0.0,0.05948583313746911,,-0.0,,0.0016823129485321238,,0.05099325776162221,,0.05604003798908269,,0.0003561847712061361,,0.006244330817885187,,0.09686499168375502,,0.07575204065912998,,-0.024637779300402673,,0.014969425081333147,,0.1096032247489637,,False
2024-01-05,0.0,0.0,0.0,0.0,0.025833404882106618,,-0.0,,-0.0022110060428075506,,0.04090703855103278,,0.05113947296373443,,-0.0003737688712452947,,0.0014660182646083117,,0.09971467287969454,,0.074889804059753,,-0.021789760202741815,,0.0032184380729927877,,0.10997868851923545,,False
2024-01-08,0.0,0.0,0.0,0.0,0.03768452901413408,,0.0018241430987390173,,-0.001486831447103265,,0.1768121743052344,,0.052844308208132705,,-0.0014679006694309216,,0.0006948069621405635,,0.1146477679814861,,0.07467979873331412,,-0.020718748648078655,,0.004953878107497038,,0.10987819841598959,,False
2024-01-09,0.0,0.0,0.0,0.0,0.054546386036552756,,-0.003289518297823202,,0.007459202579381929,,0.060762638776761635,,0.10100757610692672,,-0.012035156123611057,,0.018900725615181378,,0.10476810544230356,,0.07538811036754012,,-0.023615051597068892,,0.009450683499065013,,0.10365818281728961,,False
2024-01-10,0.0,0.0,0.0,0.0,0.06225361430016659,,0.0018215599702903207,,0.0008006527798819496,,0.07235189536688783,,0.10009423563023823,,-0.00946787213777689,,0.01754386494958756,,0.11203166767755175,,0.07443274570392984,,-0.019611550129111865,,-3.995802040575747e-05,,0.10288147168124945,,False
2024-01-11,0.0,0.0,0.0,0.0,0.03272176197889513,,-0.0007299536424514308,,-0.0030959996047447516,,0.07386453442342628,,0.09614730517385763,,-0.012372038905010818,,0.012136564859562531,,0.11727385541292334,,0.0729874836485698,,-0.02250488688465213,,-0.004532363145638059,,0.10168590752852828,,False
2024-01-12,0.0,0.0,0.0,0.0,0.044136452423354455,,-0.0010941317981856269,,-0.002982217345275299,,0.10662711860797311,,0.09656119180278577,,-0.010200220103482316,,0.009574591829614398,,0.11060570729476499,,0.07712165033078067,,-0.029626460088201134,,0.009946806817650585,,0.10633757428922472,,False
2024-01-16,0.0,0.0,0.0,0.0,0.19548300694895027,,-0.008743112355441118,,0.01671908720593755,,0.14367189890870632,,0.09530201367537587,,-0.0094670378780366,,0.017250800009597705,,0.10331504672593175,,0.07773426023758866,,-0.026761798421686134,,0.004577593451424984,,0.10579912009374084,,False
2024-01-17,0.0,0.0,0.0,0.0,0.04087586665365443,,-0.000722234311989034,,0.006102341913788112,,0.09832477270917982,,0.04175738165854232,,-0.003250181638855265,,-0.0008576292996142672,,0.08773590845494292,,0.0670255731852174,,-0.014116523861786634,,-0.015334398657800917,,0.1026881917391515,,False
2024-01-18,0.0,0.0,0.0,0.0,0.027174995601743298,,-0.0010826067969436082,,-0.004606647310143079,,0.11622592651344814,,0.045218845340146724,,0.0003518530113305607,,-0.013492916688955098,,0.09237420262837032,,0.06633044173291676,,-0.013750501341641463,,-0.022273065736285763,,0.0995941590463578,,False
2024-01-19,0.0,0.0,0.0,0.0,0.03791617350040192,,0.0014418651590770715,,-0.005657972634692883,,0.038166456520751964,,0.04500632771597189,,-0.0014536577317912913,,-0.008749764740162386,,0.08703094336214505,,0.06628792295999744,,-0.011243848301210502,,-0.019001332891348716,,0.09832739552165987,,False
2024-01-22,0.0,0.0,0.0,0.0,0.025485346849965687,,-0.00036094957273991035,,0.004693990834708006,,0.06254601161976428,,0.04253640358362768,,-0.002895522890868363,,-0.003971585695657401,,0.0877678272828858,,0.06573234648676184,,-0.011616229171902526,,-0.014463326660678589,,0.09841832875550768,,False
2024-01-23,0.0,0.0,0.0,0.0,0.03857233500923813,,-0.002526256116259784,,-0.001389342103274423,,0.07418334815830616,,0.04313919817653036,,-0.0025345733181284524,,-0.008082839631729696,,0.09966394067120249,,0.06552309261529324,,-0.011255279599162615,,-0.0220987544939959,,0.09771915874804811,,False
2024-01-24,0.0,0.0,0.0,0.0,0.06677552490130449,,0.002879800338196792,,-0.0065329454755527205,,0.13354243018011472,,0.041743128181567835,,0.0007116514347480507,,-0.0058604720681463655,,0.09935177300859159,,0.0651559833386123,,-0.009442825404414656,,-0.0190098293170522,,0.10296754005903824,,False
2024-01-25,0.0,0.0,0.0,0.0,0.025369268128716954,,-0.00288811754006546,,0.00013650463864963344,,0.09191079381481702,,0.03630487730100108,,-0.004689706157205209,,0.0039480579344511515,,0.09148687742045626,,0.06393074140317816,,-0.010539467333388175,,-0.012051045724001548,,0.10122821520445158,,False
2024-01-26,0.0,0.0,0.0,0.0,0.023953566925467226,,-0.0,,-0.0008797935901878976,,0.04077491384724495,,0.05928851699237779,,0.003228915448093672,,-0.004561630514437328,,0.11552457026413929,,0.06369504670711733,,-0.008365843099652381,,-0.014275632850507076,,0.10080014894897874,,False
2024-01-29,0.0,0.0,0.0,0.0,0.030191259750734417,,-0.0,,0.0005827368986357125,,0.12272530266938073,,0.09329250985341976,,-0.0057995718227966675,,0.0034578732054011407,,0.1357217243874434,,0.06374913272609947,,-0.00907989986871105,,-0.007340201410815337,,0.10081332164588275,,False
2024-01-30,0.0,0.0,0.0,0.0,0.028983241458761303,,0.0007199686366167191,,0.0008330254603089079,,0.06406245223576768,,0.09874647540474082,,-0.0111682674348067,,0.005635350835599998,,0.12913724567357895,,0.0641826339204032,,-0.011220468089734648,,-0.009169571795539604,,0.09829662040709691,,False
2024-01-31,0.0,0.0,0.0,0.0,0.042870587365983044,,-0.002521557253756468,,0.0032755845270447947,,0.09029396735974651,,0.10104075230462217,,-0.00904021697376256,,-0.005266348684517142,,0.12935081445506794,,0.06426066740546568,,-0.010160452311305912,,-0.01508542202463433,,0.10841223169330363,,False
2024-02-01,0.0,0.0,0.0,0.0,0.10957200391235888,,0.005030504065233421,,-0.008373183810238846,,0.17852502191655206,,0.09882806607913687,,-0.005447648165342933,,-0.00901749921986524,,0.1207792971281241,,0.06361258085554133,,-0.007638895057549444,,-0.017512942559687755,,0.11228001146362715,,False
2024-02-02,0.0,0.0,0.0,0.0,0.15816507282746753,,-0.00902848727089034,,0.007139710129650571,,0.1649842313914915,,0.08929507878343369,,-0.011550312080827574,,0.0023656585348383148,,0.09449765413431743,,0.059341378441163356,,-0.011599459965141778,,-0.005656829415267168,,0.10808972712082698,,False
2024-02-05,0.0,0.0,0.0,0.0,0.06679774292175036,,-0.005368695612010033,,0.0027602145288345703,,0.07651864840423812,,0.051667503346559535,,-0.0018078416398034092,,-0.006805490534901093,,0.0637368102183316,,0.04954092894124949,,0.000999163953192439,,-0.01827366029627827,,0.1057545623726331,,False
2024-02-06,0.0,0.0,0.0,0.0,0.055850474463605373,,0.002848019097660859,,-0.010068674059808233,,0.07046511295694799,,0.038855270298592856,,0.0024890771869566786,,-0.013257457409086017,,0.05503508922791137,,0.04982186436255029,,0.011383944259633183,,-0.025241563070762568,,0.10551246499791356,,False
2024-02-07,0.0,0.0,0.0,0.0,0.01681905598631924,,0.0010710115546631593,,-0.0004755660083033038,,0.038216142632195055,,0.06383390453405226,,-0.008210468756704614,,0.008194387009266113,,0.08580169477201671,,0.050639913740226875,,0.00817581120828792,,-0.01780242239163595,,0.106496459647861,,False
2024-02-08,0.0,0.0,0.0,0.0,0.04879730322332166,,-0.0010721598502512197,,0.003009973944464709,,0.05029597020142239,,0.06991172113366775,,-0.0075109504430384,,0.000318522306068509,,0.09687497628171861,,0.05055938083895025,,0.006024995115239906,,-0.017981250506098705,,0.10813181803375149,,False
2024-02-09,0.0,0.0,0.0,0.0,0.013456600618500417,,0.0007139831701338251,,-0.0020314389400888366,,0.05221756133558916,,0.0711713830166987,,-0.0025366283883287988,,-0.005884356541684548,,0.0984742094320522,,0.04955298646083751,,0.006377962915713797,,-0.023988529441029954,,0.11030717009776239,,False
2024-02-12,0.0,0.0,0.0,0.0,0.01733750066562503,,-0.001071776785249945,,-0.003691752345350352,,0.024297488213237455,,0.07197119737050618,,-0.0036068233503064873,,-0.004689242766292457,,0.09797140649379421,,0.050398633026438815,,0.006741918447075723,,-0.023290340386638058,,0.11628479742740427,,False
2024-02-13,0.0,0.0,0.0,0.0,0.12361738948043825,,-0.007851526846000434,,0.011383170358543896,,0.15577810207266682,,0.07274043502701258,,-0.0011110003215691888,,-0.0023324048861481286,,0.10548751835079079,,0.05224177283337539,,0.0024180373865311244,,-0.015098451009079212,,0.11677652391510383,,False
2024-02-14,0.0,0.0,0.0,0.0,0.05414977955051419,,0.0017705298683293735,,-0.008351430711500907,,0.08001691684866519,,0.04707453380446287,,0.007810010812816293,,-0.014835541648714777,,0.07775561897975758,,0.04567866929031551,,0.009196179785653125,,-0.02453222716040837,,0.111943952958911,,False
2024-02-15,0.0,0.0,0.0,0.0,0.06683139117070495,,0.0039021622044583815,,-0.003192904903288348,,0.07146575051408799,,0.03741761313804204,,0.006039480944486919,,-0.009425547935823175,,0.06318002549511618,,0.04713756798317027,,0.0052812565389865895,,-0.011900313259753381,,0.11186872760111705,,False
2024-02-16,0.0,0.0,0.0,0.0,0.025229212572538875,,-0.0003562117918438634,,-0.0008363251646967459,,0.04712671958721937,,0.02599055061655397,,0.0014235168185167124,,-0.004533059958865548,,0.09048619119606693,,0.04828490548972933,,-0.0011173568464557526,,-0.006480368096699272,,0.11064892728795735,,False
2024-02-20,0.0,0.0,0.0,0.0,0.028505198863600624,,0.0014240462434873535,,-0.0013349144652060236,,0.09136886112503242,,0.025656766208233907,,0.003562887019583849,,-0.0032708966766708714,,0.09682251941531153,,0.05030291193657423,,0.003863565557207238,,-0.012257814933448092,,0.11381584939635805,,False
2024-02-21,0.0,0.0,0.0,0.0,0.015130813493513192,,0.0010694842883850475,,-0.0011199664040227504,,0.033027145597688906,,0.024245251670486644,,0.001424347469766829,,-0.004024064699320743,,0.09108365003508573,,0.05131694661231673,,-0.0043509983194858215,,-0.010226557015174387,,0.11220895423316063,,False
2024-02-22,0.0,0.0,0.0,0.0,0.01579621872159462,,-0.0,,-0.002941436998609307,,0.025034323743684073,,0.026039422508994856,,-0.00035919358767688703,,0.003151539554205848,,0.09197487462774843,,0.05334963571402913,,-0.010745344325245099,,-0.003498251749568749,,0.11460049375891024,,False
2024-02-23,0.0,0.0,0.0,0.0,0.01892615801269432,,-0.0007138019215118252,,0.001699583073669279,,0.1599948615195366,,0.03356670691922716,,-0.0024997618087004847,,0.004846343066726599,,0.09783575057899191,,0.05410499518640673,,-0.008273575562721458,,-0.002915264001126812,,0.11648498160874737,,False
2024-02-26,0.0,0.0,0.0,0.0,0.026862507549434818,,0.0017831584092232733,,0.0004258381174979305,,0.0906942650698068,,0.03454080881320929,,-5.9754721432048186e-06,,-0.0019360647757284957,,0.11909960064911049,,0.05384569180133993,,-0.008267764074362915,,-0.003557249789452711,,0.11197372232254246,,False
2024-02-27,0.0,0.0,0.0,0.0,0.022460567575894853,,-0.0007144933063296666,,-0.002088082487855895,,0.06993521871539715,,0.0339383475729034,,-0.001789133881366478,,-0.0015138389012350575,,0.12833017823062937,,0.053637062933372656,,-0.01075833909888535,,-0.005389577155677597,,0.11067337147245065,,False
2024-02-28,0.0,0.0,0.0,0.0,0.026009368388957683,,-0.0007140567690586686,,0.0060556378495038405,,0.046662773395253015,,0.034484340608137654,,-4.701417395724938e-06,,0.00405717292080258,,0.13053531481573807,,0.053824430537707524,,-0.01287173052719559,,-0.003469272451749252,,0.11671907636883454,,False
2024-02-29,0.0,0.0,0.0,0.0,0.04360256094086139,,-0.0021405682210235977,,-0.0012466334860885553,,0.051693179352069976,,0.039334308565655,,0.004279491999106821,,-0.0074755856800617915,,0.14244981939317944,,0.0550349255174058,,-0.016035005078165576,,-0.007257589898297648,,0.11906164046060445,,False
2024-03-01,0.0,0.0,0.0,0.0,0.03036466371040524,,0.0017799844150454547,,-0.005082824768785817,,0.1898039333783501,,0.048919130328059154,,0.01143614491456113,,-0.010436640439622964,,0.14357764986939567,,0.05502281907632222,,-0.012489963621104772,,-0.009568548580005923,,0.12520782220733312,,False
2024-03-04,0.0,0.0,0.0,0.0,0.02463840291848169,,-0.0,,0.0008480639919913694,,0.15352586601884413,,0.05700877753050647,,0.009296046545831271,,-0.007983349051518762,,0.1207887201227287,,0.05633880605039568,,-0.00969882713731629,,-0.006898417837702472,,0.12248555182803036,,False
2024-03-05,0.0,0.0,0.0,0.0,0.023002718219208816,,0.0010699391576410866,,0.0034829293341817427,,0.10864654391789665,,0.05612946096919008,,0.008216242007446417,,-0.00948580716627619,,0.10376275910668349,,0.056844979141784685,,-0.00969882713731629,,-0.008528671891297022,,0.11722708261456533,,False
2024-03-06,0.0,0.0,0.0,0.0,0.05396333931276991,,0.003570136647443878,,-0.005477120751360531,,0.13014895121387793,,0.0572689795713182,,0.006427110800028002,,-0.01596604149092447,,0.10646652250203947,,0.056651591618607645,,-0.01182857407172122,,-0.013284668203998613,,0.12215495753071032,,False
2024-03-07,0.0,0.0,0.0,0.0,0.07771110403063715,,0.005016084694430711,,-0.004207688245649728,,0.06658575394919344,,0.0552038651072841,,0.003934912854079875,,-0.011822170625260883,,0.11952797086624767,,0.05562096804016017,,-0.013987153935338115,,-0.010141511380018918,,0.1197878419253948,,False
2024-03-08,0.0,0.0,0.0,0.0,0.06599957389241293,,-0.00036011395368440446,,-0.0026295333806816146,,0.0920725664419665,,0.05254452427125003,,-0.00647682968614538,,-0.0031143453474026623,,0.11815205775456325,,0.05315050235290768,,-0.018649941662470026,,-0.009792872154347912,,0.1203418461590437,,False
2024-03-11,0.0,0.0,0.0,0.0,0.013121862018126486,,-0.0010798045383848542,,-0.0006543941227660591,,0.08258911080091702,,0.044875388944069526,,-0.007190100179339409,,0.0014645822404936908,,0.11123791146477767,,0.0605284396693088,,-0.028894304375584823,,0.004139480327122228,,0.12115158243108243,,False
2024-03-12,0.0,0.0,0.0,0.0,0.029366035153380075,,-0.0007191920497773285,,-0.002997304990466539,,0.10813806942033603,,0.05751641391290032,,-0.008254689019291717,,0.006399459552413832,,0.11233088528247928,,0.06062272699128602,,-0.028514070656054824,,0.002173037033471195,,0.12692127557562446,,False
2024-03-13,0.0,0.0,0.0,0.0,0.03811324767643043,,0.0010779387014957509,,-0.001333249885696941,,0.16595855171314253,,0.0672153175239911,,-0.010031948150498349,,0.01162380480264613,,0.0934163703804948,,0.06474411653958898,,-0.035834030643590586,,0.018493006493160248,,0.12783860294149918,,False
2024-03-14,0.0,0.0,0.0,0.0,0.06652809443631243,,-0.005395657845794544,,0.0045001370322084915,,0.05771286504045322,,0.07149663527856429,,-0.006485176240174972,,0.0063432826868975055,,0.08467374376142174,,0.06625437784512188,,-0.038645592776029636,,0.025551103412127886,,0.1279090607303112,,False
2024-03-15,0.0,0.0,0.0,0.0,0.026300198191055817,,-0.0010733844468784337,,0.0019493942072147386,,0.053352286298145174,,0.06970322690985041,,-0.007880036027586135,,0.0025394891077566975,,0.08108482739130443,,0.06731452940193652,,-0.03463454764719365,,0.030438389227726938,,0.12742078148052588,,False
2024-03-18,0.0,0.0,0.0,0.0,0.0660059148680089,,-0.0021443933783371616,,0.004280483189154083,,0.08595158700305539,,0.07500595387915,,-0.01213151329808193,,0.006198433762124847,,0.09400498749312788,,0.06838318003650075,,-0.030450234732430248,,0.02529554389536863,,0.13476299545888915,,False
2024-03-19,0.0,0.0,0.0,0.0,0.05760231855852027,,-0.0024964511809839607,,0.0022270402597657593,,0.01258171384743913,,0.06675755858694651,,-0.0075153511572211285,,-0.0004404986771966062,,0.09261875793439427,,0.06638544638073417,,-0.03038628954432121,,0.020331054390675365,,0.13260964148994708,,False
2024-03-20,0.0,0.0,0.0,0.0,0.06268458298458253,,0.004624710611819127,,-0.006613772001445565,,0.11528894728423701,,0.05133540887368057,,-0.0057268904093904505,,-0.0016099416516189846,,0.1024293774911283,,0.06255015051880454,,-0.02788983836333725,,0.01774283896202637,,0.13336941823153048,,False
2024-03-21,0.0,0.0,0.0,0.0,0.04772887839897953,,-0.006790517633205706,,0.0006963434530676826,,0.018641836375432954,,0.044183470838124995,,-0.011059017636508739,,0.003597341101099624,,0.08982216309005604,,0.06123373685857511,,-0.03286058234915146,,0.020286086240972764,,0.14104365908757593,,False
2024-03-22,0.0,0.0,0.0,0.0,0.06375359570229873,,-0.00532486171737423,,0.005608338861582888,,0.11919421092036957,,0.039170731796537454,,-0.00709638473794294,,0.0027332198641043903,,0.12566575872621988,,0.061585676807295396,,-0.021919243215531847,,0.013553400223309277,,0.14157674350065586,,False
2024-03-25,0.0,0.0,0.0,0.0,0.0381351710869742,,0.0024717687625236406,,-0.0023584492501673715,,0.0917606979908573,,0.03729097911309987,,-0.005648854340597365,,-0.0006077985945230529,,0.12697738817293655,,0.06096798164243584,,-0.01763637635405979,,0.0094085050511498,,0.1392827888164484,,False
2024-03-26,0.0,0.0,0.0,0.0,0.016885731685463954,,-0.0007079904331532827,,0.0010575972853433813,,0.08805771525477753,,0.03815989072418457,,-0.006716149867083798,,-0.001806941512152512,,0.1458499510174307,,0.060755041878524596,,-0.01802625312060513,,0.010321085975007435,,0.13857329313250227,,False
2024-03-27,0.0,0.0,0.0,0.0,0.017879779540113293,,-0.0007074166152991612,,-0.0014064892487269571,,0.06445782194804303,,0.04526420005753645,,-0.0014370385350965797,,-0.005277232823978259,,0.15858317890854023,,0.06635083783378953,,-0.021838379465019986,,0.0043360060493475485,,0.1367880921927649,,False
2024-03-28,0.0,0.0,0.0,0.0,0.02733001098679575,,-0.002827884734639907,,-0.00016777778392755108,,0.19679798365658718,,0.04862412550577342,,-0.0007296219197974185,,-0.004652933636854484,,0.15768644223311992,,0.07019750828268324,,-0.018015726950717736,,-0.0006820355278679387,,0.13600336730879506,,False
2024-04-01,0.0,0.0,0.0,0.0,0.058255648569555535,,-0.003877331320028654,,0.0022673204029554452,,0.11903506651045037,,0.04856756138323376,,0.001038455038078645,,-0.005758222831446781,,0.155252417216522,,0.07494030441705639,,-0.02143785563734002,,0.009352644901390022,,0.14026802929638363,,False
2024-04-02,0.0,0.0,0.0,0.0,0.04217886489645743,,0.001404473236037207,,-0.0035575921677968303,,0.18947117475538594,,0.04249207961005831,,0.006327343141934283,,-0.010359507161783058,,0.14838614584365428,,0.07452742524226519,,-0.01652536098849866,,0.004225871947683464,,0.14520664259750268,,False
2024-04-03,0.0,0.0,0.0,0.0,0.05439843774874026,,0.004571120898833936,,-0.002412694026482365,,0.16505282564406154,,0.03912389428788235,,0.0052761668731958755,,-0.010660964013964954,,0.12816425281771557,,0.08664973568412147,,-0.01033046163438811,,-0.005877342879328836,,0.13996145579628017,,False
2024-04-04,0.0,0.0,0.0,0.0,0.0351634112173891,,-0.0,,-0.0007821900616031829,,0.06572320419316945,,0.07437327536371581,,-0.009899430692437261,,0.0030545491133059377,,0.11146992460370037,,0.08681041292901827,,-0.012117006816685483,,-0.010374356677315712,,0.13461685186316424,,False
2024-04-05,0.0,0.0,0.0,0.0,0.01724092256421176,-0.8926472589569355,-0.0010598077767638436,-0.1581082795693043,-0.0012730669785198472,-0.24732590628300125,0.17614720850950027,1.713990055106167,0.07229220036106745,,-0.010599001511292117,,0.0012159017584920293,,0.134864411309128,,0.08676890249792421,,-0.013164237465818185,,-0.010229974331998975,,0.13935458231494463,,False
2024-04-08,0.0,0.0,0.0,0.0,0.026087048643422223,-0.6209803225918807,0.0014115567838269838,0.6415301945297108,-0.0023339639273808332,-0.4777234403234889,0.052778997106327406,-0.8347977410523834,0.08734331445859111,,-0.017578345771841364,,0.015811633206234393,,0.12227992801561208,,0.08688552627511498,,-0.014893787862813146,,-0.007349769003467176,,0.13411164560936625,,False
2024-04-09,0.0,0.0,0.0,0.0,0.021783736973150638,-0.7410694370114485,0.00035329696729879956,0.30215655466695834,-0.0038590490199787255,-0.8115128548215226,0.08709556843287292,-0.14518162231024348,0.09395769626189106,,-0.020723525986611646,,0.023870444166885923,,0.14145905663548328,,0.08722910992867293,,-0.017696144295151983,,-0.004035633941413152,,0.13432851393374542,,False
2024-04-10,0.0,0.0,0.0,0.0,0.1530840990330384,3.337007838460178,-0.0106044766667992,-3.313857764963487,0.011302819100788527,2.5320924911459035,0.11545865088775273,0.4500574285215671,0.10065907181711278,,-0.022461435670869,,0.037116916034672195,,0.13284877470450934,,0.08743109706518835,,-0.014577307024059016,,-0.002537503170207433,,0.13760505141015117,,False
2024-04-11,0.0,0.0,0.0,0.0,0.019836990716436693,-0.7876551047244562,-0.0006995708188548555,-0.057760254826367735,-0.0026208374164170913,-0.5255954960230697,0.16762628724664244,1.5352175840390627,0.07941326422272386,1.0589000738111127,-0.008746030536184835,-1.0241010784676219,0.02262064580874009,2.9912458335414813,0.16632567836751777,2.581537748341402,0.08020726793391636,,-0.0053664656774753405,,-0.013724725822163662,,0.1365647111234382,,False
2024-04-12,0.0,0.0,0.0,0.0,0.10215175868022595,1.6079294071599428,-0.008039152037313091,-2.277781038445669,0.013322664469222515,2.8470824200491984,0.11513505810768881,0.44469289332615175,0.07985256505130477,1.069065952393576,-0.010126907907558103,-1.233270201133015,0.024557476909617997,3.2460261543944218,0.14254595557240296,1.539250335745395,0.08025525626189672,,-0.004318935042922134,,-0.014350038889830738,,0.1333577696385626,,False
2024-04-15,0.0,0.0,0.0,0.0,0.07128921294557407,0.7259870183964674,-0.0017336234309432985,-0.3301383450977036,0.005724847033270697,1.2465732340819722,0.15861784529685938,1.3150165892807486,0.06269152623791896,0.26445565879084987,-0.0020877558702450116,0.13607296733837024,0.010873637271512249,1.5175610399359778,0.13177392130314441,1.0373082887031786,0.07568554076349444,,0.005808559088705922,,-0.03176715812402268,,0.13198555038215443,,False
2024-04-16,0.0,0.0,0.0,0.0,0.07304570815508372,0.7453065149125003,-0.0013846127169585554,-0.18314686068772773,0.009387422847807544,1.8928908136133775,0.023067848197436118,-1.4951979216957865,0.052579530782432604,-0.2252534856196779,-0.0007001658132967936,0.39045127382266204,0.0010782655157423795,0.22789519374160913,0.15126469242763735,1.9032982434025005,0.0788126098891104,,0.01382053541463768,,-0.04592889665213602,,0.12887551400934869,,False
2024-04-17,0.0,0.0,0.0,0.0,0.06838925582138436,0.6038366081388444,0.003110928467884966,1.1886233100034624,-0.003193451125143576,-0.6811465333083363,0.18234639044585157,1.781679235419019,0.04690385176944063,-0.505442595755869,0.0048352684040756655,1.2597990540288935,-0.014345499896660969,-1.636841814748033,0.1532124330312142,1.951971958602149,0.07645994458583333,,0.012748128429345806,,-0.05683028511653168,,0.1292325026517036,,False
2024-04-18,0.0,0.0,0.0,0.0,0.024785222639841877,-0.6676448023633773,-0.0020804481902281236,-0.3923273169130924,-0.0006840063155391837,-0.19441037520358115,0.030509975611932194,-1.3201406015361916,0.042236269709124544,-0.7318127795607829,0.0006823450802885267,0.6324396210332943,-0.009688605082093977,-1.0254913777667085,0.11295317015104625,0.15373431388326503,0.07465075181954689,,0.00963719996146084,,-0.056368210463074345,,0.12923013220691787,,False
2024-04-19,0.0,0.0,0.0,0.0,0.02478081872248917,-0.6790031395862599,-0.0,0.22843831846939977,-0.0003611751688832321,-0.12089916628563083,0.06228019897097751,-0.6843213534872777,0.043117589608331126,-0.7067120860696998,0.0048446852664949525,1.2525103606701828,-0.010450467092864532,-1.103641526384535,0.12179456608448083,0.49000684148174983,0.07459857441163537,,0.010317109056379614,,-0.05446625776637573,,0.1315758814287928,,False
2024-04-22,0.0,0.0,0.0,0.0,0.020455109150234102,-0.7986998051037396,-0.0003460333739950805,0.12890091801370612,-0.004070524722499173,-0.8671318186531516,0.19606994024053925,2.0214160174674323,0.0620464058331644,0.12581205106607454,0.000324568488926813,0.6070926660834597,-0.015016774564297805,-1.545971201502427,0.11696976401853337,0.262994870579625,0.07425473712342724,,0.010317109056379614,,-0.05126873333631105,,0.13130586188463914,,False
2024-04-23,0.0,0.0,0.0,0.0,0.058855194189818494,0.3331855859528388,0.004150821500413904,1.5181619971983902,-0.006036342564595805,-1.2704199890202377,0.05337698596673644,-0.8361084130305251,0.07471597213969536,0.6951525169660953,0.0037858377619249817,1.1164277205128836,-0.017370780667741077,-1.7900533312478744,0.05298276694206475,-2.464913877975805,0.07568564643957687,,0.0075162465896141395,,-0.04297609567439944,,0.13180788684425798,,False
2024-04-24,0.0,0.0,0.0,0.0,0.04349265438604159,-0.1070864813650601,-0.001041994855902173,-0.0910609500735683,0.001463443689423416,0.26391172516975386,0.02487993369085927,-1.4081258009190867,0.08713945170149431,1.2670561534617781,-0.006614997159751113,-0.4213302420350661,-0.0014675354578148614,-0.24020663524471667,0.12492205033164278,0.5573629973398065,0.0741141348133751,,0.0012741715931193776,,-0.03287679749559875,,0.1390745718236795,,False
2024-04-25,0.0,0.0,0.0,0.0,0.02857071485002074,-0.5534088523297769,0.002081891995978302,0.8549497121241341,-0.0014458683263097367,-0.3101184042044844,0.09122282124179434,-0.08779082274071782,0.08741591794753852,1.2934677198578532,-0.004537838975036235,-0.13111806264759207,-0.005790431697989392,-0.6389086181995735,0.15316199622665305,1.6932752947425116,0.07384483788540651,,0.00544664378048787,,-0.036052570124344915,,0.14017301339013521,,False
2024-04-26,0.0,0.0,0.0,0.0,0.08019602033225427,0.9807371881339452,-0.0045201167775681395,-1.1905180944699356,-0.004927482640316505,-1.0251604360242563,0.032447653532084966,-1.2248319173321671,0.12020174494564392,2.8054187281597374,0.0009796416191332202,0.6754086670865082,-0.018005370366488787,-1.8149719400643831,0.14948135361538128,1.551396311058364,0.07367623159636467,,0.004760332335804862,,-0.03537862479080873,,0.14825996515799766,,False
2024-04-29,0.0,0.0,0.0,0.0,0.09440170358105404,1.4168352568076525,0.003115235899003088,1.174249668976476,-0.006424530825942447,-1.3340017773181043,0.02283226899118568,-1.4220749078794748,0.11986151560985078,2.808814114134477,0.008284334113237923,1.7324903944007244,-0.01998759555064152,-1.99168541867513,0.14878454592571738,1.5257894331994377,0.07532090273091537,,0.0036899652890621804,,-0.019914425706307706,,0.15192018997122952,,False
2024-04-30,0.0,0.0,0.0,0.0,0.1250479168041118,2.320913037959002,-0.0062500134212621905,-1.7224677833787365,0.009866902645330411,2.017911107610422,0.25897208333945737,3.2550313504402117,0.11318164079186828,2.516948686721788,0.004121867565102133,1.1170964418835716,-0.01420087244098552,-1.3971510668971354,0.16742360269405215,2.318202521418429,0.07308813716558027,,0.003701871792762046,,-0.012263259276468727,,0.15548846420454454,,False
2024-05-01,0.0,0.0,0.0,0.0,0.04184627057949846,-0.18283524188526482,0.001035163328812705,0.5241493245063437,-0.0028594525507511146,-0.5713133114814762,0.1875522441857968,1.8528806120457268,0.09777047834242615,1.8016682030488402,0.007582522812605519,1.6140731920300082,-0.02246063673630398,-2.146130925082504,0.1198565679406188,0.335863314961578,0.06819343016841861,,0.01064901761572079,,-0.018980804982272607,,0.1462708165998893,,False
2024-05-02,0.0,0.0,0.0,0.0,0.1838846234650169,3.9111574138129988,0.007599372590147757,2.5482201283372974,-0.01366080699480913,-2.7483934352407218,0.052110937663124815,-0.7972148645790353,0.09618357207198067,1.7037850937569585,0.0051565598352809605,1.2678931887932912,-0.01862101305087967,-1.789555293366863,0.08950409048890451,-0.9123265502432861,0.06856345486796919,,0.014845850985047426,,-0.02003799718276533,,0.1459868829360836,,False
2024-05-03,0.0,0.0,0.0,0.0,0.06704220690994463,0.5303094988780316,0.0027845757165365637,1.072495605497209,-0.00690970782446924,-1.3948704252472837,0.016648503646412387,-1.4589936248802873,0.05000776737174257,-0.4381808138017173,0.0010293214835249698,0.6608295895554442,-0.0073211243048435515,-0.7011371041139405,0.11644287759820278,0.16726639218909817,0.05558335417878659,,0.006895834459828998,,0.0007815095128943812,,0.14912942712979793,,False
2024-05-06,0.0,0.0,0.0,0.0,0.030384679638952222,-0.5405083038123472,-0.0010472306491327021,-0.1317747956618432,-0.0006378077162864463,-0.097139444820077,0.17278473073511014,1.4175512933465664,0.035815499609485255,-1.0795592866053434,-0.003148889553227119,0.027914011174185634,-0.0002958200315420121,-0.002226741344451018,0.12224379785850131,0.38027263583907345,0.05469831928857108,-0.7782612549293996,0.002709246892777073,1.3863090718326865,0.0021824897365579172,0.40149381972608955,0.15180373640107517,2.6678531366644203,False
2024-05-07,0.0,0.0,0.0,0.0,0.02417079599193017,-0.7164996386986602,-0.0027893581737588047,-0.6625251426473695,0.0016071383500119534,0.3516068280315978,0.04330649385510818,-0.9393211677029297,0.033661954249557494,-1.1653442213070915,-0.0017536990883960657,0.21314770724233068,-0.0029041627993397303,-0.22398663821728612,0.10999577826886883,-0.12859275950093804,0.054300443794338044,-0.8242929364998387,0.005156526507184567,1.601096798735699,9.9822789743703e-05,0.2621894253547089,0.1517922630843732,2.6276686193683814,False
2024-05-08,0.0,0.0,0.0,0.0,0.04126338566139401,-0.24872831824042854,-0.0013907996485118534,-0.24572486825246428,0.0009801711346731912,0.23299768971208953,0.06413548280273375,-0.5720933072880384,0.03852302360535926,-0.9629044221204591,0.0031240011796777045,0.9221502933296601,-0.008605755914321112,-0.7401923356329494,0.11720108063848744,0.12962041081807504,0.060926613367027184,-0.17794761390194624,-0.0004663309371061297,1.1353165331412531,0.008087519588702019,0.8481648179266222,0.17540903781686418,4.3058407734003765,False
2024-05-09,0.0,0.0,0.0,0.0,0.03351382217133538,-0.45237181928377806,0.0034721342383917664,1.2227330023892873,-0.0023609182487730105,-0.42141226758465117,0.15599014981848613,1.1072876396865743,0.06395874473937434,0.07574734060487545,0.010793153723178017,2.020858989226434,-0.01802281854383695,-1.56621600093156,0.12590938992799627,0.4694252563194279,0.060355480210420434,-0.2611522703831607,-0.0015086383984747043,1.0562548980983604,0.005264950363348065,0.6530204973919721,0.1799429162146231,4.600881373179111,False
2024-05-10,0.0,0.0,0.0,0.0,0.022590086920780246,-0.7513345545301181,-0.001393635320215525,-0.23830189670097904,0.00011559644883230025,0.059213607492810814,0.07800456995850058,-0.30437407471767275,0.06297582058865472,0.018355984735251366,0.004863999782535822,1.133509975398952,-0.01717586591165206,-1.4553118070751505,0.1066498892306652,-0.27540120740283863,0.060142937976880174,-0.30606388944064705,-0.0063676427893077925,0.6497555583447294,0.00995474140232037,1.0021854740023026,0.17627415350903902,4.295160284115894,False
2024-05-13,0.0,0.0,0.0,0.0,0.02423840794863936,-0.7043005495641409,0.000347959815698351,0.27339141709698356,-0.003246150484084165,-0.5979251617876649,0.14005560581039347,0.8137966304527606,0.06277797134505322,0.016354335790960118,0.006257635102751347,1.3362508970180322,-0.020022838832170597,-1.7144016546189327,0.1384170602426586,0.976890436035115,0.06115790039805505,-0.23826195723518093,-0.0004726720586440969,1.1672453163529033,0.005273991473383809,0.6626970350125165,0.17558984240575637,4.188505507226597,False
2024-05-14,0.0,0.0,0.0,0.0,0.04436022953923731,-0.14258695088931145,0.0020883420943149655,0.8048927924296674,-0.004094454764969428,-0.7700675549504018,0.10104250855182258,0.10720260307355924,0.06319344697583736,0.046154267341276596,0.004509136191743646,1.08610975835714,-0.015558741966927006,-1.3158968853890916,0.13508093834742113,0.8455660414338326,0.06200768068326776,-0.1818260969507232,-0.004646715064816398,0.7968137406713993,0.0103387093950292,1.051062790507315,0.1739668981832506,4.026888031617814,False
2024-05-15,0.0,0.0,0.0,0.0,0.12361464452052101,2.0575134665829053,0.006278352894988459,2.0818996734894917,-0.00843689149484265,-1.629512402296968,0.12912185408200297,0.613406204730603,0.05979440347574089,-0.08015510884062302,0.00242079409742868,0.7798407589399114,-0.008627937940776133,-0.6820685195034003,0.12950565962288743,0.6294319758035367,0.06271810529596754,-0.1381604152294033,-0.011239511790465784,0.21126671410129533,0.017265981494486177,1.5801806077077425,0.1753159071890255,4.102567988949145,False
2024-05-16,0.0,0.0,0.0,0.0,0.02823523696970469,-0.5831427737152223,-0.002457019702250429,-0.5880479807595969,-0.00151396561658812,-0.24539572284940006,0.051245241305526185,-0.8206024672285187,0.037713343638340495,-0.9769490175223278,-0.007004454638320334,-0.6329875927862398,0.004031066493478952,0.495376202662996,0.16197546654143216,1.9359368952491522,0.057183375100689895,-0.6411591025002015,-0.0151032929172773,-0.1480863605560161,0.02296039916790241,1.9875635533543023,0.17330060446382178,3.9449204534112887,False
2024-05-17,0.0,0.0,0.0,0.0,0.022658042480772272,-0.7475057869914807,-0.0,0.13687336988601753,-0.0027313764716862345,-0.4664489455942021,0.21211224628880887,2.1469957163478957,0.03791090974376149,-0.9754736097364719,-0.006638688432150763,-0.5911065538806026,0.00960798772427196,1.0211169777406601,0.18733223896903564,2.962106799941272,0.057853192274017584,-0.5971600968615115,-0.012300550412006173,0.0590829145855691,0.018502964464827236,1.6169507695983163,0.1744420740727452,4.029447814594574,False
2024-05-20,0.0,0.0,0.0,0.0,0.02114943501767904,-0.7851708003336377,-0.00140053909530935,-0.27763618330105727,0.0012179463811594256,0.31776025717528633,0.1022399716349879,0.1227139389336039,0.03968033130729305,-0.9081037784394385,-0.003508211100684444,-0.14467283156090238,0.010627035256635444,1.124116639837058,0.16603608369831413,2.116939742162923,0.05917365085513174,-0.49503333468216687,-0.016451371912420187,-0.3099012900861922,0.023417742790196962,1.8603213679133035,0.17084032215927042,3.769990339805948,False
2024-05-21,0.0,0.0,0.0,0.0,0.012285940807771716,-1.0229989939544586,-0.0,0.14298685325184723,0.0028363492611814443,0.646731494888268,0.04484731801382608,-0.945947392291672,0.03816812799833997,-0.9769651047129022,-0.0007120914540797996,0.24939694622971764,0.00863716588270247,0.9514658708083841,0.19131865114187313,3.1317705884517086,0.059348000734655765,-0.49228335428912556,-0.01746207729052851,-0.41065423746279117,0.021960875375318354,1.7048697856160304,0.17392114447556611,3.99476833620058,False
2024-05-22,0.0,0.0,0.0,0.0,0.06563704805081874,0.4534260161505044,-0.003146895840760555,-0.8098289163121345,0.004222112939412437,0.9240429548598278,0.2591332482175086,2.966728577382402,0.05991348072878828,-0.06910588650284195,-0.006302575278390621,-0.5765520972006982,0.016337533065705546,1.6566401999675635,0.2026736180099124,3.5887504736280644,0.060518824270913624,-0.40128727556129784,-0.014025596642294746,-0.15634406906447332,0.016505530444460858,1.3502265904718673,0.17505086658203067,4.069134792522972,False
2024-05-23,0.0,0.0,0.0,0.0,0.02714430313403328,-0.5969409030477244,-0.002091253496080858,-0.4930133011168312,0.004062955614204888,0.888209708896096,0.1988694007344376,1.875497752268793,0.057630712284375385,-0.1651535373182267,-2.8537034927111904e-05,0.3315120236160816,0.01334205573018965,1.3978428454812148,0.17893080210505602,2.626427936399986,0.05901670916034005,-0.5457849455647381,-0.011913292444928447,-0.01224340322053121,0.014274866202187165,1.2127850812610261,0.16820373983912051,3.5648440139780213,False
2024-05-24,0.0,0.0,0.0,0.0,0.024385336854928587,-0.6804727358878107,0.0031304773314663192,1.1124894485648251,-0.001712328939322753,-0.2820152437853412,0.061723687246659845,-0.6391083768848845,0.057493863878764206,-0.16022276677819244,0.0027598488628503004,0.7486101508910642,0.012428457055511285,1.3141735871744826,0.14628103915178195,1.256667512811955,0.06126840612656115,-0.3590350688535183,-0.014644598908625794,-0.24310087535331903,0.014232876015265902,1.2137488787667803,0.1628588797613611,3.167400074277934,False
2024-05-28,0.0,0.0,0.0,0.0,0.02513522768101794,-0.6557607957462673,0.0013955805512952946,0.5887605800879091,-0.0007719229927735475,-0.10187979016123838,0.22518273820911955,2.196968110381061,0.06290898588462948,0.0790349640787093,0.004861368229523322,1.0667935427202189,0.010224141243590206,1.1021606055063708,0.16475608295558014,1.8957235197510722,0.061044447516042835,-0.38986057497670884,-0.0164037543795299,-0.392140359683132,0.016410987697250096,1.342760855129985,0.16449894657350841,3.246973011084836,False
2024-05-29,0.0,0.0,0.0,0.0,0.10289879435594203,1.5140173712751697,-0.005590483824310821,-1.5669116701788959,0.010536716444184524,2.1883833352771713,0.15673456391277873,1.0142700162001776,0.07227606701743287,0.4848623606137941,0.003115143743157356,0.8158493359038123,0.018154763937214345,1.807636275875886,0.14713122286619432,1.1764976869527086,0.06129370945461759,-0.37827480549670645,-0.017799334930825195,-0.5145236637685826,0.014579856080991101,1.2527029013388413,0.1566371793066656,2.6389673050878675,False
2024-05-30,0.0,0.0,0.0,0.0,0.04228673662683861,-0.16736759167098272,0.0031271424027029537,1.1061766599902332,0.0012266356038965383,0.30740329718838333,0.1189192867125062,0.3256195435627538,0.053580357931336905,-0.2964382945092559,0.007303615716952816,1.4395692407271832,0.002109319892224108,0.34348749834894277,0.14525878576070844,1.0378103675823336,0.057676580970088404,-0.7115172168266336,-0.012552152348152434,-0.12466767100911809,0.005356232409773677,0.7695124079475635,0.1565625254413809,2.5584772101347424,False
2024-05-31,0.0,0.0,0.0,0.0,0.023511667588716575,-0.7019972410694074,0.0006971324016965541,0.37078244814783456,0.003149356939526523,0.6643882235430892,0.08388910825453552,-0.2845371270983423,0.05220012467874449,-0.3564166765252364,0.005576522279524654,1.1930030422960687,-0.001837790374773089,-0.030973144379516544,0.15017078754277957,1.1359058297841027,0.056956133098031325,-0.787813724732329,-0.014306631790371616,-0.2730641423771661,0.002077706739754529,0.604004610139465,0.15286954444218875,2.216920196107901,False
2024-06-03,0.0,0.0,0.0,0.0,0.05042014590408185,0.04645744082876581,0.005231996698139341,1.7442560294607714,-0.003916644751243832,-0.7521275895760251,0.18334398154671738,1.4241679910457699,0.08095720475666439,0.8728900138777962,-0.0035328257402214014,-0.16942937695481944,0.0046076878346706564,0.5332621892424998,0.23658736704112232,4.086112379053042,0.060241768271914714,-0.5037127567986948,-0.010880044087887786,-0.023435626163384408,-0.010963395363313921,-0.09437291133672823,0.15455001487087922,2.2396322897185312,False
2024-06-04,0.0,0.0,0.0,0.0,0.07294375442843568,0.6827319943407869,-0.0003506439350706714,0.03633512831827265,0.00715869970085059,1.466204879096641,0.15083300801048938,0.8708494556001865,0.0773599845500385,0.7239588697147262,-0.01119792954824117,-1.3277796321906952,0.006681934495233726,0.704978318481654,0.23739931016040056,4.106451062549823,0.06099147395806914,-0.4415287659089081,-0.012661330373893165,-0.17790401480263313,-0.012022979669815765,-0.1458728576026546,0.1519371207185521,2.0222652558410843,False
2024-06-05,0.0,0.0,0.0,0.0,0.048362915172757134,-0.004660883294833109,-0.0014020118505153611,-0.2998016667656794,-0.005508727600805711,-1.0756683176395783,0.12198204629505971,0.35626117904813354,0.06945184217540193,0.3849549096707169,-0.01223415576561182,-1.4928043678911163,0.0018521075845824293,0.263151714529727,0.2273035759514641,3.713210587903577,0.05824230857072585,-0.6966070785495625,-0.014042051652593868,-0.30082081957835255,-0.020047845749775476,-0.5764624550035088,0.15494626211936674,2.1809530886477346,False
2024-06-06,0.0,0.0,0.0,0.0,0.029336495668001603,-0.5467439033224725,0.0014000489652747916,0.553635568804459,-0.0027204746631006582,-0.5249479254913846,0.16315028932852307,1.0583837548241757,0.06727929752796011,0.2872045469615046,-0.006330808504648289,-0.6166365403081467,0.002795681705283882,0.3274946172649073,0.22115687035138568,3.494128225246916,0.05681875433562403,-0.8154770503164123,-0.014022666759092806,-0.31317069775620865,-0.01735307875744374,-0.4381082517102105,0.153557723029278,2.0421542535243846,False
2024-06-07,0.0,0.0,0.0,0.0,0.12989231553510555,2.2948224766365746,-0.008412215618049501,-2.4483287661032267,0.009594835148970268,1.9512993282766034,0.39666548546761904,5.101938934638432,0.06938349448175532,0.38311652452982964,-0.01155694066039703,-1.4084467037305861,0.007334723805945761,0.7300314829298142,0.20817112377004487,3.042308853633402,0.05742940469735749,-0.7482374496934533,-0.014387195059994862,-0.35147844388847593,-0.01885255981212819,-0.5293118765241658,0.1488693584425723,1.6898278071719723,False
2024-06-10,0.0,0.0,0.0,0.0,0.021529375534778444,-0.7674810806160681,-0.002433107109880428,-0.6230873218581079,-0.0018423980906807635,-0.3350132239154122,0.18785298901352648,1.4765769101858393,0.04497037769605052,-0.6794061397540738,-0.0076491796736819495,-0.8342186336992138,0.0005727059914630473,0.13016893525918494,0.11980786767613083,-0.01020200481063934,0.05925594670418841,-0.5701970322093042,-0.0007918665795595414,0.6489687116426213,-0.033363140100060404,-1.3371670432611866,0.1270605503967952,0.27424522096846515,False
2024-06-11,0.0,0.0,0.0,0.0,0.023160280878785005,-0.7280987491358732,-0.0013868701524413218,-0.27258064930599213,0.0023288727901992954,0.4788238559322258,0.03298600007668842,-1.1274976510695858,0.04589593167399032,-0.6480939165637759,-0.0028015007956245785,-0.10922164683388266,-0.0003273697392826018,0.04523320649805672,0.0819254558566488,-1.2645406528786638,0.0610977089551628,-0.40002462479300305,0.005114652189893931,1.0847424208503285,-0.035717744943372993,-1.4786512069499755,0.12000898155669984,-0.19573971125260337,False
2024-06-12,0.0,0.0,0.0,0.0,0.04460939653431807,-0.12435019345041533,0.004501335410448171,1.507206460535234,-0.00456515348010426,-0.8889608698747965,0.04866213931974696,-0.8918531986322182,0.049571860768190576,-0.49516878656155877,-0.0010689078401625585,0.16276424726059632,-0.00862764284914519,-0.7073977452508997,0.0966329666510458,-0.7800749439368561,0.061411760579800544,-0.36774170563398867,0.004758835047102394,1.055467742231747,-0.03214632733739698,-1.2934016373269934,0.12152931076167621,-0.13542448802915844,False
2024-06-13,0.0,0.0,0.0,0.0,0.04111714720498431,-0.21569046292256722,-0.00382608319047395,-1.0053020250040283,0.001818567437561221,0.3792904590813384,0.07154985158340287,-0.5247154385308863,0.05378089266029354,-0.3152966748960531,-0.009721064751024744,-1.1085455524627663,-0.001879087515357444,-0.10321228770628764,0.10934911113680695,-0.40650982534940455,0.06041851384936424,-0.45540718506299643,0.0002574996366542237,0.7192344973874643,-0.03084893923673512,-1.2327896615217218,0.12887940976033763,0.23620174030328236,False
2024-06-14,0.0,0.0,0.0,0.0,0.058920012153748334,0.2841206234287718,-0.00450445463133442,-1.2172457548428286,0.002832817334487555,0.5905275535096641,0.1337067717962032,0.4498488536114492,0.050733171476299244,-0.4541135784502208,-0.008306226033968467,-0.8955896638554169,-0.003936575986637844,-0.29324477807833793,0.13304827370778805,0.24995358365235604,0.06304538658279656,-0.2102342495467135,0.008606845242698169,1.3457982596892473,-0.026285354530670643,-0.991367075930713,0.12803245602172544,0.15449019085220198,False
2024-06-17,0.0,0.0,0.0,0.0,0.028112997408436983,-0.5811874898079578,0.002414571768176943,0.8746077352361642,-0.002742473821426413,-0.5301301837501604,0.06873091859387741,-0.5585162929857926,0.0496449441577774,-0.5077020504582977,-0.0003652907544002826,0.2981384441571524,-0.009388388990801449,-0.7962004888087827,0.12797422964641575,0.08316561243615539,0.06566389836531492,0.035565203126080344,0.008567484589563135,1.345638757302221,-0.02102948750724913,-0.7113066872255284,0.12673844747113786,0.05744567555183445,False
2024-06-18,0.0,0.0,0.0,0.0,0.03951014249622303,-0.26349736423746495,0.00034572280302069824,0.26191429160731855,-0.005971400319663293,-1.1870898293990528,0.09695047767175113,-0.12236574165077438,0.048995186236277105,-0.5312663409840975,-0.0038144541659714815,-0.2065651784345823,-0.004654466472236293,-0.3685227855670785,0.13629605240417902,0.3160715689394566,0.0654928580877508,0.022337328493580735,0.0033693060253028317,0.9572826765978797,-0.013982116338733069,-0.33454347326846784,0.13671329847911634,0.5216156127829286,False
2024-06-20,0.0,0.0,0.0,0.0,0.058608529254428804,0.28299833145231307,-0.004150821500414015,-1.097759111754871,0.0021834018536834865,0.46121157644056376,0.1160953100327715,0.1830491668313868,0.05697115119448294,-0.1705378887742388,-0.008982736928770385,-0.9782391505212563,0.005337899274710622,0.5462440703117705,0.1347757545064241,0.2840573881866942,0.06504814551450261,-0.011233577002765744,0.0037175710644047344,0.9929906249703259,-0.01257871782490642,-0.2726244896683176,0.13487358921860615,0.3969094216995957,False
2024-06-21,0.0,0.0,0.0,0.0,0.0361609949064504,-0.3534277169523267,-0.002411244473417673,-0.579171972415378,-0.00023892103371917864,-0.017866836998178807,0.18744907961915852,1.3110199472615478,0.05078134732536871,-0.4438721743657939,-0.003460593567794157,-0.15668332226322923,0.0036202801636885757,0.39606267875397194,0.1351589353348462,0.3021468743750687,0.06541283952310699,0.030237677036753775,0.006132289655590317,1.1867980097609674,-0.01076291733138698,-0.18757863378085787,0.1343575272075071,0.34014624176168207,False
2024-06-24,0.0,0.0,0.0,0.0,0.05011119541808323,0.041914998984552844,0.003436480648233764,1.194972693126813,-0.0026189956696760497,-0.5035626986714684,0.09641555422093892,-0.12785561283200916,0.05034616686816652,-0.46249719791514615,-0.0010493490943764838,0.2142105642710606,0.001256146588375214,0.18049017661526065,0.10722179771465928,-0.4721458500050088,0.06720303058020882,0.20499406964976452,0.008890095780110574,1.4104951888960329,-0.0033344168005666024,0.19622118945931724,0.1283478943458214,0.034660489622496904,False
2024-06-25,0.0,0.0,0.0,0.0,0.021612110425569757,-0.7734983466741309,-0.001034591643394256,-0.14950874695034821,0.0019914486971387424,0.4313765122931923,0.11404194489527579,0.1399335828263154,0.04951822844757414,-0.4975995040803359,-0.004829130984248309,-0.3445273193962673,0.005188235031018359,0.5484190696302251,0.11739448418849949,-0.19142593207438247,0.06595963996142704,0.0936039151658205,0.00545361513187681,1.1545723074183019,0.0005872760852583651,0.3881692950759415,0.1310635397727614,0.13597881283158955,False
2024-06-26,0.0,0.0,0.0,0.0,0.08186795425117123,0.960988544236452,-0.004822559959778205,-1.3033318901485467,0.004020965427283622,0.8507510720407686,0.0869486473224632,-0.28819680332003084,0.04892560544971113,-0.5218116577269458,-0.0024218763803702803,0.013578138734064774,0.0011448962677570087,0.18081075021747411,0.10493532332340408,-0.5436115850389389,0.06615268163796298,0.11667501635491523,0.007181713332274797,1.2983100034683837,-0.006864035753566091,-0.02204632018309075,0.13307633582212364,0.2021812644921644,False
2024-06-27,0.0,0.0,0.0,0.0,0.017484226607234823,-0.8912717963797266,0.0013713218605622135,0.5709551709654884,0.00046578274266143954,0.12276093677627065,0.13102092643943578,0.4116088649654687,0.05052944603057384,-0.4461367802091472,0.006524403683588309,1.3674478123154505,-0.012767814323068543,-1.1122968309476753,0.11294235788784453,-0.322564141871482,0.06454459338960457,-0.030636260470171196,0.009228393453951989,1.467167362126282,-0.007886194263565183,-0.08750081701888038,0.13201205839851055,0.13519400945923224,False
2024-06-28,0.0,0.0,0.0,0.0,0.028112771089443815,-0.5923378981586982,-0.0,0.16542135858029813,-0.00260305460903254,-0.5126313267425056,0.03475959015303186,-1.123981238792059,0.06070569907698227,0.01754718783560466,0.008603792235160057,1.6904661389598747,-0.01820982612347566,-1.6292240425261824,0.11710378632456973,-0.20839857567620576,0.06464948611983334,-0.017274448471483288,0.007165076177779173,1.3150044769445857,-0.0073155624108068905,-0.06798699563424852,0.1310363734931227,0.07652219841200444,False
2024-07-01,0.0,0.0,0.0,0.0,0.05380921869384271,0.15787675754950584,-0.00034330124163806097,0.0570161960593272,0.001313092772967095,0.28963742157076067,0.1231782019873104,0.2877458065479082,0.05941272759679122,-0.03788362190472404,0.006872427021388683,1.435901214591444,-0.016472937893552236,-1.4755909196466246,0.14741110161689347,0.6507013113957677,0.07196273488156849,0.6901663641997162,0.012697567705788448,1.76228470616654,-0.015534584050078057,-0.5153584250560281,0.14918933743806567,0.8539788228807336,False
2024-07-02,0.0,0.0,0.0,0.0,0.016133003959119808,-0.9297391423719695,0.0013726629604837726,0.5783286354293218,-0.002051890066122608,-0.3993594894500954,0.010488077799028654,-1.509934094416286,0.0560917283707341,-0.18674641764752598,0.005833101306012445,1.281305612787819,-0.02059999127499331,-1.8720468286746534,0.13536701103610466,0.3130982653298974,0.07191042061279145,0.6914779324845546,0.009563833986337422,1.525409561153849,-0.008989294953816956,-0.17882326499495715,0.14876044183640635,0.8221404674498337,False
2024-07-03,0.0,0.0,0.0,0.0,0.07859701547785511,0.884252063734475,0.004123720104180384,1.42116487299241,-0.009891745163541929,-2.026370054601004,0.1332727822083433,0.45775285117564407,0.05971977812030348,-0.01606722050168004,0.005495959009901408,1.2373806122716795,-0.02276805692665581,-2.087016387715303,0.13628645942163672,0.3424000104908553,0.08395046296589202,1.867030723111561,0.018239690702484435,2.2256027659046183,-0.007479956834507904,-0.10485319316302141,0.155776609611396,1.1150136044219583,False
2024-07-05,0.0,0.0,0.0,0.0,0.07765198277163435,0.8646744532732321,0.0034507104121339616,1.2140651870402512,-0.004976229057745678,-1.0088725106934655,0.13720305505077407,0.5303955664578945,0.07415052506209252,0.6552231427859434,0.006555351768106843,1.4051077060346355,-0.01779205690207582,-1.6248786106394228,0.14818907793782882,0.6901964196594479,0.08570534033707963,2.0487578092366174,0.019716238615717696,2.3566379529371706,0.014769845514517026,1.0781801488466551,0.15582447777219993,1.1077679291484783,False
2024-07-08,0.0,0.0,0.0,0.0,0.01535309340177803,-0.9583930985598511,-0.0017313652137713742,-0.3839779656982101,-0.000866166379109116,-0.1372523128186109,0.20524793579055722,1.6210450882495433,0.07239041490888361,0.5793834554829913,0.006578053015545926,1.391693626073428,-0.017012830778323492,-1.5395877479955469,0.13476413444211485,0.3080299834668334,0.08426641989981778,1.9206232532455596,0.013097659076480861,1.8370275068271136,0.018076164101798207,1.2629918435394607,0.1548339171168359,1.0541183269888958,False
2024-07-09,0.0,0.0,0.0,0.0,0.03232605909612148,-0.4707027807781129,-0.001382626957014299,-0.28646692634510956,-0.002813960608473979,-0.5293529637775398,0.06759349675101234,-0.5953559941075949,0.0746741183578965,0.6878231848733465,0.0065667309340844415,1.365686607752346,-0.010246374003039072,-0.8789095927955564,0.10551009352042602,-0.5366128835791636,0.08611054154622318,2.1126334487620375,0.012723684230381727,1.8173828927245617,0.01619567461815789,1.170407383269786,0.15019626628304394,0.8440825999509004,False
2024-07-10,0.0,0.0,0.0,0.0,0.04492619372360535,-0.09535446001576231,0.0010355206643727355,0.45509375696218124,-0.004219955717785107,-0.8201130269876409,0.0290530172037977,-1.2210022438853494,0.07450822754609604,0.6830630787021693,0.00794935789109874,1.5581046714200595,-0.010700178774007491,-0.9056511860931132,0.12931786083269664,0.1479785315856806,0.08748900786212507,2.2600550783131705,0.012705772092086676,1.8267710925785254,0.007504190664784211,0.7112020591904267,0.15523336595100462,1.0532046172876064,False
2024-07-11,0.0,0.0,0.0,0.0,0.11888067408144304,2.074156872317693,0.005183112862385819,1.7318179474285769,-0.004915745138961943,-0.9620864493664522,0.16800771033022613,1.0099999769313244,0.08139519010887503,1.010501312940042,0.011437099642296,2.071471212547804,-9.807091259668877e-05,0.1010704297554337,0.12985041059124472,0.16143656886481403,0.08801820584696432,2.3237753850446885,0.012719240734841875,1.8386330669450492,0.0064949984448211965,0.6644952836701521,0.15579216477303345,1.0686981173406949,False
2024-07-12,0.0,0.0,0.0,0.0,0.07586981795284974,0.818183034774633,0.0034734116595730447,1.2072988851378956,-0.004197002933993351,-0.8083231550064114,0.03553146568356042,-1.1040089978430951,0.07827002419649282,0.8673157158637631,0.0017101714954407266,0.5929017596671661,0.012906358584274321,1.30818254094411,0.11730904332248754,-0.2075256688489105,0.08411355340006813,1.9505592023918361,0.007536127872456055,1.4258863570086537,0.010757637256310293,0.9036216066164278,0.15895596692588077,1.2017632640576548,False
2024-07-15,0.0,0.0,0.0,0.0,0.030766230883032146,-0.5174182478309296,-0.0017426872952328587,-0.40854740958603436,0.005900290396175308,1.2886518368933804,0.08355070076517,-0.34274522412279007,0.07082474003229992,0.512193172341719,-0.004546846960215678,-0.35963405539043247,0.021408258865357317,2.0893610557496918,0.16111742926441475,1.0703194653619108,0.08692415728923147,2.2401758436319614,0.009312953949899394,1.5675433992473347,0.005433823387767685,0.6251400348051864,0.16033275855021994,1.2691913599609823,False
2024-07-16,0.0,0.0,0.0,0.0,0.0300350736424351,-0.5454367904708775,-0.0,0.11472447618701544,-0.0032677653794424,-0.6037296383009565,0.17875407138967703,1.1891046748786311,0.07019906057660985,0.4793024281160873,-0.0021101718228602184,-0.00364876787594132,0.010939966663345364,1.1407165320247081,0.1555105470484882,0.9069483601431608,0.08679485252011168,2.239413033949555,0.010000008078854372,1.6092416789995527,0.0006144615944520693,0.3770764425869781,0.16104089229110571,1.3092106448586338,False
2024-07-17,0.0,0.0,0.0,0.0,0.08263326194173634,0.9907571358851859,0.004523262415569995,1.5024407085091893,0.006382152143625697,1.3831481922003568,0.03685430828577352,-1.0822613731917747,0.07484421408677797,0.6953800814703072,-0.0038462747320886503,-0.2731972944616028,0.018206934389990694,1.8101144091683345,0.13524899338944493,0.3162758593279638,0.08814782067367757,2.386374578216296,0.006485086400132123,1.3092516683049094,0.0009505829926060496,0.4057656811090193,0.15522184475294148,1.0610358432896736,False
2024-07-18,0.0,0.0,0.0,0.0,0.10642955820431231,1.6932123676137103,-0.004543815284469455,-1.2778984541690608,0.008088684357909067,1.7446590801169248,0.10916323350383975,0.0694791247810762,0.07070197028449432,0.49460220017582474,-0.008022975496556062,-0.9048266874473403,0.019014361743466192,1.8923642973298873,0.13443646285030553,0.29234056231087385,0.08777678137140393,2.3617477914467577,0.006865536139142536,1.3353619280937634,-0.01180971013610695,-0.2626245195261988,0.1644092041434389,1.474014501674487,False
2024-07-19,0.0,0.0,0.0,0.0,0.021812507412811172,-0.7882137787053217,-0.00278360679608336,-0.7449154504831929,0.004304897347089646,0.9469719934546595,0.24987134962124932,2.331233598462603,0.050894382294606265,-0.4551095783640991,-0.003479160212086607,-0.24120645766953774,0.012228374601706041,1.2774572697117161,0.1458886054581371,0.6325236443204715,0.08770911117855335,2.3663422237221936,0.016689157489678252,2.114118081659991,-0.027641953914060737,-1.095265557438793,0.16331167465395027,1.4328020132103807,False
2024-07-22,0.0,0.0,0.0,0.0,0.03656670280423383,-0.36674687210842966,0.0006939878421226009,0.326967970712308,-0.004568001805836645,-0.8917674084020728,0.0235965963477428,-1.2983903799264316,0.052791177172794995,-0.3717222391552422,-2.0468589995159547e-06,0.2672292182745297,0.002463614112930686,0.37273334786439083,0.11981907440804945,-0.140957705951356,0.08869818191593029,2.4752674818951967,0.023011390821003563,2.6028765239671587,-0.029534570905264346,-1.1917879433993095,0.15482797527020567,1.0611936591256577,False
2024-07-23,0.0,0.0,0.0,0.0,0.06112740799568109,0.3528750604130138,-0.001736102909228432,-0.4095982748684761,0.003999202347202931,0.8585459298900739,0.10153550505771355,-0.061494730231717004,0.05434989659342381,-0.3020443847389199,-0.003471914539223131,-0.24251842507432603,0.010030422836051859,1.0340793745379513,0.12160258814099335,-0.09590464398934602,0.08864155730290887,2.47905064211032,0.02551339604384617,2.796297748272403,-0.02505948363118501,-0.9538658476641201,0.1551974110359466,1.0799618823855994,False
2024-07-24,0.0,0.0,0.0,0.0,0.07453415169858671,0.7477885803249422,0.00034656165110258375,0.22506110564057222,0.007189579497101195,1.5206651973815368,0.03135426901231502,-1.1596219345407663,0.04767976491917214,-0.6258182659082665,-0.0024278070456053014,-0.08798490935475614,0.007067635084268665,0.7581860638954981,0.11895374098443251,-0.18178579712786963,0.09134900223535919,2.76508398413417,0.022618197846897226,2.5526381287839373,-0.01963815480661213,-0.6641435648937558,0.15590515396027693,1.1149952331231245,False
2024-07-25,0.0,0.0,0.0,0.0,0.015602617345377897,-0.9772828360034118,-0.0,0.12216857073207658,0.0013026972161489143,0.3061524959874869,0.1418778185066791,0.5872131146326933,0.07227671313005583,0.5483628351765535,0.0027581228313013906,0.6871375870171534,-0.010944020661136237,-0.8692207755015801,0.19163137628217,1.9900047291775764,0.10032911922682294,3.6953397036596796,0.030782365639163922,3.1960358060709164,-0.0417180816399545,-1.8556640861418532,0.16389592739026349,1.4803281710652045,False
2024-07-26,0.0,0.0,0.0,0.0,0.030117333402473412,-0.558684537856149,0.0006935065570037313,0.33490772178458517,-0.00545986314168571,-1.0892994003593635,0.1648595641964556,0.9583651297995313,0.0761464725894713,0.7327215648547405,-0.0007189121297876966,0.17559513805650598,-0.004388336008056956,-0.2945697845203155,0.18458409188798414,1.7831922767408217,0.10056306782846093,3.7311437764810567,0.02863636441523698,2.9978364675651457,-0.03918262617603333,-1.727773280091429,0.161580058462951,1.3823157494092264,False
2024-07-29,0.0,0.0,0.0,0.0,0.041317942697377916,-0.22337638803584453,-0.002775879838101014,-0.7389258292417423,0.002998806917284528,0.6409211977259777,0.046842065227055155,-0.9150426330559025,0.11754219372182176,2.7364343088698706,0.008636100989839357,1.5784314669951498,0.0005289751868151983,0.1322307128611299,0.1896373553199784,1.9347726167201023,0.10062737731904578,3.7516250944740803,0.031154819359721753,3.1870336065765246,-0.03306182060989368,-1.404844103601614,0.1582688267002368,1.2369939533500949,False
2024-07-30,0.0,0.0,0.0,0.0,0.028524761856737163,-0.5960648808399002,-0.0006919954156106023,-0.096398738763216,0.0010364145954197361,0.2457445441676978,0.10435253224924844,-0.009835222526150626,0.12979122511187013,3.340870116408062,0.017012248845354017,2.839859763143569,0.009888225455013666,0.9611265036381388,0.2010703990472981,2.288171371528953,0.10184083403776109,3.8909217192708727,0.02820210451813132,2.932508086085168,-0.03130840763732968,-1.3152413257618423,0.16133503236439242,1.3820284759508141,False
2024-07-31,0.0,0.0,0.0,0.0,0.1368948081057726,2.5995160273928413,0.005532491528009276,1.844998285457469,-0.010822076248303706,-2.195252199560461,0.32716696448534865,3.532877903314338,0.1307624956561676,3.4012932081573544,0.014536375133861745,2.4781569612823486,0.007181900389129433,0.7140786259847535,0.2016097943358856,2.313559121403256,0.10202937120775361,3.926497731602378,0.025334131103651458,2.6804475584814305,-0.031103679994629905,-1.309179033430685,0.1620100702770536,1.418542557755975,False
2024-08-01,0.0,0.0,0.0,0.0,0.03936261508564606,-0.27337569202607254,-0.003477034961089087,-0.960428284663862,0.007858381869228196,1.647402223681146,0.12223790376373102,0.2814775009334742,0.1188449936538037,2.833020524120795,0.006898543545981961,1.3322681713769193,0.015257320774683706,1.4285327960211904,0.14469583416355505,0.5919615435455242,0.09700554811196727,3.4174123506739713,0.01696372337121166,1.9988135762244523,-0.019805773158972067,-0.6931577191404455,0.14947263479425082,0.8447661853087578,False
2024-08-02,0.0,0.0,0.0,0.0,0.19721173804147282,4.289478060117953,0.010048519676630785,3.222243555683052,-0.0005425519468135557,-0.06862600856199491,0.1609841310965765,0.841229475909047,0.12210480838457918,2.9950086389996318,0.008975039411761698,1.6443384233436462,-0.004106505656392145,-0.28738138845434696,0.16269142754253546,1.112917482636688,0.09740075227821374,3.4573747111760307,0.018672107411007444,2.106612809893303,-0.017862263774371365,-0.5844558960709367,0.15414772820181286,1.0555674791112746,False
2024-08-05,0.0,0.0,0.0,0.0,0.12886950133282,2.3179208061875225,0.0056002680174136454,1.8521859405900696,0.012358057185482996,2.5308214470906316,0.1152353049016565,0.13877911232741544,0.08710530666115388,1.2836577140217216,-2.4490957741152286e-05,0.2802639988789971,-0.008793101647326718,-0.7045277214864385,0.13638858419520253,0.3067222535563258,0.08987771231278327,2.6678835295781766,0.01356712525942394,1.6859316755309854,-0.020335112814931545,-0.7230351242876034,0.1489848267042268,0.8112610578595437,False
2024-08-06,0.0,0.0,0.0,0.0,0.043867664994148674,-0.1729326323827026,-0.0031678691271028736,-0.8579624747963503,-0.0016699104704644974,-0.3080209013468601,0.12886082353755662,0.34291871509723454,0.06432724135867587,0.14752456409950201,-0.005624758975154798,-0.5793932551977109,-0.021804265160282558,-1.8735866575740738,0.1643312002634566,1.1178955283346605,0.08533237209167041,2.14829700501448,0.009386282318890604,1.3236828485417445,-0.036013732890229064,-1.597921017222291,0.1471766523778943,0.7177517650408607,False
2024-08-07,0.0,0.0,0.0,0.0,0.0684762085786338,0.4828485680251686,-0.0021053400598705085,-0.5470372344401075,-0.002746655862749433,-0.5340552797244428,0.07861616610195207,-0.4328344622551196,0.08162648875274282,0.9207059926614464,0.002793347888964459,0.6581076681158271,-0.029655171492354006,-2.584345519621702,0.16134332607180768,1.0008307345490148,0.08525829391289738,2.0925404877855573,0.011132708737687569,1.4231633942667599,-0.02764991023125022,-1.1401462320624798,0.14906304050330071,0.7955539534023867,False
2024-08-08,0.0,0.0,0.0,0.0,0.05958453890409265,0.243482109744039,-0.00140053909530935,-0.33146379938411213,-0.011505444561847655,-2.285287083814898,0.19707223173432137,1.398531355439178,0.06676081279868672,0.20489154704179033,0.003843054782557087,0.783967776193775,-0.02582758702674489,-2.2501052337186054,0.16242940334682132,1.0046924337331944,0.0831171858868349,1.8374681308389067,0.008979773566917038,1.2386499536271045,-0.02674679545304204,-1.0968846971032153,0.1480058685816224,0.7379877347348727,False
2024-08-09,0.0,0.0,0.0,0.0,0.056392428007230135,0.15369077788917504,0.0010489893071279344,0.40383336920090107,-0.005229147937748128,-1.0289539005779338,0.06621975701696109,-0.6272705451391888,0.07398692405400686,0.502242989555931,0.0017286721991441878,0.46749618136660587,-0.017253786446185655,-1.4849087445768445,0.1419719932792975,0.4123772293280648,0.08227418038986424,1.7123429099419405,0.010026942850192011,1.30008399724205,-0.012438826072211804,-0.3146793721658667,0.14554455969655095,0.6183777966100327,False
2024-08-12,0.0,0.0,0.0,0.0,0.024169406587626466,-0.7301780002761529,-0.0,0.09261268318270689,-0.000653106327472841,-0.09506931638940624,0.24686769353962917,2.1625181014972132,0.07837928870842237,0.6646806485932188,0.005583395046596662,1.011905603538671,-0.01840277949352483,-1.5905162132645836,0.17822270023784104,1.4536750630863875,0.08174648384804954,1.6181612702511365,0.007918145766300233,1.1231135168349604,-0.012346836241109846,-0.3161225980710284,0.14630540320533247,0.6450750619931523,False
2024-08-13,0.0,0.0,0.0,0.0,0.10237692070127477,1.415910247556454,0.005250237737016383,1.6691968279330365,-0.00952081680253595,-1.8419926099876816,0.08617851124602423,-0.3219801766427423,0.09078528312565032,1.1929719991353736,0.010863201112662924,1.7789337206097668,-0.025493232586096704,-2.2253560065311184,0.14299070830976734,0.43467455424571216,0.08293418357850349,1.6920121678532778,0.012152525150137095,1.4250199438245716,-0.017521235077124664,-0.6087038534155298,0.1497331249448356,0.7949243919405604,False
2024-08-14,0.0,0.0,0.0,0.0,0.03874910751401936,-0.32855635776318465,-0.0010556331662778806,-0.2286358903543217,0.0010809286028596876,0.25580957787885533,0.11454185777080345,0.10263369412101733,0.07991072534707042,0.7256828622397692,0.009151589910888491,1.538283763807327,-0.013560135427674723,-1.130500491735749,0.1354634197250416,0.209175884958286,0.08063026680525777,1.4436366947472388,0.008319700578210076,1.1280760851099798,-0.01275219471001092,-0.352062604575508,0.1503650519387144,0.8134063073453668,False
2024-08-15,0.0,0.0,0.0,0.0,0.07265623024295761,0.5935844851718786,-0.0035149216787222493,-0.9758907694540256,-0.002931643981288423,-0.5241622610053023,0.08935705795771927,-0.282108840821356,0.07937835748573559,0.6981461890319293,0.01340321614213158,2.156109987439517,-0.014733978562291715,-1.1959882617528108,0.12872595192024405,0.007405638588202175,0.08116359808555434,1.461937687774156,0.01256905845620071,1.435907876482079,-0.016575565119991885,-0.5699633364847199,0.1492096284775827,0.7487625826291313,False
2024-08-16,0.0,0.0,0.0,0.0,0.08381874696670663,0.904619362488894,0.0049037121545804085,1.55594920138347,-0.006378140985087303,-1.207993590354061,0.22741634855529053,1.845753292455449,0.08849406376536412,1.0960153719209442,0.012286836714676452,1.9913694341208197,-0.0023818034092274835,-0.09973792245423137,0.12874246166052705,0.0013613417854643015,0.08088361047991502,1.4050720277303566,0.012880022865704333,1.4470511050497334,-0.014203844312445481,-0.4426220498940201,0.1493317622283757,0.7428892404374354,False
2024-08-19,0.0,0.0,0.0,0.0,0.10518402036876472,1.4917675948373494,0.005279806066066262,1.6756621876804814,-0.007743559420044714,-1.477671685689056,0.055885947353649934,-0.8005248744199136,0.12053401953050527,2.4933757455082235,0.015893854003465324,2.52067772720763,-0.010894009760381351,-0.823958066360276,0.13101408824150756,0.0649109400930186,0.07888493428645184,1.1880069211051856,0.006911687037267189,0.993384880986334,-0.00733575060559192,-0.06338520692650512,0.13911186857292623,0.26580901691470615,False
2024-08-20,0.0,0.0,0.0,0.0,0.06161916775073756,0.2849935286280815,0.003538626535241951,1.1364933820059213,0.0024122803558860317,0.5392447842432719,0.061467949812798364,-0.7204252467327946,0.11200699304842812,2.121163877847519,0.008468046713472122,1.4289573912822402,0.0006877023397334381,0.1831083506907374,0.13844137132869738,0.2706489650801193,0.07706843200120717,0.9942937572098169,0.005885700639647107,0.9093794403671326,-0.009554623989907958,-0.1856367793762371,0.14974792201707232,0.7411408671555288,False
2024-08-21,0.0,0.0,0.0,0.0,0.03419081856505737,-0.4793278993083461,0.003195993064965208,1.0177473080935902,-9.291453175730435e-05,0.05323587912761539,0.050271398424689376,-0.8882147617759131,0.10839206927978856,1.9527813432029262,0.008141381679718673,1.3601838243313298,-0.0010636355916986426,0.04566820503324094,0.13841006844336892,0.2678629794349445,0.0766545270802696,0.9324060351072528,0.0005670896893599231,0.49507555031418415,-0.011281669664849671,-0.273240369455934,0.15278712585019832,0.8676197129193957,False
2024-08-22,0.0,0.0,0.0,0.0,0.11596225917005998,1.7716210043445038,-0.004631301106177377,-1.320491968237636,0.009420531171775806,1.9274563295495155,0.10229973521932069,-0.08420281445497875,0.11388018071709677,2.1912752965905833,-0.0007832060649379802,0.05539561842343013,0.003781498829907192,0.4638508077847396,0.15240273390307715,0.6756017903068402,0.07694074184334089,0.9332868150310785,-0.004050346083911194,0.13429305590926577,-0.013302973587555169,-0.37604956984107696,0.15242183273396825,0.8442482828115417,False
2024-08-23,0.0,0.0,0.0,0.0,0.2011364645317523,4.132527599353568,0.00851072944336928,2.5858450690616572,-0.014890347336241172,-2.8798296147431426,0.23324381247976156,1.938327948408807,0.10282433375025928,1.7065592152256237,0.00028812621114893133,0.19458153874277537,-0.0043978901037491,-0.22378072026863335,0.14888525460258833,0.5749731147663361,0.07577629032833645,0.8064235506807078,0.006258728484715981,0.8610172695306388,-0.03886886342795911,-1.795305957142779,0.15798674551027633,1.0915070741207709,False
2024-08-26,0.0,0.0,0.0,0.0,0.034236350635089396,-0.48715342410512397,-0.002146001223926941,-0.577243118642322,0.0038381526800700763,0.809181592127875,0.10732539779759118,-0.0008245033762081216,0.05328238646716174,-0.4695007355039,-0.011060519436650873,-1.4277799384710428,0.010968287819846193,1.0845663462069253,0.12431374266816658,-0.14430851524253593,0.06481075155029464,-0.17796839702257544,-0.009032898495043629,-0.25588596036362565,-0.01769376252707008,-0.6094837487024876,0.1511344894677918,0.7716093248028326,False
2024-08-27,0.0,0.0,0.0,0.0,0.040107357058934326,-0.33534228894099705,0.003211961501488503,0.9811236756529027,0.0006609424244539511,0.19875075897539593,0.060305015948326796,-0.7331333134947341,0.059002436286682974,-0.23109548398607344,-0.010683169134017234,-1.3691349994747652,0.016932026393605026,1.599451256373911,0.1454498033092193,0.47726549352472464,0.06713105372338261,0.003958803479075335,-0.002278507373649652,0.20439249322549147,-0.03820582719385661,-1.7252694250821317,0.15103864224231672,0.7554175272477038,False
2024-08-28,0.0,0.0,0.0,0.0,0.07992943778490358,0.7128557003014558,-0.0057285946796914455,-1.6287110105398621,0.00475221988984853,0.9807347208563967,0.15153182272635385,0.6667159622261717,0.0737733897804845,0.38837754887017656,-0.008951593110458456,-1.1329937485111583,0.013255682981777334,1.2884904921710632,0.14632066330201343,0.5026817877288634,0.07089009650969949,0.29660327476421344,-0.005134403914206165,-0.012210833195012413,-0.03786952829023849,-1.6813889172525032,0.15227588335379427,0.8015759647917915,False
2024-08-29,0.0,0.0,0.0,0.0,0.03759353818664249,-0.3982115836206014,-0.0035599688300904653,-1.0004266882270032,0.0012411422381195154,0.3052867890272056,0.13084726002592195,0.35380576296406624,0.06795429936317826,0.1275664741454186,-0.0018035733538867005,-0.14430435444798806,0.005182900202114279,0.5994532187954347,0.14024926699632304,0.32263954532632055,0.07081034066236944,0.26454167355907,-0.0033245798807862714,0.09349225542156869,-0.03524053915545963,-1.521721122679133,0.15024252787053832,0.7013160350672405,False
2024-08-30,0.0,0.0,0.0,0.0,0.049380752046579414,-0.09223806616261744,-0.002837916204430524,-0.7753648988850276,0.0004758305873541202,0.15174810205168227,0.1453057961234359,0.5732216784639137,0.06793558341577646,0.11276505147263018,0.0003349527678978559,0.15373102694778581,0.010635670152509102,1.0669332376046894,0.14742760315733328,0.531908658283003,0.07167575255470561,0.3083488388950739,-0.004022886281336846,0.0302973209171801,-0.03746930960678852,-1.630713574985916,0.1550100286443556,0.9080603882598609,False
2024-09-03,0.0,0.0,0.0,0.0,0.05448191288279505,0.04486172076502947,-0.0017686509212933021,-0.45821486353948276,0.00980189125382891,1.9542567785029807,0.19227209330741843,1.298629051735448,0.06796005347302195,0.1036011172020081,-0.00108540625831266,-0.04555560484008941,0.008316298480613734,0.8714041251151514,0.1351746567634037,0.16517151693774165,0.07612691415394372,0.6292496258499863,-0.0054253349765830405,-0.07638313999380524,-0.04571666036320374,-2.067751459030479,0.15302623109903485,0.8082757230629405,False
2024-09-04,0.0,0.0,0.0,0.0,0.10234392165587491,1.3150464761564413,0.004943537525047281,1.5023645913745827,-0.0030154009873737397,-0.5273878452131321,0.06343003115186698,-0.6978233341537419,0.06401410565295637,-0.05799126676079701,0.0003298748509462657,0.16089600945556842,0.0013169320457674012,0.2606677066547697,0.12126835087713936,-0.24805619653018407,0.07894633962413297,0.8215236310761711,-0.006823438479820143,-0.17790472992694936,-0.04553832900988753,-2.0576114910915453,0.14947113790547079,0.6442085006933124,False
2024-09-05,0.0,0.0,0.0,0.0,0.04987321859486209,-0.07720763732854813,0.0014194250768803096,0.4789663518098269,-0.0033205628898145267,-0.5932700652422411,0.0845853731688672,-0.3771085099711001,0.04894245256974086,-0.6883861670771337,-0.005673470450864859,-0.6666056636402812,-0.0008048250735050262,0.06761948159738959,0.12378620494625081,-0.1762771102336349,0.07931213889167815,0.8232443327913047,-0.01737910225840189,-0.8803716042691894,-0.044091497243273,-1.97966668904388,0.14872330940115136,0.6050254572598911,False
2024-09-06,0.0,0.0,0.0,0.0,0.039710860023330075,-0.35460157321631536,-0.001421442708305909,-0.3586774630908194,0.006693912188514339,1.3393599622624204,0.16551840289585656,0.8794511850895728,0.05269123449784341,-0.5347900430693645,-0.0028585161439083073,-0.26786077888342996,-0.0033117673471781597,-0.1549158521836665,0.17508261032556038,1.3571968136556687,0.07880772615320988,0.769930244582909,-0.019496146069602593,-1.0260420880075938,-0.04210787573344707,-1.8699486542188197,0.1505968251249925,0.6873731740437475,False
2024-09-09,0.0,0.0,0.0,0.0,0.041812089331767825,-0.299202571956516,-0.00425827523064104,-1.1899741867586702,-0.0018435410845412485,-0.3037158902854144,0.05577260281451684,-0.8194623375974367,0.057674414183665056,-0.32693893946104613,-1.9660270513033318e-05,0.12800724109661382,-0.014757455971114702,-1.140941566906022,0.16748208801179237,1.1306829538600982,0.0782602696358752,0.7188974301469854,-0.018074703361296685,-0.9394416220097511,-0.039939458962587854,-1.732888057123666,0.15647307671255944,0.9534795992707069,False
2024-09-10,0.0,0.0,0.0,0.0,0.040987810135541126,-0.31989589428947307,-0.00035336981203437645,-0.04864545095323829,0.002802524818982577,0.5845093269934941,0.15031243241430162,0.6431449989404797,0.0592751700840182,-0.26085732524425564,0.00743233967184076,1.169703771180071,-0.015656356693694733,-1.2240373209141082,0.16910706081093915,1.178909068161658,0.0789044406952513,0.7575856058009205,-0.01834757317817015,-0.9640342986301643,-0.03427238371332709,-1.4158689389737495,0.15778804848064404,1.011469296350887,False
2024-09-11,0.0,0.0,0.0,0.0,0.036631522838402555,-0.43561156768026915,-0.0010598077767638436,-0.24807101804755907,-0.005137158106646167,-0.9462777461919977,0.0843687500551871,-0.3765989052415848,0.06699019190970278,0.06496375900015278,0.004581752214656509,0.7734105616689647,-0.01901880468641933,-1.5189055656120263,0.1585563166303901,0.8628235847567235,0.0801847149465752,0.8459889207243457,-0.017647209445074474,-0.924524264462736,-0.03557384816839319,-1.4802121085378466,0.16125513301516928,1.1688591427276576,False
2024-09-12,0.0,0.0,0.0,0.0,0.06791623524202953,0.404625986272125,0.0042343793838368615,1.3027539352312087,-0.00582750516348766,-1.0851411874250707,0.2928675965198674,2.865806863523743,0.06378764808387882,-0.07071937601038099,0.004576936317563618,0.7739232659687588,-0.013391693858006906,-1.0399360484463926,0.16008390011680101,0.9130436745625538,0.08041286083004054,0.8564829058746042,-0.017281630403584436,-0.9069989152192965,-0.03558394558673236,-1.48402011871454,0.16251295381926956,1.2267757403697588,False
2024-09-13,0.0,0.0,0.0,0.0,0.06808539507055864,0.41263433072354133,0.001417413165089365,0.48005698855928725,-0.004751776435422202,-0.8716683344670769,0.09361100082823037,-0.23546333256182245,0.06363085392675924,-0.07336943119771834,0.004596376602172936,0.7818772837927606,-0.017526621498879992,-1.4004507919432398,0.15019088221979002,0.6163269541529698,0.07948390512335451,0.7809035372465105,-0.02463772879867354,-1.3977097054781331,-0.026997466362197797,-1.0158024980762586,0.15371356219249577,0.821541543214102,False
2024-09-16,0.0,0.0,0.0,0.0,0.048667545285473145,-0.11227602281893347,0.003193724711712753,0.9925024217282766,-0.00274244180712128,-0.47616828195773575,0.05929578971065975,-0.7717380560295376,0.059409520487086975,-0.2505913064044581,0.001398979022038338,0.33372349467935253,-0.012089610382513475,-0.932464024699117,0.1550887844606489,0.7551088148887898,0.07907898142705518,0.7436453266658541,-0.02674673013590856,-1.543044893025908,-0.012150608591044004,-0.19778231399499496,0.15718451502297848,0.9791315989352254,False
2024-09-17,0.0,0.0,0.0,0.0,0.06300935848466298,0.27273607467742855,-0.003203957269218627,-0.8881432479394231,-0.0005599231737420199,-0.04883492946344217,0.09846386190751695,-0.17164994925164004,0.05680600474409072,-0.36080616943072996,-0.003216188397980324,-0.32021231734083316,-0.011461387029854997,-0.8703981538414639,0.15075716835191777,0.6168404549025711,0.07826605638209162,0.6778041761921183,-0.03270482444783307,-1.9429695347936617,-0.01126573286030963,-0.14803640594017503,0.15708205799706038,0.9718901728505294,False
2024-09-18,0.0,0.0,0.0,0.0,0.018039583540082595,-0.9446844961150265,-0.001064623673856735,-0.26504834570609664,0.000489952721766255,0.1575437409116483,0.11177831739882865,0.036974438623211155,0.06469191090253748,-0.021818279440399654,0.0056655423336881006,0.9306525556679236,-0.02704682252474111,-2.2087265251805435,0.18088019000159164,1.520173630747785,0.07709400259390618,0.5846035493163291,-0.032602147564069095,-1.9423818469854224,-0.009286924722309962,-0.03603256595239447,0.15653208695364249,0.9445018205805077,False
2024-09-19,0.0,0.0,0.0,0.0,0.05954610990309664,0.17921746233619976,0.004253819668446179,1.3038306604498746,-0.009962432804360747,-1.876658871576573,0.26515316053840443,2.399707660891468,0.0762327163385487,0.47448238278323374,-5.073152884549348e-05,0.11708979315649581,-0.021252021681859506,-1.693027364902696,0.1789091190886753,1.4569419251353415,0.07782583013662737,0.6344666951582213,-0.028789368799822745,-1.6971666738995745,-0.013711200671334908,-0.2798279511687515,0.1576026551565067,0.99219697917566,False
2024-09-20,0.0,0.0,0.0,0.0,0.03675212364047511,-0.4350292600020606,-0.0017799844150452326,-0.4703264989555412,0.0006852346809443169,0.1959219271887654,0.10088773660933614,-0.13025310533477827,0.07993169023252238,0.6358881950095026,0.00030383870017536285,0.1631164146884466,-0.027963500864215212,-2.2648476203602743,0.1433396905434592,0.37577732849555956,0.07831040752847374,0.667371085393696,-0.03752126464243233,-2.2809242972411274,0.001385397488426364,0.5597220946655476,0.14698134852217332,0.4999830542473155,False
2024-09-23,0.0,0.0,0.0,0.0,0.039278658201334325,-0.36837218569635827,-0.001421442708305909,-0.3711541601282746,-0.0021142184544628018,-0.3377517505421359,0.018973543777899612,-1.3901463979119217,0.09144496107580952,1.136556899650364,0.0024398880761525854,0.4623627759817658,-0.02765149421708746,-2.224787783997894,0.13588681499936767,0.14707740925530027,0.0775508083374031,0.6079493237611352,-0.03677005364555597,-2.23968967588719,0.0017966549690368793,0.5847912983528797,0.1504500803435155,0.6587841418644184,False
2024-09-24,0.0,0.0,0.0,0.0,0.08614949893709281,0.9136276180059677,0.005677773462449798,1.7242676776471824,-0.016145358668628134,-3.067089651951378,0.24298439802245758,2.030163208961355,0.09631353199208223,1.352363134603206,-5.7439861813057824e-05,0.10608557803460335,-0.018156066737997266,-1.4052054002897771,0.14227170484487622,0.33710020324160594,0.07878049130832851,0.6987787424547125,-0.03877449616299722,-2.380846875139244,0.008579346835593582,0.9676952606353332,0.15452258780579456,0.8450499693358628,False
2024-09-25,0.0,0.0,0.0,0.0,0.08920586574308127,1.0015356444443568,-0.006780897536390329,-1.9524756196886617,0.00628475356464786,1.2978030976422512,0.0776958128198424,-0.4868655829253164,0.08877767474042646,1.0297955921351327,-0.009993488554903895,-1.310406677710105,-0.0029983362825785065,-0.09815938606215281,0.13606257934945465,0.14541068577724273,0.07655109271844548,0.5280973433135003,-0.04069672550158665,-2.515754517130788,0.02322702281675082,1.795572772572252,0.1468690737388644,0.4836183654002479,False
2024-09-26,0.0,0.0,0.0,0.0,0.07402542745182346,0.581086370043154,0.004608389897467036,1.3972845356012003,-0.016673911986716455,-3.088555255776807,0.11121323034754237,0.012818830206550643,0.09657742651350101,1.3731865871445086,-0.007452955918190285,-0.9532303840119896,-0.017054610016287462,-1.2818208609953337,0.13582867147443506,0.1294011022759361,0.0747696954248595,0.3913463776599056,-0.03734281639631987,-2.3007739611096034,0.01905916711221648,1.5627562291796928,0.14660621791914638,0.46512769581324814,False
2024-09-27,0.0,0.0,0.0,0.0,0.07776260176331581,0.6780716533893564,0.0003560649609319899,0.1564483224759587,0.00099724132807207,0.2705172257379359,0.10229959953549064,-0.11946837847643552,0.1020035612447743,1.6107379369825887,-0.015228100240187725,-2.070154568572216,0.009599524577574108,0.9917820642370421,0.14274596268237763,0.3302245511925072,0.07253511121232364,0.22467417833704684,-0.0419512062937869,-2.612310401421077,0.03462329942841942,2.4414538550040943,0.155355012753612,0.871632437115866,False
2024-09-30,0.0,0.0,0.0,0.0,0.07874056777560252,0.7030345630162491,-0.003918770646271552,-1.0957137026756603,0.007381209024627393,1.4677904453654569,0.08127325612121028,-0.43920531868761653,0.10409791486537354,1.7015370347381729,-0.02119629145465418,-2.933849604344688,0.007033714028742831,0.778349645430007,0.13418347669656688,0.06957127627019526,0.06910910629250917,-0.03487863511780327,-0.042648813765179594,-2.6673861096745832,0.0359364497401193,2.5121848323071507,0.15650772524668868,0.9231270690353395,False
2024-10-01,0.0,0.0,0.0,0.0,0.04573591972908346,-0.20676968773056012,-0.00425827523064104,-1.198500373779018,-0.0009876282132093757,-0.08997410273672919,0.2222715298570792,1.7073329620932516,0.09905448625670124,1.473047319479512,-0.017975139542703022,-2.4791405647118054,-0.0016844363758731576,0.05836722366275531,0.13910620677749996,0.2187127019524415,0.06737706465938478,-0.16813176700341975,-0.03634006182589422,-2.2500349939272386,0.032077471736543586,2.29596148943277,0.1578040756181136,0.981004974912022,False
2024-10-02,0.0,0.0,0.0,0.0,0.10621600648333092,1.4539087552018282,-0.0042403648996767185,-1.1867492228555323,-0.007771520169061093,-1.3581382874924441,0.06816906154879682,-0.6383152998060259,0.0926489709364381,1.1826328815986757,-0.013716864312061983,-1.8718389642332764,0.008165520796709774,0.8819522121472161,0.14314239891560773,0.34051008546740213,0.06675565007485211,-0.2169037394507566,-0.03139736943562177,-1.9231773416816873,0.03494952511586317,2.4561098312066147,0.15740162024221932,0.9601005235359003,False
2024-10-03,0.0,0.0,0.0,0.0,0.0935599185152334,1.1095103396760058,-0.0031667544245304047,-0.8663091469648607,0.009980222607145114,1.9462271487596459,0.12012215322242971,0.14467465990739883,0.07899454936047791,0.5808059722820436,-0.01400764445989977,-1.90255287930149,0.01976057513049038,1.8484584334983325,0.14915260723538137,0.5243696051738113,0.06364806651929811,-0.45771682593499885,-0.031266602377802544,-1.9196559114472087,0.046339628415890816,3.0824596561820328,0.15842581670871062,1.0041163019521178,False
2024-10-04,0.0,0.0,0.0,0.0,0.10694233414562991,1.4667381987265553,-0.005612126253534466,-1.5709333672733539,-0.0015685692207592083,-0.19786699449607362,0.03638834441482014,-1.1250085888005947,0.0701759695603304,0.18802199403190117,-0.010493896114308066,-1.3916048866174102,0.011281412887261737,1.148730554301974,0.16723360651686353,1.0790302063751611,0.06240814099717482,-0.5574049730685867,-0.024348076039067745,-1.454617624742466,0.030221492853823327,2.187524840520881,0.15961007710776307,1.0568614518242858,False
2024-10-07,0.0,0.0,0.0,0.0,0.03792069628439343,-0.43787404134767083,-0.0006976187343203932,-0.1361154281625106,-0.001336941379988595,-0.1638651480199215,0.13618015003242134,0.39274230710819674,0.05251577390685482,-0.5875993138272905,-0.0055759985960474046,-0.6660804160209036,0.007702726583035614,0.846164755396035,0.18113144126816738,1.5066404033126999,0.059676189710855795,-0.7735449293281251,-0.014627829195125175,-0.7954505740215804,0.024667600701517148,1.8803615957634345,0.16007821641721026,1.0776725279777097,False
2024-10-08,0.0,0.0,0.0,0.0,0.01530562317234085,-1.064285902789504,-0.0,0.0749951752569258,0.008862328959373555,1.7238323822846509,0.24380534134689835,2.038104655200589,0.05466228019781833,-0.5009712911996697,-0.008000098872979255,-0.9776481034389894,0.011798642024071103,1.183181657437205,0.18268033851503823,1.5580322947422123,0.07674383214465044,0.5414643156408082,-0.03008691722183543,-1.8421570417456172,0.035988671448687476,2.4868326302512695,0.17826209822416994,1.9383472543917963,False
2024-10-09,0.0,0.0,0.0,0.0,0.06744917377921529,0.36851100938076853,-0.0045311450475145065,-1.2422973279968632,0.0038235341647195145,0.7944522322186524,0.11221797605539258,0.031288057051419856,0.060018642343381154,-0.27636971202846916,-0.008691687045124907,-1.0490338044752103,0.013031394400429145,1.2887319600220144,0.1686173274297726,1.1267539263647877,0.08566169883896396,1.229136009733867,-0.02196788938229921,-1.2819478713663435,0.011608130814778407,1.1791578611565434,0.17544231036396452,1.8043019359814767,False
2024-10-10,0.0,0.0,0.0,0.0,0.05832599164828108,0.12331085390287833,0.00034699392106130045,0.17686370184519,0.0015010603639164695,0.35288958782273744,0.21487090895502456,1.5753141408838174,0.05280040726670128,-0.5929320551917598,-0.006924911597822159,-0.7910784291659866,0.007350294159322718,0.8111565353797702,0.16428692142948934,0.9936184106782981,0.08880529353819858,1.471357211049583,-0.024258064720848793,-1.431706908403422,0.02221848743057383,1.7481949255347844,0.17811651522237457,1.92704230705741,False
2024-10-11,0.0,0.0,0.0,0.0,0.04703098694842779,-0.18928451180026115,-0.0006942287352738052,-0.1202332023986692,-0.005147255524985332,-0.8789320454850607,0.09344785964706609,-0.26453337650607067,0.04735051531151517,-0.8319734004428427,-0.010373185904338111,-1.2494505014778325,0.007268118759663895,0.7896144864718371,0.137719906465935,0.1691436607206659,0.09084680604369184,1.6281467001628245,-0.03036379682159762,-1.8407802845283925,0.028549699190877166,2.0890797420339777,0.18441483086239052,2.2211337527323853,False
2024-10-14,0.0,0.0,0.0,0.0,0.04307722599978772,-0.2995128335970999,-0.003121719011252244,-0.8302615017960971,0.0027589740610468962,0.5811185543711832,0.13567489655678192,0.3671954934594301,0.047407532964839294,-0.8324557170571076,-0.0069308020786746916,-0.770447003379966,0.008481051057390537,0.8836485038433983,0.13887075630165202,0.19905715386736034,0.09148092183648829,1.674604889391161,-0.0340481677801322,-2.086064497253272,0.04266936491490492,2.8412153849039403,0.18413480829709522,2.1998048292313648,False
2024-10-15,0.0,0.0,0.0,0.0,0.05592066735960098,0.056065089333790945,-0.0006915881721456518,-0.12038860326062188,0.010095081335731596,1.9450278735451054,0.1799032657968218,1.040123565448141,0.0574020959769763,-0.39767055812901503,-0.00828715924158585,-0.9544067794446978,0.010856242351744169,1.0769826482157516,0.12075633348263573,-0.36890578248705874,0.09200204664909385,1.7121883985397846,-0.0366273213624243,-2.2568152022322003,0.04285012126544792,2.8525106603000037,0.18218934338417522,2.098523638689212,False
2024-10-16,0.0,0.0,0.0,0.0,0.029648414536594773,-0.670866522506604,-0.002764369600211758,-0.7234945614580035,-0.001857566076386911,-0.2727208016659762,0.06088414543079933,-0.7682116124105461,0.05120385964083308,-0.6647773411037362,-0.00862434448760907,-0.9962578862969986,0.0018576531775674017,0.324998218849636,0.1269012559924511,-0.1864497268577775,0.09165822046432683,1.6834329707304418,-0.03993707554062087,-2.4663379886983154,0.03554193190589583,2.4724867801635217,0.17615270796231136,1.8103093884842667,False
2024-10-17,0.0,0.0,0.0,0.0,0.03603054584022465,-0.49542288319800976,-0.0031012803854546522,-0.8236727348363045,0.0014188849642576458,0.3232026373623744,0.05815201082657883,-0.8148278832125918,0.061679201447625856,-0.20915731840806867,-0.009285860113144473,-1.0816573324616876,0.008383692666048215,0.8576812834355368,0.14071226930569922,0.23282206978469502,0.09385569870545543,1.8535231338399143,-0.03617639131860195,-2.1932973220252885,0.03562435733359633,2.484207324818163,0.17610843120197045,1.8039756179326414,False
2024-10-18,0.0,0.0,0.0,0.0,0.049501310902131834,-0.11768369688732634,0.0027481550903896146,0.8989928197087989,-0.003934323227258692,-0.6634250691565026,0.12670532073209934,0.23090785360400573,0.0651355842059344,-0.05581917066485976,-0.0024290356038294547,-0.13885254342153314,0.005467125014319674,0.6132173132740588,0.14258179745965915,0.2854804565369564,0.09587028779245835,2.010687904082349,-0.028088432591924728,-1.6230383180607326,0.025928447145070588,1.9746724497196921,0.18946605981985543,2.434798795204707,False
2024-10-21,0.0,0.0,0.0,0.0,0.08619767978373206,0.9081830091743557,-0.004478076174163403,-1.222772209198807,0.005134165355400529,1.0122747099156473,0.026461380256540032,-1.2908381899866577,0.06449810163442338,-0.07942522492954515,-0.008604179125342615,-0.9779776175205382,0.01151834610169189,1.1113817970068256,0.1345968211546112,0.03921111651586427,0.09523049289603552,1.9615141876503652,-0.030502393700753916,-1.760838047109877,0.030644483011694642,2.2316223562648436,0.18869174647374012,2.3948091685674044,False
2024-10-22,0.0,0.0,0.0,0.0,0.023106649747802608,-0.8532366346148555,-0.0010287734181688712,-0.2122678831568862,0.0010964921615548295,0.2684812647246971,0.22381484311920835,1.7163531696409742,0.055055144388540964,-0.48749537463183323,-0.004126102951179211,-0.361402704061793,0.005274401075777849,0.5900540073581494,0.18177045254620444,1.497119878985679,0.09429042097150175,1.8879121476089862,-0.03103773178413627,-1.778889400199936,0.02779431902058479,2.0858262187807792,0.1890214597379428,2.4065142155096075,False
2024-10-23,0.0,0.0,0.0,0.0,0.07465936392104575,0.5840992855580714,-0.0034258852257471606,-0.9108367878537952,0.004668473412093903,0.9255756045033379,0.14092488795016844,0.45718313000165367,0.05506648098071858,-0.4861087510760644,-0.003438872043471042,-0.2625786638868802,0.006488300553994963,0.6852070367659077,0.16468602264453858,0.9729089921387071,0.09516629908224881,1.9564693178432948,-0.03333451620484851,-1.8985735128495667,0.028504759879810458,2.1234448028185433,0.18438003005700332,2.1884948802010014,False
2024-10-24,0.0,0.0,0.0,0.0,0.05878032793978531,0.14419644947759805,0.003755544123860366,1.204834607717178,-0.0014976826874708953,-0.21926554209425178,0.06456603489306548,-0.7111055113413131,0.043704352146343224,-0.9812833423274272,0.0023769944752899397,0.5399313560280443,0.005342058162952745,0.5900345920944619,0.1598785861927495,0.8269383524145602,0.09402693422269744,1.8671987998786206,-0.03521190090182669,-1.9908283673416576,0.024506429240741017,1.9078737003614932,0.18418880277088817,2.1803208861307835,False
2024-10-25,0.0,0.0,0.0,0.0,0.043890225673534705,-0.2759703515814309,-0.0034269884311235455,-0.9082273449067912,0.0021168978601135238,0.44794856163688523,0.07239514433861423,-0.5957751854360918,0.04326627984253587,-1.0019321250031301,-0.0006941324889390144,0.12398376525642214,0.008724166016533844,0.8674582605816175,0.18110362661928303,1.4886575307647953,0.0953295673645358,1.969248659220861,-0.032043626401772496,-1.754337511746222,0.022454584053892078,1.791366311483833,0.19885282257699627,2.880221697892471,False
2024-10-28,0.0,0.0,0.0,0.0,0.03943858698268987,-0.4024499528838217,-0.0,0.09634280510873668,-0.001109779670513511,-0.15104845951088033,0.21257531211091818,1.5390404363704997,0.05651203490943652,-0.42108257202693505,-0.001376741899672962,0.031033804388515586,0.010225851287386881,0.9909485001223168,0.1857496282686089,1.6356394044633762,0.09568052650315,1.9984792305342565,-0.029944707665424897,-1.58843344240167,0.023858944874915543,1.8450883857269609,0.19806972385084803,2.847210407526218,False
2024-10-29,0.0,0.0,0.0,0.0,0.021965125991215563,-0.8942466250307385,-0.0003415425104607017,0.00017098879619812567,0.0023103916397719435,0.4848987256641864,0.10077703916003089,-0.1587078723643431,0.06699587228010738,0.040920135836674455,0.002375030014531432,0.5515890025326438,0.0051977180029780055,0.5664864746662702,0.15933320715648486,0.8130203742788,0.09852437711599502,2.2268958764567603,-0.021323909000099506,-1.0213094883865597,0.02250197608591557,1.7568619052028187,0.1866977589205111,2.3052222427321185,False
2024-10-30,0.0,0.0,0.0,0.0,0.022603623405139796,-0.8761040288636759,0.002389981293013821,0.8065536608821198,0.003522231021051684,0.7135435104763159,0.1439918635151052,0.490511271978818,0.07313657096991243,0.3149311926219721,0.006824693115400238,1.1675589011515213,-0.004235135009859319,-0.2218766450691966,0.15099635853612525,0.5429954905217859,0.09951097389142183,2.310304957287895,-0.019310202473742377,-0.8719505239759834,0.018258791250075717,1.4992924277472506,0.18605711309467174,2.272381041969467,False
2024-10-31,0.0,0.0,0.0,0.0,0.04558335510228487,-0.22324206775598315,0.0006844171596314119,0.3034789904056997,0.001884425166110204,0.4055016326666255,0.17604513637378946,0.9802767327757392,0.12327352728229252,2.5391001975629246,-0.011721994938644231,-1.38979764509005,0.002226763336270735,0.3140279047865042,0.20955812931565837,2.3650650483926503,0.10051387963854902,2.396979607213465,-0.027730278160240984,-1.3672197651426412,0.016374945297295624,1.369633523111628,0.1847378228238152,2.2060204626019715,False
2024-11-01,0.0,0.0,0.0,0.0,0.08935892465862066,1.0178360378292282,-0.004109597841857493,-1.1208784397866887,0.003618583130966561,0.7280385883709174,0.11688791738382326,0.07776335217930498,0.14399463645071656,3.4621838953136055,-0.004287384258739424,-0.3664247470731453,-0.015175873504374993,-1.1436084378702758,0.21464097774546986,2.5217310458756854,0.09960569447742638,2.3317621693341124,-0.028081751473632344,-1.3693334566800397,0.01357011269124786,1.2007039186045287,0.18305369313183978,2.1211048653857922,False
2024-11-04,0.0,0.0,0.0,0.0,0.0882145045289168,0.988795208486421,0.0037517719142043937,1.210106110192199,-0.0061379129549223865,-1.1072031810478793,0.14626885886629143,0.5211127727014984,0.15000152947393583,3.733215124580999,-0.00699910680294602,-0.7439668265635635,-0.004360565854826616,-0.24345748745653423,0.22415391841169285,2.8036095353899726,0.09832569616810335,2.2364771846186082,-0.023639030225931057,-1.0855690931195248,0.008272500583445494,0.9065079825425529,0.18142940903355104,2.0393713612247004,False
2024-11-05,0.0,0.0,0.0,0.0,0.06928504959476117,0.44777388670829266,0.004108120590408104,1.320459709601064,-0.007122461373065381,-1.2972657436908288,0.06678210366844073,-0.6929076835090565,0.15453251320601508,3.943930023922676,-0.016509616896837942,-2.067945829764661,0.00960961922431558,0.9210099161003532,0.24721706348341715,3.5004782237218763,0.09808396826022751,2.2241358199909005,-0.02205925759759586,-0.9777489966253314,0.008659607124963681,0.8947644389983684,0.17670776133757787,1.8075562636616103,False
2024-11-06,0.0,0.0,0.0,0.0,0.2201963890461894,4.7174344635235235,-0.016156706761030648,-4.695103475311102,0.009984129367181738,1.9275860780763903,0.3279523181439873,3.3021821610245334,0.15531319345705535,3.98792479141259,-0.02499633718105443,-3.255749580770334,0.025704490796423375,2.269222162261126,0.24955057328708838,3.5725947887432774,0.0970746280146574,2.149840048714142,-0.028847473855685757,-1.382377975812181,0.017284244000559466,1.3044312670804814,0.17705853300911906,1.8195060907310454,False
2024-11-07,0.0,0.0,0.0,0.0,0.16729791188773616,3.223231616516443,0.00811902783953622,2.492104291967767,-0.015518211674535523,-2.860612204711354,0.20830962094092145,1.475413089594283,0.1181186135767645,2.336057506668083,-0.014540503013568129,-1.80391876946925,0.01866009184083154,1.6836244255869055,0.20333640377144985,2.13931160972593,0.08506262909225268,1.1896232528669117,-0.014361254859449946,-0.5033552598382813,-0.0007941010927070939,0.3997750406371848,0.1644464221161995,1.2061284137547899,False
2024-11-08,0.0,0.0,0.0,0.0,0.11230666985573345,1.5646054048730014,-0.006821320386064089,-1.8208596727898219,0.014433890780514935,2.7402487503567925,0.17530801492904144,0.9326153081734099,0.0930473408308322,1.1899737157416799,-0.026660873203446567,-3.4751084813674336,0.03696519549154657,3.2273042526236306,0.18090689469370777,1.4158063952411604,0.07649234420271744,0.4985109813918849,-0.0248151891167262,-1.1268332742153933,0.019903573286514258,1.3933167378484876,0.16114451693087822,1.03054754882296,False
2024-11-11,0.0,0.0,0.0,0.0,0.11696634895165976,1.6449971473667782,-0.005758738179687528,-1.5152489814758583,0.007832272124219811,1.4964469348804215,0.31329659402073573,2.986614628967571,0.08616641392525247,0.8493949547644594,-0.018843238195575318,-2.393310159381004,0.020756164062345223,1.8663313824564285,0.16000867239742808,0.7521483508171691,0.07157781229381413,0.09593979901770285,-0.021321639999965947,-0.9107743250896069,0.004290572678684231,0.6272566647690055,0.16031583935082877,0.9771312644956385,False
2024-11-12,0.0,0.0,0.0,0.0,0.06708033219994008,0.31240160306435555,-0.004378599693808383,-1.1154140492776585,0.008972410199042416,1.669022754605772,0.11152864797041735,-0.033991527118492286,0.08034821392979082,0.56697750552385,-0.008097821674665218,-0.896357475698985,0.004646866713857315,0.5132136597653812,0.16934493919560548,1.0084828176750256,0.06701101149495099,-0.27835332574886756,-0.01887963575767737,-0.7570672291115169,-0.00025677260258679356,0.3966295555789535,0.1497170565347281,0.4597316783476587,False
2024-11-13,0.0,0.0,0.0,0.0,0.05588972433270363,0.008599510295808376,-0.005700872593544348,-1.4717761579635624,0.0029397304115899026,0.5686599754019828,0.10524939065762676,-0.1391353751006739,0.07189333167913448,0.19101859551224046,-0.0033850279992964083,-0.22879308664228784,-0.0035438308458197354,-0.1819182107329362,0.16834218572712784,0.9405469682639098,0.065733787253424,-0.3875274019258251,-0.014831626651584773,-0.5033965648410277,-0.008375621420438904,-0.006990311746138271,0.15024924627878367,0.47013151166994444,False
2024-11-14,0.0,0.0,0.0,0.0,0.04773521135547392,-0.20827865041692536,-0.0040013423503422185,-0.9952350284662698,0.002786891976179503,0.5313359780665747,0.027942132454543092,-1.2774894980398053,0.07190269098350895,0.17004864802524375,-0.0026975696632978163,-0.116282845302537,-0.004199559893118968,-0.24550318126288057,0.1621518200000659,0.7269676427301114,0.0647900918273438,-0.46928303793675025,-0.007478415515987158,-0.051204017766131746,-0.00883922408062998,-0.041348203266164986,0.14907942141929112,0.40140413797926766,False
2024-11-15,0.0,0.0,0.0,0.0,0.078188202734281,0.5978452160991555,0.0009963146218071595,0.3946940243269509,-0.0017751406486864092,-0.2921478439476533,0.05387817802049931,-0.8969990948294116,0.07395664406622729,0.24030177772661301,-0.002021785151836708,-0.01681926408912789,-0.005179518848517974,-0.3337374047947472,0.17074715061013626,0.9582715369848642,0.064599324014877,-0.4907078382149062,-0.00447008984002728,0.13776693275660265,-0.009203211807878682,-0.0701026512220326,0.15020903466648222,0.4411451175251823,False
2024-11-18,0.0,0.0,0.0,0.0,0.0860389256359585,0.8085112908104629,0.004986678341222572,1.5016717781938722,-0.008277025224268098,-1.468173336909413,0.3328484971054151,3.2209313834640403,0.06179164671943531,-0.2419434772852088,-0.008321369696369207,-0.8303301657109019,-0.0027342354268071,-0.1420424601319046,0.18055367764738522,1.2298994796365887,0.07351546177613809,0.20595662918965313,-0.01704049242269412,-0.5985291646706958,0.008826803023085064,0.7634451593628393,0.15736297528983828,0.7607474657503356,False
2024-11-19,0.0,0.0,0.0,0.0,0.010294816870864228,-1.206664415289574,0.0003341939815604267,0.21487786589016405,0.0007817126393653654,0.167974854881292,0.09600544504402171,-0.2652269611852175,0.060769086628384116,-0.2857163100014503,-0.006384229413677223,-0.5601967198712641,0.0019932619231411612,0.23394412744129364,0.18133860502760862,1.250915609709043,0.07508909963276923,0.3191479391685922,-0.023988600318202047,-0.996783323148758,0.014627966321028548,1.016896469167402,0.13893962238814622,-0.09599912555937079,False
2024-11-20,0.0,0.0,0.0,0.0,0.0607164101880989,0.13024937241559503,-0.005013414257545756,-1.2685966779786908,0.00228400136429067,0.44506039083875276,0.04824789751298468,-0.9636400198171859,0.0669474863060877,-0.0451363057818199,-0.008046493090013596,-0.7740965821670585,0.004732807964912784,0.45491124546458755,0.1762939723410938,1.1036726411301843,0.0782115093084558,0.5503908837909414,-0.019428853230448295,-0.7207104011080767,0.008248144315741463,0.7107172403359305,0.14024509498488194,-0.04668717666181579,False
2024-11-21,0.0,0.0,0.0,0.0,0.058566003304352014,0.07838621534379606,-0.0033255578388811102,-0.8053599457646967,0.001806933020780499,0.3590318026634662,0.12293901457835477,0.11637888157171616,0.07958087485982651,0.45270930949275445,0.005587719832857552,1.0087536653110598,-1.7941858891368234e-05,0.07004023801226605,0.17801458375198786,1.149253578064617,0.07842499210777457,0.5542908770792815,-0.01808201304078083,-0.6331942963452639,0.0070295238773364615,0.6424605940101987,0.1400963196183785,-0.06354963258737607,False
2024-11-22,0.0,0.0,0.0,0.0,0.039993125219282014,-0.4167740403670159,-0.00530326992272534,-1.3449334574797158,0.0006701427730244625,0.1518637764136719,0.10937067532526443,-0.07566599980591199,0.08064042596137289,0.49495495168270615,0.010585441687635089,1.6667583292315769,-0.003757668075739777,-0.23376000070511166,0.17269731512121134,0.9958386351668006,0.0773960495666641,0.46344067620257623,-0.01748777031079718,-0.5900285296480747,0.0032601495989654024,0.459369881821315,0.13851293771822248,-0.14415984967031517,False
2024-11-25,0.0,0.0,0.0,0.0,0.09042550475343947,0.9283118939169379,0.006923818623914557,2.038037946093399,-0.0035495278743198355,-0.6149285649008623,0.34640727101302293,3.361758175650704,0.08550583795616311,0.6878587638824002,0.009858617216875643,1.574969625463036,-0.002789425780492646,-0.15347027068457442,0.17353648952248685,1.0157860803270882,0.07712968013780698,0.4314918084740804,-0.010141560297815544,-0.15127825816062215,0.0038576447066191993,0.4769603804635572,0.13664661985422477,-0.23533247038319194,False
2024-11-26,0.0,0.0,0.0,0.0,0.05724507790635127,0.04444673291187253,-0.0013280696947759463,-0.23706644920052666,0.0035212586811369886,0.6685799767799596,0.01538485278523329,-1.442452950238477,0.07356954242697569,0.2162608459490726,0.003267742439201138,0.7129376868354301,-0.0001603053461103715,0.062318094376677166,0.09705144725089157,-1.1696358940886178,0.07444192406250266,0.2163894445506553,-0.015359454939355532,-0.4466726906128,0.009039181597471817,0.704919626487569,0.11598907330824161,-1.154085425194057,False
2024-11-27,0.0,0.0,0.0,0.0,0.10887144249948993,1.4215403927610348,0.008620798665325391,2.4825299146926603,-0.0024667484595134828,-0.417936619472298,0.060468946582444685,-0.7842406203667501,0.07118968668634228,0.1232801148787524,0.004928935539820878,0.9353929152775204,-0.005360593004083166,-0.36569435744941015,0.10124195482279102,-1.0545710575474345,0.07413297010045075,0.18308891984066,-0.015056729171290972,-0.4211328406841625,0.009004953448676871,0.6957450328140938,0.11844792612556321,-1.0445557232681997,False
2024-11-29,0.0,0.0,0.0,0.0,0.05505294950180645,-0.018511227524053035,0.0016721640158964268,0.5802501068116453,-0.0019327931960679094,-0.324067565364789,0.07563084970744327,-0.5611812972762971,0.06401714278664931,-0.16241621632515515,0.001639681417035077,0.5059865279539992,-0.008644650957973881,-0.6385915769186321,0.10438332606450106,-0.9696546111486951,0.07149818394586387,-0.025089246632756627,-0.02811586438099689,-1.1716759908098764,0.0157435499393392,0.9934534266870381,0.11910065481393281,-1.0159589322848102,False
2024-12-02,0.0,0.0,0.0,0.0,0.06238214906804554,0.17139963704480504,-0.006030094393484786,-1.528894418137665,0.0016383850682715935,0.3293148783212821,0.12684585410866145,0.16881167338630582,0.05570259025116357,-0.49707440665093916,-0.002712578266543142,-0.07244561377431376,-0.00520968225937557,-0.35710716327906505,0.10123415163488737,-1.06361423392493,0.07194779143759951,-0.0008841380222468294,-0.03828568946838151,-1.7594590071034417,0.016592592859570116,1.0240446273589923,0.12399570576087227,-0.8093235135224688,False
2024-12-03,0.0,0.0,0.0,0.0,0.010005488860711733,-1.2324048342838507,0.00033294384624005247,0.1971529209787601,-0.0009204074399375614,-0.13680544644125278,0.10625429077786863,-0.12127974147302228,0.05325916103144256,-0.5979475165044528,0.0016470283621468074,0.49291897429525133,-0.014942283053731983,-1.1609788341041805,0.10845407855500845,-0.8627781317255425,0.07075672803235407,-0.09904067424812091,-0.029222203098733024,-1.2318277208146116,0.012233980033751791,0.8209221597171242,0.12298960251964791,-0.8562940647296525,False
2024-12-04,0.0,0.0,0.0,0.0,0.0398803738410866,-0.4330786540495275,0.00033312340584379374,0.2032488473862606,-0.0016790289768358058,-0.2775801355298832,0.06692578843163557,-0.6826489600609457,0.055278815120821154,-0.5207423809822204,-0.0010208219018332798,0.13523293068712744,-0.008842412909108588,-0.6576967124640277,0.11361499471774042,-0.7204386481757173,0.0735179212041386,0.0950312810489877,-0.0231318868815934,-0.8716877345221938,0.008417732834816167,0.6432962677654863,0.11942652566157044,-1.0111881799588212,False
2024-12-05,0.0,0.0,0.0,0.0,0.07992794766709203,0.6475196844887469,0.00533154454253959,1.5612717553954918,-0.005750806413404197,-1.0256079179627848,0.06948693840479585,-0.6470106629423211,0.05356737715539699,-0.5915188479491718,-0.00468171657698091,-0.34740547657529786,-0.00834249375958788,-0.6179266344775175,0.13578560327174444,-0.0847360483090627,0.07302977110966011,0.04919651208575803,-0.02720777352012904,-1.102081448003365,0.012213182771059167,0.8114548916918055,0.11966853955287801,-1.0045824277823971,False
2024-12-06,0.0,0.0,0.0,0.0,0.020884503754641563,-0.9368990647055027,-0.002680095667681792,-0.6182919392004361,0.0015021755025304007,0.3086588210333697,0.06405253313258483,-0.7225072014556645,0.04014087938333791,-1.1337894333119143,-0.013329995056919453,-1.4852428356894403,0.0006932394967651039,0.1338015011092204,0.14998290056381586,0.3231456756470952,0.071302111058404,-0.0854826834930177,-0.03626812525290701,-1.6245447948750262,0.02110114213413024,1.2128725410984489,0.11917322238622981,-1.029241505548209,False
2024-12-09,0.0,0.0,0.0,0.0,0.05116651248695452,-0.12569430396835876,-0.0016704877647948368,-0.34894016788062865,-0.008094215726084819,-1.4532932722392897,0.15481206750311777,0.5784173121590647,0.04571122099801138,-0.9107386688893774,-0.010980489976953445,-1.1813118138228489,4.462537542500745e-05,0.08277256678979295,0.15412330082005524,0.4450165196612045,0.07114247800723777,-0.10520405317203184,-0.03358802958522522,-1.466411379649126,0.019598966631599844,1.1432435276094624,0.11742174969082207,-1.1069166385570688,False
2024-12-10,0.0,0.0,0.0,0.0,0.029355351068775386,-0.708999467729285,-0.0023349064177400347,-0.5273770835018681,0.005179462704685833,0.9904312836390597,0.12242944197646125,0.11810105184538579,0.041066383910428904,-1.0976894442928304,-0.007657663670105341,-0.7461728423388049,0.010614968852908652,0.9661556302126892,0.14058877259093494,0.06514659046847115,0.07300604142079856,0.02101402794539833,-0.03698339538538009,-1.6565934262108222,0.0377027828008909,1.9605617602672651,0.13346726510186874,-0.44012338988018684,False
2024-12-11,0.0,0.0,0.0,0.0,0.032563228423956384,-0.6234180005508525,-0.0033277712693038364,-0.797329643885966,-0.0011791098273150984,-0.17559516815127138,0.17591726042535952,0.8832632750667696,0.04307213589336812,-1.0154359738066334,-0.006315773926747648,-0.5726024584177186,0.007858410397153626,0.7406860802435321,0.13331500881123534,-0.13783713515513765,0.0727603740879896,-0.0007681417312469771,-0.03767270750461249,-1.6985312124932248,0.03551835905869142,1.8645157262321717,0.13296829476529937,-0.4652591634961332,False
2024-12-12,0.0,0.0,0.0,0.0,0.03190025592876041,-0.6389854085777638,-0.0033167339373989524,-0.7933171839919707,0.0032849268429487877,0.6415213733599708,0.14820870711061088,0.4862183397574049,0.0910403267151464,0.9291118051021156,-0.014562090618303491,-1.66369039029559,0.025292394406746056,2.199304482176157,0.14384700194652636,0.16459869514805353,0.07457421434065584,0.12868396024510037,-0.027979776065874096,-1.130399608095218,0.02967634332757566,1.5920062175189529,0.1280073590175597,-0.6768931197539305,False
2024-12-13,0.0,0.0,0.0,0.0,0.053664505613438065,-0.04857120455723143,-0.0003305905877157844,0.024655885474136288,0.0008535613811903042,0.19534028349755092,0.09952434178972322,-0.21760811501568364,0.10650577125448421,1.5605579734412531,-0.013206786235189893,-1.4859071695748465,0.019531605637472655,1.7234938761209306,0.12666726786663512,-0.32451173796908717,0.07602296456753746,0.23401290620184342,-0.022977248766480107,-0.8367019179065118,0.019843775034798797,1.1448341917444658,0.12996901039360528,-0.5986001090726781,False
2024-12-16,0.0,0.0,0.0,0.0,0.0281370797951438,-0.7372397323532015,0.0016523385420532666,0.569772133169974,0.0024761277513988267,0.4923955199571972,0.061786049489839054,-0.7637339693599174,0.1129480434426593,1.8257352505509357,-0.00798225457815993,-0.7859727641668043,0.013079934890360634,1.1862045532992702,0.1292003113409578,-0.25423111717206837,0.0764012085984736,0.26374503934382587,-0.022646658178764323,-0.8159101668511651,0.021320744563056618,1.2137560465392179,0.12811047641668688,-0.6790818104512618,False
2024-12-17,0.0,0.0,0.0,0.0,0.0418047496789845,-0.3676991438560572,-0.000993016674382341,-0.1534431981426545,0.0024229042489308053,0.4827407744118837,0.08402614524687926,-0.4432552242044498,0.11593274955139637,1.951401327709491,-0.01330116718809149,-1.481807828089596,0.01166918806484748,1.0699257058224274,0.12678168159845124,-0.3257974727865629,0.07671139714356726,0.2890029669850907,-0.028013951560737604,-1.1296942376603816,0.015777701949445506,0.9633818631024147,0.12843655674492627,-0.6679617196885035,False
2024-12-18,0.0,0.0,0.0,0.0,0.17879824498018673,3.356083418857475,-0.01157408796085968,-3.057194594005444,0.016254874182277335,3.043915279752144,0.2241721410378607,1.5846192155859298,0.11479081153879502,1.9089437802227944,-0.015039465622606607,-1.7096144236155957,0.00728384255832611,0.6978376789235194,0.12417896966923356,-0.40139810730136305,0.08443727319291197,0.8529120699310124,-0.014234929738104918,-0.32517299998090965,0.0025817017700627467,0.3608071695532115,0.13300962518464282,-0.47730214275335753,False
2024-12-19,0.0,0.0,0.0,0.0,0.08572469603448632,0.8309919350822939,-0.0019614295542853544,-0.4217650746584279,-0.002475861926324615,-0.42874252846404065,0.011279605638376879,-1.4923231627607467,0.07772686164408732,0.40986032669750005,-0.0014224375714906312,0.0905048670482166,-0.007703393743272964,-0.5636272639667872,0.08022104873354348,-1.6645176312264496,0.07661613104328312,0.28823643979017544,-0.004365021484874387,0.2526032248259563,-0.01759547406746143,-0.5654068895946113,0.12342138058202554,-0.8850720421018744,False
2024-12-20,0.0,0.0,0.0,0.0,0.10121293012274682,1.213137499449923,0.004893941069314178,1.4495189511725906,-0.005598109365921718,-1.0036675891047533,0.1336049466529495,0.27083832680774916,0.05931424585000944,-0.340996740898483,0.002244915965169292,0.5801756896789252,-0.0035955228004155675,-0.22596675765326774,0.0899961660794526,-1.3872102280325018,0.07175735883541268,-0.06543649795138318,-0.0020633224237167624,0.39065309599123066,-0.01762778916666478,-0.5705680721980152,0.12370398929773278,-0.8769836236843289,False
2024-12-23,0.0,0.0,0.0,0.0,0.06418791512279998,0.22323894426884788,-0.003666574067878292,-0.8627297421627783,0.001065380925885669,0.21435787232475553,0.04344975360059502,-1.0213188673743008,0.04457803487960162,-0.9424914339768078,-0.0036743690308562726,-0.19310291442354477,0.0054896170978481935,0.5219719017152274,0.0831604863977877,-1.585571811087685,0.07152195892900944,-0.08356698290790252,-0.0008306632455902241,0.4674008582866977,-0.018875701488993427,-0.6323671070817143,0.12106222225513648,-0.9899929788731858,False
2024-12-24,0.0,0.0,0.0,0.0,0.022827927486729124,-0.8840120783595811,-0.0027313151088974585,-0.6142007134902656,-0.00196244125759056,-0.3349570591060216,0.06134026285321302,-0.7664043353974543,0.04648335063855165,-0.8688264653119174,-0.004446131507358508,-0.2916458928966051,0.008696084203111371,0.7828212538955468,0.0893766763699415,-1.4079579357760577,0.07234017003821402,-0.025672393951527202,0.00249349478362626,0.6667382136469433,-0.01095589235053359,-0.2706985131224447,0.12818476686482017,-0.6882729111904876,False
2024-12-26,0.0,0.0,0.0,0.0,0.04014022340971649,-0.4244104556681771,0.0020429400902562955,0.6786334227135992,0.0012676378806782591,0.25502838824421575,0.0762213074509363,-0.5476030552753761,0.05571275443510546,-0.5024877794260653,-0.010212477469949244,-1.0417840858283394,0.009574775184864937,0.8513567848048019,0.11858535667821744,-0.5635756135701092,0.07348348854962032,0.05621561198049986,0.001116616180963148,0.5889490142761183,-0.009971543269098366,-0.22812952866712607,0.12921263056600443,-0.6451212292204203,False
2024-12-27,0.0,0.0,0.0,0.0,0.018420521695064154,-1.0011477243566933,0.0017059239823745687,0.5908269179376705,0.0016320090165327834,0.3237027133028464,0.09236563115535554,-0.3120027967205341,0.05439710153283531,-0.5599827029605338,-0.009222025584041837,-0.9015586225006048,0.005586909546639946,0.5184856991550123,0.12218844418101737,-0.4584023725196791,0.07303157583432471,0.021615913802317022,-0.002972050288766237,0.3504529619112782,-0.012229685733589034,-0.3347803475350766,0.12838114930518893,-0.6809028762286956,False
2024-12-30,0.0,0.0,0.0,0.0,0.04834471729711666,-0.20049859127124842,-0.0010253439267113862,-0.15080273382549866,0.0034870305323420427,0.6642510278808851,0.09685858382113541,-0.2453166307504457,0.06644794173503273,-0.0816959090571505,-0.0045046895030367295,-0.28577276727764567,-0.0007817541087660196,-0.007962626406533847,0.11546185488855695,-0.6442449236486754,0.07412159140746558,0.10044775348103382,-0.004677974271140806,0.2504722253112398,-0.021598394030619805,-0.7716397113154418,0.13211859560257455,-0.5207675908003614,False
2024-12-31,0.0,0.0,0.0,0.0,0.06614287148330149,0.27971251715907686,-0.004438336544380528,-1.0786960531171426,0.0042718480311488465,0.8086722470132963,0.09052563501581151,-0.336206527835472,0.061125117999211456,-0.2930900401372207,-0.007222108809017191,-0.6451268881970502,-0.0021523636817008724,-0.12117535314539422,0.1102127266793217,-0.7888402523576771,0.07630902352591551,0.2614416455740281,-0.007735663083993649,0.07111073529317129,-0.016145445153582072,-0.5222985306177553,0.13031431026665563,-0.5921130611345936,False
2025-01-02,0.0,0.0,0.0,0.0,0.05893901232873988,0.08792845685423979,-0.008497661071488194,-2.1829265749638425,-0.001083750275836996,-0.18038454846708565,0.18581124296017873,1.0463141517426302,0.05588620983116193,-0.4986970374553646,-0.006512579454875045,-0.552397256923016,-0.0032870587631828405,-0.21813086310079413,0.1059013049783464,-0.9041393055772459,0.07581055212859548,0.22472746539210334,-0.007702574898473258,0.07480486481231652,-0.01868357288610915,-0.6437889635414108,0.13079478604982175,-0.5665040710917302,False
2025-01-03,0.0,0.0,0.0,0.0,0.031352661754786806,-0.6539018420770272,0.003033391976163702,0.9535014798979449,-0.00272022775754673,-0.48562690279319065,0.10285889192914993,-0.15590061475453174,0.04818660121031981,-0.8033470692023659,0.001985081616613149,0.5669189699171049,-0.0022033084873458453,-0.13097588076790753,0.06561524774417352,-2.053352363995515,0.07720414633007022,0.32884831388462943,0.009904340189383243,1.1262413785833456,-0.027776769727266507,-1.0708956227447075,0.1268641166984028,-0.7297222016523053,False
2025-01-06,0.0,0.0,0.0,0.0,0.08471342294675613,0.7803771764292067,0.006423260063379677,1.8688950429530664,-0.004736654638873183,-0.8585437670334845,0.024560422706328962,-1.2976044428382199,0.061750030680745915,-0.25923630468851333,-0.00611416392450026,-0.49555271348511976,0.010526519713407123,0.9290803228946239,0.14115404532587564,0.11733801789493589,0.0792923253239038,0.4848325987430493,0.008573387095099583,1.0500816358718452,-0.02597388579424054,-0.9914018378741257,0.12662648862066406,-0.7366331224960422,False
2025-01-07,0.0,0.0,0.0,0.0,0.02740153615663386,-0.7574735108894095,-0.003742763232691848,-0.8777523878408086,0.002116420959407191,0.4132114529516668,0.0815973667040044,-0.46573929542909226,0.049492184988172844,-0.7490674443990296,-0.01556164252485237,-1.736687053425859,0.018258213314766663,1.5753188576458226,0.15653582570398422,0.5621665093263586,0.07805389479523854,0.3943798446627771,0.0028322907905794503,0.7148107638070047,-0.02242981667638888,-0.8306794172776646,0.12668330952895346,-0.7306853471730771,False
2025-01-08,0.0,0.0,0.0,0.0,0.0406425879802235,-0.4035938548757582,-0.0037288071902383813,-0.8748948733204124,0.003137152949666877,0.6059632054591446,0.056877163275058776,-0.8224015558999115,0.059503592634777974,-0.3479038235719718,-0.005453719122725964,-0.404726476237184,0.009120666796928613,0.812453593968502,0.1547132046812329,0.512802088140783,0.07866819123335497,0.44077987211968805,0.0021381647292030292,0.677770454260269,-0.022447768586361775,-0.8352562004242007,0.1255432695700588,-0.7748665806921814,False
2025-01-09,0.0,0.0,0.0,0.0,0.0,-1.4956418055460587,-0.0,0.1265926531163058,-0.0,0.023292534584098027,0.0,-1.6536390034544461,0.06931521274784928,0.0476692457702495,-3.9118570492546745e-05,0.3128167324069693,-0.0005641276025663382,0.0009934388205614238,0.17296154623357796,1.0428310446679236,0.0785304985969097,0.4313539546574832,0.0028088427333893273,0.7218001685753882,-0.029405527484250484,-1.163830025227634,0.13577526353303493,-0.332691721316122,False
2025-01-10,0.0,0.0,0.0,0.0,0.09167459023385047,0.966937141713653,-0.005065853564949707,-1.2200433867678413,0.010009600443206238,1.8676839412253674,0.2891942856701916,2.561183824365697,0.07632116752442543,0.33223823772882943,-3.9118570492546745e-05,0.3154142178980446,0.001766403306881787,0.19805274018512128,0.1789451511502434,1.2195258628536698,0.07932930294514423,0.492535580809993,0.006196419298479694,0.925967656250323,-0.028634437217509585,-1.131933690044933,0.1372434619056655,-0.265399490586223,False
2025-01-13,0.0,0.0,0.0,0.0,0.02192373694130524,-0.8973310616094651,-0.003024218536972434,-0.6792086164223161,0.002995038962486355,0.5805150587639603,0.13629381529074278,0.33819505811508055,0.06447724793032822,-0.1438988396795939,0.0013117801545371455,0.49039500438816497,-0.011310111998536746,-0.8999229570845007,0.12366031878710756,-0.3673875734326325,0.07920388443875938,0.48467335231557684,0.010582427795695293,1.1880655745532522,-0.039875663196644894,-1.6596747322264742,0.12178283345143825,-0.9214887392908092,False
2025-01-14,0.0,0.0,0.0,0.0,0.07887942777978721,0.621958971117397,0.006365160169434558,1.8334373128142685,-0.007021125558430856,-1.2736817546675658,0.04522200262130301,-0.9820701906798801,0.09992436696695753,1.283897222467343,0.017122003839759925,2.584332382241739,-0.025078246891475052,-2.0594808789148185,0.1347940400086151,-0.0536587268657059,0.08334172174558942,0.7967204630576363,0.021758842639838183,1.846299322057083,-0.04945886420935683,-2.1018469774614785,0.12103862660125297,-0.9531855911058648,False
2025-01-15,0.0,0.0,0.0,0.0,0.06603654796657865,0.27993744575835555,0.001685793361995036,0.5874991486884702,-0.006547641449828075,-1.1909483510352554,0.18752024950370433,1.052158471134718,0.09923946967903165,1.2563169482156498,0.009052663962696217,1.5164380116030014,-0.021979422988291027,-1.7953387415908386,0.134748140602105,-0.061551087039599495,0.08286643502991246,0.7625919728216953,0.018133416085721832,1.634810726809522,-0.04884168607086004,-2.0707490603575063,0.1251785195145505,-0.7753573094204083,False
2025-01-16,0.0,0.0,0.0,0.0,0.057224846795224674,0.04115395000705035,-0.0,0.12960426206305395,0.0023305309094481252,0.4447841948745404,0.08986643812854005,-0.34245114505039137,0.09435189767515892,1.0588303760480444,0.007707140107573451,1.3412656607563507,-0.017939958563990926,-1.4578710023742112,0.09692813324433554,-1.1542612839596944,0.0817367258867692,0.6782985686292546,0.014387143572742622,1.4199684830412798,-0.04307920005787543,-1.806464558139146,0.12842787886473966,-0.6339973747590789,False
2025-01-17,0.0,0.0,0.0,0.0,0.03468977762070095,-0.5617348107580167,-0.003714954839920015,-0.8724532822782382,-0.0030669148622122964,-0.5378323913643804,0.07729262342903132,-0.523732464235087,0.09775929794848064,1.2055340315113574,0.013833740355014168,2.146575147567343,-0.027116511161689415,-2.230986463640248,0.09186800013844822,-1.3071372881624828,0.08090462725525747,0.6156579272914207,0.013359123815403495,1.364287713829909,-0.043148723243594866,-1.8135282039518306,0.12860543692195076,-0.6248937704745344,False
2025-01-21,0.0,0.0,0.0,0.0,0.1579881908579279,2.81956784152898,0.012786005148250346,3.5337269542042242,-0.010773095930451948,-1.9777581433618328,0.16176566357912148,0.6820853929260757,0.10296500775317113,1.4244751999225649,0.017206279156272375,2.5901471510649032,-0.015064406235131611,-1.2175740716238768,0.1307419365826385,-0.19640921759465022,0.08488475030066281,0.9173744032159384,0.024948032192629754,2.0469500392604685,-0.047392723925845995,-2.0118990238933447,0.1275930712226449,-0.6665663131289301,False
2025-01-22,0.0,0.0,0.0,0.0,0.07367705239129202,0.5055675689171257,-0.0017041797076291498,-0.33290876849947326,-0.003922301655246836,-0.6979708471559376,0.047862951256643436,-0.9403740975544147,0.07631385958411269,0.3487068225067308,0.00031208029646145885,0.3536241384304557,-0.005269402480834999,-0.38232862058790174,0.11202318688362645,-0.7348015966707652,0.07689995022734691,0.311531785010707,0.008711395939693611,1.1007386403107051,-0.0343434354763836,-1.4172777888684331,0.1268808283547006,-0.6955057878781601,False
2025-01-23,0.0,0.0,0.0,0.0,0.0375570501142892,-0.49170417123494087,0.00034026950687227053,0.19561625035892502,-0.002508177025527969,-0.4270087315909376,0.03965339412234617,-1.0659442618164152,0.06820604710678027,0.01819432678168964,-2.946637538248087e-05,0.290856811495653,-0.002337605409400572,-0.12195005568094656,0.11098676068131799,-0.7682377984586731,0.07520130520605237,0.1789847960344657,0.009727781910559674,1.1634763296630732,-0.02505963787262222,-0.9940310633423569,0.12722543425647415,-0.6800185391504703,False
2025-01-24,0.0,0.0,0.0,0.0,0.08558040296250058,0.8025609574034452,0.006126600247440717,1.7036110528389656,-0.006846021688250363,-1.2289904276466843,0.052925027576376495,-0.8749700607708814,0.07083795575351934,0.12449986660120656,-0.0003697358822547514,0.23606162840046602,-0.007566127664370592,-0.54716804576936,0.13141866385971868,-0.18468921424946982,0.075617127124171,0.2097986591532331,0.013167642346670783,1.3662727603684097,-0.02328650396128455,-0.9108756030019516,0.13335859116069265,-0.4119160329298515,False
2025-01-27,0.0,0.0,0.0,0.0,0.06979891871376219,0.3754842596666664,-0.00034241603866180803,0.016248563790855167,0.008985190064345505,1.7203620665585178,0.2037651596360537,1.2774974313526892,0.06977083765682085,0.07264893703602966,-0.010579368869259698,-1.099959283098099,0.008219873433259547,0.7792231256894199,0.1288603060852262,-0.2598052895861659,0.07238098042838745,-0.036257339280628825,0.004971323070443456,0.8843201850107892,-0.01980602149573637,-0.7487987763456914,0.13424554508814757,-0.37044122051168166,False
2025-01-28,0.0,0.0,0.0,0.0,0.06077049521416884,0.128957293724131,-0.0041081937115605704,-0.9640241941527334,-0.0009780921761553356,-0.13480367895509426,0.07594737330964194,-0.5383195159655828,0.06725899854892271,-0.037847613491014856,-0.014642201189458026,-1.6224856558359013,0.0009684036675358116,0.17676449586259982,0.09585117756138102,-1.2119554047185972,0.07402249161897263,0.08953893847764544,-0.001915145630502102,0.4776544789191613,-0.017983352150793386,-0.6625585073473733,0.13136986207754217,-0.4910911456289841,False
2025-01-29,0.0,0.0,0.0,0.0,0.021614770150487423,-0.9354583331836047,-0.0020457263794730896,-0.43199294442453845,-0.000990504583812409,-0.14281713794484655,0.044946062838528415,-0.9827400321744995,0.0754480944190074,0.28457760859511433,-0.001424753461529149,0.07409577634409946,-0.008230451273303204,-0.5829145426402834,0.09927583832070337,-1.1229062363263385,0.07416518495883556,0.10080733683606337,-0.0022499066972295756,0.45537030793329514,-0.009599631950858143,-0.2746719630794756,0.13205210899186173,-0.4596019756829832,False
2025-01-30,0.0,0.0,0.0,0.0,0.0514867944735225,-0.13109451755816864,-0.0,0.10316713406537131,-0.00773669928049799,-1.3914088806645517,0.12743255242521903,0.18566081578941843,0.08510603565465188,0.6716408745730992,0.0023234117998239823,0.550624717955869,-0.008157290514011558,-0.5763624180070646,0.10817344033909032,-0.8706345386768675,0.07714148549331637,0.3292085419265856,0.009322828960258711,1.1365270744148337,-0.007981669680407031,-0.19904023100131923,0.13603513579007212,-0.285141651670575,False
2025-01-31,0.0,0.0,0.0,0.0,0.09588171795911662,1.0723964940004969,-0.00408303273956423,-0.9525124194888106,0.008939979409379776,1.6964698387391866,0.030112220793911446,-1.1903856704929305,0.08531638359108651,0.6775831239473389,0.0030055755586835264,0.6363090806031776,-0.0016131767545350963,-0.03665587632203496,0.0842659774908939,-1.5686503218923684,0.08060927072631616,0.5964651559558704,0.018254525811905675,1.665010154254719,-0.007315680549115725,-0.16687822626794133,0.13325217304436437,-0.4038533185952181,False
2025-02-03,0.0,0.0,0.0,0.0,0.047028254742581224,-0.25352292074867533,-0.0044052483588601365,-1.0353982453468478,0.0017337202986217697,0.36756228728802665,0.10378042492767049,-0.14942401123503474,0.07571549480783377,0.2831150690738585,0.002651719004179487,0.5918086366097784,-0.008454687114480572,-0.6025280753624571,0.08364215624701807,-1.594450256982772,0.08569236560690088,0.9888953723373565,0.034469291030226556,2.6275011595712128,-0.03270518340724911,-1.3427517128331612,0.13335804003726165,-0.39808075039934815,False
2025-02-04,0.0,0.0,0.0,0.0,0.09603217321492857,1.0673536286456824,0.009109254016368307,2.4648088368025536,-0.01017694711699435,-1.8240535952582704,0.09968024999178596,-0.20370161953984137,0.07258662543324812,0.1506812175164329,0.00399883817698754,0.7650074720273294,-0.014009013361324171,-1.0629023748540334,0.13080236510807058,-0.22398787544841403,0.08565310385365854,0.9866468548533959,0.03957626113700019,2.9353559420697573,-0.031686619820659755,-1.2949058080264042,0.13249516604172257,-0.4341184789013854,False
2025-02-05,0.0,0.0,0.0,0.0,0.07013946371407086,0.37490069864757425,0.0017024388818800418,0.5587742369208263,-0.0009173438245207629,-0.13275537922237313,0.09934189493258164,-0.20462552538273052,0.0579024183026718,-0.4514573922741475,-0.0017228392742903997,0.045453309464817356,-0.00306097597758892,-0.15905780196956698,0.12859106376316187,-0.28580693339638136,0.08328552210680415,0.8045158141217799,0.03362714554948876,2.58674882762675,-0.022741935733588698,-0.8771345185604644,0.1321415172779841,-0.44816763695344075,False
2025-02-06,0.0,0.0,0.0,0.0,0.05098441915980412,-0.14065395928447322,0.0006821637588595442,0.2749730853373166,-0.0011925855210215275,-0.17030206202010711,0.024633665827231865,-1.261562377353196,0.058234489451850224,-0.4357744513336015,-0.00410512322390455,-0.2588596371961726,-0.0033752576889972312,-0.18115122733128564,0.13281989616190193,-0.15765631990621157,0.08273245382410978,0.7611057241998808,0.031220196552260715,2.4320597934197106,-0.010378928186288343,-0.29331616838407976,0.1329398386841441,-0.4164367075184657,False
2025-02-07,0.0,0.0,0.0,0.0,0.05100914769825951,-0.14032077130077233,-0.004436889294068269,-1.059515510008266,0.0020984690494343003,0.4373108741810547,0.017757608410020154,-1.3610864204277284,0.07694808262946519,0.334340008114946,0.003364909324406362,0.6831401899221526,-0.008770834218201276,-0.6228313964506003,0.14344865838177734,0.15421342314412026,0.08428568756096201,0.8797797955230233,0.03616986811796974,2.716111518696806,-0.015994254564248925,-0.5467135809399882,0.13622624719076815,-0.2766182359878729,False
2025-02-10,0.0,0.0,0.0,0.0,0.026695990110569272,-0.80895860766705,-0.003058129186052083,-0.7004749138019446,-0.00382060594822183,-0.6615913847691758,0.2494761514267353,1.9273978760366477,0.08190017342867177,0.541750315223737,0.010541532233792839,1.5903873885984263,-0.017273250687569647,-1.3274649878358613,0.16066598520218014,0.657221507636416,0.0838900775872443,0.8480032814476947,0.038128891884280924,2.8264953132381296,-0.018891413427533567,-0.6758943739553046,0.13652836295139992,-0.2671073175981784,False
2025-02-11,0.0,0.0,0.0,0.0,0.043626003921055395,-0.3475239011765783,0.0033875765650903666,0.9775014161438148,0.0007710902667409,0.1860603802184855,0.08922184711531364,-0.3411997692067802,0.083131344634196,0.5979767307534524,0.011539182268860748,1.7126982102493375,-0.014237800176191287,-1.0766893306149088,0.16030019990070443,0.6480343876462417,0.0841216809742114,0.8643696801294783,0.0376559029614042,2.7928958556758956,-0.013934256587797785,-0.4401748410752513,0.13244058042719178,-0.4510005154684718,False
2025-02-12,0.0,0.0,0.0,0.0,0.07543126436490047,0.531636381989041,-0.0006798450677341084,-0.07480848488963539,-0.0012316255359290744,-0.1793295535422632,0.09623022418408832,-0.2517948334229433,0.08173562411742219,0.543820630461072,0.0071235859464312545,1.145556887654088,-0.012747882719203497,-0.9461306051222982,0.15977894950291927,0.6307709055082956,0.08516582270960937,0.9437792297235339,0.03532397599560422,2.649327872913526,-0.02356794051110548,-0.8783725612270352,0.13150883636984648,-0.5006067014176899,False
2025-02-13,1.0,1.0,0.0,0.0,0.12179031976850666,1.8102206469898692,0.008152196307170456,2.2061434808351463,-0.006588162050225573,-1.1721735123325907,0.1174018726245476,0.043998320803755556,0.09123918371382367,0.9364854194093403,0.015677384551471607,2.235191292104514,-0.018827172727737852,-1.449794629645264,0.14844708131262566,0.29835910274218236,0.08324364048921491,0.7934791038944389,0.03987834878449137,2.910912573246123,-0.030114887694304808,-1.1735349011474103,0.1301355503658223,-0.5711137650417742,False
2025-02-14,0.0,0.0,1.0,1.0,0.07002930661149834,0.37475514891836664,0.0027397336153182072,0.8063658278245894,-0.006403947419934071,-1.1407541627294262,0.12157959958507193,0.09912277837660356,0.07491590427659132,0.2583408662516478,0.0040745571396153535,0.7607758600416672,-0.009962818158501825,-0.7223026122653793,0.15645073779386404,0.529164364398921,0.07878383834189778,0.4471259414110374,0.03243340285385832,2.45797791795491,-0.020762397593519832,-0.7311438070601626,0.13038810365314013,-0.5662281717894326,True
2025-02-18,0.0,0.0,0.0,0.0,0.041477923038042874,-0.4152474561292499,-0.0020604791509841736,-0.4502827427247834,-0.0007851554368434691,-0.08809161830077326,0.24817198348584277,1.8909903125230658,0.06770330970384439,-0.04315178417693977,0.0006470297875340592,0.31821642064622685,0.0018026252099467843,0.25693435373711204,0.14032993178089792,0.04656645869864366,0.07797494451369012,0.3824057412170519,0.027216680566603202,2.1292881424359744,-0.012752658682398835,-0.3496000814083396,0.12741168782710383,-0.7048476692275515,True
2025-02-19,0.0,0.0,0.0,0.0,0.043064106085075035,-0.372983170499016,-0.001028019757339127,-0.18475645113442776,0.0022610077237286883,0.47896385070963715,0.06714372967869442,-0.6708578829989233,0.06934818556681287,0.02311641718839274,0.006487638881501612,1.0496957000244616,0.001852737532599957,0.2659512029925258,0.12118635649143697,-0.53021988322357,0.07793635973040068,0.37752888797063416,0.026453290271453822,2.0679878081108933,-0.0072862537213715965,-0.08985270390927277,0.1159869282488363,-1.2280673856270548,True
2025-02-20,0.0,0.0,0.0,0.0,0.1259090535385501,1.9220961077087289,0.007873953537306244,2.120901680760349,-0.0073109155444634295,-1.310473912651713,0.014477377164378935,-1.4167334397514417,0.0672236031986781,-0.06691621943458177,0.005445939610054129,0.9051925937057792,-0.0037738094138309126,-0.1951298734170226,0.12231784158750184,-0.5049381685175292,0.07782865588087094,0.3645732285679076,0.024313454730774176,1.9287798288937479,-0.0072650809303201145,-0.0834578979334102,0.11657697654677696,-1.2130536221028971,True
2025-02-21,0.0,0.0,0.0,0.0,0.046643581344730005,-0.2733823980098862,-0.0034506311046857974,-0.8041722182047646,0.002276192519010456,0.47778447010898734,0.11785028950711039,0.03508054389206874,0.05969386451880451,-0.3803769763988333,-0.009656898666859481,-1.0052562586443323,0.014344965539921003,1.2973425705813475,0.14563644976006512,0.18318714469304415,0.0743053246145006,0.08892622984545306,0.014685093008453665,1.3536798471301195,-0.0002362210952104161,0.23579581047219497,0.11732088992659179,-1.1928108918501354,True
2025-02-24,0.0,0.0,0.0,0.0,0.025490215640324228,-0.8648282371400956,-0.0006877937367630871,-0.09620736941476764,0.005361495948514539,1.0547421060406,0.07111768719217954,-0.6157324233931859,0.0633429948993782,-0.23188283445545385,-0.010649222340461728,-1.128038382173821,0.019474401044690448,1.7174757507071616,0.13566557585334615,-0.12000572141305013,0.07440812632139236,0.09106243286779266,0.019186497854034923,1.5964818752485463,-0.002990897418527357,0.11660322178056556,0.11189360116678923,-1.4576566248751184,True
2025-02-25,0.0,0.0,0.0,0.0,0.05047043190412568,-0.18089186595568807,0.003780129942983379,1.051842175982852,-0.0007350431141902961,-0.0822171942741962,0.192558218575332,1.0844068742350321,0.07594892266884204,0.2852747883972496,-0.0004344193256834439,0.14910607113247967,0.014740362782814617,1.3301649069292822,0.1495745700740154,0.2888157448260481,0.07524532509069048,0.15209092108841996,0.015316126083314674,1.3646807461635384,-0.004001193663967933,0.07488061157308282,0.11093542230236783,-1.51846475886,True
2025-02-26,0.0,0.0,0.0,0.0,0.01751280573442589,-1.0928725143370994,-0.0020697190287866096,-0.4444596695301544,-0.0033655392227021816,-0.5766648437112754,0.07965139255897523,-0.5059854607663787,0.08846793426349994,0.8015360712333094,0.004717147582980141,0.7972763456680706,0.008404695747798232,0.8075882487080435,0.1293159850759683,-0.33428648602008565,0.07468911056942469,0.10642848956165141,0.01467731457426713,1.3201080880323457,-0.004778747611626482,0.040840731527498106,0.10713189631446404,-1.7144267963075748,True
2025-02-27,0.0,0.0,0.0,0.0,0.10240643319612835,1.2522461273031569,-0.007228884739607366,-1.7654327868557587,0.010807859409288486,2.0575668881732625,0.1317188545212273,0.22529757254787522,0.11352469185302641,1.8476543544611048,0.018918599090523402,2.5689638915562454,-0.004679288478253201,-0.2680713475785324,0.12005060152706049,-0.6225917320491576,0.07675902199958919,0.2627318035859284,0.018497755985820707,1.5311408957736816,0.0069131492283526184,0.560530691563985,0.10594599381803507,-1.7878909769853553,True
2025-02-28,0.0,0.0,0.0,0.0,0.06387626677177025,0.18607841274656453,-0.004442954778288044,-1.0503349150325672,0.007405628023779902,1.4275405781105943,0.11059649181158468,-0.07114657502179449,0.10827311262048729,1.631996729320783,0.026849205578044266,3.5570378031378627,-0.012734864002330556,-0.9288582170173679,0.10572545321937259,-1.0667713472079818,0.07390307289087748,0.04022765774734805,0.02467432354166965,1.8814850475954656,-0.005203230088817252,0.024082684302327604,0.1121286117058247,-1.5139115601553954,True
2025-03-03,0.0,0.0,0.0,0.0,0.09496077792961191,1.0359674930836151,0.009527009278015197,2.5087516343968757,0.0006274576866387068,0.1585475352723464,0.15512562349735765,0.5519297868969711,0.10472270672717096,1.486883980659567,0.034452298785189184,4.504791521289265,-0.021372755056033754,-1.6383072357178314,0.10424354411874454,-1.1239732451236426,0.07262336956893228,-0.061665193799984926,0.02806620556986894,2.0747506924864676,-0.01358535088314946,-0.34697906602898587,0.10944870167268211,-1.6599763068773232,True
2025-03-04,0.0,0.0,0.0,0.0,0.11098948149695037,1.4768446390791334,0.008931696851646964,2.356403002107628,-0.007070710149206683,-1.2582764563556275,0.09445184470186871,-0.305970334394775,0.10094754946623284,1.3294485714376387,0.024220779391825986,3.2258815906895886,-0.01055454901989287,-0.7546865952539611,0.09287885410377032,-1.486019651692399,0.07013693720375357,-0.25705706734114403,0.022739349078659488,1.7662728581523124,-0.014760148060359522,-0.3986590147751041,0.10565430501211197,-1.8626207286274135,True
2025-03-05,0.0,0.0,0.0,0.0,0.14907023091803534,2.5203720171682824,0.012131732478756652,3.117899098853724,-0.01644952344875361,-2.984404782293923,0.03823602917337458,-1.105449786414798,0.09699860453856507,1.1590926583382064,0.02092091786474759,2.8141921575397575,-0.0102917507696683,-0.7343903769592071,0.10313907571272979,-1.1789421302011973,0.08169444238438633,0.632582597621084,0.031382358438772906,2.2546148588481376,-0.005472333381484968,0.012982717745352531,0.14225053589324615,-0.10252868083184934,True
2025-03-06,0.0,0.0,0.0,0.0,0.03779999488120504,-0.5601090163566926,0.0007017217479134974,0.247324830202921,0.00275228388521113,0.5473394615259917,0.08025309198698016,-0.5081229010075551,0.06645341559338291,-0.1607694019411147,0.006311319858233855,0.9929445603828619,0.005359082865234972,0.5310481410215738,0.10376689652624778,-1.1614801617335828,0.08613861564490798,0.97169252229642,0.008159378533779682,0.9104680384237798,0.04124880546879143,2.0841210094721827,0.17448311940887093,1.473361952560183,True
2025-03-07,0.0,0.0,0.0,0.0,0.03309073965633046,-0.6959692613428751,0.0031601384288568735,0.8291610287865419,-0.0012322630299232973,-0.16872763858659628,0.07344850307129668,-0.5967736567746997,0.0646407206794774,-0.2518760480313763,0.002078480001391547,0.45087235758868044,0.0037433498715377924,0.40111187918899144,0.1281148523344939,-0.4038003549962168,0.09380581979617438,1.557297752088174,0.0032114303756445306,0.6109866170798347,0.06075820768663098,2.945433968346828,0.18563100796754634,2.025053767289869,True
2025-03-10,0.0,0.0,0.0,0.0,0.06358851859705403,0.1335201451881005,-0.0007045101153480005,-0.11067010802485926,0.01144566372277959,2.1205430807436554,0.1201233799839061,0.06357241685109435,0.0711447315744689,0.01490542864023113,-2.6008828174939325e-05,0.17541930756499188,-0.0038869807551057045,-0.2112422723811662,0.12110580723337372,-0.6170351317838607,0.09553186606862181,1.6839901700206579,0.00463194334090955,0.67048277616103,0.06626155562345537,3.18528029970931,0.19179689353820858,2.3375517029096486,True
2025-03-11,0.0,0.0,0.0,0.0,0.09457772104939681,0.9802218089271872,0.005631835324568568,1.4318581829086099,-0.006807911898982111,-1.1798900042339828,0.1367557070642342,0.3012036174061534,0.06674094153422551,-0.1852173111301205,0.004553029008326104,0.6856183721315408,-0.0231112171970137,-1.753471178299254,0.1184081888748987,-0.6941367229558069,0.10570711005745011,2.4759331658434665,0.0039205203228777075,0.6174850780218608,0.01928752939855235,1.1119596405779413,0.2273501240694814,4.1218783176594656,True
2025-03-12,0.0,0.0,0.0,0.0,0.0391862552042412,-0.5281372688156157,-0.002477865527757084,-0.5381557596693315,-0.0007986898138503395,-0.10360084593826768,0.03450160250058984,-1.144540500912636,0.050919158859168256,-0.8717828687764562,-0.0003715559397050594,0.10830385688343198,-0.01353897724747218,-0.9827837307736766,0.11399580696652775,-0.8207192838518601,0.11878706017301907,3.505627380317731,0.019144081590330098,1.4436422642868219,0.031226949571297527,1.6383772944703128,0.2350041722300002,4.529942791600693,True
2025-03-13,0.0,0.0,0.0,0.0,0.040868390668601956,-0.4844738457803473,-0.00353111810892881,-0.7978643815568217,0.0011365508915139506,0.24602099857376278,0.16988963607823107,0.7636132442605832,0.054514853414942895,-0.7233057414073507,-0.0003706790838848839,0.10212471719946503,-0.011134495942434913,-0.7881102168496786,0.12051143262813929,-0.6168976290570986,0.12342548424717473,3.8797796331172214,0.030647189212659964,2.048214965302905,0.014938237580241851,0.9185562950862033,0.24184138763882962,4.902172613342789,True
2025-03-14,0.0,0.0,0.0,0.0,0.07251672398242051,0.3750406543906567,0.001055649599290387,0.3187460076609742,-0.008862593656566794,-1.5436962954830418,0.04676354985639555,-0.9692399674131322,0.0537034858258532,-0.7603503807168762,0.00033656957891037287,0.18315744140021503,-0.007589797309765097,-0.507767917099771,0.08792267152158945,-1.6177683942588543,0.12319462084939341,3.873618274752725,0.03745702270440332,2.3850311213712554,0.010299581993268154,0.7136814211040203,0.2380542496866401,4.736067628678852,True
2025-03-17,0.0,0.0,0.0,0.0,0.05196093380985733,-0.1872404545012743,0.0038745277211530427,1.0053761415999214,-0.007778572719128407,-1.35309601441023,0.09716114903254261,-0.26268539984031725,0.044850373180704575,-1.1412802683491634,-0.0038869353183987876,-0.29353760472759965,0.0035549768615818667,0.3839263702564325,0.09636626606223198,-1.3636789715997621,0.12270684595532146,3.8492558885994175,0.030918919968674796,2.006456925156651,0.020692741506010002,1.1723301978515555,0.23813773409380368,4.761786646866801,True
2025-03-18,0.0,0.0,0.0,0.0,0.024790648794296145,-0.9332760635472216,0.000707250376537405,0.2365077358359088,0.0027643280505594094,0.5375924347136062,0.11058543781794025,-0.06714548659742939,0.04988934809165149,-0.9290372085097759,-0.009515871224566097,-0.9306020927392225,0.011051493871356547,0.9876329846942614,0.08966365538783999,-1.5703055608477656,0.12475548326961367,4.025552794644706,0.03540499339857783,2.2191471806163743,0.028313077503440743,1.509361651764327,0.25204294380667,5.489494056322126,True
2025-03-19,0.0,0.0,0.0,0.0,0.0558419248321194,-0.08343944068723061,-0.0024769886719369083,-0.546046041685463,0.001605791491186929,0.3390712567533909,0.08295323839987676,-0.45822884597913494,0.05201406510316205,-0.8413919144264974,-0.009172347860208041,-0.8964249735626215,0.007808682016490653,0.7275337531709806,0.07343170449458644,-2.069909531693564,0.12502012806440416,4.059228792637005,0.03396463933041971,2.111250847937445,0.020566186450725797,1.1670853597597035,0.25180062709978474,5.491164529359132,False
2025-03-20,0.0,0.0,0.0,0.0,0.035684170403236945,-0.6338579971917293,-0.0028238694461335534,-0.6320554954682124,0.004681249524183769,0.8852420258679328,0.02445947467881391,-1.2864228515095473,0.05193393917055376,-0.8467537361991392,-0.011253524695754469,-1.136581940300104,0.010554090228377683,0.9510427543969745,0.0627096907160638,-2.400918239747825,0.12799382865824552,4.335412180528193,0.04596542789251867,2.713069076117334,0.015967968672071172,0.9639291926212354,0.2627903942239235,6.082647025665356,False
2025-03-21,0.0,0.0,0.0,0.0,0.037657134665103786,-0.5789021338395366,-0.0031678552980187735,-0.7152165647948386,0.002282180514780167,0.46106223913155986,0.11026821867206249,-0.07703060808394212,0.05039947026233369,-0.9118756693401727,-0.00528833681568508,-0.463437487365566,0.00436024364234507,0.45992179974611536,0.08693257838741658,-1.6574839911211214,0.1287671127871679,4.433411028559451,0.043241962920157806,2.5541345381911515,0.005852645153533331,0.5173378517891202,0.2651538127380406,6.228551764603891,False
2025-03-24,0.0,0.0,0.0,0.0,0.054550541924284476,-0.11497520805778037,-0.0017544081850142668,-0.3713782800587308,-0.0002820557093537272,0.002886570385722832,0.06404690966236062,-0.7296651764747588,0.05872433737959144,-0.5513000799952348,-0.000369759134899339,0.09120815224381809,0.010404420744841825,0.9519067682675575,0.07948681834443624,-1.8842368780269951,0.1310357643927626,4.655262757504091,0.037215217746288,2.2260409814927953,0.0011653325027627744,0.31048224223737053,0.2707484358299268,6.530536847101191,False
2025-03-25,0.0,0.0,0.0,0.0,0.03905079544566088,-0.5349807195106412,0.001050773740895461,0.31820231367548946,-0.0004784838043064843,-0.038394953261686515,0.0456524719601855,-0.9888051535098106,0.05444654577316442,-0.7284482995970314,0.0003323318663565056,0.17009572063265896,0.009377956546314164,0.8708134176401563,0.1283841385632678,-0.381688238257981,0.1314167875089317,4.717634134815439,0.043342887603277425,2.524616581635195,-0.005330586225324129,0.022748493634992872,0.27344593381595883,6.676574395623856,False
2025-03-26,0.0,0.0,0.0,0.0,0.061788125779436084,0.0845011658595225,-0.004558165507483336,-1.0568157563940306,0.00435119970307396,0.8228578320086527,0.017267205317838416,-1.3954298694611322,0.05128384615481483,-0.8590156881538482,-0.0017695146246277105,-0.06865616785143938,0.008879947580068345,0.8266252611019068,0.12689911713747706,-0.429315681069542,0.1315690649933051,4.761009366782825,0.03972989922174519,2.3314313069510137,-0.005347249879898219,0.020260605631317784,0.2744400775279756,6.738839512249701,False
2025-03-27,0.0,0.0,0.0,0.0,0.029808443871533124,-0.7848529651979592,0.0031413184339358358,0.8222965151958227,-0.0015125970618488453,-0.21814021972801007,0.12785672465555367,0.1722806818729101,0.046973601100171895,-1.0379449564974395,0.00698880366966137,0.9288551728707343,0.003981408386423025,0.4333472229711471,0.13148604280973133,-0.2837964550310655,0.1326233378144693,4.876679406502819,0.05049467302249877,2.8637516262212626,-0.0125739154166636,-0.2989912586242829,0.2767839056436405,6.855364729502755,False
2025-03-28,0.0,0.0,0.0,0.0,0.07048387521618182,0.32187063255529436,0.0017507223827669671,0.48740498430710383,0.008326357617276922,1.5324187236834532,0.08379168137559923,-0.44388752025253336,0.1070167263348479,1.5250379318011718,0.021422191447485917,2.5726860172725234,0.007711109977939742,0.7273608051336545,0.2150853412971403,2.2754556624611526,0.13259487089163152,4.899302465202969,0.04404693488935085,2.5263798707658247,-0.01271103039257729,-0.3048626101097836,0.27759547857606554,6.885727150224681,False
2025-03-31,0.0,0.0,0.0,0.0,0.029216453708516006,-0.8065358836864698,-0.0010523171837584222,-0.20260433540775247,-0.0013085199078813892,-0.18443308826732363,0.224889806848719,1.5385821245522517,0.14327219433268776,3.070046882896014,0.008580221638482377,1.1102036997022644,0.02965636776218561,2.4795333662640626,0.30009246546524604,4.861138345022324,0.13209089474204896,4.882534693060148,0.038634576108948715,2.2432835303569183,-0.022954037020532485,-0.7570475187948993,0.2811454314569518,7.05843569137267,False
2025-04-01,0.0,0.0,0.0,0.0,0.02067464605107258,-1.04801074850618,-0.0010510727500887551,-0.2045971206443244,-0.0009764927705523027,-0.13149345700651852,0.01922926609454894,-1.3563340022775214,0.16334321468602972,3.9311341706906413,0.005386312412019145,0.743505411904896,0.05322657377311768,4.355350953619579,0.31668520967034575,5.356474539741342,0.1358447138024174,5.236011719876777,0.03384959135301824,1.9902452172547749,-0.01912618938325439,-0.5897731472055913,0.28158397211702185,7.068874282221537,False
2025-04-02,3.0,3.0,0.0,0.0,0.03733910376121937,-0.5919906584925506,0.004200152786805744,1.0783643645659264,-0.0005473394905713599,-0.054480899157248755,0.06564970238516467,-0.7030221712867698,0.16886154488058308,4.175581452566777,0.011018036556229793,1.3843592957093414,0.058474151450571075,4.766221253356716,0.33308055477145027,5.8553685753288365,0.13784815346931473,5.442179600632246,0.03635152050116264,2.0995143234830556,-0.03300056667168697,-1.2018870965127442,0.28177287634331466,7.068849861684839,False
2025-04-03,0.0,0.0,3.0,3.0,0.21421695618731273,4.247175727014046,0.017574706211760383,4.354664450893624,0.0022171045296678718,0.43881198585699877,0.36681884749192695,3.5199943977447776,0.19326932940244657,5.232898414503957,0.005401950636044206,0.7412090807757263,0.023493128439018997,1.9716678051046783,0.42624509574551883,8.68800720744372,0.1383610044532014,5.516351474889833,0.03396759117755088,1.9613851295960778,-0.03712479349474933,-1.382504648083077,0.29020449238716506,7.483893198311899,True
2025-04-04,0.0,0.0,0.0,0.0,0.17448122783519326,3.1609168021497305,-0.011091247426236572,-2.6672387594322347,0.03027161540152279,5.423496321156893,0.4740982273943092,5.034354868292674,0.20456499671185385,5.727152037356152,0.008682641016304782,1.109151549040686,0.026407532183114202,2.201143177074856,0.405499021027969,8.058190240796568,0.1305195979457092,4.850109759779912,0.022579165771042797,1.381609381688287,-0.039116905014391024,-1.4691298684618164,0.2815344958227098,6.996696009531187,True
2025-04-07,0.0,0.0,0.0,0.0,0.16184703503351627,2.7034491399592904,-0.004246226410221654,-0.9725722456456782,0.022261686103050682,3.996204651142055,0.29556451531681904,2.4635698500820267,0.19620768256770016,5.345938133743882,0.028799130537114137,3.353428052373999,-0.020951485023314603,-1.5713636740667896,0.36325437531536475,6.702822675732134,0.12375742910365853,4.264852803630927,0.02634706817611021,1.5507015859075004,-0.06268281768006605,-2.50907134765572,0.26389999489089766,6.103676197788882,True
2025-04-08,0.0,0.0,0.0,0.0,0.0839016339764388,0.6208356002470443,0.004580651394121893,1.110409924483107,0.00427108490690109,0.7351925617826661,0.22027660914015285,1.348948321721007,0.17800175414437452,4.473956818834105,0.03632407233015034,4.188351719366955,-0.04671527582182504,-3.589241176309619,0.3391450826721358,5.707173556505278,0.11948273374895055,3.889591445501899,0.022232765136084964,1.3431356467745665,-0.0827570545141992,-3.3747930124888423,0.2621728034922524,6.001597394532782,True
2025-04-09,2.0,2.0,0.0,0.0,0.1984764752295599,3.538635917277521,-0.001415933133379843,-0.28563029752697694,-0.035528362502123434,-5.814357757784575,0.5810190533720314,6.007606761343556,0.17391004321938763,4.168992714826077,0.026260967799590307,3.0513538318802667,-0.04945579487255107,-3.6930292181328683,0.31914457606581687,4.871853201404972,0.11840903807398388,3.784236040248567,0.020535972869814012,1.2563818115876704,-0.09142318686962007,-3.7061564715915107,0.25620218511935333,5.650374151867281,True
2025-04-10,0.0,0.0,2.0,2.0,0.19698362966807295,3.4974566952977946,0.02085539659202096,4.889610323709877,0.005131508273763075,0.8361405617082626,0.29264479415214173,2.255053372199023,0.14087195635502486,2.7149269625568735,0.03603750208402623,4.139019659688712,-0.014085669092125313,-0.9898034409704426,0.24337923403395312,2.629298108281368,0.11301695405566178,3.2896574101685996,0.007852173351793335,0.6271826348644658,-0.058755226824427506,-2.270910829702396,0.23038550945286962,4.282712607765828,True
2025-04-11,0.0,0.0,0.0,0.0,0.15712080484528188,2.40185783566655,0.009025242094572783,2.140732853631193,-0.017087401804906015,-2.60996171147316,0.2669193587215998,1.775364721559026,0.09479225954605643,0.8131417201990113,0.014449001800384553,1.7173686115884392,-0.02419974036804392,-1.7306981246858462,0.21539805769893444,1.6938495100502324,0.10350515559806182,2.4056192851235436,-0.004447049591124408,0.016235708842607458,-0.0668543276524639,-2.6128017263115804,0.22640245286033667,3.9410622104478894,True
2025-04-14,0.0,0.0,0.0,0.0,0.025796200129832407,-0.8893545230868102,0.0032787153828145454,0.7497776659622823,-0.0035021046954597512,-0.5207409715828946,0.04908194627977418,-0.8640437089623245,0.08713167388056572,0.47561729935653124,0.014947559595973825,1.764660924088279,-0.010104764850605593,-0.7065634749410322,0.22792744169027343,1.8304841999694206,0.09741836329686646,1.7989676982900042,-0.01562983053526279,-0.5450082527187895,-0.051580180257918024,-1.9646857733717689,0.22376218125513353,3.6638819749193146,True
2025-04-15,0.0,0.0,0.0,0.0,0.04558724808229112,-0.40833610983686214,-0.005482453136438137,-1.2166963851927188,0.001530565856175059,0.26192228469955364,0.060483205372881765,-0.7278898191985822,0.09163419956701492,0.5992247835234897,0.006121509794664859,0.7431178460250988,-0.012036734149499906,-0.8361055241405521,0.23644021109935243,1.9124346754352093,0.09920938897148425,1.88010534684933,-0.01639689535004696,-0.5925663716901707,-0.051561458757225946,-1.9636817177499644,0.2276733175979347,3.6884743962064728,True
2025-04-16,0.0,0.0,0.0,0.0,0.11606963119335252,1.3324195247689532,0.00836060115105608,1.8672000030410485,-0.00015823672169767988,0.01480093115988247,0.35707256733488646,2.813256898165949,0.10238137557114455,0.9413215800280856,0.0024093624592144147,0.3034247954066643,-0.015972432141665365,-1.0807296782418243,0.26034171004239753,2.3245226009384963,0.09924432206005974,1.8130525487495583,-0.013792077065536756,-0.4770510207941937,-0.05091175779525055,-1.937199986627525,0.22896031543167472,3.611148727800053,True
2025-04-17,0.0,0.0,0.0,0.0,0.041880011460948,-0.4895935102513593,-0.0007331036916207179,-0.16577756911909475,-0.004982563002155531,-0.7250544029437234,0.11741341145253528,-0.04010950008325116,0.09538156475003451,0.675014308877359,-0.0015779770198665055,-0.14348227013013926,-0.022592169857408306,-1.5014068371940108,0.222668969276554,1.502737447022384,0.09858302066389393,1.69618150434188,-0.015337826276757727,-0.5663293420861382,-0.05449079229278441,-2.088660073171795,0.2173727876024491,2.986122770075973,True
2025-04-21,0.0,0.0,0.0,0.0,0.13130809220635653,1.6993991889403364,0.009523799890162055,2.1026129092702863,-0.00299242628746769,-0.4147893834666832,0.31239993958574414,2.2390576717051838,0.09500316351277094,0.6515789039232849,-0.0034070879688825606,-0.35673715999362343,-0.01810475431413335,-1.1907863506376135,0.21535203708781822,1.3383607603441774,0.09861364537630048,1.6362745845264466,-0.011715584960448555,-0.40132269201893334,-0.051252158441584775,-1.9531880854077592,0.2216685554206756,3.0365622085136432,True
2025-04-22,0.0,0.0,0.0,0.0,0.0637947306517145,0.04747261484496148,-0.005547334418494421,-1.239161569211385,-0.005434073994354065,-0.7906120633938649,0.15013238712419089,0.33314891734650426,0.08521249513967455,0.3226048159605809,-0.0067242795657743715,-0.7116572291696619,-0.017987793860357093,-1.1700106548167144,0.17775056692208,0.5868567057775896,0.0948371748107476,1.2896850982995953,-0.016893121460491045,-0.6648258314340078,-0.047985578386349495,-1.816718016352867,0.21117488424148423,2.4921412968737977,True
2025-04-23,0.0,0.0,0.0,0.0,0.10403045912804032,1.018576350215622,-0.009194600471888581,-2.0423679485833217,-0.002405132135990399,-0.32117888055857663,0.2499752451627699,1.4846198448666654,0.08014481472600947,0.15264432985403165,-0.004483364846492033,-0.4868893143365154,-0.01420343190376557,-0.8997108854216311,0.18781123080892898,0.7752232281487184,0.0938895440730372,1.1671702491269245,-0.014255944278600108,-0.5467951105357163,-0.04042661505442028,-1.4988988506280119,0.20995297662405094,2.329661624974997,True
2025-04-24,0.0,0.0,0.0,0.0,0.07678309911829814,0.3506475494544974,0.004373261671975159,0.947861501479454,-0.006777974437440622,-0.9921377484521342,0.18690811151363784,0.7439557058307205,0.06927505531682716,-0.21345090099211808,0.0010495992277613775,0.0858915351138683,-0.013714948778453435,-0.8591202502142141,0.18132944786420047,0.6359226459893481,0.09582399100590826,1.2599817947380711,0.0021928666387963647,0.23327262881439045,-0.044803379056274184,-1.6836159276208034,0.20846677522295798,2.1693960101978313,True
2025-04-25,0.0,0.0,0.0,0.0,0.049130712214141795,-0.3332309157439391,-0.002562214640636773,-0.5627246292377428,-0.0004951474588805738,-0.024115654268806234,0.09722226652032136,-0.30683772986061897,0.08212111986845842,0.2079837335154139,-0.009160964383902681,-0.9780047289737837,-0.0044176466116161075,-0.1964111305170692,0.1910355356336782,0.8096886037951725,0.09392299510848386,1.0747820980105303,-0.0021803950331787947,0.00988766633601916,-0.03802540461883356,-1.3974999095974179,0.20461328657952085,1.9311013487166437,True
2025-04-28,0.0,0.0,0.0,0.0,0.09353492202057151,0.7500668247683082,0.006206608293270244,1.346734123993913,-0.002875465833691434,-0.39079888943203117,0.1576553538793261,0.3919996880730746,0.093422519240082,0.5786558387361935,-0.005147893345210264,-0.5579361640313864,-0.018773369211720424,-1.204062068498328,0.18530157306395184,0.6904830270688159,0.09549968207966271,1.1390804175000169,-0.005098630336285992,-0.14113400495284498,-0.034793677256505284,-1.2592771484310283,0.20793641555800801,1.9581759314647698,True
2025-04-29,0.0,0.0,0.0,0.0,0.03193334236038475,-0.7558097173616324,-0.003306419699212082,-0.7231871327700692,-0.0016497120377625407,-0.2005670371384299,0.17824542866351312,0.6304482478521587,0.08772503967909508,0.38235335689380984,-0.009538278175286519,-1.0130480923632688,-0.020569469691662696,-1.3254515033623966,0.22221898866552414,1.3920784927051784,0.09394927544534573,0.9901751954835308,-0.01457554261795524,-0.5981708763725334,-0.029503531717355615,-1.0336938406003293,0.20539671313535812,1.7891043856270006,True
2025-04-30,0.0,0.0,0.0,0.0,0.05329782113743275,-0.24005010609279773,-0.0036616363976351707,-0.8014968617429881,-0.0019166490106782657,-0.2408123699387963,0.207075994974745,0.964582296539585,0.09298679762967126,0.553815160648217,-4.557767082213893e-05,-0.020250013192347188,-0.018694764643873985,-1.1894559390612252,0.2556219830509634,2.0310985458056066,0.09561514143696176,1.0597858222815317,-0.005836240100254075,-0.19643892144868946,-0.03220786589896722,-1.1451311085789229,0.2020995780049612,1.6065459871016838,True
2025-05-01,0.0,0.0,0.0,0.0,0.11992200307473969,1.392251454809259,-0.005837301939688899,-1.2757154041167704,0.0025193277293967067,0.4417412919230679,0.2034616972869902,0.916966294594466,0.09965681122916986,0.7750795331110565,-0.003707286294356127,-0.3989843455460128,-0.010072412897347952,-0.5852256099091435,0.24735764854687292,1.866123090657291,0.09547316756881717,1.0103004023834732,-0.0018105623145321381,-0.02056197913402689,-0.023674219307323278,-0.7807124523016652,0.19594411868860465,1.3469688747265955,True
2025-05-02,0.0,0.0,0.0,0.0,0.08568714273760145,0.5605825811570829,0.0014508563980556444,0.3126486102198237,-0.014850870058984889,-2.2461495748668963,0.04843614365446541,-0.908648999002166,0.09700728128626711,0.6869747442729212,-0.006230513804914128,-0.6603873036768366,-0.01040429135782713,-0.6101227014091363,0.25709380229120155,2.05688760634007,0.09308625433729752,0.8225020816284212,0.010948488068327489,0.557297250434649,-0.030491435954297305,-1.0648059549529387,0.20753977771738297,1.6416944441709622,True
2025-05-05,0.0,0.0,0.0,0.0,0.06516601118361445,0.059312801562593526,0.0018162234631939889,0.39178735072939763,-0.004671566313633709,-0.670748439136536,0.2829479954009689,1.8500517504017495,0.08642777485546287,0.33335445803310015,-0.004797511075118832,-0.5098518881314794,5.153125263797787e-05,0.12470288641147637,0.26171952998916836,2.1399760679507707,0.09102089271058006,0.660660988705019,0.0028944956582314108,0.175356501653721,-0.015402091861632291,-0.4211716111143049,0.2088113738397463,1.6159638203234332,True
2025-05-06,0.0,0.0,0.0,0.0,0.07321008144648816,0.25187893163128827,0.006186280805252298,1.3403561291019317,0.00022499301002617175,0.09631805392027723,0.3416467871944599,2.545688848411566,0.11935671756475956,1.4351370249283324,-0.02071346718971334,-2.1631822457237155,0.0018626951093408213,0.2547735320274265,0.25884580699954896,2.0800670630845643,0.09118806820852948,0.639820335341179,0.005451533867012581,0.2818411456196672,-0.017672737083486895,-0.5098673194465005,0.19902473470668552,1.2754297896979447,True
2025-05-07,0.0,0.0,0.0,0.0,0.09627989116599354,0.8427888651322056,-0.007323345021169159,-1.5964789806015194,0.00670570273584777,1.0960106636815032,0.2175094370378612,1.0695844282561073,0.12259147235744378,1.5539956515747393,-0.018343574345862423,-1.9088513977334587,-0.0013298904549586452,0.031949153006336564,0.22817790284313122,1.4756544912554572,0.09047121965693224,0.5708100194620197,-2.7165549718599635e-06,0.024322445423030668,-0.021652236805235387,-0.6703912261873527,0.18593767262426247,0.8568530213636195,True
2025-05-08,0.0,0.0,0.0,0.0,0.11132028593471725,1.216677261256874,-0.0083605294502469,-1.8205442186631797,0.002187449268917526,0.3921041741810315,0.25989740913343584,1.536072907802637,0.1160969189788567,1.3441283397250114,-0.013177768174258864,-1.3717537692607542,-0.009848847601166591,-0.5645384889465972,0.22862115509211167,1.4644073925546557,0.08890473911581166,0.4606884204394697,0.0021923729466049036,0.11776690932801606,-0.02834807354180528,-0.9438450988206342,0.1834949411066688,0.7544419653901889,True
2025-05-09,0.0,0.0,0.0,0.0,0.05521477116177177,-0.18717867341065256,0.0028838591278509407,0.6290064438549557,-0.00439504744851978,-0.6332871310281993,0.11817211595266158,-0.10826043972372411,0.11324447285959673,1.2520038739069406,-0.002305588155981586,-0.23951940962171633,-0.01551968006485179,-0.963325012445592,0.21684904732304539,1.2253646596260699,0.0853566579385962,0.24378228802972657,0.01310391180240511,0.6050813994544064,-0.03382719789289017,-1.152046320388539,0.17520928994197504,0.5064059823856215,True
2025-05-12,2.0,-2.0,0.0,0.0,0.19630728911325213,3.3143911466269325,-0.01409973265140052,-3.0269522035082668,-0.002860402456930866,-0.39580402941125187,0.276370522120272,1.7075327613286817,0.11364283574544547,1.265667211728162,-0.008067082135760462,-0.8325159899915952,-0.00894436579818155,-0.5079225773025096,0.21726061928259788,1.214275463844336,0.08466031373889225,0.1947058697353219,0.009124049166881809,0.4174838448139786,-0.030838431930346445,-0.9958797089809862,0.17334463379364712,0.43610877931159175,True
2025-05-13,0.0,0.0,2.0,-2.0,0.08887674998111691,0.6407771001949103,0.008556173649103216,1.8468112881048808,-0.002967592554273294,-0.4088140624110789,0.15700713406020983,0.32810232578423476,0.08352442359138204,0.248829996513541,0.012847502455475168,1.3446584242690578,-0.009821234560482228,-0.5763698026678308,0.1828573312217653,0.5492362797153427,0.07378978478057513,-0.4251184879386717,0.02687339110700837,1.2138163955981258,-0.03149429605452188,-0.9853427369521052,0.1675946005850517,0.26784479602547917,True
2025-05-14,0.0,0.0,0.0,0.0,0.044533347487689695,-0.46939711704160186,-0.002157538849565599,-0.436402701830966,-0.0018132544103601766,-0.2297684264953366,0.20742259275745414,0.8999249959866658,0.07425103637768041,-0.07403187552333872,0.007180466431060406,0.757933165493765,-0.008597571157164826,-0.49279612144118234,0.19225647280406127,0.710245312554612,0.07337535574644707,-0.45139935800255016,0.025643172910425616,1.1548369365705748,-0.03150769090575001,-0.9688776208132417,0.1642876113452489,0.1707747159698167,True
2025-05-15,0.0,0.0,0.0,0.0,0.08081321381391154,0.4096052460722576,0.002511650568030377,0.5398687614112031,-0.0034833831947676717,-0.4862582415825255,0.20430837589781697,0.8609699614025601,0.07521730347200994,-0.05299207492778941,0.01368426867074557,1.4242766454233031,-0.0065101629790370605,-0.34536709421191425,0.16946926070357188,0.27678114750580357,0.07345578997467847,-0.45071950738324573,0.025217697075864187,1.1354443067872901,-0.02198820238798893,-0.5791733713791066,0.1788374562509444,0.5357903003636758,True
2025-05-16,0.0,0.0,0.0,0.0,0.04659432597301421,-0.42867307042523034,-0.002877634851927935,-0.5909991729395262,0.0021802668181504594,0.3894436545443335,0.12579175669714476,-0.04440275003968285,0.06655480489027679,-0.3563035033149139,0.00826246086611171,0.8713525266391517,-0.0009018904466942348,0.05188598324246755,0.15099454477484608,-0.07513414761357297,0.07171640093847838,-0.5505883766509985,0.021601902632420233,0.9727977661842129,-0.023848936156209085,-0.6422271066834807,0.1764674129290236,0.46317937282014626,True
2025-05-19,0.0,0.0,0.0,0.0,0.10294662089758555,0.9461378017094579,0.006814851939835109,1.4456260049955625,-0.003737271219231545,-0.5270674245902808,0.11347404274702817,-0.1902127958937052,0.08819399980146124,0.36387518107388694,0.018394306163547536,1.9066652895456349,-0.009864053402688994,-0.5767189878043908,0.1723293097591706,0.3125944329044246,0.07250917209389784,-0.5108183170292606,0.01786190844837765,0.8067640275122546,-0.018649276595565218,-0.43589978289454395,0.18175833211957115,0.5860896945779646,True
2025-05-20,0.0,0.0,0.0,0.0,0.045430307399939925,-0.4550247836031467,0.0028891376246884537,0.6300855358041959,-0.0017439291509558918,-0.22560613241398464,0.2490877932301304,1.3641477432452505,0.07437653635979918,-0.1088612720459453,0.011579454223712426,1.2211267815050861,-0.0061267821834574505,-0.3170197504753498,0.16296483216057225,0.13227521414466117,0.06900829771875214,-0.7084755515713794,0.009220882958442811,0.4210850520517436,-0.015243758339245182,-0.3033209632041632,0.17973542083344807,0.521624636716987,True
2025-05-21,0.0,0.0,0.0,0.0,0.047513738808412705,-0.41103605273754823,0.004346263390119565,0.926000065062172,0.00027415376776758943,0.08907599812948698,0.06967752822068714,-0.6959072489117156,0.08281783119486939,0.17264713001076634,0.0032098666552800026,0.36233688160678534,-0.0016462731290538542,-0.0032225177034498078,0.1483327508100878,-0.14379554454727905,0.06893637983407841,-0.7162266584118295,0.0074254953112825595,0.3448676140880173,-0.012291991264787007,-0.19001064420689526,0.17193575749558565,0.3136910550650526,True
2025-05-22,0.0,0.0,0.0,0.0,0.040352295944593865,-0.59003662110058,-0.0029101572366034834,-0.5996416397637072,0.002124889337575153,0.3757658059970749,0.1111349788516342,-0.2212945943048555,0.0822885476800324,0.15336089534686273,-0.004406700723238566,-0.4131323965995762,0.000494252808636797,0.14515730810507751,0.14669733053944875,-0.17787641879784954,0.06886604142845634,-0.7243867953758779,0.007093751746697019,0.3336578264615052,-0.014934695396149293,-0.29315593360503356,0.19166381796931478,0.8008378236627803,True
2025-05-23,0.0,0.0,0.0,0.0,0.1392994246556858,1.843982817606554,0.0072542104455078915,1.5259188679660367,-0.006781896137844301,-1.0063097753901253,0.2186136602594001,1.0107161326868874,0.08911192095122503,0.3818488605445462,0.003936339331854,0.43054890257949135,-0.0059846827483125056,-0.31679321995692633,0.14411201728732045,-0.228227963693592,0.07278761633776257,-0.5117001017894327,0.01513404340023805,0.701419366378335,-0.03090846702014253,-0.9127916928165802,0.201692080405736,1.0434141519878413,True
2025-05-26,0.0,0.0,0.0,0.0,0.0,-1.5947726902995647,-0.0,0.008581890280616641,-0.0,0.046961388669206176,0.0,-1.4976008572909463,0.06716218074230383,-0.35917143462494666,-0.0029538297255671253,-0.2700366887724407,0.007414210970497474,0.6319456919170865,0.11524221295455869,-0.7638819770547586,0.06686122803234515,-0.8429984430982888,0.01045809083326299,0.49450496837560237,-0.02453779506949927,-0.6695999041852727,0.19336155877903244,0.8242627446402544,True
2025-05-27,0.0,0.0,0.0,0.0,0.08413753985646548,0.47308096440034014,-0.00548044994374397,-1.1430816153175662,0.0027365799034477036,0.47816717498727884,0.20496830847735437,0.8568675805224116,0.0804602329177834,0.08285241899689334,0.003967918717603602,0.41804953014420115,0.0031163220529201547,0.33065930776755126,0.20479286901699068,0.8915300170760404,0.06859532840258002,-0.751000412152519,0.014520195110789613,0.6790063882162569,-0.02948110094453656,-0.8607453176743658,0.19355394873924225,0.8199643450076257,True
2025-05-28,0.0,0.0,0.0,0.0,0.04385521650703704,-0.5109195766766382,-0.0032703039883990037,-0.684116531341962,0.002414679705458241,0.4311378157473463,0.04416902885716362,-0.9792914470095718,0.07422955679656168,-0.13339393454226706,0.002845232649307139,0.29721855333437286,0.000618216183152572,0.1580046556370544,0.19031095709333024,0.6258915396992352,0.06515587502309297,-0.944685535836506,0.01814663662614535,0.843386691015537,-0.03041570638845677,-0.8954184786690732,0.19359859252435,0.8131152138284288,True
2025-05-29,0.0,0.0,0.0,0.0,0.08164073686320938,0.40790619005166145,0.005432882818489082,1.136894301598564,-0.0043540462193741485,-0.622269178714846,0.08830654802785044,-0.4799450057081968,0.08000550815801177,0.057174468774656984,0.010488798309681302,1.0623015318012492,-0.008738675057793983,-0.5039014557765708,0.19269988256477988,0.6714090323955131,0.06750452124833638,-0.8194040638585535,0.026598338449492887,1.2270077102461407,-0.03773264498935658,-1.1793570734617966,0.1958591912695964,0.8610882926599343,True
2025-05-30,0.0,0.0,0.0,0.0,0.041649313680459654,-0.5741285385868804,0.00036404138808676656,0.08494746319128209,0.006616997580965678,1.0780943240360161,0.11256314573488899,-0.19393970830964838,0.07599151639212268,-0.08591591930084509,0.0057879458744600765,0.5913812934211737,-0.008139135550142155,-0.45942475876508443,0.1917518465498951,0.6576503026268797,0.06535192540002863,-0.9421468303462074,0.02153742544193693,1.001246231898506,-0.035122816154344684,-1.0800765417119216,0.19665651195804834,0.8734351061224922,True
2025-06-02,0.0,0.0,0.0,0.0,0.09118961617546362,0.6437875545270622,0.006921748443170728,1.4408485397404451,-0.004297888917577319,-0.6091411920792958,0.3782410672940908,2.8532760562242836,0.07659741364511702,-0.06919062198050487,0.0002956489667809148,0.035846767531665255,-0.014746267131829952,-0.926493255415826,0.19992780819269784,0.8144910835543174,0.06481669867291615,-0.9753588126474128,0.021917747318979997,1.0200840064715038,-0.043889809910325026,-1.416278465592533,0.19911589074736175,0.9279855292563288,True
2025-06-03,0.0,0.0,0.0,0.0,0.07379920242697979,0.2167569127710957,-0.006603136012040434,-1.3732431257980529,0.0002384740336801213,0.09460238314164156,0.12240927670489099,-0.07767462410066592,0.0628171300679749,-0.5425467893181829,-0.004075090070836507,-0.40197639856799217,-0.013740053296419991,-0.8541906824300259,0.10854312700168295,-0.8748506211662949,0.06311625507815287,-1.0733686187920202,0.010154327324445989,0.4902461006998508,-0.04079303558313048,-1.2936370463372169,0.181384798160813,0.48241311618825106,True
2025-06-04,0.0,0.0,0.0,0.0,0.076335646703466,0.27279534166349095,0.004373261671975159,0.9045765793984003,-0.0069422115354883145,-1.017738065831881,0.0807203357843338,-0.5600298110790991,0.05250041551277626,-0.8999828528206031,0.0014320424335315662,0.150635793253315,-0.015384808816076179,-0.97097691660315,0.0945571067429375,-1.1365329195076967,0.06395492775542305,-1.033285303822285,0.013421631370358345,0.6376327830484657,-0.03189295933158849,-0.9462554562049762,0.17927126411380712,0.4229482614919415,True
2025-06-05,0.0,0.0,0.0,0.0,0.055204439575887075,-0.2491219034665552,0.0007320303832678565,0.15863159582254976,-0.00375450671172232,-0.5247736677396164,0.07720705319758145,-0.597358719847146,0.04731164695637049,-1.0800222208450219,0.0007083900502824481,0.07879504737993846,-0.011958863861694164,-0.7237532323417823,0.12358960177527473,-0.6008184637707853,0.06228050309708175,-1.1312998693235223,0.008309505938229655,0.4094433914488657,-0.027873218702848677,-0.7917888564936377,0.18057059231817332,0.4479287989977009,True
2025-06-06,0.0,0.0,0.0,0.0,0.054618090786775084,-0.26385307878770636,-0.005128255519592395,-1.0577253119244172,9.865999277880455e-06,0.06985611236848266,0.16930497096708297,0.44538987313083506,0.056307813515719354,-0.7725178697090307,0.007302315119535052,0.7367313947346773,-0.011185344555473264,-0.6630111806030328,0.1342991056791497,-0.40582360650075294,0.06104108817481755,-1.2123523902589266,0.007577475554961799,0.37666547785615895,-0.023473796312692637,-0.6187579856400999,0.18021431848043723,0.4336203599575137,True
2025-06-09,0.0,0.0,0.0,0.0,0.021648505658785178,-1.075528149829675,0.002551009405553306,0.529066158071551,-0.0032916750821673593,-0.44574695988741475,0.04478429871138093,-0.9571411970096355,0.05478797647448315,-0.8289431168702696,0.00984755595500042,0.9928877850549384,-0.003488976447350245,-0.1056573135167453,0.19327030255324318,0.6795499818493046,0.059856901113846464,-1.2916265506885745,0.010860081090554807,0.5254709826626606,-0.024295922434315366,-0.6466862918130784,0.1759493260983351,0.32482710294506156,True
2025-06-10,0.0,0.0,0.0,0.0,0.02123060911985477,-1.0898330714839413,-0.0010960035076723607,-0.2196094082617002,-0.0014062814859760648,-0.15362178406588023,0.020642977071927537,-1.2295201637905542,0.059217029832333005,-0.6812216202005121,0.006192402674033537,0.6288191506312981,-0.005541418328170715,-0.24936745978800048,0.20839771301817317,0.9539306038740428,0.06087138402432305,-1.2490344264212263,0.005361384734036245,0.27761181217172237,-0.01906190324867792,-0.439520209312895,0.17963089826660988,0.4124065766495914,True
2025-06-11,0.0,0.0,0.0,0.0,0.05098589174497353,-0.34727448325118915,0.003649609288726041,0.7552773165636377,-0.003516266581106301,-0.4767312908998512,0.17145194501500194,0.4948758094836221,0.06704858474093911,-0.40894354630999336,0.0006707771457353795,0.07492220367147825,0.0032447895365996793,0.3872282823156615,0.22922697522497337,1.3510689772535034,0.061448756298779564,-1.2259777532973795,0.003885688217483696,0.2083398451290673,-0.016127635342507093,-0.31939383935992105,0.18075948965251432,0.440264267333739,True
2025-06-12,0.0,0.0,0.0,0.0,0.09072464847414878,0.6342859274444153,0.007325955452520461,1.5179526306779179,-0.0029809874055014194,-0.3931970290224459,0.09858228326983991,-0.332266166197393,0.06293924791926307,-0.54601042150153,-0.004805005693090392,-0.4807471678953718,0.006429303154794471,0.6216603846449924,0.21767977754248446,1.1503466392968913,0.06238834848767897,-1.1826471913657035,-0.005260436870310192,-0.2064107239054641,-0.014589089498413647,-0.2542732195342014,0.1771073124467641,0.35090963724845253,False
2025-06-13,0.0,0.0,0.0,0.0,0.04458753329338483,-0.5089621646326621,-0.0025830146841270274,-0.5434793723955863,0.0077062341074009,1.2840521934628568,0.34965109134200306,2.5386636013601955,0.05385656078928202,-0.8530991667649162,-0.01103721116808265,-1.1161754740753482,0.010618128483798173,0.9254601487535214,0.20643605656210667,0.9524174422276703,0.060780317438081224,-1.2797261349171367,-0.008942031557424346,-0.37740906613508435,-0.01546055683624096,-0.2813224428746558,0.17443369077541043,0.2858569680483972,False
2025-06-16,0.0,0.0,0.0,0.0,0.04448393902377205,-0.515913734445301,-0.0011041438754135768,-0.238303435438827,-0.005344116962987829,-0.7609709103238831,0.13069901170625667,0.0267194147683861,0.05358301946877898,-0.8602336681111398,-0.0044396766584215985,-0.4558706218705769,0.0005433440128025748,0.20691098875866443,0.20818651348053954,0.9940387888895102,0.06112847907080668,-1.2660145338189077,-0.010748130290568203,-0.4620713849311879,-0.023421527183200272,-0.5815635123664367,0.15809847505512664,-0.11611759177857453,False
2025-06-17,0.0,0.0,0.0,0.0,0.06843574074031476,0.07631637788139793,-0.006617629035970518,-1.3809324842678428,0.0073799263787943286,1.225244817377994,0.17265135226483788,0.48980745015777094,0.07132364883501664,-0.25054010622225603,0.0017946016339295268,0.1645541280797352,-0.007961421310627678,-0.3999002355599995,0.23510741967208432,1.498002054364199,0.061331311447614535,-1.2600253002298545,-0.008187389874582007,-0.3515786929531106,-0.019891192172308912,-0.44107856749130736,0.1534870483249151,-0.23036309360845286,False
2025-06-18,0.0,0.0,0.0,0.0,0.009918597726545117,-1.3695715139482767,-0.00182617355009973,-0.3924157852347709,-0.00033175296291150974,0.025681811840494072,0.06338118613393114,-0.7496549652338335,0.06543924948072462,-0.4545269040800236,0.010990488548432875,1.0879502421005538,-0.015752571876623045,-0.957047500343274,0.2190532106554237,1.1907912448020332,0.06232400701415705,-1.2080870633815326,0.004994772796431679,0.23229458346967571,-0.031843923335177306,-0.8958200147433147,0.15192451261703607,-0.2690216908715852,False
2025-06-20,0.0,0.0,0.0,0.0,0.04987666819679294,-0.38591986790010485,0.0010937499775282022,0.21979911641155625,0.0012078379235022825,0.25904676699608203,0.044487717989916964,-0.9691311645688665,0.07256628256735513,-0.21369354833023904,0.01687876637605923,1.681628799339672,-0.020364124788748827,-1.288506001074662,0.21637672124456775,1.130020866560056,0.06368696471555044,-1.138393498641214,0.01196042501703598,0.5375744201892664,-0.03197188899554234,-0.8967810892191258,0.15320393988143793,-0.23820926892678934,False
2025-06-23,0.0,0.0,0.0,0.0,0.03979285710634824,-0.6309728832287179,0.004014519825534024,0.8250296253690287,-0.002368550363594698,-0.301666625919041,0.3177801955398001,2.132369670706598,0.06831930098831877,-0.36185625271471367,0.013931007970142795,1.3846596683704109,-0.019769988252723615,-1.2496943442006834,0.24491056527762142,1.6521138918462308,0.06279180960551181,-1.1954120917324125,0.012342766613958167,0.5509838073778314,-0.037924824281466,-1.1239120012885129,0.15613732604449954,-0.16634001390076528,False
2025-06-24,0.0,0.0,0.0,0.0,0.11047794757233367,1.1156441189732649,0.0051301344169375485,1.0527128313843395,-0.013848882286418082,-2.0914216339290537,0.3161130524828744,2.1128677358955,0.07670261426982963,-0.07360131342072145,0.015097885979557302,1.5021653575989267,-0.022303696784570483,-1.4324337210206906,0.18440274615128383,0.5182498943369036,0.06198347601577922,-1.2469322035425747,0.005741413701773612,0.2519517951112082,-0.0338472578023169,-0.9635786994307608,0.13018278289332086,-0.8065259718641257,False
2025-06-25,0.0,0.0,0.0,0.0,0.029978285884815856,-0.8729123971075644,0.0025782578785328303,0.5189882924029705,-0.00041122418720103876,0.0054280465964616055,0.035001062183645994,-1.0663875255985185,0.058380179653485,-0.7042775608781257,0.01033972137355288,1.0214761949021312,-0.01019903188251466,-0.5674217850320254,0.11407291235398213,-0.7953461728373276,0.05883903106086345,-1.4327244018789798,-0.001600337201860258,-0.0808822196679554,-0.01549235006380056,-0.2458841996551789,0.1142090972065608,-1.201174464239987,False
2025-06-26,0.0,0.0,0.0,0.0,0.07138599225815319,0.1436935689394049,0.004062104277526624,0.8233797458787352,-0.004943305875037292,-0.6884620968598006,0.03787416058950324,-1.0352869395207485,0.057145568084276614,-0.7511200347867252,0.008505826760149882,0.8353049924856569,-0.011937803870328278,-0.6923824229932398,0.1510615896876683,-0.11527905090327846,0.06594596673493265,-1.0302768828496376,-0.015579859040524835,-0.7119631843187237,-0.00815111761801501,0.04732133202777637,0.11797470622810002,-1.1091810665020114,False
2025-06-27,0.0,0.0,0.0,0.0,0.01875986491464065,-1.155179425278902,-0.0018540084283882319,-0.40106560538369723,0.0018019744595274927,0.35604913902838714,0.18370201608954223,0.5907594816603992,0.057944981984475806,-0.7270503658727858,-0.0003979490687400222,-0.06995988502048028,-0.008195612585673768,-0.420636081128369,0.15304102675560632,-0.08450626309952036,0.06465529572793154,-1.10879421220012,-0.022187406961019618,-1.0119756759366136,-0.004645351887367735,0.19010224191314323,0.12227272407728611,-1.0048273519681066,False
2025-06-30,0.0,0.0,0.0,0.0,0.0931616853686745,0.681366146400181,0.005181397834948531,1.0445941624194328,-0.004902258895441565,-0.6753727123938453,0.0987659326808994,-0.3502298650548342,0.07116294145106677,-0.27316886476025043,-0.001879772606479868,-0.22884227656519757,-0.0008590367599791496,0.11051645079722515,0.12315662087059698,-0.6414666348220546,0.06976392751646696,-0.8171751051459825,-0.03012666133331432,-1.3728621641844556,0.0002695838886277481,0.3887560929777026,0.12109675264896685,-1.0355738663534608,False
2025-07-01,0.0,0.0,0.0,0.0,0.022489832089505574,-1.0627228193883884,0.000371969810933126,0.053789339870717406,-0.0017442173843622566,-0.18769996098867395,0.11449543734060244,-0.17794038127248613,0.058310975856037346,-0.7208924571972747,-0.007800034201581929,-0.8276418368095229,0.0011207512287139125,0.25751328716577676,0.12049466113693108,-0.6953042576524103,0.06813752683053319,-0.9131872900093777,-0.0374632021117427,-1.7074563363964184,0.008255522458712233,0.7081854475732622,0.12073186911595554,-1.0462178972706273,False
2025-07-02,0.0,0.0,0.0,0.0,0.02640399443193151,-0.9732732645378344,0.0007443632651298326,0.1261757332888933,-0.002149996175014657,-0.24886206707158165,0.17417074322042556,0.4817183601803924,0.057268843087075874,-0.7620894612477044,-0.008172004012515055,-0.8676508007991911,0.003509884291509891,0.43230953699019103,0.11081252175131871,-0.879811943132377,0.08139053268740211,-0.1477747571359977,-0.02600723492667245,-1.200750515393714,0.007140136862117749,0.6723939131338037,0.13324064202637614,-0.7424276973187536,False
2025-07-03,0.0,0.0,0.0,0.0,0.056739694697532934,-0.22050945311462808,-0.00484167155136328,-1.0255515478214934,-0.001201114590382783,-0.10036826026537597,0.057715963888258046,-0.8113671550377786,0.05663811129119979,-0.7860303353415267,-0.010762017261644274,-1.1303560087064595,0.004847620344179702,0.531360995976252,0.06514981917957406,-1.7185335942803779,0.0814307023954427,-0.14755241257189142,-0.026388866206095818,-1.2226792851666037,0.0045304384247131626,0.5761346909474275,0.12706142784812433,-0.8965439187670711,False
2025-07-07,1.0,1.0,0.0,0.0,0.09132109805300873,0.6314873479283016,-0.0033358319661280778,-0.7147915804320709,0.00913855028522211,1.4975903703976112,0.013068024671876826,-1.3185968167561979,0.052208352395613083,-0.9419434332130125,-0.00886803266124625,-0.9451243768330234,0.007991079038032572,0.7570582142073095,0.10290708973506096,-1.030008937875373,0.08101325883724876,-0.17404726243580326,-0.021547194654732538,-1.011959918738769,0.006037877024700825,0.6401362936989357,0.1280157930646757,-0.8765119829815604,False
2025-07-08,0.0,0.0,1.0,1.0,0.029838633613967883,-0.8834569566585487,-0.0007388637601535297,-0.17211189972761448,-0.0029224709067485013,-0.37320535269199373,0.10785179068716294,-0.2588648473165928,0.03666636462264908,-1.4844823216541725,-0.008103900719343082,-0.8669752066939193,0.00038051517300522874,0.21747972770190538,0.11267534919575051,-0.8542868761347189,0.08115251507349865,-0.1667447437717623,-0.012405831244433063,-0.6077061000469437,-0.008713089129622171,0.07113206006761644,0.1282062844548862,-0.8742360029704428,True
2025-07-09,0.0,0.0,0.0,0.0,0.015832022401873584,-1.2296576966998602,-0.0,-0.014397856952893215,0.0006449156784337218,0.17111263985038463,0.049708026464603816,-0.8972789966741739,0.04697588631375254,-1.1280447308347923,-0.0128615527582574,-1.3378479158206487,0.0013252653427408738,0.280162196893034,0.10015071976626816,-1.0860034372623855,0.08088079804312252,-0.18343031231225504,-0.01093707442199987,-0.5468350492924314,-0.008435605736601183,0.08483085835222971,0.12744503346498662,-0.8953858084363686,True
2025-07-10,0.0,0.0,0.0,0.0,0.016082390904253858,-1.2267592919983994,-0.0018456499839993867,-0.39539170004976215,-0.000812260122344847,-0.05295922202471674,0.04259354541122819,-0.9730990611844441,0.05576985212124184,-0.8216733463176129,-0.009217191992851093,-0.9683848564723908,-0.003172105079021585,-0.04404944048728989,0.10070419071036085,-1.0728463683591614,0.08113765484913951,-0.16959844804968296,-0.0127632479720996,-0.6328398645839015,-0.009699942062184387,0.037063282376830264,0.12695499804641822,-0.9096358790462178,True
2025-07-11,0.0,0.0,0.0,0.0,0.04311025263173133,-0.5566751294098933,-0.002947686950965256,-0.6236388043006672,0.0019423441034700877,0.370868146614333,0.17980240542442083,0.5507500017703156,0.06044803062169647,-0.6590851611265748,-0.01176065542612259,-1.2150091620011993,-0.002614581196235144,-0.011246030840275454,0.10649397744821404,-0.9632185340398464,0.08153098692984759,-0.14780943655474546,-0.014927798842591544,-0.7340151432918218,-0.006744432052012805,0.15229537555416162,0.13079981930021362,-0.8182171905535257,True
2025-07-14,0.0,0.0,0.0,0.0,0.038731511765184176,-0.660201606588301,-0.00257170002422491,-0.5436942783674601,0.0015279864201947675,0.30490715566564375,0.09600962815666708,-0.37983741242215663,0.060740147745781015,-0.648285851077846,-0.007356371934584716,-0.7689282470074269,-0.006370707251801703,-0.28795719885875903,0.0717293402077668,-1.589049230886819,0.08208126116078499,-0.1162734432864167,-0.006896547175176626,-0.37946367584001434,-0.015005051847198397,-0.16629430999693634,0.1250301353759503,-0.9617965482740258,True
2025-07-15,0.0,0.0,0.0,0.0,0.06729044852721698,0.04979368489823902,-0.005496515799067847,-1.1411623505831716,-0.0019777207370128558,-0.24194383466742664,0.047208877633871826,-0.921950015044678,0.07074329602526228,-0.29662912352816734,0.0017798617246833626,0.14415874009048316,-0.01247149845607054,-0.7329195465436085,0.09182720546806372,-1.2154842604514553,0.08291228228723695,-0.06801938118483132,-0.0017701134499771287,-0.1510638724175468,-0.02384353275871128,-0.5108771393766766,0.12305578354459269,-1.0165086003306638,True
2025-07-16,0.0,0.0,0.0,0.0,0.06795366829378169,0.06973906892489079,0.003644360765406307,0.7496767895940043,-0.003852454743328737,-0.5360314419421162,0.050278930562065866,-0.8922495519716682,0.06860296947518278,-0.364520319384144,0.012415856194255781,1.204290712967253,-0.010953496342334224,-0.6304449103414643,0.09897233584152107,-1.0822624899691429,0.08246024881348808,-0.0945969768866527,6.737322668903811e-05,-0.0685941722948873,-0.0152121035559597,-0.18005976583814284,0.12389803600587618,-1.0039010452933885,True
2025-07-17,0.0,0.0,0.0,0.0,0.05502197882748282,-0.2529553205941559,-0.0043891134172708846,-0.903022935258207,-0.0002547362395584063,0.026238273424151002,0.08129063825349626,-0.5451183042520623,0.06247890006503762,-0.5712061004328713,0.010247587003299863,0.9944218450814404,-0.011846138961426871,-0.6982401481500841,0.11112937639975845,-0.8596859981015299,0.08206681516168918,-0.11791365903583476,-0.0002958814259852449,-0.08306339621625,-0.01174426527148091,-0.04833507659222768,0.12364136556370882,-1.017713122472031,True
2025-07-18,0.0,0.0,0.0,0.0,0.04044841873557074,-0.6173453636430134,0.001456596540572619,0.29726233862329815,-0.0018137819520964715,-0.2153325109043007,0.03476136545643255,-1.0552837277437601,0.05839390486192652,-0.7087494084761076,0.012049867333920217,1.178753841983977,-0.009882386606314058,-0.5596816539463546,0.09682488919541493,-1.1167214352634618,0.08171749331050505,-0.1384897511531935,0.001532891782328738,0.0004240234197137766,-0.012683380350574928,-0.08727965068863039,0.12179967341461533,-1.0689455269863941,True
2025-07-21,0.0,0.0,0.0,0.0,0.0899058389557711,0.6081946129521517,0.006564533635043168,1.3552031554243924,-0.004572804784074069,-0.6408101616482322,0.13961146874458025,0.10649947994770045,0.06176686046898394,-0.5891524888320301,0.008381654306651276,0.8251328125271017,-0.0035625792021193323,-0.10446034370451261,0.12628616393723968,-0.5777836142662344,0.08100365629115631,-0.17978718925856835,-0.0024775063662580976,-0.17549351240446853,-0.006904018883280479,0.13701864351855653,0.12387853261614938,-1.0224195804633454,True
2025-07-22,0.0,0.0,0.0,0.0,0.058467738400610106,-0.16294317284009713,0.005139478670504571,1.058832195172573,-0.00045971862327653934,0.004998309888024835,0.08940667083212078,-0.4472825765097606,0.07703141647724164,-0.06096043134786702,-0.009584143288523639,-0.9456005923622852,0.00794023384053925,0.7299036217564866,0.12490352228681245,-0.5973703202587637,0.0787364644996858,-0.31123325305216476,-0.008314200036513397,-0.4334767576301023,-0.0029304014793597477,0.2913988078168502,0.12432916164286476,-1.0156009921291584,True
2025-07-23,0.0,0.0,0.0,0.0,0.025463033976540622,-0.9883880569223233,0.0014760915744503889,0.2956377629835351,-0.004745097362421384,-0.6584996578921677,0.11965460642923566,-0.10732274695132142,0.07336068281142503,-0.18728022659412774,-0.01726906560199637,-1.7072653763526888,0.006962412319425775,0.6722928518979514,0.13409123155608,-0.4247020543022111,0.0790362541931943,-0.29269965963306954,-0.01855205392450532,-0.8915134269962378,-0.0003193711156995391,0.3951772343992926,0.12352851625035333,-1.037650080810304,True
2025-07-24,0.0,0.0,0.0,0.0,0.02475257785777361,-1.009128874860795,-0.0025868330866505307,-0.5413456056931801,0.001709016115554407,0.3467962618224429,0.05565594558553896,-0.8245221754102962,0.09041765291200611,0.3999381123242916,-0.028538419977129692,-2.817667822282715,0.018424419917370132,1.5102709261526022,0.14679198308184693,-0.19073209768964466,0.08469743226339502,0.03859309015039822,-0.010245527403838661,-0.5213469676252526,-0.0074679609690104795,0.12034270075143946,0.12293897961209387,-1.0550109727233303,True
2025-07-25,0.0,0.0,0.0,0.0,0.06151896435506288,-0.0927852645319688,-0.0022116164866963217,-0.4671018435570637,0.004506025452098254,0.7893164612845193,0.15491817711091974,0.28218877334861964,0.09544299405317902,0.57422684476258,-0.02810672983395901,-2.7759958729425724,0.019799083476458645,1.6243583399532602,0.15336752288401506,-0.07038019942229361,0.08677745624383246,0.1606548477340837,-0.015708442909597276,-0.7663123987954682,-0.005383494020960576,0.20491864131613957,0.12286657054688278,-1.0600836928122683,True
2025-07-28,0.0,0.0,0.0,0.0,0.13574764987516846,1.7478420602809088,-0.011401263960131747,-2.3470543870409624,0.006930008258584512,1.1746179279314477,0.13372688742014904,0.04468832394884307,0.13036816412289823,1.775630422720833,-0.014067176351259314,-1.401770577907233,0.012433455043403652,1.1016230423799267,0.18815702153742342,0.5577388898514754,0.08562389016001659,0.09436175917858854,-0.010956002336163562,-0.5535119611219583,-0.00928504003759704,0.05852474260450953,0.12096060908034839,-1.107588880171184,True
2025-07-29,0.0,0.0,0.0,0.0,0.0316192915361904,-0.8340918921004128,-0.0025454436429681593,-0.5308098825755093,-0.0014375401443900149,-0.13821524247229441,0.12458965661808476,-0.05794995558604631,0.1146027649199268,1.233786745039413,-0.0023031804054211014,-0.2513974090069201,0.0007437521723998941,0.2525781199757587,0.1805630681304849,0.4224221128611568,0.08039303417688595,-0.20863878490200136,8.134164157425072e-05,-0.05907742997509862,-0.014279974051985929,-0.13208856434575741,0.11730454217493458,-1.1942710931133123,True
2025-07-30,0.0,0.0,0.0,0.0,0.11909035344802527,1.3190546041205728,-0.009793262800682934,-1.983713458652601,0.006716910235522973,1.1285848619520797,0.15459487761023016,0.27864649337616004,0.11668610754662155,1.304223836825165,0.00024226323754705792,0.001933881519908618,0.0024876163263947873,0.3783696969765947,0.17246865453483784,0.2767131936702356,0.08065814499844934,-0.1931512566330077,0.006264517706785155,0.22102923167617586,-0.015119862452756615,-0.16436456295919974,0.1147762386074731,-1.2533858936760396,True
2025-07-31,2.0,2.0,0.0,0.0,0.05197965976422245,-0.33679409807930005,-0.0021551429434798486,-0.43657230735748453,0.0030836796746429216,0.5638966826178284,0.11935729848914804,-0.118695327708731,0.11195227336723165,1.1400423872447056,0.01584105748240139,1.5256262821272664,-0.009841709778229069,-0.5233765056504381,0.15178376118616926,-0.09589312218189211,0.07622389948484243,-0.4512613504478055,0.01678786805027921,0.6950150277349098,-0.020108631993362363,-0.35769566495093286,0.11004146270290283,-1.36794914774299,True
2025-08-01,0.0,0.0,2.0,2.0,0.205632736574053,3.4395438843352424,0.011827936996003374,2.385317732639297,-0.00285960298095674,-0.3679943608615278,0.28840258899838594,1.7709883952580872,0.10895974632820798,1.0330171898979414,0.0187260934881609,1.7892375884202514,-0.0155703769665995,-0.9426846722321941,0.14850980377507886,-0.15687053423624964,0.07710661754170393,-0.4015325601376254,0.012366557542342504,0.5027574880952806,-0.020586143750250023,-0.3771935479416647,0.1264489947643743,-0.9618324029408161,True
2025-08-04,0.0,0.0,0.0,0.0,0.030337752706525545,-0.8749681345511533,0.0003627319857064659,0.08657872581992164,-0.004759694612419245,-0.6760726748588766,0.07496604415979648,-0.6145044577627148,0.054406184550154474,-0.8559253392844067,0.0050719829420577955,0.48497540884742557,-0.013330194632792244,-0.7845594246143573,0.07334487166195781,-1.507674518200615,0.06255666121070348,-1.2475577229005343,0.0023534539816023603,0.06676895171729469,-0.020423004623948453,-0.3741595472046513,0.11417986593428046,-1.2584068659806618,True
2025-08-05,0.0,0.0,0.0,0.0,0.04687332192840044,-0.47091664604291417,-0.0,0.0012446988134249483,0.00030632400960487843,0.1248015363814335,0.07489996809225226,-0.6187577688087875,0.05595065469899769,-0.8050242593323373,0.0006990501018599993,0.0763394112156911,-0.0064272501325462646,-0.2873912492934028,0.09376338180274005,-1.1401202141019986,0.06229611081422212,-1.266111554352607,0.0005361725246448845,-0.007227913403762119,-0.014418408434865415,-0.14468898401014074,0.11494872072983561,-1.236884883806704,True
2025-08-06,0.0,0.0,0.0,0.0,0.09150472699961809,0.6383956427204857,0.005805531444171397,1.1760947603603416,-0.005612415869100884,-0.8021864776337511,0.03502389366901182,-1.0622005823391547,0.05944470188355408,-0.6849658162067621,0.0057826148183096615,0.5600390734925503,-0.013051849833866647,-0.7674766918473116,0.0805585599993758,-1.3776582258483916,0.06540602497609121,-1.0842285864033556,0.005619737241094547,0.22413649735860797,-0.0235338263718919,-0.49777219182254906,0.11853277378315744,-1.1442554672800456,True
2025-08-07,0.0,0.0,0.0,0.0,0.0138857222058186,-1.275767868536911,0.0007298930622796629,0.1605972844290592,-0.002644987513727511,-0.33136114409645,0.09249602526995342,-0.4150153961021759,0.05120178097234214,-0.9690558226062647,0.002531817075112852,0.26105615234318263,-0.014749928456083878,-0.8895876709253511,0.08002192843601878,-1.386805395088253,0.06240576981719338,-1.2579444540246245,0.0030988325601775113,0.1204216283876337,-0.022195586389321956,-0.4453406520203485,0.1222687002254989,-1.048402287355803,True
2025-08-08,0.0,0.0,0.0,0.0,0.030656741663630423,-0.8642743929223999,-0.00182617355009973,-0.3610496725031966,-0.0006194206471494823,-0.008154063591210242,0.001774610111690921,-1.4252629231084333,0.05700505888149471,-0.7694093693134278,-0.001857105109568491,-0.15549464982222672,-0.005451232476617644,-0.21007370445525392,0.07873898871961194,-1.4081763516467412,0.06304734832804446,-1.2197696694157252,-0.0016588822072705067,-0.08427414502715558,-0.01992922442517923,-0.35465829835488666,0.12083534039898958,-1.0792676195544229,True
2025-08-11,1.0,-1.0,0.0,0.0,0.04222565557563017,-0.5702039190265243,-0.00401020085449133,-0.8028841892898011,0.0021432498878267334,0.4286916641790728,0.12499882348108982,-0.046791871934405406,0.06026755301840489,-0.6562886833370712,0.003250174553263263,0.3222303606926361,-0.005216428288318106,-0.1844433829940528,0.08155756434251314,-1.3576355634833097,0.0626376976469277,-1.2423905605888144,-0.0005621412478160615,-0.031938800189095014,-0.021937794500105766,-0.4294968158876344,0.12235132725259926,-1.0385659419265327,True
2025-08-12,0.0,0.0,1.0,-1.0,0.06454469350509263,-0.015720340067061286,0.005083564716449662,1.0271549537693048,-0.0063182756917155025,-0.9218429131896048,0.03986600278737087,-0.9883671226274413,0.060799240896130785,-0.6304386572908671,0.004700035198797692,0.46078022423580517,-0.008553529494797263,-0.4239128140795508,0.05021523261753073,-1.9085496953075316,0.06303249132778774,-1.2179550777094876,0.006727969918797205,0.29300396733746575,-0.031348629314767604,-0.7924510513921968,0.11951043607241466,-1.1033635040726477,True
2025-08-13,0.0,0.0,0.0,0.0,0.056979675365561144,-0.20093171365101326,0.0025547337009745874,0.521791944278426,-0.007310494491318116,-1.085196128927634,0.03513613960488464,-1.0447755914344954,0.053467849058000755,-0.8799109051459352,-0.002937331125666187,-0.2599335027566489,0.0017303257121162137,0.3223052552404695,0.06604767006427466,-1.6172958937988369,0.06154640183032545,-1.303152298409146,0.00018195043617874607,0.010039101625842088,-0.024885474597321194,-0.5400867383288035,0.12003277480028807,-1.0868510785324716,True
2025-08-14,0.0,0.0,0.0,0.0,0.05703935937867303,-0.2038279742077902,-0.00365902912240168,-0.7294251045387911,0.006653708465738724,1.1398905656091411,0.08315534631351879,-0.49981008033304225,0.04563561801226088,-1.1506219810724165,-0.004764224861852906,-0.436493410320527,0.008441632823280995,0.8094793896670683,0.09873214682121707,-1.0215365895550497,0.06014834225747072,-1.3841275661983625,0.000913042767542005,0.04469211061742718,-0.02130591973289168,-0.3976476422657552,0.12417652821519537,-0.9810196567362863,True
2025-08-15,0.0,0.0,0.0,0.0,0.058724135027793806,-0.1579846982917008,0.003281106112732024,0.6655902865627638,-0.00038461645884994383,0.019760261152243733,0.0300895650512216,-1.0895676325789854,0.0479190202264814,-1.065298632897556,-0.0062035709569385755,-0.5721715659962128,0.0039392360979259395,0.480201930697904,0.09697244912597972,-1.0434359379181342,0.06358850310514255,-1.1827849170706766,0.010799213502178606,0.48133185201156137,-0.034608888981897436,-0.9107947527072621,0.12556178467013324,-0.9419187208108637,True
2025-08-18,0.0,0.0,0.0,0.0,0.041630952526713186,-0.5834102868265378,-0.0025603402089569016,-0.5052514664620467,-0.0011938513186524242,-0.1123433610292813,0.019684569182928602,-1.2038856466036458,0.07633590200186141,-0.07976632111282943,0.0002979410254464465,0.043219865536313046,-0.0075698346589564425,-0.3713371117853594,0.11205604793815088,-0.7661627593885003,0.06276494492588452,-1.2298335861927316,0.004200719011953069,0.19300850992073149,-0.03470904192697869,-0.9125900679028175,0.12922290201029768,-0.8480309149097375,True
2025-08-19,0.0,0.0,0.0,0.0,0.02947246635182183,-0.8832988060157438,-0.0025538016080142167,-0.5094000739154644,0.003965579515197974,0.7058111347293888,0.10536729603218181,-0.24392091396235288,0.0840630294260076,0.18937099249322015,-0.005191467358005797,-0.47518374846118844,-0.0025825002766997067,-0.007255986181474421,0.11512457234160314,-0.7051666177818257,0.06402215956572999,-1.1552728350878831,0.0019851277070157547,0.09675133461110766,-0.030914112260551588,-0.7632827111211122,0.12994802862494295,-0.8259589378213067,True
2025-08-20,0.0,0.0,0.0,0.0,0.020649973937802844,-1.0974814162405402,0.0007278399647878686,0.1553959351985222,-0.0005991873801533357,-0.022803945433340824,0.1684523248373197,0.4682043494534312,0.0844263324586256,0.20419266641303346,-9.684166325418797e-05,0.005735054106248086,-0.005943600356435894,-0.2590687365818089,0.11731804737972068,-0.6531957721689468,0.06407092023357976,-1.1511157058544323,0.0016138755421590822,0.08136399573852539,-0.03337612060805643,-0.8590032505046569,0.13173772303502898,-0.777065204809752,True
2025-08-21,0.0,0.0,0.0,0.0,0.06367024421370006,-0.0244031687500961,-0.00509837521748735,-1.0111854663785909,0.0021513117403836692,0.40829559909122687,0.07474361172836023,-0.5786843933459394,0.08464715294502671,0.21669660644390548,-0.0011886016104359909,-0.09229082318469094,-0.0034093387320869323,-0.07984978677144286,0.09030450185131014,-1.1171380702653704,0.06463681491506802,-1.1166329303168887,0.004531725015946009,0.21333690041750444,-0.03586218051597008,-0.9597246675687195,0.132729156068235,-0.7480283853542447,True
2025-08-22,0.0,0.0,0.0,0.0,0.1446644425309708,1.9822041338319905,0.009782618095117046,1.9893804949446838,-0.011893687215732326,-1.8299114800757343,0.11746459623693728,-0.10697798196445696,0.08158039471768519,0.11525347810231032,0.007547506029294104,0.7397337188445797,-0.007838079017631302,-0.4162367062563584,0.09631812437090316,-1.00777174444179,0.0629002937212209,-1.2155513004274177,0.010361862754085682,0.47652690194981134,-0.03820120854351986,-1.0558367934260173,0.1345330898837922,-0.7005534716660308,True
2025-08-25,0.0,0.0,0.0,0.0,0.08175638106446528,0.42442585586327275,-0.008049748592409145,-1.5963709461127524,0.0037934830636043118,0.6706634618896449,0.05871044727833338,-0.7644176674915063,0.04871725817427022,-1.0096640946137414,-0.001505024523011822,-0.11006290183636741,0.005783748893018248,0.5936427015245762,0.09146414402791335,-1.0885800266322352,0.059511664116721805,-1.410889903007062,-0.0067441003622005224,-0.2710714458050029,-0.020934394045855103,-0.3864146293019955,0.13455485445944285,-0.6957867947706373,True
2025-08-26,0.0,0.0,0.0,0.0,0.03555377193992512,-0.7187091045843116,0.002540824086737392,0.5210461882892397,0.0006044794354617874,0.17535277147482325,0.1184489400831142,-0.09783674711740226,0.04823209345479308,-1.024927489053513,-3.1729382019229924e-05,0.03438770782391471,0.00459643374716919,0.5064624469952053,0.16587341097360658,0.20929242220515706,0.05876903530614047,-1.4532093629170164,-0.005600932211932919,-0.21516482852578792,-0.0212628659831543,-0.4011861813581302,0.13536458867376702,-0.6720292197339706,True
2025-08-27,0.0,0.0,0.0,0.0,0.019561326755186743,-1.12639052239722,-0.0003639199823939343,-0.047048455246819755,0.0019350742441956263,0.3790182398646697,0.023232052067524055,-1.1557088306198509,0.04771534615932357,-1.0420663318471755,-0.000757720033493392,-0.026871457111973925,0.0012954904570522396,0.2581053094491496,0.16824344907878253,0.25152098853240823,0.059006797475364775,-1.4388232938993164,-0.004531602493642373,-0.160143572998351,-0.02228596780298575,-0.4479754234661522,0.1336140655766208,-0.7086801048582835,True
2025-08-28,0.0,0.0,0.0,0.0,0.045655193893814956,-0.4688578229514334,0.0036377324222427454,0.7504211837617938,-0.0022774285451607015,-0.29628361410421655,0.10930463708240241,-0.19308108139519392,0.04707675535700032,-1.0631603347402299,-0.0018483495223504676,-0.12808327722846446,0.0006053177895204063,0.20855335606292066,0.17364228741185145,0.3467272975767019,0.06002013202118763,-1.378816457517781,-0.001993799142113728,-0.04059537599539805,-0.02924644670959412,-0.7267122612875645,0.1402837797378604,-0.5445012542378633,True
2025-08-29,0.0,0.0,0.0,0.0,0.010193842328138709,-1.3582862682880714,0.0007300875428111198,0.17126524344481622,0.001728140694917224,0.34723393932072494,0.08732904978265241,-0.4366724312243549,0.06488432298711656,-0.44473388017945387,-0.00040251722814355073,0.013917876709964687,-0.005926347592740503,-0.27812203396884916,0.1832675270336117,0.5163069591275438,0.05976401370145772,-1.3917934785933455,-0.004542221847511851,-0.14923406725323918,-0.027401801055784977,-0.6582757381259604,0.14004113381713004,-0.5451347129707472,True
2025-09-02,0.0,0.0,0.0,0.0,0.08226610056038496,0.4586428781962466,-0.006576453451416553,-1.30216988328815,0.0026061679177552532,0.4935461248371519,0.3163118741573637,2.1238459336070865,0.06659008627898329,-0.3823371766008803,0.002152021992299691,0.2553729143656566,-0.011928664174188659,-0.7225889747030732,0.18899674351543183,0.6183966254563867,0.06036330487639931,-1.3547845278862953,-0.004908786287892042,-0.16226124464169528,-0.032887056591379915,-0.8773467065394638,0.138403923489003,-0.5781567777498119,True
2025-09-03,0.0,0.0,0.0,0.0,0.029004087315967025,-0.8762805772264693,0.00181483343526323,0.37865851473283635,-0.0026964638546551623,-0.3606565936493761,0.132498769034217,0.071797862736417,0.057519656466642734,-0.690035104916478,0.004700653738547889,0.5001231492396584,-0.0149134576415287,-0.9477052274722988,0.1264595300145174,-0.45987991702001707,0.05761840273383945,-1.5132261675478222,0.0002131176922735012,0.0692031945076273,-0.0361178791794781,-1.0071479007876936,0.12213551660785607,-0.9559997772790477,True
2025-09-04,0.0,0.0,0.0,0.0,0.01767439866329068,-1.1636501488475055,-0.0014545494712510099,-0.27427748668182345,0.0012449015766637928,0.27251137385430907,0.0918453784314307,-0.3864659199914578,0.05636869625298291,-0.7288800082308953,0.002156387712639374,0.25279433029060305,-0.014844984508949553,-0.9420443309267477,0.11813835080720031,-0.6067853264804992,0.05781762824229253,-1.498401521200031,0.00021384820022118944,0.07009739869642283,-0.036303766140348505,-1.0142965865429654,0.1204234360787364,-0.9930554844196335,True
2025-09-05,1.0,-1.0,0.0,0.0,0.10837595518191817,1.1127353321445277,0.005083564716449662,1.0324009982617042,-0.00880909392742161,-1.3447175697351326,0.17025650090759,0.484848375569412,0.06023377080303847,-0.5922719966397061,0.00689084749601232,0.7046877718771093,-0.02335747101244845,-1.5793468171497926,0.11724267028965621,-0.6237748246194978,0.06457260803866292,-1.0902569870791377,-0.0030606257762526567,-0.07435620979540516,-0.038379490992593225,-1.0954587968633849,0.1287433017858524,-0.7909393492361755,True
2025-09-08,0.0,0.0,1.0,-1.0,0.030286515956650207,-0.8344299325680865,0.0032846267632543613,0.6784486420525438,-0.004274175886530933,-0.6138367252715445,0.14443352318296876,0.1975175979339319,0.03735558942559949,-1.3794380980306145,0.0003448280133938608,0.07270554134178406,-0.014403498059295935,-0.9066521060508295,0.09309238315137341,-1.0429357671503505,0.06265111498133133,-1.1937877631298746,-0.013937110113193207,-0.5623994335118387,-0.025553281067318027,-0.5916941022243015,0.1244125211765196,-0.8877129593904269,True
2025-09-09,0.0,0.0,0.0,0.0,0.035967695503920386,-0.6964700657998328,-0.004027821705168355,-0.7902656303453177,-0.0003786255495847879,0.020012922202843657,0.03948817953950584,-0.9702079380545543,0.03776512372478411,-1.3646215893898772,0.0003460272824773458,0.07228835737258109,-0.013860261799653606,-0.8629330235144412,0.09406496772072945,-1.0286419508110802,0.06278570758268608,-1.1788001731976472,-0.019381534492519004,-0.8073791392059192,-0.024764323128983582,-0.5634203825410757,0.1260796830930328,-0.8443202498219422,True
2025-09-10,0.0,0.0,0.0,0.0,0.01121583876424494,-1.3128351390964343,-0.0007294325906452848,-0.1333321801384126,-0.002627990722076016,-0.3364729691240535,0.08204548937145302,-0.49742063936676484,0.059433519127239015,-0.6142962867514165,0.010600990599880622,1.0587618022017138,-0.020130897033335853,-1.3290075587204255,0.10431868544863432,-0.8537253929282714,0.06308022810959488,-1.1529787379766123,-0.022178426576248134,-0.9325815141726947,-0.019773473515735517,-0.3676731124803329,0.1344519827110022,-0.6445030678217973,True
2025-09-11,0.0,0.0,0.0,0.0,0.04980668060418973,-0.34896199976466374,0.0032799103121219364,0.6689360909561155,-0.007267584926835102,-1.0873945892588,0.0721025215443163,-0.606629627738714,0.060999182219081634,-0.5582655458048721,0.008013034813032394,0.8070485425018138,-0.017987675715191036,-1.1602620493037632,0.11717624474166037,-0.6309976388163558,0.06577705736624216,-0.9881246845103738,-0.016454296414023406,-0.6727211487417571,-0.002737721588267907,0.30344278145746745,0.14574725202382133,-0.3769033679205413,True
2025-09-12,0.0,0.0,0.0,0.0,0.018717437548629888,-1.1185702565898599,-0.001462454766168797,-0.27994313358010503,0.00014487902573090405,0.11429478124199435,0.06208700279691426,-0.7144194862672988,0.06505041332370301,-0.4168259068026323,-4.2807012983758774e-05,0.031229827218452116,-0.008119012440581256,-0.4122359871883835,0.11546783038616398,-0.6601879399432592,0.06562484940434422,-0.9897654079598858,-0.023319766689292476,-0.9812461270629058,-0.006926853296300307,0.1395341872241764,0.15781905427354953,-0.09244025995636243,True
2025-09-15,0.0,0.0,0.0,0.0,0.03154994879955903,-0.8011262138478296,0.0032858260323378463,0.6664152720909609,-0.003730939626888604,-0.5104210741527532,0.15361241347383398,0.3004386486779287,0.06544205039010016,-0.40532785051498643,-0.001505406019685851,-0.1142298226284038,-0.006760320298619023,-0.3019941325109182,0.13063634172450703,-0.39785384755662123,0.06593128382583138,-0.9651550903592655,-0.01899914038758921,-0.7859727973556032,-0.0038553832510771096,0.2633369828047469,0.16046875191205326,-0.028060859047793183,True
2025-09-16,0.0,0.0,0.0,0.0,0.1064384545398091,1.065606253619905,0.006227141612234921,1.2608035105072926,-0.006649260783267034,-0.9869519302941419,0.0968826066457592,-0.3198494016829843,0.06517552631428081,-0.4114806343933538,-0.0011455426134489022,-0.08085490324630024,-0.006114627959797411,-0.25004316910922825,0.14009000672052277,-0.22869553009758178,0.06638823046749866,-0.931002270805351,-0.01941860232412329,-0.803381616412098,-0.008070379647092821,0.0983669519091466,0.16203311856756314,0.011121644749865657,True
2025-09-17,0.0,0.0,0.0,0.0,0.03180143298108387,-0.7835019057978592,-0.003317388377493513,-0.6514640458849472,-0.0004847694039311993,0.009365429325679235,0.14486059710831012,0.21222540361176254,0.04357427391129639,-1.151450944895449,-0.0066409217050314995,-0.6095143092077413,0.0003469165363035137,0.2321843557524578,0.14137695092603678,-0.20112404122674746,0.06281682401250237,-1.1290375571849942,-0.021693181489847668,-0.9052068449889085,-0.0051665869778572075,0.21398678813098182,0.16778305178924724,0.14710161918074935,True
2025-09-18,0.0,0.0,0.0,0.0,0.06837406134993924,0.11777625898302388,-0.004775931513894216,-0.9435558242640206,0.002601078347774677,0.5102759250824304,0.06701337644481564,-0.6576841880005759,0.06359834664603223,-0.4619604414254978,-0.010646878348707145,-0.9949167058513293,0.006204813222167149,0.6699740820398338,0.13592681977933296,-0.2900226554329538,0.06243912993916355,-1.14412330857622,-0.019458029408605637,-0.8039768486905948,-0.005103700510935003,0.21891550315866515,0.16937941015129926,0.18614065777369088,True
2025-09-19,0.0,0.0,0.0,0.0,0.02408261022540496,-0.9744472146617645,-0.002925053772870889,-0.5739205001282461,0.001503571167693137,0.3329596971844168,0.1478600125887171,0.24218144465634409,0.0662709409460085,-0.36897541016856933,-0.01277752727695447,-1.1999223721543935,0.007068746000697587,0.7343548876523358,0.13942269764995807,-0.22702715818693497,0.06146024246811789,-1.1932782100188923,-0.017204609684688843,-0.7010140582722704,-0.014143852227710934,-0.13295923322560024,0.1875317148149625,0.6086091310319616,True
2025-09-22,0.0,0.0,0.0,0.0,0.04158925328031091,-0.5478915272348783,0.003645689438574795,0.7394912302375989,-0.003085247288066991,-0.4093848190686858,0.13736553699457493,0.12697568038470858,0.06774307851906493,-0.3184974835046157,-0.006242319699055643,-0.5710868644603434,0.005146552448634785,0.589958945209125,0.1255894155492147,-0.46093367102223076,0.0627758856937987,-1.1121267540127795,-0.0182336100971362,-0.7468858853914373,-0.010335579938330303,0.02010441803190915,0.22874168274000245,1.5639358838655024,True
2025-09-23,0.0,0.0,0.0,0.0,0.007741743515631203,-1.380797323139752,0.0007317625206523237,0.16457900454399874,-0.00018771628716611014,0.05128603717567019,0.11444509723461113,-0.12392813375921449,0.06957562750602014,-0.25568696516279016,-0.007714125768495728,-0.7103985928353491,0.0032063950742890306,0.44290494647349965,0.13129686574601834,-0.36167241334516004,0.062050815271719136,-1.1484031481702874,-0.02080512977324378,-0.862696322777335,-0.0063718980712800955,0.17886096643051055,0.23132936929827427,1.6242667473259536,True
2025-09-24,0.0,0.0,0.0,0.0,0.10733890522313355,1.0831747507264815,-0.007323345021169159,-1.4451477270884998,0.005373127281932437,0.95520354501887,0.12487458691923294,-0.008736597713797603,0.07202884002349505,-0.17208328818692276,-0.007356578572303429,-0.6751064687914494,0.0029613284701035902,0.42315270022300877,0.1251980728441197,-0.4651242862881157,0.06226089955259712,-1.1316541803509172,-0.02189533390852927,-0.9126447215220264,-0.009877549541749978,0.04542474897589323,0.23485184908007573,1.7063162204310087,True
2025-09-25,0.0,0.0,0.0,0.0,0.07446117739976325,0.2717740177688211,-0.006906580442141541,-1.363922908394048,0.003465011126305114,0.6447093167595873,0.08915332115399485,-0.41428880139673624,0.055718866737269016,-0.7308038042558493,0.0003302895512966586,0.06469218181160634,-0.006168913652506565,-0.26439099597130333,0.11260924816063353,-0.6801477613946997,0.05731057120510438,-1.4075550561446217,-0.01457198888736011,-0.5833553093233915,-0.01818663164111411,-0.274609826014468,0.2333621164199433,1.6723759515614594,True
2025-09-26,0.0,0.0,0.0,0.0,0.03675644652873207,-0.659437554160115,0.003610153805027938,0.7413064258063593,-0.00041862238436966387,0.001194807002932149,0.04929779722642279,-0.8597098779702799,0.042334485210466635,-1.1907940191395237,0.00578232052218719,0.5936674446979283,-0.010258579449154611,-0.5842426455013258,0.1113118375822813,-0.6995483808017979,0.054664579446065654,-1.549717247602043,-0.006590468904383862,-0.2199195030060318,-0.025819098317802047,-0.5759772118033335,0.23913800568207844,1.8067237732114578,True
2025-09-29,0.0,0.0,0.0,0.0,0.05166283557214337,-0.29103841155193977,0.0021738833691347104,0.45551647931132,-0.005025404662412747,-0.7535297809256345,0.19705163784955193,0.8055129886907009,0.03974057110811427,-1.278278341955461,0.00398773066037017,0.4252254102290577,-0.012722307880310516,-0.780798229977884,0.11550780590827281,-0.6251525609250752,0.05487192282740075,-1.5342039565986798,-0.009483366688419648,-0.35150445222612,-0.02742299999524437,-0.6379358882562206,0.24093790778360394,1.8486544406119476,True
2025-09-30,0.0,0.0,0.0,0.0,0.03589213124528924,-0.6755962387454786,0.001089309716844622,0.24065554150466237,-0.00043278289135155007,-0.010028410393699607,0.09936508530437513,-0.29273176831385994,0.05795592857090997,-0.6503802399039413,-0.0029151761564893963,-0.2323016307288372,-0.008527726493478698,-0.47680930456331766,0.12738516730738136,-0.4201559615850139,0.05499081614842102,-1.5226664357239603,-0.017400195629666437,-0.7093977352384703,-0.02305846530694818,-0.4708848388623737,0.2379098050063277,1.7791242507997675,True
2025-10-01,0.0,0.0,0.0,0.0,0.036812469932702846,-0.6504379214588455,0.00036352310243092933,0.09466786302093819,-0.0037571148406777186,-0.5593224531266934,0.026596233494874742,-1.114996740712686,0.0668670153617059,-0.34127761847636684,-0.009797405493824907,-0.8855334153138411,-0.004077827604273554,-0.14836012665988133,0.12364445783241862,-0.483907112175025,0.055888768875052106,-1.466153927641106,-0.022415265972751897,-0.936983817293503,-0.01786593424982282,-0.26944861008270615,0.24031141490443117,1.8349534310976416,True
2025-10-02,0.0,0.0,0.0,0.0,0.019305435741912638,-1.0768138593426653,-0.0014545494712510099,-0.27142853973139197,-0.0006246546703429315,-0.0329236417093685,0.080582231656415,-0.5088307997080499,0.06714529932751816,-0.3286762485675839,-0.012320726212327271,-1.1228050581385398,-0.0038059307117923225,-0.1342998488295532,0.1431810350826674,-0.1478940007718123,0.05561165202686475,-1.4758861891765838,-0.025622735857378065,-1.081915448082485,-0.013282637127222404,-0.09127741737830491,0.24144327393329607,1.8613634718842729,True
2025-10-03,0.0,0.0,0.0,0.0,0.03346128361922319,-0.7271411508086416,0.0018155639432109183,0.37697306372359163,-0.0028823508155255695,-0.40786856774565655,0.08862986596770102,-0.40952076091836764,0.07184049038439724,-0.16249229604841536,-0.017690890529973746,-1.6417871348069752,0.0014309480222138853,0.2693531435272191,0.167890575522518,0.27678673716395846,0.055600515433974956,-1.4706760550137932,-0.02487712184670976,-1.0479888371104982,-0.015587342326764878,-0.18245274662935676,0.2415732038765837,1.8649624897256742,True
2025-10-06,0.0,0.0,0.0,0.0,0.09432580671585639,0.7788703466309661,-0.004729023447724856,-0.9321104882320798,-0.0008308232755809275,-0.07042272430252045,0.23104568367336653,1.192302951246655,0.07827552540466866,0.06606590583404268,-0.014511756901605222,-1.343185877745122,0.018721060043131045,1.599678058098438,0.20879375757070623,0.9778442101908421,0.05719881147840786,-1.372113629089453,-0.02988080999233056,-1.275517869326651,-0.0032689584048538264,0.2997603095731967,0.24437094894419384,1.9293590715221403,True
2025-10-07,0.0,0.0,0.0,0.0,0.07920504215042504,0.41276353614179817,-0.005792919620490888,-1.1491494441320511,0.004017115997853593,0.7539786156587828,0.07250427784062122,-0.5900555189831845,0.06573693573280484,-0.35527955086610447,-0.0133682934170275,-1.2457077760954587,0.008095166683844466,0.7881818430877973,0.22456023673057066,1.2484765844957564,0.05209900929805095,-1.6468952309401295,-0.025504912285508108,-1.0788235922851004,-0.007759562805361647,0.12207724304452168,0.24063673012862258,1.8432125456337707,True
2025-10-08,0.0,0.0,0.0,0.0,0.038646262171007806,-0.5847342752200771,-0.002159797616071435,-0.4240493004188513,-0.0034852179481964876,-0.5096620692412609,0.1413691663265023,0.17574670842078938,0.05724442979008528,-0.6407451076698568,-0.00471720226100214,-0.42603210654286644,0.007294399756944977,0.7316196575343185,0.2327304855629745,1.3883561289946156,0.05135103701738744,-1.6823566662115175,-0.014417254859881656,-0.5800895377161197,-0.011138502440468358,-0.0118251991978713,0.24014596031730276,1.8320955606001095,False
2025-10-09,0.0,0.0,0.0,0.0,0.04863510154618958,-0.34281725365831744,-0.006824713788897485,-1.349498905404263,0.004612224063663277,0.8492377141223746,0.21969999177738067,1.0582572721564654,0.06091143154763172,-0.5111032847303375,0.00030895945087305865,0.05711082881970806,0.0028336816822371515,0.388441212132457,0.23479431009154317,1.4241593585753218,0.05129049941669747,-1.6785402608126736,-0.011547697075551033,-0.4513771300446746,-0.008383451137626285,0.09436630312995037,0.23818296256675708,1.7871909242390542,False
2025-10-10,0.0,0.0,0.0,0.0,0.08416310646346192,0.5315848508720592,0.004994697571579443,1.0096507805322632,0.014407761205391592,2.516061358066016,0.24910050734181388,1.3978948407851988,0.061451740774596496,-0.48931420708366646,0.011086235686281087,1.1038465234416084,-0.005524010495457549,-0.25251731947026246,0.23914924532412396,1.4985528451729828,0.050423999889768006,-1.7196554222850384,-0.005433247572211641,-0.17386833065443036,-0.019429281127413562,-0.34498440341461256,0.24234120818822896,1.8830157063950812,False
2025-10-13,0.0,0.0,0.0,0.0,0.055634603859295195,-0.1710608602920276,-0.0035855599631471335,-0.6981483500600831,-0.011456716634867506,-1.853074522354608,0.2935828994901726,1.8902655815252816,0.04769453418297074,-0.9610570071753493,0.0050093018184501625,0.5136598334949217,-0.020353654637858137,-1.3994375845950406,0.2142005440840917,1.0709180561010994,0.04695540337408956,-1.9044997220768725,-0.009008494803344314,-0.3350625279064892,-0.03454486262184042,-0.9468910741665714,0.23314984725365254,1.673555385104903,False
2025-10-14,0.0,0.0,0.0,0.0,0.03457034373975036,-0.6933006235029087,0.0028581715355344706,0.5793880236909166,0.003216349070954102,0.6085512539406951,0.14546484219159816,0.22259104043082092,0.04490630047973812,-1.0580288029781402,0.006072349991619874,0.6171481652088068,-0.015336011371991882,-1.0091236451191044,0.23534348093493573,1.4267229961622134,0.045873980879013156,-1.9582494081664814,-0.005778249279456804,-0.18895193401992938,-0.023408783698289585,-0.5115719472974406,0.22949787620931478,1.5910718156964871,False
2025-10-15,0.0,0.0,0.0,0.0,0.053235741591383993,-0.23359289797826843,0.002866364095803764,0.5827447112032609,-0.007945936022904313,-1.242528925750639,0.16630356853694386,0.44459541278185744,0.05205648952701547,-0.8149662904555569,-0.0007398757292328417,-0.03907084921247283,-0.013240516985872215,-0.8470029106409501,0.34251710247923756,3.2428192551249433,0.04596701039447486,-1.9469752713676487,-0.005794564575625327,-0.18843168920627146,-0.023860328353014625,-0.535055979959446,0.2274122185487067,1.5437907574054732,False
2025-10-16,0.0,0.0,0.0,0.0,0.05621965698649048,-0.15902988264950216,0.0039525624465105436,0.7936192992186933,-0.003745468114031425,-0.5458430432957715,0.19994523338773107,0.8192137469315405,0.046359393490497634,-1.0115384025664547,-0.0025320700625693915,-0.21348149487330448,-0.004416146383984687,-0.16301637074684958,0.3591039801153637,3.510259275829641,0.04489441753790213,-2.00033478260034,-0.010085941508068852,-0.3840825948596114,-0.014531041074088426,-0.16768736615430807,0.22743986337258787,1.5438718693650002,False
2025-10-17,0.0,0.0,0.0,0.0,0.012940560026669528,-1.2264269588413277,-0.001082236296251482,-0.2081490386381325,-0.000421882937008992,0.01740181092295884,0.15652485918229375,0.33581305891592317,0.040475273406488856,-1.2141965958033984,-0.0068430741237131,-0.6341941042560822,-0.004364046027589256,-0.1562361639230587,0.3676596485347028,3.637219952978749,0.0441450814339358,-2.0361716971879824,-0.016528710275133918,-0.678225267428679,-0.0058839316563920425,0.1759283811878721,0.22376371151570795,1.4593392442435043,False
2025-10-20,0.0,0.0,0.0,0.0,0.040564787368745345,-0.5482545851009727,-0.002522511789977422,-0.4987394746217369,-0.006439073369001254,-0.982121286287983,0.367873116955595,2.6861010289473124,0.04091913255762656,-1.2010194219311716,-0.005760837827461618,-0.5355909242227715,-0.00687811790801196,-0.34789370878945286,0.3595260248843135,3.480275830198751,0.04413010366866805,-2.0296226677439475,-0.01651104423519989,-0.6809851825704147,-0.004285378330613009,0.23858749553333486,0.22261429858085494,1.4319951695481483,False
2025-10-21,0.0,0.0,0.0,0.0,0.06311396005439289,0.010969179378711794,-0.003954054185318245,-0.7845569065647621,0.005311843457073769,0.9736751227184522,0.5918360432450218,5.1839381366409425,0.036359581631629515,-1.3581414440325055,-0.0021633864966494887,-0.1943452002312446,-0.004606500089393525,-0.162311621426412,0.3396519277563208,3.134649353083011,0.045730357589845096,-1.9347777833955848,-0.02036923127700674,-0.8611113287182621,0.003586378804319815,0.5512479553901418,0.2102150050790242,1.147100687347396,False
2025-10-22,0.0,0.0,0.0,0.0,0.01682042409759322,-1.1287712108285226,0.0010741697624672142,0.21679384332317472,0.0008784345789832152,0.23751824831350982,0.12648735983084736,-0.02010086871253089,0.02979636668961128,-1.5832663340225195,0.0025079237096609086,0.2524713559704981,-0.011940867608279284,-0.7233330427935705,0.19257017249447206,0.6570127155987906,0.04446391798633417,-1.996134489185514,-0.017119687207036494,-0.7165118556631229,0.004601200086808014,0.5917060214982746,0.1615713398024608,0.031703529255392895,False
2025-10-23,0.0,0.0,0.0,0.0,0.025972460318176682,-0.9016281844579828,-0.0003584416146331648,-0.06778129054912475,-0.003693367757635994,-0.5220954393668477,0.16605823492228636,0.372820186202311,0.03931545594823105,-1.2541705268496226,-0.004309191624918385,-0.41032733973213625,-0.013480172161379051,-0.8359267160372481,0.17595101518566958,0.3575434059939534,0.0458092587699979,-1.9155714185094221,-0.01748984283923194,-0.7400737550907166,0.005096132055357787,0.6135222292714799,0.1567474117508375,-0.08556733617881289,False
2025-10-24,0.0,0.0,0.0,0.0,0.02098925602879843,-1.0232124951903465,-0.0,0.0016796270512546105,-0.0029359548174316963,-0.3961445415430916,0.030088007736267436,-1.0530696733778977,0.047552295675048054,-0.969504838446454,-0.007876510636526057,-0.7591048883521554,-0.005027056237969248,-0.17834909072471083,0.16347989739603264,0.13482491958415072,0.04576696126241676,-1.9106315997581027,-0.017131401224598775,-0.7292190198302108,0.004488239371788846,0.5908505027102838,0.15329870184063923,-0.17046861923817808,False
2025-10-27,0.0,0.0,0.0,0.0,0.017755499997899448,-1.096567675256318,0.0010749395408347073,0.21272902789761053,-0.004167455550382819,-0.5957955831306735,0.23833837722848417,1.1367843458722935,0.04823711683366373,-0.9407518286384524,-0.010720457418721296,-1.036578690637841,-0.001264919138614855,0.11762874474176262,0.171758933156632,0.24769453284450976,0.04763132568484527,-1.8019759515130718,-0.01431349971983742,-0.6050280008470574,0.0034452814340687468,0.5528462043441467,0.15390846679801912,-0.16298349567135295,False
2025-10-28,0.0,0.0,0.0,0.0,0.044711832339215545,-0.4287643801449516,0.0007172560209921519,0.1448193755573348,-0.0020225240618119886,-0.23810865676884865,0.12998448904611695,-0.0015729256757711055,0.048237809235211405,-0.935037304193867,-0.012504332420138708,-1.2077908582712384,-2.6823458117442456e-05,0.21776737559395104,0.13052404070277238,-0.4052689325244832,0.04848850934803875,-1.745815986531853,-0.01256257474804856,-0.531982726359502,0.003062023173394657,0.5459835624028029,0.14620706342490963,-0.3423648975235042,False
2025-10-29,0.0,0.0,0.0,0.0,0.05359920432960656,-0.20758761357207747,-0.005742945572112079,-1.14399965226349,-0.000660869974116555,-0.007592323800975,0.07222384365577485,-0.614209048693706,0.053322643703634404,-0.7547633525536369,-0.01640971264354074,-1.5911086639890042,0.011431733710080032,1.1163366967579789,0.1443493766295973,-0.20184175160573503,0.047455499369021,-1.7907241899993442,-0.01257139754189418,-0.5410784198936477,0.004053432776547501,0.5940296773242556,0.1500698399433962,-0.26255517123801153,False
2025-10-30,0.0,0.0,0.0,0.0,0.061428217362163515,-0.016245551982261238,-0.003925760626240837,-0.7829699677986928,0.00475974816577381,0.8938122107937255,0.15939757293982018,0.30386222383708167,0.051004495585236516,-0.8272123122788564,-0.011019892812331067,-1.0704408281775641,0.0067711760081078385,0.7583021116966985,0.14929476451124885,-0.12746546675355044,0.04637397673659023,-1.8389266773892896,-0.006474019200308434,-0.26368856848982863,0.006089888155129416,0.6895581527325956,0.1496720885143316,-0.27728860254723287,False
2025-10-31,0.0,0.0,0.0,0.0,0.01865344946399989,-1.0698084482040442,-0.002843946782195239,-0.5620115751502635,0.0008261822819226975,0.24220381697402207,0.09899999886087606,-0.32908695103743096,0.053172445663286265,-0.7499147637519378,-0.0017993943809546664,-0.1744489636637227,0.002649604205080906,0.4432018638997717,0.12280758215412496,-0.5295932424585464,0.04476630135659869,-1.9165841348487325,-0.002193630191038687,-0.06716516658318497,7.498833186599498e-05,0.4594688723839939,0.1446472622591566,-0.39349775384326624,False
2025-11-03,0.0,0.0,0.0,0.0,0.013180067487921793,-1.2102971887373766,-0.0007089354605827047,-0.13325005146752647,-0.002929359869885406,-0.3827583608315605,0.0732051477432675,-0.6004012380673593,0.054445260233452385,-0.7076512683375044,0.0017543125694997608,0.1744656931634517,0.001093255277803796,0.3254224432749084,0.11675012412505578,-0.6216148269602462,0.045967239352961146,-1.845201800751098,0.0056166653225010466,0.3017232937168162,-0.0029965421212259833,0.3448714750821415,0.14350565605930515,-0.42339161609057174,False
2025-11-04,0.0,0.0,0.0,0.0,0.06665112878177638,0.10773843481351143,-0.003188124202409881,-0.6217468681919239,0.009436033106385485,1.6728541644453925,0.1941345172498887,0.672140993412205,0.05600709158919355,-0.6557850413429471,0.0017529837445243723,0.17782000675754744,-0.0024109907784347993,0.05538524033565063,0.17238896356229505,0.22229088759490828,0.046679634968328616,-1.8003511693496248,0.00418652221056981,0.23289733172524302,-0.0014427277908226996,0.4191990999671582,0.14222564570383828,-0.45605300018612704,False
2025-11-05,0.0,0.0,0.0,0.0,0.04327053897261034,-0.45806795496075076,-0.00035312574090240467,-0.0626346929789308,-0.0053214276760887485,-0.7759202747079724,0.11606215129295173,-0.14552196339734386,0.04741616513863973,-0.945447729437627,0.006360558287381024,0.6264042370599676,-0.01255484417385555,-0.7351551173533865,0.15580824245465322,-0.0257389142084337,0.044458105069089884,-1.9135057589952125,0.00844193783925451,0.43522503043246125,-0.012485968489440911,-0.025474177624100307,0.13674624613301634,-0.5791535805323793,False
2025-11-06,0.0,0.0,0.0,0.0,0.07275173055905812,0.26675557693847896,0.005294737805135563,1.0639720729102184,0.0006381763627468784,0.20413777650245282,0.01996376489602733,-1.1546774763388,0.04394467814961791,-1.0603340351283108,0.0063583695890238046,0.6303835913729852,-0.007554054209083469,-0.34513764865895546,0.17632619559043902,0.2861852815984488,0.043918311574265,-1.9387939339897955,0.007370487907722656,0.3846080764037677,-0.005090229891639174,0.289656103751889,0.13812163925545132,-0.5533298379359465,False
2025-11-07,0.0,0.0,0.0,0.0,0.03785821456005106,-0.5863508962627435,0.0007097601682591881,0.15753366542722455,-0.0007301666453544131,-0.023756356212787724,0.06593581182622855,-0.6754215322768203,0.03434096080444095,-1.3809108798149448,0.003905488023254189,0.40101613876710784,-0.005427426155601286,-0.1821997671820988,0.1823381580561737,0.37741553201745576,0.04189115914719824,-2.0407179129056656,0.0006533412498982427,0.06626482371945161,-0.005265680353469232,0.28904474537113833,0.13864404840152883,-0.5460307293200565,False
2025-11-10,0.0,0.0,0.0,0.0,0.029706738419098405,-0.7961349381004001,-0.0007102642855580932,-0.14431577587880975,-0.0064336059261240015,-0.9693958835223735,0.30366514477269807,1.8423690180175778,0.03273353494452512,-1.431948868019227,0.00177071501835524,0.1928276633298904,-0.0033139082542249882,-0.01741083285555467,0.1967186024664591,0.6010425673060427,0.04366092341345155,-1.9325448212777834,0.005270283040175294,0.2838901163044252,-0.009004158125846838,0.14077972361968746,0.1390740627380764,-0.5393586464638915,False
2025-11-11,0.0,0.0,0.0,0.0,0.018311251523970194,-1.086358162561304,0.0014194503404467707,0.29449540752922093,-0.0007078202890352658,-0.02407558458625084,0.08268434151776839,-0.4841250806541193,0.03417307694568679,-1.3850212703334852,-9.227016641188968e-06,0.019304598310144895,0.00802133897556397,0.8633547208215704,0.15045645661514712,-0.09489248416110922,0.04532146304739827,-1.8294777935341,0.009550675625568661,0.4869840919224674,-0.0039049601151458155,0.36119163451835024,0.1237920799469795,-0.8657999615972298,False
2025-11-12,0.0,0.0,0.0,0.0,0.02291440938905489,-0.962095941955819,-0.00035531443925962414,-0.07205287488394,-0.00032063771131666624,0.055949609582385616,0.21644512902652985,0.9171609096863212,0.03324055358626655,-1.422341692376598,-0.002493247613405414,-0.22321793408132107,0.009905829653369278,1.0100386118385525,0.1560074374144063,-0.0075193402254263375,0.04532622393933676,-1.81324547701477,0.006698043237219786,0.3478844889167563,0.001596898680185456,0.604611230444695,0.12477000026033909,-0.8460798177810086,False
2025-11-13,0.0,0.0,0.0,0.0,0.035096494286513784,-0.640166804835862,0.0028418562393659474,0.5770452214338909,0.002764804416229061,0.5913419543617033,0.10549743434783229,-0.23913841888518003,0.042881146718367444,-1.087625959746045,-0.00851863200593006,-0.8155726400805229,0.011659151130617513,1.154925645223671,0.135667082700855,-0.3125953156616407,0.04546054077624018,-1.7877182345584335,0.00776888787878427,0.39663213447504964,0.0022523577464929044,0.6461533304154329,0.1164290436290702,-1.0220837666030675,False
2025-11-14,0.0,0.0,0.0,0.0,0.025814508122990562,-0.8731770526328754,-0.0014250128366397607,-0.30102518313718896,0.0013833512560218846,0.3626568811983615,0.16056539646065338,0.33785011164693224,0.044189283920815,-1.0410268564725687,-0.012064998360644008,-1.1834512032835736,0.015221011453950422,1.4584007873996878,0.13829054803105917,-0.26914407346922953,0.04547787835739246,-1.7678156175142976,0.006001201401885536,0.3077671978879134,-0.0003923651870147218,0.5500429074480793,0.1167968959564262,-1.0147813618620314,False
2025-11-17,0.0,0.0,0.0,0.0,0.040751237048236924,-0.4866787664627264,-0.002490206320554522,-0.5277291605914621,0.004901641303664957,0.9697838328762219,0.10135862736233289,-0.2868106820173956,0.047782988850939026,-0.9017243580698378,-0.009935971393732479,-0.9862066597432099,0.015211026745461523,1.4739328145896824,0.1108573369321286,-0.6888902838176901,0.04623711455184319,-1.7101883027733438,0.005275705947813236,0.26838841348446835,0.00220923749124809,0.6820886389604098,0.11381615859415634,-1.0775648958969593,False
2025-11-18,0.0,0.0,0.0,0.0,0.014347928777451148,-1.1611690768130647,-0.0010645702563174542,-0.2368970036576415,0.001176670388770044,0.3282609248237465,0.12340356302688622,-0.05990353683048372,0.04588377837609624,-0.9582716049861931,-0.007445765073177957,-0.7634760254920967,0.0060081250005916305,0.7711903023703935,0.12661577110309322,-0.4478976169569511,0.04573933150310006,-1.716910874226655,0.007050567394184082,0.3514286397752338,-0.007575663796605608,0.26413852730393084,0.11138596306959442,-1.1288765579456057,False
2025-11-19,0.0,0.0,0.0,0.0,0.05790473306196291,-0.03993179396221926,-0.0063806988317842706,-1.3281434372974041,0.0014326837659315677,0.3672147455982369,0.0918598562381708,-0.3958020529623798,0.05487755264624999,-0.6275360665384248,-0.0035632933120991472,-0.3873419180613625,0.0008525418566697933,0.35901332785103285,0.11694355477171033,-0.5956135939844085,0.04955580359559439,-1.503298050593246,0.004898527795710761,0.2433877523548725,-0.011624127924324955,0.09309928383341112,0.10944696453408079,-1.1698519097640088,False
2025-11-20,0.0,0.0,0.0,0.0,0.04086639959535144,-0.46893595301297974,-0.0007045101153480005,-0.155182671027749,0.006326664739561967,1.2078258382835576,0.07858077721710054,-0.532507942601659,0.049399877989596185,-0.8129161524831083,0.005643270032308689,0.5339777069489794,-0.005130855720318683,-0.13104573811030004,0.12489832936020699,-0.47287617048694847,0.048439131642744965,-1.542390142955896,0.015442324437736743,0.7621202538868224,-0.016107902614455126,-0.1024705349997498,0.12469186624103933,-0.8545159595523621,False
2025-11-21,0.0,0.0,0.0,0.0,0.048086763005816095,-0.2897670251786801,0.0007040141302717684,0.1403038974079279,0.0013733665475329875,0.35116715634326434,0.06477692528129057,-0.6797542484665298,0.0457763220689908,-0.9353629900942626,0.007056213374803222,0.6769627699899128,-0.012488634918539797,-0.7336053656232454,0.146574485876854,-0.13849352754804192,0.04872677699991397,-1.511503865847259,0.01947647385392115,0.961652488040873,-0.02445664404196964,-0.47608458831029066,0.12934596608455798,-0.759063890362807,False
2025-11-24,0.0,0.0,0.0,0.0,0.02044510243671996,-0.9974401086919765,-0.0,-0.007912399831433718,-0.004301260441204935,-0.6308127635556531,0.16451251496848346,0.38470900217044723,0.041606537091493076,-1.0769829428210185,0.0067066320140051205,0.6437995552610853,-0.012486416061607422,-0.7363334371521341,0.14482139034416455,-0.1639008929099335,0.0485094360053607,-1.50551813235489,0.01840125598632225,0.9087024521852565,-0.02896086480957893,-0.6796240240526263,0.12866915162932857,-0.7711323935617566,False
2025-11-25,0.0,0.0,0.0,0.0,0.06292070528044091,0.09436585896085688,0.0028179015047613554,0.569659698054015,-0.003978912755151794,-0.5750051263170353,0.044575932923915894,-0.8943524005065521,0.04283386531158939,-1.0284560349617151,0.00706126039703403,0.6810492326046462,-0.009440307277892097,-0.4942179782519297,0.12526813300405487,-0.45963881862477285,0.04854128978925071,-1.4882596954280178,0.01765919476743938,0.8722158932424009,-0.026886420258516584,-0.5844850839897557,0.12582091158179554,-0.827927220061703,False
2025-11-26,0.0,0.0,0.0,0.0,0.043634836269723816,-0.3982213500527264,0.002825864512623566,0.5683509454494642,-0.00455071381105691,-0.669742749989554,0.14807362723766804,0.20883875507791394,0.04083553117246311,-1.0951666878677266,0.00920970762361717,0.8952751112136673,-0.007706742693909586,-0.3569673408020802,0.12484103915915055,-0.46286538891590384,0.04777089167951075,-1.5112532373663985,0.014470502415943276,0.7130856735391939,-0.01974281428135568,-0.255012426966523,0.16073793549086549,-0.10342414054170355,False
2025-11-28,0.0,0.0,0.0,0.0,0.01823160690264239,-1.048017278710605,0.0007084332271465321,0.1346194738520369,-0.0010311144586591474,-0.06295941742952046,0.20323608279679267,0.8183756957362769,0.039852394564912685,-1.1285158580073134,0.004244764538479662,0.3989694668911226,-0.004531574422334798,-0.10112406797814759,0.10638325095172746,-0.7414025981380616,0.04762426073366386,-1.504518105438695,0.00905013471533267,0.4399548389020467,-0.018277045519157653,-0.18491763529520255,0.15821698664999873,-0.15199485212667105,False
2025-12-01,0.0,0.0,0.0,0.0,0.03390972321321137,-0.6439808109154777,0.0003544327694736671,0.0577755670434284,0.0013755854044653626,0.3572614412144946,0.0589186919152488,-0.7451728175684162,0.04022530675134346,-1.1116128140453803,0.004603622737607949,0.4297201445262498,-0.0051076675559083755,-0.1444502243263005,0.06347498364260769,-1.3949822843143411,0.04748388081512575,-1.498224776384601,0.009081019454141526,0.439704879061577,-0.01638984041836015,-0.09436827500966842,0.15604949115337108,-0.1927106863444259,False
2025-12-02,0.0,0.0,0.0,0.0,0.03222051686943287,-0.6788623197992356,0.00035462838302890987,0.06472782754013398,-0.0012551516574896098,-0.09705401163740665,0.08544719534622539,-0.4643910125042123,0.040057713059234855,-1.1111089717022697,0.002824614295700023,0.25128649930902186,-0.004408942038660749,-0.08410980397832099,0.08071993713008177,-1.129340481599019,0.04798899230251934,-1.4597563359503025,0.005766915146606322,0.27108021806208854,-0.029272851140349013,-0.6922353400969092,0.15595509100616187,-0.1916927724819002,False
2025-12-03,0.0,0.0,0.0,0.0,0.05565533775676506,-0.0745911188248489,0.004966348731344494,1.0277875951016522,-0.0022453481711692813,-0.26993028493998045,0.04530581482914105,-0.8970969419746494,0.04224193511081729,-1.0268926474576774,0.0010475770599822631,0.07541734349091818,-0.0026910644802543198,0.05684575276466026,0.07510058426895874,-1.2138255461253142,0.047806507798210156,-1.455012213820673,0.0068877908073532446,0.32573966136300253,-0.0315519720719352,-0.7985272792903664,0.1726835337070115,0.157831655540943,False
2025-12-04,0.0,0.0,0.0,0.0,0.02713380985836238,-0.8029704789994916,-0.0021390785725139416,-0.461088933752897,-0.001375545539482122,-0.118103782680075,0.02571917959424195,-1.1064435192405762,0.045982295710681284,-0.8885063064653784,0.0014079302871740085,0.11267145230216644,-0.0049143607268170575,-0.11968439799485533,0.08127842809304689,-1.1160435906638229,0.047275839027960564,-1.4667122327126534,-0.0014032773034708956,-0.09968996841085351,-0.03372477929458155,-0.9000395494649158,0.1737892300983749,0.18403072186871172,False
2025-12-05,0.0,0.0,0.0,0.0,0.015268238884280569,-1.1153776093748062,0.001067291426274819,0.2055988087073694,-0.0016072075922327251,-0.15710728395187057,0.062064599292919374,-0.7103126335120175,0.05113385960631668,-0.7020914245434549,0.0071171371595232236,0.6808857003025659,-0.0048732231027579145,-0.11396245394384213,0.10061311890307083,-0.8226414853208707,0.04667457374195051,-1.4826594255748493,-0.0007369864979700491,-0.07290973767750925,-0.028679320234945353,-0.6621185192435821,0.17663963167565766,0.24630717594740356,False
2025-12-08,0.0,0.0,0.0,0.0,0.03451962679242776,-0.6182735784455693,-0.0014245756724342584,-0.31258498165837784,0.0020743109217129887,0.4771959852732161,0.11961283302098913,-0.08790799207067178,0.05077883041514594,-0.7084596241836842,0.0046166636853463006,0.4312436035496029,0.001528022995770816,0.4000262388143513,0.10779267145850396,-0.7130844806603096,0.04692956677769876,-1.45698735080806,-0.00437779604412647,-0.26525322706784105,-0.026769302906201387,-0.5713041280938896,0.17959865770421524,0.3107654756241143,False
2025-12-09,0.0,0.0,0.0,0.0,0.036565135476711294,-0.5580680321903384,-0.00142240885268885,-0.3093191511953699,0.0004627259009168198,0.19689198535957772,0.058000318772591035,-0.750727282578294,0.05016560277166374,-0.7249544946606337,0.006756769560085418,0.6438180475541648,-0.00021146657095139104,0.259234289585642,0.09023057748330046,-0.9772122409649692,0.04678341148219604,-1.4498090373626855,-0.005153420772689987,-0.31193998122546823,-0.030297360593693076,-0.7353957270946168,0.17708370504124143,0.2618242819197254,False
2025-12-10,0.0,0.0,0.0,0.0,0.062216964016311146,0.09882822879009603,0.00532670195853624,1.1022182028460041,-0.004468644417732019,-0.6545699089631323,0.08214040600006167,-0.49372930300754486,0.05001125784581686,-0.7268974719238043,0.009253348175241483,0.8911957353545531,-0.00055411098914678,0.23144988169314162,0.09962494285943735,-0.8313267621184679,0.04683024739414543,-1.4329797871615269,-0.0019015484293269935,-0.15304775843660712,-0.0370668545098618,-1.0554219896058352,0.18445352525346212,0.41738735423507767,False
2025-12-11,0.0,0.0,0.0,0.0,0.056535835832413714,-0.045584873626549796,0.0035701282998352735,0.7343774296266785,-0.0013344079154229787,-0.11992032591414617,0.09234581688717497,-0.3792821201979263,0.04518133392854435,-0.891883838582797,0.001776137925993182,0.14408212498657053,0.00789948736286994,0.9084602484506116,0.11794883117214959,-0.548416341035765,0.045098991826549285,-1.5013336787434262,-0.009794221541173598,-0.5638754479012746,-0.029995971467348264,-0.7194567009763073,0.1847058750410236,0.4244901616091192,False
2025-12-12,0.0,0.0,0.0,0.0,0.019587509814044588,-0.9985541277820335,-0.001433182047902104,-0.3187481241887998,0.004794038506296006,0.9488504337732618,0.10966194992350933,-0.19109854493525047,0.0362091737257028,-1.2004716091534857,-0.002509335248025768,-0.285233025354767,0.004350635294104178,0.621737791972537,0.10667848552268061,-0.7170345575531614,0.0434151569061488,-1.569071817474012,-0.012633071688002984,-0.719154125278844,-0.03123262390161137,-0.7768219273879587,0.18455861665761059,0.42303308739460665,False
2025-12-15,0.0,0.0,0.0,0.0,0.031019042750369895,-0.7078323964433705,0.0007155302023048593,0.12447885704161406,0.0003348213549907812,0.17601635362274076,0.045318968839630075,-0.8799617083400213,0.05106610933527639,-0.6855564114023606,-0.004292763054914439,-0.4679884664377359,-0.0033151969511411306,0.0032988192247202985,0.09953273290892889,-0.8226957506690286,0.043980616680999306,-1.5302443486253672,-0.014858886411007743,-0.8428467618746956,-0.03837434043911577,-1.1173190671213393,0.1846067958304718,0.42644256344014614,False
2025-12-16,0.0,0.0,0.0,0.0,0.038211348594514624,-0.5210174434620274,0.0010741697624672142,0.1980115289539212,0.000120081482721431,0.13763954155077301,0.08183910498759958,-0.4853468192300127,0.05534745819479086,-0.5395019031197527,-0.0008451954469775869,-0.13108883184988088,-0.006701109230330515,-0.2696896936858242,0.16778974875892766,0.2170741694328054,0.043983833824061264,-1.5200130998768688,-0.015574416613312603,-0.887118866339839,-0.03615308838090189,-1.0112902233295606,0.18449596268713195,0.4257181127400462,False
2025-12-17,0.0,0.0,0.0,0.0,0.04654683534114927,-0.30423460704544397,-0.002150508290712061,-0.4771498918323762,0.0039849539342847,0.8074005145918081,0.16307680752041095,0.39064819998425543,0.0570258615258167,-0.48217221915667463,0.0014102740913916056,0.08814652493636374,-0.008843267401004495,-0.4421594834030653,0.1813906380752663,0.4266647316516854,0.0477427478014528,-1.3311312122778471,-0.00862812635917487,-0.5308843328423003,-0.03474022701810579,-0.9447423413867926,0.20321493987357026,0.8129880667437897,False
2025-12-18,0.0,0.0,0.0,0.0,0.022152065675621193,-0.9321119281849406,-0.0007153448741836765,-0.17659454539707198,-0.004883259984188741,-0.7273550817786795,0.06989081088893223,-0.6119444952673322,0.05776564940958323,-0.45824657061027935,0.003189578644776536,0.260085905126267,-0.0159590755553655,-1.0142155490582356,0.16588683452738798,0.1939025847566616,0.04705479363492977,-1.3554577838321944,-0.008682740277572099,-0.5367001030401942,-0.04567206914808457,-1.4666831572332124,0.20453158132050303,0.841315513776138,False
2025-12-19,0.0,0.0,0.0,0.0,0.07740173664098712,0.4867317386830092,-0.003216609854790775,-0.698482666895078,-0.002871793738949302,-0.379574531283653,0.06493132369800973,-0.6687247481490913,0.05696291734173488,-0.4865386812792386,0.0031628623000773404,0.25441682301840196,-0.013302631461319344,-0.7997275632361744,0.17061618033368708,0.26631564279728626,0.04990849954446569,-1.2122424421607565,-0.0035669246582831216,-0.272053071650135,-0.04714134136961798,-1.5370711149312561,0.20722210018829446,0.8978334888081997,False
2025-12-22,0.0,0.0,0.0,0.0,0.04834053141537824,-0.24831630501210436,0.0041630978102417115,0.8454102137762305,-0.0030510909241986037,-0.40266731825675417,0.2851754332552154,1.7086735460065925,0.047082882387612934,-0.8205271635623805,0.006008681308133368,0.5380837966861224,-0.007266144500360932,-0.308695928509003,0.25602148295147525,1.5594452387076552,0.05347147572000585,-1.0340659771641023,0.008489455895965059,0.35218464271511557,-0.04798920861653563,-1.5779708705556112,0.2147724827066863,1.0540589844921697,False
2025-12-23,0.0,0.0,0.0,0.0,0.05151166984694433,-0.16460827383686671,0.0033296393008364067,0.6697001350496796,-0.002022076687952549,-0.2212198919525797,0.19381219303728775,0.7240972368730328,0.04520532658504083,-0.8798831011332915,-0.0007489196900953843,-0.14833908711498292,-0.007299998625021214,-0.306227614519083,0.22514032895472966,1.0931425297539765,0.05583534178940079,-0.9149707895965756,0.009157244800838016,0.3824412821435365,-0.04700104557234593,-1.53186708101114,0.2087009877672795,0.9304402198003019,False
2025-12-24,0.0,0.0,0.0,0.0,0.04300486438524343,-0.3826554490878987,-0.0003712037373271304,-0.11232808145728555,-0.0031308542200763068,-0.4186421592082773,0.036319197645427764,-0.9764993459079742,0.038579689324580745,-1.1063075867164462,-0.0033392410249764026,-0.41428586051269617,-0.004421831294930309,-0.06360452891494843,0.22303534595452507,1.0591993369602297,0.064256110631635,-0.5113665712852176,0.01740345932160381,0.8086443151550178,-0.05676864781322792,-2.0001657354309956,0.21433673798646585,1.0459660669190671,False
2025-12-26,0.0,0.0,0.0,0.0,0.021134714252955482,-0.9550258036193217,-0.0007420612188828724,-0.1967519904828623,-0.0022268158901425825,-0.25719799200438165,0.11723360135167425,-0.11471866112058966,0.03910729250832081,-1.0848136182111234,-0.005927708825710809,-0.685656987327547,-0.012798402392377506,-0.7495554335203208,0.22349705624646585,1.062844192539708,0.06519378830092322,-0.46044727396042684,0.011730089898274065,0.5032768806650656,-0.05459029138674139,-1.8930902401381857,0.23210898459574164,1.408782755436623,False
2025-12-29,0.0,0.0,0.0,0.0,0.04589095336508848,-0.30815434380251505,-0.0003707908467347476,-0.12023594024178855,0.003164693222009111,0.6936549973631567,0.41892387056481883,3.122817806463537,0.038917292363406644,-1.0885062417383253,-0.003710143563052104,-0.4694845914541049,-0.014105859091310716,-0.8497180660111908,0.2724408168035918,1.800178501350949,0.06512994719899932,-0.45668911201556417,0.01397417925982547,0.6140962190159833,-0.05134908466671269,-1.7322428573705604,0.23437784632129435,1.4551557775746753,False
2025-12-30,0.0,0.0,0.0,0.0,0.0441362009354426,-0.35177106760809046,-0.0025945031879870406,-0.5890688385008284,-0.0030849450488588856,-0.405124261507624,0.05871331106566887,-0.7435047496567745,0.037510514040316745,-1.134829090891149,-0.006664072095797002,-0.7738653981561555,-0.021688707707135452,-1.473045492947165,0.1884282429030828,0.5266049365672123,0.0721331170417152,-0.1243160158506279,0.004566849482648405,0.11377655732621197,-0.040932481365746974,-1.2261336525179811,0.3186453615542192,3.1720854490236228,False
2025-12-31,0.0,0.0,0.0,0.0,0.0063258239103613535,-1.349000056278449,0.0007393179659553883,0.11904889376110361,0.0008560906421383555,0.2881204066007152,0.14950158088751145,0.21306507916755713,0.03288484235873095,-1.2945803262257078,-0.005542356674823057,-0.6601834749140103,-0.014933849138122493,-0.9140326312343767,0.19673753859532955,0.6406194149431136,0.0725593972821364,-0.09925454869720064,0.0019472227764304462,-0.03010578802617824,-0.03960364141270659,-1.1597249644924816,0.34579212137177606,3.728376302155527,False
2026-01-02,0.0,0.0,0.0,0.0,0.042562164633802156,-0.3961876505973588,-0.002959671538061537,-0.6631236357418051,-0.011507425317523504,-1.8861983454697733,0.05010380594469885,-0.8317787066600898,0.03562717578034216,-1.1983692514662065,-0.008855192760660047,-1.0008541346689384,-0.015487130043749612,-0.9565042012714414,0.19694887469015893,0.6353393408766004,0.07314643244855029,-0.06694824316145113,0.003801446693314392,0.06246918307396542,-0.044313886331650745,-1.386070517577156,0.37579258506062296,4.34465021548122,False
2026-01-05,0.0,0.0,0.0,0.0,0.026313161254585025,-0.8140845408229924,0.0014755040437758327,0.2723823003771273,-0.003534272589075793,-0.4791749792053478,0.35774435646874503,2.4045340585068633,0.03376436667848452,-1.2614148933137892,-0.008095721623596286,-0.923740750623809,-0.005433451492004803,-0.12172715366484049,0.19845486342236374,0.6499885332939882,0.07334500089509008,-0.05320126832464169,0.0034178733453126275,0.034667482057731486,-0.027733885953077284,-0.5788663588339744,0.37566607815503134,4.3459676174533906,False
2026-01-06,0.0,0.0,0.0,0.0,0.0441731670050952,-0.34460227372053076,-0.003324719379479646,-0.7553211967516097,-0.004418155393815626,-0.6235012915189231,0.08930651506134393,-0.4157519355924922,0.03607974950529448,-1.1756657988322687,-0.007741762176697975,-0.8906661221727147,-0.00820594691818092,-0.34447067152334143,0.16188532677526854,0.09138044687708524,0.07512698116294403,0.033200225184948536,-0.0010194938242735763,-0.21147088233720204,-0.01881213590029988,-0.13605862515293046,0.37534498856879006,4.342252787186782,False
2026-01-07,0.0,0.0,0.0,0.0,0.019860882504441398,-0.9801426867592923,-0.001472787767013095,-0.35890492703674415,0.0036699135201540742,0.7945275158037222,0.14898575178471035,0.1992677306164657,0.034352112956126404,-1.2319294466123143,-0.006983013950528694,-0.816473093985291,-0.0011855528995837754,0.24420106239318162,0.15851736154452106,0.031434374981741016,0.07728950821636091,0.1363512252691519,0.005258341954447299,0.11703467056886942,-0.02798447516924855,-0.5777050997791898,0.381278154404335,4.465745260799317,False
2026-01-08,0.0,0.0,0.0,0.0,0.02909534958177602,-0.7348733472227518,-0.0025735181198816015,-0.5871529073203589,0.0003028097365112374,0.2042972871700165,0.14572806678997993,0.16303448097092108,0.03738210563930015,-1.119126313250831,-0.004778948030509711,-0.588745736906088,-0.0074265267694239405,-0.2653752960082628,0.1523086294210642,-0.06601884885918109,0.0805535155960066,0.28978020224034606,0.014876235663342063,0.6318245598762814,-0.03793769372930452,-1.0591517121856877,0.3845203781346049,4.535031947213384,False
2026-01-09,0.0,0.0,0.0,0.0,0.025631366975655902,-0.8242378969868858,-0.002200200400997776,-0.5097438946144547,-0.0014537467657786962,-0.10456532123145512,0.06441992027491365,-0.6877128093670888,0.0377891568998699,-1.097644369965115,-0.005864426681534973,-0.7012747708999955,-0.010077014537143566,-0.4793757381997943,0.1432730265991276,-0.20674120703393323,0.0817499408593692,0.3481154435304514,0.017076542839157938,0.7488506931316428,-0.038953122351480934,-1.1046241694733687,0.3832240206779061,4.510629703700234,False
2026-01-12,0.0,0.0,0.0,0.0,0.03731381657108063,-0.5169398593668236,0.0018294634906741436,0.353251058538446,-0.006306768015251911,-0.9533902760901931,0.2491228210850831,1.2364202196263825,0.038208432977870715,-1.0777808044233208,-0.0036642262805371972,-0.473833701785509,-0.006067194358160204,-0.14446013111054956,0.14125543015006428,-0.24254493226238247,0.08226243034885874,0.3747290933689667,0.01815731460211234,0.8077928731942072,-0.04367144982950111,-1.3362989557624612,0.38468335661591757,4.5426785169643065,False
2026-01-13,0.0,0.0,0.0,0.0,0.03096364918386339,-0.6878034107382601,-0.0025659711533103646,-0.5873668050536814,0.00260223862478152,0.6093271964243028,0.07288796335254544,-0.6080997682767599,0.04888869430455995,-0.703623925077374,0.002526770245393606,0.16561186936295952,0.0017725165026092333,0.5020514679560751,0.20551708022213436,0.7162596207495299,0.08188543497500608,0.36092197534627923,0.01670057675103087,0.7275414735542262,-0.03387114058170807,-0.845258146659104,0.39372973663302757,4.732674846997047,False
2026-01-14,0.0,0.0,0.0,0.0,0.03064213359547801,-0.6913438910277557,0.0007312781530058876,0.11390223732685743,-0.0025710603496860904,-0.2877810056831658,0.08792860402735511,-0.4500420202096933,0.046907596002507684,-0.7668369331573535,0.0028876191895946812,0.20315075774383953,-0.0077766103178663615,-0.27881138077543294,0.22133236363575148,0.9532420824520852,0.08145642130638074,0.3451791219734042,0.019266547904341236,0.8699706392821009,-0.03713325047089926,-1.0061828135833282,0.3964896175656001,4.787935979193751,False
2026-01-15,0.0,0.0,0.0,0.0,0.0214702314550262,-0.9338734504506545,-0.003658996770906864,-0.8300529157301249,-0.002347678031208389,-0.24817539743551428,0.11311167760473281,-0.1829481256118054,0.05494691762946739,-0.48593742779373655,0.006556811781694094,0.5780714934278772,-0.011558082173902418,-0.5886996203092376,0.23084324808384254,1.0963323190902041,0.08133480111993581,0.3435034264144229,0.015179559325832925,0.6422188510544756,-0.033873414824640125,-0.8396765723148681,0.4027046219474292,4.914833055358617,False
2026-01-16,0.0,0.0,0.0,0.0,0.031578472260349405,-0.6629825864597028,-0.0,-0.03896273176413315,0.002556073413204666,0.6145708965972428,0.05193393798623434,-0.8273709233893042,0.08275468120235345,0.4753486192109772,0.019055579252058363,1.8641353005452994,-0.012930065128560986,-0.6990086648767923,0.25824094415179216,1.5089951920954208,0.0831819771191185,0.43056621995853095,0.012521199082325185,0.4915676809242209,-0.03158846629842834,-0.7180049357925234,0.4118850871138462,5.104465635765962,False
2026-01-20,0.0,0.0,0.0,0.0,0.0651479556218023,0.22335223254444678,0.008020460016604947,1.6935247285337656,0.0015329428455175265,0.4316566343177594,0.409983672199587,2.937482566491329,0.09015018848724064,0.7325593774519026,0.02388646596717303,2.361405758953672,-0.017549066421774562,-1.0805880991676127,0.2665222351639416,1.6354680796499634,0.08323613007582376,0.4371796727034433,0.011044060395469901,0.407232088635587,-0.03154265138575689,-0.7074517880047877,0.41263975775793393,5.119484647156277,False
2026-01-21,0.0,0.0,0.0,0.0,0.0323397213147498,-0.6341087758899839,-0.0022051222091092892,-0.5094055569882673,-0.006946888195694075,-1.069393571932643,0.20690950664427976,0.8044207790193068,0.10798621623653044,1.3475552882187938,0.027441859772170285,2.7272693919722175,-0.03087168819612662,-2.1892258201932906,0.23274899178732011,1.1292780186812648,0.08142728151003528,0.3609194269351128,0.004129820353685476,0.014024900184952659,-0.04199964958236842,-1.2481343379059853,0.405671048966883,4.974957057482271,False
2026-01-22,0.0,0.0,0.0,0.0,0.0699918109640267,0.34981777694657795,0.0044004707451053005,0.8997879021129255,-0.006352532205722146,-0.9673573185006711,0.1498842968059941,0.1888673015490694,0.11179978392695243,1.4790925503570378,0.0236024088206227,2.3320805975918226,-0.02487729779402233,-1.6939368625092244,0.28457378226097985,1.9038424712301953,0.08156481590224884,0.37122192413205596,0.006334942562794765,0.13557693503885287,-0.033033275324766034,-0.771581723076493,0.4073914792814924,5.004525687707711,False
2026-01-23,0.0,0.0,0.0,0.0,0.11398571471023167,1.5373158053581237,0.008839770699457405,1.8916382820122708,-0.003719660985866957,-0.5060170792678247,0.2562101699296797,1.2839253582830847,0.10494210750468258,1.2529869822648803,0.020703966218185932,2.0512734470119103,-0.01751037475841407,-1.0917114265560273,0.2860518067737565,1.9179541661841248,0.08027886747559859,0.32002397668564614,0.0011961751159170753,-0.15916995085305705,-0.03170974855173436,-0.6906821379078352,0.4066235308601705,4.981141207371234,False
2026-01-26,0.0,0.0,0.0,0.0,0.08434870337981955,0.7499927889482638,0.004830886715114668,1.0126534810126089,-0.00206292788000891,-0.20970254070888353,0.15222134666890913,0.2070621814702141,0.11218812317009738,1.5102045182818005,0.002086074894816714,0.12862719253776103,-0.00020941724957227945,0.3568117746269014,0.552019272783056,5.896780071470732,0.07630770779558924,0.14849459524652062,-0.006536967550708428,-0.6012869813273802,-0.03445983813726117,-0.8254033350922195,0.40196814256949276,4.8785669204015525,False
2026-01-27,0.0,0.0,0.0,0.0,0.15562660936034656,2.6260142727401656,0.0115758538216022,2.453800090736059,-0.011789678928834535,-1.9339629687077609,0.30255047114978695,1.7490764018050071,0.10718408315825857,1.3413925004800955,-0.007958941714502954,-0.9092512808041235,9.740553461812175e-05,0.3815525918199333,0.6207946589845419,6.9001751773167035,0.07385062368919255,0.04301126590204181,-0.012106423609250738,-0.9220559702715231,-0.028261709582587887,-0.49243652106937474,0.4010005573549339,4.849203511805549,False
2026-01-28,0.0,0.0,0.0,0.0,0.07080512279506498,0.3804204496895086,-0.006044573160656874,-1.349068408255538,-0.000952497793589783,-0.015226695369996695,0.4109187686438309,2.866915740925935,0.08333031199662276,0.5226587686597879,-0.01694125365326582,-1.8228051479280056,0.008032930186646858,1.0523182458853166,0.6841836440008111,7.814320899495687,0.06593833400604243,-0.303195013869192,-0.022944253169519424,-1.5437104418373095,-0.014712300283980184,0.21826031782765495,0.3987614235476322,4.797256919078781,False
2026-01-29,0.0,0.0,0.0,0.0,0.019586539238661195,-0.9718252949415849,0.0015020281426685322,0.2680578778041045,0.0010143908298861175,0.3485842440817353,0.13607677807506421,0.023118883068693138,0.0802757279136268,0.41647006311342744,-0.014239925378672247,-1.5374926743040749,0.014058003041286607,1.5549636430844003,0.6586947143437571,7.4138793612970435,0.07166863728323343,-0.049081002555748925,-0.026131585500160037,-1.7272939101095368,-0.0018324527498593274,0.8893110607728487,0.39827446678391465,4.777454277506734,False
2026-01-30,0.0,0.0,0.0,0.0,0.14996213449402598,2.4332228412473915,-0.009778120623911812,-2.1348912411191883,0.013581296522974831,2.5794096616302653,1.0884337534540374,9.652841691179049,0.08614208736717768,0.6107306669183752,-0.01870381664715115,-1.9777151264043145,0.018431089675102097,1.9176721700785886,0.6716293641538413,7.553284167932004,0.08443123374940838,0.5148816035066823,-0.03239026059231653,-2.0863338688206157,0.025914044848170913,2.3130389213291904,0.40690665136696136,4.936802603570151,False
2026-02-02,0.0,0.0,0.0,0.0,0.053438944547929905,-0.08806038953273018,-0.005214129894205,-1.1655767415581404,-0.0017561050958185092,-0.1446222593124621,0.6070415917499619,4.7826091740931505,0.06677793400632287,-0.05712624976615283,-0.005972579623998109,-0.7065960697399539,-0.008740701510637033,-0.3456552160308761,0.47822586695942904,4.654688700258478,0.08033906625410321,0.33582933203186666,-0.020791337392747744,-1.4278214406135026,0.0036764590158639646,1.1768757120782238,0.3321505120033992,3.374598755353421,False
2026-02-03,0.0,0.0,0.0,0.0,0.03565595154096835,-0.5562548711052843,0.002593541882839334,0.5027231666061686,-0.003854154276805799,-0.5266300266585903,0.7103881084631107,4.947393947307523,0.07792224451844364,0.3162845381327452,0.00738665621208856,0.6191728584860512,-0.013267901454720416,-0.7252039137766065,0.4057083796632208,3.3519276925177772,0.08068766205603999,0.351539941043941,-0.018131008856218767,-1.2787956006920773,0.017418578607822192,1.87616552821684,0.3081546421289771,2.8145772135498457,False
2026-02-04,0.0,0.0,0.0,0.0,0.04343581674087867,-0.35174357134799195,-0.0033432448860633013,-0.7499697927361476,0.0050725750610499665,1.0553669127327248,0.01873798823022214,-1.0333372870576614,0.08323306208897849,0.4900593766886944,0.004419903385183499,0.3238485251255908,-0.010126366063579787,-0.46170150795745923,0.2570584607365122,1.1773719025432983,0.08049716657120315,0.3438187463166507,-0.0203606413850399,-1.40953548130096,0.024629284472879525,2.2427324089547205,0.28773313144927676,2.3279083306476607,False
2026-02-05,0.0,0.0,0.0,0.0,0.06289347383426165,0.15270190661090904,-0.002961863125810371,-0.6762789393300722,0.0053874774637016065,1.114822069058283,0.35247487644581715,1.6786649366697222,0.0831533125838809,0.4849668201604043,0.0066437196332034265,0.5450129787696714,-0.02137101536842863,-1.4001956771952742,0.2680331004874106,1.189583570650343,0.07952593209400634,0.30149643137327964,-0.016653354666730347,-1.2014612388551156,0.012150060184765284,1.6101646051443563,0.28990015350855514,2.280550821291863,False
2026-02-06,0.0,0.0,0.0,0.0,0.07413574605793753,0.4495973046512108,0.002953116399241229,0.5879589036304609,-0.013590494662764296,-2.256618728488724,0.32744490414388483,1.4770663681030658,0.07706871035046971,0.27827819240360857,0.009978308398606472,0.8771350158299952,-0.023264951599589113,-1.5582521922546149,0.2997776878423467,1.4476404919762647,0.08010231048817518,0.32759686354623446,-0.013327386593121271,-1.0099820839105071,0.00022489785418526934,1.0073966638978773,0.2845644103376931,2.0989354352196843,False
2026-02-09,0.0,0.0,0.0,0.0,0.10859254880292818,1.343144871470943,0.00814510594188167,1.6947752144930412,-0.006283305039901895,-0.9633594716415704,0.28096871991350864,1.0895820927430022,0.06379028942578188,-0.17127825262463395,0.007025191999365243,0.5891006316080767,-0.010334328201234477,-0.49103522629659385,0.28280183144828025,1.1640189483379342,0.0797211458692904,0.3115723527996866,-0.01992343455308232,-1.3850001315107359,0.015945137631399636,1.8009045177633942,0.2792607966543287,1.9300034123895569,False
2026-02-10,0.0,0.0,0.0,0.0,0.052773867632228265,-0.1053656352629988,-0.0003732109440657272,-0.117177901909614,-0.0007126188856651691,0.030164229489876314,0.11469195543142266,-0.24907751111669438,0.0382631432502878,-1.0333624165031823,-0.004475624368018849,-0.5349969270122461,-0.0033622478647595453,0.0856066741697048,0.2966322408554801,1.269576670043345,0.08049352902247708,0.34576175323068575,-0.032787272680638746,-2.1213182764127305,0.04017070223977714,3.0258124464218596,0.2833579061341789,1.934671906875454,False
2026-02-11,0.0,0.0,0.0,0.0,0.04824138400737011,-0.22787119147212379,-0.0011194286380433738,-0.2851810707653901,-0.006172074243798879,-0.918753813199473,0.16539961359195432,0.1470897429039421,0.047275670405758106,-0.7283929279717346,-0.010419770438367726,-1.1185520709466312,-0.002712358484090979,0.1405883798402617,0.34479663567608043,1.7379162172051443,0.08109835433270572,0.3720547298158001,-0.040000733779831266,-2.535029732310774,0.04575414319941632,3.3056577194817462,0.2840714563878234,1.8807992498616872,False
2026-02-12,0.0,0.0,0.0,0.0,0.018933104677874856,-0.9881345352933238,0.0003727256395926748,0.028281179208715517,0.0034935412325411233,0.7697154124751355,0.4612954806569507,2.514494205089928,0.04599737143823793,-0.7727672639587966,-0.010777480487179636,-1.1536864197801229,0.006061604085584019,0.8620515790674131,0.34074595746018865,1.689629976410888,0.08285646564369221,0.44889721922101655,-0.033144487253168764,-2.1441760968354155,0.037752006344252985,2.899767287560571,0.2840218220105274,1.8187064190139512,False
2026-02-13,0.0,0.0,0.0,0.0,0.012952860457107421,-1.143292919675097,-0.0,-0.04689556580916738,-0.0006598712644096579,0.04778179557096214,0.22414809357206297,0.6185073684669943,0.048452554090163455,-0.6929264677426156,-0.01004398615195179,-1.0846117563357813,-0.006355992498051114,-0.1540798672839445,0.2883781912095038,1.1464453222711897,0.08289027943449509,0.4497915036795875,-0.03171413904184439,-2.062737141634452,0.030480490268483724,2.530113677701707,0.2690965729777018,1.5152435675635312,False
2026-02-17,0.0,0.0,0.0,0.0,0.029484048234915315,-0.7092257906102669,-0.003355710425502423,-0.7589721191774167,0.0006887752965730373,0.27978052635971457,0.3437963347889694,1.544066567643237,0.05184933609219078,-0.5805721287377045,-0.01004398615195179,-1.0889869065137998,-0.0036766351717331474,0.07188548848430465,0.2937345559583604,1.1911427375839307,0.08621926610773407,0.5958971399699401,-0.037855760227526125,-2.4126156353315276,0.04379477557769622,3.201412333939927,0.2762679609847727,1.5788266725637368,False
2026-02-18,0.0,0.0,0.0,0.0,0.08303932145063657,0.6860098151395231,-0.006317357014414604,-1.387638499610725,-6.27295049966022e-05,0.14482838649638072,0.3871173905515033,1.8815453977496837,0.0542747497906427,-0.49675978876108584,-0.007426572428221756,-0.8339985958415375,-0.009394415900996655,-0.39445128113076255,0.2557271619506375,0.7963901295831588,0.09263375953794664,0.8789207551523378,-0.0248052399612555,-1.6692038491190317,0.03870016172300853,2.951251932193992,0.2840120603412166,1.6487688972909613,False
2026-02-19,0.0,0.0,0.0,0.0,0.03535092325860319,-0.543812423681101,-0.0014771386868552838,-0.35065274722512985,0.002601888325876119,0.6068112356221356,0.09429659643900028,-0.43331721096631676,0.045351854526044004,-0.7915307281875225,-2.587380975249687e-06,-0.10278146327681185,-0.015801436967393813,-0.9240357828298347,0.17562663266693918,-0.023923025567565696,0.09568955346043986,1.0139337796298085,-0.022113712596817603,-1.5157809075710333,0.058068260157379245,3.938531937825972,0.2803916163733955,1.5393746746541284,False
2026-02-20,0.0,0.0,0.0,0.0,0.030983940686870874,-0.6606084021745611,0.0011062199748205215,0.20258740381976895,-0.00892405535109401,-1.4122145477830117,0.2117116818035638,0.4815839821597455,0.04363913275872357,-0.8441108166143853,0.0007359819624523922,-0.02199071980738635,-0.014268124618605566,-0.8033081537522997,0.16579194630120775,-0.13038771627465912,0.09935488635367451,1.1750578256720998,-0.016301283523026844,-1.184056579868152,0.038046213594352854,2.928622066165037,0.3022666753849369,1.8158701639373438,False
2026-02-23,3.0,3.0,0.0,0.0,0.03004478273295614,-0.6838503517145473,-0.0,-0.03189766300253346,0.002019486061908308,0.5039856001819973,0.26282665275290296,0.8802368550527649,0.0422586993369786,-0.885262414870011,0.0003677862489653849,-0.050956733788459274,-0.0035843388977383856,0.0657630341911934,0.1753311337690783,-0.041186414252865115,0.10011181062819716,1.2077945449892418,-0.020673111419905243,-1.4333036832221242,0.054511428215096025,3.769551800201916,0.3014072945521028,1.7468665945892698,False
2026-02-24,0.0,0.0,3.0,3.0,0.03902975447464332,-0.4444372691834101,-0.0007382967017723896,-0.18390549028055164,-0.00502900543269047,-0.7280630971635964,0.11962277645066766,-0.2449245166562662,0.07776532810833822,0.3186620256994998,-0.008864119242332102,-0.943988695979482,0.006323524780884383,0.8753299445757052,0.19954954177809547,0.1958644870534751,0.10023052870622645,1.2139682958636766,-0.022481471097989036,-1.5360025009029472,0.04624585931091078,3.352916570246952,0.30268891190031244,1.7155192140963247,True
2026-02-25,0.0,0.0,0.0,0.0,0.05869089434146013,0.06812195775175536,0.0011066280328319023,0.20716220619135647,-0.006469750571393762,-0.9798957394840888,0.029533591367669115,-0.9530879785891445,0.11274248335802198,1.5015516057837721,-0.012882469490047677,-1.3288447481940944,0.040113418641491205,3.6490146829590193,0.2867880369977096,1.0614056896257176,0.10075151428963794,1.2358170453208064,-0.025714246597416723,-1.7206302762911645,0.06699902345507214,4.410048834132462,0.31423713408993625,1.8310641835489248,True
2026-02-26,0.0,0.0,0.0,0.0,0.02092568694498725,-0.9146311826729763,-0.0007385693434276419,-0.18705932085733246,0.004135200674664367,0.8829732020443035,0.07127605460866092,-0.6288111126554021,0.11594824480771773,1.6107889570066025,-0.012168294947222602,-1.2544316360705763,0.03792687990355285,3.4736347423490015,0.2930077864859611,1.118077812460831,0.10010686359670919,1.2062926512689174,-0.027899647993126497,-1.8439982096780239,0.0767315660925535,4.9040254558546765,0.32950859477824607,1.9955215665121833,True
2026-02-27,0.0,0.0,0.0,0.0,0.023928690918178883,-0.8374677620400817,0.0007380242613335142,0.1308580033515195,0.0017597303697731714,0.4701232247666559,0.21322042330671614,0.48543829224398344,0.1201289642896086,1.7529225157494566,-0.013983526961470982,-1.42977673729504,0.04577769372502819,4.119283582745554,0.30640708932956606,1.250550847725816,0.10060365908397507,1.2280314943051203,-0.03218979233077335,-2.0845691494513097,0.0764707817781848,4.887819792151956,0.3292086096968935,1.9441712921914829,True
2026-03-02,0.0,0.0,0.0,0.0,0.14449851444740555,2.2963522329698534,-0.009231905491297487,-2.003688087157382,0.011927349740531076,2.2393073186418775,0.3270681394785457,1.374323367295084,0.12023314520022667,1.7572240272644646,-0.014357641868786297,-1.465081889195075,0.047374514943506564,4.248253642877196,0.35890378174961945,1.7743377776195652,0.10444065659669381,1.3967617010011397,-0.025779894545542192,-1.7109276559742477,0.05605506763532603,3.850223889277517,0.33831819717088496,2.0223201771271717,True
2026-03-03,0.0,0.0,0.0,0.0,0.1767882651179564,3.1486504301184324,-0.004756646949487964,-1.0580234743928938,0.028760888427916353,5.225675014938435,0.38485122745528566,1.8220883550127684,0.09726073789859117,0.9855401089243904,-0.004761694545242556,-0.5335915706501274,0.028040515975911205,2.6825392212341934,0.32961760911060967,1.4808108417680546,0.10069110980048662,1.2328233622591287,-0.01474809189177928,-1.071122885513016,0.037028408592606525,2.882369675351852,0.3323790232677901,1.9002627234525473,True
2026-03-04,0.0,0.0,0.0,0.0,0.08265152142604523,0.6822178820557377,0.0018208025756569768,0.3583599357160811,-0.008656289309332118,-1.3536339192586726,0.13251229834681647,-0.15301549255101887,0.06275545529433893,-0.17542222832689852,0.00035905735204411204,-0.03356791606613021,-0.007258057318883553,-0.22083593046592426,0.2507159431619205,0.6897030083088473,0.09255630058970524,0.8750439069200765,-0.014679547007248939,-1.0559286213001262,0.01348042128616659,1.682435238492187,0.32465464069237454,1.7591672919300119,True
2026-03-05,0.0,0.0,0.0,0.0,0.07235509079626033,0.40168017032077,-0.002553801357676022,-0.5679070850210509,0.01198601449613971,2.1272563994138207,0.21077312197559722,0.4455238636527739,0.06268712963961053,-0.18183181522510697,-0.005104676784332685,-0.5614410989062505,0.0035279771048986426,0.650181536394802,0.25774560979366545,0.7530742912643549,0.09065317391514674,0.7896052284766886,-0.015423512325610345,-1.079813684030799,0.018108422886903095,1.8917915058674826,0.3237840555375665,1.7084253100901663,True
2026-03-06,0.0,0.0,0.0,0.0,0.026102759738952864,-0.7695316002607682,0.00036390935401819924,0.06595914684308085,0.003356551588251544,0.6924872729140854,0.4219667295813437,2.076663280209585,0.07614843934226498,0.2635763727085202,-0.007269607612331419,-0.7639039885824226,0.009484222177234547,1.1003338691453715,0.29041693919709716,1.0707112157793448,0.08969656917747015,0.7475590432816087,-0.009995117941510756,-0.7647463892635519,0.003942328482537208,1.1753530059827115,0.3214440472041994,1.6591409337308727,True
2026-03-09,0.0,0.0,0.0,0.0,0.020733176816995318,-0.9080495133410739,0.00036404183224625353,0.07965230590448788,-0.007406649227064281,-1.1189968609722876,0.12318108758833324,-0.2379876854343519,0.08673576955768303,0.6144112243759929,-0.015220189009607865,-1.5280701472110654,0.01099849266295701,1.1684678174533272,0.23286984184204823,0.48893115473431986,0.09827547255236377,1.1265008988062621,-0.002431124111583305,-0.33081097614014293,-0.028825163595402326,-0.47541545676420954,0.3133327558786939,1.5412484576116172,True
2026-03-10,0.0,0.0,0.0,0.0,0.06754211585004817,0.2953127748356378,0.0003641049477987046,0.07996302706380538,-0.006537684866878409,-0.9741627239027468,0.2240596950641442,0.527927418811945,0.0974496548724123,0.9667816682328495,-0.00984741295323499,-0.9975591292944485,0.004230930791059073,0.6106659552949599,0.2332317742714315,0.4802432989159448,0.09848143641018224,1.1369419842219362,-0.0009789239110629122,-0.23707452459999828,-0.02183109786321417,-0.13660765038422007,0.31220009829230466,1.5162874116081937,True
2026-03-11,0.0,0.0,0.0,0.0,0.07519423200156262,0.49252237902295926,-0.00364293156071982,-0.7975438071386206,0.0021297451144500767,0.47457526280451906,0.17932604635279026,0.18310058919141742,0.09163626460522445,0.7757380209210601,-0.008408444050116648,-0.8599148668712638,0.006990640814709346,0.7960967037686534,0.2231238974163241,0.37035768363727684,0.09731726722551357,1.0865909263014337,0.00011253914859898906,-0.16483608305412917,-0.01641505972028742,0.12371955848965568,0.30871812752467886,1.4612837039991027,True
2026-03-12,0.0,0.0,0.0,0.0,0.11753718783584652,1.5778040907671826,-0.004718732185674757,-1.0347750715626272,0.017942259568475616,3.1377146970800887,0.3619778305928414,1.582506982115016,0.09708087276701957,0.9637971859650157,-0.010907133675078562,-1.11503184950603,0.017515309745062102,1.5765392049901017,0.2759868395028431,0.886496240502263,0.09727233862529211,1.085264656093381,0.005942109635092341,0.17564208012502158,-0.025576511755804818,-0.32869716887801387,0.3076016622608573,1.4373649957134198,True
2026-03-13,0.0,0.0,0.0,0.0,0.08548852620272196,0.7591192584154467,-0.007586672043258247,-1.6595854750153398,0.004870822073974009,0.9441654976675977,0.14393828414792675,-0.09319041736542027,0.1072978809793016,1.3107583629493498,0.0035064083513643984,0.36655279030096755,-0.004832788381528158,-0.08614446282608446,0.30277669712807387,1.1453966687178987,0.09410279486644771,0.9466899246624128,0.012852202952302716,0.5829066345749015,-0.051105108859299496,-1.5802451112926335,0.3012890373136788,1.3482641942694509,True
2026-03-16,0.0,0.0,0.0,0.0,0.1019045273932753,1.1673427318049923,0.005736817888619128,1.2719379722014905,-0.01417421109896222,-2.219868400818571,0.11764679177738917,-0.30409724556166357,0.12036566613839211,1.7449866630042092,0.007467250744645937,0.778782770521169,0.00960175847387194,0.9828491589317155,0.32580829249446996,1.3646126362838011,0.09189682718802383,0.8502458986702931,0.021536926958663938,1.0941826431830117,-0.056103585143056654,-1.8064332811470245,0.30053195234684354,1.329427175189529,True
2026-03-17,0.0,0.0,0.0,0.0,0.029172408396347493,-0.6958211561658365,0.0018030738509170474,0.40951963975113725,-0.0037779748432281344,-0.5108341288139174,0.14616344062781172,-0.08502003062694616,0.12546593159555577,1.9106891403103583,0.006065723242962284,0.6389212941415896,0.006355811335683897,0.7387815885083422,0.40565258431409457,2.149302787235134,0.08927976768390786,0.7355425669738711,0.012868635232660797,0.6154774215830555,-0.041859082336660504,-1.1122720908103552,0.2989736642067739,1.3004823892029853,True
2026-03-18,0.0,0.0,0.0,0.0,0.11189514215855098,1.410783947923909,-0.006141621185681734,-1.3283830620621027,0.01265441404480283,2.179150582164723,0.39186327192561554,1.7958368428439144,0.12780973167387888,1.9815840678135552,0.0009970414699873587,0.12452571850701101,0.017674945448561186,1.573036011624307,0.40757142474836505,2.1648969699703784,0.08994258201732185,0.7653381516035281,0.011430933269767407,0.5488332443216878,-0.047816246819205786,-1.3859593335673297,0.306444604653066,1.3859698278526864,True
2026-03-19,0.0,0.0,0.0,0.0,0.14257320839548018,2.192772819184869,0.009694809840768204,2.129468504593944,-0.004405838558114643,-0.6107047535417517,0.4437391863631653,2.19284453773499,0.11871447968929928,1.673841127058656,0.0053303029775852995,0.5713649623743309,-0.0012255514385185835,0.16687005474383587,0.39372475304571913,2.025476840091201,0.08682346901485648,0.6278139067519173,0.01903457618918425,0.9989571905869262,-0.05729453573967769,-1.821240807454478,0.29725805733513866,1.2624511167409616,True
2026-03-20,0.0,0.0,0.0,0.0,0.1421432238731436,2.167316458768878,-0.0036258296499767084,-0.7702476335408172,0.019305368929374105,3.234897788114457,0.2700639631990968,0.8474643057711969,0.10103915733114538,1.0794592806282663,-0.00833557906438298,-0.8154988370105866,0.018904445831066947,1.644888721022355,0.3809008415346571,1.8916489223806856,0.08167417652009042,0.3991096690974481,0.003849297087587633,0.150109928810883,-0.043931574048982173,-1.197774831122619,0.29098391997745054,1.1751268762805245,True
2026-03-23,0.0,0.0,0.0,0.0,0.12791117172616473,1.7805264893951063,0.004335290386935475,0.9435275667447938,-0.017420158237150263,-2.717893613383023,0.5057125263692844,2.6099094642191187,0.07714541741805475,0.2790005854190713,-0.005788522777284144,-0.5578664983860624,0.0028618689677804357,0.45768233621186494,0.40855494383421276,2.1544626092705115,0.07503101789833382,0.10348246273928753,0.007111084905318199,0.34678428672332445,-0.06933027715551537,-2.3303993857562633,0.2850929838352042,1.0919637175554546,True
2026-03-24,0.0,0.0,0.0,0.0,0.05517977872403305,-0.059207011128469954,-0.003265607922057878,-0.6955177922295158,0.007541159269649156,1.2954159922715707,0.1419212003309395,-0.14629447296447398,0.056515062514507934,-0.4100959531053324,-0.015152526845294112,-1.5108980551715372,0.024156443565226355,2.0241898509828182,0.3225475869959099,1.2945668729342894,0.07069672720518029,-0.09028098966499046,0.0009562477482917275,0.008713104980080186,-0.043273168088696634,-1.1486058611888126,0.2633466228437831,0.8089548607162989,True
2026-03-25,0.0,0.0,0.0,0.0,0.04426473506774724,-0.33852642415327255,-0.001808359678083793,-0.3873265473984615,-0.006246082842276938,-0.8738095297936315,0.25850111428550576,0.7140329468009058,0.07728787769824727,0.2615384431357109,-0.004738996876671564,-0.45724290066202516,-0.002040699477508401,0.08906501418421783,0.34972866467655483,1.5394051208626918,0.06977503622707253,-0.134187398473384,0.006038097703116252,0.3067762753410168,-0.059367964421555425,-1.841825696713866,0.2596127565539199,0.7515861924938724,True
2026-03-26,0.0,0.0,0.0,0.0,0.08045283334311382,0.5591144009132023,-0.0039710722012000765,-0.851477495688088,0.015724158711470888,2.5612989732668034,0.3744689275760512,1.5789502881491888,0.08199163861067338,0.4027705662417424,-0.0011307400361223463,-0.09545347670272046,-0.0028939259374198825,0.024098139854043975,0.33920183903230516,1.4145710863350063,0.06916400778391224,-0.16499119995118944,0.008938116034642452,0.4788323033276896,-0.05165026953745737,-1.4898631759040515,0.25200318910374003,0.6456220282389887,False
2026-03-27,0.0,0.0,0.0,0.0,0.0247393036918315,-0.8236344221725427,-0.0010787733628778717,-0.22617246721611486,0.003262792066087594,0.6144478384162464,0.4627465691656853,2.2334448279780985,0.0782393136869069,0.2709575182823297,-0.001847769899879892,-0.174383797699206,-0.013405183527414339,-0.7479707290764428,0.332309198333362,1.32895645850198,0.06709814995595602,-0.259032804527687,0.009994801296587363,0.5475837944232007,-0.06327892228259503,-1.9671347941738835,0.24045509805294552,0.4900718540157346,False
2026-03-30,0.0,0.0,0.0,0.0,0.0435649218947222,-0.3581595458408131,-0.005028713681074493,-1.0775780368885675,0.003874416360295655,0.6947772305489981,0.04593847700955826,-0.8909349629490939,0.07782227794611618,0.25081144165981045,0.0003078407202935507,0.04386797100450344,-0.02069626330209754,-1.2836466761016805,0.26219973493437554,0.6366377666814641,0.07008407370836278,-0.1329239038732605,0.008167656689588076,0.45193674916339127,-0.05921487301976144,-1.7663325570732051,0.2282695032362631,0.32589329109521786,False
2026-03-31,0.0,0.0,0.0,0.0,0.1335396755698941,1.8727159603124515,0.00714792204656467,1.5501118341650404,-0.0186559837730856,-2.7847957231394944,0.3848653499549886,1.6112819406295849,0.07646114779450658,0.2035140748612022,0.00821114742779161,0.8492419568452375,-0.026750759570619377,-1.7284006774241996,0.26474842405533666,0.6450049732182621,0.08292630553051811,0.4196655179145853,0.022251060500088737,1.2530841656618914,-0.07439486829738988,-2.3374245417626427,0.23058442411623342,0.343175371255037,False
2026-04-01,0.0,0.0,0.0,0.0,0.06614604670795676,0.2048385718914207,0.0017998971624654247,0.40221327607275204,-0.007099309302188421,-1.0018538934551378,0.21292686112382747,0.3420164311673273,0.0959215504555534,0.8333626467551764,0.00899112856517259,0.9303652732462111,-0.03750571628722177,-2.5075768365490823,0.23491619171530304,0.34973990267557215,0.0776468038994633,0.18623227203767093,0.01327568099938814,0.7556050475075259,-0.05694481893504863,-1.6108772502411777,0.2117331994595318,0.09513343780337856,False
2026-04-02,0.0,0.0,0.0,0.0,0.05151213816568376,-0.1671460958754655,-0.004688102064957622,-0.9960066248782711,0.005212901121476432,0.9000589825907723,0.3323540864020321,1.2129904940207348,0.0925706026551246,0.7223181124623087,0.009007473435473812,0.933673709802074,-0.030818990479909474,-2.019219405080349,0.21556189921251212,0.15536998813572356,0.07672609481822075,0.14069521955148712,0.008921982479246693,0.5225762293062534,-0.04652047816258221,-1.1960726961181931,0.21559792998268218,0.13193743651288808,False
2026-04-06,0.0,0.0,0.0,0.0,0.018897750457051568,-0.9768151108488906,0.001076837257295571,0.23605883598550031,-0.004028287708595609,-0.5035964824615518,0.07312492213586246,-0.6983478493384897,0.08969384046345996,0.6255606273980374,0.01515114350789204,1.5562247339530861,-0.03715353832533756,-2.4831579273001996,0.15742741861222895,-0.40685955093590914,0.07615310799990664,0.1109184107566685,0.012882265836167917,0.7570816810430409,-0.060197944883721405,-1.7152287781923214,0.2049082375329258,-0.012680441801089317,False
2026-04-07,0.0,0.0,0.0,0.0,0.03019717640733641,-0.69966652301723,0.0028745930264235664,0.6283064384182723,-0.002180079908226181,-0.2255828955522271,0.10682661975962858,-0.45724508842194195,0.09519712705349961,0.8005638370178161,0.01626094517637,1.6739685596380185,-0.040156957537809276,-2.696777091880509,0.17056135205412537,-0.2886769463598174,0.08060691136289425,0.2980169269423389,0.017259960161791432,1.014105497111157,-0.07295219601599076,-2.2001276573185504,0.22973289825628923,0.285714391800295,False
2026-04-08,0.0,0.0,0.0,0.0,0.182770292759383,3.176158881847813,0.00792790318394565,1.7749594327078198,-0.02941094048968799,-4.35668145842083,0.26890049500824265,0.7447499401009748,0.09562470854557582,0.8203851438772037,0.015577713281482053,1.6289402114202332,-0.045563215164602155,-3.0786925873788467,0.2070926966471475,0.05672822272219909,0.0801787336890091,0.2778962678138422,0.01219160241487327,0.7425321206579422,-0.06701004918640863,-1.9721760617989452,0.22839600611931987,0.25933860574499484,False
2026-04-09,0.0,0.0,0.0,0.0,0.03907677791434225,-0.4679191808017345,0.0018162420327666462,0.420485816268178,-0.00041258349487612495,0.06928041717045308,0.10342732524509174,-0.46908776110625294,0.04644742758229369,-0.7780494299613538,0.008747862060639378,0.9293936108104134,-0.016279928884697314,-0.9272144874219237,0.16060663431938527,-0.3838897170224239,0.06862943213010728,-0.21765555233002631,0.006817500588603531,0.4418423470168191,-0.045567790419911026,-1.1634614808391286,0.21864170228890498,0.13047951647021658,False
2026-04-10,0.0,0.0,0.0,0.0,0.038729190779733365,-0.4760070566439273,0.0014555680074606059,0.32787754964721405,-0.0011216467239516525,-0.010731719878698257,0.07219470608550406,-0.7013347256559859,0.04404158295221671,-0.8634125740832242,0.004000146190488718,0.4408881300210414,-0.015797053682387263,-0.8857441673998221,0.15925037448729631,-0.39457271381773507,0.06850815081787354,-0.223448951533936,0.004635485738498812,0.3193964103210804,-0.0432320777588439,-1.078356407713616,0.2255413076963746,0.20892097631915574,False
2026-04-13,0.0,0.0,0.0,0.0,0.0640040766373403,0.17762176456592232,0.002186638925773532,0.4933207035492483,-0.007031706921067323,-0.9364490642069944,0.1602492048651281,-0.04177918999141677,0.04952109242067401,-0.6843280318330349,0.00290995007105177,0.33039530626717767,-0.024410546284209023,-1.5656260403447009,0.219933837624819,0.18874937102050673,0.06914492877998155,-0.1965879022280094,-0.00047640329546816407,0.03072863692154737,-0.0289399423094708,-0.5202448700506003,0.23002109435304083,0.25747694485624456,False
2026-04-14,0.0,0.0,0.0,0.0,0.03830974942972701,-0.47876884319284646,0.0021913611315356185,0.4918248772936002,-0.007586337535019065,-1.112283444614499,0.21028131720742282,0.35248860559899764,0.03781694527412422,-1.109480711628277,0.0021853328790133464,0.2511132223273266,-0.014202714238810773,-0.7460960726760933,0.21918992016636624,0.19358990878800578,0.06708960606519856,-0.28360057257110644,-0.004848815054566691,-0.21649192569439454,-0.02881703030603045,-0.5117417964919404,0.22832670026106366,0.23200360263441291,False
2026-04-15,0.0,0.0,0.0,0.0,0.012202713256456707,-1.1866260258726835,0.001098051963102975,0.27743428045398805,-0.00012765420978314937,0.14314070954664795,0.09632713530253897,-0.5093677001167254,0.05154319577825805,-0.6367047005214603,-0.005496497513350684,-0.5334728596642658,0.002340746428789158,0.5617064980084937,0.2533170538220107,0.5359985990657077,0.06706467382421269,-0.2825431342819896,-0.01103874432264762,-0.5660297311408079,-0.021036728067351095,-0.19448281230425582,0.22277280289467438,0.15994427782930476,False
2026-04-16,0.0,0.0,0.0,0.0,0.02751164414847418,-0.7697372136242825,-0.0029314738373840132,-0.6577580811756218,7.029170743392636e-05,0.17202295388343852,0.06729108366121958,-0.7291713450988985,0.05185617836019591,-0.6381446912808721,-0.006958591308699802,-0.6851219488256053,-0.003624933538586764,0.1042662048352511,0.26156122591939224,0.6254014499826245,0.07118586454108573,-0.10067477108076191,-0.017567629521541228,-0.9382398706521253,-0.00333090381713623,0.5250335426799201,0.22856246179664305,0.22736179189101888,False
2026-04-17,0.0,0.0,0.0,0.0,0.057651068332149086,0.0618325614428573,0.00036537188802365783,0.11667451955980529,-0.009735139325773412,-1.4906821547291895,0.3290948584489854,1.2634099901397904,0.055618284917689956,-0.4892889092563666,-0.005846664241406785,-0.5749899295360049,0.004941725583647768,0.7639563779433753,0.2710637725351614,0.7278059307888305,0.07145247779794912,-0.08438012197957241,-0.012115460917490495,-0.6269291691726633,-0.004762193525344721,0.477001779409205,0.228399804209443,0.22186533243480855,False
2026-04-20,0.0,0.0,0.0,0.0,0.02178361407839082,-0.9217271251904021,0.0014620217337351082,0.37232180007548327,0.003176125124330927,0.6969522813592606,0.17496475446629528,0.08887292266577018,0.05069188101989128,-0.6911476380860323,-0.0043957940966637965,-0.41877884182072167,0.006123227846211554,0.8653630316391228,0.22238396945276445,0.2572273036611543,0.07209142786457258,-0.05102230906413386,-0.015729935697536668,-0.8353906754099802,0.01254373531348241,1.180865942583295,0.22042023529029386,0.12151942281435799,False
2026-04-21,0.0,0.0,0.0,0.0,0.08824992191190101,0.91592709403842,-0.005490469260828412,-1.2644085030224768,0.008957123132580866,1.6753519896379927,0.3742810922025167,1.610459669008056,0.05003719032287339,-0.7161884673896062,-0.004766157176956498,-0.45864495298396707,0.00441871476370174,0.730031867806991,0.21378507631984878,0.1736344036433865,0.07386281691524794,0.03360760889486825,-0.015032858067676957,-0.7958805503483611,-0.0014219998098149098,0.6362025888392773,0.2266159814409708,0.19374788234751686,False
2026-04-22,0.0,0.0,0.0,0.0,0.015093497544547852,-1.1015670146059477,-0.0003640418322461425,-0.05187096438686978,-0.006093334177159071,-0.8684501307269241,0.18665487820495924,0.17730871562634434,0.03131211523045602,-1.5013918085376035,-0.0021900748553832505,-0.16865608327094356,-0.00044290240254589094,0.3421473999708413,0.16499810445136553,-0.30644034352401367,0.07141372039451824,-0.0694873558302009,-0.009542388806848545,-0.47490966629428194,-0.014802706790524273,0.11102037309313872,0.21179496824795768,0.011863702167777896,False
2026-04-23,0.0,0.0,0.0,0.0,0.04940926537957101,-0.15116209062757324,-0.0018195467700909962,-0.38536441236288127,0.008636950829668458,1.5993800871929793,0.1791622309350121,0.11795435177193868,0.053347198805133084,-0.5603219211468803,-0.004731950993014267,-0.4453174009819563,0.01297727310353436,1.4071959555675118,0.19561377300839622,-0.006259942506302332,0.07135493465400211,-0.06463640253611491,-0.010620861081622857,-0.536614277661176,-0.007739897985221047,0.4047405548909379,0.20909994397685133,-0.022083159851906956,False
2026-04-24,0.0,0.0,0.0,0.0,0.032091083511222376,-0.6256284916675661,0.0018162420327666462,0.47888848150112273,-0.008553637063209626,-1.2837053407624213,0.048661349619692644,-0.8764063375433602,0.09482611070345881,1.2103691356796418,0.006142285906502898,0.7791354280943427,-0.006965256643466884,-0.18424014268849426,0.19398804708454898,-0.023213753218919,0.07097514769841062,-0.07318296093516652,-0.008081096182832481,-0.382062057388939,-0.031181559885033423,-0.5224023700774383,0.20921676981379628,-0.021611268514535452,False
2026-04-27,0.0,0.0,0.0,0.0,0.01528591339722913,-1.0896143870698607,0.0010916586534424066,0.3011305332357776,0.0014716120418211132,0.38831773079520615,0.12269328119944528,-0.3110633139273557,0.0935250062804624,1.1679247296223059,0.002498586419600324,0.3742976615715837,0.0003824460089983956,0.3950562434967309,0.197882154241133,0.014634397009823726,0.07067590104631785,-0.07707544502883092,-0.009897338215599127,-0.4884918423496911,-0.023438757022148482,-0.20590299763778241,0.21547831676092338,0.0543991998334336,False
2026-04-28,0.0,0.0,0.0,0.0,0.0148418282303476,-1.0970507608548246,-0.0029143869392551647,-0.665523294687985,0.004095505966333235,0.8262685504425165,0.21328449965606827,0.3826314726885373,0.0971907537084544,1.3351566950617766,-0.001146873591518105,-0.03285796000470094,0.002235865437455281,0.5352356413402153,0.23115203292918776,0.3415225499628527,0.07095463754170192,-0.05337532295649494,-0.009187222560553376,-0.4426699776751106,-0.027503429676120666,-0.3578682957974013,0.21620067221678166,0.06381955899204506,False
2026-04-29,0.0,0.0,0.0,0.0,0.09628220150263281,1.1704982563611013,-0.0029059179698771587,-0.66731185692576,0.007326841328921178,1.3631003615966606,0.2782485163169026,0.876276501004421,0.09865946707204312,1.4087560304328637,0.0010396946397006612,0.2125973013532379,-0.010324206128540717,-0.4770077945459727,0.21261141616489426,0.15942358385917646,0.07109489994553646,-0.03548595151961478,-0.004828759288244,-0.16694873558523812,-0.03216156927817633,-0.5340674055240743,0.21279844962708303,0.02378334752585172,False
2026-04-30,0.0,0.0,0.0,0.0,0.16714967424156166,3.147072111949463,0.009054690129426168,2.246744977192022,-0.011305578917332785,-1.7439148698699483,0.1239545302189047,-0.29930157634768517,0.10417209163029334,1.649676444527449,0.009400144192496906,1.1476941250747708,-0.034433586298326865,-2.4186068216684555,0.2755208071407108,0.7779178345919866,0.06796288729645747,-0.17749786883100518,-0.005538184124635248,-0.20570047182656628,-0.04757335477609248,-1.1297109470636018,0.2102647153071335,-0.005128705199842286,False
2026-05-01,0.0,0.0,0.0,0.0,0.02336045152453546,-0.8510353408251655,-0.0018274574541359279,-0.39941016571287175,-0.001205934410744347,-0.06876772436107378,0.083006198982696,-0.612882559304205,0.06661538479452331,0.047013122326981516,-0.0018483106574238573,-0.11278251123458444,-0.01936594045963813,-1.214895393216108,0.26546351548577535,0.6788211067938035,0.05304623990289591,-0.9163025139325771,-0.014592874254061416,-0.7906235502245197,-0.039742211430120356,-0.8101817621173992,0.2072530805708131,-0.03927537120810178,False
2026-05-04,0.0,0.0,0.0,0.0,0.04543960491822448,-0.24692731005739005,-0.002553801357676022,-0.5833473603969468,0.0033250314702779984,0.6846905080818348,0.29282735601848353,0.9833031429416926,0.06847103875320493,0.12172965153620734,0.0025329481543879817,0.37550556385617745,-0.02612868777208418,-1.7603035669407745,0.2624504016895064,0.6487542014168108,0.053717915338522035,-0.8888691542176337,-0.01636773598743335,-0.9105355572436827,-0.0317094519245528,-0.48299495794013036,0.20797575839499216,-0.028118813348667306,False
2026-05-05,0.0,0.0,0.0,0.0,0.03800367302012404,-0.4408505998735485,-0.0007278187080363985,-0.14739092673673576,-0.008464565599662762,-1.2570926973063854,0.1010702693869335,-0.46930504701175685,0.06611603900589205,0.019267189544246683,0.004720976694725931,0.6161558807458288,-0.027530590076171164,-1.8736874969912276,0.2581394887625089,0.6061379832874768,0.05275971629224929,-0.9466834745213683,-0.013096043124893653,-0.6962514456984259,-0.03186244704337267,-0.4810706963307744,0.201655849887827,-0.10163292486007365,False
2026-05-06,0.0,0.0,0.0,0.0,0.12621546234737474,1.9764024607693758,0.005454531582919087,1.3518341627145334,-0.016782538840864964,-2.66716626258462,0.49266601387152154,2.4950585356456947,0.06889340465413396,0.1368227554163882,0.0017924743762559592,0.28622165395058696,-0.005895535751086955,-0.14731040965510492,0.2711429766527912,0.7319526197517894,0.057999972982208964,-0.6770743135381092,-0.018833752584573427,-1.083664464525722,0.004944695233963167,0.942345722827191,0.2253100278289916,0.1894517441454711,False
2026-05-07,0.0,0.0,0.0,0.0,0.021682346827621816,-0.8805278542321827,-0.0021937647204945954,-0.4958159655024809,0.0037620669213559443,0.7558150716864882,0.02377038319149019,-1.0588286855659632,0.040377370854047676,-1.0763630202559777,-0.005847830039988122,-0.576461798558647,0.003978208172151037,0.6442165829458473,0.15146856015910976,-0.4432086173660842,0.05098076985256622,-1.0677108311277401,-0.024645180267366174,-1.4839251384961314,0.017482393739768193,1.4240966376362583,0.20037168476957357,-0.11031636392758015,False
2026-05-08,0.0,0.0,0.0,0.0,0.03325540509596764,-0.5656272285651428,0.002553801357675911,0.6543114218011993,-0.007968681723190393,-1.1661794888769181,0.05154776730999848,-0.8449360571782276,0.042268474490789805,-0.9953115134031774,-0.007652633456038838,-0.7814762179453713,0.00041010595445537933,0.35859785396844523,0.1636334226138498,-0.3243147721727367,0.052286121707761035,-1.0066259201160104,-0.021737878005889666,-1.2877593201881803,0.009473395725461985,1.1133345995431796,0.20668293664533063,-0.030851646099754056,False
2026-05-11,0.0,0.0,0.0,0.0,0.033261331414214196,-0.5580443333542412,-0.00036577281733807254,-0.05810527144139775,0.0019231291661910104,0.4579284861829302,0.21518889668722496,0.3925408922143795,0.06048773416327573,-0.21894160117663958,-0.015637268049505382,-1.6775395443865677,0.02595695771807749,2.39454575407073,0.21304200729189815,0.1600106054994276,0.051637001469767435,-1.0518883486768675,-0.02571970534899448,-1.5642571613916731,0.023713167096113895,1.6555870544834657,0.2284284377665733,0.23674003831645618,False
2026-05-12,0.0,0.0,0.0,0.0,0.058406403261598766,0.13463982259021415,-0.0036563210265063706,-0.8764750918808568,0.013170488725421444,2.3065491903134037,0.19240353696298945,0.22740114836563852,0.06011576480178614,-0.23076203446986038,-0.012750800465500589,-1.3585743205964145,0.022672830551111915,2.126164350849475,0.17769687644475962,-0.18705095005481315,0.055390305845753586,-0.8392647757980918,-0.021788924444633984,-1.2972817570180497,0.0012946589449032223,0.8030442288543703,0.23216978192386356,0.2848317306407659,False
2026-05-13,0.0,0.0,0.0,0.0,0.019355011507338843,-0.928797585155861,-0.002185772833324995,-0.5130593607398831,-0.00690879491762697,-0.9880206869515443,0.12469991594707164,-0.28424315376973175,0.06225551246467024,-0.1362059838283852,-0.012343582331016734,-1.3167726309913692,0.01707313133874418,1.6805251101532872,0.16253483841632277,-0.3357216716011723,0.05463352393385454,-0.8859635769296461,-0.018132603418127613,-1.0460502251525183,-0.01552524397312527,0.15028683227701353,0.22747975559427874,0.22906087169970668,False
2026-05-14,0.0,0.0,0.0,0.0,0.03643487877923059,-0.46199916783536166,-0.003998568136545311,-0.9905970610014397,0.00019396470366028762,0.16401451483996032,0.11632366946255715,-0.3451490376345383,0.06822284262906311,0.12883946037679853,-0.00799871013409692,-0.8481608450492728,0.013192316257404767,1.3782894845917988,0.20914117500833498,0.12113556850000384,0.056330822768006876,-0.7858216643419587,-0.01666234220802798,-0.9430449911952123,-0.0244622104049923,-0.20403472961857275,0.2346350300647601,0.3166939181710043,False
2026-05-15,0.0,0.0,0.0,0.0,0.10007192607800669,1.3381657509629188,-0.005430833235790633,-1.3516570052175587,0.017578170040431718,2.981854745599166,0.19449867117357478,0.2439911674883324,0.065456814059148,0.02365177549965582,-0.0040001419975516095,-0.4038604851091104,0.008574767705615976,1.0125137291353834,0.20495928014398979,0.08307905898401585,0.05609445922430879,-0.7979451726653197,-0.011233705814040373,-0.5669258814191825,-0.01876974111218181,0.013298152363057304,0.23531404041311027,0.32490776215434153,False
2026-05-18,0.0,0.0,0.0,0.0,0.03535361326670175,-0.48377412418860055,0.00252069476666672,0.6646467712451665,-0.0013609980007745677,-0.08686555898578037,0.0700345735547652,-0.6896509954539406,0.048584459023562135,-0.7057890746089643,-1.1822868781430351e-05,0.0489274153348212,-0.008033927706671587,-0.29675336472962993,0.17587367334147525,-0.19967524731718278,0.05682997978879923,-0.7505898854174006,-0.01475382128102054,-0.8127317561299753,-0.031583605170758935,-0.4988469898594151,0.2357430010642826,0.33021105006647855,False
2026-05-19,0.0,0.0,0.0,0.0,0.06813329746322536,0.43612776619201993,-0.003249102892022515,-0.7856056469696744,0.007570789513053715,1.323585809412373,0.18963249290064776,0.2104121851061612,0.049208265565984496,-0.6752948207122156,-0.0018122995067487713,-0.15019301136338728,-0.021477640776040936,-1.3540254780363101,0.19047443576534417,-0.05631847631830533,0.057439813087053766,-0.7115374431760706,-0.0215328173459568,-1.2819590390388642,-0.04042059274350911,-0.858559102789411,0.23538518925702068,0.3257832542580864,False
2026-05-20,0.0,0.0,0.0,0.0,0.06699885542743492,0.4053426897502831,0.0021590993635948186,0.574166342687601,-0.010789609998966387,-1.598554724048996,0.29710551736932245,1.019863892311785,0.0402529263837067,-1.0738532915364385,0.0014368033852737438,0.22106607093111974,-0.029859264489419335,-2.0001321831385512,0.19739172390764087,0.013071129241798297,0.05587768842827358,-0.8057105189362186,-0.02040390438003281,-1.2045668254188207,-0.04970842783016569,-1.2378316088204409,0.23313736633524282,0.29828916873948175,False
2026-05-21,0.0,0.0,0.0,0.0,0.021754524576452657,-0.8645163810353325,-0.0,0.039402530469481875,-0.004423583848128502,-0.5897712085711586,0.05406257171521725,-0.809686358216542,0.02999717309669108,-1.532241644639874,0.001079478330167083,0.19205617001336694,-0.021662715102604018,-1.3685362827908614,0.161537852064789,-0.33776238390748536,0.055549742163183605,-0.8248468247412104,-0.025736492835692126,-1.5739920880861562,-0.01616430850780644,0.0868918101313416,0.22818607412290876,0.23751057336605513,False
2026-05-22,0.0,0.0,0.0,0.0,0.015280205899343206,-1.0491413368662743,-0.001442514107020454,-0.32596962025867743,0.000969474628144155,0.2711257150564042,0.10170623561431816,-0.45233973472572003,0.029448767289317626,-1.5563336254647826,0.0025235546632212946,0.36304930173351707,-0.01780176489019795,-1.0749514191049787,0.17335831366268922,-0.2224884478258555,0.05597212830379503,-0.7978790150987706,-0.0285484408694604,-1.7668396247118827,-0.010405297375217561,0.3092816118175544,0.2460976250941711,0.45656361927855227,False
2026-05-26,0.0,0.0,0.0,0.0,0.03853613604845764,-0.3903859545133168,0.0007202181286993792,0.227930767485239,-0.014804711070143917,-2.21739084108231,0.1359998585575479,-0.19426024951913642,0.03197654187677304,-1.4417430908759938,0.00035072596397334177,0.1247233471424067,-0.026856183687337075,-1.7705607297765247,0.20040930891964878,0.041418854120532415,0.05624074193551972,-0.7794199549260743,-0.025353345507417968,-1.5497476009727646,-0.01681087125743986,0.04826059924626266,0.2507614215110578,0.5136352462143453,False
2026-05-27,0.0,0.0,0.0,0.0,0.017910533734413328,-0.9660613636497659,-0.0,0.043202544815779814,-0.0008108342003246838,-0.006547550710371203,0.24836660023552565,0.64952538750356,0.02711483639608383,-1.6555127815294282,-0.0003694921647260374,0.046305157333323986,-0.015525908188553815,-0.9012992681488022,0.18515138964783442,-0.10923294006929637,0.05578316647390677,-0.8064810821801031,-0.025371300360655935,-1.5530151011394957,0.00037731862067550597,0.7325918614534715,0.25057270334749643,0.5113662668559473,False
2026-05-28,0.0,0.0,0.0,0.0,0.03271985164084287,-0.5453372504745361,0.0018017743084881577,0.5122834862516277,-0.0025930606121510693,-0.2808354654557445,0.14506798728956802,-0.12346152201201707,0.033345839434461816,-1.3708238385071763,-0.0039718113522339005,-0.36033116004518323,-0.007888248893405926,-0.3124105441604352,0.1583173340081519,-0.3732482747988988,,,,,,,,,False
2026-05-29,0.0,0.0,0.0,0.0,0.020803884202381738,-0.8881625612779629,0.0014440763330542117,0.4205402651457959,-0.0005626336357224352,0.037899968591563346,0.14774352287607895,-0.11100665271027627,0.030932175858936137,-1.4706788236897617,-0.005055694155858381,-0.4828823822647178,-0.0021231519297967285,0.13340976412575334,0.16450305056436343,-0.3139614641192531,,,,,,,,,False
2026-06-01,0.0,0.0,0.0,0.0,0.02945944731655189,-0.6364763225569652,-0.0036153428062684068,-0.8873359545406015,-0.008084944168994967,-1.1383249196848917,0.24882142077242597,0.6514619061145008,0.06026449708845205,-0.14401312569356267,-0.012965298656628765,-1.4002440312319064,0.026782058383598782,2.3187313933113627,0.2591055791795762,0.6140989917981808,,,,,,,,,False
2026-06-02,0.0,0.0,0.0,0.0,0.0168506836145687,-0.9920029919443107,-0.0,0.03810667538830923,-0.0034744355713606603,-0.41371955759523205,0.047723458055778746,-0.8664152519304621,0.059556165941691885,-0.1658069881337549,-0.009706851950234019,-1.0252043803977184,0.030622162217533815,2.608770514118162,0.23684510682552895,0.39469410956799666,,,,,,,,,False
2026-06-03,0.0,0.0,0.0,0.0,0.049640902232242504,-0.05239498925511799,-0.003602319187507863,-0.8826587890064332,0.006826825094823204,1.2023903573119439,0.12341039616363922,-0.30065835594811874,0.06453404730848238,0.06632302514533023,-0.008993314409252107,-0.9412695414613104,0.02984966669594421,2.542124999067937,0.25845113874489406,0.6049904321105426,,,,,,,,,False
2026-06-04,0.0,0.0,0.0,0.0,0.016890453914113795,-0.9810849289329147,0.0007178915048636769,0.23322000865096842,0.0031720363514581296,0.6379290196265962,0.173602447039613,0.07943447891978175,0.06052332862888343,-0.1048011730000571,-0.006819021207173148,-0.6899834659652195,0.029293931248582525,2.5074916322172895,0.31455615188226244,1.1549581879122468,,,,,,,,,False
2026-06-05,0.0,0.0,0.0,0.0,0.11304063626289804,1.7631039293666677,-0.0064655281677161724,-1.6193218864405987,0.028342576677673075,4.571110710798963,0.4627339863060975,2.2748913870712024,0.07702758584714617,0.6339335307185644,-0.0039719046250144,-0.355720840725885,0.005626515912104724,0.7398864148206679,0.3369556376813114,1.3767452834904765,,,,,,,,,False
2026-06-08,0.0,0.0,0.0,0.0,0.02766702401631979,-0.6644333374641831,-0.00035689609987366033,-0.04146145194393862,-0.0042448403350599335,-0.5333439133602984,0.08580303542420208,-0.578379971869563,0.0568993352005067,-0.2482049741990255,0.0024936235427017728,0.3992536822712115,-0.026365474958175393,-1.654940760433899,0.2723365707817392,0.7420940597719854,,,,,,,,,False
2026-06-09,0.0,0.0,0.0,0.0,0.05390445203858125,0.07845722358944024,0.0007135375409819122,0.2485164324765114,-0.004246931092950268,-0.534870754317693,0.2373999715239844,0.5520268719955076,0.0632778340242259,0.03655927000386863,0.002135008019350071,0.3682811956581264,-0.037966395972609465,-2.5080870884206914,0.29798116099923055,0.9909305893186097,,,,,,,,,False
2026-06-10,0.0,0.0,0.0,0.0,0.00962665712172105,-1.1723438711332392,-0.0014280259854289046,-0.30793851136935224,0.006271089647461518,1.0497815981093659,0.35634751927368913,1.4436277089678755,0.06040604905773819,-0.08740413334891874,0.002851538735810455,0.45831867049872677,-0.027833030883188416,-1.7459618566703843,0.28591578582843175,0.8703648854515325,,,,,,,,,False
2026-06-11,0.0,0.0,0.0,0.0,0.10004560060965832,1.3881695165953825,0.0035650080870224254,0.9891765076771502,-0.020495378985019668,-2.9777667896604068,0.33584101158120316,1.2870876364359347,0.07872384173204806,0.7245118352555234,-0.004671383981531441,-0.4099924479915062,-0.029339814548795345,-1.8491576877243354,0.24785766403448767,0.49389726204655765,,,,,,,,,False
2026-06-12,0.0,0.0,0.0,0.0,0.0347116863183195,-0.4599508911475735,-0.0,0.06220751244362735,-0.0036494141926070403,-0.44658454154323735,0.08705685107362773,-0.584770517312175,0.06722325854059018,0.21644754099441066,-0.012494693366823406,-1.3145574799894548,-0.01904242113730041,-1.1047697669292276,0.19658330501457763,-0.017401750479103185,,,,,,,,,False
2026-06-15,0.0,0.0,0.0,0.0,0.061746052869089824,0.29501032107661623,-0.0007155116232253622,-0.12943258091536222,-0.015845761349494003,-2.2289910735908465,0.2972900581676192,0.9763191562442568,0.06557519947430637,0.13921777118612105,-0.014614883292921932,-1.5575798243492944,-0.017110052518296264,-0.9728276516265847,0.1947705885814434,-0.044537373370297,,,,,,,,,False
2026-06-16,0.0,0.0,0.0,0.0,0.03742737464109368,-0.38907500626058195,0.0014300682574422963,0.4350778408471673,0.005886433996470782,0.9806175340484213,0.1116215885158697,-0.4073835507982933,0.0631248832698813,0.029276229502563467,-0.017072860761761066,-1.8425848143999835,0.021490218154590623,1.790396560103783,0.1759180440312459,-0.2349003751152412,,,,,,,,,False
2026-06-17,0.0,0.0,0.0,0.0,0.09867878005260476,1.344534885936187,-0.0089509487027708,-2.2887100845847668,0.0047643059818545845,0.8146136164077591,0.23430460753233476,0.5015435150190115,0.06304788001930076,0.024651093214477553,-0.021314877052971637,-2.3351672120389266,0.016939211442580225,1.4567282744775,0.2552934119313457,0.5353490665608963,,,,,,,,,False
2026-06-18,0.0,0.0,0.0,0.0,0.03483101232105142,-0.4592002673736314,-0.00425830129826954,-1.0566653361612859,-0.01019798557352473,-1.3745928897991275,0.05314478404498675,-0.8442873598873817,0.04493098759901293,-0.7778471905853688,-0.010611347095178858,-1.0937250984390021,0.006738806206647502,0.7394932407079722,0.25277740841938046,0.5064498959115631,,,,,,,,,False
2026-06-22,0.0,0.0,0.0,0.0,0.020048441176589563,-0.8799193303241425,-0.0021201899260985257,-0.4798792034688164,-0.0017170455736028971,-0.13837421380561726,0.11507250799153518,-0.38416228169637606,0.04066414474256233,-0.9690972995670786,-0.005650782521447906,-0.5123835703445727,0.019320270588143677,1.6186539262532817,0.26669423470002496,0.6405937986742184,,,,,,,,,False
2026-06-23,0.0,0.0,0.0,0.0,0.06151359228530346,0.29148452939291636,-0.0031734890920644965,-0.7596724893157231,0.022754509323392885,3.45102368203387,0.23401614810665566,0.5077128275088215,,,,,,,,,,,,,,,,,False
2026-06-24,0.0,0.0,0.0,0.0,0.03743747552910913,-0.3880968622687046,-0.0028119480337682745,-0.6646264029026102,0.0013354272844603814,0.31918709145211893,0.4358987605312751,2.0148050086418308,,,,,,,,,,,,,,,,,False
2026-06-25,0.0,0.0,0.0,0.0,0.029962150807899504,-0.6000544080219458,0.0017525812550219788,0.5341453093280991,-0.005436099254078138,-0.6681562606386524,0.2208272272058156,0.40294582673248863,,,,,,,,,,,,,,,,,False
2026-06-26,0.0,0.0,0.0,0.0,0.023660329243510223,-0.7773579370275256,0.0007022632754614122,0.2669910092755304,0.0023834788079714433,0.44739606968372303,0.19569135286995754,0.2102871258840205,,,,,,,,,,,,,,,,,False
