Date,r_SPY,r_VNQ
2015-01-05,-1.8224475046808002,0.5458218315881254
2015-01-06,-0.9463654499191865,0.9869816752128783
2015-01-07,1.2383402949859401,1.5215203487660918
2015-01-08,1.7590147000298582,0.3767200377149324
2015-01-09,-0.8045652556616468,0.0470341941365291
2015-01-12,-0.7864390481367148,0.7606455188072542
2015-01-13,-0.28170006051353474,-0.1516655488414526
2015-01-14,-0.6055133684759151,0.8602561407700859
2015-01-15,-0.9203063529932932,0.23122554368521395
2015-01-16,1.302922674366936,0.8624316369129013
2015-01-20,0.2130128075870819,-0.7931619033720633
2015-01-21,0.5035260938034785,-0.06926973354082747
2015-01-22,1.4761444515270918,1.7628675065251005
2015-01-23,-0.5497632809102848,-0.284078393492833
2015-01-26,0.23391521088285885,0.8385653714772062
2015-01-27,-1.3278508023212332,0.03384411082158033
2015-01-28,-1.2907070797054867,-0.6677757311962229
2015-01-29,0.9200781411924313,0.3514397744820535
2015-01-30,-1.2654471551691622,-2.0810346524200662
2015-02-02,1.23079612436486,-0.2661265792700625
2015-02-03,1.435784989968663,0.8651038640849507
2015-02-04,-0.3815209698889795,-0.4142655705775043
2015-02-05,1.0044142583963755,1.1922243380104451
2015-02-06,-0.27688844757942566,-2.94902684068231
2015-02-09,-0.44860039112497213,-0.7067053449196035
2015-02-10,1.059700505589138,0.31864473949802397
2015-02-11,0.05803624435408609,-0.29500631292836293
2015-02-12,0.9570620426465221,1.1864590581581695
2015-02-13,0.41079743691332415,-0.6678504494532767
2015-02-17,0.15713926800994021,-0.24719218461535666
2015-02-18,0.009566943245720176,0.9267447761629274
2015-02-19,-0.07143656296058681,-2.1719552240153246
2015-02-20,0.5982637068482524,0.9619437653075377
2015-02-23,-0.0141924725440077,0.8004592438588479
2015-02-24,0.2836849208213689,-1.9893711951986934
2015-02-25,-0.08503406683095316,0.02388974355868854
2015-02-26,-0.11817210707886976,-1.0940547523458448
2015-02-27,-0.34122119345759433,0.7826984020104741
2015-03-02,0.6293804960908492,0.5740878569808756
2015-03-03,-0.4112973762084198,-0.1909752613335686
2015-03-04,-0.42240851923250844,-0.9604936588175859
2015-03-05,0.10937218867406392,0.28907134346921887
2015-03-06,-1.4164336575086511,-3.376453464494964
2015-03-09,0.41360280795831683,0.7931967592989109
2015-03-10,-1.6355034185250794,-0.07414572819563746
2015-03-11,-0.23444318986888968,0.08647099517427614
2015-03-12,1.263361976751607,1.725349047354887
2015-03-13,-0.6151382700546256,-0.06072445971333925
2015-03-16,1.3272530346401237,1.0265452998081825
2015-03-17,-0.29769694077023795,-0.03603411861767221
2015-03-18,1.1949976573774375,2.0697418795746167
2015-03-19,-0.4572123378254465,-0.04706210872392915
2015-03-20,0.8788026490117123,2.477851434208211
2015-03-23,-0.1950540743156344,-0.12645899927643586
2015-03-24,-0.5634976461830209,-0.8550088696044227
2015-03-25,-1.4762122817586478,-1.7403422798060535
2015-03-26,-0.23843000840150586,-0.5239495394766154
2015-03-27,0.22873895032072805,0.131213137702195
2015-03-30,1.2125653020954708,1.4207953151641861
2015-03-31,-0.8777567581734189,-0.8856163558393967
2015-04-01,-0.35425590109776417,-0.14244255755035864
2015-04-02,0.3590809086061257,0.7573364244257054
2015-04-06,0.6710600112116951,1.0320203917436288
2015-04-07,-0.2649953066080104,-1.7774688679943793
2015-04-08,0.33717631652006114,0.15428822028691608
2015-04-09,0.4413299702189114,-2.097008970843432
2015-04-10,0.5442456353343345,-0.07270592857759019
2015-04-13,-0.4532984539969184,-0.2669478621818891
2015-04-14,0.19112130780738495,0.3517375729088984
2015-04-15,0.44768415947640205,-0.753518382619699
2015-04-16,-0.028500382690025004,0.25587131168820243
2015-04-17,-1.1570301486282943,-0.46347200936872507
2015-04-20,0.9095402995257802,0.14657957819411382
2015-04-21,-0.11922273376881293,0.17076249607181554
2015-04-22,0.49021077594135026,0.20692197209975127
2015-04-23,0.2513264231832614,0.2672036585161966
2015-04-24,0.23178699519336401,0.20594423122015085
2015-04-27,-0.416652070767926,-0.1332053622674263
2015-04-28,0.31737560838515577,-0.19407841116342212
2015-04-29,-0.4123189842879653,-2.0363758011865865
2015-04-30,-1.0070848191978015,-1.6368124807468691
2015-05-01,1.078318210918922,0.752990122195459
2015-05-04,0.28430570318404225,0.09996917529285233
2015-05-05,-1.1518075256122444,-2.197355452045237
2015-05-06,-0.41251094424186324,-0.1916972812779132
2015-05-07,0.3981969167603109,1.523498553279675
2015-05-08,1.3079892028127464,1.3888050684759206
2015-05-11,-0.47838298568626103,-1.514886125756386
2015-05-12,-0.29960859965201775,0.3022801462440919
2015-05-13,0.019059738273674593,-0.9604599177785216
2015-05-14,1.0373538990314253,1.9118196488806238
2015-05-15,0.10832863656919818,1.0162827577521556
2015-05-18,0.31016758961849533,-0.25928595761412654
2015-05-19,-0.032835989779255205,-0.34679071427136327
2015-05-20,-0.07042624447270106,-0.0868546052337042
2015-05-21,0.29079914224581016,-0.4729832929786242
2015-05-22,-0.23915469625914107,-0.12485331951308548
2015-05-26,-1.0809977169930436,-0.7649353360814974
2015-05-27,0.9447262354339434,0.9770622580148763
2015-05-28,-0.11287561881167252,-0.19964643009688252
2015-05-29,-0.6232209609021564,-1.1558026137180146
2015-06-01,0.20347884117374138,1.2182631866335538
2015-06-02,-0.0993573860965986,-0.9280147529590211
2015-06-03,0.264638754352286,-1.446755819028124
2015-06-04,-0.8482682115307576,-0.19191038576304875
2015-06-05,-0.17145620757927285,-1.1204943201057191
2015-06-08,-0.6168863689650976,-0.18154496757743305
2015-06-09,-0.01438686421066296,-0.7292223768193347
2015-06-10,1.1921997672343907,0.7032989568584709
2015-06-11,0.32182059186553325,0.6081616560362021
2015-06-12,-0.768407418650167,-0.09037595532192307
2015-06-15,-0.4295088948941337,-0.5437389494326931
2015-06-16,0.543718015779429,0.8016795402972328
2015-06-17,0.16157111910293456,0.8463587160791612
2015-06-18,1.0345693628561672,1.369747030367273
2015-06-19,-0.4448849561759647,-0.7713791323579803
2015-06-22,0.5109937324658128,-1.0334766787001337
2015-06-23,0.07073993714990534,-0.83717295390084
2015-06-24,-0.7288941374503336,-0.5446710274914435
2015-06-25,-0.30452271816019627,-1.0194996153223894
2015-06-26,-0.01906023313451021,0.7166874378502852
2015-06-29,-2.11934323352564,-1.5668893712351553
2015-06-30,0.20911192343009508,-0.04014576757060608
2015-07-01,0.7983608912948575,1.633343188733265
2015-07-02,-0.09158802613304484,0.2499677541348524
2015-07-06,-0.2850081659799722,0.6286951290005709
2015-07-07,0.6268951820168442,1.5546370840685426
2015-07-08,-1.691966150639201,-0.38638035740240384
2015-07-09,0.18076781107052495,-0.4786464948390542
2015-07-10,1.25123930068142,0.8265110687904296
2015-07-13,1.0977239975673472,0.14133310303760205
2015-07-14,0.4328419976739469,0.20525782011061575
2015-07-15,-0.03324310524334066,0.1664585567429937
2015-07-16,0.7992543674660016,0.8027663339496796
2015-07-17,0.08473696531002045,-0.3559597529923002
2015-07-20,0.05174885251285282,0.11454960532126665
2015-07-21,-0.395904232197426,-0.28029543343030616
2015-07-22,-0.179638981731428,0.4328642063252345
2015-07-23,-0.5645258280289248,-1.2527807602003904
2015-07-24,-1.0426621172045896,0.4236534610499541
2015-07-27,-0.5834259924301323,0.17911880300795807
2015-07-28,1.2207955923379175,0.06397320506014235
2015-07-29,0.6855633998453781,0.6495121212251584
2015-07-30,0.023719519522045516,-0.4963410364680627
2015-07-31,-0.15187101632084274,0.7879429928259334
2015-08-03,-0.33789573808877577,0.6183128515905216
2015-08-04,-0.19560733856325793,-0.7323193089295773
2015-08-05,0.32898919573858176,-0.6611603837265728
2015-08-06,-0.8221412943676412,0.1402130545318052
2015-08-07,-0.19218502257836376,0.3687163748092372
2015-08-10,1.2520573149425456,-0.3177744340539567
2015-08-11,-0.9064090105836697,0.6598870479835052
2015-08-12,0.11975984418445682,0.31573211652180533
2015-08-13,-0.124562670871972,0.11341701066641181
2015-08-14,0.36357449258049795,0.54009160186625
2015-08-17,0.5571816484065101,0.8482236756888467
2015-08-18,-0.2901165338848358,0.27287533989547824
2015-08-19,-0.7936963144628822,-0.5963652440961145
2015-08-20,-2.110278229721816,-0.7379002370003205
2015-08-21,-3.0564472445164723,-1.8753757132288373
2015-08-24,-4.301910281145975,-4.794670195591453
2015-08-25,-1.1837551703502753,-2.7894799910832533
2015-08-26,3.76749940348256,2.668670700938016
2015-08-27,2.443409914141517,1.9162387669779342
2015-08-28,0.005001658518028501,-0.14511574946483144
2015-08-31,-0.8111384248966522,-2.3100085456854007
2015-09-01,-3.0302242303866236,-1.9230067042931092
2015-09-02,1.8803177078064905,1.0275029427408862
2015-09-03,0.0715973958002909,0.27221745585593404
2015-09-04,-1.5252596492139787,-1.8797468553745538
2015-09-08,2.482064991809121,1.4984265768977763
2015-09-09,-1.3462083581042832,-1.1527716561959696
2015-09-10,0.5427161895948505,0.22059636345296638
2015-09-11,0.4533754944400929,1.8962618454915192
2015-09-14,-0.3717125472920243,0.05405479313223996
2015-09-15,1.242150245201041,0.98111905431
2015-09-16,0.8629537714771377,1.0642540484850143
2015-09-17,-0.22503046730491302,1.1315801338376117
2015-09-18,-1.647645926941341,-0.17022191910154955
2015-09-21,0.5154168815291862,0.8482878226792399
2015-09-22,-1.3064575917695704,-1.2685473295853702
2015-09-23,-0.1600217865330757,0.62541141463369
2015-09-24,-0.36221894777834557,-0.9423003958315138
2015-09-25,-0.025911621742654753,0.3992779473755839
2015-09-28,-2.5417531829681534,-1.5662103846023667
2015-09-29,0.058469355106210055,1.060173510701954
2015-09-30,1.848645542320455,0.8375177789543707
2015-10-01,0.26060197349728487,0.488604848416272
2015-10-02,1.4827109299771695,0.7219342422611835
2015-10-05,1.7638439763339544,1.6730742593340713
2015-10-06,-0.34321491054813236,-0.23178988550443488
2015-10-07,0.8157076097448519,1.1408213960491043
2015-10-08,0.8986267475008519,0.837679639040264
2015-10-09,0.05960486106752603,-0.16440600818519369
2015-10-12,0.09436034067963006,0.7064126359257201
2015-10-13,-0.6322415822998718,-0.7824431025930114
2015-10-14,-0.48054752355760194,-0.7503087083751617
2015-10-15,1.523793344719403,1.356603115101778
2015-10-16,0.45364465436848267,0.7527604566806447
2015-10-19,0.04914310934690362,1.3901036432703482
2015-10-20,-0.12789209235436383,-0.037001693244239985
2015-10-21,-0.62230129938033,-0.3705703792176145
2015-10-22,1.6752655536953927,0.8748601694710922
2015-10-23,1.0901897932912683,-0.973917063270192
2015-10-26,-0.24606248670496672,-0.02480118176436172
2015-10-27,-0.19342267281697287,-0.03719889149692647
2015-10-28,1.1310309686010214,0.0867590916728782
2015-10-29,-0.05742186925946967,-0.13636231915665953
2015-10-30,-0.4319322331835885,-0.9219839342954355
2015-11-02,1.1761676452657115,2.105580230258598
2015-11-03,0.2895111429992597,-1.0101033392618193
2015-11-04,-0.3037890166872998,-0.4466826860365666
2015-11-05,-0.099881254649585,0.39717690738290556
2015-11-06,-0.05235571213692338,-3.1584702762932753
2015-11-09,-0.9375285971666416,-1.7279770034181094
2015-11-10,0.23039453109221325,1.1381609659616496
2015-11-11,-0.39391642354322276,0.11566018664984526
2015-11-12,-1.4058171293612478,-0.6831740649906363
2015-11-13,-1.1291596408506501,-1.144645333892145
2015-11-16,1.5092222120537135,1.1446453338921339
2015-11-17,-0.07298739963939704,0.0
2015-11-18,1.5741878674422818,0.8756144423951497
2015-11-19,-0.08628386951761775,0.307258280490304
2015-11-20,0.3637705746413669,1.2447951305247589
2015-11-23,-0.11472242233117745,0.21435422737478438
2015-11-24,0.1337996758527289,-0.5304492704729261
2015-11-25,-0.014314105812271409,0.40441204433498534
2015-11-27,0.1145768400085183,0.8664297678931381
2015-11-30,-0.41601282417277746,-0.7403925417552042
2015-12-01,0.9490332361815818,1.3760181307627275
2015-12-02,-1.0257362150922207,-2.0585583938760332
2015-12-03,-1.4101778825164912,-1.5850776470837067
2015-12-04,1.9315217267882983,1.8890139608072904
2015-12-07,-0.6077105260606261,-0.27855331196845023
2015-12-08,-0.6742105916493318,-0.08879490735299195
2015-12-09,-0.7809891008108698,-0.5599733048040922
2015-12-10,0.25775302197433425,-0.7171866022160228
2015-12-11,-1.9571490158554945,-0.1801444111030514
2015-12-14,0.504000223771668,0.4625009752571791
2015-12-15,1.0443058313646247,1.0835982502189867
2015-12-16,1.4526090619583831,1.9337584652808402
2015-12-17,-1.5355927395831424,-0.4986816469291062
2015-12-18,-1.7975314287834918,-1.1691494825922524
2015-12-21,0.8215206700851556,0.39122992559870384
2015-12-22,0.9033290930218938,0.40222574980171905
2015-12-23,1.230739190811218,1.022600824251916
2015-12-24,-0.16516340593652154,0.0
2015-12-28,-0.2287919209055053,0.5525140525983427
2015-12-29,1.061556793188173,1.0587096536605245
2015-12-30,-0.711336678472342,-0.3475137404360896
2015-12-31,-1.005327927274309,-0.8741192505691652
2016-01-04,-1.4078393772028965,-1.2113924888739402
2016-01-05,0.168997958121639,1.9112866590183404
2016-01-06,-1.2694348962404698,-0.274353029747911
2016-01-07,-2.428416486362406,-1.967551790242873
2016-01-08,-1.1037138456994928,-1.3464551019165156
2016-01-11,0.09899130565897044,0.5664551164055502
2016-01-12,0.8035623067249287,-0.6697548494734985
2016-01-13,-2.5257171957621365,-1.4449171888747085
2016-01-14,1.628355798818727,-0.23623031930867605
2016-01-15,-2.1699610114710235,-0.6857490077287173
2016-01-19,0.1330127276702331,0.5279062335208451
2016-01-20,-1.2897868307257268,-2.721992257012972
2016-01-21,0.5586333945764395,0.5530183348243545
2016-01-22,2.03077657658661,2.7464767376726638
2016-01-25,-1.5231668305597377,-0.6301750052010484
2016-01-26,1.3550524891725004,2.0724262268803035
2016-01-27,-1.0942984534921383,-1.9539659935651081
2016-01-28,0.519591667954245,-0.7658821295579477
2016-01-29,2.4084889145980677,2.0338005026245263
2016-02-01,-0.03616436669331781,0.1686944410619743
2016-02-02,-1.8186151537174844,-0.9118082490952658
2016-02-03,0.5976955372633173,0.6651684986782122
2016-02-04,0.15666213167557966,0.05195041885495707
2016-02-05,-1.9233855597141964,-1.9150510677515324
2016-02-08,-1.355232400393292,-2.9022640197728924
2016-02-09,0.005403433225953533,-1.8576336702657195
2016-02-10,-0.08634382665546958,0.6920075865799907
2016-02-11,-1.3093277692056835,-1.430855029665984
2016-02-12,2.040705868267444,1.140808066376849
2016-02-16,1.6737561784659394,1.82308819481094
2016-02-17,1.6202793670186244,0.8521141518989429
2016-02-18,-0.41043654035424454,1.005060698221546
2016-02-19,-0.04687934923653897,0.5716596298013058
2016-02-22,1.4375761898043227,0.9499720421926882
2016-02-23,-1.2709896369146139,-0.26296206285282214
2016-02-24,0.45649102324633717,-0.11854680656299939
2016-02-25,1.2038891406885819,2.0226309490774064
2016-02-26,-0.23038008097373375,-0.5180754271729819
2016-02-29,-0.7873328579849301,-0.39029382285769143
2016-03-01,2.323469217112685,2.7768816989200458
2016-03-02,0.44825048223165154,0.7201127176526022
2016-03-03,0.39121586737276914,0.5273137497725104
2016-03-04,0.3247986037514937,0.012502795820235878
2016-03-07,0.07982460979068626,0.2625706893897965
2016-03-08,-1.0977947889232655,-1.0292380020393348
2016-03-09,0.49274342545083133,0.5535758685276563
2016-03-10,0.08019956825597037,-0.3645207150300463
2016-03-11,1.6008166443148022,2.216796857536193
2016-03-14,-0.12829329031618203,0.012333313970729171
2016-03-15,-0.16311651196603566,0.049233332383525175
2016-03-16,0.5770811363622527,1.199069219214711
2016-03-17,0.6323929140240749,1.4009883486849521
2016-03-18,0.3921785834298137,-0.43268679679902755
2016-03-21,0.14181110556974186,-0.906690273853074
2016-03-22,-0.05378006995688524,0.0
2016-03-23,-0.6621206564461602,-0.5422388114061297
2016-03-24,-0.04432476065682423,0.03705131691769717
2016-03-28,0.059110044209699335,0.8977631018897796
2016-03-29,0.9207540860450001,2.1438733045198695
2016-03-30,0.43778302261387825,-0.1919216629149193
2016-03-31,-0.24298682319206003,0.6104273993213025
2016-04-01,0.6788703365273238,-0.13133244769564129
2016-04-04,-0.32429830142065663,-0.1434835587686115
2016-04-05,-1.0038081439129563,-0.6603142200135028
2016-04-06,1.086186436913685,0.24061346757108903
2016-04-07,-1.2038205563076319,-0.6268403355743227
2016-04-08,0.2693436667323118,0.5546918295260583
2016-04-11,-0.2349966771908883,-0.20461961184299898
2016-04-12,0.9269756078018844,0.720390312838116
2016-04-13,1.0050447494133847,-0.4436221949468599
2016-04-14,0.004766243392916518,-0.5542701008081193
2016-04-15,-0.11059735702344253,0.7463326548201195
2016-04-18,0.7001840732058225,0.4785927119137246
2016-04-19,0.31493991730730087,0.04772406040730341
2016-04-20,0.09521468087524947,-1.708601340124403
2016-04-21,-0.5392828169631058,-1.8000770250691165
2016-04-22,0.0,1.0814617003131277
2016-04-25,-0.1723934356267563,0.8277816081174598
2016-04-26,0.14848892051219845,0.3871669684092938
2016-04-27,0.20559307813322547,-0.06038133878750991
2016-04-28,-0.9117100464946787,-0.2056369967162917
2016-04-29,-0.5413418549216341,-0.9244595699358383
2016-05-02,0.7916916931681268,1.5400789925330856
2016-05-03,-0.8741494778502076,0.15632326785648346
2016-05-04,-0.5593502211552084,1.4196260331481847
2016-05-05,-0.01950308664868877,0.283885050261249
2016-05-06,0.36521292514315395,1.0925389356597432
2016-05-09,0.08259917049262355,1.0922620851282234
2016-05-10,1.2357292044675363,-0.011576566446590787
2016-05-11,-0.9399012417754893,-2.161413661091524
2016-05-12,0.029079978057526178,0.5770866314844285
2016-05-13,-0.8752570201794855,-0.896482140740926
2016-05-16,0.9816781352161467,0.9434196927855921
2016-05-17,-0.9377083139053097,-1.8719049778576868
2016-05-18,0.029279103967031112,-1.5790049482387947
2016-05-19,-0.34711391666734875,-1.1239959060717943
2016-05-20,0.6297507762167509,0.7954483004114589
2016-05-23,-0.1363610396153992,0.012194867358596654
2016-05-24,1.2879184777865418,1.2354598460279504
2016-05-25,0.6760272827207696,0.0
2016-05-26,0.02865941980515627,0.19245675818190383
2016-05-27,0.42900254134132215,0.5391928370956273
2016-05-31,-0.19044442261496194,-0.01196408971430362
2016-06-01,0.20472681038797091,0.08361021217346552
2016-06-02,0.30388809146441254,0.5121738440607329
2016-06-03,-0.2991647601671427,0.40318891729943585
2016-06-06,0.5075619159876998,-0.772156692099443
2016-06-07,0.15602608252633118,0.606344834638933
2016-06-08,0.32543105223120167,0.6380000919530181
2016-06-09,-0.1366320151032715,0.22350090741123974
2016-06-10,-0.9522821924972091,-0.4711382773038765
2016-06-13,-0.7741647451832645,0.023615732043935373
2016-06-14,-0.19689850351843258,-0.26001317361945564
2016-06-15,-0.13949506817891458,0.942308318216893
2016-06-16,0.29797577101188133,0.561126969715313
2016-06-17,-0.37308665389778445,-0.16336822015754068
2016-06-20,0.6419511200432242,0.14001789242770166
2016-06-21,0.2834541111421841,0.38049677039416385
2016-06-22,-0.16325647635355375,-0.1524908832797094
2016-06-23,1.293835437088689,0.5035013967529234
2016-06-24,-3.6569391674505285,-0.8916080965675397
2016-06-27,-1.8072320389326073,0.0706896207247278
2016-06-28,1.7875553589000366,2.085911496528113
2016-06-29,1.68837664312835,1.2037224980998538
2016-06-30,1.3553387219161854,1.0315259014143028
2016-07-01,0.20984043797094742,0.03381016644447819
2016-07-05,-0.7219293209303738,1.0988278647462162
2016-07-06,0.5979851522392121,-0.43583572917437047
2016-07-07,-0.06199989449002698,-1.035705930928393
2016-07-08,1.4780361478381894,1.6052487751648394
2016-07-11,0.35207021668955607,0.6659416318702982
2016-07-12,0.723737264662483,-0.011075513527880977
2016-07-13,-0.013998879779964377,0.5516105149368101
2016-07-14,0.5568366727505621,-0.8951494108409903
2016-07-15,-0.13429308607157261,0.033305980060251934
2016-07-18,0.268348274153215,0.26593103456609574
2016-07-19,-0.10167744693769096,0.48584211234593927
2016-07-20,0.415432844415535,0.0110205302063815
2016-07-21,-0.37843900300957295,0.19800149585975368
2016-07-22,0.4475171831489854,0.8755302575157307
2016-07-25,-0.27195628369468267,-0.18541822719916073
2016-07-26,0.046172917403498236,-0.49242780752254645
2016-07-27,-0.10620484411308963,-0.7818988002475123
2016-07-28,0.11540389981509087,0.9243979873129856
2016-07-29,0.1613074801646732,1.2626747531067228
2016-08-01,-0.08291080870402398,0.21610355550542337
2016-08-02,-0.6428092736366309,-1.610270863970515
2016-08-03,0.29184106625606293,-0.5830365024691258
2016-08-04,0.10632226889184808,-0.4090939937129462
2016-08-05,0.81459999547158,0.06651054820809374
2016-08-08,-0.05959443766677817,0.17693014235290366
2016-08-09,0.05959443766678289,0.5399989511199234
2016-08-10,-0.24782646031427752,-0.10992424828738426
2016-08-11,0.4629880772618412,-1.1398314729394043
2016-08-12,-0.08692675176582716,0.4220300398432387
2016-08-15,0.28798366387069785,-0.0997995459118322
2016-08-16,-0.5170870547839278,-1.205390660061508
2016-08-17,0.18790677087478766,0.4034385957862885
2016-08-18,0.22413482050911193,-0.3697133598333166
2016-08-19,-0.146304155683714,-0.6418625383400959
2016-08-22,-0.0045621694938960105,0.5407853293476212
2016-08-23,0.20110184347932217,0.05613505445539774
2016-08-24,-0.5127782581861295,-0.4389069716301549
2016-08-25,-0.06887648454667011,0.4501238902142421
2016-08-26,-0.18852672635765935,-0.9929760503390032
2016-08-29,0.4912290435867553,0.9817591317549156
2016-08-30,-0.16498036319368095,-0.19108276208550584
2016-08-31,-0.2848308993566662,0.10120731508570213
2016-09-01,0.004602743383816063,-0.24756687564916252
2016-09-02,0.44979060585943414,0.8638849334697968
2016-09-06,0.30180761761282693,0.7677829797228164
2016-09-07,-0.009153081376551063,0.5968280855595173
2016-09-08,-0.22857641927192868,-1.2307027830688286
2016-09-09,-2.422568135192244,-4.040804232984444
2016-09-12,1.4245234636948076,1.1778134918361391
2016-09-13,-1.4479661151844725,-2.5426855138665894
2016-09-14,-0.03756326588121276,0.31962971239397864
2016-09-15,0.9943584170600022,0.3775133952665345
2016-09-16,-0.3873256430218528,0.04706777142663035
2016-09-19,0.018753033312274226,0.9021376711582384
2016-09-20,0.00468146152981051,-0.15175075340392188
2016-09-21,1.1182647524263576,1.2766960932822027
2016-09-22,0.6281833306320338,1.7718229325960795
2016-09-23,-0.5494339820864226,0.30540468859566194
2016-09-26,-0.8135130357212904,0.2369175761274012
2016-09-27,0.618857116660248,-1.0649372538087905
2016-09-28,0.4951510445954884,0.8167563106984653
2016-09-29,-0.9088451451511785,-1.3420018625690988
2016-09-30,0.7517821645383713,-0.6893357830015381
2016-10-03,-0.24070862144922314,-1.8852943015337427
2016-10-04,-0.5110735430891388,-1.3721610258295747
2016-10-05,0.4415559204574204,-2.045537439547697
2016-10-06,0.06951762263173497,0.03639766812829836
2016-10-07,-0.34352541014404625,-0.17025466868867153
2016-10-10,0.5194810451932275,0.6188973347959055
2016-10-11,-1.2709786994485792,-0.9725334405566136
2016-10-12,0.13108567319069803,1.1417587773595324
2016-10-13,-0.32809535781618243,0.78197990719917
2016-10-14,0.05165575754269994,-0.4443657751283342
2016-10-17,-0.3478287918625014,0.21640520929334398
2016-10-18,0.6242683921359827,0.6345673454488208
2016-10-19,0.266369418364398,0.2145933853784348
2016-10-20,-0.18684288142259428,-0.22654726341327086
2016-10-21,0.04671853489492743,-0.37068549419489655
2016-10-24,0.4244182546068108,0.22735427777797168
2016-10-25,-0.33565336001301904,-0.17950354120334533
2016-10-26,-0.20096931823192415,-1.313790920215142
2016-10-27,-0.26705163268376053,-2.6556966541995446
2016-10-28,-0.2959504088501789,0.23645749854995884
2016-10-31,0.004667167398257081,1.6152669988152246
2016-11-01,-0.7271606087785302,-2.2011939478604643
2016-11-02,-0.6036457859984541,-1.4736717244205795
2016-11-03,-0.45878631273345466,-0.7770245674867027
2016-11-04,-0.11020985970362479,0.7897322484823631
2016-11-07,2.181703344517954,1.735678268907057
2016-11-08,0.4493931428978632,0.5223314810732222
2016-11-09,1.0546245133485281,-1.5248878570596491
2016-11-10,0.24924579676413994,-1.6892130899550835
2016-11-11,-0.2307618257236358,0.600218733324803
2016-11-14,0.07853109492507163,2.3406011234468167
2016-11-15,0.7772383821042416,-0.8367810286126667
2016-11-16,-0.18802593326671485,-0.2889051027106763
2016-11-17,0.5127749742143601,-1.0241130643118694
2016-11-18,-0.22400541329717158,0.2918393138498132
2016-11-21,0.7522705758810423,-0.30455379896470774
2016-11-22,0.1951477340227154,1.738719173826723
2016-11-23,0.05441853400370095,-0.42557716223830455
2016-11-25,0.3708661997207535,0.5753974091352821
2016-11-28,-0.47061314155047607,0.4603801078297904
2016-11-29,0.19483172621066858,0.9513850108004861
2016-11-30,-0.2401968234705577,-1.150200184863879
2016-12-01,-0.36822988403684936,-1.4787363526247865
2016-12-02,0.05007237772839583,0.9924440228347425
2016-12-05,0.5991060199993591,0.7347617200148293
2016-12-06,0.31623604974892233,0.6431541329916307
2016-12-07,1.299586138247751,1.977620159162806
2016-12-08,0.24456440480912725,0.6866177722062977
2016-12-09,0.6022537568900536,-0.10810887257263098
2016-12-12,-0.11487273149201296,0.6587851971764255
2016-12-13,0.6652098327953021,-0.04771454141645914
2016-12-14,-0.8288650054614065,-2.2101141996602105
2016-12-15,0.4108824684815189,-0.5878750428583591
2016-12-16,-0.1957821103730527,1.4874420788256966
2016-12-19,0.217498975594824,1.071324874526083
2016-12-20,0.38499410824605845,0.22726508606970186
2016-12-21,-0.2786331495735066,-1.528768008261822
2016-12-22,-0.17288228843849002,-0.16735329098985463
2016-12-23,0.14631048259641535,0.2601673748515321
2016-12-27,0.24778925303741675,0.21011061985435187
2016-12-28,-0.829901565670507,-0.6068241706736457
2016-12-29,-0.022235872603271062,1.234560412461535
2016-12-30,-0.36620413491166826,1.2558985582433877
2017-01-03,0.762101713105725,0.32661325398667035
2017-01-04,0.5931304440938918,1.4507743853764088
2017-01-05,-0.07947488163601919,0.3208685776608038
2017-01-06,0.35717561661452374,0.011878687795898082
2017-01-09,-0.33066916655652534,-0.9057327033469234
2017-01-10,0.0,-0.8536414244262956
2017-01-11,0.28225246674339544,-0.6176936392792194
2017-01-12,-0.25132935062514944,0.5089805318281858
2017-01-13,0.22928782592241279,-0.14513710487918002
2017-01-17,-0.35296740350193967,0.7716920875958475
2017-01-18,0.2207330464800478,0.16807679061419978
2017-01-19,-0.3711140635735326,-1.0245687658988933
2017-01-20,0.3667336374368695,0.7243116256834535
2017-01-23,-0.2605593205893891,0.8384480744382323
2017-01-24,0.6391388943984517,0.023795845712396173
2017-01-25,0.8618247220465921,-0.6580166939589394
2017-01-26,-0.10462257783201866,-0.19221197805790896
2017-01-27,-0.157112373658248,-0.9789324173431315
2017-01-30,-0.6220828687572568,-0.6824328527088184
2017-01-31,-0.008784612378410273,0.7188708527401587
2017-02-01,0.03954409101131496,-1.2091775707866266
2017-02-02,0.06587467494441289,1.184918032649181
2017-02-03,0.6869305762382808,0.5449296585911886
2017-02-06,-0.1789506073504738,-0.16922920300563685
2017-02-07,0.004384841818699732,-0.351440917448123
2017-02-08,0.13093168328427804,0.7860056405818654
2017-02-09,0.5915485707657157,0.24063396220412428
2017-02-10,0.3937995884680667,0.7064429792706556
2017-02-13,0.5428156100497435,0.035844661559604106
2017-02-14,0.3987495039201252,-0.5262313756132769
2017-02-15,0.5206813182185809,-0.33630415469174013
2017-02-16,-0.08521299925729825,0.5877659630288772
2017-02-17,0.15752911466577696,0.19119470923600348
2017-02-21,0.5937465455637017,1.269249654592407
2017-02-22,-0.08882820223251713,-0.33062529500694504
2017-02-23,0.0676768875172387,0.5190377469163242
2017-02-24,0.12682590301617047,0.4694550526952378
2017-02-27,0.15616362449417698,0.5255254860896442
2017-02-28,-0.2702757804234525,-0.6896047037134604
2017-03-01,1.3900254250298731,-0.30537583507142047
2017-03-02,-0.631730817895079,-0.5426365853990531
2017-03-03,0.06293860453664012,-0.3911642636200644
2017-03-06,-0.29823374807868236,-0.4522418894220114
2017-03-07,-0.2991258429547933,-0.4783271409191261
2017-03-08,-0.18582425538735525,-1.8630716245797312
2017-03-09,0.12673173336957058,-1.513408031840903
2017-03-10,0.3497646206112306,-0.3104285974313506
2017-03-13,0.05053338923868237,0.2484077128642813
2017-03-14,-0.38340660564686685,-0.024816414292550357
2017-03-15,0.8616201573997584,2.0024026281462906
2017-03-16,-0.19691139788764336,-0.19479590640476888
2017-03-17,-0.17576841996231488,0.4620404443641251
2017-03-20,-0.10973272646489646,-0.08497482354302556
2017-03-21,-1.292266452182373,-0.4380147412585821
2017-03-22,0.23504705387256145,-0.05527558500565727
2017-03-23,-0.10677313731371431,0.7346486852463665
2017-03-24,-0.07266759701994929,-0.10986576127976573
2017-03-27,-0.10267155455422451,-0.907848382964527
2017-03-28,0.7250369857149485,0.4304435847602473
2017-03-29,0.09342132314111219,0.562877414995712
2017-03-30,0.31793747184730914,0.18284668831709217
2017-03-31,-0.2330378421274278,0.595067119674377
2017-04-03,-0.17406617735156912,0.29018177679868606
2017-04-04,0.06371024590330891,0.0
2017-04-05,-0.29771483124406195,0.14477572756705587
2017-04-06,0.2807204319563013,0.5290452491192095
2017-04-07,-0.10199716398945997,0.1437846756431782
2017-04-10,0.05951348037774072,0.6207535398259126
2017-04-11,-0.11904742825373528,0.687875036384138
2017-04-12,-0.4391373444003128,-0.17744327097133009
2017-04-13,-0.6516032970427618,-0.2252414788247357
2017-04-17,0.8820660110963394,1.2031201732402
2017-04-18,-0.2988790699456153,0.26933619372786755
2017-04-19,-0.1840070061206137,-0.14041558733522583
2017-04-20,0.810608134666691,0.011739551423414011
2017-04-21,-0.3191854814626636,-0.3636881998655985
2017-04-24,1.0937801082303265,-1.1107168306353477
2017-04-25,0.5801632827603601,0.4150360800767301
2017-04-26,-0.06290484593543107,-0.7482708286743216
2017-04-27,0.08387417094346566,-0.2626178212547747
2017-04-28,-0.218161691273712,-1.0453708438250098
2017-05-01,0.2516754523412373,0.5901481654835073
2017-05-02,0.03771074868829272,-0.16829132474972694
2017-05-03,-0.12153466702856756,-1.344083806806176
2017-05-04,0.11733382150827926,-0.48883130740987135
2017-05-05,0.39293555977637934,0.9389200274456453
2017-05-08,-0.01669518336092655,-0.7064422776260906
2017-05-09,-0.09182926984105158,-0.539197721887235
2017-05-10,0.17941489140722483,0.7833412086687731
2017-05-11,-0.20447120669075552,-0.5010760862835864
2017-05-12,-0.16725673417013975,-0.4052223557459298
2017-05-15,0.5508581257781588,0.294865073028536
2017-05-16,-0.09162120863678073,-0.6769746672626176
2017-05-17,-1.7903315798219026,0.4067371756469303
2017-05-18,0.4020534697576489,0.5519587157328846
2017-05-19,0.648320310478089,0.5367572369894672
2017-05-22,0.5064521803217439,0.388594118022526
2017-05-23,0.2210153076691636,0.08482684774808381
2017-05-24,0.2330272730360447,0.8080605252092502
2017-05-25,0.47680618536200137,0.012016638004958537
2017-05-26,-0.020673369570798537,-0.723251181005888
2017-05-30,-0.08692585830370796,-0.6310941891952266
2017-05-31,-0.02484255614767146,0.06084724121628085
2017-06-01,0.7920756727630796,0.5218423908310077
2017-06-02,0.33229313058371646,1.0235420795574648
2017-06-05,-0.07375236109349168,-0.4322223921061281
2017-06-06,-0.3202019109699673,-0.4824440045056058
2017-06-07,0.18486225678960458,0.6988082728558448
2017-06-08,0.04921921011666384,-0.24043584302343876
2017-06-09,-0.15186541879204757,0.6956365236109192
2017-06-12,-0.020554906634487342,0.8923560723646248
2017-06-13,0.4877877772657779,0.22484170810890652
2017-06-14,-0.12683025783819682,0.1417385154426061
2017-06-15,-0.19263726814944002,0.5061807071530622
2017-06-16,0.0218699311622457,-0.2586590355810824
2017-06-19,0.8290575389612843,0.011752003597534127
2017-06-20,-0.6767071009575654,-0.23571921475579416
2017-06-21,-0.02468367522546711,-0.20071409125385684
2017-06-22,-0.0452896664683416,0.0944861482655829
2017-06-23,0.11935123101356046,0.34642009694192344
2017-06-26,0.06578728523803824,0.7104663221783475
2017-06-27,-0.8089046402715988,-0.90078771132777
2017-06-28,0.8910833253206567,0.23784998306042998
2017-06-29,-0.8827825908677718,-1.1468256917397406
2017-06-30,0.18628767161793344,0.0
2017-07-03,0.1694297354023541,1.2655293030762171
2017-07-05,0.23092119266024036,-1.421863921189952
2017-07-06,-0.9186387732350038,-1.895113459464847
2017-07-07,0.6464123073390716,0.5625505530492755
2017-07-10,0.10731344820014233,-0.9188349182575072
2017-07-11,-0.07426497265619006,-0.1108241280664506
2017-07-12,0.7486480775234284,1.2245947575728304
2017-07-13,0.16787501344147504,0.15812839890326802
2017-07-14,0.4653073494206785,0.9554256089989218
2017-07-17,-0.012173689249419717,0.8032173250560033
2017-07-18,0.05292728917406977,-0.21515690273197843
2017-07-19,0.5399474209940308,0.7510389225224412
2017-07-20,0.044514682605720945,-0.4642893258104009
2017-07-21,-0.08907756185551073,-0.07159269398007545
2017-07-24,-0.024303788105469206,-0.19122484803671852
2017-07-25,0.242800796463485,0.13151759674509872
2017-07-26,0.004041217731985631,0.690554718407326
2017-07-27,-0.09298935144442122,0.11855782449651166
2017-07-28,-0.1173921030606008,-0.2729177134612327
2017-07-31,-0.05669694084178338,0.13063017129349336
2017-08-01,0.2226230959040996,0.44996807225831
2017-08-02,0.04848219984565526,-0.9139131855840852
2017-08-03,-0.1941621704556406,-0.2028798874102881
2017-08-04,0.18205267126772595,0.33396511746265106
2017-08-07,0.18574882077409544,-0.10720030986835714
2017-08-08,-0.2464033083946604,-0.47801287386225494
2017-08-09,-0.004036914109744314,-0.33591562735680724
2017-08-10,-1.4215888301616688,-0.7236824430093912
2017-08-11,0.14756948275236828,-0.6192816808076683
2017-08-14,0.9864057702954389,1.6549512310560552
2017-08-15,-0.012139503725140614,-0.2999556709294486
2017-08-16,0.1742725553826269,0.39577700066236365
2017-08-17,-1.5713624632935452,-0.6243696273779574
2017-08-18,-0.1564343361805982,-1.016827338662687
2017-08-21,0.07825857164303278,1.0650292731312212
2017-08-22,1.0402557717762468,-0.28936598976129635
2017-08-23,-0.3591833291259576,1.0209562142597848
2017-08-24,-0.23332713072823608,-0.31117079478758863
2017-08-25,0.23332713072823566,0.47835518979263614
2017-08-28,0.004102797489112049,-0.7664666459680055
2017-08-29,0.11443814466013136,-0.10825130842080663
2017-08-30,0.47262830576866466,0.5640420226414472
2017-08-31,0.599802016204666,0.5728308505786381
2017-09-01,0.14131264853260433,0.34443823569633664
2017-09-05,-0.7208086531450307,-0.27310530890721957
2017-09-06,0.34078549835351274,0.2612641287696261
2017-09-07,-0.01214308068611166,0.6383761563914684
2017-09-08,-0.11754204992887118,0.08243941050230472
2017-09-11,1.0609623905531003,0.9142336989528198
2017-09-12,0.3364781842158575,-1.1854006420641972
2017-09-13,0.04798802225939532,-0.2600586457436419
2017-09-14,-0.03196611590958966,0.8251634254782909
2017-09-15,0.1345512913904363,0.18764612734861075
2017-09-18,0.21245425321903183,-0.5404740860755914
2017-09-19,0.10003900848871396,-0.6619254447900609
2017-09-20,0.03600460948070969,-0.2731632712429658
2017-09-21,-0.26830387193417893,-0.19042533725417024
2017-09-22,0.02004369448256508,-0.7078894402668449
2017-09-25,-0.20467782880746613,0.5802157342043393
2017-09-26,0.060272078502053364,0.1685709675569096
2017-09-27,0.38865908713881797,-0.9064824832807883
2017-09-28,0.11991270890115034,0.6776143677384262
2017-09-29,0.35088803594098483,0.20481858042949455
2017-10-02,0.4329114452879218,-0.1445214324440262
2017-10-03,0.2137978906040361,-0.14471775122707947
2017-10-04,0.11857403882590914,0.5056304645404814
2017-10-05,0.5907566636177435,0.3596211849687113
2017-10-06,-0.11395681041656981,-0.3236174254652662
2017-10-09,-0.16525396057134822,0.23981546879032078
2017-10-10,0.2634788343954835,0.29896442570181103
2017-10-11,0.1570167877566305,0.3337895486399707
2017-10-12,-0.14914708861937265,0.6405383122411056
2017-10-13,0.12168933412898346,0.25981017126059147
2017-10-16,0.13323423958692138,-0.4965563099437708
2017-10-17,0.07049647287640767,0.11844943103661346
2017-10-18,0.097829395259525,-0.10662844838758259
2017-10-19,0.02736827671373811,-0.29667210105002195
2017-10-20,0.5147297783928377,-0.5721989597224505
2017-10-23,-0.38970906602310784,-0.38328241514680195
2017-10-24,0.17556417836270383,-0.601846184218064
2017-10-25,-0.49627903558208797,-0.2901806846841658
2017-10-26,0.12921241070318784,-0.8267020425028365
2017-10-27,0.814278935573178,0.45067165234696
2017-10-30,-0.3731962081686541,-0.08510342235473745
2017-10-31,0.15564738491930874,-0.012178345770330817
2017-11-01,0.1321425484287035,0.4854458890201232
2017-11-02,0.038822697137291355,0.8438640147432452
2017-11-03,0.33332325311059957,-0.252395040372822
2017-11-06,0.15465131158734802,0.671706578939434
2017-11-07,-0.06957561982562174,0.8096070102547419
2017-11-08,0.16996145431539267,0.4968164829493664
2017-11-09,-0.36344769568874863,0.10615061264144468
2017-11-10,-0.03098446791650022,0.10600671925448761
2017-11-13,0.09294485310582508,0.5050379561014406
2017-11-14,-0.23252769070544643,-0.21110617397555823
2017-11-15,-0.5017937312181049,-1.0147525237095163
2017-11-16,0.8465390736304325,0.8267339856843938
2017-11-17,-0.29431494757178955,-0.43611587143710384
2017-11-20,0.17048812868413293,-0.2957747726106753
2017-11-21,0.6521485244343628,0.7436963713665896
2017-11-22,-0.0885073356932812,-0.22372569067404405
2017-11-24,0.23071260449487413,0.1295603493151818
2017-11-27,-0.04992595224256292,-0.4719536541187673
2017-11-28,1.0093657730872219,-0.37923895657872747
2017-11-29,-0.0608833111477922,0.0356377086103504
2017-11-30,0.8716787670846996,0.15414262700177053
2017-12-01,-0.20775458897980442,0.23675308735413653
2017-12-04,-0.12107095330039241,-0.4977647619253322
2017-12-05,-0.36030776132812187,-0.8351304564378872
2017-12-06,0.018999450595683854,-0.0958686665139934
2017-12-07,0.31479871513287905,0.25148177514866815
2017-12-08,0.5438058613735092,0.5130647468645627
2017-12-11,0.3008843082511002,-0.011895555516515366
2017-12-12,0.176311373430658,0.48677548344297045
2017-12-13,-0.011241437845956104,0.16565838431466107
2017-12-14,-0.409464514049204,-0.023615415764665637
2017-12-15,0.8293005862032065,0.6248514879410549
2017-12-18,0.6321236773151446,0.656059540470509
2017-12-19,-0.3847614779227082,-2.14808427558482
2017-12-20,-0.05245664950214063,-1.163953316479276
2017-12-21,0.20578090626761195,-0.3881190390800422
2017-12-22,-0.026139337330670035,0.6867161327427614
2017-12-26,-0.11972301924483104,0.49978048171614314
2017-12-27,0.0486509143740157,0.32778180284008235
2017-12-28,0.20551901024898037,0.5318888187544304
2017-12-29,-0.3777458214845712,0.03612185270466906
2018-01-02,0.7131775849839552,-0.3742765610910774
2018-01-03,0.6305554627348217,-0.290726200425832
2018-01-04,0.42055087353996745,-1.7377005137471222
2018-01-05,0.6642342981941362,0.04937728067604349
2018-01-08,0.18268739822355928,0.5168853798920632
2018-01-09,0.22605494354916764,-1.2972511677605278
2018-01-10,-0.15308344999531953,-1.1254453236286315
2018-01-11,0.7269518331463042,-0.34008801167748276
2018-01-12,0.6497962062335223,-0.8108480952720925
2018-01-16,-0.3424078609831577,0.1906332663830596
2018-01-17,0.9486456982389686,0.6958892242419104
2018-01-18,-0.16822153007875673,-1.2944388595671228
2018-01-19,0.4539317381496448,0.5350589010220566
2018-01-22,0.809799799865271,0.9105835606644692
2018-01-23,0.21203070224202875,1.3753695909544712
2018-01-24,-0.03884875644241845,-0.5229151450012909
2018-01-25,0.04236747450830465,-0.17490572527187961
2018-01-26,1.1511458006404298,-0.35075162547855115
2018-01-29,-0.6652178253391939,-1.351796324845352
2018-01-30,-1.0309972637790015,-0.727652703778604
2018-01-31,0.04965961002109641,1.7778413157481794
2018-02-01,-0.11358351702397088,-2.1758195150849264
2018-02-02,-2.201035058526663,-0.8525931455492843
2018-02-05,-4.272214442977014,-3.0159741284422164
2018-02-06,1.951047145276106,0.013369854263971213
2018-02-07,-0.5439622455565714,-0.4287244485526814
2018-02-08,-3.8230313089703074,-2.9153571754561787
2018-02-09,1.4909804728082814,2.4713015199010298
2018-02-12,1.4577674002537833,0.0404432109308856
2018-02-13,0.24843201202971024,0.6985297788142428
2018-02-14,1.340595504427237,-0.7254806789459328
2018-02-15,1.2679522195095636,0.9662103222754092
2018-02-16,0.029279985561568425,0.5460341415403628
2018-02-20,-0.6280759517963103,-1.189150042872457
2018-02-21,-0.49867842474533186,-1.9955973074385194
2018-02-22,0.12954164975610283,1.1316625764509414
2018-02-23,1.5813284706121458,1.5871046272115694
2018-02-26,1.1545572748583564,0.2798597304874347
2018-02-27,-1.2564963259065733,-2.356213568355551
2018-02-28,-1.018203304305953,-0.06818584355836603
2018-03-01,-1.4647520325668322,0.09540148189488341
2018-03-02,0.5141917580775435,-0.04085480123581829
2018-03-05,1.1491636265000598,1.1245737263476072
2018-03-06,0.25317253488237945,0.4704970051806384
2018-03-07,-0.03667030964469798,0.6149530808143322
2018-03-08,0.4827460429292104,0.1864178509396582
2018-03-09,1.7252613670348755,0.5439751033738477
2018-03-12,-0.1255486932273624,0.4356583579778882
2018-03-13,-0.6484043901889366,0.0921718076960796
2018-03-14,-0.514461398775777,0.09207314625171341
2018-03-15,-0.10900772711782392,-0.026288116110244005
2018-03-16,0.10836540783640124,0.6946393210984901
2018-03-19,-1.3622806651283073,-0.8657981189767514
2018-03-20,0.16990302625421555,-0.34310889404344197
2018-03-21,-0.192095026474009,-0.7431227537861131
2018-03-22,-2.531465802713139,-0.5877645303041346
2018-03-23,-2.1545070002690085,-1.7979357745766527
2018-03-26,2.6991416758256883,1.131251209555123
2018-03-27,-1.7158090561752395,0.38057212113500644
2018-03-28,-0.29593295403177294,2.478870801911417
2018-03-29,1.2696639776046612,-0.11917468039454335
2018-04-02,-2.1820801203500837,-1.3607829371285647
2018-04-03,1.273553247221061,0.8426518862572128
2018-04-04,1.06421318619455,1.0467483066558119
2018-04-05,0.7861079253512513,-0.03956508024810759
2018-04-06,-2.253785988883211,-0.7544158435249136
2018-04-09,0.49161892036245836,-0.3193728730743828
2018-04-10,1.5775342669263799,-0.10668469175097192
2018-04-11,-0.5255852345833912,0.21324877787674362
2018-04-12,0.819335712827342,-1.1246621667921843
2018-04-13,-0.29375047824395045,0.5237322941419206
2018-04-16,0.8188109655339609,0.6142458572171711
2018-04-17,1.0641706010659415,1.1646370246052071
2018-04-18,0.07399642570078896,-0.21072837869859853
2018-04-19,-0.5563156763325656,-1.461041744294268
2018-04-20,-0.8515268243417388,-0.9275134681836885
2018-04-23,-0.01498784167587828,-0.08104979487005254
2018-04-24,-1.3558970685782155,0.37771821008230155
2018-04-25,0.24686981670858404,-0.18866676227091542
2018-04-26,1.011428294924662,1.3000180827010024
2018-04-27,0.09382897335949694,1.7031388252407718
2018-04-30,-0.7720443226918786,-0.3935103828320013
2018-05-01,0.1775464701181459,0.9027312081550989
2018-05-02,-0.6740206912607198,-0.3653612756347552
2018-05-03,-0.2205955974987684,-0.0653755427948592
2018-05-04,1.2863297739865798,1.092780118128243
2018-05-07,0.3377609469013784,0.6705446990540971
2018-05-08,0.0,-0.502469763896957
2018-05-09,0.9619271699451556,0.6693890900155934
2018-05-10,0.9306872276493149,0.7796200673676048
2018-05-11,0.30470277999025996,-0.3443286405362494
2018-05-14,0.04763536443548502,-0.8595704395086154
2018-05-15,-0.691086955631837,-1.6368513733760186
2018-05-16,0.41961801515581876,-0.3017003089004442
2018-05-17,-0.08451287154148801,-0.5004267589308147
2018-05-18,-0.25030871028439794,0.13192595528489526
2018-05-21,0.7490353535206015,1.1797016998846166
2018-05-22,-0.27840301724647487,0.14324446545786887
2018-05-23,0.2747457614859325,0.996993391237822
2018-05-24,-0.20505173833525037,-0.20638598720418996
2018-05-25,-0.2385742500863411,0.34796748467112315
2018-05-29,-1.156730803737824,0.4749200115329373
2018-05-30,1.3256110306734668,1.348099482499717
2018-05-31,-0.6144639093309223,-0.3416904290949795
2018-06-01,0.9769847802456896,0.44268445209633733
2018-06-04,0.4740231301512147,0.8670003197494667
2018-06-05,0.07272278248856348,-0.2630646331317262
2018-06-06,0.832582583109771,0.23802735229512656
2018-06-07,-0.010818982681321828,0.0
2018-06-08,0.2952032489839099,0.36225694759500265
2018-06-11,0.13288931342075494,-0.14973359316540058
2018-06-12,0.12914716975637883,0.5976067316416661
2018-06-13,-0.3195541861707154,-1.9680567824392572
2018-06-14,0.25143943281692654,0.9450027933964976
2018-06-15,-0.12767209771595006,-0.06274438919992752
2018-06-18,-0.20591033432681682,0.027847844404489994
2018-06-19,-0.38400407090306016,-0.10133408210692253
2018-06-20,0.17048719773042664,1.1091894014458492
2018-06-21,-0.6288943186922978,0.47517985473500357
2018-06-22,0.18216978022505848,0.782828260559761
2018-06-25,-1.370635383660174,-0.2602347787217601
2018-06-26,0.2211563921535855,0.32211029216877224
2018-06-27,-0.831870549559678,-0.3842174280773479
2018-06-28,0.5701478630622562,0.8900905647444683
2018-06-29,0.14383643670431925,0.24585553760377654
2018-07-02,0.21354328807347708,-0.5540321743914128
2018-07-03,-0.35370562130858846,0.7502936693745479
2018-07-05,0.8124975950825193,1.1815810710686905
2018-07-06,0.8422555061116705,0.5313689081667856
2018-07-09,0.8964217440370361,-0.7981128280581014
2018-07-10,0.3591856927391622,0.20616008990845042
2018-07-11,-0.7341442541617299,-0.32768215779815657
2018-07-12,0.9025117137678861,0.3034196456503184
2018-07-13,0.07870410983862781,-0.30341964565032825
2018-07-16,-0.08943569505789642,-0.5363478589932356
2018-07-17,0.403719965014681,-0.6621569302307859
2018-07-18,0.21010080636922873,-0.44392242522235514
2018-07-19,-0.37786873837975066,1.1671824734497964
2018-07-20,-0.11434766341076605,-0.9695923601342323
2018-07-23,0.18581379453028846,-0.2099079736183826
2018-07-24,0.5019083724342962,-0.5080552998879528
2018-07-25,0.8486514319339435,0.7919019820623195
2018-07-26,-0.2362081335902473,0.33219777549963486
2018-07-27,-0.6798986894082413,-1.0744269237127286
2018-07-30,-0.5237368301629058,0.06208029572008826
2018-07-31,0.49170599916063,1.6612804275691955
2018-08-01,-0.1671629095297357,0.7053340359165179
2018-08-02,0.5432729126900107,-0.40071248417231303
2018-08-03,0.4275694414269413,1.077028882495276
2018-08-06,0.3660273399331909,-0.13246179583900838
2018-08-07,0.32968431330045234,-0.1809440047935807
2018-08-08,-0.042041621944758745,-0.5812870755656269
2018-08-09,-0.13669867439385258,0.04856933495919432
2018-08-10,-0.6722678600866767,-0.7676924248428503
2018-08-13,-0.3750305879126012,-0.1959377020612338
2018-08-14,0.6360231498948263,0.48910433396557257
2018-08-15,-0.7495556651662474,0.7654225578005465
2018-08-16,0.8058990011943061,0.8076901114181481
2018-08-17,0.3514163691702114,0.9202449736526177
2018-08-20,0.21377400620885278,0.07136126372275997
2018-08-21,0.23426578203608028,-0.6081632514970586
2018-08-22,-0.05938450886232498,-0.5636726460275306
2018-08-23,-0.13288258882801524,-0.2529131340174348
2018-08-24,0.6000388787597374,0.5890996538027878
2018-08-27,0.7864423798726751,-0.3602586144327169
2018-08-28,0.048299020262444974,1.3384168772731324
2018-08-29,0.5366437270304553,0.02377040510310906
2018-08-30,-0.40567062403516196,-0.6429386866684602
2018-08-31,0.0034225301134143777,0.39339759661281376
2018-09-04,-0.17232595231810002,-1.1969101266902051
2018-09-05,-0.2694961395857635,0.5763195431176626
2018-09-06,-0.3014961316047323,0.28689750969568334
2018-09-07,-0.1945361464688809,-1.092269845306101
2018-09-10,0.17371470286028123,0.4455581771759871
2018-09-11,0.3292044854299416,-0.012031580596211582
2018-09-12,0.024225309049142486,0.04806204674649011
2018-09-13,0.5897141733399561,0.491218048864885
2018-09-14,0.017151210062279126,-0.6354178706814196
2018-09-17,-0.5307906458165663,0.3242255045423036
2018-09-18,0.54114377743539,-0.4807327457656983
2018-09-19,0.10649464741718748,-1.1753993188305878
2018-09-20,0.807107604612599,0.934200782451689
2018-09-21,-0.09138406002968795,-0.036275984857526034
2018-09-24,-0.33273345264732246,-1.812089151337407
2018-09-25,-0.0928909001186139,0.01248748485522768
2018-09-26,-0.29965025919143506,-1.2045322175001227
2018-09-27,0.2790366674861699,0.4785154836700535
2018-09-28,0.010301440768621686,1.3476755914163685
2018-10-01,0.34683868992175954,-0.9339657511229538
2018-10-02,-0.05827663965292837,-0.2254575384007465
2018-10-03,0.054874386445896935,-1.0715351757828664
2018-10-04,-0.7846870772140224,-0.8400337738739626
2018-10-05,-0.5612744891506593,-0.05108813657415098
2018-10-08,0.0,1.4346319776920384
2018-10-09,-0.1460101476423361,0.1385887554521922
2018-10-10,-3.217565008618261,-1.4965626681701363
2018-10-11,-2.2272453080202776,-2.9040352776556237
2018-10-12,1.3792959529327726,-0.2634132958854185
2018-10-15,-0.5632837074424117,0.670400693605838
2018-10-16,2.162990354498663,2.036007192846843
2018-10-17,0.01783100967415054,-0.3858331456555835
2018-10-18,-1.454619981594129,-0.1935319273488366
2018-10-19,-0.05426195179522202,0.8613372380441822
2018-10-22,-0.4498677232456044,-1.4050986925065319
2018-10-23,-0.5104365504568725,0.4404439539756645
2018-10-24,-3.076655749476992,0.9390844339172606
2018-10-25,1.7781060036581902,1.272284641641015
2018-10-26,-1.7743329762182605,-2.4313781280681805
2018-10-29,-0.5556040891605809,1.2614457838390336
2018-10-30,1.470977591091026,1.3593670442933314
2018-10-31,1.0624506554507036,-1.1804423147759004
2018-11-01,1.0585641658657603,0.4712915899229533
2018-11-02,-0.5940743372483165,-0.8294357672859135
2018-11-05,0.5501745882987985,1.4754643795520357
2018-11-06,0.6308021643902731,0.5037883169080565
2018-11-07,2.1182905031255537,1.1863878620754411
2018-11-08,-0.18165397840339814,0.07446023286589576
2018-11-09,-0.9816151977274772,-0.012395701513784921
2018-11-12,-1.886210048254573,0.19831664034858365
2018-11-13,-0.18729036723723283,-0.09909344235975306
2018-11-14,-0.6860220071188778,-0.24816721378077486
2018-11-15,1.0382235816687884,-0.68579853734218
2018-11-16,0.259740226919619,1.070211981814887
2018-11-19,-1.7058963798630293,0.13608593003123154
2018-11-20,-1.867944120199713,-1.031299838077446
2018-11-21,0.3401538064690154,0.08738749385341654
2018-11-23,-0.6701116632915908,-0.19985245310240618
2018-11-26,1.6015601830444326,0.18737772098521333
2018-11-27,0.3358502456650682,0.42341525865698654
2018-11-28,2.276441657402239,0.8907961581998844
2018-11-29,-0.2187660299632401,0.024584752967421172
2018-11-30,0.6076913768909137,0.9437157839830939
2018-12-03,1.315428874034257,0.5352732198416075
2018-12-04,-3.293874030711734,-1.4912931170490533
2018-12-06,-0.15181925541375965,2.4452609115529516
2018-12-07,-2.3510412527420144,-1.3186090804701236
2018-12-10,0.18953956576828357,-0.6474932030050881
2018-12-11,0.02273021365106943,0.049009491582444706
2018-12-12,0.5022559617924925,-1.555606927246267
2018-12-13,-0.033894160474165845,0.5762892675777407
2018-12-14,-1.8637575097233936,-0.28835245213011834
2018-12-17,-1.9813186396577729,-3.8392275265293616
2018-12-18,-0.1097069275207847,1.0253658467615065
2018-12-19,-1.508894683331442,-1.1036655553423866
2018-12-20,-1.6411955554732165,-1.5129154923476442
2018-12-21,-2.070256420302632,-1.40160078271801
2018-12-24,-2.677811937651516,-3.6273292304033506
2018-12-26,4.929005678707461,3.2907007670979787
2018-12-27,0.7647930977879797,-0.013487385208238521
2018-12-28,-0.12909264485553984,0.3232231899158914
2018-12-31,0.8720576364564492,0.2685815289649778
2019-01-02,0.10398374727357435,-2.196425022538759
2019-01-03,-2.415194588252379,0.6966666397474438
2019-01-04,3.2946875587733784,1.1639169215269718
2019-01-07,0.7853926347158258,0.9774637635828741
2019-01-08,0.9351400743901167,2.0442331399325044
2019-01-09,0.46624997178723593,-0.14367049956588576
2019-01-10,0.35213889825819816,1.350485265745475
2019-01-11,0.03861507861984129,0.28334025586568984
2019-01-14,-0.6119637403468506,-0.3349730177893426
2019-01-15,1.1395668314019245,0.9504334501257988
2019-01-16,0.24168785122166653,0.7005865788675847
2019-01-17,0.7558162281179187,0.4812056387047132
2019-01-18,1.3222161483872859,0.34050058454183324
2019-01-22,-1.360246662622242,-0.3026077713725536
2019-01-23,0.20901167853936428,0.012612981686044205
2019-01-24,0.053128832919722,0.34036048137024266
2019-01-25,0.8425705587021363,1.2380246040561715
2019-01-28,-0.7629043960868392,0.9770610122046001
2019-01-29,-0.13279499553501456,0.784610174728841
2019-01-30,1.5706824048312216,0.8027541752031538
2019-01-31,0.8744280864402537,1.036395562889694
2019-02-01,0.04812277632547762,-0.6374917105584873
2019-02-04,0.7010927941053848,0.745346143187644
2019-02-05,0.4183270813029528,0.5731876551198472
2019-02-06,-0.13193698375282656,-0.6570697211037951
2019-02-07,-0.9578406567087531,0.8236423786079694
2019-02-08,0.12206663052290502,0.0
2019-02-11,0.05545161576844547,0.27303293604568346
2019-02-12,1.2777678772158332,-0.6302873839201452
2019-02-13,0.3241134366085683,0.5116648608184872
2019-02-14,-0.22206829730344987,0.3199679246063109
2019-02-15,1.0838297556993672,0.6721338891212943
2019-02-19,0.1729440607840728,-0.02350464103770604
2019-02-20,0.20132762606827243,-0.6249479575856803
2019-02-21,-0.35622789841741215,0.09457435493061933
2019-02-22,0.6181056779142184,0.589154290309914
2019-02-25,0.13602324767124063,-0.7902970998083008
2019-02-26,-0.07158510900755029,-0.3082909190206922
2019-02-27,-0.042943989276797295,-0.500153302446231
2019-02-28,-0.18644646884221402,0.26227997116440566
2019-03-01,0.6224668183538443,-0.3100417784800132
2019-03-04,-0.3644166817213292,0.45284558457974283
2019-03-05,-0.13611827322292386,0.27305341563093366
2019-03-06,-0.6075504355977128,-0.46348792354257734
2019-03-07,-0.8400274903181725,-0.21464926935248907
2019-03-08,-0.20018664220312776,0.1073971690221188
2019-03-11,1.439716683769077,1.4560681056359777
2019-03-12,0.3763665231477652,0.45731592620810707
2019-03-13,0.6597164664497724,0.49014304291698263
2019-03-14,-0.06397533344912557,0.15118983520644794
2019-03-15,0.492875016343001,-0.3143547110469119
2019-03-18,0.36189824665104964,-0.5026214947511759
2019-03-19,0.02480501307933942,-0.30517723957116094
2019-03-20,-0.301436012902947,0.30517723957115117
2019-03-21,1.1230889611112052,1.7656043297933761
2019-03-22,-1.9434206526005768,-0.7279909289887277
2019-03-25,-0.07519457982478035,0.12750234040877306
2019-03-26,0.7426291210601591,0.7960438969288645
2019-03-27,-0.5242709932658592,-0.28770023735436234
2019-03-28,0.37833872462069035,0.9656812333271579
2019-03-29,0.6285662248599824,-0.09200735196881707
2019-04-01,1.1789812745818997,-0.05757339420614465
2019-04-02,0.04892553220572954,0.6998314330794364
2019-04-03,0.15721952248772927,-0.11433962661333208
2019-04-04,0.26502741766545107,-0.16039583773808597
2019-04-05,0.48285176680033687,0.6968957730556358
2019-04-08,0.07619624685853521,-0.5594336914403933
2019-04-09,-0.5137953471572994,-0.5279940001052702
2019-04-10,0.34053587744047137,0.9164733569648243
2019-04-11,-0.027783246199718805,-0.06842957575860961
2019-04-12,0.6743442656963363,0.4781622317212518
2019-04-15,-0.06554313146553753,-0.5124116298090661
2019-04-16,0.06554313146552707,-2.286203583939628
2019-04-17,-0.24501372748969819,-0.9151874028220036
2019-04-18,0.19674816013388408,0.7632230488401298
2019-04-22,0.08617967997250484,-1.105586031007692
2019-04-23,0.8950928046800372,1.3159224792783788
2019-04-24,-0.22215665668558282,0.7326899113588502
2019-04-25,-0.061656740671269056,-0.20876469160981195
2019-04-26,0.46461326826929766,0.7864756058667871
2019-04-29,0.15665979982373487,-0.9840734818576881
2019-04-30,0.05103245166091959,0.9495079968358424
2019-05-01,-0.7544769432874175,0.08061511913230152
2019-05-02,-0.21615413311510145,0.10361149084178707
2019-05-03,0.9740300097254039,0.8476665619248591
2019-05-06,-0.41233177363168716,-0.31988070761293785
2019-05-07,-1.6841067682666557,-1.82454522183319
2019-05-08,-0.1389906981087679,-0.10494132030624684
2019-05-09,-0.30304583909482224,0.256316202245357
2019-05-10,0.5010947006234179,1.064795591308472
2019-05-13,-2.5451628597004206,-0.103637715700435
2019-05-14,0.9003106055436557,0.36812587766463095
2019-05-15,0.5840023206019984,0.6751645941309795
2019-05-16,0.9218942531596658,0.3983493779626465
2019-05-17,-0.6485757768451809,-0.19327253043588988
2019-05-20,-0.6634513046411686,-1.456057484722508
2019-05-21,0.8975331933616684,0.8509811047725435
2019-05-22,-0.30762519547165523,0.2973088622639218
2019-05-23,-1.2293594125257545,0.2280773441328179
2019-05-24,0.2265523318703464,0.3070561427228878
2019-05-28,-0.9344120822642182,-0.9928775407993929
2019-05-29,-0.6733140772052238,-1.339340799627892
2019-05-30,0.2727303540631186,0.41756452090467716
2019-05-31,-1.3566651971435348,0.577122296969018
2019-06-03,-0.2545889168065957,0.24142016411330156
2019-06-04,2.147435248298754,-0.44877728571271125
2019-06-05,0.8624560472366406,2.065930793383104
2019-06-06,0.648173627114269,0.1918665096552806
2019-06-07,0.9957413659284833,0.37137414948551034
2019-06-10,0.4578471242913005,-0.3263280651217455
2019-06-11,-0.024258567605416618,0.27015325497634135
2019-06-12,-0.17668222366648084,0.33662108846732747
2019-06-13,0.4117622776716903,0.4247901353325572
2019-06-14,-0.11051987011855195,0.055737736200186724
2019-06-17,0.03802034983422431,1.0645416600627278
2019-06-18,1.0416436940107572,-0.09931354534929318
2019-06-19,0.22546094665178282,0.5395322226610344
2019-06-20,0.9508892626660397,0.5038977095660795
2019-06-21,-0.14545643782264556,-1.4195328252547363
2019-06-24,-0.1225312825183678,-0.34417896259719405
2019-06-25,-0.9856235254660561,-1.4901502923217633
2019-06-26,-0.09981139446387463,-2.018141674115306
2019-06-27,0.3540053500984726,1.2790760470180327
2019-06-28,0.5132580135277827,0.34380332345983666
2019-07-01,0.9037733258253147,-0.04574738128084055
2019-07-02,0.26005198838334925,1.7249632115953082
2019-07-03,0.7963549125938012,1.1855390014174212
2019-07-05,-0.1138857524439421,-0.3563936831249453
2019-07-08,-0.5509812452466932,0.3563936831249429
2019-07-09,0.12456584052983356,0.33301996024274977
2019-07-10,0.476679756622791,0.5745631965021273
2019-07-11,0.2341508931406313,-1.3086237449900784
2019-07-12,0.44668313192679765,-0.13403840204467865
2019-07-15,0.03329819302303379,-0.07831255375377914
2019-07-16,-0.3230901592326796,-0.23520682022266956
2019-07-17,-0.6828279730359349,-0.33694063715109335
2019-07-18,0.36540337947912804,0.0
2019-07-19,-0.5570243987735152,-1.6448541904671845
2019-07-22,0.24534542593349215,-0.09157452982106846
2019-07-23,0.7124798039194371,1.1270039813492008
2019-07-24,0.46883423469993313,0.07923184238214996
2019-07-25,-0.4788465017018479,-0.5899476689029907
2019-07-26,0.66775571226569,0.4541342359281446
2019-07-29,-0.18228850634439767,0.2714426632077102
2019-07-30,-0.24574052172650265,0.798800596331732
2019-07-31,-1.1000649531659932,-0.39297987208391444
2019-08-01,-0.8746190057997054,0.0
2019-08-02,-0.7557890741181886,0.48258268918899483
2019-08-05,-3.0534633096707817,-1.9901061697895877
2019-08-06,1.3925527119440542,1.1017027563527684
2019-08-07,0.05904477854790891,0.9667111236977912
2019-08-08,1.9429988785771328,1.74112450474599
2019-08-09,-0.6834685027875613,-0.12101101783265884
2019-08-12,-1.2248481639341677,-0.26452354331279226
2019-08-13,1.5432283886036322,0.14336591137862684
2019-08-14,-3.001360457975167,-1.532530857315807
2019-08-15,0.26385773094809944,0.9910739202952761
2019-08-16,1.4647056942520047,1.0251983849589716
2019-08-19,1.1975756145618341,0.7212150949220778
2019-08-20,-0.7692295307513325,-0.7102203582762893
2019-08-21,0.810299944834608,0.41581945078332994
2019-08-22,-0.03080699476883321,0.4576368149615562
2019-08-23,-2.60230087916858,-1.4122990359812375
2019-08-26,1.0997553748131572,0.7688386636713542
2019-08-27,-0.39311874957687065,-0.284873506114695
2019-08-28,0.7016899588148663,0.32862079585802734
2019-08-29,1.2691995190092487,0.7734775654588825
2019-08-30,-0.04441822912298153,0.07593580330412443
2019-09-03,-0.5864865841091199,0.9926759437879484
2019-09-04,1.1286760930522854,0.8339531256888839
2019-09-05,1.27732561051403,-0.7266780382916669
2019-09-06,0.07724003839333952,0.22498713153773744
2019-09-09,0.05031084779819133,-0.48268969767338205
2019-09-10,-0.023506908612264364,-1.0376316434288486
2019-09-11,0.7085749070498646,0.10859927974510165
2019-09-12,0.34581748390248646,0.5303797797130744
2019-09-13,-0.06644328119633455,-1.074527143438485
2019-09-16,-0.3093133846153575,0.8691967060968145
2019-09-17,0.2528533994509582,1.075964990332103
2019-09-18,0.05983022373002476,-0.3430529658618579
2019-09-19,-0.0066734065111270615,0.35376069451544545
2019-09-20,-0.47361497316302725,0.0
2019-09-23,-0.023460091257648454,0.16037317518660166
2019-09-24,-0.78777784323761,-0.22210341558280972
2019-09-25,0.5897400317151624,0.19410539401102958
2019-09-26,-0.20853158202546115,0.8367269918137247
2019-09-27,-0.5401476476566638,-0.557046374254252
2019-09-30,0.46267424855697337,0.1717336515849142
2019-10-01,-1.1965944629767928,-0.9481475706879523
2019-10-02,-1.7822898698053196,-0.42314176837497497
2019-10-03,0.8159488969534612,0.9629643337698874
2019-10-04,1.3441443467683758,0.6011721825369071
2019-10-07,-0.43238271088018004,-0.21428596094561228
2019-10-08,-1.564654865854079,-0.5269652685401326
2019-10-09,0.9451080068831015,0.19387506239321217
2019-10-10,0.6741261959346424,0.16131970136659396
2019-10-11,1.0313306934522268,-0.04298613947141687
2019-10-14,-0.11142388212036461,0.042986139471407954
2019-10-15,0.9851702807864247,0.12885815526981495
2019-10-16,-0.16074472131481926,0.0107140741639277
2019-10-17,0.2944697871536876,0.6524085287118891
2019-10-18,-0.438691185826942,0.7645826680607491
2019-10-21,0.6756421844009244,0.7587708636930393
2019-10-22,-0.3271997282745983,-0.2944167000752891
2019-10-23,0.2905463922260937,0.22085521807583477
2019-10-24,0.16325904431329777,-0.2524428761229296
2019-10-25,0.40867101843500087,-0.8568681504071265
2019-10-28,0.5620503126916335,-0.6073391430886014
2019-10-29,-0.029667819679912125,0.6073391430885898
2019-10-30,0.30625786708473296,0.3605807602881485
2019-10-31,-0.2666879788546173,-0.18009155953171385
2019-11-01,0.9221467084815376,-0.021231157233307665
2019-11-04,0.4009292949968747,-0.7025004679685422
2019-11-05,-0.1106804315260635,-1.712951115042924
2019-11-06,0.022819018833132327,0.21711948387234986
2019-11-07,0.35104875516602585,-1.0025434008940155
2019-11-08,0.24633466122142544,-0.241230477606151
2019-11-11,-0.19116387969541976,0.21932543859374243
2019-11-12,0.21056209835680217,-0.7587150947067812
2019-11-13,0.03237990714996578,0.911939002603776
2019-11-14,0.14544988441545406,0.7735716671605432
2019-11-15,0.7210470043622611,0.5411876406203381
2019-11-18,0.07371033743259878,0.4845531353717887
2019-11-19,-0.02883857629705193,0.1717336515849142
2019-11-20,-0.3725826962094394,-0.05363705904835108
2019-11-21,-0.16102511396337146,-1.4155494456083884
2019-11-22,0.2221683188847275,-0.3706702124722436
2019-11-25,0.772043729056637,0.31623909164481734
2019-11-26,0.22628762634229796,1.3196792977226104
2019-11-27,0.44474784940145395,0.4716615512984984
2019-11-29,-0.3715106716986727,-0.46093251201903057
2019-12-02,-0.8531446549500786,-1.5265761785737761
2019-12-03,-0.6729031523613492,0.641592701246565
2019-12-04,0.6151150021061007,0.41109546477255
2019-12-05,0.17964233968875273,0.053988127406688104
2019-12-06,0.9092946062812342,0.20478416833700808
2019-12-09,-0.31493086705384077,0.19361444677653544
2019-12-10,-0.11158384357146112,-0.5820032931823337
2019-12-11,0.283481435301869,-1.0212893520277466
2019-12-12,0.858205060535162,-1.3634459007000694
2019-12-13,0.05991734252051266,0.022159465427260557
2019-12-16,0.6846328015893721,0.716850803427744
2019-12-17,0.021907489151195312,-0.9495697466603661
2019-12-18,0.006268901540862302,1.2115133243404217
2019-12-19,0.4090431837461902,0.8822976806175948
2019-12-20,0.43747155579967767,0.5475221739879312
2019-12-23,0.15265622719552682,-0.5035992916645821
2019-12-24,0.003097944960787838,0.2630587833964789
2019-12-26,0.5309273725573378,0.4369380162770881
2019-12-27,-0.024768757405686685,0.3155594792224961
2019-12-30,-0.5528770805828975,0.09774026603937659
2019-12-31,0.24267105129057548,0.7138299373927731
2020-01-02,0.9308196075808434,-1.181634728463263
2020-01-03,-0.7600846325567,0.6196369326255422
2020-01-06,0.3807438389190912,0.11915910930771374
2020-01-07,-0.281546745369592,-1.1212290124017135
2020-01-08,0.531523031605808,0.30605273124941873
2020-01-09,0.6757989139992345,-0.05457645108320858
2020-01-10,-0.2882063671834631,0.7614464365041548
2020-01-13,0.6854234757538505,1.1956795658824693
2020-01-14,-0.1526111098197596,-0.37545787118672885
2020-01-15,0.22571586326587453,0.8987480065628394
2020-01-16,0.8284397703953286,0.7957475326248249
2020-01-17,0.3107500344226737,0.09507661189405088
2020-01-21,-0.19603833354574193,0.9456652992864434
2020-01-22,0.01209484781117228,-0.6715707401223187
2020-01-23,0.11460668191117943,0.8387585594749329
2020-01-24,-0.8932663827015325,-0.345157022727819
2020-01-27,-1.615947003035865,-0.4830685503066807
2020-01-28,1.0424545627678437,0.39924084225861495
2020-01-29,-0.08260706006362627,-0.3676689037054512
2020-01-30,0.3239968914708189,0.07363589937097169
2020-01-31,-1.832479756793672,-1.2273991910609157
2020-02-03,0.7401131611763381,0.32951263151741095
2020-02-04,1.5126152707052707,1.024032715124161
2020-02-05,1.1482246087557826,0.06296775198618879
2020-02-06,0.3358820408591963,0.3353320889380332
2020-02-07,-0.534369394879557,-0.020924711355572768
2020-02-10,0.7437541458243797,1.1133831974709765
2020-02-11,0.17316525714140382,0.7525608431161059
2020-02-12,0.6421943000591326,0.5938841484325121
2020-02-13,-0.10671502020199422,0.6005413026006591
2020-02-14,0.16005458418016977,1.0297934072772048
2020-02-18,-0.2580470743746095,-0.11056091091870889
2020-02-19,0.47698417608557414,-1.3565696117124704
2020-02-20,-0.41166169869234104,1.1854894187544067
2020-02-21,-1.0351729516741646,0.29168957073116203
2020-02-24,-3.3727904054922404,-1.375315160598975
2020-02-25,-3.077072975050468,-2.7458050430505314
2020-02-26,-0.3684431353123898,-1.0838179616832293
2020-02-27,-4.59520245162226,-5.468490997524436
2020-02-28,-0.4210163597593843,-2.4432976598700953
2020-03-02,4.239523442455177,4.182474168050958
2020-03-03,-2.9050589312797426,-0.23089763976674474
2020-03-04,4.117336476818382,3.7059357635400163
2020-03-05,-3.3806512014438197,-2.165833179387655
2020-03-06,-1.6669266205576596,-1.738437019978551
2020-03-09,-8.13126326577622,-8.02266466528458
2020-03-10,5.045054875450182,4.138132229062333
2020-03-11,-4.9976902219813155,-6.196911329375945
2020-03-12,-10.056849095281246,-10.680947008853721
2020-03-13,8.202811998485886,8.367689861935453
2020-03-16,-11.588689289014425,-19.513590720129546
2020-03-17,5.258517918553539,5.6197830598788485
2020-03-18,-5.195989216208156,-9.996192024159958
2020-03-19,0.21227783742808243,0.3508909446157903
2020-03-20,-4.405041383786179,-5.111715599418811
2020-03-23,-2.590073646971262,-4.752604552367315
2020-03-24,8.673123261111822,8.614700818220992
2020-03-25,1.4858964979737581,5.2445417913306525
2020-03-26,5.6748792988026455,6.814609973699061
2020-03-27,-3.0238225080039687,0.09997147590303654
2020-03-30,3.1959463221459288,2.160645604873496
2020-03-31,-1.5017399599912544,-2.4465645826755824
2020-04-01,-4.604904337938852,-6.797065135939382
2020-04-02,2.281311203720716,0.3365588660871833
2020-04-03,-1.4559874577064111,-1.4614735058720336
2020-04-06,6.500708790917331,7.14587690273979
2020-04-07,0.1018591591063129,0.9191679802553254
2020-04-08,3.3017787864664347,6.596730825895142
2020-04-09,1.5102565577835207,5.456009291156683
2020-04-13,-0.9172281063670087,-4.298413674192945
2020-04-14,2.9066078693181265,2.765992622587791
2020-04-15,-2.147657966445311,-4.0441598080656265
2020-04-16,0.4812519585354277,-1.1454648656827497
2020-04-17,2.6656856090389422,3.1092002544494886
2020-04-20,-1.777500773998544,-3.7891751595077037
2020-04-21,-3.0833436833920445,-1.8316637525376698
2020-04-22,2.1951588483516433,1.517308261758008
2020-04-23,-0.007160983065666408,-0.838556745763164
2020-04-24,1.3842588864403305,0.4270365392036221
2020-04-27,1.4315348089739148,3.365384322777118
2020-04-28,-0.4609264114855601,0.8206520457020874
2020-04-29,2.584161591135026,1.4916018004437723
2020-04-30,-0.9354207603332655,-1.1625873120760526
2020-05-01,-2.683028487903823,-3.434998696623394
2020-05-04,0.2754559464380057,-0.49077527901614304
2020-05-05,0.9196820006064371,0.49077527901614715
2020-05-06,-0.6801782090213194,-1.8112752438957453
2020-05-07,1.1995030833236977,1.4161282392271743
2020-05-08,1.641027262007214,2.3476475429480574
2020-05-11,0.02050014922570246,-1.464180567224633
2020-05-12,-2.0132189421333124,-4.653305380115525
2020-05-13,-1.7844328796458178,-2.4539929620949614
2020-05-14,1.189626907924678,0.34806085207444093
2020-05-15,0.4586390636178675,-0.39165289113829066
2020-05-18,3.00048598135045,5.747325654308031
2020-05-19,-1.0324213098723334,-1.3540222515032383
2020-05-20,1.6845178679477424,0.8863463414343393
2020-05-21,-0.6927872559273782,0.08265123493851081
2020-05-22,0.18974842607414433,1.3410197065591636
2020-05-26,1.2244991242064205,3.6698030875473715
2020-05-27,1.4769405534492135,1.972006754238256
2020-05-28,-0.18464260064371604,0.47423570057866266
2020-05-29,0.444595571459008,-1.0023612926666303
2020-06-01,0.40333590494498245,2.285452613092436
2020-06-02,0.824617787423016,0.8046402968511372
2020-06-03,1.3220565034077123,3.1553150885506374
2020-06-04,-0.26303805522920637,-0.9998855832204995
2020-06-05,2.5306761605621055,3.7168340149788035
2020-06-08,1.2015292938408326,2.44937041873363
2020-06-09,-0.7484900197285631,-1.673088601586365
2020-06-10,-0.5595616493308644,-2.5753797051894054
2020-06-11,-5.9377458242999985,-6.635132950122423
2020-06-12,1.1904496043450288,3.521533777071468
2020-06-15,0.9292605204873895,1.4039825039754368
2020-06-16,1.906454359611083,1.949799569702496
2020-06-17,-0.41621949959570176,-1.4618498008034377
2020-06-18,0.03848964304441451,-1.1013134383239649
2020-06-19,-0.5731549199954622,-1.4625796305515038
2020-06-22,0.639470595033314,-0.09994243917601196
2020-06-23,0.4593281491528805,-0.4132960364716646
2020-06-24,-2.583973329289809,-2.890266581269486
2020-06-25,1.0663143654860978,1.2691322506969778
2020-06-26,-2.4037704616175097,-1.9380290264227076
2020-06-29,1.4590449655637654,1.9122413469422075
2020-06-30,1.2728260080984863,1.1784716846606
2020-07-01,0.6980359690308622,2.278718438532853
2020-07-02,0.5491808036664388,-0.28670067839656577
2020-07-06,1.5319237167709583,-0.04997287799393329
2020-07-07,-1.0367134150758974,-2.0057661171045074
2020-07-08,0.7619859025911146,-0.14024610610238064
2020-07-09,-0.5709365170469521,-0.6272204302616736
2020-07-10,1.0158466246749724,0.307731505585355
2020-07-13,-0.8696649097439066,-1.197618224957627
2020-07-14,1.2875781514072062,0.8385252783646312
2020-07-15,0.9145416939814653,0.9716327253612835
2020-07-16,-0.3299151243950728,-1.2031198860846202
2020-07-17,0.2895263023460479,1.2921301531670644
2020-07-20,0.8048868702062966,-1.2020491181990627
2020-07-21,0.21254274418283947,0.24410874164492619
2020-07-22,0.5675550580547597,1.5157158600509477
2020-07-23,-1.2003001304225318,-0.41804570639129474
2020-07-24,-0.6461372303254417,-0.7389208413879581
2020-07-27,0.7265988397746415,0.941833768967002
2020-07-28,-0.6362501665393012,1.969322513689489
2020-07-29,1.2223428357369046,1.919131697677238
2020-07-30,-0.357399453795993,-0.6478720813566317
2020-07-31,0.7871059585321866,-0.18417118393863424
2020-08-03,0.6928130612264305,-1.33580491429527
2020-08-04,0.3855015784280388,1.4831619887204284
2020-08-05,0.6191661782662936,-0.5042938244208677
2020-08-06,0.6662345649497726,0.1601495742867684
2020-08-07,0.07177916519479352,1.4179554688555023
2020-08-10,0.29847233379181565,0.15769014065715137
2020-08-11,-0.8289136040305958,-1.4526009453897646
2020-08-12,1.3845835753759717,1.0032032943351523
2020-08-13,-0.18093554617574348,-1.2370826025998056
2020-08-14,0.0029929271246631295,0.012348363517763746
2020-08-17,0.3171248513332979,0.8099888616223359
2020-08-18,0.21582423048003796,-0.47785869374502316
2020-08-19,-0.4172846733693698,-1.7719205729350844
2020-08-20,0.3109062090712768,0.9456280152105524
2020-08-21,0.3541264726987961,0.16086667001564012
2020-08-24,1.0082085813601347,0.6408679351091547
2020-08-25,0.34932394669085987,0.25768051534324254
2020-08-26,0.9975536889154825,-0.9232938972254532
2020-08-27,0.2184010858088874,1.4609828800026399
2020-08-28,0.6438802707400086,0.6559681492179643
2020-08-31,-0.3628871176895652,-1.0222847847682408
2020-09-01,0.9374534913933441,0.07336378377459132
2020-09-02,1.4360307980357858,1.8409265474167404
2020-09-03,-3.502024654731955,-1.207343895190272
2020-09-04,-0.8198386985566991,-0.5236319911871465
2020-09-08,-2.7703205857808015,-1.2285076687721619
2020-09-09,1.955505130850742,0.9840175356341855
2020-09-10,-1.7516266333698733,-1.2315452976816215
2020-09-11,0.050889901363190056,-0.5591937894961827
2020-09-14,1.3085618800561747,2.4130306280555103
2020-09-15,0.5039304040972329,1.1970411811546926
2020-09-16,-0.39765730485614703,0.5274406185610684
2020-09-17,-0.8834266486274082,-1.9680604567993272
2020-09-18,-1.157930483861746,-2.2816527160894067
2020-09-21,-1.1191855799423904,-3.052609341589852
2020-09-22,1.0132612337653364,1.1890797974419876
2020-09-23,-2.3463850399367785,-3.058531646451724
2020-09-24,0.26617784464767125,0.5358389933566402
2020-09-25,1.6037616215106847,2.0412883823514263
2020-09-28,1.6472802509667515,2.025684043771296
2020-09-29,-0.5460674138203039,-0.721467206639391
2020-09-30,0.7553518036918482,0.30439083520725513
2020-10-01,0.6399688674081936,1.9812469736335097
2020-10-02,-0.954035277950899,1.7111555957121696
2020-10-05,1.7577831114556939,0.5720112487303759
2020-10-06,-1.4317929982441413,-0.6574833380254451
2020-10-07,1.7256825892307122,0.14646737795062034
2020-10-08,0.8823347604548745,1.6573356606055645
2020-10-09,0.8890648269263609,-0.39671444705251385
2020-10-12,1.595965494522706,0.46866013981538157
2020-10-13,-0.6547568914715752,-1.7292813533684361
2020-10-14,-0.6303222942222907,-1.2273107200484408
2020-10-15,-0.12366066446605833,0.5172984751974142
2020-10-16,-0.06047052620532926,-0.7150661445299262
2020-10-19,-1.5319815031637691,-1.5713121860079866
2020-10-20,0.39977047304695046,0.7138830729486165
2020-10-21,-0.18946454336110377,-0.2999396745655797
2020-10-22,0.5470024373724901,-0.012517523072502028
2020-10-23,0.3389565908139485,0.5990923765449336
2020-10-26,-1.865308006599553,-1.4413917467090536
2020-10-27,-0.3453300765224358,-1.6163366549599119
2020-10-28,-3.4776580521121403,-2.4153646329423326
2020-10-29,1.0112251316499092,1.3317607537482588
2020-10-30,-1.0479668854674038,-0.6636880439231625
2020-11-02,1.1146095916848178,2.3612687260343024
2020-11-03,1.7501776110349903,1.9072429769478343
2020-11-04,2.210311643652347,0.1749698777307462
2020-11-05,1.9315277150574715,0.4734561647198922
2020-11-06,-0.022872019774722804,-0.6859645109678186
2020-11-09,1.2487523947870294,3.4806516353942585
2020-11-10,-0.1467479586299615,1.4519756139520692
2020-11-11,0.7400878923030535,0.380485566315799
2020-11-12,-0.9748227035090824,-1.314086464571143
2020-11-13,1.3749632928717488,2.634532889597107
2020-11-16,1.24052930858774,1.118113060368097
2020-11-17,-0.5392607705541466,0.09262149451177876
2020-11-18,-1.2107823929784638,-1.9631310951866838
2020-11-19,0.42009606069672173,0.388666715025592
2020-11-20,-0.6871186198037817,-0.5421891770009348
2020-11-23,0.5976484280326713,0.18890614799444874
2020-11-24,1.5985326305425842,0.5294354703654998
2020-11-25,-0.15429365200643638,0.05867440720380453
2020-11-27,0.27810960265160506,-0.44665575027902515
2020-11-30,-0.4436888371930947,-1.0539330902584831
2020-12-01,1.0877902421387042,1.277549149630598
2020-12-02,0.21015876557896968,-0.7906371019634459
2020-12-03,-0.027280413599854232,0.8376056031699154
2020-12-04,0.8580790155988027,1.5157087212987197
2020-12-07,-0.2056976687265398,-0.8716647320315561
2020-12-08,0.29218968375070087,-0.3507603156291839
2020-12-09,-0.900929530041421,-0.6227720197180096
2020-12-10,-0.03270689721933628,-0.43705238201503516
2020-12-11,-0.11734455956197533,-0.09473831053954959
2020-12-14,-0.4487023057582506,-0.43944404310230545
2020-12-15,1.3428552659464768,2.0264505543220115
2020-12-16,0.15682802663449735,0.11657035987473324
2020-12-17,0.5576358957394434,0.9622891219856631
2020-12-18,-0.40007667447567963,-2.028053461877731
2020-12-21,-0.3581952753573203,-0.5667643485411348
2020-12-22,-0.1686845421400364,0.6962163171007998
2020-12-23,0.0898138043490881,-0.6488416722365439
2020-12-24,0.3882962843004411,0.8716873544925442
2020-12-28,0.8553887188696677,0.5943106899410044
2020-12-29,-0.19093374099564778,-0.8569331942405318
2020-12-30,0.14259116058947138,0.5483333527895266
2020-12-31,0.5067640552781199,0.9582943235637973
2021-01-04,-1.3707545849250182,-3.3037031636720253
2021-01-05,0.6863929380556923,0.14593031796058809
2021-01-06,0.5960730774418982,0.16999270577543787
2021-01-07,1.474808096864527,-0.19430904579300412
2021-01-08,0.5681752874188055,0.9677020837125204
2021-01-11,-0.6763848205800074,-1.333011270403542
2021-01-12,0.021119874494887482,0.23153697268063636
2021-01-13,0.2689399269743824,1.2097706152690477
2021-01-14,-0.3508042987839289,0.5874881294820434
2021-01-15,-0.7319401689792892,1.1411003037274743
2021-01-19,0.7821143986117763,-0.2840539201144518
2021-01-20,1.37438117780006,1.8903191052766048
2021-01-21,0.09112448545097931,-0.4780066600442125
2021-01-22,-0.3545426391805764,0.23342220849742654
2021-01-25,0.39357545829262197,0.7550019200648564
2021-01-26,-0.15618860718043218,0.7033658679921405
2021-01-27,-2.474429466675558,-1.7853594385236562
2021-01-28,0.8563548832827388,0.5366597251923508
2021-01-29,-2.022273559086937,-1.1585108082184363
2021-02-01,1.6508495042925921,2.2577278380051498
2021-02-02,1.4041178410189588,0.5965840677064705
2021-02-03,0.07859187071034976,-0.25195321093119666
2021-02-04,1.1301698598550785,0.6857295113778479
2021-02-05,0.3928299467087342,0.3524321632007706
2021-02-08,0.7195891213202107,0.5432987548168433
2021-02-09,-0.06660798826635538,0.3493262282731422
2021-02-10,-0.0435811952404966,0.5384733029494712
2021-02-11,0.16137462610510037,0.21235154726050384
2021-02-12,0.49277862902368824,0.022334766737814964
2021-02-16,-0.08665883479065113,-0.7731596169477791
2021-02-17,0.02295206416767108,-0.12382090763012052
2021-02-18,-0.42652124444514505,-0.4288979168296357
2021-02-19,-0.17675031496543822,0.5751801340088413
2021-02-22,-0.7721405626708198,0.8287944883793018
2021-02-23,0.12136160611492315,0.6226555061380954
2021-02-24,1.095936255425069,0.7618598453565457
2021-02-25,-2.4391098793316637,-1.932515409393535
2021-02-26,-0.5165804845868168,-1.4686357425841048
2021-03-01,2.3950922159519736,0.4428577785392406
2021-03-02,-0.7833904193719968,-0.9677073945021915
2021-03-03,-1.333415810732336,-0.5736607480648455
2021-03-04,-1.2451853939290476,-1.1456835559141592
2021-03-05,1.8229295663243785,1.0881093455176616
2021-03-08,-0.49910834734269577,0.8597597812340776
2021-03-09,1.4176567185368272,0.6598681714403557
2021-03-10,0.6205136865148623,0.992883781923995
2021-03-11,1.0088057889666344,1.1608456679065782
2021-03-12,0.134608064924697,1.6618581128320562
2021-03-15,0.5945649535951613,1.4734708356656845
2021-03-16,-0.1262164469442784,-0.4095206202153719
2021-03-17,0.34043515379101824,0.08636805452222779
2021-03-18,-1.4656798923529473,-1.0194298624231253
2021-03-19,-0.1851816992337675,-1.3719334009223725
2021-03-22,0.7953311150555425,0.7047894974937757
2021-03-23,-0.790205382125987,-0.14275253571572022
2021-03-24,-0.5096622945968539,-0.5620369617780476
2021-03-25,0.5610057937064529,1.0130372467247877
2021-03-26,1.598625517428268,2.133779586923512
2021-03-29,-0.05049600587991296,-0.5833409327889729
2021-03-30,-0.26563492579073117,0.12990906544718583
2021-03-31,0.40448297641431297,-0.6077516926752272
2021-04-01,1.0741160621453667,1.8016373853358543
2021-04-05,1.42512163175112,0.38419191800526853
2021-04-06,-0.05907724414697516,0.25525807105388787
2021-04-07,0.11566857618700108,0.074349748251456
2021-04-08,0.473547160955355,-0.37224375518118463
2021-04-09,0.7243836355999302,-0.11727371527309206
2021-04-12,0.036440588549586074,0.585007872796656
2021-04-13,0.29593083899344447,0.4972382240043108
2021-04-14,-0.3420911609441143,-0.5290680199479781
2021-04-15,1.0685204403087447,1.7353708919729163
2021-04-16,0.3336926290384726,0.21870352857578262
2021-04-19,-0.49253679361617314,0.19745053364842016
2021-04-20,-0.7348258174704028,0.8169014988403454
2021-04-21,0.9417586131008228,0.6569873109172677
2021-04-22,-0.9175114184216815,-0.5437313616269139
2021-04-23,1.078411034414529,0.5846518754699487
2021-04-26,0.20853674847979387,0.2961128275730967
2021-04-27,-0.021534531040081736,-0.010193607487448334
2021-04-28,-0.02875645494212716,-0.2143910372922819
2021-04-29,0.6352668586611825,0.8548200573346941
2021-04-30,-0.659231669571114,0.39438514826667104
2021-05-03,0.21543776032909037,-0.19194373953640861
2021-05-04,-0.6188463549624311,-0.6492847969775528
2021-05-05,0.031276685215632136,-1.6729177560471635
2021-05-06,0.7953635619718381,0.5573314979616534
2021-05-07,0.7251858769695085,1.3087791068196326
2021-05-10,-0.995176286709732,-0.03045958548623607
2021-05-11,-0.8964653919354817,-1.2680599961865147
2021-05-12,-2.1474202721233278,-2.564242937969185
2021-05-13,1.194093997493996,1.290354852400682
2021-05-14,1.5238591387624931,1.1812292084154767
2021-05-17,-0.25477690774400197,0.10293634602474543
2021-05-18,-0.8652959647790266,0.02060874634888385
2021-05-19,-0.26250934694942124,-0.3194470331577798
2021-05-20,1.0700307795335733,1.1187156300909642
2021-05-21,-0.08191690249718343,-0.102123705791139
2021-05-24,1.0142782758916014,1.2387284311961793
2021-05-25,-0.2221180295235671,-0.030293957816785583
2021-05-26,0.19823103361056296,0.44316234894045975
2021-05-27,0.05249086986753317,-0.23139008543951103
2021-05-28,0.17873299170786197,0.6025169400753557
2021-06-01,-0.08812754377715133,1.78612517744346
2021-06-02,0.1571418208845968,1.1635252936978455
2021-06-03,-0.3718319478588056,-0.37006433963978785
2021-06-04,0.9104246509664694,0.0487735953732544
2021-06-07,-0.09706595197111942,1.173085967406262
2021-06-08,0.021335048678907172,0.8255351773916817
2021-06-09,-0.14930928079242822,0.1337275110596215
2021-06-10,0.46374556500150277,0.7134430446446337
2021-06-11,0.1651228540192717,-0.3989025949165913
2021-06-14,0.22364636120498638,0.38941817464466605
2021-06-15,-0.18358016367404495,-1.0769562362807883
2021-06-16,-0.5599157928835935,-0.6537420628841017
2021-06-17,-0.03315931882913124,-0.12544551634058176
2021-06-18,-1.3582072207033928,-1.7142679735849424
2021-06-21,1.4214350041432324,2.042070200528857
2021-06-22,0.5331880193374822,-0.5211422953687561
2021-06-23,-0.12058956093911594,-0.17431640039282775
2021-06-24,0.5898007632985531,-0.21596335486669765
2021-06-25,0.35458604219875905,0.6727538141625601
2021-06-28,0.20138488419814693,-0.2919682239954988
2021-06-29,0.05382001091756938,-0.27324268843794697
2021-06-30,0.08412997430947888,-0.5290871292026911
2021-07-01,0.5521217441435639,0.4313256354276236
2021-07-02,0.7614376634183659,0.30279475644648834
2021-07-06,-0.18230483664542227,0.7287525703174795
2021-07-07,0.3527793735298579,0.3479205910496083
2021-07-08,-0.8181402520999094,-0.2801796674567288
2021-07-09,1.0618228645875718,1.6313599022318912
2021-07-12,0.3575554447858837,0.8529842247976189
2021-07-13,-0.34147907135976163,-1.4065700083322255
2021-07-14,0.14911785548274412,0.6962458815511028
2021-07-15,-0.3421302116858237,0.16147058254980942
2021-07-16,-0.7874688299819728,-0.06645938555363394
2021-07-19,-1.48779052565373,-1.840004549887125
2021-07-20,1.422865777467855,2.3325660691548555
2021-07-21,0.8063868627737727,-0.00945732124678558
2021-07-22,0.2091747817693724,-0.7969529074403462
2021-07-23,1.0235346545314739,0.8253135298720033
2021-07-26,0.24519998055066924,0.0472209894339185
2021-07-27,-0.4568122124942566,0.5649796657935167
2021-07-28,-0.041003233789974614,-0.3480412195117929
2021-07-29,0.4138749889872723,0.018858507712414502
2021-07-30,-0.4868185924154986,0.13180659577831516
2021-08-02,-0.21002554620196356,-0.2166460533027907
2021-08-03,0.8102453056565881,0.12250265309917685
2021-08-04,-0.49309820805346627,-0.3112524724641993
2021-08-05,0.6312925834514199,1.164551886509135
2021-08-06,0.16510019977779522,-0.17754488561783865
2021-08-09,-0.08139267775379189,-0.5346114271839977
2021-08-10,0.12431546482350904,-0.9543011295514505
2021-08-11,0.24817559680384385,0.5869052308113613
2021-08-12,0.29924629716449586,0.21684480207492218
2021-08-13,0.18183439414499888,0.5447553354445394
2021-08-16,0.23519782065561448,-0.12184819207530465
2021-08-17,-0.6577100437865625,-0.10322105531953016
2021-08-18,-1.1005319202220434,-0.9147891236587568
2021-08-19,0.1547193364766653,0.4820083779319262
2021-08-20,0.7925728576085561,0.4984940500722795
2021-08-23,0.8758070112451876,-0.1878103721207809
2021-08-24,0.15860782370180163,-0.44277632594686067
2021-08-25,0.20960411929908715,-0.06608583790821217
2021-08-26,-0.5920321195860204,0.03778723046950806
2021-08-27,0.8901061396786394,1.0427965061860631
2021-08-30,0.4387795946064291,0.9950402090534034
2021-08-31,-0.1482554102592779,0.47079514721062776
2021-09-01,0.05314093699683126,1.589791027055547
2021-09-02,0.30718748744711777,0.5243740142529812
2021-09-03,-0.02428584167138645,0.018030916542492944
2021-09-07,-0.3581941794894259,-1.133327811593462
2021-09-08,-0.12191073702378938,0.5002533534380832
2021-09-09,-0.4289317286709277,-2.0532651646638076
2021-09-10,-0.7915984849584088,-1.4740238386154512
2021-09-13,0.2556103189346742,0.6744081310140503
2021-09-14,-0.54110549761542,-0.17752883746503995
2021-09-15,0.8318032179774562,0.3174644960636458
2021-09-16,-0.15866883674060644,0.08387432734539389
2021-09-17,-0.9788691222423009,-0.8982181169580347
2021-09-20,-1.681480474017844,-0.6127691822437923
2021-09-21,-0.09451098456363438,0.04726563212458671
2021-09-22,0.970753417203483,0.9688289002991799
2021-09-23,1.2076837311343436,-0.1967916124305154
2021-09-24,0.16458771727585303,-1.074967539151905
2021-09-27,-0.28649580480349207,-1.3541834879301207
2021-09-28,-2.035778380162794,-0.6791363072013658
2021-09-29,0.16817457709054445,0.7468154339620735
2021-09-30,-1.229756302932009,-1.6661486920397692
2021-10-01,1.1814052619288253,1.4049171904319915
2021-10-04,-1.2979956952909941,0.01938533836551836
2021-10-05,1.0351281120166094,-0.6901225485367295
2021-10-06,0.4147408111197811,0.9512858811459336
2021-10-07,0.8608490559823773,0.27012827409007006
2021-10-08,-0.18254308335905015,-0.9486897258063356
2021-10-11,-0.7265920367156081,0.25256027766127553
2021-10-12,-0.24647476425531706,1.3013090613150542
2021-10-13,0.3591234065634694,0.7251760079373978
2021-10-14,1.6680669533537622,1.2096136758064888
2021-10-15,0.7587115521213553,-0.07516567485820412
2021-10-18,0.2956254675796076,0.2534815284609211
2021-10-19,0.7685002019343878,0.046859844840144764
2021-10-20,0.3920071949123865,1.562266228865748
2021-10-21,0.2604870043073823,0.1382890974367301
2021-10-22,-0.1036677543404334,0.46882107403025997
2021-10-25,0.5348425380123634,0.320473853934271
2021-10-26,0.08995114339352259,0.2738554487743356
2021-10-27,-0.44398731212464204,-0.8514515859141345
2021-10-28,0.9602653778574336,1.3879203725996283
2021-10-29,0.20270216490188966,-1.1307980893940968
2021-11-01,0.1718819286099704,0.494025970834629
2021-11-02,0.40348312344947795,0.4734067176926511
2021-11-03,0.6086645222384712,0.335493334602986
2021-11-04,0.4701507724770466,-0.9550445052521864
2021-11-05,0.346366520750445,0.510495207349495
2021-11-08,0.08532105497458808,-0.0818845980052681
2021-11-09,-0.33107312278899315,0.1727548965394462
2021-11-10,-0.8077574769883313,-0.4643566200528973
2021-11-11,0.03235944411160378,0.1641383660663046
2021-11-12,0.7518692413113116,-0.07290328359011912
2021-11-15,0.03421807869077095,0.6996534177830112
2021-11-16,0.3950068959763203,-0.6631992835718744
2021-11-17,-0.24322292317033073,0.30944064092864676
2021-11-18,0.3390653597726139,0.018149240183834115
2021-11-19,-0.17898809605256663,-0.592287983630561
2021-11-22,-0.28191092583243543,-0.49472518345906275
2021-11-23,0.1325055970313354,0.8050013191008244
2021-11-24,0.26665019611067764,1.2044302503153332
2021-11-26,-2.2555713212217534,-2.82095735137835
2021-11-29,1.2191811052336872,0.7380397521097622
2021-11-30,-1.9649293292464312,-1.911552445848421
2021-12-01,-1.116925068383963,-1.6626115227959752
2021-12-02,1.5200102449277098,2.9564449508810307
2021-12-03,-0.8739509922857285,-0.3334855078374588
2021-12-06,1.1773922382694562,1.7385316376140252
2021-12-07,2.047355085990179,1.4305165534293638
2021-12-08,0.26446253834872563,0.7165958736879791
2021-12-09,-0.6774589687394517,-1.456452361968027
2021-12-10,0.9369551669316283,0.3074375405556318
2021-12-13,-0.8897824723791319,0.9345910230350021
2021-12-14,-0.6903953400907572,-1.2873258594235688
2021-12-15,1.550436115301994,1.394599299782316
2021-12-16,-0.8857609847082784,-0.03575859769653406
2021-12-17,-1.0699866896744272,-0.125194747192116
2021-12-20,-1.0690230956775406,-0.7816347640628709
2021-12-21,1.7602914745032086,1.1211489273092266
2021-12-22,0.9949180544826794,1.020430089939421
2021-12-23,0.6202698482989795,-0.10600229370173989
2021-12-27,1.4053050299469918,1.6834033064714444
2021-12-28,-0.08174666105130521,0.3677467301650115
2021-12-29,0.1278289616012544,0.670712493771014
2021-12-30,-0.27682646737004246,0.4331173426361881
2021-12-31,-0.2523494464225354,0.2762129196338619
2022-01-03,0.5773363258765293,-0.7874953874429746
2022-01-04,-0.033513399306529544,-0.12171089422404421
2022-01-05,-1.9388856036428388,-2.903622804520963
2022-01-06,-0.09399156771856432,0.08950284761539745
2022-01-07,-0.39611112091908685,-0.664263252287149
2022-01-10,-0.12453328113388373,-0.5780911805556151
2022-01-11,0.9067085696157507,0.1538883445367868
2022-01-12,0.26998789223974595,0.11751926028945288
2022-01-13,-1.3874315446101753,-0.19896726738693346
2022-01-14,0.04088498502286238,-0.9093515141620375
2022-01-18,-1.7868182293669845,-1.056056685484895
2022-01-19,-1.0438124580288815,-1.3570273568375935
2022-01-20,-1.112946330002437,-1.2903491474217699
2022-01-21,-1.982615741073349,-0.24677532714013775
2022-01-24,0.42378269750948255,0.18989107811903735
2022-01-25,-1.2284233458148035,-0.399149916884619
2022-01-26,-0.2511769994202356,-1.5740891770495276
2022-01-27,-0.4950120997216454,-1.6681032409628909
2022-01-28,2.453183946522104,3.185022296150914
2022-01-31,1.7850934211509202,1.2216509841383725
2022-02-01,0.6734190949830725,-0.35833109598078333
2022-02-02,0.9667185114517819,1.2672432861182883
2022-02-03,-2.3785674591032913,-1.0690375636356588
2022-02-04,0.46913120089019794,-0.9948517930712846
2022-02-07,-0.3214394507663574,-0.14293431493150682
2022-02-08,0.819405289536194,-0.4683580262992938
2022-02-09,1.453004202588638,2.2358139913809203
2022-02-10,-1.8128964682387037,-2.389175117693339
2022-02-11,-1.9915722038369343,-0.9157363663794753
2022-02-14,-0.3274701092002011,-0.9144020262740774
2022-02-15,1.5998158779112415,0.8950453689676446
2022-02-16,0.11202166111590472,0.4638071614288663
2022-02-17,-2.159282496994502,-1.0661076191707703
2022-02-18,-0.6496253044343785,-0.6059412631415848
2022-02-22,-1.078938157252452,-0.3633711435745623
2022-02-23,-1.789792951240345,-1.6666904018129172
2022-02-24,1.4936846655825282,1.6666904018129098
2022-02-25,2.18242835582299,2.3818691250668453
2022-02-28,-0.256182800914581,-1.5002920023480417
2022-03-01,-1.534751323450326,-0.5280078062020339
2022-03-02,1.8229062604812312,1.8552252926079844
2022-03-03,-0.49907784823643214,0.8146836585904805
2022-03-04,-0.8157959344304083,0.45713721011832037
2022-03-07,-2.9922297950709433,-1.9962020783743613
2022-03-08,-0.7610723844198469,-0.4858524853226844
2022-03-09,2.64577767141704,1.527312832735825
2022-03-10,-0.4525786224509985,0.24911609052679987
2022-03-11,-1.279665253053346,-0.7974456095453595
2022-03-14,-0.7335204002396885,-0.7843694923748726
2022-03-15,2.175224738495303,0.6685695975860187
2022-03-16,2.193194719433515,1.1808288404811704
2022-03-17,1.2433399011957218,1.5342701439212454
2022-03-18,1.0893047732573247,0.0
2022-03-21,-0.029242233801284212,-0.6127941793861353
2022-03-22,1.1633645318802586,0.2550029556392738
2022-03-23,-1.296223195599034,-1.1282712496579883
2022-03-24,1.4961929425179035,0.6310523730313019
2022-03-25,0.4871721125594014,1.2408457833323396
2022-03-28,0.7087705100675136,1.058087765054574
2022-03-29,1.2295019743947389,2.891845222607382
2022-03-30,-0.6193892865059449,-0.7265434322845106
2022-03-31,-1.5511003135917512,-1.2289218659760703
2022-04-01,0.282992206050098,1.9283045108628798
2022-04-04,0.8530214190274265,-0.4899639780812392
2022-04-05,-1.2711784347280966,-0.4923928572556689
2022-04-06,-1.004975010200888,1.1812783654999128
2022-04-07,0.5026540532102591,-0.9986293440377532
2022-04-08,-0.26776290046151013,0.1640952834107384
2022-04-11,-1.7239958034005471,-1.08067005814859
2022-04-12,-0.3712157320777101,-0.14745526603063366
2022-04-13,1.1388606199057383,0.707561062496545
2022-04-14,-1.2530146689835275,-0.4312956356146728
2022-04-18,0.04111194386373042,-0.40545702851599524
2022-04-19,1.601374998197996,2.155726863562658
2022-04-20,-0.0741819549178115,1.6490755468239668
2022-04-21,-1.5066581319629764,-0.6957301738093417
2022-04-22,-2.78224153620637,-1.7699630175797454
2022-04-25,0.5780721334363793,-0.25542875425767986
2022-04-26,-2.93884550383741,-1.6577985632042638
2022-04-27,0.2807973139921195,-0.6615569367205872
2022-04-28,2.4945597438772764,1.8248886556790296
2022-04-29,-3.7655857365871936,-4.698352464110886
2022-05-02,0.6001326939984206,-2.444482733933905
2022-05-03,0.45734860917666503,1.2345742455358317
2022-05-04,2.9998463447871755,1.1425455221705703
2022-05-05,-3.6189816950990896,-2.703005365246016
2022-05-06,-0.5986768205530013,-1.1940478225910245
2022-05-09,-3.254101589911302,-4.504330317777451
2022-05-10,0.2307752297562108,-1.83879304782218
2022-05-11,-1.6013555093220049,-0.21354865847245302
2022-05-12,-0.10444603089480266,0.7772388836963875
2022-05-13,2.3626572881160266,2.6064904300812244
2022-05-16,-0.40658694910556376,-0.6322806870615361
2022-05-17,2.0361683358750944,1.3529928069344987
2022-05-18,-4.114643288278244,-2.9461276008610198
2022-05-19,-0.6143468843830275,-0.44476219915741183
2022-05-20,0.043621827682943135,0.6347517536459669
2022-05-23,1.853728922923346,1.1532838057822952
2022-05-24,-0.7662925871417933,0.8408118646752388
2022-05-25,0.8795901892837198,0.8440586858545247
2022-05-26,1.9784409256145181,0.12292604101314922
2022-05-27,2.425273393611667,2.6468904426709243
2022-05-31,-0.5626784211776769,-1.233899547850337
2022-06-01,-0.8121345651667851,-0.8311309490818776
2022-06-02,1.8864415680014754,1.3646887428088141
2022-06-03,-1.6547718588881117,-1.3443573501735753
2022-06-06,0.30401150199247146,-0.315950191063696
2022-06-07,0.9546506034360615,1.3687105013065946
2022-06-08,-1.093172251476379,-2.332917909566343
2022-06-09,-2.4070403224724726,-2.399200179965446
2022-06-10,-2.9424111970288394,-2.2419900880206614
2022-06-13,-3.870767673499629,-5.128211550411856
2022-06-14,-0.30180139809174356,-0.7643484960151575
2022-06-15,1.41557153910249,2.3429383919333766
2022-06-16,-3.3656396683242025,-2.6641142412386847
2022-06-17,0.21536493450527694,0.7554190716461452
2022-06-21,2.4861872456414087,1.3815079742398797
2022-06-22,-0.1814710912366195,1.2628096535687305
2022-06-23,0.9755127380853758,1.8820382134224138
2022-06-24,3.1298838710006978,2.105342549867689
2022-06-27,-0.3826981442409182,-0.15045846947455846
2022-06-28,-2.0644481192194912,-1.2227708824965224
2022-06-29,-0.0814825565451997,-0.622504466983729
2022-06-30,-0.8157572974578605,-0.1864249862733216
2022-07-01,1.0520972416499146,1.7840185039406813
2022-07-05,0.18868069846285787,-0.2807078982114458
2022-07-06,0.33719238812001706,-0.1839741717899985
2022-07-07,1.486596196677096,0.27044460967754946
2022-07-08,-0.08228776288573669,-0.5307361745021463
2022-07-11,-1.148965630119363,-0.2174494151315539
2022-07-12,-0.8888260918442775,-0.39261034445876586
2022-07-13,-0.5265367481981478,-0.4818978576570195
2022-07-14,-0.24311332668021474,-0.904401953742769
2022-07-15,1.892459562242315,1.6808898397251673
2022-07-18,-0.8291163985843728,-0.7106536490391809
2022-07-19,2.666069378938295,2.556481679004156
2022-07-20,0.635297047334378,-0.23559451646931606
2022-07-21,1.0131516363844084,0.7902042662763009
2022-07-22,-0.9321267456029813,0.5198040322496721
2022-07-25,0.12142655131688926,0.16916514413454123
2022-07-26,-1.1901739003270744,0.10557014052853383
2022-07-27,2.563501214315947,0.5996393122826323
2022-07-28,1.2464112398653053,3.189633054681877
2022-07-29,1.4473652133526085,0.5370159222051031
2022-08-01,-0.29655867332422836,-0.8117148748213513
2022-08-02,-0.6619358484455694,-1.2919245953365368
2022-08-03,1.553836786807094,0.31941894301474677
2022-08-04,-0.06759307121859973,-0.1544319329576266
2022-08-05,-0.16915565244007721,0.2777895019127379
2022-08-08,-0.11615115719222087,0.8899133963562831
2022-08-09,-0.3978948760282072,0.548368187443478
2022-08-10,2.0786540078972697,1.50773867540127
2022-08-11,0.0,-0.23972789008686624
2022-08-12,1.6787151139200922,1.7053821476127562
2022-08-15,0.41123524129702055,0.4022472935520739
2022-08-16,0.1956704932230497,-0.26472516064526114
2022-08-17,-0.712333196939445,-0.6006439132829949
2022-08-18,0.29023447219653786,-0.6639179388948095
2022-08-19,-1.3529270202864505,-1.0595112898039372
2022-08-22,-2.104214626868167,-2.204564958177631
2022-08-23,-0.2422309568946137,-1.2923502491347885
2022-08-24,0.31960744144230235,0.5706894862862877
2022-08-25,1.4018807712070547,1.4789073532896249
2022-08-26,-3.443527871848099,-2.550323148521613
2022-08-29,-0.6634096409588509,-0.9034753212706904
2022-08-30,-1.103858909350251,-1.3920739556766468
2022-08-31,-0.7638101761592634,-0.47195046571759947
2022-09-01,0.3133028802697158,0.18261059020802012
2022-09-02,-1.0600420678842501,-1.4049749504698257
2022-09-06,-0.37802269858868753,0.8993099321743893
2022-09-07,1.7805370995219763,1.9334886454332672
2022-09-08,0.6515028042035591,0.27469685808173777
2022-09-09,1.541590292319925,1.0808696382949086
2022-09-12,1.069023129383442,0.9659808584760723
2022-09-13,-4.445614174806343,-3.899732497090774
2022-09-14,0.3808466472179648,-1.1458199270657161
2022-09-15,-1.1418238404453451,-1.8655448338643699
2022-09-16,-0.7658088530746759,0.01109238949134928
2022-09-19,0.7724923635070566,-0.14407951861307014
2022-09-20,-1.1544849327027276,-2.4589974872010925
2022-09-21,-1.7597786790048586,-1.592722071428295
2022-09-22,-0.8435200398122872,-1.278652774680906
2022-09-23,-1.689672022369026,-1.3380689863290114
2022-09-26,-0.9942037508806656,-2.844497264303034
2022-09-27,-0.25560781210983496,-1.3406357556333492
2022-09-28,1.9485385676782676,2.053273623609755
2022-09-29,-2.111018028707366,-2.9823303235161776
2022-09-30,-1.5584194728507437,1.1163634002100822
2022-10-03,2.605856700902811,1.7679749510651939
2022-10-04,3.051613095531525,2.001886650088311
2022-10-05,-0.23308535165273864,-1.977368844287468
2022-10-06,-1.0369345528725966,-2.8206053143058534
2022-10-07,-2.8290304190582383,-2.436491800448199
2022-10-10,-0.7664733404398809,-0.9471498391545433
2022-10-11,-0.6353106737252211,1.0117013270140842
2022-10-12,-0.33038608146512205,-1.0508003655826663
2022-10-13,2.604868298519448,1.80928272990635
2022-10-14,-2.305220958293661,-2.516039843344626
2022-10-17,2.5372289412577453,3.7001034651653066
2022-10-18,1.1681143658004858,1.0825861701186388
2022-10-19,-0.7111743036065853,-2.5231167131437755
2022-10-20,-0.8420496187642061,-0.43752835281334457
2022-10-21,2.401071475938624,0.7836131234422379
2022-10-24,1.2162265947195723,-0.012779891783455517
2022-10-25,1.584240965010077,3.8536003940146184
2022-10-26,-0.7562543316680599,-0.06157193357711302
2022-10-27,-0.5354216337716193,0.14772636642825876
2022-10-28,2.3511879645791347,2.1783766673741116
2022-10-31,-0.7249417601968275,-0.10838602804923965
2022-11-01,-0.43856902237585027,-0.03615479736975943
2022-11-02,-2.541639170381891,-2.78713722713767
2022-11-03,-1.0350132788989588,-0.13643572459415892
2022-11-04,1.4290339256037,1.3562035657260754
2022-11-07,0.9520213099157192,0.0
2022-11-08,0.5380926998416122,0.3056660146422921
2022-11-09,-2.0817287092967023,-1.0308078846612276
2022-11-10,5.349754977572045,7.0595228514793575
2022-11-11,0.9631865373234884,-0.011500075310789094
2022-11-14,-0.8543224803383416,-2.4672590454640906
2022-11-15,0.849290717838081,1.0781964832714976
2022-11-16,-0.7657976681930144,-0.9133728917582058
2022-11-17,-0.30645014531870746,-0.684616319946046
2022-11-18,0.4530010914064376,1.2593843384050043
2022-11-21,-0.36426432200900216,0.5249140332513275
2022-11-22,1.3367238176866683,0.5453697712493184
2022-11-23,0.6281819428554795,0.08093190809334222
2022-11-25,-0.022381161767915148,0.633918607008446
2022-11-28,-1.6085791444189979,-2.713439419750692
2022-11-29,-0.17188636515743422,1.6392125638814061
2022-11-30,3.101471116737227,2.261967056580553
2022-12-01,-0.07360785943188361,-0.21592266460561102
2022-12-02,-0.11543326414497716,-0.2962751862727964
2022-12-05,-1.8153186831328476,-1.8427278064612485
2022-12-06,-1.4519715144792993,-0.9459949314318282
2022-12-07,-0.17026519477286628,0.19929175825867335
2022-12-08,0.7803382932310288,0.7002068373452398
2022-12-09,-0.7498155253313294,-0.1862326726918232
2022-12-12,1.4314485693562373,0.7659958581396696
2022-12-13,0.7541164019653679,1.8330265943392865
2022-12-14,-0.6414096414896906,-0.6834371617530305
2022-12-15,-2.4765793758788184,-1.3463338562671026
2022-12-16,-1.187639371566723,-2.6173514022998954
2022-12-19,-0.8515893998527493,-1.2806372711284042
2022-12-20,0.1367435865227489,-0.2532683061336944
2022-12-21,1.4841939849373962,0.8537419187523475
2022-12-22,-1.4368816519495264,-0.42101126865518623
2022-12-23,0.5735413531878927,0.8861935049128803
2022-12-27,-0.3950985000156613,-0.03625911552130825
2022-12-28,-1.2505818531878135,-1.7194592276815135
2022-12-29,1.7840244239236642,2.165808567062355
2022-12-30,-0.26376009545290263,-0.7248192408442965
2023-01-03,-0.42187358849961265,0.09692416775322599
2023-01-04,0.7690610019874914,2.2397529830003275
2023-01-05,-1.1479203959378665,-2.725390109798616
2023-01-06,2.267327021207422,2.6543316847055545
2023-01-09,-0.05672306043717207,0.03555613873879084
2023-01-10,0.6988345707800718,0.22482720808923526
2023-01-11,1.256870413187449,3.5193436060064407
2023-01-12,0.36341927540631497,1.2588791321763333
2023-01-13,0.38719821063300064,-0.6217759521228436
2023-01-17,-0.1833672848223936,0.28309226462084797
2023-01-18,-1.5913786207813405,-1.4695361117025683
2023-01-19,-0.7306594643820441,-0.5523449802876561
2023-01-20,1.845760565755268,1.1815483555934574
2023-01-23,1.1927051593835263,0.4551106057773245
2023-01-24,-0.10737611934712496,0.24943076338548106
2023-01-25,0.03747468991240459,0.04529412673486847
2023-01-26,1.0930428343608003,1.11429577236302
2023-01-27,0.22949967766198914,1.1130905439029786
2023-01-30,-1.2626137927319667,-1.2811425450730194
2023-01-31,1.459632209616094,2.0749839298257786
2023-02-01,1.057183088487179,0.6131088308361222
2023-02-02,1.4451913032496295,2.244865799916985
2023-02-03,-1.068597152069169,-1.8962090779821397
2023-02-06,-0.6130168835980616,-0.7314113888921617
2023-02-07,1.2993851596182298,-0.21935877605559578
2023-02-08,-1.0995069071800196,-0.4732921469225795
2023-02-09,-0.8706892737008247,-1.0982453057407175
2023-02-10,0.23309717973851213,0.3452038153355705
2023-02-13,1.1670673075458255,0.8853349175449298
2023-02-14,-0.04603082202637434,-0.7964565694227407
2023-02-15,0.32422474193311435,0.3990404577951176
2023-02-16,-1.3864694031728375,-0.9782396545902982
2023-02-17,-0.25013949250264705,-0.3917316552782751
2023-02-21,-2.0264940785585313,-2.027828266766137
2023-02-22,-0.1378836368672323,-0.9082148839863016
2023-02-23,0.5305121540553368,0.7478582749498662
2023-02-24,-1.0739805655827055,-1.7693312726946342
2023-02-27,0.3400077197174859,0.15153250652550734
2023-02-28,-0.37027379635173513,-0.13984068110767586
2023-03-01,-0.38432658714878576,-1.2679586903372937
2023-03-02,0.774696213707403,1.1628862021865183
2023-03-03,1.5910984529275591,1.5067560070277275
2023-03-06,0.06922180312767226,-0.3919023465500171
2023-03-07,-1.5447296396221852,-2.3604610562055566
2023-03-08,0.16308542644272145,1.140454898923366
2023-03-09,-1.8622428997538913,-2.3179820226435823
2023-03-10,-1.453448207367356,-3.370389400403098
2023-03-13,-0.14262916513383506,1.3032097171509949
2023-03-14,1.6394986442090462,0.9603249622330392
2023-03-15,-0.6273969142076077,-0.07259107326475828
2023-03-16,1.7392952441037286,-0.21818491822837163
2023-03-17,-1.1761428145936481,-2.2949950403095842
2023-03-20,0.9569520716760122,1.1356633107732517
2023-03-21,1.3045211250179671,-0.44283383679916916
2023-03-22,-1.7193468033938082,-3.8072539605793496
2023-03-23,0.2699690692851988,-0.6295383340277686
2023-03-24,0.6540471359428381,2.5321219213155897
2023-03-27,0.1868177240112812,-0.11430062721736964
2023-03-28,-0.22470417052226102,-0.24169708502045614
2023-03-29,1.4430038347869076,2.19205581398765
2023-03-30,0.5838306877790603,1.2999306821147498
2023-03-31,1.3996228327657079,2.117631766690968
2023-04-03,0.38032102250334865,-0.7979813885276795
2023-04-04,-0.5563500103903587,-0.13362342159596594
2023-04-05,-0.2621749797810353,-0.5362442961811338
2023-04-06,0.3893277667467438,0.6820264099475344
2023-04-10,0.1025830242215791,0.4601474105002458
2023-04-11,0.026869689483886957,0.42196525796042594
2023-04-12,-0.4084373020062633,-0.48237972342028995
2023-04-13,1.3195091029067008,-0.30270457977777554
2023-04-14,-0.24457163719139074,-1.56422649941191
2023-04-17,0.35819883611067166,2.0601518941988433
2023-04-18,0.06520659477812085,-0.22949327122550753
2023-04-19,-0.01690643616276661,0.5908192162525366
2023-04-20,-0.5472019037560175,-0.9906974708868761
2023-04-21,0.07765844713816969,0.012119815950484912
2023-04-24,0.10427835519846097,-0.377060266429399
2023-04-25,-1.600119047823983,-0.9919898164169099
2023-04-26,-0.42447326308635996,-0.9646420721637439
2023-04-27,1.9712325411492475,2.2365459401311765
2023-04-28,0.8499160959479883,1.2198708690204791
2023-05-01,-0.10103112249995388,-0.747059958543799
2023-05-02,-1.1302654145840851,-1.707778379376047
2023-05-03,-0.6887835732586642,-0.3944770751846121
2023-05-04,-0.7108196442641487,0.8241293776132549
2023-05-05,1.8343434284199815,1.6523640562026622
2023-05-08,0.026642319110571452,-0.5800661423983325
2023-05-09,-0.4395091227661081,-0.42509145940443965
2023-05-10,0.46615970858563005,0.9569384123200958
2023-05-11,-0.17455245009680367,-1.1030869385754134
2023-05-12,-0.13111457878260074,-0.012221065225935634
2023-05-15,0.34442791742448275,-0.17081017273328722
2023-05-16,-0.6705334208283781,-2.5352161290147217
2023-05-17,1.206596543437584,1.3436421623971164
2023-05-18,0.9587008259665889,-0.48313007070510056
2023-05-19,-0.14561057545595002,-0.16155631028056736
2023-05-22,0.04061211187445259,0.6075962759853204
2023-05-23,-1.1286385174903073,-0.943994103067245
2023-05-24,-0.7271133162636658,-2.169876522927537
2023-05-25,0.8622476290661228,-0.012742935569959446
2023-05-26,1.2867740377180406,1.1413981980242425
2023-05-30,0.03807670130868325,0.3776072549714691
2023-05-31,-0.5560483702995707,0.5012505575295727
2023-06-01,0.945606166077789,0.012498859535718972
2023-06-02,1.4357703211042623,2.4079853372374034
2023-06-05,-0.1918089362482945,-0.6979023113420794
2023-06-06,0.21750683096298315,0.9537897828761398
2023-06-07,-0.34637966930590136,1.820961993395688
2023-06-08,0.6030403988823777,-0.6233461331364626
2023-06-09,0.17926250691762596,-0.5788665191469714
2023-06-12,0.9031042383890843,0.024165194217738096
2023-06-13,0.6571339621565477,0.6388178832347171
2023-06-14,0.11900710758249355,0.3717799525282267
2023-06-15,1.2321417634857021,0.5253171137949216
2023-06-16,-0.34121284558298454,-0.07145880027278591
2023-06-20,-0.5201623470322938,-1.186726063307967
2023-06-21,-0.5136996171099417,-0.604725626286761
2023-06-22,0.3603378336238828,-1.4418844323522382
2023-06-23,-0.7588837295251142,-1.3880427830031163
2023-06-26,-0.40940417480987823,2.2825192143193966
2023-06-27,1.090366953766956,1.2244763263831082
2023-06-28,0.050426371127053164,0.144476766227047
2023-06-29,0.39335402075982884,1.1108463948789493
2023-06-30,1.1731650313275253,0.5520070226213764
2023-07-03,0.11499607884978585,0.9765593554633331
2023-07-05,-0.1488369266011716,0.22492141546111097
2023-07-06,-0.7861522192020626,-0.7715493093171208
2023-07-07,-0.2527836694477978,-0.22666548284107874
2023-07-10,0.25278366944779007,0.42900967375638255
2023-07-11,0.6348297998181769,1.4169636510427552
2023-07-12,0.8013878269646141,0.5378910225665791
2023-07-13,0.7905468440858355,0.6393521077818763
2023-07-14,-0.06230257782817718,-0.1971672439894846
2023-07-17,0.3466280978184349,-0.6523221238617425
2023-07-18,0.740300466136795,-0.5507743283032526
2023-07-19,0.2221306750322228,1.1217613008767107
2023-07-20,-0.6656557726850724,-0.3258647624780115
2023-07-21,0.0,0.4652277385000471
2023-07-24,0.4457441878739654,0.8204699489615823
2023-07-25,0.2726079370129634,-0.7160947708590677
2023-07-26,0.01537899069889674,0.4510541534591692
2023-07-27,-0.6651942868272145,-2.1932745124404884
2023-07-28,0.9742630628296736,-0.08262078281554774
2023-07-31,0.1902347917791434,0.6471862609216262
2023-08-01,-0.28658513339260816,-0.16434844862708795
2023-08-02,-1.4008435129784609,-0.5773207856076339
2023-08-03,-0.2869920460992279,-1.0930346733266012
2023-08-04,-0.4532996954383221,-0.8156582329053622
2023-08-07,0.8690675871888959,1.2448006526544595
2023-08-08,-0.4358180877084493,-0.6443858310380743
2023-08-09,-0.6707688508654268,-0.01200158805801366
2023-08-10,0.035888148423507606,-0.38387155151348373
2023-08-11,-0.05833187314669574,0.15614985536650267
2023-08-14,0.5504852278700986,-0.6622150950826415
2023-08-15,-1.1717244824460036,-1.129824697487049
2023-08-16,-0.736504841072807,-1.2416356101025174
2023-08-17,-0.7649163937570348,-0.8073036417451641
2023-08-18,0.048110721180220785,0.3112682801526088
2023-08-21,0.6485231121272871,-0.9242124043222542
2023-08-22,-0.2712249572345506,0.2881739974858243
2023-08-23,1.107610815816792,1.5640928324987968
2023-08-24,-1.3955980889092634,-0.3825674363115558
2023-08-25,0.7025101429145452,0.07417897029063576
2023-08-28,0.6321217910934451,0.9345764535294648
2023-08-29,1.4351392749128173,1.2044649347960108
2023-08-30,0.41104490468663035,0.36214106826521697
2023-08-31,-0.14645252120037716,-0.7377453495922605
2023-09-01,0.18634800900080006,0.1698101151728385
2023-09-05,-0.43313797152885497,-1.1701762440163366
2023-09-06,-0.6745097532324998,-0.208658844922174
2023-09-07,-0.30748533313187854,0.6246541060910016
2023-09-08,0.15049582529247965,-0.3914690059194808
2023-09-11,0.655509360705635,0.01222433716723444
2023-09-12,-0.5500878931709678,-0.04903164173908334
2023-09-13,0.11654088745923798,-1.0973351697180154
2023-09-14,0.8585438330990841,1.7938699327631504
2023-09-15,-1.2121536778741608,-0.3782163418993465
2023-09-18,0.058631539874374944,-0.8962902946996374
2023-09-19,-0.20759759240886133,-0.45741204735455276
2023-09-20,-0.9235841940486673,0.08670316829331824
2023-09-21,-1.6666498772130751,-3.463587566281219
2023-09-22,-0.22509479691375534,-0.7590091095690619
2023-09-25,0.41962663420207186,-0.0904223659446578
2023-09-26,-1.480029242326721,-1.839230295959957
2023-09-27,0.039913267522416855,-0.6736776162319683
2023-09-28,0.5780687260504064,0.9549899895874304
2023-09-29,-0.24299755729487288,0.29119268821052346
2023-10-02,-0.03977235883838204,-1.8542759477304507
2023-10-03,-1.3476435367207298,-1.9716316184880862
2023-10-04,0.725555939957226,1.2147662094515685
2023-10-05,-0.037685351641289416,0.5547011499595073
2023-10-06,1.1802823826859727,0.2694881058863225
2023-10-09,0.6381831896792151,1.0839631793524536
2023-10-10,0.5191222818874421,0.47803158654537037
2023-10-11,0.40880872272087315,1.7204409307382433
2023-10-12,-0.6115037053774431,-1.4690656897053358
2023-10-13,-0.4993445515495732,-0.25137524103290454
2023-10-16,1.04664195377695,1.1851705246283066
2023-10-17,-0.004585163473257235,-0.14411007631251732
2023-10-18,-1.341450849393774,-2.1466093172167384
2023-10-19,-0.8825315189117244,-2.399319762307719
2023-10-20,-1.236412452638378,-0.6745179609830021
2023-10-23,-0.1734764658956317,-0.9854999073900153
2023-10-24,0.7511133644157026,1.2751130899717669
2023-10-25,-1.445616382287868,-2.171838900781216
2023-10-26,-1.2046957955725426,1.8960419598775147
2023-10-27,-0.4543071690301571,-1.6149614780848567
2023-10-30,1.1885063006969276,0.6295983933311641
2023-10-31,0.6260301757380712,1.6872176941027373
2023-11-01,1.0608451905673288,0.6152007019398354
2023-11-02,1.898308453487442,3.231942009452731
2023-11-03,0.9081959347680244,2.360429066923016
2023-11-06,0.22978758205574054,-1.4540094752705484
2023-11-07,0.2841916849461943,-0.8272788470134707
2023-11-08,0.07322791798963328,0.32909721583854495
2023-11-09,-0.7829448257297691,-1.5896247149857958
2023-11-10,1.5484390987360568,0.9303436564914449
2023-11-13,-0.09536872635992709,-0.8369278324572259
2023-11-14,1.921490561593442,5.401104665368334
2023-11-15,0.21148107978554995,0.2902648106409665
2023-11-16,0.12224224418173057,-0.214442374726018
2023-11-17,0.12430704381268395,-0.07582243591493967
2023-11-20,0.7668066175206607,0.7303802468138131
2023-11-21,-0.2181747038093474,-0.7051068185125012
2023-11-22,0.38535500806615414,0.4915859583668825
2023-11-24,0.06150124868590847,0.2887917290557658
2023-11-27,-0.180259780908647,0.3629265728455828
2023-11-28,0.09896024014654549,0.6598928112669031
2023-11-29,-0.0703810575383013,0.6925602268318491
2023-11-30,0.39297591307216945,0.7245128429260856
2023-12-01,0.5898477969725474,2.4295423729170085
2023-12-04,-0.5263125169463481,0.7258189011138757
2023-12-05,-0.01971209930415111,-0.6661163757987195
2023-12-06,-0.40378319884770636,-0.29880912522118835
2023-12-07,0.7601309748285907,0.2868895933225385
2023-12-08,0.4290047106470722,-0.16726482842888366
2023-12-11,0.38819118975394407,0.2746303006117611
2023-12-12,0.4556664691338646,-0.05963548890622206
2023-12-13,1.3696094295395929,3.7581134066254553
2023-12-14,0.32042103818616463,2.8432812235684586
2023-12-15,-0.16477235414183083,-1.417210899752354
2023-12-18,0.5609236563705154,-0.22680558671983828
2023-12-19,0.6062453400020813,0.7577934916034874
2023-12-20,-1.3954224363458656,-1.2243636683322794
2023-12-21,0.9437285571828454,0.8829021765862675
2023-12-22,0.20077231427065734,0.388400124622242
2023-12-26,0.42135859713370905,0.7383439108276596
2023-12-27,0.18063713058118713,0.48547380695376974
2023-12-28,0.037772325440974655,0.7070259963223235
2023-12-29,-0.289917915885732,-1.1924998032760818
2024-01-02,-0.5612103667722635,0.8564463524474301
2024-01-03,-0.8200123443312514,-2.419059891060037
2024-01-04,-0.32263586339371747,-0.18409843989586974
2024-01-05,0.1368768628259512,-0.25369844588304785
2024-01-08,1.4175082081209407,1.4215501704917464
2024-01-09,-0.15182134774876094,-0.6738637883679361
2024-01-10,0.5639425933127311,0.11453556902622193
2024-01-11,-0.04407563666352606,-0.9315111592702507
2024-01-12,0.06924077851572202,0.5990035890827482
2024-01-16,-0.36779699294733453,-0.7377647625026904
2024-01-17,-0.5574179966838936,-1.8449678548154806
2024-01-18,0.885349159103606,-0.5436311754795875
2024-01-19,1.238923300228497,1.18972889813615
2024-01-22,0.21120515449752475,0.5954078549932728
2024-01-23,0.2912198782875831,-0.6891431791092699
2024-01-24,0.10925727766769924,-1.4402136258499354
2024-01-25,0.5424211798726332,1.27600666242291
2024-01-26,-0.12712830118460008,-0.2821489216026824
2024-01-29,0.7888223351800455,0.6571198878947876
2024-01-30,-0.07738463943895246,-0.940096653971368
2024-01-31,-1.6451829678429348,-0.9608964804654319
2024-02-01,1.3003275798320293,1.7957008034775508
2024-02-02,1.0472395565185466,-1.2488581600862507
2024-02-05,-0.36478725134733125,-2.120735900005271
2024-02-06,0.2899035987699255,1.335208762298539
2024-02-07,0.8305867332646566,-0.14349659763745112
2024-02-08,0.044158806002859485,0.8103886972930472
2024-02-09,0.5762699342815101,0.1541793606099802
2024-02-12,-0.04390500819153809,0.02370565154917333
2024-02-13,-1.3868690259843302,-2.0831520167729103
2024-02-14,0.9046626180279157,0.7832658108023176
2024-02-15,0.6876042541322205,2.30196760369321
2024-02-16,-0.4992486150744238,-1.0376370449307972
2024-02-20,-0.5520569936345642,-0.17793843471983667
2024-02-21,0.09053543246796712,0.5565222352574845
2024-02-22,2.0484172391615334,0.1887459622023316
2024-02-23,0.06896252748418609,-0.04716538301609767
2024-02-26,-0.36693382130973273,-1.1026404305233641
2024-02-27,0.18560848401234628,0.11916796685787522
2024-02-28,-0.13226448309235944,1.0070481138609524
2024-02-29,0.35886365625693395,0.8451888940850447
2024-03-01,0.9344418515572815,1.1852316045265703
2024-03-04,-0.10730313826752401,0.9312969876962405
2024-03-05,-1.004437262290183,-1.2205012698564972
2024-03-06,0.5054421001380554,0.4968993196276493
2024-03-07,0.9877530052305764,-0.02305380066040933
2024-03-08,-0.6020281656443549,1.146418489091212
2024-03-11,-0.08601678032188753,-0.4799016907017787
2024-03-12,1.0699978984007812,-0.21785660122500158
2024-03-13,-0.15688575315213887,-0.5063179616924539
2024-03-14,-0.1978742929736523,-1.5111347914942497
2024-03-15,-0.6890406019165997,-0.22278669493961922
2024-03-18,0.5925682972603025,0.04694527041246049
2024-03-19,0.5541870553222403,-0.03520933137422954
2024-03-20,0.9206761857187795,0.6551212036029341
2024-03-21,0.3299139832891767,0.7203407134551995
2024-03-22,-0.18975900004806712,-1.2666278184821784
2024-03-25,-0.2766574806774521,-0.6167521398292994
2024-03-26,-0.18487449849113716,-0.4053400047306869
2024-03-27,0.8368665421766129,2.547605380823865
2024-03-28,-0.01910443585771194,0.7078630868910338
2024-04-01,-0.17413982843298115,-1.6909172054766226
2024-04-02,-0.6378380787617903,-1.266357477390957
2024-04-03,0.10977607868513842,0.10714621988335432
2024-04-04,-1.2281067728891177,-0.6445468051175615
2024-04-05,1.0392751184680242,0.5135856511701975
2024-04-08,0.055910745123326853,1.0664861002364048
2024-04-09,0.11561042728221724,1.3231137812606037
2024-04-10,-1.0063546537600154,-4.229144906357103
2024-04-11,0.7518471236756564,0.33919389557269575
2024-04-12,-1.3899132095850069,-1.1922516439160056
2024-04-15,-1.2607238758677846,-1.7157642678340899
2024-04-16,-0.18254759153138084,-1.4168799650554285
2024-04-17,-0.5935947233307919,-0.7350917853128653
2024-04-18,-0.20597217603028614,0.012726044276599019
2024-04-19,-0.8766751091695554,0.48216345756279266
2024-04-22,0.9167061910419926,0.8821609991062466
2024-04-23,1.17966910164524,0.9117807582333887
2024-04-24,-0.04747200241270341,0.18632712374548083
2024-04-25,-0.3806143360049749,-0.5725020560515082
2024-04-26,0.9429413284679328,0.04990459110857348
2024-04-29,0.3535050857864069,1.0177723265536531
2024-04-30,-1.5968030521390149,-1.7062491672828246
2024-05-01,-0.3252309838123796,0.037662740053623946
2024-05-02,0.9309810022769899,1.3965529424633234
2024-05-03,1.231928887397449,0.6664012628624595
2024-05-06,1.0273836955981703,0.08607276452482275
2024-05-07,0.1102763434147798,0.9418321797439683
2024-05-08,0.009671275762442907,-0.8435698760485505
2024-05-09,0.574527130575167,2.0296070706659104
2024-05-10,0.12873949696497602,-0.277099400993941
2024-05-13,0.013413340075918165,0.32520324740217105
2024-05-14,0.4577760924489339,0.7666691024223832
2024-05-15,1.2306984504407426,1.3747481775884514
2024-05-16,-0.2059664345543783,-0.07064959250130586
2024-05-17,0.14363651176627287,-0.011784652280025705
2024-05-20,0.11515008340752396,-0.5907166780452577
2024-05-21,0.2449767036619519,-0.035581631285015104
2024-05-22,-0.2883799250416274,-0.9049750943536362
2024-05-23,-0.733084344662473,-2.1766356939985267
2024-05-24,0.6594717081072718,0.07334623135616612
2024-05-28,0.0698483273860056,-0.6618678264245365
2024-05-29,-0.7027087116653561,-0.976218280596109
2024-05-30,-0.6655984487470361,1.454654948393631
2024-05-31,0.9066909256698211,1.8551592435671975
2024-06-03,0.0815302803931102,-0.22848209117612342
2024-06-04,0.11172356797728195,0.7676409639233028
2024-06-05,1.1814974572177241,-0.11956541254135034
2024-06-06,-0.0018826389757929994,0.19123609991628673
2024-06-07,-0.12163978366757158,-0.947778570070328
2024-06-10,0.30849126416061046,0.3369490099481985
2024-06-11,0.24055577100391165,-0.36103112589658437
2024-06-12,0.8179535883078882,0.8882349521709515
2024-06-13,0.2011392952919653,0.40549492750411
2024-06-14,0.060813571757503,-0.023807759681816153
2024-06-17,0.7927489938320434,-0.3936238960681342
2024-06-18,0.25373691002564497,0.393623896068141
2024-06-20,-0.2719999321082694,-0.2861262434259151
2024-06-21,-0.13417199598179,0.25040889212076667
2024-06-24,-0.32560366931743906,0.7711056386813734
2024-06-25,0.384356810396017,-1.2366354023516002
2024-06-26,0.12473735559663497,-0.3115681507700506
2024-06-27,0.15752820100936132,0.9674595729622991
2024-06-28,-0.3942982169885508,0.7946948466554061
2024-07-01,0.2056002609921091,-0.94765737885019
2024-07-02,0.6707082518850448,0.4689655538933081
2024-07-03,0.44528171721015564,-0.09603551172456788
2024-07-05,0.5749795516621325,0.2758123618949572
2024-07-08,0.1153275086205965,0.322799747432141
2024-07-09,0.09721194549690998,-0.023884772645670946
2024-07-10,0.9846556232544589,0.737468895703739
2024-07-11,-0.8659891247896309,2.8276379435746497
2024-07-12,0.6287623446889072,0.7574780993962361
2024-07-15,0.27464568427669134,0.6723467355153527
2024-07-16,0.5912456860605301,1.2191029158795617
2024-07-17,-1.4120289404583712,0.6820616457528494
2024-07-18,-0.7714606319595706,-0.8842100515869499
2024-07-19,-0.6662751831329566,-0.18003933994843166
2024-07-22,1.0257253083666888,1.0308273431948254
2024-07-23,-0.15698653017631334,-0.07806465931590026
2024-07-24,-2.2923336873522833,-1.483515211616553
2024-07-25,-0.5224014168507667,-0.32888898833517216
2024-07-26,1.1137575184892385,1.7342876622844332
2024-07-29,0.05874925144674297,0.5122444089275519
2024-07-30,-0.5079227231496193,0.7745159465222047
2024-07-31,1.6124007259591504,-0.3533202645947468
2024-08-01,-1.4262249891719547,1.001486398973863
2024-08-02,-1.8793890858791886,-0.054763361221872836
2024-08-05,-2.9556394365404652,-2.9013348916016937
2024-08-06,0.9177405725122819,1.954611853849707
2024-08-07,-0.670631433052484,-0.6881218912066355
2024-08-08,2.28539798269916,0.9752806258753539
2024-08-09,0.440005924475462,0.4621424282009378
2024-08-12,0.05254369766317401,-0.7382545245652463
2024-08-13,1.6311775271002253,0.869915386434813
2024-08-14,0.31496410806414255,0.2627939017459459
2024-08-15,1.6995123183211065,-0.07658769879680363
2024-08-16,0.2239469667383563,-0.054727393613742716
2024-08-19,0.95158389381467,0.8286997980337583
2024-08-20,-0.16273262378447123,-0.1195071490315438
2024-08-21,0.34307727003390837,0.5313091441903433
2024-08-22,-0.7879539401688134,0.2915583950753191
2024-08-23,1.0569368402715642,2.1758574579615066
2024-08-26,-0.23867367744787144,-0.042220757317353245
2024-08-27,0.13721568299351414,0.1476646268796195
2024-08-28,-0.5822054624054498,-0.3907265631171201
2024-08-29,0.00892949727189752,-0.3073150104351499
2024-08-30,0.9500823223605135,0.9611915736050716
2024-09-03,-2.079380724062509,-0.05256948149136919
2024-09-04,-0.20488617355461167,0.28356628041702125
2024-09-05,-0.2435114858177885,-0.32566237825661326
2024-09-06,-1.697316571595218,-0.09473809201504632
2024-09-09,1.1133871189323037,1.1101979496555998
2024-09-10,0.4346326499609654,1.43738979213539
2024-09-11,1.0206568148133615,-0.19525929794017044
2024-09-12,0.8387895979130388,0.4208785628670897
2024-09-13,0.5209258838350089,1.0394361724201808
2024-09-16,0.14758123897440312,0.3339975585354055
2024-09-17,0.04085962914658302,-0.6996307999971964
2024-09-18,-0.29702475783927107,-0.12215880966072691
2024-09-19,1.6920417068611568,0.020356315384372808
2024-09-20,-0.17302409759477466,-0.39801043423073784
2024-09-23,0.2495817124092393,0.9870356981074191
2024-09-24,0.28571377996975156,0.14165822219733742
2024-09-25,-0.2207997533391288,-0.6695812476849043
2024-09-26,0.3956909635882481,-0.9100659245719498
2024-09-27,-0.1451307243105076,0.12732692694860104
2024-09-30,0.39991130224994564,0.7831792236686185
2024-10-01,-0.8998801645510219,-0.6487907399696474
2024-10-02,0.042221119893239276,-0.3518888481998216
2024-10-03,-0.18299588971565878,-0.916581034514363
2024-10-04,0.904622870774709,-0.48247257311462777
2024-10-07,-0.9081461481495612,-0.8871166887824393
2024-10-08,0.9413097770271649,0.20135054223237536
2024-10-09,0.6902583620627523,0.10579919117307603
2024-10-10,-0.17514863986942053,-0.8922738082151703
2024-10-11,0.5970193946105177,1.1246524274439378
2024-10-14,0.814518816431529,0.5996138923354928
2024-10-15,-0.7800074963761271,1.198862766629035
2024-10-16,0.4336971876182105,1.0924544271542769
2024-10-17,0.008588641372365317,-0.7924002941417686
2024-10-18,0.3839100454569968,0.7411372105730768
2024-10-21,-0.16435547744221435,-1.9782082163539338
2024-10-22,-0.05311267774732854,0.14633307890564853
2024-10-23,-0.9179533395705856,0.7284789106526103
2024-10-24,0.21603916004062385,0.21752289630881738
2024-10-25,-0.03453277083204505,-0.9460018069614394
2024-10-28,0.3086550330708379,0.31286371108361716
2024-10-29,0.16169776628493643,-0.7210426838499318
2024-10-30,-0.3029816921294481,0.4395052036872427
2024-10-31,-1.9797749198162093,-1.7060073230039023
2024-11-01,0.4211678376356711,-1.110778374219729
2024-11-04,-0.21563387077012816,1.0895130257411567
2024-11-05,1.2019404124795185,1.3192133231877397
2024-11-06,2.45613603357794,-2.1513029159243198
2024-11-07,0.7702426027757667,1.192644319538787
2024-11-08,0.4322283315467201,1.481510971817693
2024-11-11,0.09523724227901015,-0.5018826547157758
2024-11-12,-0.31111788157091924,-1.3933060008052944
2024-11-13,0.04857556014381712,0.5512050859924487
2024-11-14,-0.6450778756702175,-0.9025883013077654
2024-11-15,-1.2891447710536734,0.05331852725053914
2024-11-18,0.40891159318103476,0.7223373436887771
2024-11-19,0.3648712043249323,0.48569045002822364
2024-11-20,0.03387416805092344,-0.12647757839314824
2024-11-21,0.5353878191906527,0.7355295958395017
2024-11-22,0.3094590534963127,0.7509457090568042
2024-11-25,0.33864122522270373,1.3827479808892875
2024-11-26,0.5207999689768441,0.39887769422849545
2024-11-27,-0.3034866910859388,0.6409930564562468
2024-11-29,0.6193056426167846,-0.4472395057160037
2024-12-02,0.17906542793228825,-1.4675344597344293
2024-12-03,0.046377791930255874,-0.5078447661235808
2024-12-04,0.6190300704418938,-0.27052220786061915
2024-12-05,-0.16469558453838265,-0.2399232424499308
2024-12-06,0.18938421023573637,-0.14631778258554262
2024-12-09,-0.5163034061252135,0.28199105626178883
2024-12-10,-0.3113859477937577,-1.4603392777795592
2024-12-11,0.7701037591960257,-0.2331011980148067
2024-12-12,-0.5166221389173119,-0.15925099575090543
2024-12-13,-0.01983331080441404,-0.28728038038865156
2024-12-16,0.426079021778816,-0.35222860944479223
2024-12-17,-0.41286665883336715,-0.4823452192902809
2024-12-18,-3.0256520766793265,-4.2134550894085185
2024-12-19,-0.03071524575040355,-1.5586556115986365
2024-12-20,1.1939437265177957,1.670652488807037
2024-12-23,0.5970465013517244,0.390322985791732
2024-12-24,1.105374706178513,0.6620642041772925
2024-12-26,0.006662440944740944,0.26806235710707366
2024-12-27,-1.0582411670752774,-1.008965162882132
2024-12-30,-1.1477220648675521,-0.49701766046935075
2024-12-31,-0.3644790050996832,0.8681462362579738
2025-01-02,-0.2459961564865795,-0.8908004620758964
2025-01-03,1.2425949719521512,1.3052927227766904
2025-01-06,0.574403289396202,-1.2939558921384673
2025-01-07,-1.1368601739412303,-0.9558679182113105
2025-01-08,0.14599781898991432,0.26264390840039736
2025-01-10,-1.5385124849931031,-2.4706879215098865
2025-01-13,0.1549346330506105,1.2198824965948132
2025-01-14,0.1374983513596442,0.9080964775018031
2025-01-15,1.8026520303546563,0.5705216980363305
2025-01-16,-0.19250258231095999,2.0496194068383433
2025-01-17,0.9989888126204568,-0.06690792911930794
2025-01-21,0.9111841536098959,1.8566171962042188
2025-01-22,0.5605828655581522,-1.7562765478426758
2025-01-23,0.5443282007935821,0.7327680838888567
2025-01-24,-0.2923751057316357,0.34234360955358273
2025-01-27,-1.4246368451215252,1.325092186816235
2025-01-28,0.8555846234363987,-1.2149265245402856
2025-01-29,-0.4493100456406383,-1.3302451923273457
2025-01-30,0.5352726969086679,1.264156827326864
2025-01-31,-0.533605884310127,-0.22063412857154266
2025-02-03,-0.6752394526380682,-0.21003476669358764
2025-02-04,0.6685926146732895,0.07743442952679679
2025-02-05,0.40463027849083916,1.3946234691887696
2025-02-06,0.3469690167650366,0.25050632170909204
2025-02-07,-0.9195836913697244,-0.3268766648248262
2025-02-10,0.6768338924216317,-0.04366264669637772
2025-02-11,0.07602428865703222,0.4357883641975379
2025-02-12,-0.32266930567723806,-0.9283134953766605
2025-02-13,1.0502327777464298,0.993520001424001
2025-02-14,-0.004935647685939186,-0.4573322235484965
2025-02-18,0.29314663077094794,0.4464659735790518
2025-02-19,0.2352377052266872,0.07602156405121693
2025-02-20,-0.4169042012424195,0.47655329504782407
2025-02-21,-1.7252148675729033,-0.9881084719699583
2025-02-24,-0.4560761261523953,0.3920568016038034
2025-02-25,-0.4985563759225436,1.220778545303982
2025-02-26,0.05047275997552478,-0.4196483895704439
2025-02-27,-1.6090796866751145,0.3981753797486999
2025-02-28,1.5485093169848825,0.8448808266890947
2025-03-03,-1.7675268140930191,0.467481541200191
2025-03-04,-1.190750726123008,-1.1621222548037444
2025-03-05,1.0690461058066167,1.1091071547106446
2025-03-06,-1.7910543353551502,-2.600048232112665
2025-03-07,0.5589214198181435,0.5968752010339539
2025-03-10,-2.69965992929665,-0.9676656955379874
2025-03-11,-0.8347814223819707,-1.1758986526817328
2025-03-12,0.5292522932692919,-0.31000405798635233
2025-03-13,-1.3419953983158108,-1.9935692290858085
2025-03-14,2.044527768177283,1.982486527815789
2025-03-17,0.7681635655471061,1.6934590538787475
2025-03-18,-1.0867171874899477,-0.5247724043431352
2025-03-19,1.083190661875568,0.12050636601228491
2025-03-20,-0.2895881832455908,-0.0657135404024334
2025-03-21,0.03298658402161609,-1.1126544266533942
2025-03-24,1.7749976730995205,1.5280981607475697
2025-03-25,0.24009971253177112,-1.1283786271044558
2025-03-26,-1.2010174541489311,0.3893818195894012
2025-03-27,-0.26591759987091046,-0.25569851683320993
2025-03-28,-2.0343823330424815,-0.1336833027561866
2025-03-31,0.6690341369994915,0.9209513567318787
2025-04-01,0.28203773855031217,0.04416652832399948
2025-04-02,0.6308494357111238,0.6053590838163293
2025-04-03,-5.053641993379987,-3.4722920262168353
2025-04-04,-6.032667517120567,-4.436917457912636
2025-04-07,-0.17827814203064057,-2.659754081645794
2025-04-08,-1.5786671024523877,-2.7199265702717246
2025-04-09,9.986278391659297,5.794500000589654
2025-04-10,-4.480792947744529,-2.3091341911809535
2025-04-11,1.7685390880409713,1.2150583541613362
2025-04-14,0.9654678996110108,2.0475324180830006
2025-04-15,-0.28049685830712195,0.30412668049261615
2025-04-16,-2.2478566151837516,-0.070106022933864
2025-04-17,0.14256749196053592,1.4849436581175062
2025-04-21,-2.4090623785153737,-2.106317005582047
2025-04-22,2.568523264009522,1.9219130539268485
2025-04-23,1.5376411575599238,0.1844039516551967
2025-04-24,2.0830662317220834,0.3678272891642787
2025-04-25,0.719917469412921,-0.17224717536525372
2025-04-28,0.038134148818529286,0.6187116777158028
2025-04-29,0.6279471094238754,0.5353854209859931
2025-04-30,0.03969567002435166,0.3515718763592357
2025-05-01,0.7061920765888957,0.3277939331608582
2025-05-02,1.4735033338764254,1.2224492478245366
2025-05-05,-0.5750798656337625,-0.2231827323224036
2025-05-06,-0.8393557909377652,-0.773853868592666
2025-05-07,0.4196729249441555,0.11251606861679908
2025-05-08,0.6943627636358309,-0.3943747936063025
2025-05-09,-0.12749277843107143,0.6639335457297232
2025-05-12,3.251307324194498,0.4922645116049823
2025-05-13,0.6582124635303903,-1.2804845218716525
2025-05-14,0.12772436406420046,-0.9883713103191644
2025-05-15,0.48724526983484945,1.8102262372375357
2025-05-16,0.6314102279205575,1.236851051456763
2025-05-19,0.10932163119030398,0.022144395338350945
2025-05-20,-0.3367792702729912,-0.588529472415508
2025-05-21,-1.6994277462653251,-2.6978278743839725
2025-05-22,0.03943574322992112,-0.45872985885568024
2025-05-23,-0.6849077339231533,0.10341036839613546
2025-05-27,2.057749144421189,1.7302526436986705
2025-05-28,-0.5802319856157399,-0.10160871169223448
2025-05-29,0.39396123213848877,0.8996818601342571
2025-05-30,-0.11190827579547141,0.0
2025-06-02,0.5617200418764615,0.13426661640250742
2025-06-03,0.5686391575042233,-0.20145870108589972
2025-06-04,-0.026858346827724075,0.2796918142073336
2025-06-05,-0.4844484645630591,-0.07823311312144876
2025-06-06,1.0216612089215105,0.479623507083599
2025-06-09,0.09008769765978307,0.13341899413932876
2025-06-10,0.5653754979559288,0.8520083050345403
2025-06-11,-0.2856091413634286,-0.541349744918272
2025-06-12,0.39663497220524685,0.4862436884104647
2025-06-13,-1.1243031070609706,-0.9748456015496118
2025-06-16,0.9469221553216312,0.0779024172417739
2025-06-17,-0.8581853965084374,-0.3565964955574061
2025-06-18,-0.01505437841666266,0.3454599472563764
2025-06-20,-0.23514015291763551,-0.06676586894076682
2025-06-23,0.9829017063755472,1.491654518131041
2025-06-24,1.098663429244116,0.26286014858101764
2025-06-25,0.056020768497310476,-2.4358923343257586
2025-06-26,0.779333281301998,-0.09285923518666034
2025-06-27,0.49560303319852356,0.24892172382792685
2025-06-30,0.47699120294324054,0.6420799041953951
2025-07-01,-0.03237317036786633,0.7271927123986771
2025-07-02,0.45230321664759093,0.23381910868293204
2025-07-03,0.7850490061391281,0.11113311594491676
2025-07-07,-0.7479922081385233,-0.8590370616829922
2025-07-08,-0.0547866269065751,-0.14575879187732121
2025-07-09,0.5978718557821743,0.07851664485195965
2025-07-10,0.2816340605420723,0.6259061277681139
2025-07-11,-0.3521617492822476,0.011150433272409098
2025-07-14,0.19062990833984936,0.6440765806535003
2025-07-15,-0.4282323121872532,-1.4831577762192263
2025-07-16,0.3337615079474222,0.9392917545762374
2025-07-17,0.610104072124293,-0.11136099228292304
2025-07-18,-0.07326812474744512,0.21147996455587464
2025-07-21,0.18943796948635744,0.4105416322508497
2025-07-22,0.014311092236799798,1.7017504565879276
2025-07-23,0.8471555947003452,0.1957628414991581
2025-07-24,0.03309977370316064,-0.3482882217114335
2025-07-25,0.42154521240559223,0.010902388477464192
2025-07-28,-0.025113167611154324,-1.6155088462481728
2025-07-29,-0.26412302201375915,1.593711446270501
2025-07-30,-0.12600277407195942,-1.4276592301643327
2025-07-31,-0.37581826405107294,-1.4146755856547444
2025-08-01,-1.6526374020133814,-0.24711318416491299
2025-08-04,1.5085454389026633,1.0182037959299255
2025-08-05,-0.5082862459229773,0.4553716144982015
2025-08-06,0.7630493838537866,-0.7787328248051898
2025-08-07,-0.08379750805715817,0.28995849832423365
2025-08-08,0.7767329500689283,-0.827476601731607
2025-08-11,-0.1979400958573456,-0.6646754928424728
2025-08-12,1.0589843604162286,0.56357557261413
2025-08-13,0.3417206050253846,0.9285765219599593
2025-08-14,0.009296113381862762,-0.7152445048245282
2025-08-15,-0.23439395232363616,0.5703615899399592
2025-08-18,-0.02176551223488251,-0.8511562733157982
2025-08-19,-0.5439899526511449,1.7062042549096126
2025-08-20,-0.2660619942930772,0.2870684850366957
2025-08-21,-0.40198912346101423,-0.29812638898448757
2025-08-22,1.5240163058274736,1.9167099435553523
2025-08-25,-0.4410870660547044,-0.5766251976562947
2025-08-26,0.4178295104639576,-0.26220633924916587
2025-08-27,0.2275921406955702,0.621632871282091
2025-08-28,0.3535106872304601,-0.2612729246926529
2025-08-29,-0.598153537129435,0.5435333431300043
2025-09-02,-0.7437888193564877,-1.6726289792180573
2025-09-03,0.5404926745351525,0.05510672120665984
2025-09-04,0.8322631068136768,0.74644345806956
2025-09-05,-0.2900350441516548,1.1201233433130284
2025-09-08,0.24535295419670194,-0.5856891012282697
2025-09-09,0.23092523208794105,-0.2286923737366704
2025-09-10,0.28866837953472124,-0.16367004372046995
2025-09-11,0.8275924601042638,1.8072987207522035
2025-09-12,-0.03346689072197086,-0.4622352595678427
2025-09-15,0.5309736658425536,-0.16174627799216723
2025-09-16,-0.13777414352981307,-0.5302296462735915
2025-09-17,-0.12432077551662243,-0.13026478663630076
2025-09-18,0.4661563154355169,0.21703367109487387
2025-09-19,0.4940649640818598,-0.6525363965332299
2025-09-22,0.47198519222895663,0.02182024004751468
2025-09-23,-0.5458344535398914,0.5439472720271457
2025-09-24,-0.31867056096807983,-0.9884550109142517
2025-09-25,-0.4624172513464782,-0.2991235122327725
2025-09-26,0.5712795234045289,0.9826220609944791
2025-09-29,0.2806424744720363,0.03295954988766912
2025-09-30,0.37597898827210047,0.4055394897836789
2025-10-01,0.34017768166523055,0.15302364969220472
2025-10-02,0.1151048892017506,-0.5256229927058923
2025-10-03,-0.0014767471260179648,0.37259934301368236
2025-10-06,0.3579813724412676,-0.9451636887748466
2025-10-07,-0.37143820348426687,-0.3650534774645207
2025-10-08,0.5945343779221919,-0.5222510627539857
2025-10-09,-0.2901212830195306,-0.5474094324032026
2025-10-10,-2.7399797306962,-1.2852495527335628
2025-10-13,1.522754489520044,0.6334293107460603
2025-10-14,-0.12224016319925188,1.0208009619892984
2025-10-15,0.4429789843934252,1.440476642334888
2025-10-16,-0.6833556176281728,-0.35265468004438993
2025-10-17,0.5660250871856184,0.6492480930887438
2025-10-20,1.0346762560389149,1.0040375524671818
2025-10-21,-0.0014996032452460858,-0.28272840349291484
2025-10-22,-0.5212376827339951,0.42379763046374846
2025-10-23,0.591237858353294,-0.0650847958993361
2025-10-24,0.8139356488562998,0.2925443626849658
2025-10-27,1.1728661579555206,0.28089567241385316
2025-10-28,0.26524780243792967,-1.9830608162255836
2025-10-29,0.04801823927854593,-2.6088555288986672
2025-10-30,-1.1059071647525216,0.4732980777092814
2025-10-31,0.32749122269395553,0.2582384234074883
2025-11-03,0.1874928310857186,-0.1458728194818014
2025-11-04,-1.1924353295924663,0.1682945750648425
2025-11-05,0.3459398571762206,0.08964549823516499
2025-11-06,-1.0787307565268272,-0.48278892568287096
2025-11-07,0.09840232716329204,1.5412492170107908
2025-11-10,1.5483937510288557,-0.05543227829025935
2025-11-11,0.22865335909522055,1.113754958337666
2025-11-12,0.05562438741300194,-0.748490839350199
2025-11-13,-1.6733244574677202,-1.2339700337547852
2025-11-14,-0.016359948124937913,0.21229821685237768
2025-11-17,-0.9360194188340132,-0.8294092408056085
2025-11-18,-0.8432917870575445,0.40435242026429186
2025-11-19,0.3855756790324685,-0.7877499223907852
2025-11-20,-1.5359695168779277,-0.4189182535346927
2025-11-21,0.9911937023691694,1.6094095445742602
2025-11-24,1.4611241086193578,0.26757861626278145
2025-11-25,0.9361939618760542,0.9199386986968807
2025-11-26,0.687985444759878,0.44033332899961797
2025-11-28,0.5443563227393602,0.3289758326754396
2025-12-01,-0.45758689403849206,-1.156211809142677
2025-12-02,0.18504960496883552,-0.355032834832268
2025-12-03,0.3456786217426821,0.25530583846603794
2025-12-04,0.07307890626128348,-0.24419277234712133
2025-12-05,0.18977350040129193,-0.11120359032525053
2025-12-08,-0.3008799415334641,-0.7706431948732764
2025-12-09,-0.08635176910706599,-0.3819419024932058
2025-12-10,0.6610371282859594,0.35950890853459694
2025-12-11,0.23242449793091413,0.43641225416978857
2025-12-12,-1.0810279077722362,-0.1229030535629145
2025-12-15,-0.1511940289050684,0.31254673523919174
2025-12-16,-0.2736037133594218,-0.7382615089751574
2025-12-17,-1.106460773219221,0.36980768854770346
2025-12-18,0.7522963990016468,-0.5271125554945202
2025-12-19,0.9022618958016408,-0.38306072756603066
2025-12-22,0.6210566721978087,0.5124234128033361
2025-12-23,0.45600420052825014,-0.06801827865499069
2025-12-24,0.35114479496600165,0.6555945404700757
2025-12-26,-0.01014201750952399,0.11259502479061746
2025-12-29,-0.3569993055856122,0.20236597477470752
2025-12-30,-0.12218468855631148,0.2019486391861538
2025-12-31,-0.7436550096273533,-0.8215718923716864
2026-01-02,0.18313617663269852,0.03390013797699903
2026-01-05,0.6638033243240065,0.22568163127081337
2026-01-06,0.5929568682081867,0.7299739892714172
2026-01-07,-0.3228562997380555,-0.9782544355683869
2026-01-08,-0.010153783677743937,0.8886975823272598
2026-01-09,0.6591570183952556,0.2013924048246366
2026-01-12,0.15692219387488093,0.13402228346616507
2026-01-13,-0.20014767247896287,0.5565478737909523
2026-01-14,-0.4927356850498766,0.8620843696757993
2026-01-15,0.2719513166177895,0.6908976555094701
2026-01-16,-0.08382252035026964,1.216621697449749
2026-01-20,-2.0566840670864646,-1.8745154419083216
2026-01-21,1.14749889632404,0.3952587868379016
2026-01-22,0.5209636268787032,-0.991087531536889
2026-01-23,0.03627144509001746,0.19900146110397254
2026-01-26,0.5065296757285074,-0.13262362925423227
2026-01-27,0.3976348566725876,-0.033187673783452935
2026-01-28,-0.010067497120472828,-1.0342072613377347
2026-01-29,-0.19863539443873904,1.387600041721656
2026-01-30,-0.29870370168700794,0.09917905996426905
2026-02-02,0.4959045712933714,-1.0406422167749942
2026-02-03,-0.8491346084250548,-0.22281534490438049
2026-02-04,-0.4855691490926631,1.4285122843341347
2026-02-05,-1.2567856956365417,-0.14303677373430967
2026-02-06,1.9003005567205973,1.5622799090629509
2026-02-09,0.4810244305276485,0.42186966894517347
2026-02-10,-0.264064386524897,1.329633871648924
2026-02-11,-0.0231085512616827,-0.5554338030166919
2026-02-12,-1.5569451553392326,-0.11789771240336022
2026-02-13,0.07042374603937072,1.426763951692001
2026-02-17,0.16121662321053362,0.9469841342986276
2026-02-18,0.5025111493454597,-1.1798308583820205
2026-02-19,-0.26409180968155327,-0.21215556565449836
2026-02-20,0.7205840051700415,0.7511208955595686
2026-02-23,-1.0263807839928392,0.01054836548447719
2026-02-24,0.7242165031108854,0.25260058223268683
2026-02-25,0.8402945104341215,-0.27368217016880547
2026-02-26,-0.5569959857260949,0.6828061185477662
2026-02-27,-0.4813509630285336,0.1778266043472932
2026-03-02,0.05684172026597193,0.25049139130818665
2026-03-03,-0.8853414553509193,-0.5330583794629705
2026-03-04,0.7030536114047319,0.12567853070946006
2026-03-05,-0.5591148225550185,-1.0098951665342748
2026-03-06,-1.3193791611277716,-1.0949965305309919
2026-03-09,0.8721878607696681,0.22422739525560106
2026-03-10,-0.1608419719141641,-0.14942905189920744
2026-03-11,-0.125595130526892,-1.0415075193038457
2026-03-12,-1.5301420789775961,-0.6931700473049774
2026-03-13,-0.5676188622551868,0.16289427296061074
2026-03-16,1.0125430484197413,0.8320327691847941
2026-03-17,0.2627101016221855,0.44021261534411393
2026-03-18,-1.4051912692600945,-1.4894939725013883
2026-03-19,-0.24673819700690397,-0.4031714175969348
2026-03-20,-1.443952585884218,-3.1498557949263395
2026-03-23,1.0445276906504148,0.7744571511901256
2026-03-24,-0.33624966130463346,-0.6621184829165039
2026-03-25,0.5557288574735997,-0.07966694500307386
2026-03-26,-1.8020135919566853,-0.13669986049474966
2026-03-27,-1.719894102480063,-0.824181881100792
2026-03-30,-0.33490642434297063,0.37859487381329127
2026-03-31,2.8653466042465783,1.5565787517429668
2026-04-01,0.750622148232205,0.36011709676802334
2026-04-02,0.09000692442135716,1.3500977332766773
2026-04-06,0.4715661120724013,0.14396951438745037
2026-04-07,0.04399773016391101,0.14376254012085574
2026-04-08,2.5150609779818547,1.7852781012070458
2026-04-09,0.5752513692051993,0.7138981398886436
2026-04-10,-0.06619995879319517,0.21533661996290632
2026-04-13,0.9724956729963633,0.37571668305365513
2026-04-14,1.2111242670247968,0.9490867030977169
2026-04-15,0.7860023788765901,0.07426629595069746
2026-04-16,0.24542973693621878,0.9184574731178161
2026-04-17,1.201323638205965,1.5846835073376375
