date,url,title,speaker,location,word_count,chair_weight,growth_revision,inflation_revision,labor_revision,growth_mentions,inflation_mentions,labor_mentions,growth_outlook_mentions,inflation_outlook_mentions,labor_outlook_mentions,sentence_count,outlook_sentence_share,forecast_revision_shock
2020-01-08,https://www.federalreserve.gov/newsevents/speech/brainard20200108a.htm,Strengthening the Community Reinvestment Act by Staying True to Its Core Purpose,Governor Lael Brainard,"At the Urban Institute, Washington, D.C.",3733,1.0,-0.2678810608090008,0.0,0.0,3.750334851326011,0.0,0.0,0.8036431824270024,0.0,0.0,136.0,0.08088235294117647,0.2678810608090008
2020-01-09,https://www.federalreserve.gov/newsevents/speech/clarida20200109a.htm,U.S. Economic Outlook and Monetary Policy,Vice Chair Richard H. Clarida,"At the C. Peter McColough Series on International Economics, Council on Foreign Relations, New York, New York",880,1.2,3.25,3.0,4.25,9.0,18.0,10.0,1.0,7.0,1.0,35.0,0.2571428571428571,10.5
2020-01-16,https://www.federalreserve.gov/newsevents/speech/bowman20200116a.htm,The Outlook for Housing,Governor Michelle W. Bowman,"At the 2020 Economic Forecast Breakfast, Home Builders Association of Greater Kansas City, Kansas City, Missouri",1816,1.0,-1.1013215859030836,0.6883259911894273,-1.6519823788546255,11.563876651982378,0.5506607929515418,9.36123348017621,2.753303964757709,0.5506607929515418,1.1013215859030836,67.0,0.14925373134328357,3.4416299559471364
2020-01-17,https://www.federalreserve.gov/newsevents/speech/quarles20200117a.htm,"Spontaneity and Order: Transparency, Accountability, and Fairness in Bank Supervision",Vice Chair for Supervision Randal K. Quarles,"At the American Bar Association Banking Law Committee Meeting 2020, Washington, D.C.",4342,1.2,0.0,0.0,0.0,0.2303086135421465,0.2303086135421465,0.2303086135421465,0.2303086135421465,0.0,0.0,173.0,0.08670520231213873,0.0
2020-02-05,https://www.federalreserve.gov/newsevents/speech/brainard20200205a.htm,The Digitalization of Payments and Currency: Some Issues for Consideration,Governor Lael Brainard,"At the Symposium on the Future of Payments, Stanford, California",3524,1.0,0.5675368898978433,-0.28376844494892167,0.0,0.5675368898978433,0.8513053348467651,0.0,0.0,0.0,0.0,143.0,0.04895104895104895,0.851305334846765
2020-02-06,https://www.federalreserve.gov/newsevents/speech/quarles20200206a.htm,"The Economic Outlook, Monetary Policy, and the Demand for Reserves",Vice Chair for Supervision Randal K. Quarles,"At the Money Marketeers of New York University, New York, New York",3413,1.2,0.732493407559332,-1.6114854966305303,0.2929973630237328,3.8089657193085262,4.394960445355992,6.152944623498389,0.8789920890711984,2.636976267213595,0.0,132.0,0.16666666666666666,2.636976267213595
2020-02-10,https://www.federalreserve.gov/newsevents/speech/bowman20200210a.htm,Empowering Community Banks,Governor Michelle W. Bowman,"At the Conference for Community Bankers sponsored by The American Bankers Association, Orlando, Florida",3322,1.0,-0.6020469596628537,0.0,-0.30102347983142685,1.2040939193257074,0.9030704394942806,0.30102347983142685,0.30102347983142685,0.0,0.0,144.0,0.09722222222222222,0.9030704394942806
2020-02-11,https://www.federalreserve.gov/newsevents/speech/quarles20200211a.htm,"Spontaneity and Order: Transparency, Accountability, and Fairness in Bank Supervision",Vice Chair for Supervision Randal K. Quarles,"At the Yale Law School, New Haven, Connecticut",2611,1.2,0.0,0.0,0.0,0.0,0.0,0.3829950210647261,0.0,0.0,0.0,96.0,0.07291666666666667,0.0
2020-02-21,https://www.federalreserve.gov/newsevents/speech/brainard20200221a.htm,Monetary Policy Strategies and Tools When Inflation and Interest Rates Are Low,Governor Lael Brainard,"At the 2020 U.S. Monetary Policy Forum, sponsored by the Initiative on Global Markets at the University of Chicago Booth School of Business, New York, New York",2322,1.0,0.0,-1.5073212747631353,-0.6459948320413437,0.8613264427217915,21.533161068044787,4.306632213608958,0.0,9.905254091300602,0.8613264427217915,87.0,0.22988505747126436,2.153316106804479
2020-02-21,https://www.federalreserve.gov/newsevents/speech/clarida20200221a.htm,Financial Markets and Monetary Policy: Is There a Hall of Mirrors Problem?,Vice Chair Richard H. Clarida,"At the 2020 U.S. Monetary Policy Forum, sponsored by the Initiative on Global Markets at the University of Chicago Booth School of Business, New York, New York",1789,1.2,0.0,0.6987143655673561,0.0,0.0,26.27166014533259,1.6769144773616547,0.0,21.79988820570151,0.5589714924538849,56.0,0.42857142857142855,0.6987143655673561
2020-02-25,https://www.federalreserve.gov/newsevents/speech/clarida20200225a.htm,U.S. Economic Outlook and Monetary Policy,Vice Chair Richard H. Clarida,"At the 36th Annual NABE Economic Policy Conference, Washington, D.C.",880,1.2,3.25,3.0,4.25,10.0,11.0,11.0,2.0,6.0,2.0,40.0,0.25,10.5
2020-02-27,https://www.federalreserve.gov/newsevents/speech/bowman20200227a.htm,Direction of Supervision: Impact of Payment System Innovation on Community Banks,Governor Michelle W. Bowman,"At ""Age of Advancement: The Intricacies of a Digital World"" 2020 Banking Outlook Conference sponsored by the Federal Reserve Bank of Atlanta, Atlanta, Georgia",3683,1.0,0.0,-0.27151778441487917,0.0,0.5430355688297583,1.0860711376595167,0.27151778441487917,0.27151778441487917,0.27151778441487917,0.0,147.0,0.12244897959183673,0.27151778441487917
2020-04-09,https://www.federalreserve.gov/newsevents/speech/powell20200409a.htm,COVID-19 and the Economy,Chair Jerome H. Powell,"At the Hutchins Center on Fiscal and Monetary Policy, The Brookings Institution, Washington, D.C. (via webcast)",927,1.5,-1.0,-1.0,0.0,5.0,1.0,4.0,0.0,0.0,1.0,39.0,0.05128205128205128,2.0
2020-05-05,https://www.federalreserve.gov/newsevents/speech/brainard20200505a.htm,Welcoming Remarks for Investment Connection - Response to COVID-19: Colorado,Governor Lael Brainard,"At the ""Investment Connection - Response to COVID-19: Colorado"" webinar series hosted by the Federal Reserve Bank of Kansas City, Kansas City, Missouri",306,1.0,0.0,0.0,0.0,4.0,0.0,0.0,0.0,0.0,0.0,13.0,0.0,0.0
2020-05-13,https://www.federalreserve.gov/newsevents/speech/powell20200513a.htm,Current Economic Issues,Chair Jerome H. Powell,"At the Peterson Institute for International Economics, Washington, D.C. (via webcast)",1220,1.5,-2.459016393442623,-0.819672131147541,-2.459016393442623,7.377049180327869,3.278688524590164,6.557377049180328,0.0,0.0,0.0,57.0,0.03508771929824561,5.737704918032787
2020-05-21,https://www.federalreserve.gov/newsevents/speech/brainard20200521a.htm,Introductory remarks for the Fed Listens panel on the COVID-19 pandemic,Governor Lael Brainard,"At “A Fed Listens Event: How Is COVID-19 Affecting Your Community?,” sponsored by the Board of Governors of the Federal Reserve System, Washington, D.C., (via webcast)",395,1.0,0.0,0.0,-3.0,0.0,2.0,8.0,0.0,0.0,0.0,16.0,0.0,3.0
2020-05-21,https://www.federalreserve.gov/newsevents/speech/clarida20200521a.htm,U.S. Economic Outlook and Monetary Policy,Vice Chair Richard H. Clarida,"At the New York Association for Business Economics, New York, New York (via webcast)",1733,1.2,-3.7507212925562605,-1.7311021350259663,-1.2983266012694747,4.616272360069244,5.770340450086555,7.501442585112521,0.5770340450086555,3.4622042700519327,2.8851702250432774,59.0,0.11864406779661017,6.780150028851701
2020-05-21,https://www.federalreserve.gov/newsevents/speech/powell20200521a.htm,Opening Remarks,Chair Jerome H. Powell,"At ""A Fed Listens Event: How Is COVID-19 Affecting Your Community?,"" sponsored by the Board of Governors of the Federal Reserve System, Washington, D.C. (via webcast)",513,1.5,0.0,0.0,0.0,1.0,0.0,0.0,0.0,0.0,0.0,27.0,0.18518518518518517,0.0
2020-06-16,https://www.federalreserve.gov/newsevents/speech/clarida20200616a.htm,U.S. Economic Outlook and Monetary Policy (via prerecorded video),Vice Chair Richard H. Clarida,"At the Foreign Policy Association, New York, New York",2198,1.2,-2.72975432211101,-3.867151956323931,0.0,5.004549590536852,7.734303912647862,7.279344858962694,0.9099181073703367,4.549590536851683,1.8198362147406735,78.0,0.10256410256410256,6.5969062784349415
2020-06-19,https://www.federalreserve.gov/newsevents/speech/powell20200619a.htm,Introductory Comments,Chair Jerome H. Powell,"At ""Building a Resilient Workforce,"" a video conference sponsored by the Federal Reserve Bank of Cleveland, Youngstown, Ohio (via webcast)",530,1.5,0.0,0.0,0.0,1.0,0.0,5.0,0.0,0.0,0.0,30.0,0.03333333333333333,0.0
2020-06-19,https://www.federalreserve.gov/newsevents/speech/quarles20200619a.htm,The Adaptability of Stress Testing,Vice Chair for Supervision Randal K. Quarles,"At Women in Housing and Finance, Washington, D.C.",2405,1.2,-0.4158004158004158,0.0,-0.8316008316008316,2.9106029106029108,0.0,2.494802494802495,0.0,0.0,0.0,91.0,0.07692307692307693,1.2474012474012475
2020-07-07,https://www.federalreserve.gov/newsevents/speech/quarles20200707a.htm,Global in Life and Orderly in Death: Post-Crisis Reforms and the Too-Big-to-Fail Question,Vice Chair for Supervision and Chair of the Financial Stability Board Randal K. Quarles,"At the Exchequer Club, Washington, D.C. (via webcast)",2108,1.2,0.0,-0.47438330170777987,0.0,0.9487666034155597,0.9487666034155597,0.47438330170777987,0.0,0.0,0.47438330170777987,109.0,0.045871559633027525,0.47438330170777987
2020-07-14,https://www.federalreserve.gov/newsevents/speech/brainard20200714a.htm,Navigating Monetary Policy through the Fog of COVID,Governor Lael Brainard,"At the Perspectives on the Pandemic Webinar Series, hosted by the National Association for Business Economics, Washington, D.C. (via webcast)",2172,1.0,-0.1151012891344383,-5.4097605893186,2.762430939226519,5.524861878453038,9.208103130755063,16.11418047882136,0.4604051565377532,5.985267034990791,4.143646408839778,85.0,0.24705882352941178,8.287292817679557
2020-08-06,https://www.federalreserve.gov/newsevents/speech/brainard20200806a.htm,The Future of Retail Payments in the United States,Governor Lael Brainard,"At the FedNow Service Webinar, Washington, D.C. (via webcast)",2190,1.0,-0.4566210045662101,0.0,0.0,1.36986301369863,0.0,0.0,0.0,0.0,0.0,76.0,0.10526315789473684,0.4566210045662101
2020-08-13,https://www.federalreserve.gov/newsevents/speech/brainard20200813a.htm,An Update on Digital Currencies,Governor Lael Brainard,"At the Federal Reserve Board and Federal Reserve Bank of San Francisco's Innovation Office Hours, San Francisco, California (via webcast)",1341,1.0,-0.7457121551081283,0.7457121551081283,0.0,2.982848620432513,0.7457121551081283,0.0,0.0,0.0,0.0,47.0,0.0425531914893617,1.4914243102162565
2020-08-19,https://www.federalreserve.gov/newsevents/speech/bowman20200819a.htm,Brief Remarks,Governor Michelle W. Bowman,"At the Outstanding Women of Kansas Awards Ceremony, Topeka, Kansas",635,1.0,0.0,0.0,0.0,1.0,0.0,0.0,0.0,0.0,0.0,29.0,0.034482758620689655,0.0
2020-08-26,https://www.federalreserve.gov/newsevents/speech/bowman20200826a.htm,The Pandemic’s Effect on the Economy and Banking,Governor Michelle W. Bowman,"At the Kansas Bankers Association CEO and Senior Management Forum/Annual Meeting, Topeka, Kansas (via webcast)",2279,1.0,-0.8775778850372971,-0.8775778850372971,-0.767880649407635,2.1939447125932428,1.3163668275559457,4.3878894251864855,0.0,0.0,0.43878894251864853,90.0,0.06666666666666667,2.5230364194822292
2020-08-27,https://www.federalreserve.gov/newsevents/speech/powell20200827a.htm,New Economic Challenges and the Fed's Monetary Policy Review,Chair Jerome H. Powell,"At ""Navigating the Decade Ahead: Implications for Monetary Policy,"" an economic policy symposium sponsored by the Federal Reserve Bank of Kansas City, Jackson Hole, Wyoming (via webcast)",3212,1.5,-2.801992528019925,0.0,1.6344956413449563,3.4246575342465753,23.6612702366127,15.56662515566625,0.62266500622665,11.519302615193025,1.2453300124533,135.0,0.14814814814814814,4.436488169364881
2020-08-31,https://www.federalreserve.gov/newsevents/speech/clarida20200831a.htm,The Federal Reserve’s New Monetary Policy Framework: A Robust Evolution,Vice Chair Richard H. Clarida,"At the Peterson Institute for International Economics, Washington, D.C. (via webcast)",3944,1.2,-0.2535496957403651,-0.44371196754563896,-0.5070993914807302,0.5070993914807302,21.29817444219067,6.845841784989858,0.2535496957403651,15.720081135902637,3.5496957403651117,103.0,0.32038834951456313,1.2043610547667343
2020-09-01,https://www.federalreserve.gov/newsevents/speech/brainard20200901a.htm,Bringing the Statement on Longer-Run Goals and Monetary Policy Strategy into Alignment with Longer-Run Changes in the Economy,Governor Lael Brainard,"At ""How the Fed Will Respond to the COVID-19 Recession in an Era of Low Rates and Low Inflation,"" an event hosted by the Hutchins Center on Fiscal and Monetary Policy at the Brookings Institution, Washington, D.C. (via webcast)",2137,1.0,0.0,2.1057557323350493,4.211511464670099,0.9358914365933552,24.333177351427235,18.717828731867105,0.0,15.910154422087038,6.083294337856809,71.0,0.28169014084507044,6.3172671970051475
2020-09-21,https://www.federalreserve.gov/newsevents/speech/brainard20200921a.htm,Strengthening the CRA to Meet the Challenges of Our Time,Governor Lael Brainard,"At the Urban Institute, Washington, D.C. (via webcast)",3335,1.0,0.0,0.0,-0.29985007496251875,2.6986506746626686,0.0,0.5997001499250375,0.0,0.0,0.0,124.0,0.04032258064516129,0.29985007496251875
2020-09-23,https://www.federalreserve.gov/newsevents/speech/quarles20200923a.htm,Optimism in the Time of COVID,Vice Chair for Supervision Randal K. Quarles,"At the 2020 Virtual D.C. Summit, Institute of International Bankers, Washington, D.C. (via webcast)",3219,1.2,1.3202858030444238,-2.2522522522522523,0.4659832246039143,5.591798695246971,15.532774153463809,12.115563839701771,2.4852438645542096,9.940975458216839,1.8639328984156571,128.0,0.203125,4.038521279900591
2020-09-30,https://www.federalreserve.gov/newsevents/speech/bowman20200930a.htm,Community Banks Rise to the Challenge,Governor Michelle W. Bowman,"At ""Community Banking in the 21st Century,"" Research Conference, the Federal Reserve Bank of St. Louis, St. Louis, Missouri (via webcast)",3389,1.0,0.29507229271171437,-0.8852168781351432,0.0,1.7704337562702863,0.8852168781351432,0.29507229271171437,0.0,0.0,0.0,147.0,0.06802721088435375,1.1802891708468575
2020-10-01,https://www.federalreserve.gov/newsevents/speech/bowman20201001a.htm,Mortgage Market Regulation and Access to Mortgage Credit,Governor Michelle W. Bowman,"At ""Opportunities and Challenges for Homeownership,"" a Virtual Roundtable Discussion, Jake Jabs College of Business and Entrepreneurship, Montana State University, Bozeman, Montana (via webcast)",1033,1.0,0.0,1.9361084220716362,1.9361084220716362,0.0,1.9361084220716362,0.9680542110358181,0.0,0.0,0.0,40.0,0.05,3.8722168441432725
2020-10-01,https://www.federalreserve.gov/newsevents/speech/brainard20201001a.htm,Modernizing and Strengthening CRA Regulations: Hearing from Community Banks,Governor Lael Brainard,To the Independent Community Bankers of America Fall Leadership Meeting (via webcast),1077,1.0,0.0,0.0,0.0,0.9285051067780873,0.0,0.0,0.0,0.0,0.0,40.0,0.0,0.0
2020-10-06,https://www.federalreserve.gov/newsevents/speech/powell20201006a.htm,Recent Economic Developments and the Challenges Ahead,Chair Jerome H. Powell,At the National Association for Business Economics Virtual Annual Meeting,2099,1.5,1.4292520247737017,-0.4764173415912339,0.9528346831824678,7.622677465459742,5.240590757503573,19.056693663649355,0.4764173415912339,2.8585040495474034,1.9056693663649356,97.0,0.1958762886597938,2.8585040495474034
2020-10-14,https://www.federalreserve.gov/newsevents/speech/clarida20201014a.htm,U.S. Economic Outlook and Monetary Policy,Vice Chair Richard H. Clarida,"At the 2020 Annual Membership Meeting of the Institute of International Finance, Washington, D.C. (via webcast)",1350,1.2,1.6666666666666665,0.0,3.148148148148148,7.4074074074074066,14.814814814814813,15.555555555555555,2.222222222222222,12.592592592592592,7.4074074074074066,38.0,0.34210526315789475,4.814814814814815
2020-10-14,https://www.federalreserve.gov/newsevents/speech/quarles20201014a.htm,Remarks at the Hoover Institution,Vice Chair for Supervision Randal K. Quarles,"At the Hoover Institution, Stanford, California, via webcast",2031,1.2,-0.49236829148202854,-0.6154603643525357,0.0,2.461841457410143,1.4771048744460855,2.954209748892171,0.0,1.4771048744460855,0.0,77.0,0.09090909090909091,1.1078286558345642
2020-10-15,https://www.federalreserve.gov/newsevents/speech/brainard20201015a.htm,Modernizing and Strengthening CRA Regulations: A Conversation with Minority Depository Institutions,Governor Lael Brainard,To the National Bankers Association (via webcast),2124,1.0,0.4708097928436911,0.0,1.4124293785310733,0.4708097928436911,0.0,8.47457627118644,0.0,0.0,0.4708097928436911,77.0,0.012987012987012988,1.8832391713747645
2020-10-15,https://www.federalreserve.gov/newsevents/speech/quarles20201015a.htm,What Happened? What Have We Learned From It? Lessons from COVID-19 Stress on the Financial System,Vice Chair for Supervision Randal K. Quarles,"At the Institute of International Finance, Washington, D.C. (via webcast)",3042,1.2,0.3287310979618672,-0.410913872452334,-0.3287310979618672,4.930966469428008,1.314924391847469,0.6574621959237344,0.0,0.3287310979618672,0.0,124.0,0.056451612903225805,1.0683760683760684
2020-10-19,https://www.federalreserve.gov/newsevents/speech/clarida20201019a.htm,"U.S. Economic Outlook, Monetary Policy, and Initiatives to Sustain the Flow of Credit to Households and Firms",Vice Chair Richard H. Clarida,"At the Unconventional Convention of the American Bankers Association, Washington, D.C. (via webcast)",1488,1.2,1.5120967741935485,-0.8400537634408602,-0.16801075268817203,8.064516129032258,7.39247311827957,11.4247311827957,2.0161290322580645,6.048387096774194,6.048387096774194,48.0,0.22916666666666666,2.520161290322581
2020-10-20,https://www.federalreserve.gov/newsevents/speech/brainard20201020a.htm,Modernizing and Strengthening CRA Regulations: A Conversation with the Housing Community,Governor Lael Brainard,At the National Housing Conference National Advisory Council Meeting,2061,1.0,0.485201358563804,1.455604075691412,0.0,3.396409509946628,0.970402717127608,0.970402717127608,0.0,0.0,0.0,77.0,0.025974025974025976,1.940805434255216
2020-10-20,https://www.federalreserve.gov/newsevents/speech/quarles20201020a.htm,The Financial Stability Board’s Roadmap for Addressing NBFI Vulnerabilities,Vice Chair for Supervision Randal K. Quarles,At the Securities Industry and Financial Markets Association Annual Meeting (via webcast),2621,1.2,2.670736360167875,0.4769172071728348,0.0,6.867607783288821,0.38153376573826786,0.0,0.0,0.38153376573826786,0.0,124.0,0.06451612903225806,3.1476535673407096
2020-10-21,https://www.federalreserve.gov/newsevents/speech/brainard20201021a.htm,Achieving a Broad-Based and Inclusive Recovery,Governor Lael Brainard,"At the ""Post-COVID-Policy Challenges for the Global Economy"" Society of Professional Economists Annual Online Conference (via webcast)",2979,1.0,1.6784155756965424,-1.342732460557234,-1.0909701242027525,5.370929842228936,17.45552198724404,20.476670023497817,1.6784155756965424,10.070493454179255,3.692514266532393,109.0,0.2018348623853211,4.112118160456529
2020-11-10,https://www.federalreserve.gov/newsevents/speech/brainard20201110a.htm,Modernizing and Strengthening CRA Regulations: A Conversation with the National Congress of American Indians,Governor Lael Brainard,At the National Congress of American Indians 77th Annual Convention & Marketplace (via webcast),2530,1.0,1.1857707509881423,0.0,0.3952569169960475,2.766798418972332,0.0,1.1857707509881423,0.0,0.0,0.0,98.0,0.04081632653061224,1.58102766798419
2020-11-16,https://www.federalreserve.gov/newsevents/speech/clarida20201116a.htm,The Federal Reserve's New Framework: Context and Consequences,Vice Chair Richard H. Clarida,"At the ""The Economy and Monetary Policy"" event hosted by the Hutchins Center on Fiscal and Monetary Policy at the Brookings Institution, Washington, D.C. (via webcast)",3303,1.2,0.0,-2.4977293369663944,0.45413260672116257,0.0,24.22040569179534,9.385407205570694,0.0,10.293672419013019,2.7247956403269757,87.0,0.22988505747126436,2.951861943687557
2020-11-17,https://www.federalreserve.gov/newsevents/speech/brainard20201117a.htm,Strengthening Diversity and Inclusion in Economics,Governor Lael Brainard,"At ""Exploring Careers in Economics,"" Federal Reserve Board, Washington, D.C. (via webcast)",1859,1.0,0.0,0.0,1.0758472296933836,0.5379236148466918,0.0,8.068854222700377,0.0,0.0,0.0,80.0,0.0125,1.0758472296933836
2020-11-19,https://www.federalreserve.gov/newsevents/speech/bowman20201119a.htm,The Changing Structure of Mortgage Markets and Financial Stability,Governor Michelle W. Bowman,"At the “Financial Stability: Stress, Contagion, and Transmission” 2020 Financial Stability Conference hosted by the Federal Reserve Bank of Cleveland and the Office of Financial Research, Cleveland, Ohio (via webcast)",2890,1.0,0.3460207612456747,0.0,0.3460207612456747,1.3840830449826989,1.7301038062283736,2.422145328719723,0.0,0.0,0.0,117.0,0.042735042735042736,0.6920415224913494
2020-12-01,https://www.federalreserve.gov/newsevents/speech/brainard20201201a.htm,Modernizing and Strengthening CRA Regulations: A Conversation with the Chicago Community Trust,Governor Lael Brainard,"At The Chicago Community Trust, Chicago, Illinois",1032,1.0,0.0,0.0,-0.9689922480620154,0.0,0.9689922480620154,6.782945736434108,0.0,0.0,0.0,36.0,0.0,0.9689922480620154
2020-12-04,https://www.federalreserve.gov/newsevents/speech/bowman20201204a.htm,Technology and the Regulatory Agenda for Community Banking,Governor Michelle W. Bowman,At Independent Community Bankers of America ThinkTECH Policy Summit (virtual event),1893,1.0,0.0,-0.6603275224511358,0.0,0.5282620179609087,0.5282620179609087,0.0,0.0,0.5282620179609087,0.0,74.0,0.16216216216216217,0.6603275224511358
2020-12-11,https://www.federalreserve.gov/newsevents/speech/quarles20201211a.htm,The Eye of Providence: Thoughts on the Evolution of Bank Supervision,Vice Chair for Supervision Randal K. Quarles,"At the Federal Reserve Board, Harvard Law School, and Wharton School Conference: Bank Supervision: Past, Present, and Future (via webcast)",4729,1.2,0.0,0.0,0.0,0.2114611968703743,0.2114611968703743,0.0,0.0,0.0,0.0,200.0,0.01,0.0
2020-12-17,https://www.federalreserve.gov/newsevents/speech/brainard20201217a.htm,Modernizing and Strengthening CRA Regulations: A Conversation with the Consumer Bankers Association,Governor Lael Brainard,At the Consumer Bankers Association Community Reinvestment Act Committee Meeting,1106,1.0,0.9041591320072332,0.0,0.0,1.8083182640144664,0.0,0.0,0.0,0.0,0.0,41.0,0.0,0.9041591320072332
2020-12-18,https://www.federalreserve.gov/newsevents/speech/brainard20201218a.htm,Strengthening the Financial System to Meet the Challenge of Climate Change,Governor Lael Brainard,"At ""The Financial System & Climate Change: A Regulatory Imperative"" hosted by the Center for American Progress, Washington, D.C.",2269,1.0,0.881445570736007,0.0,0.0,2.2036139268400174,1.3221683561040105,0.0,0.0,0.0,0.0,98.0,0.09183673469387756,0.881445570736007
2021-01-08,https://www.federalreserve.gov/newsevents/speech/clarida20210108a.htm,U.S. Economic Outlook and Monetary Policy,Vice Chair Richard H. Clarida,"At the C. Peter McColough Series on International Economics Council on Foreign Relations, New York, New York (via webcast)",1264,1.2,2.373417721518987,-1.7800632911392404,3.9556962025316453,5.537974683544304,16.61392405063291,12.658227848101266,0.0,13.449367088607595,5.537974683544304,33.0,0.3939393939393939,8.109177215189874
2021-01-12,https://www.federalreserve.gov/newsevents/speech/brainard20210112a.htm,Supporting Responsible Use of AI and Equitable Outcomes in Financial Services,Governor Lael Brainard,"At the AI Academic Symposium hosted by the Board of Governors of the Federal Reserve System, Washington, D.C. (Virtual Event)",2791,1.0,0.0,0.0,0.0,1.4331780723754928,0.0,0.3582945180938732,0.3582945180938732,0.0,0.0,105.0,0.06666666666666667,0.0
2021-01-13,https://www.federalreserve.gov/newsevents/speech/brainard20210113a.htm,Full Employment in the New Monetary Policy Framework,Governor Lael Brainard,At the Inaugural Mike McCracken Lecture on Full Employment Sponsored by the Canadian Association for Business Economics (via webcast),2555,1.0,1.2720156555772992,-0.4892367906066536,-0.5870841487279843,2.73972602739726,20.352250489236788,36.79060665362035,1.5655577299412915,9.784735812133071,12.915851272015654,90.0,0.32222222222222224,2.3483365949119372
2021-01-13,https://www.federalreserve.gov/newsevents/speech/clarida20210113a.htm,The Federal Reserve's New Framework: Context and Consequences,Vice Chair Richard H. Clarida,"At the ""The Road Ahead for Central Banks,"" a seminar sponsored by the Hoover Economic Policy Working Group, Hoover Institution, Stanford, California (via webcast)",2449,1.2,-0.4083299305839118,-4.185381788485096,-0.5104124132298898,0.8166598611678236,28.99142507145774,11.02490812576562,0.4083299305839118,20.00816659861168,5.308289097590854,70.0,0.38571428571428573,5.104124132298898
2021-02-10,https://www.federalreserve.gov/newsevents/speech/powell20210210a.htm,Getting Back to a Strong Labor Market,Chair Jerome H. Powell,At the Economic Club of New York (via webcast),2280,1.5,0.0,2.0833333333333335,7.4561403508771935,2.6315789473684212,7.017543859649123,51.75438596491229,0.0,4.824561403508772,3.5087719298245617,97.0,0.10309278350515463,9.539473684210527
2021-02-16,https://www.federalreserve.gov/newsevents/speech/bowman20210216a.htm,My Perspective on Bank Regulation and Supervision,Governor Michelle W. Bowman,At the Conference for Community Bankers sponsored by the American Bankers Association (via prerecorded video),2033,1.0,-0.4918839153959666,0.0,0.0,0.9837678307919332,2.459419576979833,0.4918839153959666,0.0,0.0,0.0,79.0,0.10126582278481013,0.4918839153959666
2021-02-18,https://www.federalreserve.gov/newsevents/speech/brainard20210218a.htm,The Role of Financial Institutions in Tackling the Challenges of Climate Change,Governor Lael Brainard,"At the ""2021 IIF U.S. Climate Finance Summit: Financing a Pro Growth Pro Markets Transition to a Sustainable, Low-Carbon Economy"" hosted by the Institute of International Finance, Washington, D.C.",2682,1.0,0.7457121551081283,0.0,0.0,1.4914243102162565,0.37285607755406414,0.0,0.0,0.37285607755406414,0.0,99.0,0.10101010101010101,0.7457121551081283
2021-02-22,https://www.federalreserve.gov/newsevents/speech/bowman20210222a.htm,Economic Inclusion in Lower-Income Communities,Governor Michelle W. Bowman,"At the ""Advance Together"" Celebration sponsored by the Federal Reserve Bank of Dallas (via webcast)",881,1.0,-1.0,0.0,0.0,3.0,0.0,12.0,0.0,0.0,2.0,39.0,0.02564102564102564,1.0
2021-02-24,https://www.federalreserve.gov/newsevents/speech/brainard20210224a.htm,How Should We Think about Full Employment in the Federal Reserve's Dual Mandate?,Governor Lael Brainard,"At the Ec10, Principles of Economics, Lecture, Faculty of Arts and Sciences, Harvard University, Cambridge, Massachusetts (via webcast)",3843,1.0,0.2602133749674733,1.56128024980484,2.7972937809003384,1.8214936247723132,6.765547749154306,46.578194119177724,0.0,3.382773874577153,3.12256049960968,143.0,0.06293706293706294,4.618787405672652
2021-02-24,https://www.federalreserve.gov/newsevents/speech/clarida20210224a.htm,U.S. Economic Outlook and Monetary Policy,Vice Chair Richard H. Clarida,"At the U.S. Chamber of Commerce, Washington, D.C. (via webcast)",1233,1.2,1.6220600162206,-0.202757502027575,1.6220600162206,4.0551500405515,17.0316301703163,14.5985401459854,0.0,13.7875101378751,5.6772100567721,35.0,0.34285714285714286,3.4468775344687748
2021-02-25,https://www.federalreserve.gov/newsevents/speech/quarles20210225a.htm,Themistocles and the Mathematicians: The Role of Stress Testing,Vice Chair for Supervision Randal K. Quarles,"At the Federal Reserve Bank of Atlanta, Atlanta, Georgia (via webcast)",2780,1.2,-0.3597122302158274,-0.3597122302158274,-0.3597122302158274,3.5971223021582737,0.3597122302158274,0.7194244604316548,0.3597122302158274,0.0,0.0,103.0,0.05825242718446602,1.0791366906474822
2021-03-01,https://www.federalreserve.gov/newsevents/speech/brainard20210301a.htm,Some Preliminary Financial Stability Lessons from the COVID-19 Shock,Governor Lael Brainard,"At the 2021 Annual Washington Conference, Institute of International Bankers (via webcast)",3203,1.0,0.3122073056509522,-0.7805182641273806,0.0,2.185451139556666,3.1220730565095223,0.6244146113019045,0.0,1.5610365282547611,0.0,123.0,0.08130081300813008,1.0927255697783327
2021-03-02,https://www.federalreserve.gov/newsevents/speech/brainard20210302a.htm,U.S. Economic Outlook and Monetary Policy: An Update,Governor Lael Brainard,"At the C. Peter McColough Series on International Economics, Council on Foreign Relations, New York, New York (via webcast)",1956,1.0,0.0,4.984662576687117,2.3006134969325154,6.6462167689161555,32.719836400818,24.028629856850717,2.044989775051125,20.449897750511248,2.556237218813906,72.0,0.3194444444444444,7.285276073619633
2021-03-18,https://www.federalreserve.gov/newsevents/speech/powell20210318a.htm,Closing Remarks,Chair Jerome H. Powell,"At ""Pushing the Frontiers of Payments: Towards Faster, Cheaper, More Transparent and More Inclusive Cross Border Payments,"" a conference hosted by the Committee on Payments and Market Infrastructures, Basel, Switzerland (via prerecorded video)",768,1.5,0.0,1.0,0.0,0.0,1.0,0.0,0.0,0.0,0.0,28.0,0.0,1.0
2021-03-22,https://www.federalreserve.gov/newsevents/speech/bowman20210322a.htm,The Economic Outlook and Prospects for Small Business,Governor Michelle W. Bowman,"At the Economic Club of Oklahoma, Oklahoma City, Oklahoma (via webcast)",2636,1.0,0.09484066767830045,4.552352048558421,-0.09484066767830045,6.828528072837632,9.484066767830045,7.966616084977238,0.7587253414264036,4.931714719271623,1.896813353566009,94.0,0.23404255319148937,4.742033383915023
2021-03-22,https://www.federalreserve.gov/newsevents/speech/quarles20210322a.htm,Keynote Remarks,Vice Chair for Supervision Randal K. Quarles,"At ""The SOFR Symposium: The Final Year,"" an event hosted by the Alternative Reference Rates Committee, New York, New York (via webcast)",2039,1.2,0.0,0.0,0.0,0.0,0.0,0.0,0.0,0.0,0.0,77.0,0.03896103896103896,0.0
2021-03-23,https://www.federalreserve.gov/newsevents/speech/brainard20210323a.htm,Financial Stability Implications of Climate Change,Governor Lael Brainard,"At ""Transform Tomorrow Today"" Ceres 2021 Conference, Boston, Massachusetts (via webcast)",2322,1.0,0.0,0.0,0.0,0.43066322136089574,1.722652885443583,0.0,0.0,0.43066322136089574,0.0,86.0,0.10465116279069768,0.0
2021-03-23,https://www.federalreserve.gov/newsevents/speech/brainard20210323b.htm,Remaining Patient as the Outlook Brightens,Governor Lael Brainard,"At the National Association for Business Economics Virtual 37th Annual Economic Policy Conference, Washington, D.C. (via webcast)",2090,1.0,2.6315789473684212,5.622009569377991,1.4354066985645935,5.741626794258374,27.751196172248807,24.401913875598087,1.9138755980861246,12.918660287081341,3.8277511961722492,74.0,0.35135135135135137,9.688995215311005
2021-03-25,https://www.federalreserve.gov/newsevents/speech/clarida20210325a.htm,U.S. Economic Outlook and Monetary Policy,Vice Chair Richard H. Clarida,"At the 2021 Institute of International Finance Washington Policy Summit, Washington, D.C. (via webcast)",1319,1.2,2.4639878695981805,1.5163002274450341,3.0326004548900682,8.339651250947687,19.711902956785444,16.679302501895375,4.548900682335103,15.921152388172858,4.548900682335103,42.0,0.4523809523809524,7.012888551933283
2021-03-29,https://www.federalreserve.gov/newsevents/speech/waller20210329a.htm,Treasury-Federal Reserve Cooperation and the Importance of Central Bank Independence,Governor Christopher J. Waller,"At the Peterson Institute for International Economics, Washington, D.C. (via webcast)",2288,1.0,1.3111888111888113,0.8741258741258742,0.8741258741258742,2.1853146853146854,6.118881118881119,3.0594405594405596,0.0,0.8741258741258742,0.0,101.0,0.009900990099009901,3.0594405594405596
2021-03-30,https://www.federalreserve.gov/newsevents/speech/quarles20210330a.htm,"The FSB in 2021: Addressing Financial Stability Challenges in an Age of Interconnectedness, Innovation, and Change",Vice Chair for Supervision and Chair of the Financial Stability Board Randal K. Quarles,"At the Peterson Institute for International Economics, Washington, D.C. (via webcast)",2794,1.2,0.0,0.0,0.0,1.0737294201861132,0.0,0.0,0.0,0.0,0.0,116.0,0.05172413793103448,0.0
2021-04-14,https://www.federalreserve.gov/newsevents/speech/clarida20210414a.htm,The Federal Reserve's New Framework and Outcome-Based Forward Guidance,Vice Chair Richard H. Clarida,"At ""SOMC: The Federal Reserve’s New Policy Framework"" a forum sponsored by the Manhattan Institute's Shadow Open Market Committee, New York, New York (via webcast)",2182,1.2,-0.4582951420714941,-5.499541704857928,-0.3437213565536205,1.8331805682859763,32.080659945004584,13.748854262144821,0.0,22.45646196150321,5.957836846929423,61.0,0.3442622950819672,6.301558203483043
2021-05-03,https://www.federalreserve.gov/newsevents/speech/powell20210503a.htm,Community Development,Chair Jerome H. Powell,"At the ""2021 Just Economy Conference"" sponsored by the National Community Reinvestment Coalition, Washington, D.C. (via webcast)",1152,1.5,0.8680555555555556,0.0,0.0,0.8680555555555556,1.7361111111111112,16.493055555555557,0.0,0.0,0.0,60.0,0.016666666666666666,0.8680555555555556
2021-05-05,https://www.federalreserve.gov/newsevents/speech/bowman20210505a.htm,The Economic Outlook and Implications for Monetary Policy,Governor Michelle W. Bowman,"At The Colorado Forum, Denver, Colorado (via webcast)",1699,1.0,-3.0900529723366685,0.44143613890523836,-0.5885815185403178,5.885815185403178,4.120070629782225,6.474396703943496,0.5885815185403178,2.942907592701589,0.0,68.0,0.20588235294117646,4.120070629782225
2021-05-11,https://www.federalreserve.gov/newsevents/speech/brainard20210511a.htm,Patience and Progress as the Economy Reopens and Recovers,Governor Lael Brainard,"At ""The Road to Recovery and What's Next,"" a virtual conference sponsored by the Society for Advancing Business Editing and Writing (via webcast)",2133,1.0,4.453820909517112,6.446319737458978,9.25925925925926,13.127051101734645,15.002344116268167,22.50351617440225,2.8129395218002813,10.314111579934364,4.219409282700422,75.0,0.30666666666666664,20.15939990623535
2021-05-12,https://www.federalreserve.gov/newsevents/speech/clarida20210512a.htm,U.S. Economic Outlook and Monetary Policy,Vice Chair Richard H. Clarida,"At the ""NABE International Symposium: A Vision of the Economy Post COVID,"" Washington, D.C. (via webcast)",1257,1.2,1.591089896579157,5.966587112171839,1.591089896579157,7.9554494828957845,18.297533810660305,18.297533810660305,1.591089896579157,14.319809069212411,5.568814638027049,36.0,0.4444444444444444,9.148766905330152
2021-05-13,https://www.federalreserve.gov/newsevents/speech/waller20210513a.htm,The Economic Outlook and Monetary Policy,Governor Christopher J. Waller,"At The Global Interdependence Center's 39th Annual Monetary and Trade Conference, The LeBow College of Business, Drexel University, Philadelphia, Pennsylvania (via webcast)",2488,1.0,1.507234726688103,1.4067524115755627,-0.9043408360128617,8.842443729903538,24.919614147909968,29.742765273311896,2.4115755627009645,8.440514469453376,2.4115755627009645,114.0,0.20175438596491227,3.818327974276528
2021-05-17,https://www.federalreserve.gov/newsevents/speech/clarida20210517a.htm,"Sovereign Markets, Global Factors",Vice Chair Richard H. Clarida,"At ""Fostering a Resilient Economy and Financial System: The Role of Central Banks"" 25th Annual Financial Markets Conference, sponsored by the Center for Financial Innovation and Stability, Federal Reserve Bank of Atlanta, Amelia Island, FL (via webcast)",2562,1.2,-0.39032006245121004,-0.48790007806401253,0.0,3.9032006245121003,7.41608118657299,0.39032006245121004,2.34192037470726,5.464480874316941,0.0,83.0,0.12048192771084337,0.8782201405152226
2021-05-24,https://www.federalreserve.gov/newsevents/speech/brainard20210524a.htm,Private Money and Central Bank Money as Payments Go Digital: an Update on CBDCs,Governor Lael Brainard,"At the Consensus by CoinDesk 2021 Conference, Washington, D.C. (via webcast)",2767,1.0,0.7228044813877846,0.7228044813877846,0.0,0.7228044813877846,2.529815684857246,0.0,0.0,0.0,0.0,111.0,0.036036036036036036,1.4456089627755693
2021-05-26,https://www.federalreserve.gov/newsevents/speech/quarles20210526a.htm,Remarks,Vice Chair for Supervision Randal K. Quarles,At the National Association of Insurance Commissioners International Insurance Forum (via prerecorded video),2225,1.2,0.0,0.0,0.0,0.0,0.0,0.0,0.0,0.0,0.0,110.0,0.05454545454545454,0.0
2021-05-26,https://www.federalreserve.gov/newsevents/speech/quarles20210526b.htm,The Economic Outlook and Monetary Policy,Vice Chair for Supervision Randal K. Quarles,"At the Hutchins Center on Fiscal and Monetary Policy, The Brookings Institution, Washington, D.C. (via webcast)",3214,1.2,1.7112632233976353,5.056004978220287,0.7000622277535781,13.690105787181082,14.934660858743,17.112632233976353,3.73366521468575,8.089607965152458,3.73366521468575,123.0,0.21951219512195122,7.4673304293715
2021-06-01,https://www.federalreserve.gov/newsevents/speech/brainard20210601a.htm,Remaining Steady as the Economy Reopens,Governor Lael Brainard,"At The Economic Club of New York, New York, New York (via webcast)",2710,1.0,6.273062730627307,4.88929889298893,0.18450184501845018,15.129151291512915,29.88929889298893,16.605166051660518,4.797047970479705,13.653136531365314,1.845018450184502,100.0,0.25,11.346863468634687
2021-06-03,https://www.federalreserve.gov/newsevents/speech/quarles20210603a.htm,"Jet Flight, Mail Bags, and Banking Regulation",Vice Chair for Supervision Randal K. Quarles,At The Prudential Regulation Conference (via webcast),3651,1.2,0.5477951246233909,0.0,0.27389756231169543,3.2867707477403454,0.5477951246233909,0.8216926869350863,0.0,0.0,0.0,144.0,0.027777777777777776,0.8216926869350862
2021-06-23,https://www.federalreserve.gov/newsevents/speech/bowman20210623a.htm,Building Economic Resilience in Communities,Governor Michelle W. Bowman,"At the Policy Summit 2021: Pathways to Economic Resilience in our Communities, Federal Reserve Bank of Cleveland, Cleveland, Ohio (via prerecorded video)",1909,1.0,0.5238344683080146,2.2262964903090623,1.0476689366160292,3.143006809848088,4.190675746464117,13.61969617600838,0.5238344683080146,1.571503404924044,1.571503404924044,73.0,0.0547945205479452,3.797799895233106
2021-06-28,https://www.federalreserve.gov/newsevents/speech/quarles20210628a.htm,Parachute Pants and Central Bank Money,Vice Chair for Supervision Randal K. Quarles,"At the 113th Annual Utah Bankers Association Convention, Sun Valley, Idaho",3371,1.2,0.0,0.0,0.0,0.5932957579353307,0.8899436369029962,0.0,0.0,0.0,0.0,149.0,0.006711409395973154,0.0
2021-07-11,https://www.federalreserve.gov/newsevents/speech/quarles20210711a.htm,Disclosures and Data: Building Strong Foundations for Addressing Climate-Related Financial Risks,Vice Chair for Supervision Randal K. Quarles,"At the Venice International Conference on Climate Change, Venice, Italy",1547,1.2,0.0,0.0,0.0,1.292824822236587,0.0,0.0,0.0,0.0,0.0,64.0,0.03125,0.0
2021-07-30,https://www.federalreserve.gov/newsevents/speech/brainard20210730a.htm,Assessing Progress as the Economy Moves from Reopening to Recovery,Governor Lael Brainard,"At ""Rebuilding the Post-Pandemic Economy"" 2021 Annual Meeting of the Aspen Economic Strategy Group, Aspen, Colorado",1420,1.0,5.105633802816902,11.443661971830986,5.281690140845071,10.563380281690142,26.760563380281692,17.605633802816904,4.929577464788733,11.267605633802818,2.1126760563380285,50.0,0.32,21.83098591549296
2021-08-03,https://www.federalreserve.gov/newsevents/speech/bowman20210803a.htm,Welcoming Remarks,Governor Michelle W. Bowman,"At ""Toward an Inclusive Recovery: Improving Labor Force Attachment and Financial Security among Low-Income and Marginalized Workers,"" a research seminar sponsored by the Board of Governors of the Federal Reserve System, Washington, D.C. (via webcast)",836,1.0,0.0,0.0,-2.0,0.0,0.0,23.0,0.0,0.0,2.0,40.0,0.025,2.0
2021-08-04,https://www.federalreserve.gov/newsevents/speech/clarida20210804a.htm,"Outlooks, Outcomes, and Prospects for U.S. Monetary Policy",Vice Chair Richard H. Clarida,"At the Peterson Institute for International Economics, Washington, D.C. (via webcast)",2117,1.2,-1.7713745866792632,0.0,-1.4170996693434106,14.170996693434105,16.532829475673122,17.47756258856873,10.392064241851678,15.588096362777515,9.919697685403873,58.0,0.5689655172413793,3.1884742560226735
2021-08-05,https://www.federalreserve.gov/newsevents/speech/waller20210805a.htm,CBDC: A Solution in Search of a Problem?,Governor Christopher J. Waller,"At the American Enterprise Institute, Washington, D.C. (via webcast)",2965,1.0,0.0,0.0,0.0,1.0118043844856661,0.6745362563237775,0.3372681281618887,0.3372681281618887,0.0,0.0,140.0,0.03571428571428571,0.0
2021-08-17,https://www.federalreserve.gov/newsevents/speech/powell20210817a.htm,Welcoming Remarks,Chair Jerome H. Powell,"At Conversation with the Chair: A Virtual Teacher and Student Town Hall Meeting, Washington, D.C. (via webcast)",653,1.5,0.0,0.0,0.0,0.0,0.0,0.0,0.0,0.0,0.0,36.0,0.05555555555555555,0.0
2021-08-27,https://www.federalreserve.gov/newsevents/speech/powell20210827a.htm,Monetary Policy in the Time of COVID,Chair Jerome H. Powell,"At the ""Macroeconomic Policy in an Uneven Economy,"" economic policy symposium sponsored by the Federal Reserve Bank of Kansas City, Jackson Hole, Wyoming (via webcast)",2794,1.5,1.3421617752326414,2.952755905511811,1.5211166785969936,6.0844667143879745,31.853972798854688,21.832498210450964,1.0737294201861132,12.168933428775949,3.5790980672870436,130.0,0.2230769230769231,5.8160343593414465
2021-09-09,https://www.federalreserve.gov/newsevents/speech/bowman20210909a.htm,Community Bank Access to Innovation,Governor Michelle W. Bowman,"At the Government Relations Council (GRC) meeting sponsored by The American Bankers Association, Washington, D.C. (virtual conference)",2026,1.0,0.0,0.0,0.0,0.493583415597236,0.493583415597236,0.493583415597236,0.0,0.0,0.0,87.0,0.05747126436781609,0.0
2021-09-24,https://www.federalreserve.gov/newsevents/speech/powell20210924a.htm,Introductory Remarks,Chair Jerome H. Powell,"At ""Fed Listens: Perspectives on the Pandemic Recovery,"" sponsored by the Board of Governors of the Federal Reserve System, Washington, D.C. (via webcast)",402,1.5,0.0,0.0,0.0,1.0,0.0,0.0,0.0,0.0,0.0,18.0,0.05555555555555555,0.0
2021-09-27,https://www.federalreserve.gov/newsevents/speech/brainard20210927a.htm,Navigating Delta Headwinds on the Path to a Full Recovery,Governor Lael Brainard,"At ""Shocks, Shifts, and the Emerging Economic Landscape"" 2021 Annual Meeting of the National Association for Business Economics, Arlington, Virginia",2373,1.0,1.0535187526337968,1.8963337547408343,-0.7374631268436578,6.742520016856299,23.17741255794353,22.334597555836492,3.7926675094816686,9.69237252423093,2.1070375052675936,96.0,0.23958333333333334,3.687315634218289
2021-09-28,https://www.federalreserve.gov/newsevents/speech/bowman20210928a.htm,Creating a New Model for the Future of Supervision,Governor Michelle W. Bowman,"At the Community Banking in the 21st Century Research and Policy Conference, St. Louis, Missouri (virtual conference)",3611,1.0,0.0,-0.27693159789531985,0.0,0.27693159789531985,0.8307947936859595,0.27693159789531985,0.0,0.0,0.0,135.0,0.13333333333333333,0.27693159789531985
2021-10-05,https://www.federalreserve.gov/newsevents/speech/quarles20211005a.htm,Goodbye to All That: The End of LIBOR,Vice Chair for Supervision Randal K. Quarles,"At The Structured Finance Association Conference, Las Vegas, Nevada",1955,1.2,0.0,-0.5115089514066496,0.0,0.0,2.0460358056265986,0.0,0.0,0.0,0.0,89.0,0.0449438202247191,0.5115089514066496
2021-10-07,https://www.federalreserve.gov/newsevents/speech/brainard20211007a.htm,Building Climate Scenario Analysis on the Foundations of Economic Research,Governor Lael Brainard,"At the 2021 Federal Reserve Stress Testing Research Conference, Federal Reserve Bank of Boston, Boston, Massachusetts (via webcast)",2368,1.0,0.0,0.4222972972972973,0.0,3.800675675675676,1.6891891891891893,0.4222972972972973,0.8445945945945946,0.4222972972972973,0.4222972972972973,98.0,0.15306122448979592,0.4222972972972973
2021-10-12,https://www.federalreserve.gov/newsevents/speech/clarida20211012a.htm,U.S. Economic Outlook and Monetary Policy,Vice Chair Richard H. Clarida,"At the 2021 Institute of International Finance Annual Membership Meeting: Sustainable Economic Growth and Financial Stability in a Diverging, Decarbonizing, Digitizing, Indebted World, Washington, D.C. (via webcast)",1134,1.2,1.7636684303350971,3.306878306878307,0.6613756613756614,7.936507936507938,15.873015873015875,17.63668430335097,2.6455026455026456,10.582010582010582,3.5273368606701943,39.0,0.3076923076923077,5.731922398589066
2021-10-13,https://www.federalreserve.gov/newsevents/speech/bowman20211013a.htm,The View from Here: The Outlook for the U.S. Economy and Implications for Monetary Policy,Governor Michelle W. Bowman,"At the Dykhouse Scholar Program Speakers Series in Money, Banking, and Regulation South Dakota State University, Brookings, South Dakota",3545,1.0,1.5514809590973202,3.1029619181946404,1.763046544428773,4.795486600846263,12.129760225669958,11.56558533145275,1.1283497884344147,5.35966149506347,2.8208744710860367,134.0,0.23134328358208955,6.417489421720734
2021-10-13,https://www.federalreserve.gov/newsevents/speech/brainard20211013a.htm,Financial Inclusion and Economic Challenges in the Shadow of the Pandemic: A Conversation with Tribal Leaders,Governor Lael Brainard,"At Fed Listens: Roundtable with Oklahoma Tribal Leaders, Oklahoma City, Oklahoma",2771,1.0,0.811981234211476,0.9022013713460845,-0.36088054853843377,4.691447130999639,0.36088054853843377,5.052327679538073,0.36088054853843377,0.36088054853843377,0.0,113.0,0.04424778761061947,2.0750631540959943
2021-10-18,https://www.federalreserve.gov/newsevents/speech/quarles20211018a.htm,Financial Stability and Coordination in Times of Crisis,Governor Randal K. Quarles,"At the Third Conference on Financial Stability, Madrid, Spain",2998,1.0,0.0,0.0,0.0,1.000667111407605,0.333555703802535,0.0,0.0,0.0,0.0,145.0,0.05517241379310345,0.0
2021-10-19,https://www.federalreserve.gov/newsevents/speech/bowman20211019a.htm,Welcoming Remarks,Governor Michelle W. Bowman,"At the Women in Banking Symposium, Federal Reserve Bank of Richmond, Richmond, Virginia (via webcast)",1628,1.0,0.6142506142506143,0.0,1.2285012285012287,1.2285012285012287,0.6142506142506143,27.027027027027028,0.0,0.0,1.8427518427518428,68.0,0.04411764705882353,1.842751842751843
2021-10-19,https://www.federalreserve.gov/newsevents/speech/waller20211019a.htm,The Economic Outlook and a Cautionary Tale on “Idiosyncratic” Price Changes and Inflation,Governor Christopher J. Waller,"At the Stanford Institute for Economic Policy Research Associates Meeting, Stanford, California (via webcast)",3388,1.0,0.36894923258559625,8.043093270365999,0.07378984651711924,4.427390791027155,35.12396694214876,19.77567886658796,2.066115702479339,14.462809917355372,1.770956316410862,151.0,0.24503311258278146,8.485832349468714
2021-10-20,https://www.federalreserve.gov/newsevents/speech/quarles20211020a.htm,How Long is Too Long? How High is Too High?: Managing Recent Inflation Developments within the FOMC’s Monetary Policy Framework,Governor Randal K. Quarles,"At the 2021 Milken Institute Global Conference ""Charting a New Course,"" Beverly Hills, California",3388,1.0,1.6971664698937428,0.14757969303423848,1.475796930342385,9.149940968122786,28.925619834710744,20.070838252656436,2.656434474616293,18.890200708382526,4.427390791027155,113.0,0.336283185840708,3.3205430932703663
2021-10-22,https://www.federalreserve.gov/newsevents/speech/bowman20211022a.htm,The Lack of New Bank Formations is a Significant Issue for the Banking Industry,Governor Michelle W. Bowman,"At the 2021 Community Bankers Symposium: Banking on the Future, Federal Reserve Bank of Chicago, Chicago, Illinois",1986,1.0,0.0,0.0,0.0,0.5035246727089627,0.5035246727089627,0.5035246727089627,0.0,0.5035246727089627,0.0,84.0,0.08333333333333333,0.0
2021-11-08,https://www.federalreserve.gov/newsevents/speech/bowman20211108a.htm,The U.S. Housing and Mortgage Market: Risks and Resilience,Governor Michelle W. Bowman,"At the Women in Housing and Finance Public Policy Luncheon, Washington, D.C.",1828,1.0,3.282275711159737,-0.41028446389496714,-0.5470459518599562,2.735229759299781,13.676148796498905,1.6411378555798686,0.0,0.5470459518599562,0.0,90.0,0.022222222222222223,4.23960612691466
2021-11-08,https://www.federalreserve.gov/newsevents/speech/clarida20211108a.htm,Flexible Average Inflation Targeting and Prospects for U.S. Monetary Policy,Vice Chair Richard H. Clarida,"At the Symposium on Monetary Policy Frameworks, The Brookings Institution, Washington, D.C. (via webcast)",1577,1.2,0.0,-2.5364616360177554,-1.9023462270133165,11.4140773620799,19.023462270133166,18.389346861128725,10.77996195307546,15.85288522511097,10.77996195307546,42.0,0.5,4.438807863031072
2021-11-08,https://www.federalreserve.gov/newsevents/speech/powell20211108a.htm,Opening Remarks,Chair Jerome H. Powell,"At the Gender and the Economy Conference, a symposium hosted by the Division of Consumer and Community Affairs, Board of Governors of the Federal Reserve System, Washington, D.C. (via webcast)",665,1.5,0.0,0.0,0.0,0.0,0.0,4.0,0.0,0.0,1.0,36.0,0.027777777777777776,0.0
2021-11-09,https://www.federalreserve.gov/newsevents/speech/powell20211109a.htm,Opening Remarks,Chair Jerome H. Powell,"At the Conference on Diversity and Inclusion in Economics, Finance, and Central Banking, sponsored by the Bank of Canada, the Bank of England, the Board of Governors of the Federal Reserve System, and the European Central Bank (via webcast)",1045,1.5,-0.9569377990430623,0.0,-0.9569377990430623,0.9569377990430623,0.9569377990430623,15.311004784688997,0.0,0.0,0.0,47.0,0.0,1.9138755980861246
2021-11-17,https://www.federalreserve.gov/newsevents/speech/waller20211117a.htm,Reflections on Stablecoins and Payments Innovations,Governor Christopher J. Waller,"At ""Planning for Surprises, Learning from Crises"" 2021 Financial Stability Conference, cohosted by the Federal Reserve Bank of Cleveland and the Office of Financial Research, Cleveland, Ohio (via webcast)",2818,1.0,0.0,0.0,0.0,1.4194464158977997,1.4194464158977997,0.0,0.0,0.0,0.0,128.0,0.0078125,0.0
2021-11-19,https://www.federalreserve.gov/newsevents/speech/clarida20211119a.htm,"Perspectives on Global Monetary Policy Coordination, Cooperation, and Correlation",Vice Chair Richard H. Clarida,"At the ""Macroeconomic Policy and Global Economic Recovery"" 2021 Asia Economic Policy Conference, sponsored by the Federal Reserve Bank of San Francisco Center for Pacific Basin Studies, San Francisco, California (via webcast)",3415,1.2,-0.8052708638360175,-0.36603221083455345,0.0,7.027818448023426,9.370424597364568,1.171303074670571,2.049780380673499,2.049780380673499,0.0,123.0,0.06504065040650407,1.171303074670571
2021-11-19,https://www.federalreserve.gov/newsevents/speech/waller20211119a.htm,Economic Outlook,Governor Christopher J. Waller,"At the Center for Financial Stability, New York, New York",2838,1.0,6.342494714587738,5.021141649048626,4.580690627202255,5.285412262156448,16.56095842142354,11.980267794221282,2.466525722339676,7.399577167019027,2.1141649048625792,120.0,0.20833333333333334,15.944326990838618
2021-11-29,https://www.federalreserve.gov/newsevents/speech/bowman20211129a.htm,"Engagement, Research and Policy: Integrating Indigenous Voices into Economic Inclusion at the Federal Reserve",Governor Michelle W. Bowman,"At Virtual Symposium on Indigenous Economies: Bank of Canada, Tulo Centre of Indigenous Economics, the Reserve Bank of New Zealand",1383,1.0,0.0,0.0,0.0,0.7230657989877078,0.0,0.0,0.0,0.0,0.0,56.0,0.017857142857142856,0.0
2021-11-29,https://www.federalreserve.gov/newsevents/speech/powell20211129a.htm,Opening Remarks,Chair Jerome H. Powell,"At the Introducing the New York Innovation Center Event, Washington, D.C. (via webcast)",497,1.5,0.0,0.0,0.0,0.0,0.0,0.0,0.0,0.0,0.0,19.0,0.0,0.0
2021-11-30,https://www.federalreserve.gov/newsevents/speech/clarida20211130a.htm,Federal Reserve Independence: Foundations and Responsibilities,Vice Chair Richard H. Clarida,"At the Federal Reserve Bank of Cleveland, Cleveland, Ohio (via livestream)",2894,1.2,0.0,0.0,0.0,2.7643400138217,0.0,2.4187975120939873,0.0,0.0,0.3455425017277125,118.0,0.01694915254237288,0.0
2021-12-02,https://www.federalreserve.gov/newsevents/speech/quarles20211202a.htm,Between the Hither and the Farther Shore: Thoughts on Unfinished Business,Governor Randal K. Quarles,"At the American Enterprise Institute, Washington, D.C.",6398,1.0,0.15629884338855893,0.0,0.0,0.7814942169427946,0.0,0.31259768677711786,0.0,0.0,0.15629884338855893,215.0,0.11627906976744186,0.15629884338855893
2021-12-17,https://www.federalreserve.gov/newsevents/speech/waller20211217a.htm,A Hopeless and Imperative Endeavor: Lessons from the Pandemic for Economic Forecasters,Governor Christopher J. Waller,"At the Forecasters Club of New York, New York, New York",3466,1.0,0.7212925562608193,2.6687824581650315,-0.7212925562608193,3.4622042700519327,9.232544720138488,12.983266012694749,2.019619157530294,2.5966532025389495,4.904789382573572,146.0,0.4452054794520548,4.11136757068667
2022-02-18,https://www.federalreserve.gov/newsevents/speech/brainard20220218a.htm,Preparing for the Financial System of the Future,Governor Lael Brainard,"At the 2022 U.S. Monetary Policy Forum, New York, New York",2258,1.0,0.4428697962798937,0.8857395925597874,0.0,3.100088573959256,1.328609388839681,0.4428697962798937,0.4428697962798937,0.4428697962798937,0.0,85.0,0.24705882352941178,1.328609388839681
2022-02-21,https://www.federalreserve.gov/newsevents/speech/bowman20220221a.htm,High Inflation and the Outlook for Monetary Policy,Governor Michelle W. Bowman,"At the American Bankers Association Community Banking Conference, Palm Desert, California",1476,1.0,3.7262872628726287,4.911924119241193,8.299457994579946,2.710027100271003,14.905149051490515,18.97018970189702,1.3550135501355014,4.742547425474255,6.775067750677507,58.0,0.20689655172413793,16.93766937669377
2022-02-24,https://www.federalreserve.gov/newsevents/speech/waller20220224a.htm,Fighting Inflation with Rate Hikes and Balance Sheet Reduction,Governor Christopher J. Waller,"At the Economic Forecast Project, University of California, Santa Barbara, Santa Barbara, California",3748,1.0,1.3340448239060831,5.336179295624333,3.935432230522945,2.934898612593383,17.876200640341516,10.672358591248665,1.0672358591248665,8.004268943436498,1.0672358591248665,157.0,0.2611464968152866,10.605656350053362
2022-03-18,https://www.federalreserve.gov/newsevents/speech/bowman20220318a.htm,Welcoming Remarks,Governor Michelle W. Bowman,"At Fed Listens: Helping Youth Thrive-A Discussion with Leaders, Federal Reserve Bank of Cleveland, Cleveland, Ohio (via livestream)",480,1.0,2.0,2.0,0.0,3.0,1.0,1.0,0.0,0.0,0.0,16.0,0.0,4.0
2022-03-21,https://www.federalreserve.gov/newsevents/speech/powell20220321a.htm,Restoring Price Stability,Chair Pro Tempore Jerome H. Powell,"At ""Policy Options for Sustainable and Inclusive Growth"" 38th Annual Economic Policy Conference National Association for Business Economics, Washington, D.C.",2516,1.5,0.9936406995230525,-0.1987281399046105,5.0675675675675675,6.756756756756757,14.308426073131955,24.6422893481717,0.794912559618442,7.94912559618442,1.192368839427663,119.0,0.3025210084033613,6.25993640699523
2022-03-24,https://www.federalreserve.gov/newsevents/speech/waller20220324a.htm,The Red Hot Housing Market: the Role of Policy and Implications for Housing Affordability,Governor Christopher J. Waller,"At the ""Recent Fiscal and Monetary Policy: Implications for U.S. and Israeli Real Estate Markets"" conference",3123,1.0,2.721741914825488,3.4422030099263528,0.6404098623118796,8.965738072366314,12.808197246237592,4.803073967339096,0.3202049311559398,0.9606147934678193,0.9606147934678193,141.0,0.06382978723404255,6.80435478706372
2022-04-05,https://www.federalreserve.gov/newsevents/speech/brainard20220405a.htm,Variation in the Inflation Experiences of Households,Governor Lael Brainard,"At the Spring 2022 Institute Research Conference, Opportunity and Inclusive Growth Institute, Federal Reserve Bank of Minneapolis, Minneapolis, Minnesota (via webcast)",2469,1.0,1.5188335358444716,2.632644795463751,1.113811259619279,4.860267314702309,33.61684892669097,9.315512353179425,1.6200891049007697,4.455245038477116,1.2150668286755772,92.0,0.16304347826086957,5.265289590927502
2022-05-06,https://www.federalreserve.gov/newsevents/speech/waller20220506a.htm,Reflections on Monetary Policy in 2021,Governor Christopher J. Waller,"At the 2022 Hoover Institution Monetary Conference, Stanford, California",2031,1.0,-0.49236829148202854,0.24618414574101427,0.0,0.9847365829640571,14.278680452978827,22.156573116691284,0.49236829148202854,7.385524372230428,4.431314623338257,89.0,0.2808988764044944,0.7385524372230428
2022-05-24,https://www.federalreserve.gov/newsevents/speech/powell20220524a.htm,Welcoming Remarks,Chair Jerome H. Powell,"At the Reservation Economic Summit 2022 hosted by the National Center for American Indian Enterprise Development, Las Vegas, Nevada (via prerecorded video)",648,1.5,0.0,0.0,0.0,0.0,1.0,0.0,0.0,0.0,0.0,32.0,0.0,0.0
2022-05-25,https://www.federalreserve.gov/newsevents/speech/brainard20220525a.htm,Commencement Remarks,Vice Chair Lael Brainard,"At the 2022 Commencement of the School for Advanced International Studies, Johns Hopkins University, Washington, D.C.",2256,1.2,-0.44326241134751776,0.44326241134751776,0.0,1.3297872340425534,1.773049645390071,3.546099290780142,0.0,0.0,0.0,94.0,0.0,0.8865248226950355
2022-05-30,https://www.federalreserve.gov/newsevents/speech/waller20220530a.htm,"Responding to High Inflation, with Some Thoughts on a Soft Landing",Governor Christopher J. Waller,"At the Institute for Monetary and Financial Stability (IMFS) Distinguished Lecture, Goethe University Frankfurt, Germany",4271,1.0,2.2243034418169048,2.107234839616015,4.916881292437369,7.492390540856943,13.814095059704988,29.96956216342777,0.7024116132053383,5.151018496839148,0.7024116132053383,184.0,0.15217391304347827,9.248419573870288
2022-06-03,https://www.federalreserve.gov/newsevents/speech/waller20220603a.htm,Risk in the Crypto Markets,Governor Christopher J. Waller,"At the SNB-CIF Conference on Cryptoassets and Financial Innovation, Zürich, Switzerland",1390,1.0,0.7194244604316548,0.0,0.0,5.035971223021583,0.7194244604316548,0.0,0.0,0.0,0.0,61.0,0.01639344262295082,0.7194244604316548
2022-06-17,https://www.federalreserve.gov/newsevents/speech/powell20220617a.htm,Welcoming Remarks,Chair Jerome H. Powell,"At the ""International Roles of the U.S. Dollar,"" a research conference sponsored by the Federal Reserve Board, Washington, DC",896,1.5,0.0,-1.0,0.0,2.0,3.0,0.0,0.0,0.0,0.0,55.0,0.01818181818181818,1.0
2022-06-18,https://www.federalreserve.gov/newsevents/speech/waller20220618a.htm,Lessons Learned on Normalizing Monetary Policy,Governor Christopher J. Waller,"At “Monetary Policy at a Crossroads,” a panel discussion hosted by the Dallas Society for Computational Economics, Dallas, Texas",2360,1.0,0.0,1.2711864406779663,0.0,0.42372881355932207,6.779661016949153,6.779661016949153,0.0,0.42372881355932207,0.42372881355932207,92.0,0.07608695652173914,1.2711864406779663
2022-06-23,https://www.federalreserve.gov/newsevents/speech/bowman20220623a.htm,The Outlook for Inflation and Monetary Policy,Governor Michelle W. Bowman,"At Executive Officers Conference, Massachusetts Bankers Association, Harwich, Massachusetts",1445,1.0,0.6920415224913494,12.975778546712803,6.055363321799308,2.0761245674740483,31.833910034602074,20.761245674740483,0.6920415224913494,17.301038062283737,2.7681660899653977,53.0,0.2641509433962264,19.72318339100346
2022-07-08,https://www.federalreserve.gov/newsevents/speech/brainard20220708a.htm,Crypto-Assets and Decentralized Finance through a Financial Stability Lens,Vice Chair Lael Brainard,"At Bank of England Conference, London, United Kingdom",2338,1.2,0.42771599657827203,0.8554319931565441,0.0,0.8554319931565441,3.849443969204448,0.0,0.0,0.0,0.0,94.0,0.07446808510638298,1.2831479897348161
2022-07-14,https://www.federalreserve.gov/newsevents/speech/waller20220714a.htm,Monetary Policy in a World of Conflicting Data,Governor Christopher J. Waller,"At Rocky Mountain Economic Summit Global Interdependence Center, Victor, Idaho",3164,1.0,-4.503792667509481,3.1605562579013906,0.8691529709228824,12.010113780025284,22.439949431099873,22.75600505689001,4.740834386852086,11.061946902654867,2.5284450063211126,123.0,0.2845528455284553,8.533501896333755
2022-07-19,https://www.federalreserve.gov/newsevents/speech/brainard20220719a.htm,Strengthening the CRA: A Conversation with Representatives of Native Communities,Vice Chair Lael Brainard,At National Native Coalition Virtual Series on the Community Reinvestment Act Notice of Proposed Rulemaking (via webcast),914,1.2,1.0,0.0,0.0,7.0,0.0,0.0,0.0,0.0,0.0,34.0,0.0,1.0
2022-08-06,https://www.federalreserve.gov/newsevents/speech/bowman20220806a.htm,Fighting Inflation in Challenging Times,Governor Michelle W. Bowman,"At the 2022 CEO & Senior Management Summit sponsored by the Kansas Bankers Association, Colorado Springs, Colorado",2348,1.0,-2.1294718909710393,2.3424190800681433,3.5136286201022147,4.6848381601362865,17.035775127768314,11.92504258943782,0.0,1.7035775127768313,3.4071550255536627,92.0,0.13043478260869565,7.985519591141397
2022-08-17,https://www.federalreserve.gov/newsevents/speech/bowman20220817a.htm,"Technology, Innovation, and Financial Services",Governor Michelle W. Bowman,"At the VenCent Fintech Conference, Little Rock, Arkansas",1872,1.0,-0.5341880341880342,0.0,0.0,0.5341880341880342,1.0683760683760684,0.0,0.0,0.0,0.0,91.0,0.13186813186813187,0.5341880341880342
2022-08-17,https://www.federalreserve.gov/newsevents/speech/bowman20220817b.htm,Working Women in the Pandemic Era,Governor Michelle W. Bowman,"At Arkansas Women's Commission Meeting, Russellville, Arkansas",2624,1.0,0.38109756097560976,0.4763719512195122,-1.2385670731707317,1.9054878048780488,1.1432926829268293,28.58231707317073,0.0,0.38109756097560976,5.716463414634146,109.0,0.11926605504587157,2.0960365853658534
2022-08-26,https://www.federalreserve.gov/newsevents/speech/powell20220826a.htm,Monetary Policy and Price Stability,Chair Jerome H. Powell,"At “Reassessing Constraints on the Economy and Policy,” an economic policy symposium sponsored by the Federal Reserve Bank of Kansas City, Jackson Hole, Wyoming",1304,1.5,-3.450920245398773,2.684049079754601,2.3006134969325154,6.901840490797546,38.34355828220859,11.503067484662576,1.5337423312883436,16.87116564417178,3.834355828220859,62.0,0.3225806451612903,8.43558282208589
2022-08-29,https://www.federalreserve.gov/newsevents/speech/brainard20220829a.htm,Progress on Fast Payments for All: An Update on FedNow,Vice Chair Lael Brainard,"At FedNow Early Adopter Workshop, Rosemont, Illinois (via webcast)",975,1.2,0.0,0.0,0.0,4.0,0.0,0.0,0.0,0.0,0.0,39.0,0.05128205128205128,0.0
2022-09-07,https://www.federalreserve.gov/newsevents/speech/barr20220907a.htm,Making the Financial System Safer and Fairer,Vice Chair for Supervision Michael S. Barr,"At the Brookings Institution, Washington, D.C.",2652,1.2,0.3770739064856712,0.3770739064856712,0.0,0.3770739064856712,3.0165912518853695,0.3770739064856712,0.0,0.0,0.0,110.0,0.02727272727272727,0.7541478129713424
2022-09-07,https://www.federalreserve.gov/newsevents/speech/brainard20220907a.htm,Bringing Inflation Down,Vice Chair Lael Brainard,"At the Clearing House and Bank Policy Institute 2022 Annual Conference, New York, New York",1987,1.2,2.264720684448918,0.8807247106190236,3.648716658278812,20.634121791645697,26.17010568696527,10.568696527428283,1.5098137896326118,6.542526421741318,1.0065425264217414,71.0,0.11267605633802817,6.794162053346754
2022-09-09,https://www.federalreserve.gov/newsevents/speech/waller20220909a.htm,The Economic Outlook: Time to Let the Data Do the Talking,Governor Christopher J. Waller,"At the 17th Annual Vienna Macroeconomics Workshop (2022), Vienna, Austria",2963,1.0,0.8437394532568343,7.1717853526830915,2.2780965237934527,9.112386095173811,21.262234222072223,11.812352345595679,2.0249746878164023,4.724940938238272,2.362470469119136,121.0,0.14049586776859505,10.293621329733378
2022-09-28,https://www.federalreserve.gov/newsevents/speech/bowman20220928a.htm,The New Landscape for Banking Competition,Governor Michelle W. Bowman,"At the 2022 Community Banking Research Conference, sponsored by the Federal Reserve, the Conference of State Bank Supervisors, and the Federal Deposit Insurance Corporation, St. Louis, Missouri",3726,1.0,0.2683843263553409,0.0,0.2683843263553409,1.0735373054213635,0.5367686527106817,0.2683843263553409,0.0,0.0,0.0,149.0,0.04697986577181208,0.5367686527106817
2022-09-28,https://www.federalreserve.gov/newsevents/speech/powell20220928a.htm,Welcoming Remarks,Chair Jerome H. Powell,"At the 2022 Community Banking Research Conference, sponsored by the Federal Reserve, the Conference of State Bank Supervisors, and the Federal Deposit Insurance Corporation, St. Louis, Missouri (via pre-recorded video)",448,1.5,0.0,0.0,0.0,0.0,0.0,0.0,0.0,0.0,0.0,26.0,0.0,0.0
2022-09-30,https://www.federalreserve.gov/newsevents/speech/bowman20220930a.htm,Large Bank Supervision and Regulation,Governor Michelle W. Bowman,"At the Institute of International Finance (IIF) Event: In Conversation with Michelle Bowman, Washington, D.C. (virtual)",3672,1.0,0.0,0.27233115468409586,0.0,0.8169934640522876,1.0893246187363834,0.0,0.0,0.0,0.0,138.0,0.12318840579710146,0.27233115468409586
2022-09-30,https://www.federalreserve.gov/newsevents/speech/brainard20220930a.htm,Global Financial Stability Considerations for Monetary Policy in a High-Inflation Environment,Vice Chair Lael Brainard,"At “Financial Stability Considerations for Monetary Policy,” a research conference organized by the Board of Governors of the Federal Reserve System and the Federal Reserve Bank of New York, New York, New York",1634,1.2,4.436964504283966,9.179926560587516,1.5299877600979193,7.343941248470013,18.9718482252142,2.4479804161566707,1.8359853121175032,6.119951040391677,1.8359853121175032,64.0,0.171875,15.1468788249694
2022-10-04,https://www.federalreserve.gov/newsevents/speech/jefferson20221004a.htm,Technology’s Impact on the Post-Pandemic Economy,Governor Philip N. Jefferson,"At “Technology-Enabled Disruption: Lessons from the Pandemic and the Path Ahead,” a conference organized by the Federal Reserve Banks of Atlanta, Dallas, and Richmond",1570,1.0,-0.47770700636942676,2.0700636942675157,-0.9554140127388535,5.732484076433121,9.554140127388534,13.375796178343949,3.184713375796178,5.732484076433121,3.184713375796178,75.0,0.21333333333333335,3.503184713375796
2022-10-06,https://www.federalreserve.gov/newsevents/speech/cook20221006a.htm,Economic Outlook,Governor Lisa D. Cook,"At the Peterson Institute for International Economics, Washington, D.C.",2331,1.0,0.6435006435006435,-2.1450021450021453,4.504504504504505,6.864006864006864,30.03003003003003,12.012012012012013,0.858000858000858,12.012012012012013,1.287001287001287,106.0,0.20754716981132076,7.293007293007293
2022-10-06,https://www.federalreserve.gov/newsevents/speech/waller20221006a.htm,The Economic Outlook with a Look at the Housing Market,Governor Christopher J. Waller,"At the Mark C. Berger Workshop Series, University of Kentucky, Lexington, Kentucky",2852,1.0,2.5420757363253856,3.418653576437588,0.1753155680224404,10.518934081346424,28.050490883590463,6.661991584852736,1.0518934081346425,8.41514726507714,0.7012622720897616,124.0,0.1935483870967742,6.1360448807854135
2022-10-10,https://www.federalreserve.gov/newsevents/speech/brainard20221010a.htm,Restoring Price Stability in an Uncertain Economic Environment,Vice Chair Lael Brainard,"At ""Shocks and Aftershocks: Finding Balance in an Unstable World"" 64th National Association for Business Economics Annual Meeting, Chicago, Illinois",1844,1.2,2.1691973969631237,5.6941431670282,1.0845986984815619,14.099783080260304,20.065075921908893,12.47288503253796,3.796095444685466,10.845986984815617,0.5422993492407809,68.0,0.20588235294117646,8.947939262472886
2022-10-12,https://www.federalreserve.gov/newsevents/speech/barr20221012a.htm,Managing the Promise and Risk of Financial Innovation,Vice Chair for Supervision Michael S. Barr,"At D.C. Fintech Week, Washington, D.C.",2065,1.2,0.0,0.48426150121065376,0.0,0.0,1.937046004842615,0.48426150121065376,0.0,0.0,0.0,87.0,0.011494252873563218,0.48426150121065376
2022-10-12,https://www.federalreserve.gov/newsevents/speech/bowman20221012a.htm,Forward Guidance as a Monetary Policy Tool: Considerations for the Current Economic Environment,Governor Michelle W. Bowman,"At the Money Marketeers of New York University, New York, New York",3017,1.0,-1.2429565793834936,-0.49718263175339744,0.6629101756711966,1.9887305270135898,10.606562810739145,3.3145508783559827,1.6572754391779914,4.3089161418627775,0.6629101756711966,90.0,0.3,2.4030493868080876
2022-10-14,https://www.federalreserve.gov/newsevents/speech/waller20221014a.htm,The U.S. Dollar and Central Bank Digital Currencies,Governor Christopher J. Waller,"At ""Digital Currencies and National Security Tradeoffs,"" a symposium presented by the Harvard National Security Journal, Cambridge, Massachusetts",2422,1.0,0.8257638315441783,-0.8257638315441783,0.0,1.2386457473162675,1.2386457473162675,0.0,0.0,0.0,0.0,126.0,0.023809523809523808,1.6515276630883566
2022-10-20,https://www.federalreserve.gov/newsevents/speech/bowman20221020a.htm,Welcoming Remarks,Governor Michelle W. Bowman,"At ""Toward an Inclusive Recovery,"" a research seminar sponsored by the Board of Governors of the Federal Reserve System, Washington, D.C. (via webcast)",1062,1.0,0.0,0.0,2.3540489642184554,0.0,0.0,12.241054613935969,0.0,0.0,8.47457627118644,51.0,0.13725490196078433,2.3540489642184554
2022-11-16,https://www.federalreserve.gov/newsevents/speech/waller20221116a.htm,The Economic Outlook and a Word of Caution on Inflation,Governor Christopher J. Waller,"At the 59th Annual Economic Forecast Luncheon, Phoenix, Arizona",2992,1.0,-4.428475935828877,3.1751336898395723,1.1697860962566844,10.026737967914439,25.066844919786096,17.71390374331551,3.0080213903743314,6.350267379679145,5.681818181818182,126.0,0.18253968253968253,8.773395721925134
2022-11-17,https://www.federalreserve.gov/newsevents/speech/bowman20221117a.htm,Financial Education,Governor Michelle W. Bowman,"At the Financial Literacy and Education Commission Public Meeting, Financial Literacy and Education Commission, Washington, DC (via webcast)",1430,1.0,0.0,0.0,0.0,0.0,0.0,0.0,0.0,0.0,0.0,60.0,0.016666666666666666,0.0
2022-11-17,https://www.federalreserve.gov/newsevents/speech/jefferson20221117a.htm,Opportunity and Inclusive Economic Growth,Governor Philip N. Jefferson,"At the 2022 Institute Research Conference, hosted by the Opportunity and Inclusive Growth Institute, Federal Reserve Bank of Minneapolis, Minneapolis, Minnesota",1184,1.0,2.7449324324324325,3.589527027027027,1.900337837837838,5.0675675675675675,8.445945945945946,16.89189189189189,0.8445945945945946,1.6891891891891893,2.5337837837837838,55.0,0.05454545454545454,8.234797297297298
2022-11-28,https://www.federalreserve.gov/newsevents/speech/brainard20221128a.htm,"What Can We Learn from the Pandemic and the War about Supply Shocks, Inflation, and Monetary Policy?",Vice Chair Lael Brainard,"At the 21st BIS Annual Conference Central Banking after the Pandemic: Challenges Ahead, Bank for International Settlements, Basel, Switzerland",1643,1.2,6.238587948874011,9.890444309190505,0.7608034083992696,12.781497261107729,27.99756542909312,3.651856360316494,3.0432136335970785,18.25928180158247,1.2172854534388313,49.0,0.2857142857142857,16.889835666463785
2022-11-30,https://www.federalreserve.gov/newsevents/speech/cook20221130a.htm,The Economic Outlook and U.S. Productivity,Governor Lisa D. Cook,"At the Detroit Economic Club, Detroit, Michigan",2423,1.0,-0.8254230293025175,-0.8254230293025175,0.8254230293025175,26.41353693768056,14.444903012794057,12.381345439537762,3.714403631861329,2.4762690879075526,0.0,134.0,0.06716417910447761,2.4762690879075526
2022-11-30,https://www.federalreserve.gov/newsevents/speech/powell20221130a.htm,Inflation and the Labor Market,Chair Jerome H. Powell,"At the Hutchins Center on Fiscal and Monetary Policy, Brookings Institution, Washington, D.C.",2346,1.5,-3.516624040920716,-2.024722932651321,2.7706734867860185,17.476555839727194,31.11679454390452,23.444160272804773,3.836317135549872,5.541346973572037,2.131287297527707,112.0,0.17857142857142858,8.312020460358056
2022-12-01,https://www.federalreserve.gov/newsevents/speech/barr20221201a.htm,Why Bank Capital Matters,Vice Chair for Supervision Michael S. Barr,"At the American Enterprise Institute, Washington, D.C. (virtual)",3578,1.2,0.0,0.8384572386808273,0.0,0.8384572386808273,2.2358859698155396,0.5589714924538849,0.0,0.0,0.0,149.0,0.053691275167785234,0.8384572386808273
2023-01-06,https://www.federalreserve.gov/newsevents/speech/cook20230106a.htm,Thoughts on Inflation in a Supply-Constrained Economy,Governor Lisa D. Cook,"At the 2023 Allied Social Science Associations (ASSA) Annual Meeting, New Orleans, Louisiana",1971,1.0,3.4246575342465753,6.595636732623034,0.76103500761035,8.625063419583967,41.603247082699134,6.595636732623034,3.0441400304414,21.3089802130898,3.5514967021816335,73.0,0.273972602739726,10.781329274479958
2023-01-10,https://www.federalreserve.gov/newsevents/speech/bowman20230110a.htm,Brief Remarks on the Economy and Bank Supervision,Governor Michelle W. Bowman,"At the Florida Bankers Association Leadership Luncheon Events, Miami, Florida",1847,1.0,1.8949648077964267,-3.519220357336221,1.0828370330265296,3.7899296155928535,12.994044396318355,8.121277747698972,0.5414185165132648,2.707092582566324,2.165674066053059,80.0,0.1125,6.497022198159177
2023-01-10,https://www.federalreserve.gov/newsevents/speech/powell20230110a.htm,"Panel on ""Central Bank Independence and the Mandate-Evolving Views""",Chair Jerome H. Powell,"At the Symposium on Central Bank Independence, Sveriges Riksbank, Stockholm, Sweden",614,1.5,0.0,-1.0,0.0,0.0,1.0,1.0,0.0,0.0,0.0,29.0,0.06896551724137931,1.0
2023-01-19,https://www.federalreserve.gov/newsevents/speech/brainard20230119a.htm,Staying the Course to Bring Inflation Down,Vice Chair Lael Brainard,"At the University of Chicago Booth School of Business, Chicago, Illinois",1900,1.2,-6.973684210526316,-1.3157894736842106,-5.657894736842105,15.263157894736842,24.736842105263158,26.842105263157897,3.68421052631579,8.947368421052632,3.68421052631579,76.0,0.21052631578947367,13.947368421052634
2023-01-20,https://www.federalreserve.gov/newsevents/speech/waller20230120a.htm,A Case for Cautious Optimism,Governor Christopher J. Waller,"At the C. Peter McColough Series on International Economics, Council on Foreign Relations, New York, New York",1872,1.0,-1.6025641025641024,-2.4038461538461537,1.2019230769230769,15.49145299145299,26.175213675213673,20.299145299145298,1.6025641025641024,6.944444444444444,1.0683760683760684,79.0,0.11392405063291139,5.208333333333333
2023-01-21,https://www.federalreserve.gov/newsevents/speech/cook20230121a.htm,Remarks to Delta Sigma Theta,Governor Lisa D. Cook,"At the “110 Years of Deltas Embracing the Past while Shaping the Future” event, Norfolk, Virginia",3026,1.0,0.0,0.0,0.0,0.3304692663582287,0.0,1.9828155981493722,0.0,0.0,0.0,160.0,0.05625,0.0
2023-02-07,https://www.federalreserve.gov/newsevents/speech/barr20230207a.htm,Remarks at the “Banking on Financial Inclusion” Conference,Vice Chair for Supervision Michael S. Barr,"At the Hope Economic Mobility Forum at Jackson State University, Jackson, Mississippi",3307,1.2,0.9071666162685214,0.0,0.3023888720895071,3.326277592984578,0.3023888720895071,0.6047777441790142,0.0,0.0,0.0,145.0,0.013793103448275862,1.2095554883580284
2023-02-08,https://www.federalreserve.gov/newsevents/speech/waller20230208a.htm,"The Inflation Rate for Necessities: A Look at Food, Energy and Shelter Inflation",Governor Christopher J. Waller,"At the 2023 Arkansas State University Agribusiness Conference, Jonesboro, Arkansas",3120,1.0,4.006410256410256,3.766025641025641,6.330128205128205,5.448717948717949,45.83333333333333,8.974358974358974,1.282051282051282,5.448717948717949,0.9615384615384615,123.0,0.13008130081300814,14.102564102564102
2023-02-10,https://www.federalreserve.gov/newsevents/speech/waller20230210a.htm,Thoughts on the Crypto Ecosystem,Governor Christopher J. Waller,"At the Global Interdependence Center Conference: Digital Money, Decentralized Finance, and the Puzzle of Crypto, La Jolla, California",1333,1.0,0.0,0.0,0.0,3.7509377344336086,0.7501875468867217,0.0,0.0,0.0,0.0,66.0,0.07575757575757576,0.0
2023-02-13,https://www.federalreserve.gov/newsevents/speech/bowman20230213a.htm,"Independence, Predictability, and Tailoring in Banking Regulation and Supervision",Governor Michelle W. Bowman,"At the American Bankers Association Community Banking Conference, Orlando, Florida",3026,1.0,0.16523463317911435,1.5697290152015864,0.8261731658955718,1.6523463317911435,6.609385327164574,4.296100462656973,0.6609385327164574,1.3218770654329148,0.6609385327164574,120.0,0.16666666666666666,2.5611368142762725
2023-02-15,https://www.federalreserve.gov/newsevents/speech/bowman20230215a.htm,Welcoming Remarks,Governor Michelle W. Bowman,"At the Midwest Cyber Workshop, organized by the Federal Reserve Banks of Chicago, Kansas City, and St. Louis",2194,1.0,0.9115770282588879,0.0,0.0,1.3673655423883317,0.0,0.0,0.0,0.0,0.0,92.0,0.07608695652173914,0.9115770282588879
2023-02-16,https://www.federalreserve.gov/newsevents/speech/cook20230216a.htm,Welcome Remarks,Governor Lisa D. Cook,"At the Sadie Collective Research Reception, Washington, D.C.",1256,1.0,0.0,0.0,0.0,0.0,0.0,0.7961783439490446,0.0,0.0,0.0,62.0,0.11290322580645161,0.0
2023-02-24,https://www.federalreserve.gov/newsevents/speech/jefferson20230224a.htm,"Discussion of the Paper ""Managing Disinflations"" by Stephen G. Cecchetti, Michael E. Feroli, Peter Hooper, Frederic S. Mishkin, and Kermit L. Schoenholtz",Governor Philip N. Jefferson,"At the U.S. Monetary Policy Forum, New York, New York",2017,1.0,-0.37183936539414975,0.7436787307882995,0.12394645513138325,3.966286564204264,40.654437283093706,7.4367873078829945,1.983143282102132,21.31879028259792,4.95785820525533,96.0,0.20833333333333334,1.2394645513138327
2023-02-27,https://www.federalreserve.gov/newsevents/speech/jefferson20230227a.htm,Recent Inflation and the Dual Mandate,Governor Philip N. Jefferson,"At the Ec10, Principles of Economics, Lecture, Faculty of Arts and Sciences, Harvard University, Cambridge, Massachusetts",3047,1.0,0.0,2.215293731539219,0.3281916639317361,3.281916639317361,51.19789957335083,5.90744995077125,0.6563833278634722,7.548408270429931,1.9691499835904167,130.0,0.13846153846153847,2.543485395470955
2023-03-02,https://www.federalreserve.gov/newsevents/speech/waller20230302a.htm,February’s Hot Data Releases,Governor Christopher J. Waller,"At the Mid-Size Bank Coalition of America, Los Angeles, California (via webcast)",1187,1.0,1.4743049705139004,2.316764953664701,8.424599831508003,10.951979780960404,33.69839932603201,21.061499578770007,0.8424599831508003,5.897219882055602,0.0,42.0,0.16666666666666666,12.215669755686605
2023-03-03,https://www.federalreserve.gov/newsevents/speech/bowman20230303a.htm,Panel on “Design Issues for Central Bank Facilities in the Future”,Governor Michelle W. Bowman,"At The Chicago Booth Initiative on Global Markets Workshop on Market Dysfunction, Chicago, Illinois",796,1.0,0.0,0.0,0.0,0.0,0.0,0.0,0.0,0.0,0.0,32.0,0.09375,0.0
2023-03-09,https://www.federalreserve.gov/newsevents/speech/barr20230309a.htm,Supporting Innovation with Guardrails: The Federal Reserve’s Approach to Supervision and Regulation of Banks’ Crypto-related Activities,Vice Chair for Supervision Michael S. Barr,"At the Peterson Institute for International Economics, Washington, D.C.",3043,1.2,-0.3286230693394676,0.0,0.0,0.6572461386789352,0.6572461386789352,0.3286230693394676,0.0,0.0,0.0,130.0,0.09230769230769231,0.3286230693394676
2023-03-14,https://www.federalreserve.gov/newsevents/speech/bowman20230314a.htm,The Innovation Imperative: Modernizing Traditional Banking,Governor Michelle W. Bowman,"At the Independent Community Bankers of America ICBA Live 2023 Conference, Honolulu, Hawaii",4466,1.0,0.0,0.0,0.0,0.8956560680698611,1.1195700850873265,0.0,0.0,0.22391401701746527,0.0,199.0,0.12562814070351758,0.0
2023-03-27,https://www.federalreserve.gov/newsevents/speech/jefferson20230327a.htm,Implementation and Transmission of Monetary Policy,Governor Philip N. Jefferson,"At the H. Parker Willis Lecture, Washington and Lee University, Lexington, Virginia",3635,1.0,-0.27510316368638243,0.8253094910591472,0.27510316368638243,8.528198074277855,5.226960110041266,1.6506189821182944,0.0,0.0,0.0,169.0,0.023668639053254437,1.375515818431912
2023-03-29,https://www.federalreserve.gov/newsevents/speech/barr20230329a.htm,Brief Remarks,Vice Chair for Supervision Michael S. Barr,"At the National Community Reinvestment Coalition Just Economy Conference, Washington, D.C. (via prerecorded video)",732,1.2,0.0,0.0,0.0,0.0,0.0,0.0,0.0,0.0,0.0,31.0,0.0,0.0
2023-03-31,https://www.federalreserve.gov/newsevents/speech/cook20230331a.htm,The U.S. Economic Outlook and Monetary Policy,Governor Lisa D. Cook,"At the 2023 Midwest Economics Association 87th Annual Meeting, Cleveland, Ohio",2084,1.0,4.0786948176583495,-0.4798464491362764,2.8790786948176583,16.794625719769673,20.633397312859884,14.39539347408829,0.4798464491362764,2.399232245681382,0.0,107.0,0.09345794392523364,7.437619961612284
2023-03-31,https://www.federalreserve.gov/newsevents/speech/waller20230331a.htm,The Unstable Phillips Curve,Governor Christopher J. Waller,"At the Macroeconomics and Monetary Policy, a conference sponsored by the Federal Reserve Bank of San Francisco, San Francisco, California",2183,1.0,1.3742556115437472,5.840586349060926,2.7485112230874944,5.497022446174989,45.80852038479158,16.032982134677052,1.832340815391663,27.485112230874943,4.122766834631242,103.0,0.2524271844660194,9.963353183692167
2023-04-04,https://www.federalreserve.gov/newsevents/speech/cook20230404a.htm,Welcoming Remarks,Governor Lisa D. Cook,"At ""Exploring Careers in Economics,"" a conference sponsored by the Board of Governors of the Federal Reserve System, Washington, D.C.",485,1.0,0.0,0.0,0.0,1.0,0.0,0.0,0.0,0.0,0.0,33.0,0.030303030303030304,0.0
2023-04-14,https://www.federalreserve.gov/newsevents/speech/bowman20230414a.htm,The Consequences of Fewer Banks in the U.S. Banking System,Governor Michelle W. Bowman,"At the Wharton Financial Regulation Conference, Philadelphia, Pennsylvania",4472,1.0,0.5031305903398926,0.0,0.0,2.9069767441860463,0.0,0.0,0.6708407871198568,0.0,0.0,184.0,0.059782608695652176,0.5031305903398926
2023-04-14,https://www.federalreserve.gov/newsevents/speech/waller20230414a.htm,Financial Stabilization and Macroeconomic Stabilization: Two Tools for Two Problems,Governor Christopher J. Waller,"At the Graybar National Training Conference, San Antonio, Texas",1851,1.0,3.7817396002160995,5.672609400324149,4.592112371690978,10.804970286331713,14.046461372231226,11.885467314964885,2.7012425715829282,3.2414910858995136,1.0804970286331712,73.0,0.1232876712328767,14.046461372231228
2023-04-18,https://www.federalreserve.gov/newsevents/speech/bowman20230418a.htm,Considerations for a Central Bank Digital Currency,Governor Michelle W. Bowman,"At the Georgetown University McDonough School of Business Psaros Center for Financial Markets and Policy, Washington, DC",3603,1.0,0.0,0.27754648903691365,0.0,1.1101859561476546,0.832639467110741,0.0,0.0,0.0,0.0,153.0,0.0718954248366013,0.27754648903691365
2023-04-20,https://www.federalreserve.gov/newsevents/speech/bowman20230420a.htm,Brief Remarks,Governor Michelle W. Bowman,"At the Fed Listens Event hosted by the Federal Reserve Bank of Dallas, Odessa, Texas",571,1.0,0.0,1.0,3.0,0.0,3.0,7.0,0.0,0.0,0.0,22.0,0.09090909090909091,4.0
2023-04-20,https://www.federalreserve.gov/newsevents/speech/waller20230420a.htm,Innovation and the Future of Finance,Governor Christopher J. Waller,"At the Cryptocurrency and the Future of Global Finance, Sarasota, Florida",1804,1.0,0.6929046563192904,0.0,0.0,2.7716186252771617,0.5543237250554324,0.0,0.5543237250554324,0.0,0.0,73.0,0.0273972602739726,0.6929046563192904
2023-04-21,https://www.federalreserve.gov/newsevents/speech/cook20230421a.htm,Important Questions for Economic Research,Governor Lisa D. Cook,"At the Carroll Round Keynote Speech, Georgetown University McDonough School of Business, Washington, D.C.",2277,1.0,1.7566974088713219,-3.623188405797101,3.5133948177426437,7.0267896354852875,21.519543258673693,19.32367149758454,0.43917435221783047,3.5133948177426437,0.0,109.0,0.09174311926605505,8.893280632411066
2023-05-05,https://www.federalreserve.gov/newsevents/speech/cook20230505a.htm,Commencement Address,Governor Lisa D. Cook,"At the 2023 Spring Convocation, Michigan State University, East Lansing, Michigan",1526,1.0,0.0,0.0,0.0,0.0,0.0,0.655307994757536,0.0,0.0,0.0,114.0,0.008771929824561403,0.0
2023-05-11,https://www.federalreserve.gov/newsevents/speech/waller20230511a.htm,Climate Change and Financial Stability,Governor Christopher J. Waller,"At the IE University - Banco de España - Federal Reserve Bank of St. Louis Conference Current Challenges in Economics and Finance, Madrid, Spain",2501,1.0,0.0,-1.399440223910436,0.0,2.3990403838464616,1.599360255897641,0.7996801279488205,0.39984006397441024,0.39984006397441024,0.0,113.0,0.05309734513274336,1.399440223910436
2023-05-12,https://www.federalreserve.gov/newsevents/speech/bowman20230512a.htm,"The Evolving Nature of Banking, Bank Culture, and Bank Runs",Governor Michelle W. Bowman,"At the 21st Annual Symposium on Building the Financial System of the 21st Century: An Agenda for Europe and the United States, European Central Bank, Frankfurt, Germany",4961,1.0,0.15117919774239064,2.0157226365652083,0.705502922797823,1.8141503729086876,2.822011691191292,1.411005845595646,0.4031445273130417,1.0078613182826042,0.8062890546260834,212.0,0.11320754716981132,2.8724047571054223
2023-05-12,https://www.federalreserve.gov/newsevents/speech/jefferson20230512a.htm,On the Assessment of Current Monetary Policy,Governor Philip N. Jefferson,"At the ""How to Get Back on Track: A Policy Conference,"" Hoover Institution, Stanford, California",1699,1.0,-1.912889935256033,-6.474396703943496,2.5014714537963507,14.714537963507945,21.18893466745144,10.005885815185403,2.3543260741612713,4.7086521483225425,0.5885815185403178,87.0,0.16091954022988506,10.888758092995879
2023-05-13,https://www.federalreserve.gov/newsevents/speech/cook20230513a.htm,Commencement Address,Governor Lisa D. Cook,"At the 2023 Spring Commencement, Tuskegee University, Tuskegee, Alabama",2014,1.0,0.0,0.0,0.0,0.496524329692155,0.496524329692155,1.4895729890764648,0.0,0.0,0.0,119.0,0.025210084033613446,0.0
2023-05-15,https://www.federalreserve.gov/newsevents/speech/cook20230515a.htm,Commencement Address,Governor Lisa D. Cook,"At the Spring 2023 Economics Commencement Ceremony, University of California, Berkeley, Berkeley, California",1970,1.0,0.0,0.0,0.0,1.015228426395939,0.5076142131979695,1.015228426395939,0.0,0.0,0.0,105.0,0.02857142857142857,0.0
2023-05-18,https://www.federalreserve.gov/newsevents/speech/jefferson20230518a.htm,The U.S. Economic Outlook and Considerations for Monetary Policy,Governor Philip N. Jefferson,"At the 2023 International Insurance Forum, National Association of Insurance Commissioners (NAIC), Washington, D.C.",1471,1.0,-4.588715159755268,-2.719238613188307,-1.0197144799456153,16.995241332426918,21.07409925220938,17.675050985723995,6.798096532970768,2.719238613188307,2.0394289598912305,69.0,0.15942028985507245,8.32766825288919
2023-05-19,https://www.federalreserve.gov/newsevents/speech/bowman20230519a.htm,Considerations for Revisions to the Bank Regulatory Framework,Governor Michelle W. Bowman,"At the Texas Bankers Association Annual Convention, San Antonio, Texas",3113,1.0,0.32123353678123995,0.0,0.0,0.32123353678123995,0.0,0.0,0.0,0.0,0.0,130.0,0.07692307692307693,0.32123353678123995
2023-05-24,https://www.federalreserve.gov/newsevents/speech/waller20230524a.htm,"Hike, Skip, or Pause?",Governor Christopher J. Waller,"At the 2023 Santa Barbara County Economic Summit, University of California, Santa Barbara Economic Forecast Project, Santa Barbara, California (via webcast)",2286,1.0,-0.32808398950131235,-3.499562554680665,-2.1872265966754156,5.686789151356081,16.62292213473316,13.560804899387577,1.3123359580052494,0.4374453193350831,0.0,99.0,0.09090909090909091,6.014873140857393
2023-05-31,https://www.federalreserve.gov/newsevents/speech/bowman20230531a.htm,Brief Remarks,Governor Michelle W. Bowman,"At a Fed Listens Event on Transitioning to the Post-Pandemic Economy, Federal Reserve Bank of Boston, Boston, Massachusetts",655,1.0,-1.0,-3.5,2.0,2.0,8.0,13.0,0.0,3.0,0.0,25.0,0.08,6.5
2023-05-31,https://www.federalreserve.gov/newsevents/speech/jefferson20230531a.htm,Financial Stability and the U.S. Economy,Governor Philip N. Jefferson,"At the 22nd Annual International Conference on Policy Challenges for the Financial Sector, Washington, D.C.",1881,1.0,0.0,-2.126528442317916,-1.063264221158958,2.658160552897395,1.594896331738437,1.063264221158958,1.594896331738437,0.0,0.0,88.0,0.11363636363636363,3.189792663476874
2023-06-16,https://www.federalreserve.gov/newsevents/speech/waller20230616a.htm,Financial Stability and Macroeconomic Policy,Governor Christopher J. Waller,"At ""The Future of Macroeconomic Policy,” a conference sponsored by the Norges Bank, the International Monetary Fund, and the IMF Economic Review, Oslo, Norway",1023,1.0,-1.2218963831867058,2.932551319648094,0.0,1.9550342130987295,2.932551319648094,1.9550342130987295,1.9550342130987295,0.0,0.0,43.0,0.046511627906976744,4.1544477028347995
2023-06-22,https://www.federalreserve.gov/newsevents/speech/bowman20230622a.htm,Opening Remarks,Governor Michelle W. Bowman,"At “Fed Listens: Transitioning to the Post-Pandemic Economy,” a plenary session at Policy Summit 2023: Communities Thriving in a Changing Economy, hosted by the Federal Reserve Bank of Cleveland, Cleveland, Ohio",985,1.0,6.25,3.25,6.0,8.0,14.0,11.0,2.0,4.0,0.0,43.0,0.06976744186046512,15.5
2023-06-22,https://www.federalreserve.gov/newsevents/speech/waller20230622a.htm,Welcoming Remarks,Governor Christopher J. Waller,"At the 2023 International Journal of Central Banking Conference, Dublin, Ireland",760,1.0,0.0,1.0,0.0,1.0,4.0,1.0,0.0,0.0,0.0,27.0,0.0,1.0
2023-06-25,https://www.federalreserve.gov/newsevents/speech/bowman20230625a.htm,Responsive and Responsible Bank Regulation and Supervision,Governor Michelle W. Bowman,"At the Salzburg Global Seminar on Global Turbulence and Financial Resilience: Implications for Financial Services and Society, Salzburg, Austria",4515,1.0,0.221483942414175,1.1074197120708749,0.0,0.8859357696567,0.6644518272425249,0.0,0.221483942414175,0.0,0.0,184.0,0.08695652173913043,1.3289036544850499
2023-06-29,https://www.federalreserve.gov/newsevents/speech/powell20230629a.htm,Financial Stability and Economic Developments,Chair Jerome H. Powell,"At the Banco de Espana Fourth Conference on Financial Stability, Madrid, Spain",1643,1.5,0.15216068167985392,2.7388922702373706,0.7608034083992696,8.52099817407182,7.303712720632988,7.912355447352404,0.6086427267194157,3.0432136335970785,0.6086427267194157,88.0,0.03409090909090909,3.651856360316494
2023-07-10,https://www.federalreserve.gov/newsevents/speech/barr20230710a.htm,Holistic Capital Review,Vice Chair for Supervision Michael S. Barr,"At the Bipartisan Policy Center, Washington, D.C.",4393,1.2,0.45526974732529024,0.0,0.5121784657409515,0.22763487366264512,0.22763487366264512,0.45526974732529024,0.0,0.0,0.22763487366264512,179.0,0.0223463687150838,0.9674482130662417
2023-07-13,https://www.federalreserve.gov/newsevents/speech/waller20230713a.htm,Big Shocks Travel Fast: Why Policy Lags May Be Shorter Than You Think,Governor Christopher J. Waller,"At the Money Marketeers of New York University, New York, New York",3393,1.0,1.8420277040966697,1.7683465959328029,1.7683465959328029,6.18921308576481,10.31535514294135,6.483937518420277,2.0630710285882703,2.0630710285882703,0.0,142.0,0.14788732394366197,5.378720895962275
2023-07-18,https://www.federalreserve.gov/newsevents/speech/barr20230718a.htm,Furthering the Vision of the Fair Housing Act,Vice Chair for Supervision Michael S. Barr,"At ""Fair Housing at 55-Advancing a Blueprint for Equity"" National Fair Housing Alliance 2023 National Conference, Washington, D.C.",1645,1.2,0.0,0.0,0.0,0.60790273556231,0.0,0.0,0.0,0.0,0.0,65.0,0.0,0.0
2023-08-05,https://www.federalreserve.gov/newsevents/speech/bowman20230805a.htm,Brief Remarks on the Economy and Monetary Policy,Governor Michelle W. Bowman,"At the 2023 CEO and Senior Management Summit and Annual Meeting, sponsored by the Kansas Bankers Association, Colorado Springs, Colorado",604,1.0,-1.0,5.5,2.0,9.0,15.0,13.0,0.0,2.0,0.0,26.0,0.19230769230769232,8.5
2023-08-07,https://www.federalreserve.gov/newsevents/speech/bowman20230807a.htm,Welcoming Remarks,Governor Michelle W. Bowman,"At ""Fed Listens: Community Listening Session"" hosted by the Federal Reserve Bank of Atlanta, Atlanta, Georgia",1008,1.0,3.9682539682539684,7.936507936507937,4.9603174603174605,5.9523809523809526,17.857142857142858,25.793650793650794,0.0,0.9920634920634921,0.0,36.0,0.05555555555555555,16.865079365079367
2023-08-22,https://www.federalreserve.gov/newsevents/speech/bowman20230822a.htm,Welcoming Remarks,Governor Michelle W. Bowman,"At “Fed Listens: Joining the Labor Force after COVID, A Discussion on Youth Employment,” hosted by the Federal Reserve Bank of Chicago, Chicago, Illinois",779,1.0,2.0,2.0,1.0,3.0,1.0,16.0,1.0,0.0,0.0,29.0,0.034482758620689655,5.0
2023-08-25,https://www.federalreserve.gov/newsevents/speech/powell20230825a.htm,Inflation: Progress and the Path Ahead,Chair Jerome H. Powell,"At “Structural Shifts in the Global Economy,” an economic policy symposium sponsored by the Federal Reserve Bank of Kansas City, Jackson Hole, Wyoming",2087,1.5,-4.671777671298514,-4.312410158121706,-1.1978917105893627,18.687110685194057,25.87446094873023,16.770483948251076,2.87494010541447,2.3957834211787254,1.9166267369429801,103.0,0.0970873786407767,10.182079540009582
2023-09-08,https://www.federalreserve.gov/newsevents/speech/barr20230908a.htm,The Federal Reserve’s Role in Supporting Responsible Innovation,Vice Chair for Supervision Michael S. Barr,"At the Federal Reserve Bank of Philadelphia Seventh Annual Fintech Conference, Philadelphia, Pennsylvania",1660,1.2,0.6024096385542169,0.0,0.0,1.2048192771084338,0.0,0.0,0.0,0.0,0.0,68.0,0.029411764705882353,0.6024096385542169
2023-09-22,https://www.federalreserve.gov/newsevents/speech/bowman20230922a.htm,Brief Remarks on the Economy and Monetary Policy,Governor Michelle W. Bowman,"At Independent Community Bankers of Colorado, Golden Jubilee, Vail, Colorado",1134,1.0,0.0,5.070546737213404,1.7636684303350971,5.291005291005291,15.873015873015875,7.936507936507938,0.0,7.936507936507938,0.0,46.0,0.17391304347826086,6.834215167548502
2023-09-22,https://www.federalreserve.gov/newsevents/speech/cook20230922a.htm,"Generative AI, Productivity, the Labor Market, and Choice Behavior",Governor Lisa D. Cook,"At the National Bureau of Economic Research Economics of Artificial Intelligence Conference, Fall 2023, Toronto, Canada",2395,1.0,2.5052192066805845,0.0,0.4175365344467641,7.933194154488517,0.8350730688935282,19.206680584551147,0.4175365344467641,0.0,2.0876826722338206,112.0,0.03571428571428571,2.9227557411273484
2023-09-26,https://www.federalreserve.gov/newsevents/speech/bowman20230926a.htm,Welcoming Remarks,Governor Michelle W. Bowman,"At the FedCommunities event ""Keys to Opportunity in the Housing Market: Research on Strategies for Preserving and Expanding Rental Housing Affordability,"" Washington, D.C.",955,1.0,0.0,2.0,2.0,2.0,8.0,2.0,0.0,0.0,0.0,51.0,0.0392156862745098,4.0
2023-09-27,https://www.federalreserve.gov/newsevents/speech/bowman20230927a.htm,Panel Remarks,Governor Michelle W. Bowman,"At the 2023 Symposium on Indigenous Inclusion, The Central Bank Network for Indigenous Inclusion and The Reserve Bank of New Zealand-Te Pūtea Matua, Auckland, New Zealand",1496,1.0,0.0,0.0,0.6684491978609626,0.6684491978609626,0.0,4.010695187165775,0.0,0.0,0.0,70.0,0.04285714285714286,0.6684491978609626
2023-09-28,https://www.federalreserve.gov/newsevents/speech/cook20230928a.htm,Closing Remarks,Governor Lisa D. Cook,"At the Minorities in Banking Forum, Federal Reserve Bank of Dallas, Dallas, Texas",496,1.0,0.0,0.0,0.0,0.0,0.0,0.0,0.0,0.0,0.0,27.0,0.0,0.0
2023-09-28,https://www.federalreserve.gov/newsevents/speech/powell20230928a.htm,Welcoming Remarks,Chair Jerome H. Powell,"At Conversation with the Chair: A Teacher Town Hall Meeting, Washington, D.C. (and by webcast)",754,1.5,0.0,0.0,0.0,2.0,0.0,0.0,2.0,0.0,0.0,42.0,0.11904761904761904,0.0
2023-10-02,https://www.federalreserve.gov/newsevents/speech/barr20231002a.htm,Monetary Policy and Financial Stability,Vice Chair for Supervision Michael S. Barr,"At the Forecasters Club of New York, New York, New York",3418,1.2,0.07314218841427735,0.6582796957284962,-0.1462843768285547,7.021650087770626,4.388531304856641,4.388531304856641,2.340550029256875,1.462843768285547,0.8777062609713282,151.0,0.09271523178807947,0.8777062609713282
2023-10-02,https://www.federalreserve.gov/newsevents/speech/bowman20231002a.htm,Brief Remarks on the Economy and Bank Regulation,Governor Michelle W. Bowman,"At the CEO/Executive Management Conference sponsored by the Mississippi Bankers Association and the Tennessee Bankers Association, Banff, Canada",2098,1.0,0.47664442326024786,2.9790276453765494,0.9532888465204957,4.289799809342231,9.05624404194471,4.289799809342231,0.0,4.289799809342231,0.0,73.0,0.1506849315068493,4.4089609151572935
2023-10-04,https://www.federalreserve.gov/newsevents/speech/bowman20231004a.htm,"The Role of Research, Data, and Analysis in Banking Reforms",Governor Michelle W. Bowman,"At the 2023 Community Banking Research Conference sponsored by the Federal Reserve System, the Conference of State Bank Supervisors, and the Federal Deposit Insurance Corporation, St. Louis, Missouri",4181,1.0,0.0,0.0,0.0,1.9134178426213824,0.7175316909830184,1.195886151638364,0.2391772303276728,0.0,0.0,156.0,0.08333333333333333,0.0
2023-10-07,https://www.federalreserve.gov/newsevents/speech/bowman20231007a.htm,Brief Remarks on the Economy and Insights from Past Bank Regulatory Reform Efforts,Governor Michelle W. Bowman,"At the Connecticut Bankers Association Annual Meeting, White Sulphur Springs, West Virginia",2452,1.0,0.4078303425774878,2.5489396411092984,0.8156606851549756,3.2626427406199023,8.156606851549755,4.078303425774878,0.0,3.6704730831973897,0.0,89.0,0.14606741573033707,3.772430668841762
2023-10-09,https://www.federalreserve.gov/newsevents/speech/barr20231009a.htm,Capital Supports Lending,Vice Chair for Supervision Michael S. Barr,"At the American Bankers Association Annual Convention, Nashville, Tennessee",1888,1.2,0.5296610169491526,1.5889830508474576,0.0,2.648305084745763,3.1779661016949152,1.5889830508474576,0.0,0.0,0.0,87.0,0.06896551724137931,2.1186440677966103
2023-10-09,https://www.federalreserve.gov/newsevents/speech/jefferson20231009a.htm,U.S. Economic Outlook and Monetary Policy Transmission,Vice Chair Philip N. Jefferson,"At ""Beyond the Business Cycle: Adapting to a New Global Paradigm"" 65th Annual Meeting of the National Association for Business Economics, Dallas, Texas",1722,1.2,-2.6132404181184667,5.08130081300813,2.758420441347271,10.452961672473867,21.486643437862952,18.583042973286876,2.9036004645760745,2.9036004645760745,6.3879210220673635,81.0,0.19753086419753085,10.452961672473867
2023-10-10,https://www.federalreserve.gov/newsevents/speech/waller20231010a.htm,Monetary Policy Analysis and the Development of Federal Reserve Policymaking,Governor Christopher J. Waller,"At ""The Legacy of Bennett McCallum and Lessons for Monetary Policy Today,"" a conference sponsored by the Mercatus Center at George Mason University, Washington, D.C.",2996,1.0,1.0013351134846462,1.5020026702269693,0.0,4.339118825100133,11.348464619492656,5.674232309746328,0.0,1.335113484646195,0.0,123.0,0.06504065040650407,2.5033377837116157
2023-10-11,https://www.federalreserve.gov/newsevents/speech/bowman20231011a.htm,Financial Stability in Uncertain Times,Governor Michelle W. Bowman,"At the Reinventing Bretton Woods Committee and Policy Center for the New South Marrakech Economic Festival, Marrakech, Morocco",2834,1.0,2.117148906139732,3.0875088214537754,1.4114326040931544,3.1757233592095977,3.528581510232886,1.764290755116443,0.0,0.3528581510232886,0.0,122.0,0.02459016393442623,6.616090331686662
2023-10-17,https://www.federalreserve.gov/newsevents/speech/bowman20231017a.htm,Responsible Innovation in Money and Payments,Governor Michelle W. Bowman,"At Roundtable on Central Bank Digital Currency, Harvard Law School Program on International Financial Systems, Washington, D.C.",3164,1.0,0.0,0.0,0.0,0.0,0.0,0.0,0.0,0.0,0.0,137.0,0.043795620437956206,0.0
2023-10-18,https://www.federalreserve.gov/newsevents/speech/bowman20231018a.htm,Brief Remarks,Governor Michelle W. Bowman,"At a Fed Listens event on Transitioning to the Post-Pandemic Economy, hosted by the Federal Reserve Bank of Richmond, Richmond, Virginia",783,1.0,2.0,2.0,0.0,12.0,4.0,1.0,1.0,0.0,0.0,27.0,0.037037037037037035,4.0
2023-10-18,https://www.federalreserve.gov/newsevents/speech/cook20231018a.htm,The Evolution of the Federal Reserve’s Employment Mandate,Governor Lisa D. Cook,"At the Louis E. Martin Awards Ceremony at the 2023 Future of Black Communities Summit, Joint Center for Political and Economic Studies, Washington, D.C.",1656,1.0,0.0,-1.2077294685990339,-1.2077294685990339,2.4154589371980677,4.2270531400966185,32.0048309178744,0.0,1.2077294685990339,2.4154589371980677,69.0,0.043478260869565216,2.4154589371980677
2023-10-18,https://www.federalreserve.gov/newsevents/speech/waller20231018a.htm,Something’s Got to Give,Governor Christopher J. Waller,"At the Distinguished Speaker Seminar, European Economics and Financial Center, London, United Kingdom",2210,1.0,7.579185520361991,0.7918552036199095,4.751131221719457,25.339366515837103,19.90950226244344,11.312217194570136,6.787330316742081,6.334841628959276,0.9049773755656109,97.0,0.18556701030927836,13.122171945701357
2023-10-19,https://www.federalreserve.gov/newsevents/speech/barr20231019a.htm,Multiple Scenarios in Stress Testing,Vice Chair for Supervision Michael S. Barr,"At the Stress Test Research Conference at the Federal Reserve Bank of Boston, Boston, Massachusetts",2514,1.2,-0.3977724741447892,-1.1933174224343677,0.0,0.3977724741447892,1.9888623707239461,0.3977724741447892,0.0,0.0,0.0,100.0,0.05,1.591089896579157
2023-10-19,https://www.federalreserve.gov/newsevents/speech/jefferson20231019a.htm,Opening Remarks,Vice Chair Philip N. Jefferson,"At the 18th Central Bank Conference on the Microstructure of Financial Markets, Board of Governors of the Federal Reserve System, Washington, D.C.",942,1.2,1.0,0.0,0.0,1.0,0.0,0.0,0.0,0.0,0.0,46.0,0.043478260869565216,1.0
2023-10-19,https://www.federalreserve.gov/newsevents/speech/powell20231019a.htm,Opening Remarks,Chair Jerome H. Powell,"At the Economic Club of New York Luncheon, New York, New York",978,1.5,2.5,-1.5,4.5,13.0,28.0,20.0,2.0,3.0,3.0,45.0,0.15555555555555556,8.5
2023-10-25,https://www.federalreserve.gov/newsevents/speech/powell20231025a.htm,Introductory Remarks,Chair Jerome H. Powell,"At the 2023 Daniel Patrick Moynihan Lecture on Social Science and Public Policy, hosted by the American Academy of Political and Social Science, Washington, D.C.",868,1.5,0.0,0.0,0.0,0.0,1.0,0.0,0.0,0.0,0.0,34.0,0.0,0.0
2023-10-26,https://www.federalreserve.gov/newsevents/speech/waller20231026a.htm,Welcome Remarks,Governor Christopher J. Waller,"At the Economics of Payments XII Conference, Washington D.C.",795,1.0,0.0,0.0,0.0,2.0,0.0,0.0,0.0,0.0,0.0,37.0,0.0,0.0
2023-10-27,https://www.federalreserve.gov/newsevents/speech/barr20231027a.htm,Opening Remarks,Vice Chair for Supervision Michael S. Barr,"At the Economics of Payments XII Conference, Federal Reserve Board, Washington, D.C.",960,1.2,0.0,0.0,0.0,1.0,0.0,0.0,0.0,0.0,0.0,38.0,0.0,0.0
2023-11-06,https://www.federalreserve.gov/newsevents/speech/cook20231106a.htm,Financial Stability: Resilience and Challenges,Governor Lisa D. Cook,"At Duke University, Durham, North Carolina",2481,1.0,-2.418379685610641,2.0153164046755343,-0.40306328093510685,5.239822652156389,4.836759371221282,0.8061265618702137,0.40306328093510685,0.0,0.0,108.0,0.037037037037037035,4.836759371221282
2023-11-07,https://www.federalreserve.gov/newsevents/speech/bowman20231107a.htm,Remarks on the Economy and Bank Supervision and Regulation,Governor Michelle W. Bowman,"At the 2023 Ohio Bankers League ""Main Event,"" Columbus, Ohio",4754,1.0,0.6310475389145983,1.9983172065628947,0.0,1.2620950778291966,7.36222128733698,1.8931426167437948,0.0,0.6310475389145983,0.0,177.0,0.11864406779661017,2.629364745477493
2023-11-07,https://www.federalreserve.gov/newsevents/speech/waller20231107a.htm,Using Economic Data to Understand the Economy,Governor Christopher J. Waller,"At ""Beyond the Numbers,"" a conference hosted by the Research Division of the Federal Reserve Bank of St. Louis, St. Louis, Missouri",463,1.0,0.0,0.0,0.0,2.0,4.0,7.0,0.0,0.0,0.0,31.0,0.06451612903225806,0.0
2023-11-08,https://www.federalreserve.gov/newsevents/speech/cook20231108a.htm,"Financial Stability: Resilience, Challenges, and Global Connections",Governor Lisa D. Cook,"At the Central Bank of Ireland, Dublin, Ireland",2329,1.0,-3.0055817947617003,2.1468441391155,-0.4293688278231,6.011163589523401,7.2992700729927,0.8587376556462,0.4293688278231,0.0,0.0,105.0,0.01904761904761905,5.5817947617003005
2023-11-08,https://www.federalreserve.gov/newsevents/speech/jefferson20231108a.htm,"Research and Statistics Centennial Anniversary: Past, Present and Future",Vice Chair Philip N. Jefferson,"At ""A Look at the Past, Present, and Future,"" a conference celebrating the Centennial of the Division of Research and Statistics, Board of Governors of the Federal Reserve System, Washington, D.C.",1300,1.2,0.0,0.7692307692307692,0.0,0.7692307692307692,2.3076923076923075,0.7692307692307692,0.0,1.5384615384615383,0.0,53.0,0.24528301886792453,0.7692307692307692
2023-11-08,https://www.federalreserve.gov/newsevents/speech/powell20231108a.htm,Opening Remarks,Chair Jerome H. Powell,"At ""A Look at the Past, Present, and Future,"" a conference celebrating the Centennial of the Division of Research and Statistics, Board of Governors of the Federal Reserve System, Washington, D.C.",893,1.5,1.0,0.0,0.0,2.0,0.0,0.0,1.0,0.0,0.0,44.0,0.1590909090909091,1.0
2023-11-09,https://www.federalreserve.gov/newsevents/speech/bowman20231109a.htm,Remarks on the Economy and Prioritization of Bank Supervision and Regulation,Governor Michelle W. Bowman,"At New York Bankers Association's Financial Services Forum, Palm Beach, Florida",5920,1.0,0.5067567567567568,2.5337837837837838,0.0,1.1824324324324325,6.587837837837838,1.5202702702702704,0.0,0.8445945945945946,0.0,236.0,0.08050847457627118,3.0405405405405403
2023-11-09,https://www.federalreserve.gov/newsevents/speech/powell20231109a.htm,Opening Remarks,Chair Jerome H. Powell,"At ""Monetary Policy Challenges in a Global Economy,"" a policy panel at the 24th Jacques Polak Annual Research Conference, hosted by the International Monetary Fund, Washington, D.C.",1625,1.5,6.0,2.3076923076923075,3.5384615384615383,12.923076923076923,27.692307692307693,9.846153846153847,2.4615384615384617,8.615384615384615,0.6153846153846154,71.0,0.15492957746478872,11.846153846153845
2023-11-13,https://www.federalreserve.gov/newsevents/speech/cook20231113a.htm,Welcoming Remarks,Governor Lisa D. Cook,"At the 5th Annual Conference on ""Nontraditional Data, Machine Learning, and Natural Language Processing in Macroeconomics,"" Washington, D.C.",1054,1.0,0.0,0.0,0.0,0.9487666034155597,1.8975332068311195,2.846299810246679,0.9487666034155597,0.9487666034155597,0.9487666034155597,46.0,0.08695652173913043,0.0
2023-11-14,https://www.federalreserve.gov/newsevents/speech/jefferson20231114a.htm,Elevated Economic Uncertainty: Causes and Consequences,Vice Chair Philip N. Jefferson,"At “Global Risk, Uncertainty, and Volatility,” a research conference sponsored by the Federal Reserve Board of Governors, Swiss National Bank and the Bank for International Settlements, Zurich, Switzerland (virtual)",2547,1.2,0.0,2.6501766784452294,-0.39261876717707106,3.5335689045936394,7.45975657636435,1.9630938358853551,0.0,1.9630938358853551,0.0,117.0,0.11965811965811966,3.0427954456223003
2023-11-16,https://www.federalreserve.gov/newsevents/speech/barr20231116a.htm,The 2023 U.S. Treasury Market Conference,Vice Chair for Supervision Michael S. Barr,"At the Federal Reserve Bank of New York, New York, New York",2506,1.2,0.0,0.0,0.0,1.9952114924181965,1.5961691939345573,0.0,0.3990422984836393,0.3990422984836393,0.0,105.0,0.047619047619047616,0.0
2023-11-16,https://www.federalreserve.gov/newsevents/speech/cook20231116a.htm,"Global Linkages: Supply, Spillovers, and Common Challenges",Governor Lisa D. Cook,"At “Global Linkages in a Post-Pandemic World” 2023 Asia Economic Policy Conference, sponsored by the Federal Reserve Bank of San Francisco Center for Pacific Basin Studies, San Francisco, California",2427,1.0,0.10300782859497322,0.4120313143798929,-0.5150391429748661,11.536876802637,14.833127317676142,9.88875154511743,0.8240626287597858,3.7082818294190356,0.8240626287597858,121.0,0.05785123966942149,1.0300782859497322
2023-11-28,https://www.federalreserve.gov/newsevents/speech/barr20231128a.htm,Serving Indian Country with the Modernized Community Reinvestment Act,Vice Chair for Supervision Michael S. Barr,"At the Modernized Community Reinvestment Act and Indian Country, the Federal Reserve Bank of Minneapolis, Minneapolis, Minnesota (virtual)",1280,1.2,0.0,0.0,0.0,3.125,0.0,0.0,0.0,0.0,0.0,51.0,0.0,0.0
2023-11-28,https://www.federalreserve.gov/newsevents/speech/bowman20231128a.htm,Reflections on the Economy and Monetary Policy,Governor Michelle W. Bowman,"At the Utah Bankers Association and Salt Lake City Chamber Banker and Business Leader Breakfast, Salt Lake City, Utah",3178,1.0,4.247954688483323,9.833228445563247,6.057268722466961,11.95720578980491,16.677155443675268,12.901195720578981,1.5733165512901197,4.090623033354311,0.6293266205160478,115.0,0.1826086956521739,20.13845185651353
2023-11-28,https://www.federalreserve.gov/newsevents/speech/waller20231128a.htm,Something Appears to Be Giving,Governor Christopher J. Waller,"At the American Enterprise Institute, Washington, D.C.",2240,1.0,0.33482142857142855,-4.352678571428571,1.7857142857142856,24.999999999999996,31.69642857142857,12.94642857142857,4.017857142857142,1.7857142857142856,0.0,89.0,0.10112359550561797,6.473214285714286
2023-12-01,https://www.federalreserve.gov/newsevents/speech/barr20231201a.htm,The Importance of Effective Liquidity Risk Management,Vice Chair for Supervision Michael S. Barr,"At the ECB Forum on Banking Supervision, Frankfurt, Germany",3267,1.2,0.0,0.0,0.0,0.3060912151821243,0.3060912151821243,0.0,0.0,0.0,0.0,126.0,0.031746031746031744,0.0
2023-12-01,https://www.federalreserve.gov/newsevents/speech/powell20231201a.htm,Opening Remarks,Chair Jerome H. Powell,"At a Fireside Chat at Spelman College, Atlanta, Georgia",1247,1.5,3.2076984763432232,0.8019246190858058,0.8019246190858058,12.028869286287089,17.64234161988773,15.236567762630312,4.811547714514835,2.4057738572574174,0.0,51.0,0.11764705882352941,4.811547714514836
2023-12-05,https://www.federalreserve.gov/newsevents/speech/bowman20231205a.htm,Building a More Inclusive Financial System through Collaboration and Action,Governor Michelle W. Bowman,"At the Aspen Institute, Washington, D.C. (via pre-recorded video)",1736,1.0,0.0,0.0,0.0,1.728110599078341,0.5760368663594471,0.0,0.0,0.0,0.0,84.0,0.023809523809523808,0.0
2024-01-08,https://www.federalreserve.gov/newsevents/speech/bowman20240108a.htm,New Year’s Resolutions for Bank Regulatory Policymakers,Governor Michelle W. Bowman,"At the South Carolina Bankers Association 2024 Community Bankers Conference, Columbia, South Carolina",3710,1.0,-0.8086253369272237,-0.5390835579514824,0.5390835579514824,1.0781671159029649,3.7735849056603774,2.964959568733154,0.0,0.8086253369272237,0.0,147.0,0.16326530612244897,1.8867924528301887
2024-01-16,https://www.federalreserve.gov/newsevents/speech/waller20240116a.htm,Almost as Good as It Gets…But Will It Last?,Governor Christopher J. Waller,"At The Brookings Institution, Washington, D.C.",2607,1.0,-3.7399309551208284,-0.9589566551591867,0.863060989643268,16.49405446873801,22.631377061756808,27.234369006520904,3.835826620636747,4.986574606827771,8.055235903337168,112.0,0.14285714285714285,5.561948599923283
2024-01-17,https://www.federalreserve.gov/newsevents/speech/barr20240117a.htm,Opening Remarks,Vice Chair for Supervision Michael S. Barr,"At the Conference on Measuring Cyber Risk in the Financial Services Sector, Boston, Massachusetts",819,1.2,0.0,1.0,0.0,1.0,3.0,0.0,0.0,0.0,0.0,34.0,0.029411764705882353,1.0
2024-01-17,https://www.federalreserve.gov/newsevents/speech/bowman20240117a.htm,The Path Forward for Bank Capital Reform,Governor Michelle W. Bowman,"At Protect Main Street sponsored by the Center for Capital Markets at the U.S. Chamber of Commerce, Washington, D.C. (virtual)",3430,1.0,0.0,2.9154518950437316,0.0,0.0,3.498542274052478,0.0,0.0,0.0,0.0,139.0,0.03597122302158273,2.9154518950437316
2024-02-02,https://www.federalreserve.gov/newsevents/speech/bowman20240202a.htm,The Future of Banking,Governor Michelle W. Bowman,"At the 157th Assembly for Bank Directors, Southwestern Graduate School of Banking, Maui, Hawaii",3435,1.0,2.911208151382824,1.1644832605531295,3.784570596797671,3.2023289665211063,6.11353711790393,5.531295487627365,0.0,2.037845705967977,0.29112081513828236,127.0,0.1889763779527559,7.860262008733624
2024-02-07,https://www.federalreserve.gov/newsevents/speech/bowman20240207a.htm,Supporting Entrepreneurship & Small Businesses,Governor Michelle W. Bowman,"At the Uneven Outcomes in the Labor Market Conference, Washington, D.C. (via pre-recorded video)",1531,1.0,0.6531678641410843,0.0,1.7962116263879817,5.878510777269758,0.0,30.69888961463096,0.0,0.0,1.3063357282821686,75.0,0.05333333333333334,2.449379490529066
2024-02-07,https://www.federalreserve.gov/newsevents/speech/kugler20240207a.htm,The Outlook for the Economy and Monetary Policy,Governor Adriana D. Kugler,"At the Brookings Institution, Washington, D.C.",2653,1.0,-1.5077271013946476,-1.6961929890689784,0.9423294383716547,15.831134564643799,36.5623822088202,25.254428948360346,4.900113079532605,14.700339238597813,6.784771956275914,115.0,0.2608695652173913,4.1462495288352805
2024-02-12,https://www.federalreserve.gov/newsevents/speech/bowman20240212a.htm,Defining a Bank,Governor Michelle W. Bowman,"At the American Bankers Association 2024 Conference for Community Bankers, San Antonio, Texas",3078,1.0,0.0,0.0,0.0,0.32488628979857054,0.0,0.0,0.0,0.0,0.0,104.0,0.16346153846153846,0.0
2024-02-14,https://www.federalreserve.gov/newsevents/speech/barr20240214a.htm,"The Intersection of Monetary Policy, Market Functioning, and Liquidity Risk Management",Vice Chair for Supervision Michael S. Barr,"At the 40th Annual National Association for Business Economics (NABE) Economic Policy Conference, Washington, D.C.",2317,1.2,4.639620198532585,0.21579628830384115,5.179110919292188,9.49503668536901,7.768666378938281,9.926629261976693,1.7263703064307292,2.1579628830384117,0.0,105.0,0.0761904761904762,10.034527406128614
2024-02-15,https://www.federalreserve.gov/newsevents/speech/bowman20240215a.htm,Advancing Cross-Border Payments and Financial Inclusion,Governor Michelle W. Bowman,"At the 19th BCBS-FSI High-Level Meeting for Africa, Cape Town, South Africa",2491,1.0,0.0,0.0,0.0,0.8028904054596547,1.204335608189482,0.0,0.0,0.0,0.0,103.0,0.038834951456310676,0.0
2024-02-15,https://www.federalreserve.gov/newsevents/speech/waller20240215a.htm,The Dollar's International Role,Governor Christopher J. Waller,"At ""Climate, Currency, and Central Banking,"" a conference sponsored by the Global Interdependence Center and the University of the Bahamas, Nassau, Bahamas",2584,1.0,0.3869969040247678,0.0,0.0,3.869969040247678,1.547987616099071,0.0,0.0,0.0,0.0,130.0,0.046153846153846156,0.3869969040247678
2024-02-16,https://www.federalreserve.gov/newsevents/speech/barr20240216a.htm,"Supervision with Speed, Force, and Agility",Vice Chair for Supervision Michael S. Barr,"At the Annual Columbia Law School Banking Conference, New York, New York",2947,1.2,0.33932813030200204,0.0,0.0,0.6786562606040041,1.3573125212080082,0.0,0.0,0.33932813030200204,0.0,125.0,0.032,0.33932813030200204
2024-02-22,https://www.federalreserve.gov/newsevents/speech/cook20240222a.htm,Sources of Uncertainty in the Short Run and the Long Run,Governor Lisa D. Cook,"At ""Macrofinance in the Long Run: New Insights on the Global Economy"" 2024 Annual Conference of the Julis-Rabinowitz Center for Public Policy & Finance at Princeton's School of Public and International Affairs, Princeton, New Jersey",2861,1.0,1.835022719328906,0.4369101712687871,0.08738203425375742,20.971688220901783,16.427822439706397,16.777350576721425,1.7476406850751485,6.641034603285564,0.6990562740300593,135.0,0.1111111111111111,2.3593149248514504
2024-02-22,https://www.federalreserve.gov/newsevents/speech/jefferson20240222a.htm,Is This Time Different? Recent Monetary Policy Cycles in Retrospect,Vice Chair Philip N. Jefferson,"At the Peterson Institute for International Economics, Washington, D.C.",2496,1.2,-3.7059294871794872,-5.909455128205129,-2.003205128205128,12.01923076923077,18.42948717948718,8.413461538461538,4.407051282051282,2.003205128205128,0.0,114.0,0.14912280701754385,11.618589743589745
2024-02-22,https://www.federalreserve.gov/newsevents/speech/waller20240222a.htm,What’s the Rush?,Governor Christopher J. Waller,"At the Finding Forward Speaker Series, University of St. Thomas, Opus College of Business, Minneapolis, MN",2680,1.0,1.8656716417910446,1.0261194029850746,0.18656716417910446,12.686567164179104,30.597014925373134,15.671641791044776,4.477611940298507,6.716417910447761,2.2388059701492535,115.0,0.17391304347826086,3.0783582089552235
2024-02-27,https://www.federalreserve.gov/newsevents/speech/barr20240227a.htm,The Importance of Counterparty Credit Risk Management,Vice Chair for Supervision Michael S. Barr,"At Basel Committee on Banking Supervision-Federal Reserve Counterparty Credit Risk Conference, New York, New York",2004,1.2,0.0,0.998003992015968,0.0,1.996007984031936,0.499001996007984,0.0,0.0,0.0,0.0,82.0,0.012195121951219513,0.998003992015968
2024-02-27,https://www.federalreserve.gov/newsevents/speech/bowman20240227a.htm,Reflections on the Economy and Bank Regulation,Governor Michelle W. Bowman,"At the Florida Bankers Association Leadership Luncheon Events, Miami, Florida",5042,1.0,1.5866719555731854,2.0329234430781438,1.190003966679889,2.380007933359778,5.553351844506149,3.570011900039667,0.0,0.9916699722332408,0.19833399444664818,179.0,0.1452513966480447,4.809599365331218
2024-03-01,https://www.federalreserve.gov/newsevents/speech/kugler20240301a.htm,Disinflation without a Rise in Unemployment? What Is Different This Time Around,Governor Adriana D. Kugler,"At the 2024 Stanford Institute for Economic Policy Research Economic Summit, Stanford University, Stanford, California",3281,1.0,2.7430661383724475,-0.533373971350198,6.476683937823834,13.41054556537641,27.430661383724473,30.478512648582747,2.133495885400792,7.924413288631515,4.571776897287412,137.0,0.145985401459854,9.75312404754648
2024-03-01,https://www.federalreserve.gov/newsevents/speech/waller20240301a.htm,"Thoughts on Quantitative Tightening, Including Remarks on the Paper ""Quantitative Tightening around the Globe: What Have We Learned?""",Governor Christopher J. Waller,"At the 2024 U.S. Monetary Policy Forum, New York, New York",3345,1.0,0.0,0.0,0.0,0.8968609865470851,2.092675635276532,0.0,0.2989536621823617,0.2989536621823617,0.0,140.0,0.12142857142857143,0.0
2024-03-05,https://www.federalreserve.gov/newsevents/speech/bowman20240305a.htm,"Tailoring, Fidelity to the Rule of Law, and Unintended Consequences",Governor Michelle W. Bowman,"At the Harvard Law School Faculty Club, Cambridge, Massachusetts",2360,1.0,0.0,0.0,0.0,0.8474576271186441,1.2711864406779663,0.0,0.0,0.0,0.0,102.0,0.0196078431372549,0.0
2024-03-07,https://www.federalreserve.gov/newsevents/speech/bowman20240307a.htm,Reflections on the Economy and Bank Regulation,Governor Michelle W. Bowman,"At the New Jersey Bankers Association Annual Economic Leadership Forum, Somerset, New Jersey",2045,1.0,3.9119804400977998,2.567237163814181,2.93398533007335,3.9119804400977998,9.7799511002445,8.80195599022005,0.0,2.444987775061125,0.48899755501222497,81.0,0.12345679012345678,9.41320293398533
2024-03-25,https://www.federalreserve.gov/newsevents/speech/cook20240325a.htm,The Dual Mandate and the Balance of Risks,Governor Lisa D. Cook,"At Ec10b Principles of Economics Lecture, Department of Economics, Faculty of Arts and Sciences, Harvard University, Cambridge, Massachusetts",3341,1.0,1.1972463334331038,3.4420832086201734,7.333133792277761,10.775217000897934,28.13528883567794,31.427716252618975,0.8979347500748278,6.285543250523795,1.7958695001496556,156.0,0.08333333333333333,11.972463334331039
2024-03-27,https://www.federalreserve.gov/newsevents/speech/waller20240327a.htm,There’s Still No Rush,Governor Christopher J. Waller,"At the Economic Club of New York, New York, New York",2769,1.0,2.2571325388226797,-0.9028530155290718,0.09028530155290718,25.27988443481401,14.806789454676778,15.890213073311664,2.8891296496930297,3.972553268327916,0.3611412062116287,121.0,0.1652892561983471,3.2502708559046587
2024-04-01,https://www.federalreserve.gov/newsevents/speech/cook20240401a.htm,"Hope, Promise, and Mentors",Governor Lisa D. Cook,"At the Samuel DuBois Cook Center Career Achievement Awards Ceremony, the University Club, Washington, D.C.",832,1.0,0.0,0.0,0.0,0.0,0.0,0.0,0.0,0.0,0.0,40.0,0.05,0.0
2024-04-02,https://www.federalreserve.gov/newsevents/speech/bowman20240402a.htm,"Bank Mergers and Acquisitions, and De Novo Bank Formation: Implications for the Future of the Banking System",Governor Michelle W. Bowman,"At A Workshop on the Future of Banking, hosted by the Federal Reserve Bank of Kansas City, Kansas City, Missouri",3055,1.0,0.3273322422258592,0.0,0.0,2.2913256955810146,0.3273322422258592,0.0,0.6546644844517184,0.0,0.0,103.0,0.20388349514563106,0.3273322422258592
2024-04-03,https://www.federalreserve.gov/newsevents/speech/bowman20240403a.htm,"Bank Liquidity, Regulation, and the Fed's Role as Lender of Last Resort",Governor Michelle W. Bowman,"At The Roundtable on the Lender of Last Resort: The 2023 Banking Crisis and COVID, sponsored by the Committee on Capital Markets Regulation, Washington, D.C.",3906,1.0,0.2560163850486431,0.0,0.0,0.7680491551459293,0.0,0.0,0.0,0.0,0.0,135.0,0.044444444444444446,0.2560163850486431
2024-04-03,https://www.federalreserve.gov/newsevents/speech/kugler20240403a.htm,The Outlook for the U.S. Economy and Monetary Policy,Governor Adriana D. Kugler,"At the Weidenbaum Center on the Economy, Government, and Public Policy, Washington University in St. Louis, St. Louis, Missouri",2502,1.0,0.19984012789768188,0.0,3.6970423661071146,23.980815347721826,25.179856115107917,21.982414068745005,7.194244604316547,7.593924860111911,3.5971223021582737,106.0,0.18867924528301888,3.8968824940047964
2024-04-03,https://www.federalreserve.gov/newsevents/speech/powell20240403a.htm,Opening Remarks,Chair Jerome H. Powell,"At the Stanford Business, Government, and Society Forum, Stanford Graduate School of Business, Stanford, California",1342,1.5,2.9806259314456036,6.706408345752608,2.9806259314456036,7.451564828614009,11.922503725782414,11.922503725782414,0.0,1.4903129657228018,0.0,68.0,0.11764705882352941,12.667660208643815
2024-04-04,https://www.federalreserve.gov/newsevents/speech/kugler20240404a.htm,Enriching Data and Analysis in Economics with Real Life Experiences,Governor Adriana D. Kugler,"At Women in Economics Symposium, Federal Reserve Bank of St. Louis, St. Louis, Missouri",2660,1.0,0.0,0.0,1.1278195488721805,1.1278195488721805,0.37593984962406013,10.902255639097744,0.0,0.0,0.7518796992481203,103.0,0.02912621359223301,1.1278195488721805
2024-04-05,https://www.federalreserve.gov/newsevents/speech/bowman20240405a.htm,Risks and Uncertainty in Monetary Policy: Current and Past Considerations,Governor Michelle W. Bowman,"At “Frameworks for Monetary Policy, Regulation, and Bank Capital” Spring 2024 Meeting of the Shadow Open Market Committee, hosted by the Manhattan Institute, New York, New York",4251,1.0,1.8231004469536578,4.822394730651611,2.58762644083745,5.1752528816749,16.701952481768995,12.93813220418725,1.6466713714420136,7.52764055516349,3.293342742884027,149.0,0.18120805369127516,9.23312161844272
2024-04-16,https://www.federalreserve.gov/newsevents/speech/jefferson20240416a.htm,Economic Uncertainty and the Evolution of Monetary Policymaking,Vice Chair Philip N. Jefferson,"At the International Research Forum on Monetary Policy, Washington, D.C.",3143,1.2,0.7158765510658607,2.306713331212218,0.31816735602927143,4.136175628380529,10.499522748965957,3.4998409163219857,2.2271714922048997,3.181673560292714,1.2726694241170857,168.0,0.08333333333333333,3.34075723830735
2024-04-18,https://www.federalreserve.gov/newsevents/speech/bowman20240418a.htm,Opening Remarks,Governor Michelle W. Bowman,"At the 2024 New York Fed Regional and Community Banking Conference, New York, New York (via prerecorded video)",1123,1.0,0.0,2.671415850400712,0.0,0.8904719501335708,0.8904719501335708,0.0,0.8904719501335708,0.0,0.0,50.0,0.16,2.671415850400712
2024-05-03,https://www.federalreserve.gov/newsevents/speech/bowman20240503a.htm,Brief Remarks on the Economy and Monetary Policy,Governor Michelle W. Bowman,"At the Massachusetts Bankers Association Annual Convention, Key Biscayne, Florida",967,1.0,12.0,9.5,11.0,12.0,24.0,20.0,0.0,7.0,0.0,36.0,0.16666666666666666,32.5
2024-05-04,https://www.federalreserve.gov/newsevents/speech/cook20240504a.htm,"""Oh, the Places You’ll Go and the Things You’ll Do""",Governor Lisa D. Cook,"At the 2024 Commencement, Georgia College and State University College of Business and Technology and College of Arts and Sciences, at separate ceremonies, Milledgeville, Georgia",2192,1.0,0.0,0.0,0.0,0.45620437956204374,0.0,1.3686131386861313,0.0,0.0,0.0,99.0,0.030303030303030304,0.0
2024-05-08,https://www.federalreserve.gov/newsevents/speech/cook20240508a.htm,Current Assessment of Financial Stability,Governor Lisa D. Cook,"At the Brookings Institution, Washington, D.C.",2497,1.0,0.8009611533840609,-1.7020424509411294,0.40048057669203047,3.6043251902282742,1.2014417300760913,0.40048057669203047,0.8009611533840609,0.8009611533840609,0.0,110.0,0.045454545454545456,2.903484181017221
2024-05-10,https://www.federalreserve.gov/newsevents/speech/barr20240510a.htm,Commencement Remarks,Vice Chair for Supervision Michael S. Barr,"At the American University School of Public Affairs Graduation Ceremony, Washington, D.C.",1586,1.2,0.0,0.0,0.0,0.0,0.6305170239596469,1.2610340479192939,0.0,0.0,0.0,84.0,0.011904761904761904,0.0
2024-05-10,https://www.federalreserve.gov/newsevents/speech/bowman20240510a.htm,Financial Stability Risks: Resiliency and the Role of Regulators,Governor Michelle W. Bowman,"At the Texas Bankers Association 2024 Annual Meeting, Arlington, Texas",4109,1.0,0.48673643222195184,1.7035775127768313,0.24336821611097592,1.2168410805548795,2.190313944998783,0.7301046483329278,0.24336821611097592,0.0,0.0,170.0,0.041176470588235294,2.433682161109759
2024-05-13,https://www.federalreserve.gov/newsevents/speech/jefferson20240513a.htm,Communicating about Monetary Policy,Vice Chair Philip N. Jefferson,"At “Central Bank Communications: Theory and Practice,” a conference hosted by the Federal Reserve Bank of Cleveland, Cleveland, Ohio",2239,1.2,0.0,0.0,0.0,0.8932559178204557,5.359535506922733,1.3398838767306833,0.0,3.5730236712818226,0.0,117.0,0.1623931623931624,0.0
2024-05-14,https://www.federalreserve.gov/newsevents/speech/cook20240514a.htm,Growth and Change at Community Development Financial Institutions,Governor Lisa D. Cook,"At the Expanding Access to Capital for CDFIs event, hosted by the Federal Reserve Bank of New York, New York, New York",1625,1.0,2.4615384615384617,0.6153846153846154,0.6153846153846154,9.846153846153847,1.2307692307692308,1.2307692307692308,0.6153846153846154,0.0,0.0,74.0,0.013513513513513514,3.6923076923076925
2024-05-15,https://www.federalreserve.gov/newsevents/speech/bowman20240515a.htm,Innovation and the Evolving Financial Landscape,Governor Michelle W. Bowman,"At The Digital Chamber DC Blockchain Summit 2024, Washington, D.C.",2309,1.0,0.0,0.0,0.0,1.2992637505413598,0.0,0.0,0.8661758336942399,0.0,0.0,102.0,0.058823529411764705,0.0
2024-05-17,https://www.federalreserve.gov/newsevents/speech/bowman20240517a.htm,"Brief Remarks on the Economy, Monetary Policy, and Bank Regulation",Governor Michelle W. Bowman,"At the Pennsylvania Bankers Association 2024 Convention, Nashville, Tennessee",3754,1.0,2.131060202450719,2.797016515716569,2.6638252530633992,4.528502930207778,6.659563132658498,5.3276505061267985,0.0,1.8646776771443794,0.0,154.0,0.1038961038961039,7.591901971230687
2024-05-17,https://www.federalreserve.gov/newsevents/speech/waller20240517a.htm,"Payments Innovation, Technical Standards, and the Federal Reserve's Roles",Governor Christopher J. Waller,"At the International Organization for Standardization Technical Committee 68 Financial Services 44th Plenary Meeting, hosted by the Federal Reserve Bank of Minneapolis, Minneapolis, Minnesota",1756,1.0,0.0,0.7118451025056948,0.0,0.5694760820045558,1.1389521640091116,0.0,0.0,0.5694760820045558,0.0,79.0,0.0379746835443038,0.7118451025056948
2024-05-18,https://www.federalreserve.gov/newsevents/speech/kugler20240518a.htm,"On the Road Ahead, Cherish the Detours",Governor Adriana D. Kugler,"At the 2024 Diploma Ceremony, Frank Batten School of Leadership and Public Policy, University of Virginia, Charlottesville, Virginia",2183,1.0,0.45808520384791573,0.0,-0.45808520384791573,0.9161704076958315,0.45808520384791573,3.2065964269354104,0.0,0.0,0.0,80.0,0.0375,0.9161704076958315
2024-05-19,https://www.federalreserve.gov/newsevents/speech/powell20240519a.htm,Georgetown University Law Center Commencement Address,Chair Jerome H. Powell,"At Georgetown University, Washington, D.C. (via prerecorded video)",1821,1.5,0.0,0.0,0.0,1.6474464579901154,0.0,0.0,0.0,0.0,0.0,106.0,0.018867924528301886,0.0
2024-05-20,https://www.federalreserve.gov/newsevents/speech/barr20240520a.htm,On Building a Resilient Regulatory Framework,Vice Chair for Supervision Michael S. Barr,"At Central Banking in the Post-Pandemic Financial System 28th Annual Financial Markets Conference, the Federal Reserve Bank of Atlanta, Fernandina Beach, Florida",2785,1.2,1.0771992818671454,-0.3590664272890485,1.0771992818671454,0.718132854578097,1.436265709156194,2.872531418312388,0.0,0.0,0.0,119.0,0.03361344537815126,2.5134649910233393
2024-05-20,https://www.federalreserve.gov/newsevents/speech/jefferson20240520a.htm,U.S. Economic Outlook and Housing Price Dynamics,Vice Chair Philip N. Jefferson,"At the Mortgage Bankers Association’s Secondary and Capital Markets Conference and Expo 2024 New York, New York",1840,1.2,-0.1358695652173913,1.6304347826086956,-1.6304347826086956,8.695652173913043,22.82608695652174,10.869565217391305,2.1739130434782608,3.260869565217391,0.0,99.0,0.0707070707070707,3.3967391304347823
2024-05-20,https://www.federalreserve.gov/newsevents/speech/waller20240520a.htm,Welcoming Remarks on the International Role of the U.S. Dollar,Governor Christopher J. Waller,"At the Third Conference on the International Roles of the U.S. Dollar, hosted by the Federal Reserve Board, Washington, D.C.",1151,1.0,0.0,-0.8688097306689835,0.0,2.6064291920069502,1.737619461337967,0.0,0.0,0.0,0.0,53.0,0.018867924528301886,0.8688097306689835
2024-05-21,https://www.federalreserve.gov/newsevents/speech/waller20240521a.htm,"Little by Little, Progress Seems to be Resuming.",Governor Christopher J. Waller,"At the Peterson Institute for International Economics, Washington, D.C.",2299,1.0,-0.32622879512831665,-1.7398869073510221,-1.8486298390604612,12.614180078294911,19.138755980861244,13.484123531970422,3.044802087864289,6.089604175728578,1.3049151805132666,95.0,0.25263157894736843,3.9147455415397996
2024-05-24,https://www.federalreserve.gov/newsevents/speech/waller20240524a.htm,Some Thoughts on r*: Why Did It Fall and Will It Rise?,Governor Christopher J. Waller,"At the Reykjavik Economic Conference, Reykjavik, Iceland",3347,1.0,-0.3734687780101584,0.672243800418285,-0.2987750224081267,10.158350761876306,3.2865252464893935,1.4938751120406335,1.1951000896325068,0.2987750224081267,0.2987750224081267,160.0,0.1,1.34448760083657
2024-05-28,https://www.federalreserve.gov/newsevents/speech/bowman20240528a.htm,The Federal Reserve's Balance Sheet as a Monetary Policy Tool: Past Lessons and Future Considerations,Governor Michelle W. Bowman,"At the 2024 BOJ-IMES Conference, hosted by the Institute for Monetary and Economic Studies, Bank of Japan, Tokyo, Japan",2883,1.0,-0.693721817551162,-0.346860908775581,-1.0405827263267429,1.734304543877905,5.896635449184877,1.734304543877905,0.0,1.0405827263267429,0.0,99.0,0.16161616161616163,2.0811654526534857
2024-06-07,https://www.federalreserve.gov/newsevents/speech/cook20240607a.htm,A New Class of Trailblazers,Governor Lisa D. Cook,"At the Girls Global Academy 2024 Commencement Ceremony, Washington, D.C.",1569,1.0,0.0,0.0,0.0,0.0,0.0,0.6373486297004461,0.0,0.0,0.6373486297004461,88.0,0.011363636363636364,0.0
2024-06-14,https://www.federalreserve.gov/newsevents/speech/cook20240614a.htm,Lessons from the American Economic Association Summer Program,Governor Lisa D. Cook,"At Celebrating 50 Years of the American Economic Association Summer Program, Washington, D.C.",1261,1.0,0.0,0.0,0.0,0.7930214115781127,0.0,0.7930214115781127,0.7930214115781127,0.0,0.0,46.0,0.06521739130434782,0.0
2024-06-17,https://www.federalreserve.gov/newsevents/speech/bowman20240617a.htm,Innovation in the Financial System,Governor Michelle W. Bowman,"At The Salzburg Global Seminar on Financial Technology Innovation, Social Impact, and Regulation: Do We Need New Paradigms?, Salzburg, Austria",3775,1.0,0.0,0.26490066225165565,0.0,0.794701986754967,0.794701986754967,0.0,0.0,0.0,0.0,165.0,0.030303030303030304,0.26490066225165565
2024-06-17,https://www.federalreserve.gov/newsevents/speech/cook20240617a.htm,A Transformative Experience,Governor Lisa D. Cook,"At the 2024 Marshall Forum: A U.S.-U.K. Strategic and Economic Dialogue, Chicago, Illinois",1603,1.0,0.0,0.0,0.0,1.2476606363069245,0.0,0.0,0.0,0.0,0.0,80.0,0.0125,0.0
2024-06-18,https://www.federalreserve.gov/newsevents/speech/kugler20240618a.htm,Some Reasons for Optimism about Inflation,Governor Adriana D. Kugler,"At the Peterson Institute for International Economics, Washington, D.C.",2623,1.0,-4.6702249332825,-2.478078536027449,-4.098360655737705,17.91841402973694,27.830728173846737,25.543271063667554,5.33739992375143,6.099885627144491,1.5249714067861226,106.0,0.16037735849056603,11.246664125047655
2024-06-24,https://www.federalreserve.gov/newsevents/speech/waller20240624a.htm,Welcoming Remarks,Governor Christopher J. Waller,"At the 2024 International Journal of Central Banking Conference, Rome, Italy",760,1.0,0.0,1.0,0.0,0.0,1.0,3.0,0.0,0.0,0.0,32.0,0.0,1.0
2024-06-25,https://www.federalreserve.gov/newsevents/speech/bowman20240625a.htm,Perspectives on U.S. Monetary Policy and Bank Capital Reform,Governor Michelle W. Bowman,"At Policy Exchange, London, England",4215,1.0,2.6097271648873073,5.693950177935943,4.6263345195729535,7.591933570581258,14.472123368920522,11.387900355871887,1.1862396204033214,2.372479240806643,0.7117437722419929,193.0,0.10362694300518134,12.930011862396205
2024-06-25,https://www.federalreserve.gov/newsevents/speech/bowman20240625b.htm,Opening Remarks,Governor Michelle W. Bowman,"At the Midwest Cyber Workshop hosted by the Federal Reserve Banks of St. Louis, Chicago, and Kansas City, St. Louis, Missouri",755,1.0,0.0,0.0,0.0,1.0,0.0,0.0,0.0,0.0,0.0,39.0,0.0,0.0
2024-06-25,https://www.federalreserve.gov/newsevents/speech/cook20240625a.htm,Moving Toward Better Balance and Implications for Monetary Policy,Governor Lisa D. Cook,"At the Economic Club of New York, New York, New York",2574,1.0,1.0683760683760684,-4.467754467754468,2.6223776223776225,17.094017094017094,20.202020202020204,17.871017871017873,1.9425019425019425,6.993006993006993,3.4965034965034967,119.0,0.17647058823529413,8.158508158508159
2024-06-26,https://www.federalreserve.gov/newsevents/speech/bowman20240626a.htm,The Consequences of Bank Capital Reform,Governor Michelle W. Bowman,"At the ISDA Board of Directors, London, England",2637,1.0,1.8960940462646947,3.697383390216155,3.7921880925293894,3.7921880925293894,13.272658323852863,6.825938566552901,0.0,2.654531664770573,0.0,113.0,0.07964601769911504,9.38566552901024
2024-06-27,https://www.federalreserve.gov/newsevents/speech/bowman20240627a.htm,"Brief Remarks on the Economy, Monetary Policy, and Bank Regulation",Governor Michelle W. Bowman,"At the Idaho, Nevada, Oregon, and Washington Bankers Associations 2024 Annual Convention, Stevenson, Washington",2850,1.0,2.1052631578947367,1.8421052631578947,3.508771929824561,5.964912280701754,10.526315789473683,6.315789473684211,0.0,2.1052631578947367,0.0,114.0,0.09649122807017543,7.456140350877193
2024-07-09,https://www.federalreserve.gov/newsevents/speech/barr20240709a.htm,"Financial Inclusion: Past, Present, and Hopes for the Future",Vice Chair for Supervision Michael S. Barr,"At Financial Inclusion Practices and Innovations Conference, Board of Governors of the Federal Reserve System, Washington, D.C.",2421,1.2,0.0,0.0,0.0,0.4130524576621231,0.8261049153242462,0.0,0.0,0.0,0.0,99.0,0.04040404040404041,0.0
2024-07-09,https://www.federalreserve.gov/newsevents/speech/bowman20240709a.htm,Promoting an Inclusive Financial System,Governor Michelle W. Bowman,"At Financial Inclusion Practices and Innovations, Washington, D.C.",1393,1.0,0.7178750897343862,0.0,0.0,0.7178750897343862,2.1536252692031588,0.0,0.0,0.0,0.0,65.0,0.0,0.7178750897343862
2024-07-10,https://www.federalreserve.gov/newsevents/speech/bowman20240710a.htm,Opening Remarks,Governor Michelle W. Bowman,"At Fed Listens: Exploring Challenges Facing the Childcare Industry, Working Parents, and Employers, Chicago, Illinois",656,1.0,0.0,0.0,0.0,1.0,2.0,4.0,0.0,0.0,0.0,24.0,0.0,0.0
2024-07-10,https://www.federalreserve.gov/newsevents/speech/cook20240710a.htm,Common Inflation and Monetary Policy Challenges across Countries,Governor Lisa D. Cook,"At the Australian Conference of Economists 2024, Adelaide, Australia",2643,1.0,0.18917896329928113,-0.2837684449489217,1.2296632614453273,5.675368898978434,22.323117669315174,8.702232311766933,1.135073779795687,3.026863412788498,0.7567158531971245,112.0,0.13392857142857142,1.7026106696935301
2024-07-16,https://www.federalreserve.gov/newsevents/speech/kugler20240716a.htm,The Challenges Facing Economic Measurement and Creative Solutions,Governor Adriana D. Kugler,"At the 21st Annual Economic Measurement Seminar, National Association for Business Economics Foundation, Washington, D.C.",3820,1.0,-0.5235602094240838,0.2617801047120419,0.2617801047120419,4.450261780104713,7.068062827225131,7.853403141361257,0.5235602094240838,0.7853403141361257,1.3089005235602096,161.0,0.08074534161490683,1.0471204188481675
2024-07-17,https://www.federalreserve.gov/newsevents/speech/waller20240717a.htm,Getting Closer,Governor Christopher J. Waller,"At the Federal Reserve Bank of Kansas City, Kansas City, Missouri",2755,1.0,-2.540834845735027,-1.8148820326678767,-0.9981851179673321,9.437386569872958,18.148820326678766,22.50453720508167,1.8148820326678767,2.9038112522686026,0.7259528130671506,118.0,0.15254237288135594,5.353901996370236
2024-07-18,https://www.federalreserve.gov/newsevents/speech/bowman20240718a.htm,"Liquidity, Supervision, and Regulatory Reform",Governor Michelle W. Bowman,"At ""Exploring Conventional Bank Funding Regimes in an Unconventional World"" A Research Conference Co-Sponsored by the Federal Reserve Banks of Dallas and Atlanta, Dallas, Texas",3885,1.0,0.7722007722007722,0.0,0.0,0.7722007722007722,0.2574002574002574,0.0,0.0,0.0,0.0,155.0,0.07741935483870968,0.7722007722007722
2024-07-24,https://www.federalreserve.gov/newsevents/speech/bowman20240724a.htm,Opening Remarks,Governor Michelle W. Bowman,"At ""Advance Together: Celebrating the Achievements of Texas Community Partnerships,"" a public event at the Federal Reserve Bank of Dallas, Dallas, Texas (via pre-recorded video)",795,1.0,1.0,0.0,2.0,2.0,0.0,5.0,0.0,0.0,0.0,42.0,0.0,3.0
2024-08-10,https://www.federalreserve.gov/newsevents/speech/bowman20240810a.htm,"Update on the Economic Outlook, and Perspective on Bank Culture, M&A, and Liquidity",Governor Michelle W. Bowman,"At the 2024 CEO and Senior Management Summit and Annual Meeting, sponsored by the Kansas Bankers Association, Colorado Springs, Colorado",4689,1.0,0.6397952655150352,1.9193857965451055,-0.10663254425250586,7.251013009170399,6.824482832160375,9.810194071230539,0.0,0.8530603540200469,1.4928556195350822,178.0,0.08426966292134831,2.6658136063126467
2024-08-19,https://www.federalreserve.gov/newsevents/speech/waller20240819a.htm,Opening Remarks,Governor Christopher J. Waller,"At the Summer Workshop on Money, Banking, Payments, and Finance, Washington, D.C.",1023,1.0,-1.9550342130987295,0.0,0.0,3.910068426197459,1.9550342130987295,0.9775171065493647,0.0,0.0,0.0,43.0,0.023255813953488372,1.9550342130987295
2024-08-20,https://www.federalreserve.gov/newsevents/speech/bowman20240820a.htm,Remarks on the Economic Outlook and Financial Inclusion,Governor Michelle W. Bowman,"At the Alaska Bankers Association, Anchorage, Alaska",2951,1.0,1.6943409013893596,3.1345306675703153,-0.9318874957641478,6.438495425279566,7.7939681463910535,14.571331751948492,0.3388681802778719,2.7109454422229753,2.3720772619451034,128.0,0.078125,5.760759064723823
2024-08-23,https://www.federalreserve.gov/newsevents/speech/powell20240823a.htm,Review and Outlook,Chair Jerome H. Powell,"At “Reassessing the Effectiveness and Transmission of Monetary Policy,” an economic symposium sponsored by the Federal Reserve Bank of Kansas City, Jackson Hole, Wyoming",2318,1.5,1.8334771354616048,6.686798964624677,2.911993097497843,9.0595340811044,32.35547886108714,29.76704055220017,2.1570319240724762,14.236410698878343,3.019844693701467,125.0,0.144,11.432269197584125
2024-08-28,https://www.federalreserve.gov/newsevents/speech/waller20240828a.htm,Interlinking Fast Payment Systems,Governor Christopher J. Waller,"At the Global Fintech Fest, Mumbai, India",1880,1.0,0.0,-0.5319148936170213,0.0,0.5319148936170213,3.191489361702128,1.0638297872340425,0.0,0.0,0.0,80.0,0.025,0.5319148936170213
2024-09-06,https://www.federalreserve.gov/newsevents/speech/waller20240906a.htm,The Time Has Come,Governor Christopher J. Waller,"At the University of Notre Dame, Notre Dame, Indiana",2357,1.0,-1.4849384811200677,-0.4242681374628765,-4.136614340263046,7.2125583368689,13.152312261349172,29.698769622401354,2.1213406873143823,2.9698769622401353,4.242681374628765,95.0,0.14736842105263157,6.04582095884599
2024-09-10,https://www.federalreserve.gov/newsevents/speech/barr20240910a.htm,The Next Steps on Capital,Vice Chair for Supervision Michael S. Barr,"At the Brookings Institution, Washington, D.C.",3141,1.2,-0.3183699458771092,1.2734797835084368,0.0,3.8204393505253105,2.2285896211397644,0.0,0.3183699458771092,0.3183699458771092,0.0,123.0,0.016260162601626018,1.591849729385546
2024-09-10,https://www.federalreserve.gov/newsevents/speech/bowman20240910a.htm,The Future of Stress Testing and the Stress Capital Buffer Framework,Governor Michelle W. Bowman,"At the Executive Council of the Banking Law Section of the Federal Bar Association, Washington, D.C",3952,1.0,-0.5060728744939271,-0.25303643724696356,-0.5060728744939271,1.0121457489878543,1.5182186234817814,0.25303643724696356,0.5060728744939271,0.25303643724696356,0.0,151.0,0.06622516556291391,1.2651821862348178
2024-09-20,https://www.federalreserve.gov/newsevents/speech/bowman20240920a.htm,Statement by Governor Michelle W. Bowman,Governor Michelle W. Bowman,,467,1.0,3.0,0.0,2.0,10.0,12.0,16.0,0.0,0.0,0.0,21.0,0.047619047619047616,5.0
2024-09-24,https://www.federalreserve.gov/newsevents/speech/bowman20240924a.htm,Recent Views on Monetary Policy and the Economic Outlook,Governor Michelle W. Bowman,"At the 2024 Kentucky Bankers Association Annual Convention, Hot Springs, Virginia",2251,1.0,0.44424700133274103,3.6650377609951135,1.9991115059973346,11.994669035984007,15.104398045313195,27.543314082629944,0.44424700133274103,2.221235006663705,2.665482007996446,86.0,0.13953488372093023,6.10839626832519
2024-09-25,https://www.federalreserve.gov/newsevents/speech/kugler20240925a.htm,How We Got Here: A Perspective on Inflation and the Labor Market,Governor Adriana D. Kugler,"At the Mossavar-Rahmani Center for Business and Government, Harvard Kennedy School, Cambridge, Massachusetts",2900,1.0,1.6379310344827587,2.931034482758621,2.241379310344828,13.10344827586207,31.03448275862069,37.58620689655172,1.7241379310344829,5.862068965517242,5.172413793103448,105.0,0.14285714285714285,6.810344827586208
2024-09-26,https://www.federalreserve.gov/newsevents/speech/barr20240926a.htm,Supporting Market Resilience and Financial Stability,Vice Chair for Supervision Michael S. Barr,"At the 2024 U.S. Treasury Market Conference, Federal Reserve Bank of New York, New York, New York",2376,1.2,0.4208754208754209,0.0,0.0,1.2626262626262628,0.0,0.0,0.0,0.0,0.0,88.0,0.03409090909090909,0.4208754208754209
2024-09-26,https://www.federalreserve.gov/newsevents/speech/bowman20240926a.htm,Recent Views on Monetary Policy and the Economic Outlook,Governor Michelle W. Bowman,"At the Mid-Size Bank Coalition of America Board of Directors Workshop, Dallas, Texas",2258,1.0,0.4428697962798937,3.653675819309123,1.9929140832595218,11.95748449955713,15.057573073516386,27.45792736935341,0.4428697962798937,2.2143489813994686,2.657218777679362,86.0,0.13953488372093023,6.089459698848539
2024-09-26,https://www.federalreserve.gov/newsevents/speech/cook20240926a.htm,What Will Artificial Intelligence Mean for America’s Workers?,Governor Lisa D. Cook,"At The Ohio State University, Columbus, Ohio",3113,1.0,-3.0517185994217795,-1.7667844522968197,0.24092515258592997,12.206874397687118,3.2123353678123996,41.11789270799871,2.89110183103116,0.32123353678123995,5.139736588499839,132.0,0.14393939393939395,5.059428204304529
2024-09-26,https://www.federalreserve.gov/newsevents/speech/powell20240926a.htm,Opening Remarks,Chair Jerome H. Powell,"At the 10th Annual U.S. Treasury Market Conference, Federal Reserve Bank of New York, New York, New York (via prerecorded video)",460,1.5,0.0,0.0,0.0,0.0,1.0,0.0,0.0,0.0,0.0,26.0,0.038461538461538464,0.0
2024-09-30,https://www.federalreserve.gov/newsevents/speech/bowman20240930a.htm,Recent Views on Monetary Policy and the Economic Outlook,Governor Michelle W. Bowman,"At the Georgia Bankers Association President/CEO Conference, Charleston, South Carolina",2223,1.0,0.449842555105713,3.1488978857399914,2.0242914979757085,12.145748987854251,14.394961763382817,27.890238416554208,0.449842555105713,1.349527665317139,2.699055330634278,85.0,0.12941176470588237,5.623031938821413
2024-09-30,https://www.federalreserve.gov/newsevents/speech/powell20240930a.htm,Economic Outlook,Chair Jerome H. Powell,"At the National Association for Business Economics Annual Meeting, Nashville, Tennessee",855,1.5,5.0,0.0,11.0,8.0,21.0,33.0,0.0,2.0,0.0,49.0,0.061224489795918366,16.0
2024-10-01,https://www.federalreserve.gov/newsevents/speech/cook20241001a.htm,"Artificial Intelligence, Big Data, and the Path Ahead for Productivity",Governor Lisa D. Cook,"At “Technology-Enabled Disruption: Implications of AI, Big Data, and Remote Work,” a conference organized by the Federal Reserve Banks of Atlanta, Boston, and Richmond, Atlanta, Georgia",2199,1.0,3.296953160527513,1.364256480218281,2.728512960436562,14.552069122328332,2.728512960436562,11.36880400181901,0.9095043201455207,0.0,0.9095043201455207,99.0,0.08080808080808081,7.389722601182356
2024-10-02,https://www.federalreserve.gov/newsevents/speech/bowman20241002a.htm,Building a Community Banking Framework for the Future,Governor Michelle W. Bowman,"At the 2024 Community Banking Research Conference, sponsored by the Federal Reserve System, the Conference of State Bank Supervisors, and the Federal Deposit Insurance Corporation, St. Louis, Missouri",5491,1.0,-0.22764523766162814,0.13658714259697688,0.0,1.45692952103442,3.8244399927153525,0.0,0.1821161901293025,0.364232380258605,0.0,227.0,0.10572687224669604,0.36423238025860505
2024-10-08,https://www.federalreserve.gov/newsevents/speech/jefferson20241008a.htm,A History of the Fed's Discount Window: 1913-2000,Vice Chair Philip N. Jefferson,"At Davidson College, Davidson, North Carolina",3207,1.2,0.6236357966947303,0.0,-0.3118178983473652,2.182725288431556,3.7418147801683816,4.989086373557843,0.3118178983473652,0.9354536950420954,0.0,159.0,0.0440251572327044,0.9354536950420955
2024-10-08,https://www.federalreserve.gov/newsevents/speech/kugler20241008a.htm,The Global Fight Against Inflation,Governor Adriana D. Kugler,"At the Conference on Monetary Policy 2024: Bridging Science and Practice, European Central Bank, Frankfurt, Germany",2953,1.0,3.5557060616322387,3.7250253979004406,2.201151371486624,10.836437521164918,27.4297324754487,11.513714866237725,1.015916017609211,1.3545546901456147,1.3545546901456147,112.0,0.07142857142857142,9.481882831019304
2024-10-09,https://www.federalreserve.gov/newsevents/speech/jefferson20241009a.htm,The Fed's Discount Window: 1990 to the Present,Vice Chair Philip N. Jefferson,"At the Charlotte Economics Club, Charlotte, North Carolina",2860,1.2,0.3496503496503497,0.0,-0.3496503496503497,1.3986013986013988,3.8461538461538463,5.244755244755245,0.3496503496503497,1.048951048951049,0.0,121.0,0.05785123966942149,0.6993006993006994
2024-10-10,https://www.federalreserve.gov/newsevents/speech/cook20241010a.htm,"Entrepreneurs, Innovation, and Participation",Governor Lisa D. Cook,"At the 2024 Women for Women Summit, Charleston, South Carolina",2482,1.0,0.8058017727639,-0.40290088638195,1.6116035455278,5.23771152296535,1.20870265914585,9.26672038678485,0.0,0.0,0.0,118.0,0.025423728813559324,2.82030620467365
2024-10-11,https://www.federalreserve.gov/newsevents/speech/bowman20241011a.htm,Challenges to the Community Banking Model,Governor Michelle W. Bowman,"At the 18th Annual Community Bankers Symposium, Community Banking: Navigating a Changing Landscape, Chicago, Illinois",2860,1.0,-0.3496503496503497,0.0,0.0,0.6993006993006994,1.3986013986013988,0.0,0.0,0.0,0.0,125.0,0.064,0.3496503496503497
2024-10-14,https://www.federalreserve.gov/newsevents/speech/waller20241014a.htm,Thoughts on the Economy and Policy Rules at the Federal Open Market Committee,Governor Christopher J. Waller,"At “A 50 Year Retrospective on the Shadow Open Market Committee and Its Role in Monetary Policy,” a conference sponsored by the Hoover Institution, Stanford University, Stanford, California",2989,1.0,0.1672800267648043,3.429240548678488,-0.6691201070592172,10.036801605888257,10.705921712947475,22.080963532954165,3.6801605888256943,3.345600535296086,3.6801605888256943,114.0,0.20175438596491227,4.26564068250251
2024-10-18,https://www.federalreserve.gov/newsevents/speech/waller20241018a.htm,Centralized and Decentralized Finance: Substitutes or Complements?,Governor Christopher J. Waller,"At the Vienna Macroeconomics Workshop, Institute of Advanced Studies, Vienna, Austria",2131,1.0,0.0,0.0,0.0,0.0,1.877053026748006,0.0,0.0,0.0,0.0,110.0,0.0,0.0
2024-10-23,https://www.federalreserve.gov/newsevents/speech/bowman20241023a.htm,Opening Remarks,Governor Michelle W. Bowman,"At the Eighth Annual Fintech Conference, Philadelphia, Pennsylvania",910,1.0,0.0,0.0,0.0,1.0,0.0,0.0,0.0,0.0,0.0,44.0,0.045454545454545456,0.0
2024-11-12,https://www.federalreserve.gov/newsevents/speech/waller20241112a.htm,What Roles Should the Private Sector and the Federal Reserve Play in Payments?,Governor Christopher J. Waller,"At The Clearing House Annual Conference 2024, New York, New York",2296,1.0,0.0,0.0,0.0,1.7421602787456447,0.0,0.0,0.0,0.0,0.0,98.0,0.01020408163265306,0.0
2024-11-14,https://www.federalreserve.gov/newsevents/speech/kugler20241114a.htm,Central Bank Independence and the Conduct of Monetary Policy,Governor Adriana D. Kugler,"At the Albert Hirschman Lecture, 2024 Annual Meeting of the Latin American and Caribbean Economic Association and the Latin American and Caribbean Chapter of the Econometric Society, Montevideo, Uruguay",3588,1.0,-1.1845039018952062,-1.1148272017837235,-0.8361204013377926,5.016722408026756,25.36231884057971,9.47603121516165,1.1148272017837235,12.263099219620958,1.3935340022296543,133.0,0.14285714285714285,3.1354515050167224
2024-11-14,https://www.federalreserve.gov/newsevents/speech/powell20241114a.htm,Economic Outlook,Chair Jerome H. Powell,"At Conversation with Federal Reserve Chair Jerome Powell, Dallas, Texas",948,1.5,5.0,-1.0,1.0,8.0,22.0,28.0,0.0,3.0,2.0,49.0,0.08163265306122448,7.0
2024-11-20,https://www.federalreserve.gov/newsevents/speech/bowman20241120a.htm,Approaching Policymaking Pragmatically,Governor Michelle W. Bowman,"At the Forum Club of the Palm Beaches, West Palm Beach, Florida",4251,1.0,2.822865208186309,0.9409550693954363,1.6466713714420136,4.469536579628322,4.704775346977182,11.997177134791812,0.47047753469771814,0.23523876734885907,0.23523876734885907,165.0,0.07878787878787878,5.410491649023759
2024-11-20,https://www.federalreserve.gov/newsevents/speech/cook20241120a.htm,Economic Outlook,Governor Lisa D. Cook,"At the University of Virginia, Charlottesville, Virginia",2218,1.0,5.184851217312895,-0.1127141568981064,-4.1704238052299365,24.79711451758341,18.48512173128945,31.109107303877366,4.508566275924256,0.9017132551848512,2.254283137962128,107.0,0.102803738317757,9.467989179440938
2024-11-22,https://www.federalreserve.gov/newsevents/speech/bowman20241122a.htm,Artificial Intelligence in the Financial System,Governor Michelle W. Bowman,"At the 27th Annual Symposium on Building the Financial System of the 21st Century: An Agenda for Japan and the United States, Washington, D.C.",3095,1.0,0.8077544426494345,0.0,0.8077544426494345,2.5848142164781907,0.6462035541195477,1.2924071082390953,0.32310177705977383,0.0,0.32310177705977383,124.0,0.03225806451612903,1.615508885298869
2024-12-02,https://www.federalreserve.gov/newsevents/speech/waller20241202a.htm,Cut or Skip?,Governor Christopher J. Waller,"At ""Building a Better Fed Framework,"" American Institute for Economic Research Monetary Conference, Washington, D.C.",2182,1.0,0.0,1.8331805682859763,-1.6040329972502292,9.624197983501375,20.164986251145738,26.122823098075163,0.4582951420714941,5.957836846929423,2.749770852428964,82.0,0.2073170731707317,3.4372135655362053
2024-12-03,https://www.federalreserve.gov/newsevents/speech/kugler20241203a.htm,A Year in Review: A Tale of Two Supply Shocks,Governor Adriana D. Kugler,"At the Detroit Economic Club, Detroit, Michigan",2634,1.0,5.504935459377373,2.088078967350038,2.277904328018223,20.88078967350038,14.04707668944571,34.54821564160972,3.0372057706909645,2.657555049354594,4.935459377372817,127.0,0.14173228346456693,9.870918754745635
2025-01-06,https://www.federalreserve.gov/newsevents/speech/cook20250106a.htm,An Assessment of the Economy and Financial Stability,Governor Lisa D. Cook,"At the Seventh Conference on Law and Macroeconomics, University of Michigan Law School, Ann Arbor, Michigan",3521,1.0,2.272081794944618,0.3550127804600966,2.6270945754047146,9.656347628514627,6.816245384833854,12.212439647827322,2.840102243680773,0.5680204487361545,0.28401022436807727,161.0,0.08074534161490683,5.254189150809429
2025-01-08,https://www.federalreserve.gov/newsevents/speech/waller20250108a.htm,Challenges Facing Central Bankers,Governor Christopher J. Waller,"At Lectures of the Governor, Organization for Economic Cooperation and Development, Paris, France",2918,1.0,1.1137765592871829,1.970527758738862,-1.4564770390678545,15.078821110349553,17.820424948594926,8.22481151473612,1.3708019191226868,3.427004797806717,0.6854009595613434,129.0,0.13178294573643412,4.540781357093899
2025-01-09,https://www.federalreserve.gov/newsevents/speech/bowman20250109a.htm,"Reflections on 2024: Monetary Policy, Economic Performance, and Lessons for Banking Regulation",Governor Michelle W. Bowman,"At the California Bankers Association 2025 Bank Presidents Seminar, Laguna Beach, California",3977,1.0,2.765903947699271,2.3258737742016597,1.760120693990445,4.777470455116922,9.052049283379432,12.82373648478753,0.25144581342720645,1.0057832537088258,0.25144581342720645,151.0,0.11258278145695365,6.851898415891376
2025-01-31,https://www.federalreserve.gov/newsevents/speech/bowman20250131a.htm,"Brief Remarks on the Economy, and Perspective on Mutual and Community Banks",Governor Michelle W. Bowman,"At The New England CEO Summit, Portsmouth, New Hampshire",5341,1.0,2.059539412095113,-1.0765774199588092,0.7489234225800412,3.931847968545216,7.3020033701554015,6.74031080322037,0.1872308556450103,1.872308556450103,0.1872308556450103,221.0,0.09954751131221719,3.8850402546339633
2025-02-04,https://www.federalreserve.gov/newsevents/speech/jefferson20250204a.htm,U.S. Economic Outlook and Monetary Policy,Vice Chair Philip N. Jefferson,"At the Economics Department Special Lecture, Lafayette College, Easton, Pennsylvania",2233,1.2,-2.1271831616659203,1.6793551276309897,-2.9108822212270486,16.56963725929243,15.226153157187639,30.004478280340347,4.030452306314375,3.134796238244514,4.478280340349306,106.0,0.16037735849056603,6.717420510523958
2025-02-05,https://www.federalreserve.gov/newsevents/speech/bowman20250205a.htm,Bank Regulation in 2025 and Beyond,Governor Michelle W. Bowman,"At the Kansas Bankers Association Government Relations Conference, Topeka, Kansas",3335,1.0,0.29985007496251875,0.0,0.0,2.6986506746626686,3.2983508245877062,0.0,0.0,0.0,0.0,147.0,0.07482993197278912,0.29985007496251875
2025-02-05,https://www.federalreserve.gov/newsevents/speech/jefferson20250205a.htm,Do Non-inflationary Economic Expansions Promote Shared Prosperity? Evidence from the U.S. Labor Market,Vice Chair Philip N. Jefferson,"At Swarthmore College, Swarthmore, Pennsylvania",2821,1.2,3.899326479971641,0.8862105636299185,14.179369018078695,5.317263381779511,7.798652959943282,68.4154555122297,0.0,1.063452676355902,3.1903580290677063,116.0,0.07758620689655173,18.964906061680253
2025-02-07,https://www.federalreserve.gov/newsevents/speech/kugler20250207a.htm,Entrepreneurship and Aggregate Productivity,Governor Adriana D. Kugler,"At 2025 Miami Economic Forum, Economic Club of Miami, Miami, Florida",2260,1.0,10.287610619469028,1.8805309734513276,3.3185840707964607,31.85840707964602,5.3097345132743365,15.92920353982301,3.9823008849557526,0.8849557522123894,2.6548672566371683,98.0,0.10204081632653061,15.486725663716815
2025-02-12,https://www.federalreserve.gov/newsevents/speech/waller20250212a.htm,Reflections on a Maturing Stablecoin Market,Governor Christopher J. Waller,"At A Very Stable Conference, San Francisco, California",2639,1.0,0.0,-0.3789314134141721,0.0,0.7578628268283442,0.7578628268283442,0.0,0.0,0.0,0.0,124.0,0.016129032258064516,0.3789314134141721
2025-02-17,https://www.federalreserve.gov/newsevents/speech/bowman20250217a.htm,"Brief Remarks on the Economy and Accountability in Supervision, Applications, and Regulation",Governor Michelle W. Bowman,"At The American Bankers Association 2025 Conference for Community Bankers, Phoenix, Arizona",6001,1.0,1.3331111481419762,-0.5832361273121146,0.7082152974504249,3.1661389768371935,4.832527912014664,6.665555740709881,0.0,1.3331111481419762,0.4999166805532411,235.0,0.10638297872340426,2.6245625729045154
2025-02-17,https://www.federalreserve.gov/newsevents/speech/waller20250217a.htm,Disinflation Progress Uneven but Still on Track Rates Cuts on Track as Well,Governor Christopher J. Waller,"At the University of New South Wales Macroeconomic Workshop, Sydney, New South Wales, Australia",2536,1.0,3.1545741324921135,1.3801261829652998,2.365930599369085,7.492113564668769,20.110410094637224,14.984227129337539,1.1829652996845426,2.365930599369085,0.0,101.0,0.10891089108910891,6.900630914826499
2025-02-18,https://www.federalreserve.gov/newsevents/speech/barr20250218a.htm,Artificial Intelligence: Hypothetical Scenarios for the Future,Vice Chair for Supervision Michael S. Barr,"At the Council on Foreign Relations, New York, New York",2527,1.2,1.2861100118717848,0.0,0.3957261574990107,7.518796992481203,0.0,5.93589236248516,0.7914523149980214,0.0,0.0,113.0,0.05309734513274336,1.6818361693707955
2025-02-19,https://www.federalreserve.gov/newsevents/speech/jefferson20250219a.htm,How Healthy are U.S. Households’ Balance Sheets?,Vice Chair Philip N. Jefferson,"At the Martin H. Crego Lecture in Economics, Vassar College, Poughkeepsie, New York",3477,1.2,4.242162784009204,2.5884383088869716,1.1504170261719875,12.079378774805868,3.738855335058959,2.013229795800978,2.300834052343975,0.2876042565429969,0.0,168.0,0.041666666666666664,7.981018119068163
2025-02-20,https://www.federalreserve.gov/newsevents/speech/barr20250220a.htm,Risks and Challenges for Bank Regulation and Supervision,Vice Chair for Supervision Michael S. Barr,"At Georgetown University Law Center, Washington, D.C.",5246,1.2,0.0,0.0,-0.19062142584826533,0.9531071292413267,0.7624857033930613,0.38124285169653066,0.19062142584826533,0.19062142584826533,0.0,212.0,0.06132075471698113,0.19062142584826533
2025-02-20,https://www.federalreserve.gov/newsevents/speech/kugler20250220a.htm,Navigating Inflation Waves: A Phillips Curve Perspective,Governor Adriana D. Kugler,"At the Whittington Lecture, McCourt School of Public Policy, Georgetown University, Washington, D.C.",4386,1.0,1.595987232102143,4.502963976288189,3.4199726402188784,3.64797081623347,39.899680802553576,22.79981760145919,0.22799817601459188,11.171910624715002,2.7359781121751023,201.0,0.09950248756218906,9.51892384860921
2025-02-21,https://www.federalreserve.gov/newsevents/speech/jefferson20250221a.htm,Reading between the Lines? Textual Analysis of Central Bank Communications,Vice Chair Philip N. Jefferson,"At the Macroeconomics and Monetary Policy Conference, Federal Reserve Bank of San Francisco, San Francisco, California",2740,1.2,0.36496350364963503,0.36496350364963503,-0.36496350364963503,5.10948905109489,6.934306569343065,1.094890510948905,0.36496350364963503,1.4598540145985401,0.0,115.0,0.1391304347826087,1.094890510948905
2025-02-25,https://www.federalreserve.gov/newsevents/speech/barr20250225a.htm,Managing Financial Crises,Vice Chair for Supervision Michael S. Barr,"At Yale School of Management, Program on Financial Stability, New Haven, Connecticut",3556,1.2,0.281214848143982,0.0,0.0,0.843644544431946,0.281214848143982,0.562429696287964,0.0,0.281214848143982,0.281214848143982,151.0,0.06622516556291391,0.281214848143982
2025-02-27,https://www.federalreserve.gov/newsevents/speech/barr20250227a.htm,Promoting Responsible Innovation through the Novel Activities Program,Vice Chair for Supervision Michael S. Barr,"At Alliance for Innovative Regulation, Washington, D.C.",1552,1.2,0.0,0.0,0.0,0.0,0.0,0.0,0.0,0.0,0.0,65.0,0.046153846153846156,0.0
2025-02-27,https://www.federalreserve.gov/newsevents/speech/bowman20250227a.htm,Community Banking,Governor Michelle W. Bowman,"At The Robbins Banking Institute Lecture Series, Hays, Kansas",3486,1.0,0.0,0.0,0.0,3.729202524383247,1.1474469305794606,0.0,0.5737234652897303,0.0,0.0,140.0,0.07857142857142857,0.0
2025-03-07,https://www.federalreserve.gov/newsevents/speech/bowman20250307a.htm,"Remarks on ""Monetary Policy Transmission to Real Activity"" and the Recent Experience",Governor Michelle W. Bowman,"At the 2025 U.S. Monetary Policy Forum, New York, New York",2702,1.0,6.10658771280533,1.2028127313101407,2.313101406365655,24.42635085122132,4.441154700222058,13.693560325684679,5.5514433752775725,0.7401924500370096,1.1102886750555145,101.0,0.1188118811881188,9.622501850481125
2025-03-07,https://www.federalreserve.gov/newsevents/speech/kugler20250307a.htm,The Rebalancing of Labor Markets across the World,Governor Adriana D. Kugler,"At the Conference on Monetary Policy Transmission and the Labor Market, Banco de Portugal, Lisbon, Portugal",3213,1.0,3.5792094615624026,3.890445066915655,5.291005291005291,13.071895424836601,10.893246187363834,51.35387488328665,1.2449424214130096,2.178649237472767,2.489884842826019,119.0,0.10084033613445378,12.76065981948335
2025-03-07,https://www.federalreserve.gov/newsevents/speech/powell20250307a.htm,Economic Outlook,Chair Jerome H. Powell,"At the University of Chicago Booth School of Business 2025 U.S. Monetary Policy Forum, New York, New York",924,1.5,2.0,1.25,0.25,13.0,18.0,23.0,2.0,6.0,2.0,50.0,0.18,3.5
2025-03-21,https://www.federalreserve.gov/newsevents/speech/waller20250321a.htm,Statement by Governor Christopher J. Waller,Governor Christopher J. Waller,,301,1.0,0.0,0.0,0.0,1.0,0.0,0.0,0.0,0.0,0.0,12.0,0.08333333333333333,0.0
2025-03-24,https://www.federalreserve.gov/newsevents/speech/barr20250324a.htm,Helping Small Businesses Reach Their Potential,Governor Michael S. Barr,"At The Aspen Institute, Washington, D.C.",1564,1.0,0.639386189258312,0.0,0.639386189258312,1.918158567774936,1.278772378516624,1.278772378516624,0.0,0.0,0.0,69.0,0.0,1.278772378516624
2025-03-25,https://www.federalreserve.gov/newsevents/speech/kugler20250325a.htm,"Latinos, Entrepreneurs, and the U.S. Economy",Governor Adriana D. Kugler,"At the 2025 U.S. Hispanic Chamber of Commerce Legislative Summit, Washington, D.C.",1802,1.0,2.774694783573807,5.1331853496115425,3.8845726970033296,8.879023307436182,10.543840177580465,27.74694783573807,0.0,5.549389567147614,0.5549389567147613,92.0,0.08695652173913043,11.79245283018868
2025-04-02,https://www.federalreserve.gov/newsevents/speech/kugler20250402a.htm,Inflation Expectations and Monetary Policymaking,Governor Adriana D. Kugler,"At “Public Talk: Reflections on Recent Economic Developments,” cosponsored by the Griswold Center for Economic Policy Studies and the Julis-Rabinowitz Center for Public Policy and Finance, Princeton University, Princeton, New Jersey",3495,1.0,0.0,11.23032904148784,2.503576537911302,3.1473533619456364,63.51931330472103,12.017167381974248,2.28898426323319,52.64663805436337,5.436337625178827,124.0,0.6370967741935484,13.733905579399142
2025-04-03,https://www.federalreserve.gov/newsevents/speech/cook20250403a.htm,The Economic Outlook and Path of Policy,Governor Lisa D. Cook,"At the 2025 McKay Lecture, University of Pittsburgh, Pittsburgh, Pennsylvania",4532,1.0,1.1032656663724625,4.1372462488967345,-0.6619593998234775,13.018534863195057,19.41747572815534,22.06531332744925,1.5445719329214476,6.17828773168579,0.8826125330979699,232.0,0.14655172413793102,5.902471315092675
2025-04-03,https://www.federalreserve.gov/newsevents/speech/jefferson20250403a.htm,U.S. Economic Outlook and Central Bank Communications,Vice Chair Philip N. Jefferson,"At “Financial Intermediaries, Markets, and Monetary Policy,” a conference sponsored by the Federal Reserve Bank of Atlanta and the University of Virginia Darden School of Business, Atlanta, Georgia",2757,1.2,1.8135654697134567,1.4508523757707652,0.18135654697134565,9.067827348567283,13.057671381936887,13.057671381936887,3.6271309394269133,3.6271309394269133,2.538991657598839,134.0,0.19402985074626866,3.4457743924555677
2025-04-04,https://www.federalreserve.gov/newsevents/speech/barr20250404a.htm,"AI, Fintechs, and Banks",Governor Michael S. Barr,"At the Federal Reserve Bank of San Francisco, San Francisco, California",2028,1.0,-0.4930966469428008,0.0,0.0,2.9585798816568047,0.0,0.0,0.0,0.0,0.0,90.0,0.03333333333333333,0.4930966469428008
2025-04-04,https://www.federalreserve.gov/newsevents/speech/powell20250404a.htm,Economic Outlook,Chair Jerome H. Powell,"At the Society for Advancing Business Editing and Writing Annual Conference, Arlington, Virginia",899,1.5,0.0,12.75,7.75,8.0,28.0,19.0,4.0,15.0,1.0,48.0,0.375,20.5
2025-04-14,https://www.federalreserve.gov/newsevents/speech/waller20250414a.htm,A Tale of Two Outlooks,Governor Christopher J. Waller,"At the Certified Financial Analysts Society of St. Louis, St. Louis, Missouri",3208,1.0,-2.571695760598504,2.1820448877805485,1.1689526184538652,10.910224438902743,20.885286783042392,5.2992518703241895,2.4937655860349124,9.039900249376558,3.1172069825436406,140.0,0.25,5.922693266832917
2025-04-15,https://www.federalreserve.gov/newsevents/speech/cook20250415a.htm,2025 Distinguished Alumna Award Acceptance Remarks,Governor Lisa D. Cook,"At the Cal Alumni Club of Washington, D.C. Annual Reception, Washington, D.C.",1396,1.0,0.0,0.0,0.0,0.0,0.0,0.0,0.0,0.0,0.0,81.0,0.0,0.0
2025-04-16,https://www.federalreserve.gov/newsevents/speech/powell20250416a.htm,Economic Outlook,Chair Jerome H. Powell,"At the Economic Club of Chicago, Chicago, Illinois",843,1.5,-3.25,6.5,0.0,11.0,25.0,21.0,4.0,12.0,0.0,44.0,0.29545454545454547,9.75
2025-04-17,https://www.federalreserve.gov/newsevents/speech/barr20250417a.htm,Deepfakes and the AI Arms Race in Bank Cybersecurity,Governor Michael S. Barr,"At the Federal Reserve Bank of New York, New York, New York",1689,1.0,1.1841326228537596,-0.7400828892835998,0.0,1.1841326228537596,2.3682652457075193,0.0,0.0,0.5920663114268798,0.0,81.0,0.06172839506172839,1.9242155121373594
2025-04-22,https://www.federalreserve.gov/newsevents/speech/jefferson20250422a.htm,Economic Mobility and the Dual Mandate,Vice Chair Philip N. Jefferson,"At the Economic Mobility Summit, hosted by the Federal Reserve Bank of Philadelphia, Philadelphia, Pennsylvania",2064,1.2,2.9069767441860463,1.4534883720930232,2.7858527131782944,3.875968992248062,3.875968992248062,19.864341085271317,0.0,0.0,3.391472868217054,91.0,0.07692307692307693,7.146317829457364
2025-04-22,https://www.federalreserve.gov/newsevents/speech/kugler20250422a.htm,Transmission of Monetary Policy,Governor Adriana D. Kugler,"At the Heller-Hurwicz Economics Institute, University of Minnesota, Minneapolis, Minnesota",2813,1.0,3.6437966583718446,1.9552079630287948,1.066477070742979,8.176324209029506,12.442232492001422,5.6878777106292215,1.4219694276573054,3.199431212228937,0.35549235691432635,131.0,0.12213740458015267,6.665481692143619
2025-04-23,https://www.federalreserve.gov/newsevents/speech/waller20250423a.htm,Welcoming Remarks,Governor Christopher J. Waller,"At a Fed Listens Event hosted by the Federal Reserve Bank of St. Louis, St. Louis, Missouri",542,1.0,0.0,0.0,0.0,0.0,2.0,0.0,0.0,0.0,0.0,24.0,0.041666666666666664,0.0
2025-05-03,https://www.federalreserve.gov/newsevents/speech/cook20250503a.htm,Four Guides for the Journey Ahead,Governor Lisa D. Cook,"At the James Madison College 2025 Spring Commencement, Michigan State University, East Lansing, Michigan",1492,1.0,0.0,0.0,0.0,0.0,0.0,0.6702412868632708,0.0,0.0,0.0,88.0,0.022727272727272728,0.0
2025-05-09,https://www.federalreserve.gov/newsevents/speech/barr20250509a.htm,Artificial Intelligence and the Labor Market: A Scenario-Based Approach,Governor Michael S. Barr,"At the Reykjavík Economic Conference 2025, Central Bank of Iceland, Reykjavík, Iceland",3761,1.0,2.924754054772667,1.5953203935123637,1.5288487104493484,6.115394841797394,2.3929805902685457,27.12044668971018,1.8612071257644243,0.2658867322520606,3.7224142515288485,164.0,0.13414634146341464,6.048923158734379
2025-05-09,https://www.federalreserve.gov/newsevents/speech/cook20250509a.htm,Opening Remarks on Productivity Dynamics,Governor Lisa D. Cook,"At ""Finishing the Job and New Challenges,"" a monetary policy conference hosted by the Hoover Institution, Stanford University, Stanford, California",1269,1.0,10.244286840031522,5.516154452324665,0.7880220646178093,38.61308116627266,11.03230890464933,11.82033096926714,7.880220646178094,1.5760441292356187,0.0,68.0,0.11764705882352941,16.548463356973997
2025-05-09,https://www.federalreserve.gov/newsevents/speech/kugler20250509a.htm,Assessing Maximum Employment,Governor Adriana D. Kugler,"At the Reykjavík Economic Conference 2025, Central Bank of Iceland, Reykjavík, Iceland",2891,1.0,0.0,-1.7295053614666205,-2.0754064337599445,2.4213075060532687,9.33932895191975,54.65236942234521,0.3459010722933241,0.6918021445866482,3.459010722933241,114.0,0.043859649122807015,3.804911795226565
2025-05-09,https://www.federalreserve.gov/newsevents/speech/waller20250509a.htm,"Thank You, John",Governor Christopher J. Waller,"At the ""John Taylor and Taylor Rules in Policy"" Hoover Monetary Policy Conference: Finishing the Job and New Challenges, The Hoover Institution, Stanford, California",1759,1.0,-1.137009664582149,-1.137009664582149,-2.274019329164298,4.548038658328596,14.781125639567938,14.781125639567938,0.0,2.274019329164298,0.0,79.0,0.0759493670886076,4.548038658328596
2025-05-12,https://www.federalreserve.gov/newsevents/speech/kugler20250512a.htm,Economic Outlook,Governor Adriana D. Kugler,"At the International Economic Symposium, cohosted by the National Association for Business Economics and the Central Bank of Ireland, Dublin, Ireland",2652,1.0,-1.5082956259426847,4.053544494720965,0.3770739064856712,15.082956259426847,21.87028657616893,10.180995475113122,3.3936651583710407,10.180995475113122,0.7541478129713424,133.0,0.21052631578947367,5.9389140271493215
2025-05-14,https://www.federalreserve.gov/newsevents/speech/jefferson20250514a.htm,Economic Outlook,Vice Chair Philip N. Jefferson,"At the Annual Conference of Second District Directors and Advisors, Federal Reserve Bank of New York, New York, New York",1401,1.2,-1.4275517487508922,6.423982869379015,0.7137758743754461,12.84796573875803,24.982155603140612,14.275517487508923,2.8551034975017844,10.70663811563169,0.0,69.0,0.2028985507246377,8.565310492505354
2025-05-14,https://www.federalreserve.gov/newsevents/speech/waller20250514a.htm,The Role of Economic Research in Central Banking,Governor Christopher J. Waller,"At the Award Ceremony for the Winners of the Bank Al-Maghrib Prize for Economic and Financial Research, Bank of Al-Maghrib, Rabat, Morocco",2724,1.0,-1.1013215859030836,-0.18355359765051393,0.18355359765051393,3.6710719530102787,7.342143906020557,2.202643171806167,0.36710719530102787,3.6710719530102787,1.1013215859030836,134.0,0.08208955223880597,1.4684287812041115
2025-05-15,https://www.federalreserve.gov/newsevents/speech/barr20250515a.htm,Opening Remarks,Governor Michael S. Barr,"At the 2025 Northeast / Mid-Atlantic Small Business Credit Symposium, Federal Reserve Bank of New York, New York, New York (via pre-recorded video)",1365,1.0,2.93040293040293,2.93040293040293,2.93040293040293,8.058608058608058,3.663003663003663,3.663003663003663,0.7326007326007326,0.7326007326007326,0.0,64.0,0.078125,8.79120879120879
2025-05-15,https://www.federalreserve.gov/newsevents/speech/powell20250515a.htm,Opening Remarks,Chair Jerome H. Powell,"At the Second Thomas Laubach Research Conference, hosted by the Federal Reserve Board, Washington, D.C.",1887,1.5,0.13248542660307366,-3.179650238473768,0.13248542660307366,1.0598834128245893,21.197668256491784,9.00900900900901,0.5299417064122947,10.598834128245892,1.589825119236884,90.0,0.17777777777777778,3.4446210916799154
2025-05-19,https://www.federalreserve.gov/newsevents/speech/jefferson20250519a.htm,Liquidity Facilities: Purposes and Functions,Vice Chair Philip N. Jefferson,"At ""Financial Intermediation in Transition: How Will Policy Adapt?"" 2025 Financial Markets Conference, sponsored by the Federal Reserve Bank of Atlanta, Fernandina Beach, Florida",2637,1.2,0.0,0.0,0.0,0.0,0.0,0.0,0.0,0.0,0.0,117.0,0.02564102564102564,0.0
2025-05-20,https://www.federalreserve.gov/newsevents/speech/kugler20250520a.htm,Commencement Remarks,Governor Adriana D. Kugler,"At the Economics Commencement Ceremony, University of California, Berkeley, Berkeley, California",2020,1.0,0.0,-0.49504950495049505,0.0,0.0,0.49504950495049505,0.9900990099009901,0.0,0.0,0.0,82.0,0.024390243902439025,0.49504950495049505
2025-05-23,https://www.federalreserve.gov/newsevents/speech/cook20250523a.htm,A View on Financial Stability,Governor Lisa D. Cook,"At the Seventh Annual Women in Macro Conference cosponsored by New York University’s Graduate School of Arts & Science, New York University’s Stern School of Business & University of Chicago’s Becker Friedman Institute for Economics, New York, New York",3140,1.0,0.39808917197452226,-0.23885350318471338,0.0,4.45859872611465,4.45859872611465,0.9554140127388535,0.3184713375796178,0.9554140127388535,0.0,131.0,0.07633587786259542,0.6369426751592356
2025-05-25,https://www.federalreserve.gov/newsevents/speech/powell20250525a.htm,Baccalaureate Remarks,Chair Jerome H. Powell,"At Princeton University, Princeton, New Jersey",1699,1.5,0.0,0.0,0.0,0.5885815185403178,0.0,0.0,0.0,0.0,0.0,106.0,0.009433962264150943,0.0
2025-05-29,https://www.federalreserve.gov/newsevents/speech/kugler20250529a.htm,Opening Remarks,Governor Adriana D. Kugler,"At the 2025 Federal Reserve Board Macro-Finance Workshop, Washington, D.C.",860,1.0,-1.0,0.0,0.0,1.0,1.0,0.0,0.0,0.0,0.0,42.0,0.023809523809523808,1.0
2025-06-01,https://www.federalreserve.gov/newsevents/speech/waller20250601a.htm,"The Effects of Tariffs on the Three I’s: Inflation, Inflation Persistence, and Inflation Expectations",Governor Christopher J. Waller,"At “Structural Shifts and Monetary Policy,” 2025 Bank of Korea International Conference, Bank of Korea, Seoul, South Korea",3507,1.0,-0.285143997718848,8.55431993156544,3.706871970345024,9.124607927003137,28.229255774165953,16.253207869974336,0.8554319931565441,13.972055888223553,3.992015968063872,150.0,0.26,12.54633589962931
2025-06-02,https://www.federalreserve.gov/newsevents/speech/powell20250602a.htm,Opening Remarks,Chair Jerome H. Powell,"At the Division of International Finance 75th Anniversary Conference, Federal Reserve Board, Washington, D.C.",1289,1.5,0.0,0.0,0.0,1.5515903801396431,1.5515903801396431,0.7757951900698216,0.0,0.0,0.0,62.0,0.016129032258064516,0.0
2025-06-03,https://www.federalreserve.gov/newsevents/speech/cook20250603a.htm,Economic Outlook,Governor Lisa D. Cook,"At the Council on Foreign Relations, New York, New York",1149,1.0,-0.8703220191470844,5.0043516100957355,4.351610095735422,7.83289817232376,21.75805047867711,9.573542210617928,0.0,14.795474325500434,0.8703220191470844,67.0,0.14925373134328357,10.226283724978241
2025-06-04,https://www.federalreserve.gov/newsevents/speech/cook20250604a.htm,Welcoming Remarks,Governor Lisa D. Cook,"At a Fed Listens event hosted by the Federal Reserve Bank of Atlanta, Atlanta, Georgia",375,1.0,0.0,0.0,0.0,1.0,1.0,2.0,0.0,0.0,0.0,20.0,0.0,0.0
2025-06-05,https://www.federalreserve.gov/newsevents/speech/kugler20250605a.htm,The Economic Outlook and Appropriate Monetary Policy,Governor Adriana D. Kugler,"At the Economic Club of New York, New York, New York",2616,1.0,0.764525993883792,4.6827217125382266,0.764525993883792,8.027522935779816,26.75840978593272,11.850152905198776,0.382262996941896,9.938837920489297,1.9113149847094801,99.0,0.21212121212121213,6.211773700305811
2025-06-06,https://www.federalreserve.gov/newsevents/speech/bowman20250606a.htm,Taking a Fresh Look at Supervision and Regulation,Vice Chair for Supervision Michelle W. Bowman,"At the Georgetown University McDonough School of Business Psaros Center for Financial Markets and Policy, Washington, D.C.",3721,1.2,-0.26874496103198064,0.0,0.0,0.8062348830959419,0.5374899220639613,0.0,0.0,0.0,0.0,145.0,0.11724137931034483,0.26874496103198064
2025-06-23,https://www.federalreserve.gov/newsevents/speech/bowman20250623a.htm,Unintended Policy Shifts and Unexpected Consequences,Vice Chair for Supervision Michelle W. Bowman,"At “Assessing the Effectiveness of Monetary Policy during and after the COVID-19 Pandemic,” a research conference sponsored by the International Journal of Central Banking and the Czech National Bank, Prague, Czech Republic",4374,1.2,-3.08641975308642,-0.8573388203017833,-2.05761316872428,3.6579789666209424,10.059442158207592,8.001828989483311,0.2286236854138089,2.9721079103795156,0.2286236854138089,175.0,0.09142857142857143,6.001371742112483
2025-06-23,https://www.federalreserve.gov/newsevents/speech/kugler20250623a.htm,Welcoming Remarks,Governor Adriana D. Kugler,"At a Fed Listens event hosted by the Federal Reserve Bank of New York, Schenectady, New York",508,1.0,0.0,0.0,0.0,2.0,0.0,2.0,0.0,0.0,0.0,26.0,0.038461538461538464,0.0
2025-06-23,https://www.federalreserve.gov/newsevents/speech/waller20250623a.htm,Welcoming Remarks,Governor Christopher J. Waller,"At “Assessing the Effectiveness of Monetary Policy during and after the COVID-19 Pandemic” 2025 IJCB Research Conference, hosted by the Czech National Bank and the International Journal of Central Banking, Prague, Czech Republic",742,1.0,0.0,1.0,1.0,1.0,1.0,3.0,0.0,0.0,0.0,29.0,0.0,2.0
2025-06-24,https://www.federalreserve.gov/newsevents/speech/barr20250624a.htm,Opening Remarks,Governor Michael S. Barr,"At a Fed Listens event hosted by the Federal Reserve Bank of Kansas City, Omaha, Nebraska",737,1.0,-1.5,1.0,0.0,2.0,12.0,14.0,1.0,8.0,5.0,33.0,0.18181818181818182,2.5
2025-06-26,https://www.federalreserve.gov/newsevents/speech/barr20250626a.htm,Community Development at the Federal Reserve,Governor Michael S. Barr,"At the Policy Summit 2025: Building Strong and Sustainable Communities, hosted by the Federal Reserve Bank of Cleveland, Cleveland, Ohio",1658,1.0,0.0,1.3570566948130278,0.6031363088057902,2.4125452352231607,4.221954161640531,7.840772014475272,0.0,2.4125452352231607,0.6031363088057902,68.0,0.07352941176470588,1.960193003618818
2025-07-10,https://www.federalreserve.gov/newsevents/speech/waller20250710a.htm,Demystifying the Federal Reserve's Balance Sheet,Governor Christopher J. Waller,"At the Federal Reserve Bank of Dallas, Dallas, Texas",4350,1.0,0.9195402298850576,0.0,0.0,6.666666666666667,0.6896551724137931,0.0,0.0,0.0,0.0,187.0,0.0106951871657754,0.9195402298850576
2025-07-15,https://www.federalreserve.gov/newsevents/speech/barr20250715a.htm,Expanding Financial Inclusion,Governor Michael S. Barr,"At ""Unleashing a Financially Inclusive Future,"" the second annual Financial Inclusion Conference hosted by the Federal Reserve Board, Washington, D.C.",2158,1.0,-0.4633920296570899,0.0,0.0,0.4633920296570899,0.9267840593141798,1.3901760889712698,0.0,0.0,0.0,94.0,0.031914893617021274,0.4633920296570899
2025-07-15,https://www.federalreserve.gov/newsevents/speech/bowman20250715a.htm,Welcoming Remarks,Vice Chair for Supervision Michelle W. Bowman,"At ""Unleashing a Financially Inclusive Future,"" the second annual Financial Inclusion Conference hosted by the Federal Reserve Board, Washington, D.C. (via prerecorded video)",653,1.2,0.0,0.0,0.0,0.0,0.0,0.0,0.0,0.0,0.0,31.0,0.0967741935483871,0.0
2025-07-16,https://www.federalreserve.gov/newsevents/speech/barr20250716a.htm,Booms and Busts and the Regulatory Cycle,Governor Michael S. Barr,"At The Brookings Institution, Washington, D.C.",3139,1.0,0.0,0.7167887862376554,0.31857279388340237,6.0528830837846455,1.9114367633004143,0.31857279388340237,0.0,0.31857279388340237,0.0,150.0,0.03333333333333333,1.0353615801210578
2025-07-17,https://www.federalreserve.gov/newsevents/speech/cook20250717a.htm,AI: A Fed Policymaker's View,Governor Lisa D. Cook,"At the National Bureau of Economic Research, Summer Institute 2025: Digital Economics and Artificial Intelligence, Cambridge, Massachusetts",2499,1.0,1.6006402561024409,1.5006002400960383,1.9007603041216485,3.601440576230492,2.4009603841536613,4.801920768307323,1.6006402561024409,0.4001600640256102,0.8003201280512204,109.0,0.08256880733944955,5.002000800320128
2025-07-17,https://www.federalreserve.gov/newsevents/speech/kugler20250717a.htm,A View of the Housing Market and U.S. Economic Outlook,Governor Adriana D. Kugler,"At the Housing Partnership Network Symposium, Washington, D.C.",2691,1.0,-0.8361204013377926,10.683760683760685,4.923820141211446,12.634708286882201,20.810107766629507,11.519881085098477,0.3716090672612412,5.945745076179859,1.858045336306206,126.0,0.10317460317460317,16.443701226309923
2025-07-17,https://www.federalreserve.gov/newsevents/speech/waller20250717a.htm,The Case for Cutting Now,Governor Christopher J. Waller,"At the Money Marketeers of New York University, New York, New York",2707,1.0,-5.910602142593277,6.557074251939417,-2.7705947543405984,12.929442186922794,17.73180642777983,24.011821204285187,4.802364240857037,5.910602142593277,4.802364240857037,97.0,0.18556701030927836,15.238271148873292
2025-07-22,https://www.federalreserve.gov/newsevents/speech/powell20250722a.htm,Opening Remarks,Chair Jerome H. Powell,"At the Integrated Review of the Capital Framework for Large Banks Conference, Federal Reserve Board, Washington, D.C.",449,1.5,0.0,0.0,0.0,1.0,0.0,0.0,0.0,0.0,0.0,26.0,0.0,0.0
2025-08-01,https://www.federalreserve.gov/newsevents/speech/bowman20250801a.htm,Statement by Vice Chair for Supervision Michelle W. Bowman,Vice Chair for Supervision Michelle W. Bowman,,791,1.2,-12.25,0.5,-9.0,13.0,14.0,35.0,2.0,1.0,2.0,30.0,0.1,21.75
2025-08-01,https://www.federalreserve.gov/newsevents/speech/waller20250801a.htm,Statement by Governor Christopher J. Waller,Governor Christopher J. Waller,,576,1.0,-2.5,3.0,1.0,5.0,9.0,15.0,5.0,2.0,7.0,23.0,0.21739130434782608,6.5
2025-08-09,https://www.federalreserve.gov/newsevents/speech/bowman20250809a.htm,Thoughts on the Economy and Community Bank Capital,Vice Chair for Supervision Michelle W. Bowman,"At the Kansas Bankers Association 2025 CEO & Senior Management Summit, Colorado Springs, Colorado",3458,1.2,-7.301908617698091,-2.0242914979757085,-6.000578368999421,6.362058993637941,7.807981492192018,17.640254482359744,0.578368999421631,2.0242914979757085,1.156737998843262,140.0,0.08571428571428572,15.32677848467322
2025-08-19,https://www.federalreserve.gov/newsevents/speech/bowman20250819a.htm,Embracing Innovation,Vice Chair for Supervision Michelle W. Bowman,"At the Wyoming Blockchain Symposium 2025, Teton Village, Wyoming",3059,1.2,0.0,-0.3269042170644001,0.0,2.942137953579601,0.3269042170644001,0.0,0.0,0.0,0.0,137.0,0.072992700729927,0.3269042170644001
2025-08-20,https://www.federalreserve.gov/newsevents/speech/waller20250820a.htm,Technological Advancements in Payments,Governor Christopher J. Waller,"At the Wyoming Blockchain Symposium 2025, Teton Village, Wyoming",1619,1.0,0.0,-0.6176652254478073,-0.6176652254478073,1.2353304508956147,1.2353304508956147,0.6176652254478073,0.0,0.0,0.0,78.0,0.0,1.2353304508956147
2025-08-22,https://www.federalreserve.gov/newsevents/speech/powell20250822a.htm,Monetary Policy and the Fed’s Framework Review,Chair Jerome H. Powell,"At “Labor Markets in Transition: Demographics, Productivity, and Macroeconomic Policy,” an economic symposium sponsored by the Federal Reserve Bank of Kansas City, Jackson Hole, Wyoming",3207,1.5,-4.521359526036795,3.507951356407858,0.7795447458684129,8.107265357031494,24.009978172747118,23.074524477705022,1.2472715933894607,9.66635484876832,3.4299968818210167,140.0,0.17142857142857143,8.808855628313067
2025-08-28,https://www.federalreserve.gov/newsevents/speech/waller20250828a.htm,Let’s Get On with It,Governor Christopher J. Waller,"At the Economic Club of Miami, Miami, Florida",2818,1.0,-4.9680624556423,0.7097232079488999,-8.87154009936125,7.452093683463449,11.00070972320795,33.71185237757275,1.0645848119233499,3.1937544357700496,2.1291696238466997,111.0,0.13513513513513514,14.54932576295245
2025-09-22,https://www.federalreserve.gov/newsevents/speech/miran20250922a.htm,Nonmonetary Forces and Appropriate Monetary Policy,Governor Stephen I. Miran,"At the Economic Club of New York, New York, New York",2980,1.0,4.026845637583893,-2.7684563758389262,0.6711409395973155,16.44295302013423,11.409395973154362,6.040268456375839,1.0067114093959733,3.0201342281879193,0.33557046979865773,136.0,0.08088235294117647,7.4664429530201355
2025-09-23,https://www.federalreserve.gov/newsevents/speech/bowman20250923a.htm,Views on the Economy and Monetary Policy,Vice Chair for Supervision Michelle W. Bowman,"At the 2025 Kentucky Bankers Association Annual Convention, Asheville, North Carolina",2577,1.2,-8.246022506790842,-2.716336825766395,-6.984866123399302,12.417539774932091,15.521924718665115,31.431897555296857,3.880481179666279,4.656577415599535,3.880481179666279,100.0,0.19,17.94722545595654
2025-09-23,https://www.federalreserve.gov/newsevents/speech/powell20250923a.htm,Economic Outlook,Chair Jerome H. Powell,"At the Greater Providence Chamber of Commerce 2025 Economic Outlook Luncheon, Warwick, Rhode Island",1187,1.5,-4.212299915754001,6.318449873631002,-5.897219882055602,6.739679865206402,20.219039595619208,16.849199663016005,0.0,3.369839932603201,0.0,66.0,0.10606060606060606,16.427969671440607
2025-09-25,https://www.federalreserve.gov/newsevents/speech/barr20250925a.htm,Preserving the Dynamism and Credibility of Stress Testing,Governor Michael S. Barr,"At the Peterson Institute for International Economics, Washington, D.C.",4123,1.0,0.0,-0.24254183846713556,-0.24254183846713556,0.0,0.7276255154014067,0.4850836769342711,0.0,0.0,0.0,155.0,0.08387096774193549,0.4850836769342711
2025-09-26,https://www.federalreserve.gov/newsevents/speech/bowman20250926a.htm,Thoughts on Monetary Policy Decisionmaking and Challenges Ahead,Vice Chair for Supervision Michelle W. Bowman,"At the Forecasters Club of New York Luncheon, New York, New York",5142,1.2,0.09723842862699338,2.819914430182808,0.4375729288214702,9.723842862699339,9.529366005445352,10.696227148969271,4.084014002333722,2.7226760015558145,2.3337222870478413,193.0,0.16580310880829016,3.3547257876312715
2025-09-29,https://www.federalreserve.gov/newsevents/speech/waller20250929a.htm,The Next Frontier of Payments Innovation,Governor Christopher J. Waller,"At Sibos 2025, Frankfurt, Germany",2080,1.0,0.4807692307692307,-1.923076923076923,0.0,0.4807692307692307,2.4038461538461537,0.0,0.0,0.0,0.0,93.0,0.0,2.4038461538461537
2025-09-30,https://www.federalreserve.gov/newsevents/speech/jefferson20250930a.htm,Monetary Policy Frameworks and the U.S. Economic Outlook,Vice Chair Philip N. Jefferson,"At ""Monetary Policy in the Shadow of Geopolitical Tensions and Trade Conflicts,"" the fourth International Monetary Policy Conference hosted by the Bank of Finland, Helsinki, Finland",2574,1.2,-6.6045066045066045,1.5540015540015542,-3.4965034965034967,8.158508158508159,18.64801864801865,19.813519813519815,0.38850038850038854,8.158508158508159,1.1655011655011656,118.0,0.1440677966101695,11.655011655011656
2025-10-03,https://www.federalreserve.gov/newsevents/speech/jefferson20251003a.htm,Economic Outlook and the Fed’s Monetary Policy Framework,Vice Chair Philip N. Jefferson,"At the Drexel Economic Forum, Drexel University LeBow College of Business, Philadelphia, Pennsylvania",2158,1.2,-4.170528266913809,3.0120481927710845,-0.4633920296570899,7.414272474513439,22.242817423540316,19.925857275254867,0.4633920296570899,9.731232622798888,1.8535681186283597,93.0,0.17204301075268819,7.645968489341984
2025-10-07,https://www.federalreserve.gov/newsevents/speech/bowman20251007a.htm,Welcome Remarks,Vice Chair for Supervision Michelle W. Bowman,"At the 2025 Community Banking Research Conference, St. Louis, Missouri (via pre-recorded video)",1158,1.2,0.0,0.0,0.0,0.8635578583765113,0.8635578583765113,0.0,0.0,0.0,0.0,53.0,0.09433962264150944,0.0
2025-10-08,https://www.federalreserve.gov/newsevents/speech/barr20251008a.htm,Community Banking: The Cornerstone of Building Communities,Governor Michael S. Barr,"At the 2025 Community Banking Research Conference, St. Louis, Missouri",2130,1.0,0.0,-0.4694835680751174,0.0,1.8779342723004695,2.347417840375587,1.8779342723004695,0.0,0.0,1.4084507042253522,81.0,0.04938271604938271,0.4694835680751174
2025-10-08,https://www.federalreserve.gov/newsevents/speech/barr20251008b.htm,Economic Data and Research in Indian Country,Governor Michael S. Barr,"At the Center for Indian Country Development Tenth Anniversary and Data Summit, Minneapolis, Minnesota",1689,1.0,-0.5920663114268798,0.0,0.5920663114268798,1.7761989342806395,0.0,3.552397868561279,0.0,0.0,0.0,75.0,0.06666666666666667,1.1841326228537596
2025-10-09,https://www.federalreserve.gov/newsevents/speech/barr20251009a.htm,The Economic Outlook and Monetary Policy,Governor Michael S. Barr,"At the Economic Club of Minnesota Luncheon, Golden Valley, Minnesota",2444,1.0,-2.7618657937806876,9.615384615384615,-4.398527004909984,13.09328968903437,23.32242225859247,27.00490998363339,3.2733224222585924,12.684124386252046,3.2733224222585924,90.0,0.2777777777777778,16.775777414075286
2025-10-09,https://www.federalreserve.gov/newsevents/speech/bowman20251009a.htm,Opening Remarks,Vice Chair for Supervision Michelle W. Bowman,"At the Community Bank Conference, hosted by the Board of Governors of the Federal Reserve System, Washington, D.C.",712,1.2,0.0,0.0,0.0,0.0,0.0,0.0,0.0,0.0,0.0,35.0,0.14285714285714285,0.0
2025-10-09,https://www.federalreserve.gov/newsevents/speech/bowman20251009b.htm,Community Banking: Looking Toward the Future,Vice Chair for Supervision Michelle W. Bowman,"At the Community Bank Conference, hosted by the Board of Governors of the Federal Reserve System, Washington, D.C.",1535,1.2,0.0,-0.6514657980456027,0.0,3.908794788273616,1.954397394136808,0.0,1.3029315960912053,0.0,0.0,76.0,0.039473684210526314,0.6514657980456027
2025-10-09,https://www.federalreserve.gov/newsevents/speech/powell20251009a.htm,Welcoming Remarks,Chair Jerome H. Powell,"At the Community Bank Conference, Federal Reserve Board, Washington, D.C. (via pre-recorded video)",299,1.5,0.0,0.0,0.0,0.0,0.0,0.0,0.0,0.0,0.0,22.0,0.0,0.0
2025-10-14,https://www.federalreserve.gov/newsevents/speech/powell20251014a.htm,Understanding the Fed’s Balance Sheet,Chair Jerome H. Powell,"At the 67th Annual Meeting of the National Association for Business Economics, Philadelphia, Pennsylvania",2562,1.5,-1.0733801717408276,2.7322404371584703,-1.8540202966432475,3.5128805620608903,4.68384074941452,5.85480093676815,1.17096018735363,1.5612802498048401,2.34192037470726,125.0,0.128,5.659640905542545
2025-10-15,https://www.federalreserve.gov/newsevents/speech/waller20251015a.htm,Innovation at the Speed of AI,Governor Christopher J. Waller,"At DC Fintech Week, Arlington, Virginia",2301,1.0,4.780530204259017,0.8691873098652759,1.7383746197305519,13.906996957844415,3.042155584528466,10.864841373315949,0.43459365493263796,0.0,1.303780964797914,123.0,0.056910569105691054,7.388092133854845
2025-10-16,https://www.federalreserve.gov/newsevents/speech/barr20251016a.htm,Exploring the Possibilities and Risks of New Payment Technologies,Governor Michael S. Barr,"At 2025 D.C. Fintech Week, Washington, D.C.",3067,1.0,0.0,0.32605151613955,0.0,1.9563090968373003,1.9563090968373003,0.0,0.0,0.0,0.0,128.0,0.0078125,0.32605151613955
2025-10-16,https://www.federalreserve.gov/newsevents/speech/bowman20251016a.htm,Welcome Remarks,Vice Chair for Supervision Michelle W. Bowman,"At the 2025 Federal Reserve Stress Testing Research Conference, Boston, Massachusetts (via pre-recorded video)",708,1.2,0.0,0.0,0.0,1.0,0.0,0.0,0.0,0.0,0.0,34.0,0.029411764705882353,0.0
2025-10-16,https://www.federalreserve.gov/newsevents/speech/waller20251016a.htm,Cutting Rates in the Face of Conflicting Data,Governor Christopher J. Waller,"At the Council on Foreign Relations, New York, New York",2857,1.0,-1.8375918795939796,0.5250262513125656,-7.4378718935946795,24.151207560378015,11.550577528876444,32.90164508225411,7.3503675183759185,4.200210010500525,5.250262513125656,107.0,0.17757009345794392,9.800490024501226
2025-10-21,https://www.federalreserve.gov/newsevents/speech/waller20251021a.htm,Embracing New Technologies and Players in Payments,Governor Christopher J. Waller,"At the Payments Innovation Conference, Federal Reserve Board, Washington, D.C.",1377,1.0,0.0,0.0,0.0,0.7262164124909223,0.0,0.0,0.0,0.0,0.0,64.0,0.03125,0.0
2025-10-22,https://www.federalreserve.gov/newsevents/speech/barr20251022a.htm,Brief Remarks,Governor Michael S. Barr,"At the Opportunity Finance Network Conference, Washington, D.C. (via pre-recorded video)",667,1.0,0.0,0.0,0.0,1.0,0.0,0.0,0.0,0.0,0.0,33.0,0.0,0.0
2025-10-22,https://www.federalreserve.gov/newsevents/speech/barr20251022b.htm,Brief Remarks,Governor Michael S. Barr,"At the Crossing the Credit Barrier: Advancing Access and Creating Opportunities Conference, St. Louis, Missouri (via pre-recorded video)",717,1.0,0.0,0.0,0.0,0.0,0.0,0.0,0.0,0.0,0.0,38.0,0.0,0.0
2025-10-23,https://www.federalreserve.gov/newsevents/speech/barr20251023a.htm,Supporting Investment in Communities: The First 25 Years of the New Markets Tax Credit,Governor Michael S. Barr,"At the 2025 Fall New Markets Tax Credit Conference, New Orleans, Louisiana",1313,1.0,-2.2848438690022848,0.0,-0.7616146230007617,9.139375476009139,0.0,3.808073115003808,0.0,0.0,0.0,58.0,0.017241379310344827,3.0464584920030466
2025-10-30,https://www.federalreserve.gov/newsevents/speech/bowman20251030a.htm,Opening Remarks,Vice Chair for Supervision Michelle W. Bowman,"At the Economic Growth and Regulatory Paperwork Reduction Act Outreach Meeting, Federal Reserve Bank of Kansas City, Kansas City, Missouri",1280,1.2,0.0,-0.78125,0.0,4.6875,4.6875,0.0,0.0,0.0,0.0,59.0,0.0,0.78125
2025-11-03,https://www.federalreserve.gov/newsevents/speech/cook20251103a.htm,The Economic Outlook and Monetary Policy,Governor Lisa D. Cook,"At The Brookings Institution, Washington, D.C.",1929,1.0,-2.851218247796786,3.499222395023328,-4.147226542249871,11.923276308968378,14.515292897874547,20.73613271124935,3.1104199066874028,4.147226542249871,1.0368066355624677,92.0,0.1956521739130435,10.497667185069986
2025-11-07,https://www.federalreserve.gov/newsevents/speech/jefferson20251107a.htm,AI and the Economy,Vice Chair Philip N. Jefferson,"At Euro20+, Deutsche Bundesbank, Frankfurt, Germany",1892,1.2,5.813953488372094,1.0570824524312896,3.171247357293869,8.985200845665963,9.513742071881607,20.084566596194506,1.0570824524312896,1.5856236786469344,1.5856236786469344,97.0,0.10309278350515463,10.042283298097251
2025-11-07,https://www.federalreserve.gov/newsevents/speech/miran20251107a.htm,A Global Stablecoin Glut: Implications for Monetary Policy,Governor Stephen I. Miran,"At the BCVC Summit 2025, Harvard Club of New York City, New York, New York",2320,1.0,1.185344827586207,-0.4310344827586207,0.4310344827586207,11.63793103448276,1.7241379310344829,0.4310344827586207,4.310344827586207,0.0,0.0,117.0,0.1282051282051282,2.0474137931034484
2025-11-11,https://www.federalreserve.gov/newsevents/speech/barr20251111a.htm,AI and Central Banking,Governor Michael S. Barr,"At the Singapore Fintech Festival, Singapore",1789,1.0,1.8166573504751258,0.5589714924538849,1.1179429849077698,7.825600894354388,0.5589714924538849,5.0307434320849636,0.5589714924538849,0.0,0.0,82.0,0.04878048780487805,3.4935718278367807
2025-11-17,https://www.federalreserve.gov/newsevents/speech/jefferson20251117a.htm,Economic Outlook and Monetary Policy,Vice Chair Philip N. Jefferson,"At the Federal Reserve Bank of Kansas City, Kansas City, Missouri",1312,1.2,-3.239329268292683,1.1432926829268293,-2.4771341463414633,3.8109756097560976,9.908536585365853,13.71951219512195,0.7621951219512195,5.335365853658536,3.048780487804878,59.0,0.22033898305084745,6.859756097560975
2025-11-17,https://www.federalreserve.gov/newsevents/speech/waller20251117a.htm,The Case for Continuing Rate Cuts,Governor Christopher J. Waller,"At the Society of Professional Economists Annual Dinner, London, United Kingdom",3103,1.0,-7.170480180470512,1.7724782468578792,-4.10892684498872,13.857557202707056,7.089912987431517,27.392845633258137,4.834031582339671,3.5449564937157585,3.5449564937157585,134.0,0.15671641791044777,13.051885272317111
2025-11-18,https://www.federalreserve.gov/newsevents/speech/barr20251118a.htm,"The Case for Strong, Effective Banking Supervision",Governor Michael S. Barr,"At the Alan Meltzer Speaker Series, Kogod School of Business, American University, Washington, D.C.",2930,1.0,0.0,0.341296928327645,0.0,0.341296928327645,1.023890784982935,2.04778156996587,0.0,0.0,0.0,142.0,0.035211267605633804,0.341296928327645
2025-11-19,https://www.federalreserve.gov/newsevents/speech/miran20251119a.htm,Regulatory Dominance of the Federal Reserve’s Balance Sheet,Governor Stephen I. Miran,"At the Bank Policy Institute and Small Business & Entrepreneurship Council, Washington, D.C.",2157,1.0,-0.11590171534538711,0.0,0.0,2.3180343069077423,1.3908205841446453,0.0,0.46360686138154844,0.0,0.0,93.0,0.053763440860215055,0.11590171534538711
2025-11-20,https://www.federalreserve.gov/newsevents/speech/cook20251120a.htm,A Policymaker’s View of Financial Stability,Governor Lisa D. Cook,"At Georgetown University’s McDonough School of Business Psaros Center for Financial Markets and Policy, Washington, D.C.",3223,1.0,1.2410797393732549,0.9308098045299411,-0.3102699348433137,4.033509152963078,1.8616196090598822,2.792429413589823,0.0,0.0,0.0,149.0,0.040268456375838924,2.4821594787465098
2025-11-21,https://www.federalreserve.gov/newsevents/speech/barr20251121a.htm,Welcoming Remarks,Governor Michael S. Barr,"At the 2025 National College Fed Challenge Finals, Federal Reserve Board, Washington, D.C.",915,1.0,0.0,0.0,0.0,0.0,2.0,2.0,0.0,0.0,0.0,31.0,0.12903225806451613,0.0
2025-11-21,https://www.federalreserve.gov/newsevents/speech/jefferson20251121a.htm,"AI, the Economy, and Financial Stability",Vice Chair Philip N. Jefferson,"At the 2025 Federal Reserve Bank of Cleveland Financial Stability Conference, Cleveland, Ohio",2229,1.2,2.2431583669807087,1.794526693584567,0.8972633467922835,4.93494840735756,4.486316733961417,8.972633467922835,0.44863167339614174,0.0,0.8972633467922835,98.0,0.09183673469387756,4.934948407357559
2025-12-01,https://www.federalreserve.gov/newsevents/speech/powell20251201a.htm,Opening Remarks,Chair Jerome H. Powell,"At the George P. Shultz Memorial Lecture Series: Shultz and Economic Policy, Hoover Institution, Stanford University, Stanford, California",641,1.5,0.0,0.0,0.0,0.0,0.0,5.0,0.0,0.0,0.0,35.0,0.02857142857142857,0.0
2025-12-15,https://www.federalreserve.gov/newsevents/speech/miran20251215a.htm,The Inflation Outlook,Governor Stephen I. Miran,"At the School of International and Public Affairs, Columbia University, New York, New York",2868,1.0,0.3486750348675035,7.4093444909344495,-0.697350069735007,5.92747559274756,39.7489539748954,6.276150627615063,0.0,6.276150627615063,0.0,149.0,0.09395973154362416,8.45536959553696
2026-01-07,https://www.federalreserve.gov/newsevents/speech/bowman20260107a.htm,Modernizing Supervision and Regulation: 2025 and the Path Ahead,Vice Chair for Supervision Michelle W. Bowman,"At the California Bankers Association Bank Presidents Seminar, Laguna Beach, California (virtual)",3401,1.2,0.3675389591296678,0.0,0.0,1.470155836518671,0.5880623346074684,0.0,0.2940311673037342,0.0,0.0,149.0,0.03355704697986577,0.3675389591296678
2026-01-11,https://www.federalreserve.gov/newsevents/speech/powell20260111a.htm,Statement from Federal Reserve Chair Jerome H. Powell,Chair Jerome H. Powell,,348,1.5,0.0,0.0,0.0,0.0,0.0,1.0,0.0,0.0,0.0,20.0,0.1,0.0
2026-01-14,https://www.federalreserve.gov/newsevents/speech/miran20260114a.htm,"Regulations, the Supply Side, and Monetary Policy",Governor Stephen I. Miran,"At the Delphi Economic Forum, National Gallery - Alexandros Soutsos Museum, Athens, Greece",2482,1.0,4.331184528605963,1.1079774375503626,-0.40290088638195,17.32473811442385,9.26672038678485,3.2232070910556,1.6116035455278,1.20870265914585,0.0,111.0,0.0990990990990991,5.842062852538275
2026-01-16,https://www.federalreserve.gov/newsevents/speech/bowman20260116a.htm,Outlook for the Economy and Monetary Policy,Vice Chair for Supervision Michelle W. Bowman,"At Outlook 26: The New England Economic Forum, Foxborough, Massachusetts",3553,1.2,-1.8998029833943146,-0.4221784407542922,-0.914719954967633,16.0427807486631,15.198423867154517,28.708133971291865,5.629045876723896,4.221784407542922,3.3774275260343374,148.0,0.1891891891891892,3.23670137911624
2026-01-16,https://www.federalreserve.gov/newsevents/speech/jefferson20260116a.htm,Economic Outlook and Monetary Policy Implementation,Vice Chair Philip N. Jefferson,"At the American Institute for Economic Research, Shadow Open Market Committee, and Florida Atlantic University Conference, Boca Raton, Florida",2550,1.2,0.0,0.7843137254901962,-1.9607843137254903,7.058823529411765,13.725490196078432,12.15686274509804,0.3921568627450981,1.9607843137254903,0.0,115.0,0.09565217391304348,2.7450980392156863
2026-01-30,https://www.federalreserve.gov/newsevents/speech/bowman20260130a.htm,Outlook for the Economy and Monetary Policy,Vice Chair for Supervision Michelle W. Bowman,"At the SW Graduate School of Banking at SMU Cox: 161st Assembly for Bank Directors, Oahu, Hawaii",1688,1.2,-1.7772511848341233,0.4443127962085308,-2.5177725118483414,8.293838862559243,16.587677725118485,34.360189573459714,3.5545023696682465,4.739336492890995,4.146919431279621,66.0,0.18181818181818182,4.739336492890995
2026-01-30,https://www.federalreserve.gov/newsevents/speech/waller20260130a.htm,Statement by Governor Christopher J. Waller,Governor Christopher J. Waller,,370,1.0,-4.25,2.25,-1.25,7.0,5.0,22.0,2.0,3.0,5.0,17.0,0.17647058823529413,7.75
2026-02-04,https://www.federalreserve.gov/newsevents/speech/cook20260204a.htm,Economic Outlook,Governor Lisa D. Cook,"At the Economic Club of Miami, Miami, Florida",2184,1.0,3.663003663003663,5.608974358974359,0.6868131868131868,9.615384615384615,20.604395604395602,29.76190476190476,1.3736263736263736,8.241758241758241,5.0366300366300365,103.0,0.18446601941747573,9.958791208791208
2026-02-06,https://www.federalreserve.gov/newsevents/speech/jefferson20260206a.htm,Economic Outlook and Supply-Side (Dis)Inflation Dynamics,Vice Chair Philip N. Jefferson,"At the Brookings Institution, Washington, D.C.",2287,1.2,9.94752951464801,4.70048097944906,-0.5465675557498907,30.60778312199388,23.61171840839528,20.113686051595977,6.121556624398776,9.619588981198076,2.1862702229995628,104.0,0.21153846153846154,15.194578049846962
2026-02-16,https://www.federalreserve.gov/newsevents/speech/bowman20260216a.htm,"Revitalizing Bank Mortgage Lending, One Step with Basel",Vice Chair for Supervision Michelle W. Bowman,"At The American Bankers Association 2026 Conference for Community Bankers, Orlando, Florida",1776,1.2,0.5630630630630631,0.0,0.0,1.6891891891891893,1.1261261261261262,0.0,0.0,0.0,0.0,88.0,0.03409090909090909,0.5630630630630631
2026-02-17,https://www.federalreserve.gov/newsevents/speech/barr20260217a.htm,What Will Artificial Intelligence Mean for the Labor Market and the Economy?,Governor Michael S. Barr,"At the New York Association for Business Economics, New York, New York",4046,1.0,5.931784478497281,1.0504201680672267,3.1512605042016806,16.806722689075627,2.718734552644587,27.928818586258032,2.718734552644587,0.49431537320810676,0.49431537320810676,168.0,0.1130952380952381,10.133465150766188
2026-02-19,https://www.federalreserve.gov/newsevents/speech/bowman20260219a.htm,Opening Remarks,Vice Chair for Supervision Michelle W. Bowman,"At the Federal Reserve Bank of Atlanta 2026 Banking Outlook Conference: The Next Horizon in Banking, Atlanta, Georgia (via pre-recorded video)",1268,1.2,0.0,0.0,0.0,1.5772870662460567,0.0,0.0,0.0,0.0,0.0,64.0,0.03125,0.0
2026-02-23,https://www.federalreserve.gov/newsevents/speech/waller20260223a.htm,Labor Market Data: Signal or Noise?,Governor Christopher J. Waller,"At The Great Realignment: Navigating AI, Demographic and Geoeconomic Change, 42nd Annual NABE Economic Policy Conference, The National Association for Business Economics, Washington, D.C.",2708,1.0,2.0310192023633675,0.0,2.4926144756277693,10.339734121122598,17.725258493353028,33.973412112259965,1.4771048744460855,6.277695716395864,3.3234859675036925,111.0,0.12612612612612611,4.523633677991137
2026-02-24,https://www.federalreserve.gov/newsevents/speech/cook20260224a.htm,Opening Remarks for the “AI and Productivity across the Economy” Panel,Governor Lisa D. Cook,"At “The Great Realignment: Navigating AI, Demographic, and Geoeconomic Shifts,” 42nd Annual NABE Economic Policy Conference, Washington, D.C.",1076,1.0,6.737918215613383,0.929368029739777,3.717472118959108,14.869888475836431,2.7881040892193307,18.587360594795538,1.858736059479554,0.0,0.0,50.0,0.02,11.384758364312267
2026-02-24,https://www.federalreserve.gov/newsevents/speech/waller20260224a.htm,Operationalizing AI at the Federal Reserve,Governor Christopher J. Waller,"At the Federal Reserve Bank of Boston 2026 Technology-Enabled Disruption Conference: Shaping the Future of Finance and Payments, Boston, Massachusetts (via webcast)",2663,1.0,0.7510326699211416,0.0,0.0,2.253098009763425,0.3755163349605708,0.3755163349605708,0.3755163349605708,0.0,0.0,155.0,0.025806451612903226,0.7510326699211416
2026-02-26,https://www.federalreserve.gov/newsevents/speech/bowman20260226a.htm,Supervision and Regulation,Vice Chair for Supervision Michelle W. Bowman,"Before the Committee on Banking, Housing, and Urban Affairs, U.S. Senate, Washington, D.C.",1984,1.2,1.0080645161290323,0.0,0.0,5.544354838709677,0.5040322580645161,0.0,0.0,0.0,0.0,96.0,0.041666666666666664,1.0080645161290323
2026-03-03,https://www.federalreserve.gov/newsevents/speech/bowman20260303a.htm,"Liquidity Resiliency, Financial Stability, and the Role of the Federal Reserve",Vice Chair for Supervision Michelle W. Bowman,"At The Roundtable on Liquidity and Lender of Last Resort sponsored by the Committee on Capital Markets Regulation, Washington, D.C.",1140,1.2,1.7543859649122808,0.8771929824561404,0.0,2.6315789473684212,1.7543859649122808,0.0,0.0,0.0,0.0,59.0,0.0,2.6315789473684212
2026-03-12,https://www.federalreserve.gov/newsevents/speech/bowman20260312a.htm,Capital Rules for the Real Economy,Vice Chair for Supervision Michelle W. Bowman,"At the Cato Institute Policy Forum: Basel III and Bank Capital Rules, Washington, D.C.",2311,1.2,1.7308524448290783,1.7308524448290783,0.0,3.4617048896581566,2.163565556036348,0.0,0.0,0.0,0.0,117.0,0.017094017094017096,3.4617048896581566
2026-03-21,https://www.federalreserve.gov/newsevents/speech/powell20260321a.htm,Acceptance Remarks,Chair Jerome H. Powell,At the American Society for Public Administration Annual Conference: Paul A. Volcker Public Integrity Award Ceremony (via pre-recorded video),467,1.5,0.0,0.5,1.5,1.0,4.0,1.0,1.0,2.0,1.0,25.0,0.08,2.0
2026-03-24,https://www.federalreserve.gov/newsevents/speech/barr20260324a.htm,Developing Communities through Public-private Partnerships,Governor Michael S. Barr,"At the 2026 National Community Investment Conference, Phoenix, Arizona",2748,1.0,0.8187772925764192,0.727802037845706,-0.727802037845706,5.458515283842794,3.2751091703056767,2.1834061135371177,0.363901018922853,0.0,0.0,109.0,0.09174311926605505,2.2743813682678313
2026-03-26,https://www.federalreserve.gov/newsevents/speech/barr20260326a.htm,Brief Remarks on the Economic Outlook and Monetary Policy,Governor Michael S. Barr,"At the Brookings Institution, Washington, D.C.",988,1.0,6.25,6.75,3.0,16.0,26.0,14.0,6.0,12.0,8.0,45.0,0.2222222222222222,16.0
2026-03-26,https://www.federalreserve.gov/newsevents/speech/cook20260326a.htm,Reflections on Financial Stability,Governor Lisa D. Cook,"At Yale Program on Financial Stability, School of Management, Yale University, New Haven, Connecticut",3448,1.0,0.0,-0.7250580046403713,0.0,1.160092807424594,0.580046403712297,0.580046403712297,0.0,0.580046403712297,0.0,172.0,0.01744186046511628,0.7250580046403713
2026-03-26,https://www.federalreserve.gov/newsevents/speech/jefferson20260326a.htm,Economic Outlook and Energy Effects,Vice Chair Philip N. Jefferson,"At the Global Perspectives Speaker Series, Federal Reserve Bank of Dallas, Dallas, Texas",2085,1.2,0.47961630695443647,10.911270983213429,-1.5587529976019185,11.990407673860911,24.46043165467626,21.58273381294964,0.0,2.8776978417266186,3.357314148681055,108.0,0.10185185185185185,12.949640287769785
2026-03-26,https://www.federalreserve.gov/newsevents/speech/miran20260326a.htm,Prospects for Shrinking the Fed’s Balance Sheet,Governor Stephen I. Miran,"At the Economic Club of Miami, Miami, Florida",2095,1.0,-0.954653937947494,0.477326968973747,0.0,4.295942720763723,0.954653937947494,0.0,1.431980906921241,0.477326968973747,0.0,106.0,0.05660377358490566,1.431980906921241
2026-03-31,https://www.federalreserve.gov/newsevents/speech/barr20260331a.htm,Brief Remarks on Stablecoins,Governor Michael S. Barr,"At “The GENIUS Act in Practice: Key Questions for Stablecoin Regulation,” The Federalist Society, Washington, D.C.",657,1.0,0.0,1.0,0.0,1.0,1.0,0.0,0.0,0.0,0.0,29.0,0.0,1.0
2026-03-31,https://www.federalreserve.gov/newsevents/speech/bowman20260331a.htm,Supporting Small Businesses,Vice Chair for Supervision Michelle W. Bowman,"At CBA LIVE 26, Consumer Bankers Association, San Diego, California",1226,1.2,3.2626427406199023,1.0195758564437194,1.0195758564437194,8.97226753670473,1.6313213703099512,8.97226753670473,0.8156606851549756,0.8156606851549756,0.8156606851549756,63.0,0.047619047619047616,5.301794453507341
2026-04-07,https://www.federalreserve.gov/newsevents/speech/jefferson20260407a.htm,Economic Outlook and the Labor Market,Vice Chair Philip N. Jefferson,"At the College of Business Administration, University of Detroit Mercy, Detroit, Michigan",2280,1.2,-0.7675438596491229,5.2631578947368425,-4.385964912280702,12.280701754385966,15.350877192982457,32.89473684210527,0.4385964912280702,3.5087719298245617,4.824561403508772,124.0,0.13709677419354838,10.416666666666668
2026-04-14,https://www.federalreserve.gov/newsevents/speech/barr20260414a.htm,Rural Communities: Worth the Investment,Governor Michael S. Barr,"At Strengthening America’s Economy through Rural Investment: A Working Forum, Washington, D.C.",2547,1.0,0.7852375343541421,1.5704750687082842,0.0,5.889281507656065,5.496662740478994,4.318806438947782,0.0,0.0,0.0,122.0,0.04918032786885246,2.3557126030624262
2026-04-17,https://www.federalreserve.gov/newsevents/speech/waller20260417a.htm,One Transitory Shock After Another,Governor Christopher J. Waller,"At the David Kaserman Memorial Lecture, Department of Economics, Auburn University, Auburn, Alabama",3134,1.0,-0.2393107849393746,4.86598596043395,-1.5954052329291641,7.338864071474155,26.802807913209957,22.65475430759413,0.6381620931716656,9.891512444160817,1.2763241863433312,122.0,0.21311475409836064,6.700701978302489
2026-04-21,https://www.federalreserve.gov/newsevents/speech/waller20260421a.htm,Modernizing Federal Reserve Operations in the 21st Century,Governor Christopher J. Waller,"At The Brookings Institution, Washington, D.C.",3603,1.0,0.0,-0.27754648903691365,-0.6244796003330557,0.0,1.3877324451845683,3.330557868442964,0.0,0.0,0.27754648903691365,164.0,0.018292682926829267,0.9020260893699694
2026-05-01,https://www.federalreserve.gov/newsevents/speech/bowman20260501a.htm,Artificial Intelligence in the Financial System,Vice Chair for Supervision Michelle W. Bowman,"At the Financial Stability Oversight Council Artificial Intelligence Series Roundtable on Cybersecurity and Risk Management, Washington, D.C.",1491,1.2,0.0,0.0,0.0,0.670690811535882,0.0,0.0,0.0,0.0,0.0,81.0,0.13580246913580246,0.0
2026-05-05,https://www.federalreserve.gov/newsevents/speech/bowman20260505a.htm,A Coordinated Approach to Consumer Fraud Protection,Vice Chair for Supervision Michelle W. Bowman,"At the 2026 Women in Housing and Finance Symposium, Washington, D.C.",1778,1.2,0.0,0.0,0.0,1.687289088863892,0.562429696287964,0.0,0.0,0.0,0.0,90.0,0.044444444444444446,0.0
2026-05-08,https://www.federalreserve.gov/newsevents/speech/bowman20260508a.htm,When Regulation Reshapes Markets: The Migration of Corporate Lending,Vice Chair for Supervision Michelle W. Bowman,"At the Hoover Institution Annual Monetary Policy Conference, Stanford, California",1873,1.2,0.5339028296849974,0.0,0.0,5.87293112653497,0.0,0.0,0.0,0.0,0.0,89.0,0.011235955056179775,0.5339028296849974
2026-05-08,https://www.federalreserve.gov/newsevents/speech/cook20260508a.htm,Perspectives on Tokenization and Implications for the Financial System,Governor Lisa D. Cook,"At the Central Bank of West African States (BCEAO) Conference on Digital Assets, Dakar, Senegal",2994,1.0,0.668002672010688,0.0,0.0,2.338009352037408,0.334001336005344,0.0,0.0,0.0,0.0,137.0,0.0,0.668002672010688
2026-05-08,https://www.federalreserve.gov/newsevents/speech/waller20260508a.htm,Update On Federal Reserve Bank Operations,Governor Christopher J. Waller,"At the Hoover Institution Annual Monetary Policy Conference, Stanford, California",1275,1.0,0.0,-0.7843137254901962,0.0,0.0,1.5686274509803924,0.0,0.0,0.7843137254901962,0.0,56.0,0.017857142857142856,0.7843137254901962
2026-05-14,https://www.federalreserve.gov/newsevents/speech/barr20260514a.htm,Efficient and Effective Central Banking: Beyond the Balance Sheet,Governor Michael S. Barr,"At the Money Marketeers of New York University, New York, New York",3433,1.0,-0.5825808330905914,0.2912904165452957,0.0,5.534517914360618,0.5825808330905914,0.0,0.0,0.0,0.0,148.0,0.013513513513513514,0.8738712496358871
2026-05-14,https://www.federalreserve.gov/newsevents/speech/bowman20260514a.htm,Opening Remarks,Vice Chair for Supervision Michelle W. Bowman,"At the Federal Reserve Bank of Kansas City 2026 Future of Banking Conference: Powering Progress, Protecting Trust, Kansas City, Missouri (via pre-recorded video)",1524,1.2,0.0,0.0,0.0,1.3123359580052494,0.0,0.0,0.0,0.0,0.0,75.0,0.13333333333333333,0.0
2026-05-20,https://www.federalreserve.gov/newsevents/speech/barr20260520a.htm,Measuring Financial Health,Governor Michael S. Barr,"At EMERGE Financial Health 2026 Scaling Progress, Shaping the Future, Atlanta, Georgia",2177,1.0,0.0,0.9186954524575103,0.0,0.0,1.8373909049150206,0.0,0.0,0.0,0.0,99.0,0.0,0.9186954524575103
2026-05-22,https://www.federalreserve.gov/newsevents/speech/waller20260522a.htm,Policy Risks Have Changed,Governor Christopher J. Waller,"At The Centre for Central Banking Guest Lecture, Frankfurt School of Finance and Management, Frankfurt, Germany",3053,1.0,0.32754667540124466,7.206026858827383,-0.7369800196528006,6.878480183426138,34.39240091713069,11.79168031444481,0.982640026203734,17.35997379626597,3.930560104814936,121.0,0.2975206611570248,8.27055355388143
2026-05-27,https://www.federalreserve.gov/newsevents/speech/cook20260527a.htm,The Opportunities and Risks AI Presents for the Economy and Financial System,Governor Lisa D. Cook,"At the Stanford Institute for Economic Policy Research, Stanford University, Stanford, California",3302,1.0,1.362810417928528,1.665657177468201,0.0,8.782556026650514,7.571168988491823,9.388249545729861,1.2113870381586918,0.9085402786190188,1.5142337976983646,162.0,0.08641975308641975,3.0284675953967293
2026-05-27,https://www.federalreserve.gov/newsevents/speech/jefferson20260527a.htm,Global Economic Developments and the U.S. Economy,Vice Chair Philip N. Jefferson,"At the 2026 Bank of Japan-Institute for Monetary and Economic Studies Conference, Tokyo, Japan",522,1.2,3.25,6.25,-1.0,7.0,14.0,8.0,1.0,3.0,0.0,31.0,0.12903225806451613,10.5
2026-05-29,https://www.federalreserve.gov/newsevents/speech/bowman20260529a.htm,A Framework for Practical Monetary Policy Decision Making,Vice Chair for Supervision Michelle W. Bowman,"At the Reykjavík Economic Conference 2026, Central Bank of Iceland, Reykjavík, Iceland",4089,1.2,1.8953289312790411,4.7077525067253605,4.340914649058449,11.738811445341158,23.966740034238196,32.52629004646612,0.2445585717779408,5.869405722670579,2.9347028613352895,158.0,0.17088607594936708,10.943996087062851
2026-05-31,https://www.federalreserve.gov/newsevents/speech/powell20260531a.htm,Acceptance Remarks,Governor Jerome H. Powell,"For the 2026 John F. Kennedy Profile in Courage Award, John F. Kennedy Library Foundation, Boston, Massachusetts",1092,1.0,0.0,0.0,0.0,0.0,0.9157509157509157,0.9157509157509157,0.0,0.0,0.0,63.0,0.031746031746031744,0.0
2026-06-06,https://www.federalreserve.gov/newsevents/speech/barr20260606a.htm,Deregulating in a Financial Boom: What Could Go Wrong?,Governor Michael S. Barr,"At American University, Washington, D.C.",3242,1.0,1.8507094386181369,0.6169031462060457,-0.6169031462060457,6.169031462060457,5.243676742751388,1.5422578655151142,0.0,0.0,0.0,140.0,0.05714285714285714,3.0845157310302285
2026-06-22,https://www.federalreserve.gov/newsevents/speech/waller20260622a.htm,Welcoming Remarks on the International Role of the U.S. Dollar,Governor Christopher J. Waller,"At the Fifth Conference on the International Roles of the Dollar, Board of Governors of the Federal Reserve System, Washington, D.C.",611,1.0,0.0,0.0,0.0,3.0,0.0,0.0,0.0,0.0,0.0,27.0,0.0,0.0
