Date,adjclose,high,low,close,volume
1998-01-02,9.223738670349121,26.167314529418945,25.09727668762207,25.826847076416016,1078244
1998-01-05,8.563661575317383,24.124513626098633,23.346303939819336,23.978599548339844,6570077
1998-01-06,8.615775108337402,24.41634178161621,23.735408782958984,24.124513626098633,4834941
1998-01-07,8.615775108337402,24.173152923583984,23.735408782958984,24.124513626098633,4689865
1998-01-08,8.633143424987793,24.31906509399414,23.978599548339844,24.173152923583984,2736022
1998-01-09,8.563661575317383,24.270427703857422,23.735408782958984,23.978599548339844,1299264
1998-01-12,8.9110689163208,24.95136260986328,23.443580627441406,24.95136260986328,2333046
1998-01-13,8.94581127166748,25.09727668762207,24.367704391479492,25.04863739013672,3132188
1998-01-14,8.928439140319824,25.24319076538086,24.61089515686035,25.0,1324193
1998-01-15,8.997925758361816,25.38910484313965,24.95136260986328,25.19455337524414,1301577
1998-01-16,8.997925758361816,25.632295608520508,24.90272331237793,25.19455337524414,1365056
1998-01-20,9.136887550354004,25.68093490600586,25.291828155517578,25.58365821838379,1290654
1998-01-21,9.03266429901123,25.291828155517578,24.708171844482422,25.291828155517578,1769317
1998-01-22,8.789480209350586,25.04863739013672,24.41634178161621,24.61089515686035,2193110
1998-01-23,8.754739761352539,24.708171844482422,24.41634178161621,24.51361846923828,1432904
1998-01-26,8.96318244934082,25.09727668762207,24.562257766723633,25.09727668762207,1066936
1998-01-27,9.188995361328125,25.729572296142578,25.0,25.729572296142578,1505763
1998-01-28,9.006223678588867,25.92412567138672,24.464981079101562,25.09727668762207,1125789
1998-01-29,8.971312522888184,25.48638153076172,24.562257766723633,25.0,1102402
1998-01-30,8.866588592529297,25.24319076538086,24.51361846923828,24.708171844482422,1361458
1998-02-02,9.023672103881836,25.34046745300293,24.85408592224121,25.14591407775879,1020932
1998-02-03,8.953859329223633,24.95136260986328,24.41634178161621,24.95136260986328,1001786
1998-02-04,8.779319763183594,25.0,24.367704391479492,24.464981079101562,1503579
1998-02-05,8.866588592529297,24.708171844482422,23.978599548339844,24.708171844482422,2401922
1998-02-06,9.05858325958252,25.48638153076172,24.65953254699707,25.24319076538086,2152247
1998-02-09,9.198211669921875,25.68093490600586,25.0,25.632295608520508,1489444
1998-02-10,8.90149211883545,25.729572296142578,24.61089515686035,24.80544662475586,1240925
1998-02-11,9.12839126586914,25.437742233276367,24.65953254699707,25.437742233276367,1554079
1998-02-12,9.180758476257324,25.58365821838379,25.09727668762207,25.58365821838379,964906
1998-02-13,8.936408042907715,25.535018920898438,24.708171844482422,24.90272331237793,1350407
1998-02-17,8.08116340637207,22.66537094116211,21.011672973632812,22.519454956054688,10255971
1998-02-18,8.150979995727539,22.811283111572266,22.32490348815918,22.714008331298828,6598218
1998-02-19,7.906625747680664,22.762645721435547,21.74124526977539,22.03307342529297,3869777
1998-02-20,7.958985328674316,22.178987503051758,21.5953311920166,22.178987503051758,3773916
1998-02-23,8.290614128112793,23.103113174438477,22.22762680053711,23.103113174438477,5535395
1998-02-24,8.27315616607666,23.249027252197266,22.859922409057617,23.054475784301758,5835057
1998-02-25,8.430234909057617,23.540855407714844,23.200389862060547,23.492218017578125,3915780
1998-02-26,8.39533805847168,23.589494705200195,23.297664642333984,23.394941329956055,2847432
1998-02-27,8.377881050109863,23.443580627441406,23.200389862060547,23.346303939819336,2454222
1998-03-02,8.465149879455566,23.929960250854492,23.297664642333984,23.589494705200195,3196181
1998-03-03,8.587323188781738,24.51361846923828,23.735408782958984,23.929960250854492,1628609
1998-03-04,8.517511367797852,24.07587432861328,23.443580627441406,23.735408782958984,1576952
1998-03-05,8.412790298461914,23.735408782958984,23.151750564575195,23.443580627441406,1648912
1998-03-06,8.5000581741333,23.832685470581055,23.346303939819336,23.686769485473633,3304763
1998-03-09,8.604776382446289,23.978599548339844,23.443580627441406,23.978599548339844,1753511
1998-03-10,8.831683158874512,24.65953254699707,23.929960250854492,24.61089515686035,1826242
1998-03-11,8.849135398864746,24.85408592224121,24.464981079101562,24.65953254699707,2046619
1998-03-12,8.918949127197266,24.85408592224121,24.270427703857422,24.85408592224121,1263155
1998-03-13,9.05858325958252,25.291828155517578,24.708171844482422,25.24319076538086,1487002
1998-03-16,9.07603645324707,25.535018920898438,25.14591407775879,25.291828155517578,1370967
1998-03-17,9.180758476257324,25.632295608520508,25.24319076538086,25.58365821838379,1648270
1998-03-18,9.023672103881836,25.632295608520508,24.85408592224121,25.14591407775879,2312615
1998-03-19,8.726953506469727,25.09727668762207,24.221790313720703,24.31906509399414,1761478
1998-03-20,8.726953506469727,24.562257766723633,24.124513626098633,24.31906509399414,5292273
1998-03-23,8.953859329223633,25.0,24.173152923583984,24.95136260986328,4236774
1998-03-24,9.041136741638184,25.24319076538086,24.95136260986328,25.19455337524414,1053829
1998-03-25,8.90149211883545,25.38910484313965,24.221790313720703,24.80544662475586,1209828
1998-03-26,8.971312522888184,25.24319076538086,24.464981079101562,25.0,1656879
1998-03-27,8.953859329223633,25.14591407775879,24.708171844482422,24.95136260986328,1278190
1998-03-30,8.88404369354248,25.04863739013672,24.562257766723633,24.75680923461914,703923
1998-03-31,8.971312522888184,25.04863739013672,24.708171844482422,25.0,842703
1998-04-01,9.145853042602539,25.48638153076172,24.708171844482422,25.48638153076172,1283330
1998-04-02,9.07603645324707,25.38910484313965,25.0,25.291828155517578,1051644
1998-04-03,8.796774864196777,25.24319076538086,24.31906509399414,24.51361846923828,1935467
1998-04-06,8.88404369354248,24.75680923461914,24.41634178161621,24.75680923461914,1097262
1998-04-07,8.76186752319336,24.80544662475586,24.07587432861328,24.41634178161621,1969776
1998-04-08,8.412790298461914,24.61089515686035,23.297664642333984,23.443580627441406,2315699
1998-04-09,8.569867134094238,24.124513626098633,23.540855407714844,23.881322860717773,1844489
1998-04-13,8.430234909057617,24.027236938476562,23.054475784301758,23.492218017578125,2548541
1998-04-14,8.412790298461914,24.124513626098633,23.151750564575195,23.443580627441406,2068978
1998-04-15,8.308061599731445,23.735408782958984,23.054475784301758,23.151750564575195,1539559
1998-04-16,8.27315616607666,23.346303939819336,22.908559799194336,23.054475784301758,1949987
1998-04-17,8.4476957321167,23.638132095336914,23.151750564575195,23.540855407714844,1183357
1998-04-20,8.325518608093262,23.492218017578125,23.005836486816406,23.200389862060547,1526837
1998-04-21,8.23824691772461,23.443580627441406,22.66537094116211,22.957197189331055,2175377
1998-04-22,8.08116340637207,23.103113174438477,22.3735408782959,22.519454956054688,2612020
1998-04-23,8.203339576721191,22.859922409057617,22.568092346191406,22.859922409057617,1259300
1998-04-24,8.116071701049805,22.859922409057617,22.178987503051758,22.616731643676758,2090952
1998-04-27,7.906625747680664,22.66537094116211,21.78988265991211,22.03307342529297,2517058
1998-04-28,7.889170169830322,22.13035011291504,21.838520050048828,21.98443603515625,2479408
1998-04-29,7.880887031555176,22.08171272277832,21.692607879638672,21.838520050048828,1328176
1998-04-30,8.196824073791504,22.762645721435547,22.3735408782959,22.714008331298828,2166510
1998-05-01,8.214374542236328,22.811283111572266,22.568092346191406,22.762645721435547,1315455
1998-05-04,8.319690704345703,23.151750564575195,22.616731643676758,23.054475784301758,1131571
1998-05-05,8.284578323364258,23.054475784301758,22.66537094116211,22.957197189331055,1327534
1998-05-06,8.214374542236328,23.005836486816406,22.32490348815918,22.762645721435547,1299649
1998-05-07,8.144166946411133,22.957197189331055,22.47081756591797,22.568092346191406,1302862
1998-05-08,8.231925010681152,23.054475784301758,22.568092346191406,22.811283111572266,1530564
1998-05-11,8.284578323364258,23.103113174438477,22.811283111572266,22.957197189331055,957710
1998-05-12,8.319690704345703,23.103113174438477,22.519454956054688,23.054475784301758,1342568
1998-05-13,8.249476432800293,23.103113174438477,22.714008331298828,22.859922409057617,1499981
1998-05-14,8.337240219116211,23.103113174438477,22.811283111572266,23.103113174438477,843603
1998-05-15,8.372344970703125,23.394941329956055,23.005836486816406,23.200389862060547,1182586
1998-05-18,8.319690704345703,23.394941329956055,22.568092346191406,23.054475784301758,949486
1998-05-19,8.530315399169922,23.638132095336914,23.005836486816406,23.638132095336914,1350535
1998-05-20,8.425000190734863,23.686769485473633,23.249027252197266,23.346303939819336,721528
1998-05-21,8.460105895996094,23.589494705200195,23.151750564575195,23.443580627441406,695057
1998-05-22,8.495211601257324,23.540855407714844,23.297664642333984,23.540855407714844,467226
1998-05-26,8.249476432800293,23.540855407714844,22.859922409057617,22.859922409057617,533018
1998-05-27,8.249476432800293,23.297664642333984,22.519454956054688,22.859922409057617,834993
1998-05-28,8.214374542236328,22.908559799194336,22.3735408782959,22.762645721435547,2011539
1998-05-29,8.214374542236328,22.811283111572266,22.714008331298828,22.762645721435547,782180
1998-06-01,8.319690704345703,23.200389862060547,22.616731643676758,23.054475784301758,1044191
1998-06-02,8.249476432800293,23.297664642333984,22.859922409057617,22.859922409057617,1021960
1998-06-03,8.407447814941406,23.346303939819336,22.811283111572266,23.297664642333984,803254
1998-06-04,8.389892578125,23.249027252197266,23.005836486816406,23.249027252197266,553964
1998-06-05,8.530315399169922,23.638132095336914,23.151750564575195,23.638132095336914,1139281
1998-06-08,8.653179168701172,24.027236938476562,23.589494705200195,23.978599548339844,1127331
1998-06-09,8.670731544494629,24.124513626098633,23.881322860717773,24.027236938476562,967476
1998-06-10,8.77603530883789,24.61089515686035,23.832685470581055,24.31906509399414,1241182
1998-06-11,8.740938186645508,24.367704391479492,23.929960250854492,24.221790313720703,1344881
1998-06-12,8.934009552001953,24.75680923461914,24.124513626098633,24.75680923461914,1901157
1998-06-15,8.916455268859863,24.80544662475586,24.31906509399414,24.708171844482422,1786921
1998-06-16,8.916455268859863,24.708171844482422,24.221790313720703,24.708171844482422,2134642
1998-06-17,9.144638061523438,25.34046745300293,24.708171844482422,25.34046745300293,2238213
1998-06-18,9.197295188903809,25.875486373901367,24.95136260986328,25.48638153076172,2478765
1998-06-19,8.951559066772461,25.48638153076172,24.80544662475586,24.80544662475586,1649298
1998-06-22,9.127081871032715,25.291828155517578,24.95136260986328,25.291828155517578,716131
1998-06-23,8.986665725708008,25.291828155517578,24.464981079101562,24.90272331237793,926614
1998-06-24,8.881355285644531,24.65953254699707,24.027236938476562,24.61089515686035,1416199
1998-06-25,8.723384857177734,24.90272331237793,24.124513626098633,24.173152923583984,1171535
1998-06-26,8.863799095153809,24.85408592224121,24.31906509399414,24.562257766723633,711119
1998-06-29,8.969112396240234,25.09727668762207,24.61089515686035,24.85408592224121,1065908
1998-06-30,8.898910522460938,24.95136260986328,24.124513626098633,24.65953254699707,1349893
1998-07-01,8.02130126953125,23.443580627441406,21.74124526977539,22.22762680053711,5192043
1998-07-02,8.144166946411133,22.568092346191406,21.78988265991211,22.568092346191406,3203505
1998-07-06,7.986196517944336,22.568092346191406,21.88715934753418,22.13035011291504,1416841
1998-07-07,7.8633317947387695,22.13035011291504,21.44941520690918,21.78988265991211,2012053
1998-07-08,7.758021354675293,22.08171272277832,21.30350112915039,21.49805450439453,1874301
1998-07-09,7.494736671447754,21.546693801879883,20.719844818115234,20.768482208251953,2846661
1998-07-10,7.266561985015869,21.011672973632812,19.30933952331543,20.136186599731445,4353966
1998-07-13,7.249013423919678,20.622568130493164,20.038911819458008,20.087549209594727,2027216
1998-07-14,7.319221496582031,20.622568130493164,20.038911819458008,20.282100677490234,2207502
1998-07-15,7.336767196655273,20.476654052734375,20.136186599731445,20.330738067626953,1324835
1998-07-16,7.442083358764648,20.719844818115234,20.233463287353516,20.622568130493164,1493556
1998-07-17,7.494736671447754,20.768482208251953,20.525291442871094,20.768482208251953,919675
1998-07-20,7.459638595581055,20.914396286010742,20.428016662597656,20.671205520629883,1711620
1998-07-21,7.424532890319824,20.719844818115234,20.428016662597656,20.573930740356445,1335372
1998-07-22,7.477185249328613,20.719844818115234,20.379377365112305,20.719844818115234,2073347
1998-07-23,7.406977653503418,20.622568130493164,20.428016662597656,20.525291442871094,1099446
1998-07-24,7.477185249328613,20.768482208251953,20.476654052734375,20.719844818115234,1487259
1998-07-27,7.582498550415039,21.011672973632812,20.671205520629883,21.011672973632812,3326223
1998-07-28,7.494736671447754,21.011672973632812,20.428016662597656,20.768482208251953,1738220
1998-07-29,7.504063129425049,20.914396286010742,20.525291442871094,20.671205520629883,1082741
1998-07-30,7.468752384185791,20.719844818115234,20.428016662597656,20.573930740356445,826127
1998-07-31,7.309837818145752,20.622568130493164,19.844358444213867,20.136186599731445,1557934
1998-08-03,7.34514856338501,20.330738067626953,19.941633224487305,20.233463287353516,1736421
1998-08-04,7.027329921722412,20.379377365112305,19.260700225830078,19.35797691345215,2191825
1998-08-05,6.9213948249816895,19.747081756591797,18.57976722717285,19.06614875793457,2322381
1998-08-06,6.744828224182129,19.06614875793457,18.336576461791992,18.57976722717285,2230760
1998-08-07,6.638886451721191,18.822956085205078,18.04474639892578,18.28793716430664,1755182
1998-08-10,6.691856861114502,18.87159538269043,18.28793716430664,18.43385124206543,2497141
1998-08-11,6.674201011657715,18.62840461730957,18.28793716430664,18.38521385192871,1591730
1998-08-12,6.85076904296875,19.01750946044922,18.19066047668457,18.87159538269043,1705324
1998-08-13,6.744828224182129,19.406614303588867,18.57976722717285,18.57976722717285,1757623
1998-08-14,6.85076904296875,18.9688720703125,18.72568130493164,18.87159538269043,914278
1998-08-17,6.744828224182129,18.87159538269043,18.28793716430664,18.57976722717285,1423909
1998-08-18,6.744828224182129,18.9688720703125,18.43385124206543,18.57976722717285,1712263
1998-08-19,6.709512233734131,18.822956085205078,18.19066047668457,18.48249053955078,2477866
1998-08-20,6.709512233734131,18.72568130493164,18.14202308654785,18.48249053955078,1371095
1998-08-21,6.638886451721191,18.57976722717285,17.558366775512695,18.28793716430664,1504221
1998-08-24,6.603569984436035,18.822956085205078,17.801555633544922,18.19066047668457,1333445
1998-08-25,6.815451622009277,18.77431869506836,18.14202308654785,18.77431869506836,1410416
1998-08-26,6.762484550476074,19.11478614807129,18.28793716430664,18.62840461730957,905283
1998-08-27,6.568264484405518,18.72568130493164,17.996109008789062,18.093385696411133,1369296
1998-08-28,6.9213948249816895,19.06614875793457,18.14202308654785,19.06614875793457,2214055
1998-08-31,6.992020130157471,19.941633224487305,19.163423538208008,19.260700225830078,2930443
1998-09-01,7.451092720031738,20.671205520629883,19.163423538208008,20.525291442871094,3681654
1998-09-02,7.34514856338501,20.914396286010742,20.038911819458008,20.233463287353516,3150435
1998-09-03,7.327491283416748,20.428016662597656,19.503890991210938,20.184825897216797,2206859
1998-09-04,7.6100006103515625,20.963035583496094,20.184825897216797,20.963035583496094,1073361
1998-09-08,7.804225444793701,21.838520050048828,20.817121505737305,21.49805450439453,1573740
1998-09-09,8.051417350769043,22.957197189331055,21.44941520690918,22.178987503051758,2576682
1998-09-10,7.786563873291016,21.98443603515625,21.30350112915039,21.44941520690918,1194793
1998-09-11,7.627655506134033,22.3735408782959,20.914396286010742,21.011672973632812,1926729
1998-09-14,7.910162925720215,21.88715934753418,21.40077781677246,21.78988265991211,1425451
1998-09-15,7.963130474090576,21.93579864501953,21.206226348876953,21.93579864501953,1590445
1998-09-16,8.122040748596191,22.3735408782959,21.838520050048828,22.3735408782959,1303119
1998-09-17,7.89250373840332,21.98443603515625,21.546693801879883,21.74124526977539,1057427
1998-09-18,7.980792999267578,21.98443603515625,21.49805450439453,21.98443603515625,1906811
1998-09-21,7.927820205688477,22.13035011291504,21.40077781677246,21.838520050048828,1294766
1998-09-22,7.839540004730225,21.838520050048828,20.963035583496094,21.5953311920166,1533262
1998-09-23,7.963130474090576,22.3735408782959,21.5953311920166,21.93579864501953,1290269
1998-09-24,7.998447895050049,22.03307342529297,21.49805450439453,22.03307342529297,1314812
1998-09-25,7.927820205688477,22.47081756591797,21.40077781677246,21.838520050048828,1686306
1998-09-28,7.768911361694336,22.519454956054688,21.352140426635742,21.40077781677246,3351537
1998-09-29,7.786563873291016,21.64396858215332,21.1575870513916,21.44941520690918,1208928
1998-09-30,7.6100006103515625,21.40077781677246,20.963035583496094,20.963035583496094,1125532
1998-10-01,7.504063129425049,20.817121505737305,20.379377365112305,20.671205520629883,1305432
1998-10-02,7.857193470001221,21.64396858215332,20.719844818115234,21.64396858215332,1226790
1998-10-05,7.89250373840332,21.74124526977539,20.817121505737305,21.74124526977539,899500
1998-10-06,7.786563873291016,21.78988265991211,20.817121505737305,21.44941520690918,1972346
1998-10-07,8.033761978149414,22.178987503051758,21.49805450439453,22.13035011291504,1906554
1998-10-08,8.210328102111816,22.811283111572266,21.44941520690918,22.616731643676758,2871204
1998-10-09,8.369236946105957,23.054475784301758,22.178987503051758,23.054475784301758,1947289
1998-10-12,8.651742935180664,23.929960250854492,22.714008331298828,23.832685470581055,2409889
1998-10-13,8.581116676330566,24.31906509399414,23.297664642333984,23.638132095336914,2963596
1998-10-14,8.54580020904541,23.978599548339844,23.054475784301758,23.540855407714844,1703782
1998-10-15,8.651742935180664,24.027236938476562,23.054475784301758,23.832685470581055,1215867
1998-10-16,8.687052726745605,24.07587432861328,23.735408782958984,23.929960250854492,2199920
1998-10-19,8.704710960388184,24.07587432861328,23.735408782958984,23.978599548339844,1508976
1998-10-20,8.722369194030762,24.221790313720703,23.686769485473633,24.027236938476562,1292325
1998-10-21,8.651742935180664,24.173152923583984,23.540855407714844,23.832685470581055,948458
1998-10-22,8.722369194030762,24.027236938476562,23.735408782958984,24.027236938476562,1070919
1998-10-23,8.61643123626709,23.978599548339844,23.492218017578125,23.735408782958984,742473
1998-10-26,8.598770141601562,23.735408782958984,23.151750564575195,23.686769485473633,1328562
1998-10-27,8.598770141601562,23.735408782958984,23.297664642333984,23.686769485473633,761491
1998-10-28,8.422205924987793,23.638132095336914,23.103113174438477,23.200389862060547,830110
1998-10-29,8.510488510131836,23.589494705200195,22.957197189331055,23.443580627441406,905797
1998-10-30,8.651742935180664,23.832685470581055,23.540855407714844,23.832685470581055,614873
1998-11-02,8.687052726745605,24.124513626098633,23.638132095336914,23.929960250854492,1547140
1998-11-03,8.475180625915527,23.978599548339844,23.297664642333984,23.346303939819336,917619
1998-11-04,8.596813201904297,23.929960250854492,23.492218017578125,23.540855407714844,1195821
1998-11-05,8.738906860351562,23.929960250854492,23.346303939819336,23.929960250854492,1050102
1998-11-06,8.93428897857666,24.51361846923828,23.881322860717773,24.464981079101562,1293867
1998-11-09,9.00533390045166,24.708171844482422,24.221790313720703,24.65953254699707,933681
1998-11-10,9.182954788208008,25.24319076538086,24.61089515686035,25.14591407775879,1134141
1998-11-11,9.00533390045166,25.19455337524414,24.41634178161621,24.65953254699707,651367
1998-11-12,9.023098945617676,24.708171844482422,24.41634178161621,24.708171844482422,511944
1998-11-13,9.094145774841309,25.09727668762207,24.708171844482422,24.90272331237793,781023
1998-11-16,9.111909866333008,25.14591407775879,24.51361846923828,24.95136260986328,815718
1998-11-17,9.076386451721191,25.0,24.41634178161621,24.85408592224121,772285
1998-11-18,9.023098945617676,24.80544662475586,24.124513626098633,24.708171844482422,740160
1998-11-19,9.147433280944824,25.04863739013672,24.65953254699707,25.04863739013672,755709
1998-11-20,9.129668235778809,25.0,24.464981079101562,25.0,784621
1998-11-23,9.094145774841309,25.24319076538086,24.75680923461914,24.90272331237793,838720
1998-11-24,9.058624267578125,24.85408592224121,24.270427703857422,24.80544662475586,942033
1998-11-25,9.076386451721191,24.85408592224121,24.562257766723633,24.85408592224121,607677
1998-11-27,9.094145774841309,24.95136260986328,24.027236938476562,24.90272331237793,557305
1998-11-30,8.93428897857666,24.85408592224121,24.41634178161621,24.464981079101562,679380
1998-12-01,9.094145774841309,25.0,24.027236938476562,24.90272331237793,1539687
1998-12-02,9.076386451721191,24.90272331237793,24.51361846923828,24.85408592224121,988293
1998-12-03,8.969808578491211,25.0,24.51361846923828,24.562257766723633,545868
1998-12-04,9.165193557739258,25.09727668762207,24.65953254699707,25.09727668762207,702510
1998-12-07,9.200716972351074,25.24319076538086,24.80544662475586,25.19455337524414,871744
1998-12-08,9.218478202819824,25.291828155517578,24.85408592224121,25.24319076538086,859408
1998-12-09,9.236244201660156,25.291828155517578,24.80544662475586,25.291828155517578,635176
1998-12-10,8.863239288330078,24.61089515686035,24.124513626098633,24.270427703857422,1345652
1998-12-11,8.880999565124512,24.31906509399414,23.686769485473633,24.31906509399414,872772
1998-12-14,9.111909866333008,24.95136260986328,24.124513626098633,24.95136260986328,1573611
1998-12-15,9.058624267578125,24.80544662475586,24.41634178161621,24.80544662475586,1437273
1998-12-16,8.66785717010498,24.61089515686035,23.735408782958984,23.735408782958984,1082484
1998-12-17,8.525765419006348,23.832685470581055,22.957197189331055,23.346303939819336,1520926
1998-12-18,8.472477912902832,23.394941329956055,23.005836486816406,23.200389862060547,1812878
1998-12-21,8.312617301940918,23.443580627441406,22.762645721435547,22.762645721435547,1276905
1998-12-22,8.738906860351562,24.221790313720703,23.054475784301758,23.929960250854492,1597641
1998-12-23,8.561287879943848,23.881322860717773,23.443580627441406,23.443580627441406,1800542
1998-12-24,8.845479965209961,24.367704391479492,23.492218017578125,24.221790313720703,538929
1998-12-28,8.987576484680176,24.80544662475586,24.270427703857422,24.61089515686035,1304661
1998-12-29,9.058624267578125,25.04863739013672,24.31906509399414,24.80544662475586,1212141
1998-12-30,9.094145774841309,25.19455337524414,24.51361846923828,24.90272331237793,1263027
1998-12-31,8.95205020904541,25.68093490600586,24.124513626098633,24.51361846923828,1986610
1999-01-04,9.076386451721191,25.19455337524414,24.51361846923828,24.85408592224121,1733722
1999-01-05,9.271764755249023,25.535018920898438,24.708171844482422,25.38910484313965,1355290
1999-01-06,9.698054313659668,26.605058670043945,25.34046745300293,26.556419372558594,4180619
1999-01-07,9.431622505187988,26.215953826904297,25.778209686279297,25.826847076416016,1810180
1999-01-08,9.733577728271484,26.750972747802734,25.875486373901367,26.653696060180664,3351152
1999-01-11,9.254002571105957,26.459144592285156,25.14591407775879,25.34046745300293,1626810
1999-01-12,9.431622505187988,25.972763061523438,25.48638153076172,25.826847076416016,1636576
1999-01-13,9.53819751739502,26.264591217041016,24.90272331237793,26.118677139282227,1645700
1999-01-14,9.53819751739502,26.215953826904297,25.875486373901367,26.118677139282227,1840120
1999-01-15,9.396095275878906,26.167314529418945,25.535018920898438,25.729572296142578,2829699
1999-01-19,9.254002571105957,25.826847076416016,25.09727668762207,25.34046745300293,1305175
1999-01-20,9.023098945617676,25.437742233276367,24.562257766723633,24.708171844482422,1036609
1999-01-21,8.93428897857666,24.80544662475586,24.173152923583984,24.464981079101562,1299135
1999-01-22,9.129668235778809,25.0,24.173152923583984,25.0,1023245
1999-01-25,9.236244201660156,25.291828155517578,24.708171844482422,25.291828155517578,1102402
1999-01-26,9.076386451721191,25.48638153076172,24.708171844482422,24.85408592224121,1099061
1999-01-27,9.091529846191406,24.90272331237793,24.31906509399414,24.75680923461914,2366328
1999-01-28,9.162978172302246,25.535018920898438,24.51361846923828,24.95136260986328,1299906
1999-01-29,9.288012504577637,25.291828155517578,24.708171844482422,25.291828155517578,1323422
1999-02-01,9.127254486083984,25.34046745300293,24.562257766723633,24.85408592224121,813662
1999-02-02,9.00222110748291,24.90272331237793,24.027236938476562,24.51361846923828,1354647
1999-02-03,9.109393119812012,24.90272331237793,24.221790313720703,24.80544662475586,974672
1999-02-04,9.145116806030273,25.04863739013672,24.61089515686035,24.90272331237793,1045219
1999-02-05,9.037947654724121,24.90272331237793,24.367704391479492,24.61089515686035,1111268
1999-02-08,8.966498374938965,24.708171844482422,24.221790313720703,24.41634178161621,671927
1999-02-09,8.87719440460205,24.41634178161621,23.929960250854492,24.173152923583984,846815
1999-02-10,8.966498374938965,24.51361846923828,23.881322860717773,24.41634178161621,861207
1999-02-11,8.948634147644043,24.51361846923828,24.027236938476562,24.367704391479492,1141980
1999-02-12,8.770021438598633,24.367704391479492,23.686769485473633,23.881322860717773,1008468
1999-02-16,9.145116806030273,25.14591407775879,23.881322860717773,24.90272331237793,2445998
1999-02-17,9.055805206298828,24.90272331237793,24.41634178161621,24.65953254699707,1292710
1999-02-18,9.073670387268066,24.90272331237793,24.41634178161621,24.708171844482422,1815448
1999-02-19,8.93077564239502,24.80544662475586,24.31906509399414,24.31906509399414,2228062
1999-02-22,8.93077564239502,24.75680923461914,24.027236938476562,24.31906509399414,1396667
1999-02-23,8.787884712219238,24.270427703857422,23.735408782958984,23.929960250854492,1345524
1999-02-24,8.8236083984375,24.221790313720703,23.784046173095703,24.027236938476562,1367497
1999-02-25,8.662858009338379,24.173152923583984,23.346303939819336,23.589494705200195,1616402
1999-02-26,8.591405868530273,23.881322860717773,23.394941329956055,23.394941329956055,871873
1999-03-01,8.627131462097168,23.540855407714844,23.054475784301758,23.492218017578125,1102530
1999-03-02,8.41279125213623,23.443580627441406,22.811283111572266,22.908559799194336,1331646
1999-03-03,8.323487281799316,22.908559799194336,22.276264190673828,22.66537094116211,1623341
1999-03-04,8.555680274963379,23.540855407714844,23.005836486816406,23.297664642333984,1894090
1999-03-05,8.716438293457031,23.978599548339844,23.492218017578125,23.735408782958984,994461
1999-03-08,8.591405868530273,23.881322860717773,23.200389862060547,23.394941329956055,1193380
1999-03-09,8.609270095825195,23.832685470581055,23.103113174438477,23.443580627441406,1354390
1999-03-10,8.64499282836914,23.832685470581055,23.443580627441406,23.540855407714844,1276262
1999-03-11,8.734295845031738,23.784046173095703,23.492218017578125,23.784046173095703,771514
1999-03-12,8.787884712219238,24.124513626098633,23.686769485473633,23.929960250854492,921088
1999-03-15,8.859332084655762,24.221790313720703,23.686769485473633,24.124513626098633,1350407
1999-03-16,8.895054817199707,24.31906509399414,23.929960250854492,24.221790313720703,1140181
1999-03-17,8.841469764709473,24.270427703857422,23.784046173095703,24.07587432861328,938692
1999-03-18,8.787884712219238,24.221790313720703,23.929960250854492,23.929960250854492,1090965
1999-03-19,8.573546409606934,24.173152923583984,23.346303939819336,23.346303939819336,1495226
1999-03-22,8.591405868530273,23.686769485473633,23.297664642333984,23.394941329956055,591100
1999-03-23,8.466377258300781,23.540855407714844,22.762645721435547,23.054475784301758,1034682
1999-03-24,8.484236717224121,23.249027252197266,23.005836486816406,23.103113174438477,815076
1999-03-25,7.716190338134766,23.249027252197266,20.914396286010742,21.011672973632812,3667262
1999-03-26,7.537573337554932,21.5953311920166,20.525291442871094,20.525291442871094,2756839
1999-03-29,7.501850128173828,21.108949661254883,20.379377365112305,20.428016662597656,2510890
1999-03-30,7.412545680999756,20.476654052734375,20.087549209594727,20.184825897216797,2918621
1999-03-31,7.323235988616943,20.768482208251953,19.747081756591797,19.941633224487305,2401151
1999-04-01,7.198205947875977,19.892995834350586,19.503890991210938,19.601167678833008,1645443
1999-04-05,7.108897686004639,20.184825897216797,19.21206283569336,19.35797691345215,3011912
1999-04-06,6.68021821975708,19.552528381347656,17.996109008789062,18.19066047668457,5609796
1999-04-07,6.894558906555176,18.77431869506836,18.43385124206543,18.77431869506836,5752817
1999-04-08,6.876695156097412,18.822956085205078,18.57976722717285,18.72568130493164,3425039
1999-04-09,6.858834266662598,18.677043914794922,18.14202308654785,18.677043914794922,2946891
1999-04-12,6.91241979598999,18.822956085205078,18.38521385192871,18.822956085205078,1985967
1999-04-13,6.966002464294434,19.21206283569336,18.822956085205078,18.9688720703125,2809524
1999-04-14,6.787388801574707,19.06614875793457,18.48249053955078,18.48249053955078,2442785
1999-04-15,6.840974807739258,18.677043914794922,18.38521385192871,18.62840461730957,1820331
1999-04-16,6.983865261077881,19.01750946044922,18.5311279296875,19.01750946044922,2231788
1999-04-19,7.144620418548584,19.698444366455078,19.06614875793457,19.45525360107422,2525539
1999-04-20,7.1267595291137695,19.747081756591797,19.35797691345215,19.406614303588867,2393313
1999-04-21,7.198205947875977,19.649805068969727,19.35797691345215,19.601167678833008,2296167
1999-04-22,7.198205947875977,19.649805068969727,19.45525360107422,19.601167678833008,1471711
1999-04-23,7.108897686004639,19.698444366455078,19.35797691345215,19.35797691345215,1734493
1999-04-26,7.108897686004639,19.45525360107422,18.87159538269043,19.35797691345215,1838578
1999-04-27,7.108897686004639,19.45525360107422,19.30933952331543,19.35797691345215,1014379
1999-04-28,6.980233669281006,19.406614303588867,18.77431869506836,18.87159538269043,2104059
1999-04-29,7.070183277130127,19.21206283569336,18.87159538269043,19.11478614807129,1108827
1999-04-30,7.160133361816406,19.45525360107422,19.11478614807129,19.35797691345215,2196836
1999-05-03,7.2680768966674805,19.649805068969727,19.260700225830078,19.649805068969727,1776898
1999-05-04,7.196112155914307,19.795719146728516,19.35797691345215,19.45525360107422,3799231
1999-05-05,7.232097148895264,19.601167678833008,19.406614303588867,19.552528381347656,1918248
1999-05-06,7.214107036590576,19.552528381347656,19.35797691345215,19.503890991210938,1783323
1999-05-07,7.196112155914307,19.552528381347656,19.406614303588867,19.45525360107422,1685535
1999-05-10,7.214107036590576,19.503890991210938,19.30933952331543,19.503890991210938,2433405
1999-05-11,7.08817720413208,19.503890991210938,18.87159538269043,19.163423538208008,3779956
1999-05-12,7.14214563369751,19.35797691345215,18.822956085205078,19.30933952331543,1749913
1999-05-13,7.9157257080078125,21.40077781677246,20.136186599731445,21.40077781677246,7356497
1999-05-14,7.969698429107666,21.78988265991211,20.719844818115234,21.546693801879883,2905128
1999-05-17,7.951706886291504,21.98443603515625,21.49805450439453,21.49805450439453,1384202
1999-05-18,7.9157257080078125,21.692607879638672,21.108949661254883,21.40077781677246,1580936
1999-05-19,7.771801948547363,21.546693801879883,20.817121505737305,21.011672973632812,1342054
1999-05-20,7.6638593673706055,21.352140426635742,20.671205520629883,20.719844818115234,1314812
1999-05-21,7.771801948547363,21.06031036376953,20.768482208251953,21.011672973632812,991120
1999-05-24,7.681852340698242,21.30350112915039,20.525291442871094,20.768482208251953,1406047
1999-05-25,7.627879619598389,20.963035583496094,20.573930740356445,20.622568130493164,1731538
1999-05-26,7.699843406677246,20.817121505737305,20.476654052734375,20.817121505737305,1124504
1999-05-27,7.555924892425537,20.768482208251953,20.136186599731445,20.428016662597656,1255188
1999-05-28,7.501950263977051,20.719844818115234,20.233463287353516,20.282100677490234,795415
1999-06-01,7.537930488586426,20.476654052734375,19.747081756591797,20.379377365112305,1697100
1999-06-02,7.573910236358643,20.671205520629883,20.233463287353516,20.476654052734375,1131057
1999-06-03,7.609893798828125,20.817121505737305,20.525291442871094,20.573930740356445,1705838
1999-06-04,7.681852340698242,20.963035583496094,20.573930740356445,20.768482208251953,994847
1999-06-07,7.735822677612305,21.011672973632812,20.622568130493164,20.914396286010742,817517
1999-06-08,7.573910236358643,20.817121505737305,20.428016662597656,20.476654052734375,920960
1999-06-09,7.340041637420654,20.671205520629883,19.698444366455078,19.844358444213867,2844091
1999-06-10,7.394009590148926,20.136186599731445,19.844358444213867,19.990272521972656,2383675
1999-06-11,7.447977542877197,20.282100677490234,19.844358444213867,20.136186599731445,1706223
1999-06-14,7.447977542877197,20.233463287353516,20.038911819458008,20.136186599731445,1104072
1999-06-15,7.30405855178833,20.233463287353516,19.747081756591797,19.747081756591797,1455648
1999-06-16,7.465971946716309,20.233463287353516,19.795719146728516,20.184825897216797,1128230
1999-06-17,7.4839582443237305,20.282100677490234,19.990272521972656,20.233463287353516,1019262
1999-06-18,7.627879619598389,20.622568130493164,20.233463287353516,20.622568130493164,1642230
1999-06-21,7.717834949493408,20.865758895874023,20.525291442871094,20.865758895874023,1290911
1999-06-22,7.627879619598389,20.865758895874023,20.525291442871094,20.622568130493164,1487388
1999-06-23,7.519940376281738,20.622568130493164,20.233463287353516,20.330738067626953,798242
1999-06-24,7.501950263977051,20.428016662597656,19.844358444213867,20.282100677490234,1088267
1999-06-25,7.30405855178833,20.622568130493164,19.747081756591797,19.747081756591797,738747
1999-06-28,7.609893798828125,20.622568130493164,20.136186599731445,20.573930740356445,919161
1999-06-29,7.573910236358643,20.768482208251953,20.330738067626953,20.476654052734375,916591
1999-06-30,7.6638593673706055,20.719844818115234,20.282100677490234,20.719844818115234,1204688
1999-07-01,7.861755847930908,21.254863739013672,20.768482208251953,21.254863739013672,982511
1999-07-02,7.897738933563232,21.40077781677246,20.914396286010742,21.352140426635742,1351820
1999-07-06,8.005681991577148,21.64396858215332,21.108949661254883,21.64396858215332,1576053
1999-07-07,8.059652328491211,21.88715934753418,21.5953311920166,21.78988265991211,1400265
1999-07-08,7.987687110900879,21.78988265991211,21.44941520690918,21.5953311920166,778196
1999-07-09,7.897738933563232,21.692607879638672,21.30350112915039,21.352140426635742,1558962
1999-07-12,7.861755847930908,21.40077781677246,21.108949661254883,21.254863739013672,684263
1999-07-13,7.9157257080078125,21.44941520690918,21.1575870513916,21.40077781677246,1204816
1999-07-14,7.969698429107666,21.64396858215332,21.206226348876953,21.546693801879883,595983
1999-07-15,8.005681991577148,21.78988265991211,21.546693801879883,21.64396858215332,915948
1999-07-16,8.041655540466309,21.78988265991211,21.546693801879883,21.74124526977539,811992
1999-07-19,8.077638626098633,21.838520050048828,21.546693801879883,21.838520050048828,921474
1999-07-20,7.969698429107666,21.78988265991211,21.49805450439453,21.546693801879883,707907
1999-07-21,7.969698429107666,21.74124526977539,21.40077781677246,21.546693801879883,822015
1999-07-22,7.753812313079834,21.5953311920166,20.963035583496094,20.963035583496094,653423
1999-07-23,7.807786464691162,21.254863739013672,20.865758895874023,21.108949661254883,770615
1999-07-26,7.573910236358643,21.011672973632812,20.428016662597656,20.476654052734375,1469141
1999-07-27,7.627879619598389,20.963035583496094,20.184825897216797,20.622568130493164,1194922
1999-07-28,7.6794633865356445,21.011672973632812,20.379377365112305,20.622568130493164,1016435
1999-07-29,7.552680969238281,20.525291442871094,19.990272521972656,20.282100677490234,920574
1999-07-30,7.407781600952148,20.525291442871094,19.844358444213867,19.892995834350586,586217
1999-08-02,7.317224025726318,20.087549209594727,19.649805068969727,19.649805068969727,1183228
1999-08-03,7.317224025726318,20.038911819458008,19.649805068969727,19.649805068969727,910037
1999-08-04,7.244779109954834,20.184825897216797,19.30933952331543,19.45525360107422,1221521
1999-08-05,7.371560573577881,19.892995834350586,19.163423538208008,19.795719146728516,1053572
1999-08-06,7.2628912925720215,19.795719146728516,19.45525360107422,19.503890991210938,709320
1999-08-09,7.480238914489746,20.184825897216797,19.30933952331543,20.087549209594727,582234
1999-08-10,7.444011688232422,20.087549209594727,19.795719146728516,19.990272521972656,658948
1999-08-11,7.244779109954834,19.941633224487305,19.35797691345215,19.45525360107422,757508
1999-08-12,7.1542181968688965,19.45525360107422,19.11478614807129,19.21206283569336,736562
1999-08-13,7.244779109954834,19.552528381347656,19.30933952331543,19.45525360107422,897187
1999-08-16,7.226668357849121,19.503890991210938,19.21206283569336,19.406614303588867,790789
1999-08-17,7.244779109954834,19.552528381347656,19.21206283569336,19.45525360107422,1220365
1999-08-18,7.063654899597168,19.406614303588867,18.77431869506836,18.9688720703125,755709
1999-08-19,7.027436256408691,19.21206283569336,18.77431869506836,18.87159538269043,1011166
1999-08-20,7.172330856323242,19.35797691345215,18.72568130493164,19.260700225830078,872644
1999-08-23,7.1904449462890625,19.45525360107422,18.9688720703125,19.30933952331543,979041
1999-08-24,7.2628912925720215,19.649805068969727,19.260700225830078,19.503890991210938,1102402
1999-08-25,7.2628912925720215,19.601167678833008,19.35797691345215,19.503890991210938,1429306
1999-08-26,7.2628912925720215,19.601167678833008,19.406614303588867,19.503890991210938,899500
1999-08-27,7.099885940551758,19.601167678833008,19.06614875793457,19.06614875793457,834993
1999-08-30,7.136109828948975,19.45525360107422,19.11478614807129,19.163423538208008,667044
1999-08-31,7.099885940551758,19.35797691345215,18.9688720703125,19.06614875793457,691202
1999-09-01,7.172330856323242,19.35797691345215,19.01750946044922,19.260700225830078,842189
1999-09-02,7.1179938316345215,19.260700225830078,18.87159538269043,19.11478614807129,685291
1999-09-03,7.244779109954834,19.45525360107422,19.21206283569336,19.45525360107422,660362
1999-09-07,7.244779109954834,19.844358444213867,19.35797691345215,19.45525360107422,1071433
1999-09-08,7.281002521514893,19.698444366455078,19.30933952331543,19.552528381347656,768816
1999-09-09,7.1542181968688965,19.45525360107422,19.06614875793457,19.21206283569336,817260
1999-09-10,7.081770896911621,19.35797691345215,18.92023277282715,19.01750946044922,581206
1999-09-13,6.973097324371338,19.06614875793457,18.677043914794922,18.72568130493164,638902
1999-09-14,6.936873435974121,18.77431869506836,18.5311279296875,18.62840461730957,892304
1999-09-15,7.099885940551758,19.35797691345215,18.62840461730957,19.06614875793457,1115637
1999-09-16,7.208552360534668,19.35797691345215,18.92023277282715,19.35797691345215,903484
1999-09-17,7.208552360534668,19.406614303588867,19.21206283569336,19.35797691345215,950900
1999-09-20,7.208552360534668,19.406614303588867,19.06614875793457,19.35797691345215,680408
1999-09-21,7.081770896911621,19.30933952331543,18.87159538269043,19.01750946044922,754809
1999-09-22,6.918762683868408,19.11478614807129,18.43385124206543,18.57976722717285,1380733
1999-09-23,6.810093402862549,18.822956085205078,18.19066047668457,18.28793716430664,1349507
1999-09-24,6.773866176605225,18.336576461791992,17.704280853271484,18.19066047668457,1433675
1999-09-27,6.755755424499512,18.28793716430664,17.801555633544922,18.14202308654785,1036738
1999-09-28,6.755755424499512,18.19066047668457,17.898832321166992,18.14202308654785,976086
1999-09-29,6.6470866203308105,18.239299774169922,17.607004165649414,17.850194931030273,1029285
1999-09-30,6.538411617279053,18.04474639892578,17.509727478027344,17.558366775512695,979941
1999-10-01,6.37540340423584,17.558366775512695,17.120622634887695,17.120622634887695,1476080
1999-10-04,6.3391804695129395,17.315174102783203,16.731517791748047,17.023345947265625,1996633
1999-10-05,6.3391804695129395,17.169261932373047,16.731517791748047,17.023345947265625,1562303
1999-10-06,6.484075546264648,17.558366775512695,16.974708557128906,17.412450790405273,1579265
1999-10-07,6.37540340423584,17.412450790405273,17.120622634887695,17.120622634887695,1515144
1999-10-08,6.665194988250732,17.898832321166992,16.926069259643555,17.898832321166992,1499724
1999-10-11,6.665194988250732,17.996109008789062,17.801555633544922,17.898832321166992,1058583
1999-10-12,6.484075546264648,17.752918243408203,17.169261932373047,17.412450790405273,825998
1999-10-13,6.321066379547119,17.655641555786133,16.926069259643555,16.974708557128906,638645
1999-10-14,6.592747211456299,17.898832321166992,17.120622634887695,17.704280853271484,1035838
1999-10-15,6.429742813110352,17.996109008789062,17.217899322509766,17.266536712646484,1139667
1999-10-18,6.502189636230469,17.655641555786133,17.169261932373047,17.461088180541992,593156
1999-10-19,6.610857963562012,18.04474639892578,17.607004165649414,17.752918243408203,964135
1999-10-20,6.882536888122559,18.5311279296875,18.14202308654785,18.48249053955078,1774457
1999-10-21,7.009322166442871,18.9688720703125,18.43385124206543,18.822956085205078,1500495
1999-10-22,7.099885940551758,19.21206283569336,18.677043914794922,19.06614875793457,1002428
1999-10-25,7.027436256408691,19.163423538208008,18.72568130493164,18.87159538269043,1193380
1999-10-26,6.882536888122559,19.06614875793457,18.239299774169922,18.48249053955078,1479292
1999-10-27,7.172330856323242,19.45525360107422,18.5311279296875,19.260700225830078,1646985
1999-10-28,7.317224025726318,20.184825897216797,19.45525360107422,19.649805068969727,1857339
1999-10-29,7.552680969238281,20.573930740356445,19.503890991210938,20.282100677490234,1948317
1999-11-01,7.480238914489746,20.573930740356445,19.795719146728516,20.087549209594727,928413
1999-11-02,7.498342037200928,20.330738067626953,20.087549209594727,20.136186599731445,1013865
1999-11-03,7.357118129730225,20.038911819458008,19.30933952331543,19.601167678833008,1267653
1999-11-04,7.101533889770508,19.747081756591797,18.87159538269043,18.92023277282715,1314684
1999-11-05,7.083279609680176,19.163423538208008,18.822956085205078,18.87159538269043,979812
1999-11-08,7.192816734313965,19.163423538208008,18.677043914794922,19.163423538208008,776911
1999-11-09,6.991994857788086,19.406614303588867,18.38521385192871,18.62840461730957,877398
1999-11-10,6.937230587005615,18.87159538269043,18.14202308654785,18.48249053955078,1125018
1999-11-11,6.772931098937988,18.43385124206543,17.898832321166992,18.04474639892578,1319952
1999-11-12,7.138047218322754,19.11478614807129,17.898832321166992,19.01750946044922,2430578
1999-11-15,7.0467658042907715,19.01750946044922,18.677043914794922,18.77431869506836,1086211
1999-11-16,7.265839099884033,19.795719146728516,18.677043914794922,19.35797691345215,1273692
1999-11-17,7.48491096496582,20.428016662597656,19.260700225830078,19.941633224487305,1705581
1999-11-18,7.539677619934082,20.428016662597656,19.844358444213867,20.087549209594727,1714833
1999-11-19,7.466649532318115,20.184825897216797,19.698444366455078,19.892995834350586,1245294
1999-11-22,7.174556732177734,19.698444366455078,19.06614875793457,19.11478614807129,788219
1999-11-23,7.138047218322754,19.06614875793457,18.677043914794922,19.01750946044922,937407
1999-11-24,7.101533889770508,19.06614875793457,18.72568130493164,18.92023277282715,469924
1999-11-26,6.973744869232178,18.822956085205078,18.57976722717285,18.57976722717285,532376
1999-11-29,6.991994857788086,18.677043914794922,18.19066047668457,18.62840461730957,1125403
1999-11-30,7.0467658042907715,19.163423538208008,17.996109008789062,18.77431869506836,1382275
1999-12-01,6.864212989807129,18.72568130493164,18.239299774169922,18.28793716430664,1655337
1999-12-02,6.79118537902832,18.336576461791992,17.996109008789062,18.093385696411133,1989308
1999-12-03,6.882465362548828,19.01750946044922,18.093385696411133,18.336576461791992,1918248
1999-12-06,6.7364182472229,18.38521385192871,17.898832321166992,17.947471618652344,1301962
1999-12-07,6.681650638580322,18.04474639892578,17.704280853271484,17.801555633544922,1753511
1999-12-08,6.572113513946533,17.850194931030273,17.461088180541992,17.509727478027344,1787692
1999-12-09,6.5173468589782715,17.752918243408203,17.120622634887695,17.363813400268555,1490986
1999-12-10,6.4260663986206055,17.315174102783203,17.120622634887695,17.120622634887695,1272793
1999-12-13,6.389554977416992,17.120622634887695,16.877431869506836,17.023345947265625,1032883
1999-12-14,6.353044509887695,17.071983337402344,16.780155181884766,16.926069259643555,1520155
1999-12-15,6.590371131896973,17.607004165649414,16.731517791748047,17.558366775512695,1758651
1999-12-16,6.2800188064575195,17.558366775512695,16.536964416503906,16.731517791748047,2212642
1999-12-17,6.170487403869629,16.585603713989258,16.147859573364258,16.43968963623047,3897919
1999-12-20,6.3347859382629395,16.926069259643555,16.245136260986328,16.877431869506836,2280233
1999-12-21,6.097464561462402,16.926069259643555,16.05058479309082,16.245136260986328,3103404
1999-12-22,6.206998825073242,16.877431869506836,16.147859573364258,16.536964416503906,3353079
1999-12-23,6.26176643371582,16.828794479370117,16.634241104125977,16.682878494262695,1574125
1999-12-27,6.590371131896973,17.801555633544922,16.634241104125977,17.558366775512695,2190283
1999-12-28,6.462579250335693,17.752918243408203,17.169261932373047,17.217899322509766,1380861
1999-12-29,6.480838298797607,17.315174102783203,17.023345947265625,17.266536712646484,1202889
1999-12-30,6.626884460449219,17.704280853271484,17.315174102783203,17.655641555786133,1276391
1999-12-31,6.626884460449219,17.655641555786133,17.509727478027344,17.655641555786133,577094
2000-01-03,6.681650638580322,17.850194931030273,17.071983337402344,17.801555633544922,2137855
2000-01-04,6.553859233856201,17.607004165649414,17.266536712646484,17.461088180541992,2797317
2000-01-05,6.44432258605957,17.509727478027344,17.120622634887695,17.169261932373047,1535704
2000-01-06,6.626884460449219,17.704280853271484,17.023345947265625,17.655641555786133,1984811
2000-01-07,6.772931098937988,18.57976722717285,17.898832321166992,18.04474639892578,1704424
2000-01-10,6.718162536621094,18.5311279296875,17.704280853271484,17.898832321166992,1190039
2000-01-11,6.937230587005615,18.62840461730957,17.607004165649414,18.48249053955078,1663047
2000-01-12,6.95548677444458,19.01750946044922,18.336576461791992,18.5311279296875,1801185
2000-01-13,6.754673957824707,18.43385124206543,17.898832321166992,17.996109008789062,957068
2000-01-14,6.535605430603027,17.850194931030273,17.315174102783203,17.412450790405273,2087868
2000-01-18,6.553859233856201,17.607004165649414,17.169261932373047,17.461088180541992,1923388
2000-01-19,6.645139694213867,17.752918243408203,17.266536712646484,17.704280853271484,1766104
2000-01-20,6.7364182472229,18.04474639892578,17.509727478027344,17.947471618652344,2137469
2000-01-21,6.754673957824707,18.28793716430664,17.655641555786133,17.996109008789062,1999717
2000-01-24,6.572113513946533,18.093385696411133,17.412450790405273,17.509727478027344,1012194
2000-01-25,6.407814025878906,17.607004165649414,17.071983337402344,17.071983337402344,1581578
2000-01-26,6.265260219573975,17.169261932373047,16.3424129486084,16.536964416503906,2252220
2000-01-27,6.209976673126221,17.023345947265625,16.293773651123047,16.391050338745117,1275491
2000-01-28,6.099415302276611,16.391050338745117,15.85603141784668,16.09922218322754,1269323
2000-01-31,6.320540428161621,16.926069259643555,15.612839698791504,16.682878494262695,1295537
2000-02-01,6.209976673126221,16.536964416503906,16.09922218322754,16.391050338745117,1287570
2000-02-02,5.970425128936768,16.3424129486084,15.175097465515137,15.75875473022461,1705195
2000-02-03,6.062559604644775,16.245136260986328,15.466925621032715,16.00194549560547,2156873
2000-02-04,6.1915507316589355,16.391050338745117,15.85603141784668,16.3424129486084,1851557
2000-02-07,6.044131278991699,16.3424129486084,15.71011734008789,15.953307151794434,1153159
2000-02-08,6.062559604644775,16.00194549560547,15.71011734008789,16.00194549560547,863006
2000-02-09,5.859859943389893,16.00194549560547,15.418288230895996,15.466925621032715,1972860
2000-02-10,5.620306491851807,15.807393074035645,14.737354278564453,14.834630012512207,2190797
2000-02-11,5.565023899078369,15.175097465515137,14.445525169372559,14.688715934753418,1722800
2000-02-14,5.472886085510254,14.931906700134277,14.250972747802734,14.445525169372559,1131057
2000-02-15,5.472886085510254,14.883268356323242,14.153696060180664,14.445525169372559,2673700
2000-02-16,5.380753040313721,14.542801856994629,13.910506248474121,14.202335357666016,3824802
2000-02-17,5.270188808441162,14.542801856994629,13.81322956085205,13.910506248474121,1990850
2000-02-18,5.270188808441162,14.007781982421875,13.521401405334473,13.910506248474121,3808611
2000-02-22,5.270188808441162,14.105057716369629,13.229572296142578,13.910506248474121,1707380
2000-02-23,4.975351810455322,13.861867904663086,13.083658218383789,13.132295608520508,1575924
2000-02-24,4.827934741973877,13.180933952331543,12.354085922241211,12.74319076538086,2493928
2000-02-25,4.754226207733154,13.180933952331543,12.451361656188965,12.548638343811035,1703268
2000-02-28,4.846363067626953,12.986380577087402,12.5,12.791829109191895,1461431
2000-02-29,4.827934741973877,13.132295608520508,12.5,12.74319076538086,1978771
2000-03-01,4.93850040435791,13.229572296142578,12.791829109191895,13.035018920898438,2955886
2000-03-02,4.754226207733154,13.132295608520508,12.451361656188965,12.548638343811035,4040939
2000-03-03,4.791079998016357,13.035018920898438,12.5,12.645914077758789,3416301
2000-03-06,4.717371463775635,12.645914077758789,12.208170890808105,12.451361656188965,3329050
2000-03-07,4.569955348968506,12.451361656188965,11.819066047668457,12.062256813049316,5724675
2000-03-08,4.662088871002197,12.451361656188965,11.867704391479492,12.30544662475586,2210200
2000-03-09,4.662088871002197,12.402724266052246,12.062256813049316,12.30544662475586,1788078
2000-03-10,4.606808185577393,12.402724266052246,11.867704391479492,12.15953254699707,2331890
2000-03-13,4.569955348968506,12.25680923461914,11.770427703857422,12.062256813049316,1626168
2000-03-14,4.606808185577393,12.208170890808105,11.964981079101562,12.15953254699707,1759165
2000-03-15,4.606808185577393,12.25680923461914,11.721790313720703,12.15953254699707,4243456
2000-03-16,5.03063440322876,13.618677139282227,12.30544662475586,13.278209686279297,3600185
2000-03-17,5.012209892272949,13.667314529418945,13.229572296142578,13.229572296142578,2374552
2000-03-20,5.159626007080078,13.667314529418945,13.278209686279297,13.618677139282227,1590830
2000-03-21,5.214909076690674,13.95914363861084,13.472763061523438,13.764591217041016,1726655
2000-03-22,5.233335018157959,14.202335357666016,13.521401405334473,13.81322956085205,2365942
2000-03-23,5.085916996002197,14.007781982421875,13.424124717712402,13.424124717712402,4352552
2000-03-24,4.846363067626953,13.521401405334473,12.645914077758789,12.791829109191895,3846647
2000-03-27,4.717371463775635,12.889104843139648,12.30544662475586,12.451361656188965,2304648
2000-03-28,4.643662929534912,12.451361656188965,11.867704391479492,12.25680923461914,3697973
2000-03-29,4.901645183563232,13.035018920898438,12.354085922241211,12.937743186950684,1782552
2000-03-30,5.380753040313721,14.591440200805664,13.472763061523438,14.202335357666016,3508436
2000-03-31,5.343897819519043,14.785991668701172,14.105057716369629,14.105057716369629,3257861
2000-04-03,5.49131441116333,14.640077590942383,14.105057716369629,14.494162559509277,1591087
2000-04-04,5.583450794219971,15.029183387756348,14.250972747802734,14.737354278564453,1806839
2000-04-05,5.620306491851807,15.175097465515137,14.591440200805664,14.834630012512207,1483790
2000-04-06,5.546596050262451,15.029183387756348,14.445525169372559,14.640077590942383,886008
2000-04-07,5.528171062469482,14.688715934753418,14.29961109161377,14.591440200805664,1686434
2000-04-10,5.436034679412842,14.737354278564453,14.250972747802734,14.348249435424805,2123206
2000-04-11,5.712442398071289,15.272374153137207,14.396886825561523,15.077820777893066,1855926
2000-04-12,5.859859943389893,15.71011734008789,14.785991668701172,15.466925621032715,1840891
2000-04-13,5.896712303161621,15.904668807983398,15.077820777893066,15.564202308654785,1576181
2000-04-14,5.657162666320801,15.71011734008789,14.834630012512207,14.931906700134277,1924159
2000-04-17,5.712442398071289,15.272374153137207,14.834630012512207,15.077820777893066,1926857
2000-04-18,5.730871200561523,15.321011543273926,15.029183387756348,15.126459121704102,978399
2000-04-19,5.601881504058838,15.175097465515137,14.640077590942383,14.785991668701172,1131314
2000-04-20,5.583450794219971,14.931906700134277,14.469843864440918,14.737354278564453,1024145
2000-04-24,5.841434001922607,15.418288230895996,14.640077590942383,15.418288230895996,2291798
2000-04-25,5.859859943389893,15.612839698791504,15.126459121704102,15.466925621032715,1682065
2000-04-26,5.902014255523682,15.51556396484375,15.175097465515137,15.418288230895996,1671400
2000-04-27,5.790301322937012,15.321011543273926,15.029183387756348,15.126459121704102,1346295
2000-04-28,5.622737407684326,15.126459121704102,14.640077590942383,14.688715934753418,1522725
2000-05-01,5.864774703979492,15.564202308654785,14.688715934753418,15.321011543273926,1478136
2000-05-02,5.790301322937012,15.321011543273926,15.029183387756348,15.126459121704102,1587746
2000-05-03,6.08819580078125,16.19649887084961,15.369649887084961,15.904668807983398,2449724
2000-05-04,6.181286811828613,16.19649887084961,15.661478996276855,16.147859573364258,1263798
2000-05-05,6.125431060791016,16.245136260986328,15.85603141784668,16.00194549560547,980840
2000-05-08,6.2371416091918945,16.391050338745117,15.953307151794434,16.293773651123047,1600725
2000-05-09,6.4605631828308105,16.974708557128906,16.293773651123047,16.877431869506836,2310559
2000-05-10,6.386087894439697,16.877431869506836,16.585603713989258,16.682878494262695,1178345
2000-05-11,6.367470741271973,16.877431869506836,16.634241104125977,16.634241104125977,752753
2000-05-12,6.4605631828308105,16.877431869506836,16.585603713989258,16.877431869506836,897573
2000-05-15,6.386087894439697,17.120622634887695,16.634241104125977,16.682878494262695,1062310
2000-05-16,6.4791789054870605,16.974708557128906,16.634241104125977,16.926069259643555,834351
2000-05-17,6.367470741271973,16.731517791748047,16.19649887084961,16.634241104125977,1540330
2000-05-18,6.348848819732666,16.731517791748047,16.3424129486084,16.585603713989258,903098
2000-05-19,6.367470741271973,16.828794479370117,16.3424129486084,16.634241104125977,1154444
2000-05-22,6.609509468078613,17.315174102783203,16.391050338745117,17.266536712646484,1295794
2000-05-23,6.683979034423828,17.509727478027344,17.071983337402344,17.461088180541992,1866077
2000-05-24,6.795696258544922,17.801555633544922,17.266536712646484,17.752918243408203,1223449
2000-05-25,6.795696258544922,17.850194931030273,17.412450790405273,17.752918243408203,1133627
2000-05-26,6.832931995391846,18.093385696411133,17.607004165649414,17.850194931030273,1085311
2000-05-30,6.981874942779541,18.239299774169922,17.558366775512695,18.239299774169922,1401293
2000-05-31,6.870166301727295,18.239299774169922,17.704280853271484,17.947471618652344,1158042
2000-06-01,6.8887858390808105,18.43385124206543,17.801555633544922,17.996109008789062,1518999
2000-06-02,6.553650379180908,18.38521385192871,17.071983337402344,17.120622634887695,1997018
2000-06-05,6.535036563873291,17.558366775512695,16.974708557128906,17.071983337402344,1418769
2000-06-06,6.367470741271973,16.877431869506836,16.3424129486084,16.634241104125977,2252220
2000-06-07,6.497796535491943,17.217899322509766,16.780155181884766,16.974708557128906,1160998
2000-06-08,6.4605631828308105,16.926069259643555,16.488327026367188,16.877431869506836,1668444
2000-06-09,6.40470552444458,16.877431869506836,16.682878494262695,16.731517791748047,572468
2000-06-12,6.4419426918029785,17.120622634887695,16.731517791748047,16.828794479370117,953598
2000-06-13,6.42332649230957,17.120622634887695,16.634241104125977,16.780155181884766,1101888
2000-06-14,6.4605631828308105,16.974708557128906,16.634241104125977,16.877431869506836,938692
2000-06-15,6.42332649230957,17.120622634887695,16.780155181884766,16.780155181884766,793359
2000-06-16,6.3116135597229,16.974708557128906,16.391050338745117,16.488327026367188,1211627
2000-06-19,6.255760669708252,16.780155181884766,16.147859573364258,16.3424129486084,1174490
2000-06-20,6.050959587097168,16.147859573364258,15.564202308654785,15.807393074035645,2895491
2000-06-21,5.92063045501709,15.85603141784668,15.321011543273926,15.466925621032715,1863507
2000-06-22,5.92063045501709,15.71011734008789,15.321011543273926,15.466925621032715,1628481
2000-06-23,5.511027812957764,15.71011734008789,14.202335357666016,14.396886825561523,4744092
2000-06-26,5.883394241333008,15.418288230895996,14.980545043945312,15.369649887084961,3115740
2000-06-27,5.92063045501709,15.807393074035645,15.321011543273926,15.466925621032715,2242968
2000-06-28,5.906667709350586,15.661478996276855,15.369649887084961,15.43044662475586,1293481
2000-06-29,5.846156597137451,15.466925621032715,15.223734855651855,15.272374153137207,1225890
2000-06-30,5.67859411239624,15.466925621032715,14.822470664978027,14.834630012512207,2663934
2000-07-03,5.8089189529418945,15.175097465515137,14.931906700134277,15.175097465515137,731422
2000-07-05,6.050959587097168,15.904668807983398,15.223734855651855,15.807393074035645,1543285
2000-07-06,6.367470741271973,16.634241104125977,15.904668807983398,16.634241104125977,4405109
2000-07-07,6.330233097076416,16.682878494262695,16.147859573364258,16.536964416503906,1916063
2000-07-10,6.274379730224609,16.731517791748047,16.391050338745117,16.391050338745117,1658293
2000-07-11,6.330233097076416,16.731517791748047,16.391050338745117,16.536964416503906,1936238
2000-07-12,6.2371416091918945,16.585603713989258,16.293773651123047,16.293773651123047,1416456
2000-07-13,6.292998313903809,16.682878494262695,16.3424129486084,16.43968963623047,1461045
2000-07-14,6.255760669708252,16.731517791748047,16.293773651123047,16.3424129486084,1209956
2000-07-17,6.199906349182129,16.391050338745117,16.19649887084961,16.19649887084961,1116537
2000-07-18,6.330233097076416,16.634241104125977,16.147859573364258,16.536964416503906,927256
2000-07-19,6.330233097076416,16.828794479370117,16.488327026367188,16.536964416503906,1449609
2000-07-20,6.40470552444458,16.877431869506836,16.536964416503906,16.731517791748047,1156500
2000-07-21,6.367470741271973,16.877431869506836,16.634241104125977,16.634241104125977,1165495
2000-07-24,6.330233097076416,16.682878494262695,16.488327026367188,16.536964416503906,716516
2000-07-25,6.330233097076416,16.634241104125977,16.488327026367188,16.536964416503906,997031
2000-07-26,6.2371416091918945,16.536964416503906,16.245136260986328,16.293773651123047,1471839
2000-07-27,6.27971076965332,16.43968963623047,16.05058479309082,16.245136260986328,861593
2000-07-28,6.2045063972473145,16.19649887084961,15.904668807983398,16.05058479309082,799142
2000-07-31,6.148097515106201,16.3424129486084,15.85603141784668,15.904668807983398,1194022
2000-08-01,6.354916095733643,16.536964416503906,16.00194549560547,16.43968963623047,1253004
2000-08-02,6.486525058746338,16.780155181884766,16.536964416503906,16.780155181884766,1213426
2000-08-03,6.524130344390869,16.926069259643555,16.780155181884766,16.877431869506836,1390499
2000-08-04,6.336114406585693,16.731517791748047,16.3424129486084,16.391050338745117,1350407
2000-08-07,6.223302841186523,16.391050338745117,16.05058479309082,16.09922218322754,888192
2000-08-08,6.148097515106201,16.09922218322754,15.71011734008789,15.904668807983398,1371609
2000-08-09,6.091695308685303,15.904668807983398,15.466925621032715,15.75875473022461,1572198
2000-08-10,5.997687816619873,15.75875473022461,15.466925621032715,15.51556396484375,1880597
2000-08-11,6.035290718078613,15.661478996276855,15.369649887084961,15.612839698791504,2203518
2000-08-14,5.941283226013184,15.612839698791504,15.223734855651855,15.369649887084961,2087739
2000-08-15,5.828471660614014,15.369649887084961,15.077820777893066,15.077820777893066,2123334
2000-08-16,5.978884696960449,15.612839698791504,15.077820777893066,15.466925621032715,2374680
2000-08-17,5.997687816619873,15.807393074035645,15.51556396484375,15.51556396484375,2521941
2000-08-18,6.002388000488281,15.612839698791504,15.51556396484375,15.527724266052246,1110240
2000-08-21,6.035290718078613,15.75875473022461,15.564202308654785,15.612839698791504,1090323
2000-08-22,5.978884696960449,15.661478996276855,15.369649887084961,15.466925621032715,844117
2000-08-23,5.922477722167969,15.564202308654785,15.272374153137207,15.321011543273926,919546
2000-08-24,5.978884696960449,15.71011734008789,15.369649887084961,15.466925621032715,5059431
2000-08-25,5.715663909912109,15.51556396484375,14.640077590942383,14.785991668701172,3119723
2000-08-28,5.640458106994629,15.077820777893066,14.542801856994629,14.591440200805664,1285771
2000-08-29,5.621655464172363,14.883268356323242,14.542801856994629,14.542801856994629,1516172
2000-08-30,5.4712419509887695,14.688715934753418,14.05642032623291,14.153696060180664,2779841
2000-08-31,5.508847236633301,14.445525169372559,14.153696060180664,14.250972747802734,2299893
2000-09-01,5.490045547485352,14.29961109161377,14.05642032623291,14.202335357666016,1728325
2000-09-05,5.621655464172363,14.591440200805664,14.105057716369629,14.542801856994629,1942277
2000-09-06,5.621655464172363,14.737354278564453,14.494162559509277,14.542801856994629,1713548
2000-09-07,5.6592583656311035,14.737354278564453,14.494162559509277,14.640077590942383,1126688
2000-09-08,5.6592583656311035,14.688715934753418,14.494162559509277,14.640077590942383,1645571
2000-09-11,5.621655464172363,14.640077590942383,14.445525169372559,14.542801856994629,1149818
2000-09-12,5.621655464172363,14.591440200805664,14.445525169372559,14.542801856994629,1245422
2000-09-13,5.640458106994629,14.640077590942383,14.494162559509277,14.591440200805664,1135683
2000-09-14,5.6592583656311035,14.737354278564453,14.494162559509277,14.640077590942383,3360918
2000-09-15,5.678061008453369,14.883268356323242,14.591440200805664,14.688715934753418,2275864
2000-09-18,5.640458106994629,14.785991668701172,14.542801856994629,14.591440200805664,1513345
2000-09-19,5.696861267089844,14.737354278564453,14.445525169372559,14.737354278564453,1480963
2000-09-20,5.640458106994629,14.737354278564453,14.494162559509277,14.591440200805664,1414914
2000-09-21,5.640458106994629,14.883268356323242,14.542801856994629,14.591440200805664,2974647
2000-09-22,5.753264427185059,15.077820777893066,14.591440200805664,14.883268356323242,2304519
2000-09-25,5.640458106994629,14.931906700134277,14.445525169372559,14.591440200805664,1031983
2000-09-26,5.86607551574707,15.272374153137207,14.591440200805664,15.175097465515137,2052659
2000-09-27,5.86607551574707,15.466925621032715,15.126459121704102,15.175097465515137,2927230
2000-09-28,5.960082530975342,15.466925621032715,15.175097465515137,15.418288230895996,1706609
2000-09-29,6.035290718078613,15.612839698791504,14.980545043945312,15.612839698791504,1965921
2000-10-02,6.148097515106201,15.904668807983398,15.466925621032715,15.904668807983398,2331890
2000-10-03,6.12929630279541,16.00194549560547,15.75875473022461,15.85603141784668,2913095
2000-10-04,6.016488075256348,15.85603141784668,15.564202308654785,15.564202308654785,1576695
2000-10-05,6.091695308685303,15.85603141784668,15.564202308654785,15.75875473022461,2152632
2000-10-06,6.091695308685303,15.904668807983398,15.612839698791504,15.75875473022461,1357731
2000-10-09,6.110494613647461,15.953307151794434,15.75875473022461,15.807393074035645,748513
2000-10-10,6.148097515106201,15.953307151794434,15.75875473022461,15.904668807983398,1622955
2000-10-11,6.242103576660156,16.19649887084961,15.85603141784668,16.147859573364258,1914007
2000-10-12,6.2045063972473145,16.19649887084961,15.953307151794434,16.05058479309082,1283458
2000-10-13,6.166898250579834,16.09922218322754,15.85603141784668,15.953307151794434,1602652
2000-10-16,6.2045063972473145,16.147859573364258,16.00194549560547,16.05058479309082,841675
2000-10-17,6.185699939727783,16.09922218322754,15.904668807983398,16.00194549560547,1301320
2000-10-18,6.072892665863037,16.00194549560547,15.466925621032715,15.71011734008789,1802727
2000-10-19,5.960082530975342,15.564202308654785,15.175097465515137,15.418288230895996,1256987
2000-10-20,5.86607551574707,15.418288230895996,15.175097465515137,15.175097465515137,975700
2000-10-23,6.054089546203613,15.85603141784668,15.369649887084961,15.661478996276855,1330232
2000-10-24,6.054089546203613,15.807393074035645,15.466925621032715,15.661478996276855,1954999
2000-10-25,6.179584980010986,15.85603141784668,15.466925621032715,15.807393074035645,1415042
2000-10-26,6.255637168884277,16.19649887084961,15.564202308654785,16.00194549560547,3003559
2000-10-27,6.236626148223877,16.00194549560547,15.807393074035645,15.953307151794434,979170
2000-10-30,6.464794635772705,16.536964416503906,15.85603141784668,16.536964416503906,1808381
2000-10-31,6.502823829650879,16.682878494262695,16.05058479309082,16.634241104125977,1749913
2000-11-01,6.635921001434326,17.023345947265625,16.536964416503906,16.974708557128906,1799771
2000-11-02,6.597893238067627,16.974708557128906,16.634241104125977,16.877431869506836,1340255
2000-11-03,6.769018650054932,17.315174102783203,16.974708557128906,17.315174102783203,1886508
2000-11-06,6.807049751281738,17.509727478027344,17.169261932373047,17.412450790405273,1108313
2000-11-07,6.845077037811279,17.509727478027344,17.315174102783203,17.509727478027344,1495355
2000-11-08,6.864091873168945,17.655641555786133,17.363813400268555,17.558366775512695,1437915
2000-11-09,6.997190475463867,17.996109008789062,17.266536712646484,17.898832321166992,2586577
2000-11-10,7.149302959442139,18.38521385192871,17.850194931030273,18.28793716430664,2254404
2000-11-13,7.187333106994629,18.57976722717285,18.19066047668457,18.38521385192871,2276378
2000-11-14,7.2443742752075195,18.77431869506836,18.19066047668457,18.5311279296875,2656866
2000-11-15,7.339441776275635,18.87159538269043,18.48249053955078,18.77431869506836,1310829
2000-11-16,7.548597812652588,19.35797691345215,18.677043914794922,19.30933952331543,2450495
2000-11-17,7.9478960037231445,20.379377365112305,19.844358444213867,20.330738067626953,6217344
2000-11-20,7.7387375831604,20.184825897216797,19.45525360107422,19.795719146728516,4112000
2000-11-21,7.8338117599487305,20.379377365112305,19.990272521972656,20.038911819458008,4012155
2000-11-22,7.5866265296936035,20.087549209594727,19.35797691345215,19.406614303588867,3472199
2000-11-24,7.643667221069336,19.698444366455078,19.45525360107422,19.552528381347656,582876
2000-11-27,7.662683963775635,19.795719146728516,19.06614875793457,19.601167678833008,1417227
2000-11-28,7.814798355102539,19.990272521972656,19.552528381347656,19.990272521972656,1218180
2000-11-29,7.8338117599487305,20.233463287353516,19.844358444213867,20.038911819458008,2410917
2000-11-30,7.7387375831604,20.136186599731445,19.698444366455078,19.795719146728516,1948831
2000-12-01,7.719725131988525,19.844358444213867,19.601167678833008,19.747081756591797,1541229
2000-12-04,7.871835708618164,20.379377365112305,19.795719146728516,20.136186599731445,3268269
2000-12-05,7.510568141937256,19.990272521972656,19.11478614807129,19.21206283569336,2021947
2000-12-06,7.434514045715332,19.406614303588867,18.77431869506836,19.01750946044922,1750684
2000-12-07,7.5866265296936035,19.45525360107422,19.06614875793457,19.406614303588867,1470554
2000-12-08,7.510568141937256,19.35797691345215,18.92023277282715,19.21206283569336,1089552
2000-12-11,7.130286693572998,19.260700225830078,18.093385696411133,18.239299774169922,2864908
2000-12-12,7.377468585968018,19.21206283569336,18.19066047668457,18.87159538269043,2256589
2000-12-13,7.396486282348633,19.06614875793457,18.77431869506836,18.92023277282715,1320852
2000-12-14,7.453528881072998,19.21206283569336,18.77431869506836,19.06614875793457,2615361
2000-12-15,7.26339054107666,19.21206283569336,18.5311279296875,18.57976722717285,3213657
2000-12-18,7.377468585968018,19.21206283569336,18.5311279296875,18.87159538269043,1375978
2000-12-19,7.567610740661621,19.601167678833008,19.01750946044922,19.35797691345215,1947160
2000-12-20,7.624654769897461,19.601167678833008,18.92023277282715,19.503890991210938,1693887
2000-12-21,7.7387375831604,19.844358444213867,18.677043914794922,19.795719146728516,2747844
2000-12-22,7.757754325866699,19.990272521972656,19.163423538208008,19.844358444213867,1753768
2000-12-26,7.719725131988525,19.990272521972656,19.503890991210938,19.747081756591797,1708022
2000-12-27,7.909865856170654,20.330738067626953,19.503890991210938,20.233463287353516,1709179
2000-12-28,7.928879261016846,20.330738067626953,19.844358444213867,20.282100677490234,1224734
2000-12-29,7.909865856170654,20.379377365112305,19.990272521972656,20.233463287353516,1371352
2001-01-02,7.776769161224365,20.233463287353516,19.892995834350586,19.892995834350586,998830
2001-01-03,7.282402992248535,20.184825897216797,18.57976722717285,18.62840461730957,3819148
2001-01-04,6.9211344718933105,18.57976722717285,17.023345947265625,17.704280853271484,4859356
2001-01-05,7.111271858215332,18.336576461791992,17.509727478027344,18.19066047668457,2256203
2001-01-08,7.2443742752075195,18.57976722717285,17.996109008789062,18.5311279296875,1629894
2001-01-09,7.358456611633301,18.92023277282715,18.28793716430664,18.822956085205078,1694401
2001-01-10,7.396486282348633,19.01750946044922,18.677043914794922,18.92023277282715,1631693
2001-01-11,7.225356101989746,18.9688720703125,18.43385124206543,18.48249053955078,1817890
2001-01-12,7.149302959442139,18.336576461791992,18.14202308654785,18.28793716430664,1976844
2001-01-16,7.225356101989746,18.5311279296875,18.239299774169922,18.48249053955078,1761350
2001-01-17,7.225356101989746,18.62840461730957,18.239299774169922,18.48249053955078,1833053
2001-01-18,7.301417350769043,18.822956085205078,18.48249053955078,18.677043914794922,1656237
2001-01-19,7.187333106994629,18.677043914794922,18.239299774169922,18.38521385192871,1935852
2001-01-22,7.187333106994629,18.5311279296875,18.19066047668457,18.38521385192871,2068336
2001-01-23,7.149302959442139,18.38521385192871,17.996109008789062,18.28793716430664,1756724
2001-01-24,7.111271858215332,18.336576461791992,17.947471618652344,18.19066047668457,1806196
2001-01-25,7.149302959442139,18.5311279296875,17.947471618652344,18.28793716430664,1579522
2001-01-26,7.092261791229248,18.28793716430664,17.947471618652344,18.14202308654785,1869804
2001-01-29,7.140176296234131,18.428016662597656,17.98443603515625,18.264591217041016,1254546
2001-01-30,7.228404998779297,18.677043914794922,18.046693801879883,18.490272521972656,1570013
2001-01-31,7.1869378089904785,18.59922218322754,18.155641555786133,18.21011734008789,1932254
2001-02-01,7.40500020980835,18.894941329956055,18.163423538208008,18.762645721435547,1727297
2001-02-02,7.3773603439331055,19.09727668762207,18.59922218322754,18.692607879638672,2291798
2001-02-05,7.349715709686279,19.05058479309082,18.48249053955078,18.622568130493164,1387029
2001-02-06,7.3773603439331055,18.747081756591797,18.52918243408203,18.692607879638672,1194151
2001-02-07,7.451075553894043,19.06614875793457,18.684825897216797,18.879377365112305,1106257
2001-02-08,7.604639530181885,19.41634178161621,18.91828727722168,19.268482208251953,2142352
2001-02-09,7.512497901916504,19.36964988708496,18.957197189331055,19.035018920898438,1570142
2001-02-12,7.616927623748779,19.377431869506836,18.770427703857422,19.299610137939453,1155344
2001-02-13,7.635355472564697,19.447471618652344,16.723735809326172,19.346303939819336,1748243
2001-02-14,6.145754337310791,15.719843864440918,14.591440200805664,15.57198429107666,37995137
2001-02-15,6.422175407409668,16.3424129486084,15.603113174438477,16.27237319946289,9524292
2001-02-16,6.308535575866699,16.108949661254883,15.875486373901367,15.98443603515625,5264131
2001-02-20,6.308535575866699,16.178987503051758,15.766536712646484,15.98443603515625,3924904
2001-02-21,6.240962982177734,15.976654052734375,15.626459121704102,15.81322956085205,2858483
2001-02-22,6.148825168609619,15.953307151794434,15.486380577087402,15.579767227172852,3606224
2001-02-23,6.081254959106445,15.603113174438477,15.252918243408203,15.408559799194336,3565490
2001-02-26,6.062828540802002,15.533074378967285,15.175097465515137,15.361867904663086,2457948
2001-02-27,5.9276885986328125,15.361867904663086,14.785991668701172,15.019454956054688,3454594
2001-02-28,6.044400215148926,15.322957038879395,14.793773651123047,15.31517505645752,1999074
2001-03-01,6.056685924530029,15.55642032623291,15.190661430358887,15.346303939819336,2719831
2001-03-02,5.92154598236084,15.50972843170166,14.863813400268555,15.003890991210938,3048920
2001-03-05,5.936904430389404,15.29961109161377,14.941634178161621,15.042801856994629,1879312
2001-03-06,5.8846893310546875,15.097275733947754,14.848249435424805,14.910506248474121,2074375
2001-03-07,5.979897975921631,15.291829109191895,14.926070213317871,15.151750564575195,2528752
2001-03-08,5.95840311050415,15.28404712677002,14.785991668701172,15.097275733947754,4074221
2001-03-09,5.995258808135986,15.252918243408203,14.980545043945312,15.190661430358887,1700826
2001-03-12,6.075112819671631,15.55642032623291,14.988327026367188,15.392995834350586,2242582
2001-03-13,6.0228986740112305,15.431906700134277,14.887160301208496,15.260700225830078,1779982
2001-03-14,5.943046569824219,15.268482208251953,14.863813400268555,15.058365821838379,2413873
2001-03-15,5.989116668701172,15.252918243408203,15.035018920898438,15.175097465515137,2289742
2001-03-16,5.91847562789917,15.120622634887695,14.824902534484863,14.996109008789062,2830598
2001-03-19,5.887760639190674,15.097275733947754,14.863813400268555,14.918288230895996,2775600
2001-03-20,5.795620441436768,14.894942283630371,14.599222183227539,14.68482494354248,2963082
2001-03-21,5.783334255218506,14.817120552062988,14.599222183227539,14.653696060180664,2872232
2001-03-22,5.789478778839111,14.817120552062988,14.560311317443848,14.66926097869873,3124863
2001-03-23,5.844762325286865,14.894942283630371,14.326848030090332,14.809338569641113,2832397
2001-03-26,5.654336929321289,14.926070213317871,14.147859573364258,14.326848030090332,4012284
2001-03-27,5.568342208862305,14.163423538208008,13.618677139282227,14.108948707580566,6540008
2001-03-28,5.574483394622803,14.19455337524414,14.007781982421875,14.124513626098633,4476169
2001-03-29,5.5253424644470215,14.124513626098633,13.937743186950684,14.0,3569473
2001-03-30,5.602127552032471,14.280156135559082,13.898833274841309,14.19455337524414,3275337
2001-04-02,5.571411609649658,14.350194931030273,14.038910865783691,14.116731643676758,1628609
2001-04-03,5.562199592590332,14.163423538208008,13.898833274841309,14.093384742736816,2275607
2001-04-04,5.832474231719971,14.778209686279297,14.124513626098633,14.778209686279297,3069994
2001-04-05,5.869332790374756,14.941634178161621,14.747081756591797,14.87159538269043,3115868
2001-04-06,5.989116668701172,15.31517505645752,14.87159538269043,15.175097465515137,4034771
2001-04-09,6.056685924530029,15.486380577087402,15.268482208251953,15.346303939819336,3128718
2001-04-10,5.986043453216553,15.322957038879395,15.105057716369629,15.167314529418945,2368512
2001-04-11,5.943046569824219,15.252918243408203,14.996109008789062,15.058365821838379,1884324
2001-04-12,5.979897975921631,15.369649887084961,15.050583839416504,15.151750564575195,941905
2001-04-16,6.081254959106445,15.447470664978027,15.15953254699707,15.408559799194336,1202760
2001-04-17,6.124256134033203,15.642023086547852,15.252918243408203,15.517510414123535,1518485
2001-04-18,6.1580400466918945,15.797664642333984,15.416341781616211,15.603113174438477,1872502
2001-04-19,6.201037883758545,15.75875473022461,15.57198429107666,15.712061882019043,1364285
2001-04-20,6.1580400466918945,15.74319076538086,15.517510414123535,15.603113174438477,1269966
2001-04-23,6.191824436187744,15.797664642333984,15.634241104125977,15.688715934753418,1005898
2001-04-24,6.170324802398682,15.735408782958984,15.595331192016602,15.634241104125977,1132085
2001-04-25,6.305463790893555,15.992218017578125,15.564202308654785,15.976654052734375,1273307
2001-04-26,6.283965110778809,16.140077590942383,15.766536712646484,15.922179222106934,1066036
2001-04-27,6.36381721496582,16.163423538208008,15.875486373901367,16.124513626098633,915049
2001-04-30,6.391462802886963,16.326847076416016,16.062257766723633,16.19455337524414,1366084
2001-05-01,6.545029640197754,16.58365821838379,16.077821731567383,16.58365821838379,1488930
2001-05-02,6.444143772125244,16.350194931030273,15.992218017578125,16.155641555786133,1354904
2001-05-03,6.425518989562988,16.350194931030273,15.657588005065918,16.108949661254883,1417098
2001-05-04,6.5248541831970215,16.35797691345215,15.898833274841309,16.35797691345215,1023374
2001-05-07,6.6272873878479,16.638132095336914,16.163423538208008,16.61478614807129,1464643
2001-05-08,6.652118682861328,16.677043914794922,16.428016662597656,16.677043914794922,1319310
2001-05-09,6.580728054046631,16.677043914794922,16.365758895874023,16.49805450439453,1214968
2001-05-10,6.66453742980957,16.731517791748047,16.54474639892578,16.708171844482422,1080685
2001-05-11,6.5621018409729,16.84046745300293,16.35797691345215,16.45136260986328,1001657
2001-05-14,6.586931228637695,16.653696060180664,16.43579864501953,16.51361846923828,714460
2001-05-15,6.555893898010254,16.536964416503906,16.264591217041016,16.43579864501953,716002
2001-05-16,6.732827663421631,16.879377365112305,16.22568130493164,16.879377365112305,1209057
2001-05-17,6.534164905548096,16.832685470581055,16.108949661254883,16.381322860717773,1866463
2001-05-18,6.518643379211426,16.52918243408203,16.186769485473633,16.3424129486084,1666517
2001-05-21,6.472080230712891,16.350194931030273,15.953307151794434,16.22568130493164,2104573
2001-05-22,6.363436698913574,16.350194931030273,15.953307151794434,15.953307151794434,1994320
2001-05-23,6.397583484649658,16.28793716430664,15.929961204528809,16.038911819458008,2012567
2001-05-24,6.229959487915039,15.976654052734375,15.369649887084961,15.618677139282227,7539352
2001-05-25,6.292041778564453,15.78988265991211,15.603113174438477,15.77431869506836,3311317
2001-05-29,6.534164905548096,16.443580627441406,15.704279899597168,16.381322860717773,2867606
2001-05-30,6.441040515899658,16.3424129486084,16.046693801879883,16.147859573364258,1873016
2001-05-31,6.472080230712891,16.326847076416016,16.0311279296875,16.22568130493164,1143265
2001-06-01,6.406896114349365,16.264591217041016,15.797664642333984,16.062257766723633,1758266
2001-06-04,6.397583484649658,16.101167678833008,15.875486373901367,16.038911819458008,699040
2001-06-05,6.397583484649658,16.140077590942383,15.80544662475586,16.038911819458008,1141209
2001-06-06,6.3292927742004395,16.070039749145508,15.844358444213867,15.867704391479492,909266
2001-06-07,6.332398414611816,15.953307151794434,15.75875473022461,15.875486373901367,1144421
2001-06-08,6.285835266113281,15.875486373901367,15.688715934753418,15.75875473022461,768173
2001-06-11,6.2051262855529785,15.8287935256958,15.533074378967285,15.55642032623291,2944963
2001-06-12,6.298249244689941,15.836576461791992,15.501946449279785,15.78988265991211,1485203
2001-06-13,6.347917556762695,15.976654052734375,15.719843864440918,15.914397239685059,1772658
2001-06-14,6.372751712799072,16.147859573364258,15.859922409057617,15.976654052734375,2032227
2001-06-15,6.394477844238281,16.140077590942383,15.797664642333984,16.0311279296875,1981470
2001-06-18,6.292041778564453,16.186769485473633,15.727625846862793,15.77431869506836,1031341
2001-06-19,6.242377281188965,15.914397239685059,15.603113174438477,15.649805068969727,1087753
2001-06-20,6.276521682739258,15.922179222106934,15.587549209594727,15.735408782958984,1637347
2001-06-21,6.515539646148682,16.3424129486084,15.696497917175293,16.33462905883789,1572455
2001-06-22,6.372751712799072,16.474708557128906,15.945525169372559,15.976654052734375,2293083
2001-06-25,6.149254322052002,15.953307151794434,15.175097465515137,15.416341781616211,2824687
2001-06-26,6.115106105804443,15.52529239654541,15.12840461730957,15.33073902130127,2751185
2001-06-27,5.904026985168457,15.214008331298828,14.770427703857422,14.801555633544922,2923375
2001-06-28,6.0840654373168945,15.33073902130127,14.630350112915039,15.252918243408203,1830097
2001-06-29,6.149254322052002,15.431906700134277,15.019454956054688,15.416341781616211,1999460
2001-07-02,6.077859401702881,15.369649887084961,15.136186599731445,15.237354278564453,1956541
2001-07-03,6.112003803253174,15.33073902130127,15.042801856994629,15.322957038879395,925072
2001-07-05,6.1709818840026855,15.486380577087402,15.14396858215332,15.470816612243652,1422238
2001-07-06,6.198918342590332,15.712061882019043,15.385213851928711,15.54085636138916,1362100
2001-07-09,6.139943599700928,15.564202308654785,15.385213851928711,15.392995834350586,1052030
2001-07-10,6.102690696716309,15.439688682556152,15.190661430358887,15.29961109161377,1474152
2001-07-11,6.161669731140137,15.486380577087402,15.190661430358887,15.447470664978027,1695815
2001-07-12,6.208230495452881,15.57198429107666,15.136186599731445,15.564202308654785,1405790
2001-07-13,6.292041778564453,15.81322956085205,15.57198429107666,15.77431869506836,1659192
2001-07-16,6.366540908813477,16.070039749145508,15.649805068969727,15.961089134216309,1369425
2001-07-17,6.506227493286133,16.3424129486084,15.953307151794434,16.311283111572266,2493543
2001-07-18,6.5621018409729,16.459144592285156,16.186769485473633,16.45136260986328,1416841
2001-07-19,6.577622890472412,16.536964416503906,16.3424129486084,16.490272521972656,730908
2001-07-20,6.596245288848877,16.61478614807129,16.350194931030273,16.536964416503906,999730
2001-07-23,6.546579360961914,16.536964416503906,16.350194931030273,16.412450790405273,817389
2001-07-24,6.518643379211426,16.43579864501953,16.19455337524414,16.3424129486084,1231416
2001-07-25,6.608658790588379,16.63035011291504,16.264591217041016,16.568092346191406,1248121
2001-07-26,6.6552252769470215,16.715953826904297,16.4046688079834,16.684825897216797,1054471
2001-07-27,6.605556964874268,16.700389862060547,16.326847076416016,16.56031036376953,926485
2001-07-30,6.652118682861328,16.677043914794922,16.42023277282715,16.677043914794922,1533905
2001-07-31,6.670743942260742,16.723735809326172,16.48249053955078,16.723735809326172,1475566
2001-08-01,6.6121416091918945,16.638132095336914,16.3424129486084,16.42023277282715,1282173
2001-08-02,6.681085586547852,16.591440200805664,16.381322860717773,16.591440200805664,791046
2001-08-03,6.574543476104736,16.653696060180664,16.163423538208008,16.326847076416016,744401
2001-08-06,6.590212345123291,16.536964416503906,16.101167678833008,16.365758895874023,1612932
2001-08-07,6.527536392211914,16.33462905883789,16.0311279296875,16.21011734008789,985595
2001-08-08,6.458591461181641,16.147859573364258,15.875486373901367,16.038911819458008,1209571
2001-08-09,6.6027445793151855,16.4046688079834,15.875486373901367,16.396886825561523,925072
2001-08-10,6.703025817871094,16.723735809326172,16.33462905883789,16.64591407775879,2273294
2001-08-13,6.703025817871094,16.64591407775879,16.295719146728516,16.64591407775879,1091993
2001-08-14,6.699887275695801,16.731517791748047,16.59922218322754,16.638132095336914,1526709
2001-08-15,6.712423801422119,16.731517791748047,16.57587432861328,16.669261932373047,927899
2001-08-16,6.662283420562744,16.692607879638672,16.3424129486084,16.54474639892578,1647242
2001-08-17,6.734359264373779,16.731517791748047,16.46692657470703,16.723735809326172,1000629
2001-08-20,6.953722953796387,17.268482208251953,16.700389862060547,17.268482208251953,1913108
2001-08-21,6.953722953796387,17.45525360107422,17.120622634887695,17.268482208251953,1567186
2001-08-22,7.091606140136719,17.688716888427734,17.035018920898438,17.61089515686035,1960910
2001-08-23,6.95685338973999,17.704280853271484,17.221790313720703,17.276264190673828,1540458
2001-08-24,6.944318771362305,17.48638153076172,17.17509651184082,17.245136260986328,1488673
2001-08-27,6.98192024230957,17.478599548339844,17.19066047668457,17.338520050048828,819830
2001-08-28,6.950584888458252,17.35408592224121,16.926069259643555,17.260700225830078,1274720
2001-08-29,6.988193035125732,17.431907653808594,17.003890991210938,17.35408592224121,951799
2001-08-30,7.207553386688232,17.976654052734375,17.509727478027344,17.898832321166992,2687321
2001-08-31,7.191883087158203,18.01556396484375,17.77431869506836,17.859922409057617,1557549
2001-09-04,7.364239692687988,18.3735408782959,17.821012496948242,18.28793716430664,1843847
2001-09-05,7.329764366149902,18.443580627441406,17.6575870513916,18.202335357666016,1861965
2001-09-06,7.238890647888184,18.21011734008789,17.673152923583984,17.976654052734375,2329705
2001-09-07,7.1511454582214355,17.953306198120117,17.6575870513916,17.75875473022461,1579008
2001-09-10,7.166811466217041,17.98443603515625,17.50194549560547,17.797664642333984,1113453
2001-09-17,7.044596195220947,17.64202308654785,16.88715934753418,17.494163513183594,1678339
2001-09-18,7.072803974151611,17.587549209594727,16.964981079101562,17.56420135498047,1182971
2001-09-19,7.050863742828369,17.61089515686035,16.996109008789062,17.509727478027344,2488917
2001-09-20,6.881649017333984,17.509727478027344,16.692607879638672,17.089494705200195,2959998
2001-09-21,6.83463716506958,17.042802810668945,16.3424129486084,16.972763061523438,2891893
2001-09-24,6.89417839050293,17.237354278564453,16.964981079101562,17.120622634887695,2864779
2001-09-25,6.837771415710449,17.198444366455078,16.80933952331543,16.980545043945312,2054072
2001-09-26,6.806434631347656,17.120622634887695,16.653696060180664,16.90272331237793,2309531
2001-09-27,6.89417839050293,17.120622634887695,16.80933952331543,17.120622634887695,3030416
2001-09-28,7.035197734832764,17.50194549560547,17.15953254699707,17.47081756591797,2222151
2001-10-01,7.050863742828369,17.603113174438477,17.338520050048828,17.509727478027344,2860025
2001-10-02,7.207553386688232,17.898832321166992,17.54863739013672,17.898832321166992,2957042
2001-10-03,7.185611724853516,17.976654052734375,17.719844818115234,17.844358444213867,2797188
2001-10-04,7.160547256469727,17.898832321166992,17.66537094116211,17.782100677490234,1255702
2001-10-05,7.191883087158203,17.898832321166992,17.66537094116211,17.859922409057617,1832924
2001-10-08,7.097870826721191,17.883268356323242,17.47081756591797,17.6264591217041,880611
2001-10-09,7.022665500640869,17.77431869506836,17.338520050048828,17.43968963623047,1105100
2001-10-10,7.135477066040039,17.859922409057617,17.40077781677246,17.719844818115234,1020161
2001-10-11,7.1511454582214355,17.844358444213867,17.509727478027344,17.75875473022461,1705966
2001-10-12,6.9035797119140625,17.69649887084961,16.988327026367188,17.14396858215332,1769445
2001-10-15,6.884777069091797,17.392995834350586,17.042802810668945,17.09727668762207,2010125
2001-10-16,6.881649017333984,17.346303939819336,17.042802810668945,17.089494705200195,1538274
2001-10-17,6.859709739685059,17.322956085205078,17.003890991210938,17.035018920898438,1981727
2001-10-18,6.9035797119140625,17.315174102783203,17.05058479309082,17.14396858215332,781409
2001-10-19,7.041460990905762,17.61089515686035,17.120622634887695,17.48638153076172,965163
2001-10-22,7.104140281677246,17.704280853271484,17.40077781677246,17.64202308654785,913892
2001-10-23,7.116672039031982,17.71206283569336,17.252918243408203,17.673152923583984,944346
2001-10-24,7.097870826721191,17.898832321166992,17.56420135498047,17.6264591217041,1549967
2001-10-25,7.195017337799072,17.898832321166992,17.48638153076172,17.867704391479492,1537117
2001-10-26,7.248288154602051,18.085603713989258,17.813230514526367,18.0,1340255
2001-10-29,7.198149681091309,18.085603713989258,17.750972747802734,17.875486373901367,1115380
2001-10-30,7.235752105712891,18.01556396484375,17.719844818115234,17.9688720703125,996003
2001-10-31,7.249999046325684,17.9688720703125,17.719844818115234,17.821012496948242,1636705
2001-11-01,7.465283393859863,18.396886825561523,17.71206283569336,18.350194931030273,2342812
2001-11-02,7.591923713684082,18.684825897216797,18.101167678833008,18.661479949951172,1750427
2001-11-05,7.702731132507324,19.011672973632812,18.684825897216797,18.93385124206543,1586718
2001-11-06,7.807206630706787,19.276264190673828,18.731517791748047,19.19066047668457,1813135
2001-11-07,7.819870948791504,19.330738067626953,18.910505294799805,19.221790313720703,1165881
2001-11-08,7.591923713684082,19.330738067626953,18.54474639892578,18.661479949951172,1862993
2001-11-09,7.4684529304504395,18.48249053955078,18.0311279296875,18.35797691345215,2798473
2001-11-12,7.424127101898193,18.365758895874023,18.023345947265625,18.249027252197266,1105357
2001-11-13,7.455785751342773,18.443580627441406,18.132295608520508,18.326847076416016,995875
2001-11-14,7.424127101898193,18.43579864501953,17.98443603515625,18.249027252197266,1545855
2001-11-15,7.39563512802124,18.35797691345215,18.062257766723633,18.178987503051758,1087239
2001-11-16,7.382968425750732,18.365758895874023,17.914396286010742,18.147859573364258,1126431
2001-11-19,7.344981670379639,18.28793716430664,17.961088180541992,18.054475784301758,1318282
2001-11-20,7.341810703277588,18.124513626098633,17.813230514526367,18.046693801879883,1252618
2001-11-21,7.332314968109131,18.132295608520508,17.914396286010742,18.023345947265625,625924
2001-11-23,7.338648319244385,18.046693801879883,17.914396286010742,18.038911819458008,311484
2001-11-26,7.306991100311279,18.054475784301758,17.898832321166992,17.961088180541992,1016178
2001-11-27,7.186680793762207,17.859922409057617,17.571983337402344,17.66537094116211,931497
2001-11-28,7.202511310577393,17.883268356323242,17.618677139282227,17.704280853271484,1771758
2001-11-29,7.227835178375244,17.883268356323242,17.587549209594727,17.766536712646484,1743617
2001-11-30,7.272162437438965,17.929960250854492,17.603113174438477,17.875486373901367,2060754
2001-12-03,7.329151630401611,18.038911819458008,17.719844818115234,18.01556396484375,2237956
2001-12-04,7.3766398429870605,18.147859573364258,17.914396286010742,18.132295608520508,1936752
2001-12-05,7.367137908935547,18.22568130493164,18.01556396484375,18.108949661254883,1021832
2001-12-06,7.344981670379639,18.132295608520508,17.813230514526367,18.054475784301758,1542129
2001-12-07,7.373471260070801,18.132295608520508,17.906614303588867,18.124513626098633,1240154
2001-12-10,7.367137908935547,18.27237319946289,17.976654052734375,18.108949661254883,1224348
2001-12-11,7.237338542938232,18.19455337524414,17.72762680053711,17.78988265991211,1130929
2001-12-12,7.262664794921875,17.898832321166992,17.673152923583984,17.852140426635742,1189396
2001-12-13,7.420963287353516,18.4046688079834,17.74319076538086,18.24124526977539,1960524
2001-12-14,7.528603553771973,18.677043914794922,18.132295608520508,18.505836486816406,2496627
2001-12-17,7.528603553771973,18.63035011291504,18.31906509399414,18.505836486816406,1581578
2001-12-18,7.572927951812744,18.638132095336914,18.490272521972656,18.61478614807129,2119094
2001-12-19,7.6963934898376465,19.06614875793457,18.490272521972656,18.91828727722168,2347824
2001-12-20,7.674235820770264,19.042802810668945,18.365758895874023,18.863813400268555,1775870
2001-12-21,7.6014204025268555,18.910505294799805,18.64591407775879,18.684825897216797,2353478
2001-12-24,7.639411449432373,18.90272331237793,18.684825897216797,18.778209686279297,694029
2001-12-26,7.65524435043335,18.957197189331055,18.715953826904297,18.817121505737305,1286928
2001-12-27,7.658409118652344,18.87159538269043,18.677043914794922,18.82490348815918,1001272
2001-12-28,7.566594123840332,18.87159538269043,18.521400451660156,18.59922218322754,771257
2001-12-31,7.525434494018555,18.715953826904297,18.443580627441406,18.49805450439453,1386644
2002-01-02,7.550764560699463,18.61478614807129,18.28793716430664,18.56031036376953,1672428
2002-01-03,7.427295207977295,18.552528381347656,18.24124526977539,18.25680923461914,1488416
2002-01-04,7.35447883605957,18.3424129486084,18.007781982421875,18.077821731567383,1356318
2002-01-07,7.3766398429870605,18.186769485473633,17.937742233276367,18.132295608520508,1460788
2002-01-08,7.439957141876221,18.381322860717773,18.101167678833008,18.28793716430664,1600339
2002-01-09,7.408299922943115,18.653696060180664,18.093385696411133,18.21011734008789,1912851
2002-01-10,7.582423686981201,18.754863739013672,18.28793716430664,18.638132095336914,2361188
2002-01-11,7.617250442504883,18.832685470581055,18.653696060180664,18.723735809326172,1517842
2002-01-14,7.709063529968262,19.17509651184082,18.677043914794922,18.94941520690918,1960267
2002-01-15,7.819870948791504,19.291828155517578,19.027236938476562,19.221790313720703,2163683
2002-01-16,7.6963934898376465,19.361867904663086,18.894941329956055,18.91828727722168,1405533
2002-01-17,7.731223106384277,19.035018920898438,18.723735809326172,19.003890991210938,1353748
2002-01-18,7.728060245513916,19.252918243408203,18.91828727722168,18.996109008789062,2468485
2002-01-22,7.940175533294678,19.64202308654785,18.996109008789062,19.51750946044922,2002415
2002-01-23,7.899016380310059,19.525291442871094,19.299610137939453,19.41634178161621,1209699
2002-01-24,7.712228775024414,19.229572296142578,18.653696060180664,18.957197189331055,2329063
2002-01-25,7.667905807495117,18.957197189331055,18.700389862060547,18.848249435424805,1388057
2002-01-28,7.8705244064331055,19.447471618652344,18.778209686279297,19.346303939819336,2590817
2002-01-29,7.861027717590332,19.447471618652344,19.11284065246582,19.322956085205078,3339972
2002-01-30,7.900975704193115,19.447471618652344,19.019454956054688,19.237354278564453,3109186
2002-01-31,7.926544189453125,19.330738067626953,19.08171272277832,19.299610137939453,3069351
2002-02-01,7.85623025894165,19.284046173095703,18.988327026367188,19.12840461730957,913250
2002-02-04,7.795507431030273,19.252918243408203,18.85603141784668,18.980545043945312,1128744
2002-02-05,7.792306423187256,19.042802810668945,18.785991668701172,18.972763061523438,1735778
2002-02-06,7.654876708984375,18.94941520690918,18.49805450439453,18.638132095336914,2880071
2002-02-07,7.67085599899292,18.793773651123047,18.58365821838379,18.677043914794922,1549710
2002-02-08,7.658068656921387,18.669261932373047,18.30350112915039,18.64591407775879,1744773
2002-02-11,7.632497787475586,18.669261932373047,18.46692657470703,18.58365821838379,1192223
2002-02-12,7.555791854858398,18.661479949951172,18.28793716430664,18.396886825561523,1878284
2002-02-13,7.610128402709961,18.58365821838379,18.25680923461914,18.52918243408203,946916
2002-02-14,7.731578826904297,18.848249435424805,18.43579864501953,18.82490348815918,2043535
2002-02-15,7.667660236358643,18.87159538269043,18.61478614807129,18.669261932373047,1818018
2002-02-19,7.5014543533325195,18.59922218322754,18.217899322509766,18.264591217041016,1718559
2002-02-20,7.475887298583984,18.365758895874023,17.937742233276367,18.202335357666016,3137713
2002-02-21,7.568572044372559,18.552528381347656,18.19455337524414,18.428016662597656,2499197
2002-02-22,7.715604305267334,18.926069259643555,18.443580627441406,18.785991668701172,2328292
2002-02-25,7.721994876861572,18.996109008789062,18.747081756591797,18.801555633544922,1302990
2002-02-26,7.606928825378418,18.793773651123047,18.365758895874023,18.521400451660156,1481477
2002-02-27,7.543006420135498,18.591440200805664,18.264591217041016,18.365758895874023,1295923
2002-02-28,7.482276916503906,18.521400451660156,18.217899322509766,18.217899322509766,1281017
2002-03-01,7.562182903289795,18.443580627441406,18.085603713989258,18.412450790405273,1233343
2002-03-04,7.5046515464782715,18.521400451660156,18.140077590942383,18.27237319946289,2188484
2002-03-05,7.367213726043701,18.27237319946289,17.898832321166992,17.937742233276367,2951131
2002-03-06,7.447120666503906,18.280155181884766,17.98443603515625,18.132295608520508,1561789
2002-03-07,7.338445663452148,18.217899322509766,17.828794479370117,17.867704391479492,2211100
2002-03-08,7.303290367126465,17.976654052734375,17.782100677490234,17.782100677490234,2135028
2002-03-11,7.261739730834961,17.821012496948242,17.673152923583984,17.68093490600586,2006013
2002-03-12,7.300095558166504,17.9688720703125,17.64202308654785,17.77431869506836,2276635
2002-03-13,7.223387241363525,17.929960250854492,17.408559799194336,17.587549209594727,3061256
2002-03-14,7.34484338760376,17.961088180541992,17.68093490600586,17.883268356323242,2332147
2002-03-15,7.408768653869629,18.132295608520508,17.828794479370117,18.038911819458008,2525796
2002-03-18,7.280916213989258,18.747081756591797,17.66537094116211,17.72762680053711,1697614
2002-03-19,7.332059860229492,18.046693801879883,17.750972747802734,17.852140426635742,1594171
2002-03-20,7.370409965515137,18.124513626098633,17.821012496948242,17.945524215698242,1907711
2002-03-21,7.530220985412598,18.3424129486084,17.914396286010742,18.33462905883789,2105987
2002-03-22,7.584555625915527,18.51361846923828,18.28793716430664,18.46692657470703,1469398
2002-03-25,7.574965953826904,18.59922218322754,18.249027252197266,18.443580627441406,2581822
2002-03-26,7.664461135864258,18.677043914794922,18.52918243408203,18.661479949951172,1660734
2002-03-27,7.654876708984375,18.785991668701172,18.59922218322754,18.638132095336914,1817761
2002-03-28,7.750759124755859,19.058366775512695,18.684825897216797,18.87159538269043,2934041
2002-04-01,7.741168975830078,18.94941520690918,18.677043914794922,18.848249435424805,2981586
2002-04-02,7.837055206298828,19.12840461730957,18.762645721435547,19.08171272277832,2847046
2002-04-03,7.926544189453125,19.361867904663086,19.19066047668457,19.299610137939453,3314529
2002-04-04,8.195026397705078,20.007781982421875,19.299610137939453,19.953306198120117,7295716
2002-04-05,8.118317604064941,19.945524215698242,19.603113174438477,19.766536712646484,1962452
2002-04-08,8.038416862487793,19.673152923583984,19.45525360107422,19.571983337402344,1712263
2002-04-09,8.000059127807617,19.6264591217041,19.392995834350586,19.478599548339844,3002531
2002-04-10,8.054394721984863,19.719844818115234,19.41634178161621,19.61089515686035,4389817
2002-04-11,7.987274646759033,19.634241104125977,19.41634178161621,19.447471618652344,1755824
2002-04-12,8.022435188293457,19.61089515686035,19.42412567138672,19.53307342529297,2102003
2002-04-15,7.920156478881836,19.571983337402344,19.260700225830078,19.284046173095703,1685021
2002-04-16,7.926544189453125,19.377431869506836,19.19066047668457,19.299610137939453,1353234
2002-04-17,7.923355579376221,19.346303939819336,19.198444366455078,19.291828155517578,954626
2002-04-18,7.984081745147705,19.494163513183594,19.276264190673828,19.43968963623047,3281248
2002-04-19,7.990471839904785,19.494163513183594,19.338520050048828,19.45525360107422,1113838
2002-04-22,7.984081745147705,19.45525360107422,19.41634178161621,19.43968963623047,1552666
2002-04-23,7.9361371994018555,19.53307342529297,19.299610137939453,19.322956085205078,1896660
2002-04-24,7.843447208404541,19.45525360107422,18.988327026367188,19.09727668762207,3349481
2002-04-25,7.964902877807617,19.41634178161621,19.06614875793457,19.392995834350586,2227676
2002-04-26,7.859431743621826,19.431907653808594,19.073930740356445,19.136186599731445,2101104
2002-04-29,7.817876815795898,19.206226348876953,18.926069259643555,19.035018920898438,1707251
2002-04-30,7.8306660652160645,19.06614875793457,18.793773651123047,19.06614875793457,2600069
2002-05-01,7.906503677368164,19.11284065246582,18.87159538269043,19.06614875793457,2280233
2002-05-02,7.890365123748779,19.136186599731445,18.957197189331055,19.027236938476562,1946518
2002-05-03,7.896819114685059,19.105058670043945,18.88715934753418,19.042802810668945,2366071
2002-05-06,7.896819114685059,19.08171272277832,18.957197189331055,19.042802810668945,1860680
2002-05-07,7.900047779083252,19.11284065246582,18.926069259643555,19.05058479309082,3055473
2002-05-08,7.896819114685059,19.182878494262695,18.94941520690918,19.042802810668945,1991236
2002-05-09,7.877460479736328,19.105058670043945,18.910505294799805,18.996109008789062,1400907
2002-05-10,7.906503677368164,19.105058670043945,18.941633224487305,19.06614875793457,4906644
2002-05-13,7.906503677368164,19.17509651184082,18.988327026367188,19.06614875793457,2598656
2002-05-14,7.8742265701293945,19.105058670043945,18.980545043945312,18.988327026367188,2947019
2002-05-15,7.909727096557617,19.105058670043945,18.980545043945312,19.073930740356445,2844348
2002-05-16,7.912954807281494,19.17509651184082,19.035018920898438,19.08171272277832,1464386
2002-05-17,7.906503677368164,19.105058670043945,18.988327026367188,19.06614875793457,1313270
2002-05-20,7.890365123748779,19.06614875793457,18.879377365112305,19.027236938476562,1429306
2002-05-21,7.893590927124023,19.19066047668457,18.94941520690918,19.035018920898438,3750144
2002-05-22,8.003310203552246,19.338520050048828,19.06614875793457,19.299610137939453,10608189
2002-05-23,8.051718711853027,19.463035583496094,19.268482208251953,19.41634178161621,3275465
2002-05-24,7.990407943725586,19.494163513183594,19.214008331298828,19.268482208251953,1497025
2002-05-28,7.993634223937988,19.377431869506836,19.06614875793457,19.276264190673828,2054201
2002-05-29,8.058180809020996,19.48638153076172,19.06614875793457,19.431907653808594,3291656
2002-05-30,7.948454856872559,19.603113174438477,18.863813400268555,19.167314529418945,3774302
2002-05-31,7.941995143890381,19.284046173095703,19.011672973632812,19.151750564575195,2835867
2002-06-03,7.819368839263916,19.221790313720703,18.832685470581055,18.85603141784668,1329847
2002-06-04,7.858092308044434,19.027236938476562,18.692607879638672,18.94941520690918,1984168
2002-06-05,7.980724811553955,19.252918243408203,18.88715934753418,19.245136260986328,2057028
2002-06-06,7.829048156738281,19.245136260986328,18.778209686279297,18.879377365112305,1384845
2002-06-07,7.929088115692139,19.198444366455078,18.848249435424805,19.120622634887695,1368782
2002-06-10,7.990407943725586,19.36964988708496,19.08171272277832,19.268482208251953,1036352
2002-06-11,8.01944637298584,19.61089515686035,19.260700225830078,19.338520050048828,1678853
2002-06-12,8.029134750366211,19.45525360107422,19.19066047668457,19.361867904663086,1290654
2002-06-13,7.893590927124023,19.377431869506836,18.94941520690918,19.035018920898438,1219851
2002-06-14,7.841957092285156,19.058366775512695,18.677043914794922,18.910505294799805,1271508
2002-06-17,8.064629554748535,19.447471618652344,18.996109008789062,19.447471618652344,1328433
2002-06-18,8.038818359375,19.447471618652344,19.182878494262695,19.38521385192871,1454749
2002-06-19,8.171126365661621,19.782100677490234,19.330738067626953,19.704280853271484,2659565
2002-06-20,8.26148509979248,20.116731643676758,19.649805068969727,19.922178268432617,2333689
2002-06-21,8.300209999084473,20.077821731567383,19.688716888427734,20.01556396484375,2908726
2002-06-24,8.255033493041992,20.155641555786133,19.766536712646484,19.906614303588867,2776243
2002-06-25,8.032360076904297,20.217899322509766,19.291828155517578,19.36964988708496,2535177
2002-06-26,8.442203521728516,20.428016662597656,19.198444366455078,20.35797691345215,4804101
2002-06-27,8.710058212280273,21.11284065246582,20.412450790405273,21.003890991210938,5690623
2002-06-28,8.923051834106445,21.51750946044922,20.700389862060547,21.51750946044922,5217357
2002-07-01,8.690690994262695,21.167314529418945,20.770427703857422,20.957197189331055,4196296
2002-07-02,8.64874267578125,21.05058479309082,20.57587432861328,20.85603141784668,2871461
2002-07-03,8.639063835144043,20.964981079101562,20.58365821838379,20.832685470581055,2409118
2002-07-05,8.613247871398926,20.817121505737305,20.48249053955078,20.770427703857422,1483533
2002-07-08,8.587430000305176,20.926069259643555,20.57587432861328,20.708171844482422,2037624
2002-07-09,8.66810417175293,20.988327026367188,20.677043914794922,20.90272331237793,3102504
2002-07-10,8.645511627197266,21.12840461730957,20.622568130493164,20.848249435424805,3705041
2002-07-11,8.377663612365723,20.926069259643555,19.66537094116211,20.202335357666016,6103108
2002-07-12,8.18403434753418,20.22568130493164,19.48638153076172,19.735408782958984,2837280
2002-07-15,7.890365123748779,19.64202308654785,18.3735408782959,19.027236938476562,4493774
2002-07-16,7.712873458862305,19.08171272277832,18.505836486816406,18.59922218322754,5386720
2002-07-17,7.990407943725586,19.47081756591797,18.817121505737305,19.268482208251953,2980815
2002-07-18,7.664462089538574,19.54863739013672,18.365758895874023,18.48249053955078,4434021
2002-07-19,7.080352306365967,18.249027252197266,16.653696060180664,17.073930740356445,6604386
2002-07-22,7.07712459564209,17.120622634887695,16.264591217041016,17.06614875793457,6031148
2002-07-23,7.3191633224487305,17.74319076538086,16.957197189331055,17.649805068969727,6423844
2002-07-24,7.4547014236450195,18.140077590942383,17.206226348876953,17.976654052734375,5220313
2002-07-25,7.8258233070373535,19.14396858215332,17.906614303588867,18.87159538269043,3506380
2002-07-26,7.932315826416016,19.245136260986328,18.64591407775879,19.12840461730957,2529523
2002-07-29,8.01944637298584,19.53307342529297,18.996109008789062,19.338520050048828,2832654
2002-07-30,7.922635555267334,19.268482208251953,18.894941329956055,19.105058670043945,3630639
2002-07-31,8.181672096252441,19.540855407714844,18.988327026367188,19.540855407714844,3401267
2002-08-01,8.064373970031738,19.634241104125977,19.08171272277832,19.260700225830078,2397553
2002-08-02,8.077409744262695,19.61089515686035,18.996109008789062,19.291828155517578,2070135
2002-08-05,7.904712677001953,19.494163513183594,18.879377365112305,18.879377365112305,1427764
2002-08-06,7.976400375366211,19.377431869506836,18.910505294799805,19.05058479309082,2651469
2002-08-07,8.106733322143555,19.41634178161621,18.964981079101562,19.361867904663086,1670757
2002-08-08,8.184932708740234,19.5953311920166,19.019454956054688,19.54863739013672,2046362
2002-08-09,8.338074684143066,20.077821731567383,19.38521385192871,19.914396286010742,2199663
2002-08-12,8.295717239379883,20.077821731567383,19.525291442871094,19.813230514526367,1694016
2002-08-13,8.3804292678833,20.30350112915039,19.556419372558594,20.01556396484375,2160214
2002-08-14,8.530315399169922,20.4046688079834,19.782100677490234,20.3735408782959,2505236
2002-08-15,8.354365348815918,20.381322860717773,19.688716888427734,19.953306198120117,2733709
2002-08-16,8.399984359741211,20.233463287353516,19.766536712646484,20.062257766723633,1926472
2002-08-19,8.426045417785645,20.147859573364258,19.766536712646484,20.124513626098633,1236170
2002-08-20,8.406500816345215,20.233463287353516,19.844358444213867,20.077821731567383,1305175
2002-08-21,8.416271209716797,20.233463287353516,19.844358444213867,20.101167678833008,1564102
2002-08-22,8.536833763122559,20.45136260986328,19.953306198120117,20.38910484313965,1544313
2002-08-23,8.54660701751709,20.58365821838379,20.295719146728516,20.412450790405273,1956669
2002-08-26,8.530315399169922,20.58365821838379,20.116731643676758,20.3735408782959,1173719
2002-08-27,8.745367050170898,20.957197189331055,20.077821731567383,20.88715934753418,3108929
2002-08-28,8.667165756225586,20.964981079101562,20.607004165649414,20.700389862060547,2711222
2002-08-29,8.487953186035156,20.661479949951172,20.054475784301758,20.27237319946289,2267897
2002-08-30,8.566157341003418,20.661479949951172,20.27237319946289,20.459144592285156,1475309
2002-09-03,8.272910118103027,20.30350112915039,19.75875473022461,19.75875473022461,2463988
2002-09-04,8.341331481933594,20.140077590942383,19.72762680053711,19.922178268432617,2488917
2002-09-05,8.367399215698242,20.22568130493164,19.6575870513916,19.98443603515625,2253376
2002-09-06,8.308749198913574,20.155641555786133,19.844358444213867,19.844358444213867,1755439
2002-09-09,8.292457580566406,20.116731643676758,19.704280853271484,19.80544662475586,2127703
2002-09-10,8.272910118103027,19.844358444213867,19.45525360107422,19.75875473022461,2253633
2002-09-11,8.325039863586426,19.976654052734375,19.72762680053711,19.883268356323242,737976
2002-09-12,8.178417205810547,19.797664642333984,19.41634178161621,19.53307342529297,1536989
2002-09-13,8.263134002685547,19.797664642333984,19.346303939819336,19.735408782958984,2225749
2002-09-16,8.435827255249023,20.155641555786133,19.509727478027344,20.147859573364258,2106758
2002-09-17,8.514020919799805,20.505836486816406,19.976654052734375,20.33462905883789,3214428
2002-09-18,8.474924087524414,20.38910484313965,20.023345947265625,20.24124526977539,1683350
2002-09-19,8.061114311218262,20.249027252197266,19.245136260986328,19.252918243408203,3979645
2002-09-20,8.038309097290039,19.431907653808594,19.06614875793457,19.198444366455078,4416545
2002-09-23,7.982917308807373,19.338520050048828,18.894941329956055,19.06614875793457,2252605
2002-09-24,7.989429473876953,19.206226348876953,18.762645721435547,19.08171272277832,2524640
2002-09-25,8.28919792175293,19.961088180541992,18.957197189331055,19.797664642333984,2906670
2002-09-26,8.439083099365234,20.19455337524414,19.69649887084961,20.155641555786133,2111384
2002-09-27,8.201224327087402,20.124513626098633,19.392995834350586,19.587549209594727,2178332
2002-09-30,8.096953392028809,19.56420135498047,18.926069259643555,19.338520050048828,1924801
2002-10-01,8.253355026245117,19.71206283569336,19.221790313720703,19.71206283569336,2692332
2002-10-02,7.947075366973877,19.766536712646484,18.48249053955078,18.980545043945312,3241156
2002-10-03,8.028531074523926,19.53307342529297,19.167314529418945,19.17509651184082,3430565
2002-10-04,7.989429473876953,19.48638153076172,18.793773651123047,19.08171272277832,2527852
2002-10-07,8.074148178100586,19.43968963623047,19.105058670043945,19.284046173095703,2756454
2002-10-08,8.08066177368164,19.688716888427734,19.268482208251953,19.299610137939453,3550198
2002-10-09,7.816741466522217,19.260700225830078,18.591440200805664,18.669261932373047,3651970
2002-10-10,7.816741466522217,19.035018920898438,18.48249053955078,18.669261932373047,1987638
2002-10-11,7.829771995544434,18.910505294799805,18.57587432861328,18.700389862060547,2350522
2002-10-14,7.904712677001953,19.035018920898438,18.708171844482422,18.879377365112305,1605736
2002-10-15,8.048083305358887,19.315174102783203,18.941633224487305,19.221790313720703,3177034
2002-10-16,7.986174583435059,19.346303939819336,18.87159538269043,19.073930740356445,2370054
2002-10-17,7.947075366973877,19.377431869506836,18.90272331237793,18.980545043945312,1744388
2002-10-18,8.145829200744629,19.45525360107422,18.817121505737305,19.45525360107422,1864664
2002-10-21,8.197965621948242,19.74319076538086,19.260700225830078,19.57976722717285,1956541
2002-10-22,8.227290153503418,19.766536712646484,19.346303939819336,19.649805068969727,2219067
2002-10-23,8.116514205932617,19.540855407714844,19.08171272277832,19.38521385192871,1929042
2002-10-24,7.940557956695557,19.45525360107422,18.87159538269043,18.964981079101562,2459876
2002-10-25,7.956850528717041,19.167314529418945,18.817121505737305,19.003890991210938,1581193
2002-10-28,7.855838298797607,19.221790313720703,18.669261932373047,18.762645721435547,1534162
2002-10-29,8.025276184082031,19.19066047668457,18.52918243408203,19.167314529418945,1856568
2002-10-30,7.971952438354492,19.05058479309082,18.638132095336914,18.848249435424805,2233202
2002-10-31,7.9818267822265625,18.90272331237793,18.61478614807129,18.87159538269043,2303491
2002-11-01,8.067403793334961,19.182878494262695,18.677043914794922,19.073930740356445,1684250
2002-11-04,8.060822486877441,19.361867904663086,18.910505294799805,19.058366775512695,2091723
2002-11-05,8.176020622253418,19.53307342529297,19.06614875793457,19.330738067626953,1939322
2002-11-06,8.202352523803711,19.48638153076172,19.08171272277832,19.392995834350586,2369797
2002-11-07,8.162853240966797,19.447471618652344,19.105058670043945,19.299610137939453,1221778
2002-11-08,8.106903076171875,19.571983337402344,19.105058670043945,19.167314529418945,1253004
2002-11-11,8.031198501586914,19.19066047668457,18.926069259643555,18.988327026367188,1265725
2002-11-12,7.86004114151001,19.17509651184082,18.365758895874023,18.58365821838379,2425952
2002-11-13,7.925869464874268,18.941633224487305,18.443580627441406,18.739299774169922,2198635
2002-11-14,8.083861351013184,19.17509651184082,18.80933952331543,19.11284065246582,1474795
2002-11-15,8.159565925598145,19.307392120361328,18.94941520690918,19.291828155517578,1609977
2002-11-18,7.899538993835449,19.252918243408203,18.677043914794922,18.677043914794922,2978116
2002-11-19,8.014741897583008,18.980545043945312,18.622568130493164,18.94941520690918,2602125
2002-11-20,8.126649856567383,19.377431869506836,18.848249435424805,19.214008331298828,2150448
2002-11-21,8.136524200439453,19.431907653808594,19.05058479309082,19.237354278564453,2563832
2002-11-22,8.136524200439453,19.41634178161621,19.136186599731445,19.237354278564453,1972603
2002-11-25,8.064114570617676,19.35408592224121,19.035018920898438,19.06614875793457,2264170
2002-11-26,8.024612426757812,19.299610137939453,18.82490348815918,18.972763061523438,2103674
2002-11-27,8.100314140319824,19.229572296142578,18.879377365112305,19.151750564575195,1427635
2002-11-29,8.021322250366211,19.14396858215332,18.879377365112305,18.964981079101562,1510261
2002-12-02,8.004864692687988,19.15953254699707,18.715953826904297,18.926069259643555,2159057
2002-12-03,8.011446952819824,19.09727668762207,18.910505294799805,18.941633224487305,1357089
2002-12-04,7.9982829093933105,19.136186599731445,18.770427703857422,18.910505294799805,2031328
2002-12-05,7.968658924102783,19.09727668762207,18.739299774169922,18.84046745300293,1714319
2002-12-06,7.994993209838867,19.027236938476562,18.715953826904297,18.90272331237793,1764305
2002-12-09,7.93903923034668,18.988327026367188,18.715953826904297,18.770427703857422,2133229
2002-12-10,7.9982829093933105,18.910505294799805,18.692607879638672,18.910505294799805,1380090
2002-12-11,8.027908325195312,19.058366775512695,18.64591407775879,18.980545043945312,2483263
2002-12-12,7.988408088684082,19.08171272277832,18.770427703857422,18.88715934753418,1775870
2002-12-13,8.067403793334961,19.14396858215332,18.754863739013672,19.073930740356445,2932242
2002-12-16,8.185896873474121,19.361867904663086,19.003890991210938,19.35408592224121,2550211
2002-12-17,8.014741897583008,19.315174102783203,18.941633224487305,18.94941520690918,2421197
2002-12-18,8.120068550109863,19.338520050048828,18.832685470581055,19.198444366455078,2666118
2002-12-19,8.14639949798584,19.284046173095703,18.87159538269043,19.260700225830078,3423112
2002-12-20,8.248434066772461,19.56420135498047,19.182878494262695,19.50194549560547,4009971
2002-12-23,8.376803398132324,19.836576461791992,19.478599548339844,19.80544662475586,2344997
2002-12-24,8.347179412841797,19.80544662475586,19.587549209594727,19.735408782958984,840390
2002-12-26,8.376803398132324,19.961088180541992,19.66537094116211,19.80544662475586,1540972
2002-12-27,8.291223526000977,19.883268356323242,19.50194549560547,19.603113174438477,1495869
2002-12-30,8.327427864074707,19.797664642333984,19.57976722717285,19.688716888427734,1994320
2002-12-31,8.231976509094238,19.78988265991211,19.221790313720703,19.463035583496094,2432120
2003-01-02,8.436049461364746,19.961088180541992,19.571983337402344,19.945524215698242,2701456
2003-01-03,8.505170822143555,20.116731643676758,19.828794479370117,20.108949661254883,2171008
2003-01-06,8.640124320983887,20.46692657470703,19.937742233276367,20.428016662597656,2641832
2003-01-07,8.528209686279297,20.350194931030273,20.0311279296875,20.163423538208008,2208658
2003-01-08,8.459091186523438,20.24124526977539,19.883268356323242,20.0,1696457
2003-01-09,8.610495567321777,20.35797691345215,19.976654052734375,20.35797691345215,1336657
2003-01-10,8.485424041748047,20.249027252197266,19.898832321166992,20.062257766723633,1782552
2003-01-13,8.574288368225098,20.33462905883789,20.116731643676758,20.27237319946289,1619871
2003-01-14,8.587454795837402,20.311283111572266,20.077821731567383,20.30350112915039,1191966
2003-01-15,8.416299819946289,20.365758895874023,19.844358444213867,19.898832321166992,1951786
2003-01-16,8.459091186523438,20.28793716430664,19.922178268432617,20.0,1787949
2003-01-17,8.439336776733398,20.155641555786133,19.922178268432617,19.953306198120117,1389085
2003-01-21,8.459091186523438,20.25680923461914,20.0,20.0,1719587
2003-01-22,8.436049461364746,20.22568130493164,19.859922409057617,19.945524215698242,1934567
2003-01-23,8.389966011047363,20.070039749145508,19.750972747802734,19.836576461791992,1437144
2003-01-24,8.261603355407715,19.844358444213867,19.478599548339844,19.53307342529297,1526837
2003-01-27,8.195769309997559,19.571983337402344,19.15953254699707,19.377431869506836,1977743
2003-01-28,8.133232116699219,19.447471618652344,19.182878494262695,19.229572296142578,1709436
2003-01-29,7.966322422027588,19.237354278564453,18.552528381347656,18.64591407775879,4426054
2003-01-30,8.062748908996582,18.87159538269043,18.59922218322754,18.87159538269043,2868506
2003-01-31,8.155839920043945,19.245136260986328,18.692607879638672,19.089494705200195,2205831
2003-02-03,8.17579174041748,19.214008331298828,18.988327026367188,19.136186599731445,1592886
2003-02-04,8.179115295410156,19.198444366455078,18.762645721435547,19.14396858215332,1903984
2003-02-05,8.12259578704834,19.38521385192871,18.91828727722168,19.011672973632812,1376364
2003-02-06,8.119268417358398,19.105058670043945,18.82490348815918,19.003890991210938,1504992
2003-02-07,8.089344024658203,19.14396858215332,18.832685470581055,18.93385124206543,976214
2003-02-10,8.12259578704834,19.027236938476562,18.770427703857422,19.011672973632812,1300163
2003-02-11,7.999575614929199,19.035018920898438,18.59922218322754,18.723735809326172,1165110
2003-02-12,7.916455268859863,18.90272331237793,18.52918243408203,18.52918243408203,1342568
2003-02-13,8.016197204589844,18.87159538269043,18.45136260986328,18.762645721435547,1169093
2003-02-14,8.072717666625977,18.988327026367188,18.56031036376953,18.894941329956055,1362229
2003-02-18,8.039472579956055,19.12840461730957,18.770427703857422,18.817121505737305,1550995
2003-02-19,7.966322422027588,18.87159538269043,18.59922218322754,18.64591407775879,1428278
2003-02-20,7.796760082244873,18.715953826904297,18.21011734008789,18.249027252197266,2873132
2003-02-21,7.790111541748047,18.28793716430664,17.937742233276367,18.233463287353516,2383290
2003-02-24,7.68704080581665,18.264591217041016,17.937742233276367,17.992218017578125,1803369
2003-02-25,7.786782264709473,18.249027252197266,17.836576461791992,18.22568130493164,2010511
2003-02-26,7.660437107086182,18.21011734008789,17.828794479370117,17.929960250854492,1884581
2003-02-27,7.647143363952637,18.093385696411133,17.75875473022461,17.898832321166992,2068850
2003-02-28,7.670414447784424,18.101167678833008,17.852140426635742,17.953306198120117,2222793
2003-03-03,7.627193450927734,18.124513626098633,17.77431869506836,17.852140426635742,1901543
2003-03-04,7.4975199699401855,17.898832321166992,17.43968963623047,17.54863739013672,2020919
2003-03-05,7.384476661682129,17.509727478027344,17.042802810668945,17.284046173095703,3184616
2003-03-06,7.221560001373291,17.198444366455078,16.848249435424805,16.90272331237793,3536449
2003-03-07,7.228212356567383,17.011672973632812,16.692607879638672,16.91828727722168,3172280
2003-03-10,7.075264930725098,16.894941329956055,16.56031036376953,16.56031036376953,2827771
2003-03-11,7.1151652336120605,16.85603141784668,16.591440200805664,16.653696060180664,2714691
2003-03-12,7.145091533660889,16.754863739013672,16.459144592285156,16.723735809326172,3871448
2003-03-13,6.649689197540283,16.84046745300293,15.55642032623291,15.564202308654785,7701390
2003-03-14,6.865803241729736,16.443580627441406,15.657588005065918,16.070039749145508,4856272
2003-03-17,7.028716564178467,16.46692657470703,15.891051292419434,16.45136260986328,2765063
2003-03-18,7.065293312072754,16.669261932373047,16.264591217041016,16.536964416503906,3890080
2003-03-19,7.191638469696045,16.996109008789062,16.568092346191406,16.832685470581055,3077190
2003-03-20,7.1151652336120605,16.801555633544922,16.35797691345215,16.653696060180664,2653397
2003-03-21,7.421049118041992,17.408559799194336,16.88715934753418,17.36964988708496,2512432
2003-03-24,7.1982855796813965,17.120622634887695,16.731517791748047,16.848249435424805,2244895
2003-03-25,7.2581329345703125,17.151750564575195,16.80933952331543,16.988327026367188,2087225
2003-03-26,7.15839147567749,17.15953254699707,16.715953826904297,16.754863739013672,2361445
2003-03-27,7.141765117645264,16.80933952331543,16.186769485473633,16.715953826904297,3008571
2003-03-28,6.533314228057861,16.723735809326172,13.81322956085205,15.291829109191895,23713904
2003-03-31,6.6762847900390625,15.719843864440918,15.073929786682129,15.626459121704102,5425527
2003-04-01,6.73613166809082,15.891051292419434,15.626459121704102,15.766536712646484,3909227
2003-04-02,6.942271709442139,16.38910484313965,15.875486373901367,16.249027252197266,6162346
2003-04-03,6.919002056121826,16.42023277282715,16.01556396484375,16.19455337524414,3582966
2003-04-04,6.8192524909973145,16.147859573364258,15.727625846862793,15.961089134216309,4945965
2003-04-07,6.919002056121826,16.3424129486084,16.070039749145508,16.19455337524414,3519358
2003-04-08,6.9854960441589355,16.396886825561523,16.054475784301758,16.350194931030273,2662649
2003-04-09,6.938946723937988,16.591440200805664,16.19455337524414,16.24124526977539,2434047
2003-04-10,6.865803241729736,16.3424129486084,16.023345947265625,16.070039749145508,3236401
2003-04-11,6.865803241729736,16.3735408782959,16.0,16.070039749145508,1949088
2003-04-14,6.978847026824951,16.396886825561523,16.070039749145508,16.33462905883789,1485460
2003-04-15,7.048671245574951,16.622568130493164,16.108949661254883,16.49805450439453,3685252
2003-04-16,6.965548992156982,16.894941329956055,16.22568130493164,16.30350112915039,3151848
2003-04-17,7.025397777557373,16.443580627441406,16.178987503051758,16.443580627441406,2397810
2003-04-21,6.988823413848877,16.552528381347656,16.19455337524414,16.35797691345215,1700826
2003-04-22,7.15839147567749,16.754863739013672,16.19455337524414,16.754863739013672,3263772
2003-04-23,7.214913845062256,16.926069259643555,16.622568130493164,16.88715934753418,3076933
2003-04-24,7.075264930725098,16.848249435424805,16.49805450439453,16.56031036376953,3051618
2003-04-25,7.012099742889404,16.731517791748047,16.381322860717773,16.412450790405273,2299508
2003-04-28,7.1384406089782715,16.785991668701172,16.42023277282715,16.708171844482422,2163041
2003-04-29,7.274755477905273,17.042802810668945,16.715953826904297,17.027236938476562,2054972
2003-04-30,7.062220096588135,16.80933952331543,16.3424129486084,16.3424129486084,3978231
2003-05-01,7.166471004486084,16.63035011291504,16.155641555786133,16.58365821838379,1916706
2003-05-02,7.216918468475342,16.793773651123047,16.3424129486084,16.700389862060547,2829699
2003-05-05,7.237092971801758,17.08171272277832,16.51361846923828,16.747081756591797,3290114
2003-05-06,7.307713031768799,16.94941520690918,16.731517791748047,16.910505294799805,2256332
2003-05-07,7.294264316558838,17.09727668762207,16.739299774169922,16.879377365112305,2049318
2003-05-08,7.35143518447876,17.042802810668945,16.80933952331543,17.011672973632812,2139140
2003-05-09,7.448960304260254,17.43968963623047,17.06614875793457,17.237354278564453,2061911
2003-05-12,7.411971569061279,17.35408592224121,17.14396858215332,17.151750564575195,2545457
2003-05-13,7.368246555328369,17.237354278564453,17.003890991210938,17.05058479309082,1458989
2003-05-14,7.3110785484313965,17.260700225830078,16.85603141784668,16.91828727722168,1990079
2003-05-15,7.277450084686279,16.957197189331055,16.747081756591797,16.84046745300293,2113440
2003-05-16,7.3110785484313965,17.08171272277832,16.84046745300293,16.91828727722168,1529150
2003-05-19,7.274086952209473,16.964981079101562,16.739299774169922,16.832685470581055,1546755
2003-05-20,7.274086952209473,17.06614875793457,16.57587432861328,16.832685470581055,3861425
2003-05-21,7.341343402862549,17.003890991210938,16.653696060180664,16.988327026367188,2260058
2003-05-22,7.4792256355285645,17.392995834350586,16.988327026367188,17.307392120361328,2142866
2003-05-23,7.738173961639404,18.0311279296875,17.361867904663086,17.906614303588867,3566903
2003-05-27,8.020659446716309,18.56031036376953,17.929960250854492,18.56031036376953,4450341
2003-05-28,8.054295539855957,18.793773651123047,18.45136260986328,18.638132095336914,3887382
2003-05-29,8.07783317565918,18.770427703857422,18.52918243408203,18.692607879638672,3329692
2003-05-30,8.161906242370605,18.910505294799805,18.677043914794922,18.88715934753418,3204790
2003-06-02,8.1719970703125,19.011672973632812,18.793773651123047,18.910505294799805,2540188
2003-06-03,8.158544540405273,18.972763061523438,18.793773651123047,18.879377365112305,2729983
2003-06-04,8.21235179901123,19.06614875793457,18.85603141784668,19.003890991210938,2151219
2003-06-05,8.356958389282227,19.447471618652344,18.980545043945312,19.338520050048828,2191696
2003-06-06,8.43766975402832,19.673152923583984,19.361867904663086,19.525291442871094,3059457
2003-06-09,8.390586853027344,19.634241104125977,19.35408592224121,19.41634178161621,2539417
2003-06-10,8.279609680175781,19.447471618652344,19.019454956054688,19.15953254699707,2552139
2003-06-11,8.377140045166016,19.45525360107422,19.089494705200195,19.38521385192871,2652883
2003-06-12,8.454486846923828,19.634241104125977,19.338520050048828,19.56420135498047,2224335
2003-06-13,8.474661827087402,19.69649887084961,19.478599548339844,19.61089515686035,1800285
2003-06-16,8.541922569274902,19.766536712646484,19.571983337402344,19.766536712646484,1805425
2003-06-17,8.545286178588867,19.953306198120117,19.61089515686035,19.77431869506836,1723442
2003-06-18,8.474661827087402,19.80544662475586,19.525291442871094,19.61089515686035,2068464
2003-06-19,8.363688468933105,19.66537094116211,19.268482208251953,19.35408592224121,2349880
2003-06-20,8.299786567687988,19.35408592224121,19.206226348876953,19.206226348876953,4039783
2003-06-23,8.175357818603516,19.06614875793457,18.80933952331543,18.91828727722168,2036211
2003-06-24,8.272882461547852,19.260700225830078,18.957197189331055,19.14396858215332,1816605
2003-06-25,8.108099937438965,19.322956085205078,18.762645721435547,18.762645721435547,2015908
2003-06-26,8.003849983215332,18.770427703857422,18.186769485473633,18.521400451660156,4036442
2003-06-27,7.983672142028809,18.568092346191406,18.3735408782959,18.474708557128906,1788592
2003-06-30,7.93658971786499,18.505836486816406,18.280155181884766,18.365758895874023,2013209
2003-07-01,7.990398406982422,18.552528381347656,18.147859573364258,18.490272521972656,3029388
2003-07-02,7.970216274261475,18.505836486816406,18.077821731567383,18.443580627441406,2572185
2003-07-03,7.849152565002441,18.27237319946289,18.108949661254883,18.163423538208008,1239126
2003-07-07,7.913046836853027,18.38910484313965,18.178987503051758,18.311283111572266,2171265
2003-07-08,7.9231390953063965,18.381322860717773,18.178987503051758,18.33462905883789,2011539
2003-07-09,7.8895111083984375,18.35797691345215,18.171205520629883,18.25680923461914,1743745
2003-07-10,7.862606525421143,18.249027252197266,18.108949661254883,18.19455337524414,1269837
2003-07-11,7.92650032043457,18.4046688079834,18.062257766723633,18.3424129486084,2319297
2003-07-14,7.8693318367004395,18.48249053955078,18.163423538208008,18.21011734008789,2508063
2003-07-15,7.808795928955078,18.217899322509766,18.0,18.070039749145508,2874931
2003-07-16,7.707910060882568,18.202335357666016,17.66537094116211,17.836576461791992,3484792
2003-07-17,7.751626491546631,17.976654052734375,17.735408782958984,17.937742233276367,3030287
2003-07-18,7.8693318367004395,18.264591217041016,17.906614303588867,18.21011734008789,2827129
2003-07-21,7.728086471557617,18.116731643676758,17.78988265991211,17.883268356323242,2177304
2003-07-22,7.845791816711426,18.280155181884766,17.836576461791992,18.155641555786133,1970290
2003-07-23,7.8592424392700195,18.280155181884766,17.976654052734375,18.186769485473633,1260200
2003-07-24,7.798709869384766,18.280155181884766,17.98443603515625,18.046693801879883,1907839
2003-07-25,7.8188862800598145,18.21011734008789,17.98443603515625,18.093385696411133,1837293
2003-07-28,7.802074909210205,18.19455337524414,17.976654052734375,18.054475784301758,1863764
2003-07-29,7.876054286956787,18.365758895874023,17.937742233276367,18.22568130493164,3160201
2003-07-30,7.861781597137451,18.202335357666016,17.852140426635742,18.0,1796687
2003-07-31,7.657843112945557,17.922178268432617,17.50194549560547,17.53307342529297,3498413
2003-08-01,7.528683662414551,17.5953311920166,17.15953254699707,17.237354278564453,2817620
2003-08-04,7.623855113983154,17.47081756591797,17.12840461730957,17.45525360107422,2017578
2003-08-05,7.600062847137451,17.51750946044922,17.089494705200195,17.40077781677246,1910024
2003-08-06,7.6408491134643555,17.5953311920166,17.268482208251953,17.494163513183594,1703268
2003-08-07,7.705431938171387,17.688716888427734,17.36964988708496,17.64202308654785,1746187
2003-08-08,7.708826541900635,17.74319076538086,17.618677139282227,17.649805068969727,1686691
2003-08-11,7.647645950317383,17.72762680053711,17.47081756591797,17.509727478027344,1387800
2003-08-12,7.6408491134643555,17.6264591217041,17.35408592224121,17.494163513183594,1690675
2003-08-13,7.569469928741455,17.587549209594727,17.322956085205078,17.330738067626953,1595713
2003-08-14,7.651044845581055,17.618677139282227,17.338520050048828,17.51750946044922,1542900
2003-08-15,7.6408491134643555,17.6575870513916,17.40077781677246,17.494163513183594,1016435
2003-08-18,7.613656044006348,17.64202308654785,17.41634178161621,17.431907653808594,1991878
2003-08-19,7.630650520324707,17.525291442871094,17.377431869506836,17.47081756591797,1463230
2003-08-20,7.515086650848389,17.447471618652344,17.15953254699707,17.206226348876953,2301050
2003-08-21,7.474301338195801,17.322956085205078,17.042802810668945,17.11284065246582,2109713
2003-08-22,7.379129886627197,17.12840461730957,16.84046745300293,16.894941329956055,2302463
2003-08-25,7.375732421875,16.980545043945312,16.793773651123047,16.88715934753418,1807738
2003-08-26,7.368931293487549,16.91828727722168,16.669261932373047,16.87159538269043,2196451
2003-08-27,7.379129886627197,17.05058479309082,16.863813400268555,16.894941329956055,1894732
2003-08-28,7.406320571899414,17.035018920898438,16.848249435424805,16.957197189331055,1598797
2003-08-29,7.477699279785156,17.252918243408203,16.964981079101562,17.120622634887695,2258002
2003-09-02,7.477699279785156,17.291828155517578,16.996109008789062,17.120622634887695,3946620
2003-09-03,7.474301338195801,17.229572296142578,17.003890991210938,17.11284065246582,3392400
2003-09-04,7.430113792419434,17.198444366455078,17.003890991210938,17.011672973632812,5505583
2003-09-05,7.392721652984619,17.105058670043945,16.90272331237793,16.926069259643555,3557009
2003-09-08,7.402918815612793,17.06614875793457,16.848249435424805,16.94941520690918,4105832
2003-09-09,7.406320571899414,17.003890991210938,16.88715934753418,16.957197189331055,3484920
2003-09-10,7.426714897155762,17.11284065246582,16.964981079101562,17.003890991210938,4210688
2003-09-11,7.664644718170166,17.54863739013672,17.11284065246582,17.54863739013672,6353040
2003-09-12,7.831189155578613,17.976654052734375,17.48638153076172,17.929960250854492,7052980
2003-09-15,7.7700090408325195,18.054475784301758,17.75875473022461,17.78988265991211,4064712
2003-09-16,7.688431739807129,17.891050338745117,17.509727478027344,17.603113174438477,3293584
2003-09-17,7.749616622924805,17.797664642333984,17.38521385192871,17.74319076538086,4853060
2003-09-18,7.603458881378174,17.852140426635742,17.315174102783203,17.408559799194336,5196026
2003-09-19,7.498088836669922,17.587549209594727,17.120622634887695,17.167314529418945,3860268
2003-09-22,7.464105129241943,17.214008331298828,16.988327026367188,17.089494705200195,2459362
2003-09-23,7.423315525054932,17.276264190673828,16.926069259643555,16.996109008789062,3150435
2003-09-24,7.321348190307617,17.019454956054688,16.536964416503906,16.762645721435547,4789966
2003-09-25,7.2533674240112305,16.90272331237793,16.54474639892578,16.607004165649414,3687693
2003-09-26,7.188788890838623,16.692607879638672,16.45136260986328,16.459144592285156,2668431
2003-09-29,7.273763179779053,16.817121505737305,16.52918243408203,16.653696060180664,2360160
2003-09-30,7.219377517700195,16.61478614807129,16.3735408782959,16.52918243408203,3411547
2003-10-01,7.368931293487549,16.879377365112305,16.57587432861328,16.87159538269043,4300767
2003-10-02,7.375732421875,17.229572296142578,16.80933952331543,16.88715934753418,6060574
2003-10-03,7.426714897155762,17.12840461730957,16.957197189331055,17.003890991210938,3157502
2003-10-06,7.5626726150512695,17.361867904663086,17.003890991210938,17.315174102783203,2576682
2003-10-07,7.576268196105957,17.38521385192871,17.089494705200195,17.346303939819336,3057529
2003-10-08,7.664644718170166,17.587549209594727,17.276264190673828,17.54863739013672,4349725
2003-10-09,7.589861869812012,17.74319076538086,17.291828155517578,17.377431869506836,3759781
2003-10-10,7.603458881378174,17.47081756591797,17.291828155517578,17.408559799194336,2701841
2003-10-13,7.722429275512695,17.704280853271484,17.447471618652344,17.68093490600586,3270711
2003-10-14,7.8855767250061035,18.163423538208008,17.587549209594727,18.054475784301758,5064571
2003-10-15,7.865182399749756,18.19455337524414,17.9688720703125,18.007781982421875,4377481
2003-10-16,7.933158874511719,18.24124526977539,17.953306198120117,18.163423538208008,2474396
2003-10-17,7.919564247131348,18.311283111572266,18.0311279296875,18.132295608520508,2706853
2003-10-20,7.98414421081543,18.280155181884766,18.116731643676758,18.280155181884766,3090040
2003-10-21,8.126898765563965,18.90272331237793,18.365758895874023,18.607004165649414,5580498
2003-10-22,7.980740070343018,18.607004165649414,18.101167678833008,18.27237319946289,3638606
2003-10-23,8.086111068725586,18.521400451660156,18.217899322509766,18.51361846923828,2140168
2003-10-24,8.133698463439941,18.622568130493164,18.365758895874023,18.622568130493164,2636820
2003-10-27,8.079313278198242,18.793773651123047,18.42023277282715,18.49805450439453,2123206
2003-10-28,8.13029670715332,18.61478614807129,17.976654052734375,18.61478614807129,4229835
2003-10-29,8.154352188110352,18.46692657470703,18.33462905883789,18.46692657470703,2339471
2003-10-30,8.130295753479004,18.490272521972656,18.35797691345215,18.412450790405273,3163670
2003-10-31,8.192152976989746,18.684825897216797,18.43579864501953,18.552528381347656,1934953
2003-11-03,8.281498908996582,18.785991668701172,18.52918243408203,18.754863739013672,2620372
2003-11-04,8.199024200439453,18.754863739013672,18.56031036376953,18.568092346191406,1774200
2003-11-05,8.20589542388916,18.622568130493164,18.396886825561523,18.58365821838379,2518086
2003-11-06,8.202462196350098,18.61478614807129,18.365758895874023,18.57587432861328,1755696
2003-11-07,8.140606880187988,18.747081756591797,18.412450790405273,18.43579864501953,2019377
2003-11-10,8.113117218017578,18.607004165649414,18.326847076416016,18.3735408782959,1708922
2003-11-11,8.199024200439453,18.64591407775879,18.35797691345215,18.568092346191406,1571170
2003-11-12,8.346785545349121,18.910505294799805,18.568092346191406,18.90272331237793,2008326
2003-11-13,8.343345642089844,18.941633224487305,18.715953826904297,18.894941329956055,2020534
2003-11-14,8.333041191101074,18.941633224487305,18.770427703857422,18.87159538269043,1969776
2003-11-17,8.33647632598877,18.879377365112305,18.684825897216797,18.879377365112305,1759037
2003-11-18,8.333041191101074,18.94941520690918,18.832685470581055,18.87159538269043,1671271
2003-11-19,8.425816535949707,19.120622634887695,18.793773651123047,19.08171272277832,2397939
2003-11-20,8.312421798706055,19.058366775512695,18.731517791748047,18.82490348815918,1926215
2003-11-21,8.274622917175293,18.87159538269043,18.58365821838379,18.739299774169922,1946518
2003-11-24,8.302115440368652,18.832685470581055,18.692607879638672,18.801555633544922,1578751
2003-11-25,8.443002700805664,19.198444366455078,18.723735809326172,19.120622634887695,2589661
2003-11-26,8.463621139526367,19.260700225830078,18.957197189331055,19.167314529418945,1500238
2003-11-28,8.418951988220215,19.221790313720703,19.003890991210938,19.06614875793457,458360
2003-12-01,8.467058181762695,19.291828155517578,18.964981079101562,19.17509651184082,1912722
2003-12-02,8.546093940734863,19.40077781677246,19.120622634887695,19.35408592224121,2870819
2003-12-03,8.559836387634277,19.392995834350586,19.260700225830078,19.38521385192871,1303890
2003-12-04,8.552961349487305,19.42412567138672,19.167314529418945,19.36964988708496,1918248
2003-12-05,8.721342086791992,19.844358444213867,19.45525360107422,19.750972747802734,4023335
2003-12-08,8.724780082702637,19.797664642333984,19.673152923583984,19.75875473022461,1510646
2003-12-09,8.762578964233398,19.891050338745117,19.688716888427734,19.844358444213867,2193110
2003-12-10,8.76601791381836,20.01556396484375,19.719844818115234,19.852140426635742,1699156
2003-12-11,8.879414558410645,20.155641555786133,19.80544662475586,20.108949661254883,1610748
2003-12-12,8.951576232910156,20.28793716430664,20.007781982421875,20.27237319946289,1764305
2003-12-15,8.930961608886719,20.428016662597656,20.077821731567383,20.22568130493164,2422739
2003-12-16,8.906903266906738,20.31906509399414,20.101167678833008,20.171205520629883,1758780
2003-12-17,8.906903266906738,20.186769485473633,19.992218017578125,20.171205520629883,1766361
2003-12-18,8.865669250488281,20.202335357666016,19.828794479370117,20.077821731567383,2001130
2003-12-19,8.75570297241211,20.0311279296875,19.704280853271484,19.828794479370117,2543915
2003-12-22,8.98593807220459,20.505836486816406,20.0,20.350194931030273,3898818
2003-12-23,9.071844100952148,20.552528381347656,20.25680923461914,20.54474639892578,2382519
2003-12-24,8.979063987731934,20.38910484313965,19.836576461791992,20.33462905883789,1865306
2003-12-26,8.937830924987793,20.311283111572266,20.140077590942383,20.24124526977539,1203917
2003-12-29,9.02030086517334,20.45136260986328,20.21011734008789,20.428016662597656,2202362
2003-12-30,9.009994506835938,20.52918243408203,20.25680923461914,20.4046688079834,2949975
2003-12-31,9.068408012390137,20.54474639892578,20.350194931030273,20.536964416503906,1972989
2004-01-02,8.934391021728516,20.59922218322754,20.217899322509766,20.233463287353516,2535434
2004-01-05,9.089027404785156,20.607004165649414,20.30350112915039,20.58365821838379,2860025
2004-01-06,9.040916442871094,20.723735809326172,20.381322860717773,20.474708557128906,2538518
2004-01-07,9.051225662231445,20.49805450439453,20.233463287353516,20.49805450439453,1842947
2004-01-08,9.064971923828125,20.568092346191406,20.280155181884766,20.52918243408203,1854255
2004-01-09,9.044357299804688,20.638132095336914,20.43579864501953,20.48249053955078,1708151
2004-01-12,9.044357299804688,20.63035011291504,20.264591217041016,20.48249053955078,2478765
2004-01-13,8.99968433380127,20.607004165649414,20.311283111572266,20.381322860717773,1848473
2004-01-14,8.982502937316895,20.52918243408203,20.31906509399414,20.3424129486084,2069749
2004-01-15,8.99281120300293,20.459144592285156,20.28793716430664,20.365758895874023,1572712
2004-01-16,8.996249198913574,20.459144592285156,20.30350112915039,20.3735408782959,1727040
2004-01-20,8.96875286102295,20.49805450439453,20.311283111572266,20.311283111572266,1556521
2004-01-21,9.02030086517334,20.505836486816406,20.326847076416016,20.428016662597656,1772786
2004-01-22,9.02030086517334,20.474708557128906,20.31906509399414,20.428016662597656,1459760
2004-01-23,9.071844100952148,20.63035011291504,20.43579864501953,20.54474639892578,1643772
2004-01-26,9.02030086517334,20.58365821838379,20.326847076416016,20.428016662597656,2562162
2004-01-27,9.006553649902344,20.46692657470703,20.249027252197266,20.396886825561523,3341771
2004-01-28,8.954496383666992,20.365758895874023,20.054475784301758,20.077821731567383,2226777
2004-01-29,8.947552680969238,20.28793716430664,19.953306198120117,20.062257766723633,2668688
2004-01-30,9.003083229064941,20.249027252197266,20.0,20.186769485473633,1573611
2004-02-02,8.999611854553223,20.326847076416016,20.023345947265625,20.178987503051758,1803369
2004-02-03,8.99267292022705,20.28793716430664,20.108949661254883,20.163423538208008,1898844
2004-02-04,8.978788375854492,20.19455337524414,19.992218017578125,20.132295608520508,1668958
2004-02-05,8.985732078552246,20.202335357666016,20.046693801879883,20.147859573364258,1300163
2004-02-06,9.02738094329834,20.249027252197266,20.062257766723633,20.24124526977539,1362486
2004-02-09,9.010027885437012,20.233463287353516,20.0,20.202335357666016,1329590
2004-02-10,9.062089920043945,20.326847076416016,20.077821731567383,20.31906509399414,1215096
2004-02-11,9.103738784790039,20.45136260986328,20.233463287353516,20.412450790405273,1931869
2004-02-12,9.08291244506836,20.51361846923828,20.233463287353516,20.365758895874023,1473124
2004-02-13,9.079442977905273,20.412450790405273,20.202335357666016,20.35797691345215,1498824
2004-02-17,9.211329460144043,20.700389862060547,20.428016662597656,20.653696060180664,1610362
2004-02-18,9.197449684143066,20.80933952331543,20.568092346191406,20.622568130493164,1584020
2004-02-19,9.211329460144043,20.770427703857422,20.568092346191406,20.653696060180664,1564745
2004-02-20,9.193977355957031,20.793773651123047,20.459144592285156,20.61478614807129,1358502
2004-02-23,9.259921073913574,20.778209686279297,20.396886825561523,20.762645721435547,1979799
2004-02-24,9.256447792053223,20.801555633544922,20.58365821838379,20.754863739013672,2039423
2004-02-25,9.294623374938965,20.894941329956055,20.64591407775879,20.84046745300293,1448838
2004-02-26,9.311982154846191,20.93385124206543,20.731517791748047,20.879377365112305,1350407
2004-02-27,9.436924934387207,21.206226348876953,20.51361846923828,21.15953254699707,2206217
2004-03-01,9.475107192993164,21.38521385192871,21.027236938476562,21.245136260986328,2063067
2004-03-02,9.523695945739746,21.392995834350586,21.105058670043945,21.35408592224121,1845903
2004-03-03,9.565347671508789,21.47081756591797,21.268482208251953,21.447471618652344,1741946
2004-03-04,9.558402061462402,21.53307342529297,21.361867904663086,21.431907653808594,1473895
2004-03-05,9.568811416625977,21.750972747802734,21.330738067626953,21.45525360107422,1558834
2004-03-08,9.506336212158203,21.5953311920166,21.268482208251953,21.315174102783203,1428149
2004-03-09,9.634758949279785,21.6264591217041,21.214008331298828,21.603113174438477,1957183
2004-03-10,9.624341011047363,21.78988265991211,21.51750946044922,21.57976722717285,2124491
2004-03-11,9.391809463500977,21.54863739013672,20.957197189331055,21.058366775512695,2146978
2004-03-12,9.523695945739746,21.431907653808594,21.035018920898438,21.35408592224121,1700826
2004-03-15,9.308511734008789,21.322956085205078,20.82490348815918,20.87159538269043,1606764
2004-03-16,9.176624298095703,21.042802810668945,20.311283111572266,20.57587432861328,2897161
2004-03-17,9.218271255493164,20.754863739013672,20.54474639892578,20.669261932373047,1567443
2004-03-18,9.193977355957031,20.754863739013672,20.505836486816406,20.61478614807129,1776384
2004-03-19,9.103738784790039,20.653696060180664,20.38910484313965,20.412450790405273,1744645
2004-03-22,8.975322723388672,20.365758895874023,20.038911819458008,20.124513626098633,1894475
2004-03-23,9.034323692321777,20.428016662597656,19.9688720703125,20.25680923461914,1865178
2004-03-24,8.937142372131348,20.326847076416016,20.038911819458008,20.038911819458008,1479164
2004-03-25,9.2460355758667,20.82490348815918,20.233463287353516,20.731517791748047,2517187
2004-03-26,9.239095687866211,20.863813400268555,20.568092346191406,20.715953826904297,1993420
2004-03-29,9.34321403503418,21.011672973632812,20.661479949951172,20.94941520690918,1501394
2004-03-30,9.315452575683594,20.94941520690918,20.801555633544922,20.88715934753418,1194536
2004-03-31,9.350162506103516,21.11284065246582,20.801555633544922,20.964981079101562,1536089
2004-04-01,9.429985046386719,21.198444366455078,20.94941520690918,21.14396858215332,1521569
2004-04-02,9.534111022949219,21.40077781677246,21.089494705200195,21.377431869506836,1982626
2004-04-05,9.57922649383545,21.478599548339844,21.245136260986328,21.478599548339844,1407589
2004-04-06,9.683348655700684,21.71206283569336,21.330738067626953,21.71206283569336,2266483
2004-04-07,9.679880142211914,21.828794479370117,21.57976722717285,21.704280853271484,1879569
2004-04-08,9.770111083984375,21.914396286010742,21.6575870513916,21.906614303588867,2837280
2004-04-12,9.777059555053711,21.992218017578125,21.867704391479492,21.922178268432617,3340872
2004-04-13,9.797882080078125,22.101167678833008,21.945524215698242,21.9688720703125,2522969
2004-04-14,9.902002334594727,22.202335357666016,21.797664642333984,22.202335357666016,2609450
2004-04-15,9.947124481201172,22.3735408782959,22.132295608520508,22.30350112915039,2986726
2004-04-16,10.002657890319824,22.52918243408203,22.311283111572266,22.428016662597656,2239884
2004-04-19,10.061661720275879,22.568092346191406,22.350194931030273,22.56031036376953,1448067
2004-04-20,10.0408353805542,22.638132095336914,22.48249053955078,22.51361846923828,3691548
2004-04-21,10.09289264678955,22.731517791748047,22.280155181884766,22.63035011291504,2552396
2004-04-22,10.172721862792969,22.848249435424805,22.56031036376953,22.80933952331543,2224335
2004-04-23,10.169255256652832,22.863813400268555,22.61478614807129,22.801555633544922,1523625
2004-04-26,10.172721862792969,22.87159538269043,22.747081756591797,22.80933952331543,1736935
2004-04-27,10.172721862792969,22.980545043945312,22.747081756591797,22.80933952331543,1996761
2004-04-28,10.058187484741211,22.80933952331543,22.51361846923828,22.552528381347656,2837152
2004-04-29,10.159749031066895,22.638132095336914,22.38910484313965,22.57587432861328,1940093
2004-04-30,10.117724418640137,22.715953826904297,22.48249053955078,22.48249053955078,2086326
2004-05-03,10.24730396270752,22.82490348815918,22.4046688079834,22.770427703857422,2060626
2004-05-04,10.229791641235352,22.817121505737305,22.61478614807129,22.731517791748047,2080672
2004-05-05,10.240297317504883,22.80933952331543,22.64591407775879,22.754863739013672,1524653
2004-05-06,10.275321960449219,22.88715934753418,22.591440200805664,22.832685470581055,1833567
2004-05-07,10.236795425415039,22.87159538269043,22.700389862060547,22.747081756591797,1557420
2004-05-10,10.09321117401123,22.90272331237793,22.33462905883789,22.428016662597656,2189769
2004-05-11,10.079202651977539,22.428016662597656,22.163423538208008,22.396886825561523,1835366
2004-05-12,10.002154350280762,22.30350112915039,21.813230514526367,22.22568130493164,1924544
2004-05-13,9.932112693786621,22.25680923461914,21.914396286010742,22.070039749145508,1356575
2004-05-14,9.991646766662598,22.295719146728516,21.922178268432617,22.202335357666016,1365056
2004-05-17,9.820042610168457,22.023345947265625,21.75875473022461,21.821012496948242,2357718
2004-05-18,9.862068176269531,21.98443603515625,21.813230514526367,21.914396286010742,1723185
2004-05-19,9.78152084350586,22.023345947265625,21.688716888427734,21.735408782958984,1439586
2004-05-20,9.728985786437988,21.782100677490234,21.556419372558594,21.618677139282227,1443698
2004-05-21,9.686963081359863,21.66537094116211,21.478599548339844,21.525291442871094,1900900
2004-05-24,9.80603313446045,21.836576461791992,21.50194549560547,21.78988265991211,2203904
2004-05-25,9.897090911865234,22.01556396484375,21.525291442871094,21.992218017578125,1567443
2004-05-26,9.9356107711792,22.085603713989258,21.813230514526367,22.077821731567383,1262641
2004-05-27,9.886582374572754,22.249027252197266,21.937742233276367,21.9688720703125,1730767
2004-05-28,9.848061561584473,22.023345947265625,21.782100677490234,21.883268356323242,2838308
2004-06-01,9.785022735595703,21.953306198120117,21.64202308654785,21.74319076538086,2555994
2004-06-02,9.74999713897705,21.750972747802734,21.431907653808594,21.66537094116211,2540060
2004-06-03,9.697466850280762,21.719844818115234,21.509727478027344,21.54863739013672,1648655
2004-06-04,9.767512321472168,21.71206283569336,21.525291442871094,21.704280853271484,1485332
2004-06-07,9.788521766662598,21.859922409057617,21.69649887084961,21.750972747802734,1670500
2004-06-08,9.84455680847168,21.883268356323242,21.5953311920166,21.875486373901367,1639917
2004-06-09,9.792025566101074,21.914396286010742,21.735408782958984,21.75875473022461,1010395
2004-06-10,9.757003784179688,21.844358444213867,21.603113174438477,21.68093490600586,1098804
2004-06-14,9.665946960449219,21.673152923583984,21.15953254699707,21.478599548339844,1189139
2004-06-15,9.627422332763672,21.634241104125977,21.392995834350586,21.392995834350586,1413500
2004-06-16,9.676451683044434,21.603113174438477,21.322956085205078,21.50194549560547,1529150
2004-06-17,9.637930870056152,21.53307342529297,21.330738067626953,21.41634178161621,1424808
2004-06-18,9.64493465423584,21.494163513183594,21.299610137939453,21.431907653808594,2497012
2004-06-21,9.651942253112793,21.57976722717285,21.40077781677246,21.447471618652344,1101888
2004-06-22,9.700966835021973,21.587549209594727,21.346303939819336,21.556419372558594,1416327
2004-06-23,9.700966835021973,21.587549209594727,21.377431869506836,21.556419372558594,1191067
2004-06-24,9.606410026550293,21.556419372558594,21.245136260986328,21.346303939819336,1975687
2004-06-25,9.494340896606445,21.38521385192871,21.09727668762207,21.09727668762207,2445355
2004-06-28,9.564386367797852,21.41634178161621,21.221790313720703,21.252918243408203,1544185
2004-06-29,9.47332763671875,21.260700225830078,20.941633224487305,21.05058479309082,2025031
2004-06-30,9.483835220336914,21.167314529418945,20.996109008789062,21.073930740356445,2524640
2004-07-01,9.347251892089844,21.167314529418945,20.622568130493164,20.770427703857422,4973721
2004-07-02,9.410285949707031,21.011672973632812,20.677043914794922,20.910505294799805,4682797
2004-07-06,9.403289794921875,20.894941329956055,20.61478614807129,20.894941329956055,3520386
2004-07-07,9.448813438415527,21.089494705200195,20.778209686279297,20.996109008789062,1906426
2004-07-08,9.539871215820312,21.40077781677246,21.011672973632812,21.198444366455078,2133614
2004-07-09,9.637930870056152,21.478599548339844,21.12840461730957,21.41634178161621,2190668
2004-07-12,9.679957389831543,21.6264591217041,21.346303939819336,21.509727478027344,2420169
2004-07-13,9.578390121459961,21.509727478027344,21.268482208251953,21.284046173095703,2092751
2004-07-14,9.532866477966309,21.40077781677246,21.136186599731445,21.182878494262695,1944333
2004-07-15,9.536365509033203,21.260700225830078,21.09727668762207,21.19066047668457,1661505
2004-07-16,9.490836143493652,21.167314529418945,21.05058479309082,21.089494705200195,1565516
2004-07-19,9.522356986999512,21.299610137939453,21.089494705200195,21.15953254699707,1702625
2004-07-20,9.564386367797852,21.291828155517578,21.12840461730957,21.252918243408203,1408360
2004-07-21,9.420795440673828,21.284046173095703,20.87159538269043,20.93385124206543,2588633
2004-07-22,9.399785041809082,20.957197189331055,20.677043914794922,20.88715934753418,1943562
2004-07-23,9.364763259887695,20.88715934753418,20.653696060180664,20.80933952331543,1502294
2004-07-26,9.333243370056152,20.863813400268555,20.64591407775879,20.739299774169922,2343840
2004-07-27,9.259698867797852,20.832685470581055,20.521400451660156,20.57587432861328,2378921
2004-07-28,9.30522346496582,20.754863739013672,20.505836486816406,20.677043914794922,2101489
2004-07-29,9.248641967773438,20.58365821838379,20.311283111572266,20.350194931030273,1462973
2004-07-30,9.19558334350586,20.412450790405273,20.19455337524414,20.233463287353516,2823531
2004-08-02,9.305224418640137,20.521400451660156,20.147859573364258,20.474708557128906,1527351
2004-08-03,9.284004211425781,20.54474639892578,20.295719146728516,20.428016662597656,1633492
2004-08-04,9.326446533203125,20.56031036376953,20.3424129486084,20.521400451660156,2415929
2004-08-05,9.26632022857666,20.622568130493164,20.350194931030273,20.38910484313965,1320209
2004-08-06,9.110703468322754,20.311283111572266,19.961088180541992,20.046693801879883,1590573
2004-08-09,9.110703468322754,20.147859573364258,19.976654052734375,20.046693801879883,762262
2004-08-10,9.16021728515625,20.21011734008789,19.883268356323242,20.155641555786133,1521440
2004-08-11,9.213274002075195,20.27237319946289,20.01556396484375,20.27237319946289,1599183
2004-08-12,9.252177238464355,20.52918243408203,20.124513626098633,20.35797691345215,2718546
2004-08-13,9.19912338256836,20.443580627441406,20.233463287353516,20.24124526977539,2005756
2004-08-16,9.216802597045898,20.38910484313965,20.163423538208008,20.280155181884766,1466185
2004-08-17,9.213274002075195,20.3735408782959,20.233463287353516,20.27237319946289,1418897
2004-08-18,9.238028526306152,20.3735408782959,20.171205520629883,20.326847076416016,1278575
2004-08-19,9.19558334350586,20.326847076416016,20.155641555786133,20.233463287353516,1380347
2004-08-20,9.259245872497559,20.4046688079834,20.186769485473633,20.3735408782959,1257887
2004-08-23,9.192049026489258,20.49805450439453,20.19455337524414,20.22568130493164,1343853
2004-08-24,9.227418899536133,20.4046688079834,20.21011734008789,20.30350112915039,1180658
2004-08-25,9.17082405090332,20.35797691345215,20.155641555786133,20.178987503051758,1689775
2004-08-26,9.273393630981445,20.412450790405273,20.077821731567383,20.4046688079834,1108313
2004-08-27,9.284004211425781,20.505836486816406,20.365758895874023,20.428016662597656,823043
2004-08-30,9.245101928710938,20.45136260986328,20.264591217041016,20.3424129486084,722042
2004-08-31,9.26632022857666,20.56031036376953,20.30350112915039,20.38910484313965,2424153
2004-09-01,9.26632022857666,20.46692657470703,20.30350112915039,20.38910484313965,1696329
2004-09-02,9.443158149719238,20.801555633544922,20.428016662597656,20.778209686279297,1127973
2004-09-03,9.598777770996094,21.206226348876953,20.801555633544922,21.120622634887695,1895760
2004-09-07,9.655366897583008,21.377431869506836,21.14396858215332,21.245136260986328,1679495
2004-09-08,9.559873580932617,21.245136260986328,20.910505294799805,21.035018920898438,2878400
2004-09-09,9.528045654296875,21.136186599731445,20.708171844482422,20.964981079101562,1466314
2004-09-10,9.528045654296875,21.011672973632812,20.762645721435547,20.964981079101562,1054086
2004-09-13,9.609386444091797,21.167314529418945,20.894941329956055,21.14396858215332,1387543
2004-09-14,9.566946029663086,21.245136260986328,20.94941520690918,21.05058479309082,1194665
2004-09-15,9.43962287902832,21.08171272277832,20.677043914794922,20.770427703857422,1848344
2004-09-16,9.542187690734863,21.120622634887695,20.88715934753418,20.996109008789062,1941892
2004-09-17,9.528045654296875,21.035018920898438,20.785991668701172,20.964981079101562,2039038
2004-09-20,9.312301635742188,20.88715934753418,20.443580627441406,20.490272521972656,2383547
2004-09-21,9.128387451171875,20.474708557128906,19.80544662475586,20.085603713989258,3549042
2004-09-22,9.181440353393555,20.754863739013672,20.093385696411133,20.202335357666016,3802186
2004-09-23,9.114241600036621,20.217899322509766,19.992218017578125,20.054475784301758,1823158
2004-09-24,9.138998985290527,20.365758895874023,20.038911819458008,20.108949661254883,1799129
2004-09-27,9.064725875854492,20.124513626098633,19.922178268432617,19.945524215698242,1346166
2004-09-28,9.1637544631958,20.186769485473633,19.9688720703125,20.163423538208008,1526452
2004-09-29,9.177898406982422,20.22568130493164,19.961088180541992,20.19455337524414,903484
2004-09-30,9.093019485473633,20.19455337524414,19.98443603515625,20.007781982421875,2014880
2004-10-01,9.146072387695312,20.186769485473633,20.007781982421875,20.124513626098633,1868005
2004-10-04,9.269859313964844,20.428016662597656,20.132295608520508,20.396886825561523,1710078
2004-10-05,9.269859313964844,20.505836486816406,20.28793716430664,20.396886825561523,1340512
2004-10-06,9.26632022857666,20.412450790405273,20.27237319946289,20.38910484313965,1560633
2004-10-07,9.17082405090332,20.42023277282715,20.171205520629883,20.178987503051758,1044191
2004-10-08,9.181440353393555,20.350194931030273,20.077821731567383,20.202335357666016,1099318
2004-10-11,9.19558334350586,20.28793716430664,20.163423538208008,20.233463287353516,821758
2004-10-12,9.19912338256836,20.280155181884766,20.062257766723633,20.24124526977539,1149047
2004-10-13,9.100092887878418,20.30350112915039,19.945524215698242,20.023345947265625,1126560
2004-10-14,9.142532348632812,20.249027252197266,19.976654052734375,20.116731643676758,958610
2004-10-15,9.230951309204102,20.35797691345215,20.101167678833008,20.311283111572266,1614089
2004-10-18,9.202656745910645,20.428016662597656,20.186769485473633,20.249027252197266,1217152
2004-10-19,9.174363136291504,20.365758895874023,20.147859573364258,20.186769485473633,886522
2004-10-20,9.12131404876709,20.163423538208008,19.914396286010742,20.070039749145508,1583763
2004-10-21,9.114241600036621,20.124513626098633,19.929960250854492,20.054475784301758,1228717
2004-10-22,9.061187744140625,20.147859573364258,19.914396286010742,19.937742233276367,1108184
2004-10-25,9.050580024719238,20.01556396484375,19.750972747802734,19.914396286010742,1927628
2004-10-26,9.192049026489258,20.22568130493164,19.844358444213867,20.22568130493164,1293096
2004-10-27,9.337054252624512,20.54474639892578,20.147859573364258,20.54474639892578,1713034
2004-10-28,9.370290756225586,20.51361846923828,20.140077590942383,20.4046688079834,1806196
2004-10-29,9.43461799621582,20.58365821838379,20.4046688079834,20.54474639892578,1388186
2004-11-01,9.470351219177246,20.692607879638672,20.428016662597656,20.622568130493164,1766875
2004-11-02,9.481074333190918,20.770427703857422,20.54474639892578,20.64591407775879,1412729
2004-11-03,9.58471393585205,20.894941329956055,20.692607879638672,20.87159538269043,1208800
2004-11-04,9.756253242492676,21.252918243408203,20.832685470581055,21.245136260986328,2113183
2004-11-05,9.752679824829102,21.408559799194336,21.15953254699707,21.237354278564453,1601753
2004-11-08,9.838452339172363,21.48638153076172,21.09727668762207,21.42412567138672,1813521
2004-11-09,9.86346435546875,21.57976722717285,21.35408592224121,21.478599548339844,2071420
2004-11-10,9.931364059448242,21.68093490600586,21.43968963623047,21.6264591217041,1365056
2004-11-11,9.988546371459961,21.80544662475586,21.57976722717285,21.750972747802734,1582735
2004-11-12,10.052870750427246,21.906614303588867,21.634241104125977,21.891050338745117,1309415
2004-11-15,9.87775993347168,21.51750946044922,21.260700225830078,21.509727478027344,2046105
2004-11-16,9.83487606048584,21.556419372558594,21.346303939819336,21.41634178161621,1146863
2004-11-17,9.845595359802246,21.556419372558594,21.330738067626953,21.43968963623047,1201090
2004-11-18,9.827731132507324,21.478599548339844,21.229572296142578,21.40077781677246,1094049
2004-11-19,9.749103546142578,21.42412567138672,21.089494705200195,21.229572296142578,1117565
2004-11-22,9.681199073791504,21.307392120361328,20.94941520690918,21.08171272277832,1915806
2004-11-23,9.68835163116455,21.167314529418945,20.90272331237793,21.09727668762207,1109341
2004-11-24,9.699070930480957,21.252918243408203,21.058366775512695,21.120622634887695,852212
2004-11-26,9.720512390136719,21.268482208251953,21.12840461730957,21.167314529418945,471852
2004-11-29,9.720512390136719,21.322956085205078,21.11284065246582,21.167314529418945,1647370
2004-11-30,9.666911125183105,21.237354278564453,20.988327026367188,21.05058479309082,1637347
2004-12-01,9.716941833496094,21.237354278564453,21.019454956054688,21.15953254699707,2111898
2004-12-02,9.791986465454102,21.408559799194336,21.15953254699707,21.322956085205078,1825857
2004-12-03,9.838452339172363,21.494163513183594,21.260700225830078,21.42412567138672,1462716
2004-12-06,9.72766399383545,21.40077781677246,21.089494705200195,21.182878494262695,1412601
2004-12-07,9.609731674194336,21.229572296142578,20.88715934753418,20.926069259643555,1732309
2004-12-08,9.663336753845215,21.09727668762207,20.93385124206543,21.042802810668945,2781126
2004-12-09,9.631175994873047,21.019454956054688,20.54474639892578,20.972763061523438,1319824
2004-12-10,9.638318061828613,21.11284065246582,20.82490348815918,20.988327026367188,1094820
2004-12-13,9.75982666015625,21.299610137939453,21.05058479309082,21.252918243408203,1248121
2004-12-14,9.92064380645752,21.704280853271484,21.291828155517578,21.603113174438477,1768803
2004-12-15,9.913496017456055,21.673152923583984,21.494163513183594,21.587549209594727,1369168
2004-12-16,9.874184608459473,21.540855407714844,21.377431869506836,21.50194549560547,1240925
2004-12-17,9.83487606048584,21.540855407714844,21.322956085205078,21.41634178161621,3242826
2004-12-20,9.881332397460938,21.6575870513916,21.338520050048828,21.51750946044922,1381632
2004-12-21,9.899200439453125,21.704280853271484,21.40077781677246,21.556419372558594,1786536
2004-12-22,10.024283409118652,21.906614303588867,21.603113174438477,21.828794479370117,3552897
2004-12-23,10.24942684173584,22.3735408782959,21.836576461791992,22.31906509399414,3041467
2004-12-27,10.399521827697754,22.785991668701172,22.350194931030273,22.64591407775879,3028874
2004-12-28,10.496009826660156,23.011672973632812,22.661479949951172,22.85603141784668,2417599
2004-12-29,10.453125953674316,22.894941329956055,22.669261932373047,22.762645721435547,2143766
2004-12-30,10.506731986999512,22.93385124206543,22.739299774169922,22.879377365112305,1430591
2004-12-31,10.524602890014648,23.073930740356445,22.785991668701172,22.91828727722168,1280503
2005-01-03,10.445976257324219,23.027236938476562,22.692607879638672,22.747081756591797,2254276
2005-01-04,10.410245895385742,22.964981079101562,22.607004165649414,22.669261932373047,2586577
2005-01-05,10.306607246398926,22.754863739013672,22.428016662597656,22.443580627441406,2891379
2005-01-06,10.385229110717773,22.661479949951172,22.38910484313965,22.61478614807129,1632721
2005-01-07,10.335196495056152,22.64591407775879,22.396886825561523,22.505836486816406,1421082
2005-01-10,10.370932579040527,22.708171844482422,22.459144592285156,22.58365821838379,1256602
2005-01-11,10.32805061340332,22.638132095336914,22.264591217041016,22.490272521972656,1562817
2005-01-12,10.353060722351074,22.54474639892578,22.28793716430664,22.54474639892578,1541486
2005-01-13,10.420964241027832,22.762645721435547,22.443580627441406,22.692607879638672,3192711
2005-01-14,10.435260772705078,22.85603141784668,22.661479949951172,22.723735809326172,2481464
2005-01-18,10.653257369995117,23.268482208251953,22.778209686279297,23.198444366455078,3668547
2005-01-19,10.699715614318848,23.38521385192871,23.15953254699707,23.299610137939453,2773930
2005-01-20,10.688993453979492,23.40077781677246,23.214008331298828,23.276264190673828,2274322
2005-01-21,10.72115707397461,23.53307342529297,23.19066047668457,23.346303939819336,2805926
2005-01-24,10.596077919006348,23.346303939819336,23.027236938476562,23.073930740356445,2436232
2005-01-25,10.51387882232666,23.167314529418945,22.82490348815918,22.894941329956055,2005371
2005-01-26,10.55319595336914,23.214008331298828,22.715953826904297,22.980545043945312,2607651
2005-01-27,10.55319595336914,23.06614875793457,22.863813400268555,22.980545043945312,2002030
2005-01-28,10.550666809082031,22.817121505737305,22.57587432861328,22.762645721435547,1847573
2005-01-31,10.640840530395508,22.957197189331055,22.747081756591797,22.957197189331055,1425579
2005-02-01,10.456886291503906,22.84046745300293,22.52918243408203,22.56031036376953,2249007
2005-02-02,10.47492504119873,22.607004165649414,22.3735408782959,22.59922218322754,2498169
2005-02-03,10.31981086730957,22.54474639892578,22.24124526977539,22.264591217041016,2377893
2005-02-04,10.366703033447266,22.42023277282715,22.101167678833008,22.365758895874023,2080029
2005-02-07,10.312596321105957,22.3735408782959,22.147859573364258,22.249027252197266,1555878
2005-02-08,10.262099266052246,22.38910484313965,22.132295608520508,22.140077590942383,1711235
2005-02-09,10.215211868286133,22.22568130493164,21.922178268432617,22.038911819458008,1555621
2005-02-10,10.168316841125488,22.178987503051758,21.929960250854492,21.937742233276367,1875971
2005-02-11,10.26931381225586,22.295719146728516,21.906614303588867,22.155641555786133,2499839
2005-02-14,10.28735065460205,22.25680923461914,22.062257766723633,22.19455337524414,1428406
2005-02-15,10.503777503967285,22.708171844482422,22.116731643676758,22.661479949951172,2423125
2005-02-16,10.409988403320312,22.762645721435547,22.412450790405273,22.459144592285156,1237327
2005-02-17,10.254891395568848,22.51361846923828,22.124513626098633,22.124513626098633,1428792
2005-02-18,10.290958404541016,22.264591217041016,22.054475784301758,22.202335357666016,1435988
2005-02-22,9.919435501098633,22.27237319946289,21.322956085205078,21.40077781677246,4314131
2005-02-23,9.602010726928711,21.431907653808594,20.443580627441406,20.715953826904297,7126996
2005-02-24,9.850895881652832,21.252918243408203,20.653696060180664,21.252918243408203,3873632
2005-02-25,9.89417839050293,21.42412567138672,21.058366775512695,21.346303939819336,2294368
2005-02-28,9.854506492614746,21.47081756591797,21.058366775512695,21.260700225830078,2270981
2005-03-01,10.117819786071777,21.836576461791992,21.346303939819336,21.828794479370117,2864522
2005-03-02,10.099783897399902,21.828794479370117,21.5953311920166,21.78988265991211,2356819
2005-03-03,10.027639389038086,21.844358444213867,21.53307342529297,21.634241104125977,2432505
2005-03-04,10.182745933532715,22.093385696411133,21.750972747802734,21.9688720703125,1588260
2005-03-07,10.164711952209473,22.023345947265625,21.813230514526367,21.929960250854492,1176161
2005-03-08,10.10339069366455,21.906614303588867,21.6264591217041,21.797664642333984,1241953
2005-03-09,10.05289363861084,21.844358444213867,21.540855407714844,21.688716888427734,1915935
2005-03-10,10.189957618713379,22.023345947265625,21.634241104125977,21.98443603515625,1703139
2005-03-11,10.013215065002441,21.98443603515625,21.540855407714844,21.603113174438477,1756081
2005-03-14,10.099783897399902,21.813230514526367,21.54863739013672,21.78988265991211,1495740
2005-03-15,10.005999565124512,21.867704391479492,21.509727478027344,21.587549209594727,1395896
2005-03-16,9.966320991516113,21.634241104125977,21.408559799194336,21.50194549560547,1555493
2005-03-17,9.973536491394043,21.673152923583984,21.42412567138672,21.51750946044922,1130800
2005-03-18,9.775145530700684,21.50194549560547,21.019454956054688,21.089494705200195,3880571
2005-03-21,9.70300579071045,21.198444366455078,20.93385124206543,20.93385124206543,2395754
2005-03-22,9.551509857177734,20.91828727722168,20.607004165649414,20.607004165649414,2763264
2005-03-23,9.721043586730957,21.198444366455078,20.700389862060547,20.972763061523438,3133601
2005-03-24,9.468541145324707,20.669261932373047,20.077821731567383,20.428016662597656,5124966
2005-03-28,9.515440940856934,20.715953826904297,20.0,20.52918243408203,2571671
2005-03-29,9.540687561035156,20.778209686279297,20.19455337524414,20.58365821838379,3254648
2005-03-30,9.576756477355957,20.957197189331055,20.474708557128906,20.661479949951172,3343313
2005-03-31,9.746293067932129,21.073930740356445,20.568092346191406,21.027236938476562,2952031
2005-04-01,9.620040893554688,21.19066047668457,20.723735809326172,20.754863739013672,3654412
2005-04-04,9.605613708496094,20.817121505737305,20.428016662597656,20.723735809326172,2830855
2005-04-05,9.634471893310547,20.879377365112305,20.700389862060547,20.785991668701172,1959625
2005-04-06,9.728253364562988,21.035018920898438,20.770427703857422,20.988327026367188,2114596
2005-04-07,9.749899864196777,21.08171272277832,20.93385124206543,21.035018920898438,1428535
2005-04-08,9.684972763061523,21.120622634887695,20.87159538269043,20.894941329956055,1137868
2005-04-11,9.721043586730957,21.11284065246582,20.91828727722168,20.972763061523438,905026
2005-04-12,9.825648307800293,21.245136260986328,20.85603141784668,21.198444366455078,1510903
2005-04-13,9.717437744140625,21.206226348876953,20.894941329956055,20.964981079101562,1133499
2005-04-14,9.6272554397583,21.011672973632812,20.754863739013672,20.770427703857422,1635677
2005-04-15,9.515440940856934,20.894941329956055,20.48249053955078,20.52918243408203,1767004
2005-04-18,9.479371070861816,20.700389862060547,20.428016662597656,20.45136260986328,1736164
2005-04-19,9.439691543579102,20.45136260986328,20.24124526977539,20.365758895874023,1713034
2005-04-20,9.342296600341797,20.45136260986328,20.077821731567383,20.155641555786133,1427121
2005-04-21,9.526260375976562,20.59922218322754,20.19455337524414,20.552528381347656,1236427
2005-04-22,9.519046783447266,20.754863739013672,20.396886825561523,20.536964416503906,1886637
2005-04-25,9.670543670654297,20.93385124206543,20.51361846923828,20.863813400268555,1522982
2005-04-26,9.486581802368164,20.926069259643555,20.46692657470703,20.46692657470703,1705452
2005-04-27,9.721043586730957,21.027236938476562,20.38910484313965,20.972763061523438,2677683
2005-04-28,9.703912734985352,20.88715934753418,20.568092346191406,20.723735809326172,2126547
2005-04-29,9.747648239135742,20.910505294799805,20.700389862060547,20.817121505737305,3310160
2005-05-02,9.809591293334961,21.05058479309082,20.723735809326172,20.94941520690918,1433418
2005-05-03,9.871536254882812,21.09727668762207,20.848249435424805,21.08171272277832,1529407
2005-05-04,9.929840087890625,21.245136260986328,20.980545043945312,21.206226348876953,1402321
2005-05-05,9.84603214263916,21.245136260986328,20.82490348815918,21.027236938476562,1015278
2005-05-06,9.853318214416504,21.229572296142578,20.996109008789062,21.042802810668945,995618
2005-05-09,9.93348503112793,21.268482208251953,20.941633224487305,21.214008331298828,1177960
2005-05-10,9.864250183105469,21.15953254699707,20.93385124206543,21.06614875793457,1567186
2005-05-11,9.907977104187012,21.19066047668457,20.87159538269043,21.15953254699707,1175647
2005-05-12,9.78408432006836,21.206226348876953,20.82490348815918,20.894941329956055,1198006
2005-05-13,9.620100975036621,20.84046745300293,20.412450790405273,20.54474639892578,1951144
2005-05-16,9.765864372253418,20.85603141784668,20.54474639892578,20.85603141784668,1329975
2005-05-17,9.83874225616455,21.011672973632812,20.669261932373047,21.011672973632812,1919661
2005-05-18,9.955352783203125,21.284046173095703,20.988327026367188,21.260700225830078,1713548
2005-05-19,9.84603214263916,21.120622634887695,20.85603141784668,21.027236938476562,1658164
2005-05-20,9.96263599395752,21.276264190673828,20.90272331237793,21.276264190673828,1931355
2005-05-23,9.8751802444458,21.276264190673828,21.019454956054688,21.089494705200195,1702240
2005-05-24,9.827808380126953,21.035018920898438,20.684825897216797,20.988327026367188,2245152
2005-05-25,9.751286506652832,21.003890991210938,20.677043914794922,20.82490348815918,1585433
2005-05-26,9.758572578430176,20.941633224487305,20.708171844482422,20.84046745300293,1165110
2005-05-27,9.689339637756348,20.778209686279297,20.552528381347656,20.692607879638672,1419283
2005-05-31,9.529006004333496,20.692607879638672,20.280155181884766,20.350194931030273,2802585
2005-06-01,9.485276222229004,20.48249053955078,20.171205520629883,20.25680923461914,3303478
2005-06-02,9.448833465576172,20.3424129486084,20.108949661254883,20.178987503051758,2603796
2005-06-03,9.408751487731934,20.233463287353516,20.093385696411133,20.093385696411133,2950232
2005-06-06,9.434259414672852,20.233463287353516,20.116731643676758,20.147859573364258,1656494
2005-06-07,8.92046070098877,19.72762680053711,18.669261932373047,19.05058479309082,9706376
2005-06-08,8.82572078704834,18.988327026367188,18.622568130493164,18.848249435424805,7215918
2005-06-09,8.749194145202637,18.832685470581055,18.638132095336914,18.684825897216797,3130517
2005-06-10,8.639873504638672,18.677043914794922,18.22568130493164,18.45136260986328,3518844
2005-06-13,8.771061897277832,19.151750564575195,18.54474639892578,18.731517791748047,4266714
2005-06-14,8.876733779907227,18.957197189331055,18.731517791748047,18.957197189331055,2865550
2005-06-15,8.771061897277832,19.05058479309082,18.723735809326172,18.731517791748047,2011410
2005-06-16,8.73461627960205,18.754863739013672,18.59922218322754,18.653696060180664,2232431
2005-06-17,8.800207138061523,18.84046745300293,18.568092346191406,18.793773651123047,2665861
2005-06-20,8.745545387268066,18.94941520690918,18.677043914794922,18.677043914794922,1836651
2005-06-21,8.632585525512695,18.684825897216797,18.3735408782959,18.43579864501953,3434163
2005-06-22,8.712750434875488,18.715953826904297,18.474708557128906,18.607004165649414,2370568
2005-06-23,8.505045890808105,18.52918243408203,18.101167678833008,18.163423538208008,3267241
2005-06-24,8.483179092407227,18.280155181884766,18.093385696411133,18.116731643676758,2578353
2005-06-27,8.454031944274902,18.186769485473633,17.906614303588867,18.054475784301758,1938551
2005-06-28,8.541487693786621,18.31906509399414,18.085603713989258,18.24124526977539,1931869
2005-06-29,8.417591094970703,18.24124526977539,17.821012496948242,17.976654052734375,2915665
2005-06-30,8.439455032348633,18.21011734008789,17.66537094116211,18.023345947265625,3794733
2005-07-01,8.443096160888672,18.28793716430664,17.937742233276367,18.0311279296875,2261215
2005-07-05,8.424875259399414,18.140077590942383,17.906614303588867,17.992218017578125,1568214
2005-07-06,8.275476455688477,18.085603713989258,17.673152923583984,17.673152923583984,2440087
2005-07-07,8.264548301696777,17.71206283569336,17.509727478027344,17.649805068969727,2517444
2005-07-08,8.377507209777832,17.9688720703125,17.556419372558594,17.891050338745117,2125133
2005-07-11,8.392086029052734,17.9688720703125,17.704280853271484,17.922178268432617,2585035
2005-07-12,8.403017044067383,18.038911819458008,17.828794479370117,17.945524215698242,1696200
2005-07-13,8.45038890838623,18.085603713989258,17.961088180541992,18.046693801879883,1276648
2005-07-14,8.501402854919434,18.22568130493164,18.054475784301758,18.155641555786133,1873273
2005-07-15,8.490469932556152,18.27237319946289,18.054475784301758,18.132295608520508,2155588
2005-07-18,8.501402854919434,18.249027252197266,18.093385696411133,18.155641555786133,1956669
2005-07-19,8.559704780578613,18.31906509399414,18.140077590942383,18.280155181884766,2209301
2005-07-20,8.464963912963867,18.280155181884766,18.054475784301758,18.077821731567383,2079772
2005-07-21,8.355643272399902,18.155641555786133,17.80544662475586,17.844358444213867,1809794
2005-07-22,8.355643272399902,17.929960250854492,17.71206283569336,17.844358444213867,2320710
2005-07-25,8.432168006896973,18.147859573364258,17.80544662475586,18.007781982421875,2379435
2005-07-26,8.399371147155762,18.046693801879883,17.859922409057617,17.937742233276367,1682965
2005-07-27,8.468607902526855,18.171205520629883,17.844358444213867,18.085603713989258,1913879
2005-07-28,8.432841300964355,18.070039749145508,17.74319076538086,17.797664642333984,2329320
2005-07-29,8.373839378356934,17.883268356323242,17.64202308654785,17.673152923583984,2416957
2005-08-01,8.384902000427246,17.961088180541992,17.6264591217041,17.69649887084961,2363372
2005-08-02,8.3369722366333,17.704280853271484,17.525291442871094,17.5953311920166,2107786
2005-08-03,8.29272174835205,17.587549209594727,17.268482208251953,17.50194549560547,2724072
2005-08-04,8.266908645629883,17.525291442871094,17.291828155517578,17.447471618652344,2001130
2005-08-05,8.196852684020996,17.54863739013672,17.15953254699707,17.299610137939453,1815191
2005-08-08,8.167354583740234,17.431907653808594,17.19066047668457,17.237354278564453,1735393
2005-08-09,8.29272174835205,17.525291442871094,17.237354278564453,17.50194549560547,2566017
2005-08-10,8.333282470703125,17.813230514526367,17.51750946044922,17.587549209594727,2699143
2005-08-11,8.39965534210205,17.78988265991211,17.51750946044922,17.72762680053711,2461546
2005-08-12,8.362781524658203,17.74319076538086,17.56420135498047,17.649805068969727,1446653
2005-08-15,8.425464630126953,17.80544662475586,17.54863739013672,17.782100677490234,1363771
2005-08-16,8.38121509552002,17.859922409057617,17.587549209594727,17.688716888427734,1902828
2005-08-17,8.39596939086914,17.828794479370117,17.6575870513916,17.719844818115234,1556649
2005-08-18,8.355405807495117,17.77431869506836,17.6264591217041,17.634241104125977,1067835
2005-08-19,8.355405807495117,17.80544662475586,17.603113174438477,17.634241104125977,2389586
2005-08-22,8.359094619750977,17.844358444213867,17.556419372558594,17.64202308654785,1403606
2005-08-23,8.325907707214355,17.71206283569336,17.463035583496094,17.571983337402344,1698513
2005-08-24,8.311159133911133,17.673152923583984,17.408559799194336,17.540855407714844,1477750
2005-08-25,8.241101264953613,17.587549209594727,17.307392120361328,17.392995834350586,1348608
2005-08-26,8.259532928466797,17.51750946044922,17.299610137939453,17.431907653808594,1322265
2005-08-29,8.410717010498047,17.836576461791992,17.361867904663086,17.750972747802734,1785122
2005-08-30,8.314844131469727,17.688716888427734,17.338520050048828,17.54863739013672,2248750
2005-08-31,8.418084144592285,17.782100677490234,17.408559799194336,17.766536712646484,2070006
2005-09-01,8.499207496643066,18.054475784301758,17.77431869506836,17.937742233276367,3726757
2005-09-02,8.624577522277832,18.24124526977539,17.883268356323242,18.202335357666016,2681538
2005-09-06,8.554518699645996,18.38910484313965,18.0,18.054475784301758,3528482
2005-09-07,8.506584167480469,18.01556396484375,17.828794479370117,17.953306198120117,1965022
2005-09-08,8.46602725982666,17.9688720703125,17.797664642333984,17.867704391479492,1772529
2005-09-09,8.491837501525879,17.976654052734375,17.797664642333984,17.922178268432617,1548554
2005-09-12,8.443900108337402,17.937742233276367,17.704280853271484,17.821012496948242,2446769
2005-09-13,8.340657234191895,17.77431869506836,17.556419372558594,17.603113174438477,3245268
2005-09-14,8.325907707214355,17.6575870513916,17.50194549560547,17.571983337402344,2269696
2005-09-15,8.314844131469727,17.719844818115234,17.50194549560547,17.54863739013672,2169466
2005-09-16,8.370153427124023,17.719844818115234,17.463035583496094,17.66537094116211,3464103
2005-09-19,8.296408653259277,17.6575870513916,17.392995834350586,17.509727478027344,2111127
2005-09-20,8.134169578552246,17.509727478027344,17.167314529418945,17.167314529418945,2374809
2005-09-21,8.491837501525879,18.30350112915039,17.836576461791992,17.922178268432617,7974324
2005-09-22,8.410717010498047,17.922178268432617,17.587549209594727,17.750972747802734,3220082
2005-09-23,8.547147750854492,18.132295608520508,17.844358444213867,18.038911819458008,3717762
2005-09-26,8.536081314086914,18.202335357666016,17.953306198120117,18.01556396484375,2252862
2005-09-27,8.60245418548584,18.24124526977539,17.992218017578125,18.155641555786133,2346410
2005-09-28,8.856878280639648,18.708171844482422,18.24124526977539,18.692607879638672,4023720
2005-09-29,8.974868774414062,18.988327026367188,18.45136260986328,18.941633224487305,3393814
2005-09-30,9.126047134399414,19.268482208251953,18.93385124206543,19.260700225830078,4082702
2005-10-03,9.122364044189453,19.38521385192871,18.94941520690918,19.252918243408203,3746289
2005-10-04,9.126047134399414,19.42412567138672,19.237354278564453,19.260700225830078,2862338
2005-10-05,8.98592758178711,19.268482208251953,18.910505294799805,18.964981079101562,2299636
2005-10-06,8.853195190429688,19.027236938476562,18.552528381347656,18.684825897216797,3292941
2005-10-07,8.937995910644531,18.926069259643555,18.653696060180664,18.863813400268555,2610092
2005-10-10,8.864253997802734,18.910505294799805,18.59922218322754,18.708171844482422,1709950
2005-10-11,8.812631607055664,18.770427703857422,18.521400451660156,18.59922218322754,2092879
2005-10-12,8.79050350189209,18.778209686279297,18.48249053955078,18.552528381347656,1840891
2005-10-13,8.764691352844238,18.63035011291504,18.365758895874023,18.49805450439453,1531977
2005-10-14,8.856878280639648,18.754863739013672,18.33462905883789,18.692607879638672,1323422
2005-10-17,8.786820411682129,18.669261932373047,18.381322860717773,18.54474639892578,2831498
2005-10-18,8.812631607055664,18.638132095336914,18.43579864501953,18.59922218322754,1420696
2005-10-19,8.78313159942627,18.59922218322754,18.140077590942383,18.536964416503906,2109328
2005-10-20,8.624577522277832,18.653696060180664,18.140077590942383,18.202335357666016,2325850
2005-10-21,8.609832763671875,18.396886825561523,18.132295608520508,18.171205520629883,2449724
2005-10-24,8.635640144348145,18.3424129486084,18.007781982421875,18.22568130493164,2184372
2005-10-25,8.620890617370605,18.25680923461914,18.085603713989258,18.19455337524414,1742846
2005-10-26,8.646703720092773,18.396886825561523,18.217899322509766,18.249027252197266,1944847
2005-10-27,8.60245418548584,18.30350112915039,18.093385696411133,18.155641555786133,1154701
2005-10-28,8.719234466552734,18.202335357666016,17.898832321166992,18.186769485473633,2019506
2005-10-31,8.681923866271973,18.31906509399414,18.007781982421875,18.108949661254883,3505223
2005-11-01,8.693116188049316,18.217899322509766,17.992218017578125,18.132295608520508,2278562
2005-11-02,8.693116188049316,18.178987503051758,17.945524215698242,18.132295608520508,1786664
2005-11-03,8.678194046020508,18.22568130493164,18.023345947265625,18.101167678833008,1332802
2005-11-04,8.689387321472168,18.186769485473633,17.992218017578125,18.124513626098633,3040182
2005-11-07,8.764007568359375,18.28793716430664,18.023345947265625,18.280155181884766,2379563
2005-11-08,8.640884399414062,18.24124526977539,17.945524215698242,18.023345947265625,2386245
2005-11-09,8.693116188049316,18.22568130493164,17.98443603515625,18.132295608520508,2446255
2005-11-10,8.756543159484863,18.30350112915039,18.0,18.264591217041016,1912337
2005-11-11,8.737887382507324,18.31906509399414,18.155641555786133,18.22568130493164,1011809
2005-11-14,8.59984016418457,18.19455337524414,17.883268356323242,17.937742233276367,2165225
2005-11-15,8.54761028289795,18.054475784301758,17.80544662475586,17.828794479370117,2976189
2005-11-16,8.40210247039795,17.898832321166992,17.463035583496094,17.525291442871094,2660593
2005-11-17,8.491642951965332,17.735408782958984,17.509727478027344,17.71206283569336,1778826
2005-11-18,8.487914085388184,17.821012496948242,17.6264591217041,17.704280853271484,2150833
2005-11-21,8.450605392456055,17.898832321166992,17.6264591217041,17.6264591217041,2943935
2005-11-22,8.219287872314453,17.408559799194336,17.042802810668945,17.14396858215332,6156564
2005-11-23,8.185705184936523,17.14396858215332,16.957197189331055,17.073930740356445,3382120
2005-11-25,8.185705184936523,17.11284065246582,16.996109008789062,17.073930740356445,1394739
2005-11-28,8.133475303649902,17.151750564575195,16.87159538269043,16.964981079101562,2927616
2005-11-29,8.126011848449707,17.089494705200195,16.941633224487305,16.94941520690918,2197093
2005-11-30,8.0215425491333,17.027236938476562,16.708171844482422,16.731517791748047,6556970
2005-12-01,8.025276184082031,16.90272331237793,16.708171844482422,16.739299774169922,3966024
2005-12-02,7.984237194061279,16.770427703857422,16.59922218322754,16.653696060180664,2864522
2005-12-05,7.920809745788574,16.669261932373047,16.45136260986328,16.521400451660156,3054445
2005-12-06,7.7230730056762695,16.25680923461914,15.914397239685059,16.108949661254883,10491383
2005-12-07,7.577561378479004,16.116731643676758,15.735408782958984,15.80544662475586,5913056
2005-12-08,7.5178680419921875,15.875486373901367,15.564202308654785,15.680933952331543,5830302
2005-12-09,7.510404586791992,15.844358444213867,15.610895156860352,15.665369987487793,3115097
2005-12-12,7.480558395385742,15.665369987487793,15.55642032623291,15.603113174438477,3167911
2005-12-13,7.53278923034668,15.75875473022461,15.57198429107666,15.712061882019043,4545174
2005-12-14,7.5626349449157715,15.891051292419434,15.642023086547852,15.77431869506836,3596201
2005-12-15,7.59621524810791,15.891051292419434,15.696497917175293,15.844358444213867,3332262
2005-12-16,7.652183532714844,16.023345947265625,15.80544662475586,15.961089134216309,4445715
2005-12-19,7.685758113861084,16.085603713989258,15.953307151794434,16.0311279296875,3426067
2005-12-20,7.734262466430664,16.186769485473633,15.992218017578125,16.132295608520508,4332378
2005-12-21,7.812612056732178,16.3424129486084,16.132295608520508,16.295719146728516,3940581
2005-12-22,7.685758113861084,16.178987503051758,15.75875473022461,16.0311279296875,5392631
2005-12-23,7.592487335205078,16.01556396484375,15.75875473022461,15.836576461791992,3467573
2005-12-27,7.52905797958374,15.8287935256958,15.680933952331543,15.704279899597168,4234718
2005-12-28,7.547713756561279,15.8287935256958,15.680933952331543,15.74319076538086,2520271
2005-12-29,7.558905124664307,15.821011543273926,15.680933952331543,15.766536712646484,3278035
2005-12-30,7.566368579864502,15.836576461791992,15.704279899597168,15.782100677490234,3461662
2006-01-03,7.655910968780518,15.992218017578125,15.782100677490234,15.9688720703125,3050205
2006-01-04,7.682028293609619,16.147859573364258,15.937743186950684,16.023345947265625,4156204
2006-01-05,7.640988826751709,16.140077590942383,15.929961204528809,15.937743186950684,3171766
2006-01-06,7.622333526611328,16.101167678833008,15.836576461791992,15.898833274841309,3417586
2006-01-09,7.670835971832275,16.101167678833008,15.844358444213867,16.0,3421313
2006-01-10,7.592487335205078,16.070039749145508,15.821011543273926,15.836576461791992,3645031
2006-01-11,7.551443576812744,15.914397239685059,15.735408782958984,15.750972747802734,2819804
2006-01-12,7.607410907745361,15.891051292419434,15.719843864440918,15.867704391479492,5299854
2006-01-13,7.655910968780518,16.0,15.875486373901367,15.9688720703125,4285218
2006-01-17,7.667102813720703,16.038911819458008,15.875486373901367,15.992218017578125,2944578
2006-01-18,7.719337463378906,16.132295608520508,15.953307151794434,16.101167678833008,3166754
2006-01-19,7.752915859222412,16.21011734008789,16.062257766723633,16.171205520629883,4061756
2006-01-20,7.73052978515625,16.202335357666016,16.093385696411133,16.124513626098633,2874288
2006-01-23,7.786492824554443,16.264591217041016,16.108949661254883,16.24124526977539,3255676
2006-01-24,7.876040458679199,16.48249053955078,16.202335357666016,16.428016662597656,4165970
2006-01-25,7.902157783508301,16.505836486816406,16.365758895874023,16.48249053955078,3347297
2006-01-26,7.721866130828857,16.45136260986328,15.852140426635742,15.898833274841309,5723519
2006-01-27,7.865489959716797,16.19455337524414,15.883268356323242,16.19455337524414,2535177
2006-01-30,7.854154586791992,16.25680923461914,16.046693801879883,16.171205520629883,2303491
2006-01-31,7.83525276184082,16.21011734008789,15.953307151794434,16.132295608520508,3224579
2006-02-01,7.92974853515625,16.365758895874023,16.070039749145508,16.326847076416016,2998805
2006-02-02,7.839037895202637,16.30350112915039,16.070039749145508,16.140077590942383,3004202
2006-02-03,7.9940032958984375,16.57587432861328,16.22568130493164,16.459144592285156,6492077
2006-02-06,7.895730495452881,16.48249053955078,16.155641555786133,16.25680923461914,3581809
2006-02-07,7.8087968826293945,16.264591217041016,15.929961204528809,16.077821731567383,3035042
2006-02-08,7.801241397857666,16.116731643676758,15.953307151794434,16.062257766723633,1845903
2006-02-09,7.774780750274658,16.132295608520508,15.883268356323242,16.007781982421875,2522198
2006-02-10,7.736984729766846,16.116731643676758,15.852140426635742,15.929961204528809,3269169
2006-02-13,7.729423522949219,16.01556396484375,15.766536712646484,15.914397239685059,1968748
2006-02-14,7.752102851867676,16.023345947265625,15.844358444213867,15.961089134216309,2047133
2006-02-15,7.786115646362305,16.085603713989258,15.836576461791992,16.0311279296875,2195423
2006-02-16,7.786115646362305,16.054475784301758,15.9688720703125,16.0311279296875,2171008
2006-02-17,7.789900779724121,16.116731643676758,15.937743186950684,16.038911819458008,1870318
2006-02-21,7.774780750274658,16.163423538208008,15.922179222106934,16.007781982421875,1974531
2006-02-22,7.910847187042236,16.412450790405273,16.062257766723633,16.28793716430664,2410660
2006-02-23,7.797459125518799,16.35797691345215,15.976654052734375,16.054475784301758,2732553
2006-02-24,7.9184064865112305,16.38910484313965,16.101167678833008,16.30350112915039,2721630
2006-02-27,8.084714889526367,16.653696060180664,16.46692657470703,16.64591407775879,3135786
2006-02-28,7.948643207550049,16.653696060180664,16.30350112915039,16.365758895874023,3121908
2006-03-01,8.069594383239746,16.63035011291504,16.42023277282715,16.61478614807129,2615618
2006-03-02,7.9637627601623535,16.692607879638672,16.311283111572266,16.396886825561523,3490317
2006-03-03,7.982663154602051,16.56031036376953,16.311283111572266,16.43579864501953,2053301
2006-03-06,7.865489959716797,16.49805450439453,16.124513626098633,16.19455337524414,2715719
2006-03-07,7.850371837615967,16.27237319946289,16.077821731567383,16.163423538208008,1940350
2006-03-08,7.842813968658447,16.25680923461914,15.953307151794434,16.147859573364258,2766220
2006-03-09,7.846593856811523,16.27237319946289,16.124513626098633,16.155641555786133,2248750
2006-03-10,7.8692731857299805,16.27237319946289,16.101167678833008,16.202335357666016,2455378
2006-03-13,7.925963878631592,16.428016662597656,16.085603713989258,16.31906509399414,3775587
2006-03-14,7.842813968658447,16.25680923461914,15.9688720703125,16.147859573364258,3661608
2006-03-15,7.714303970336914,16.33462905883789,15.80544662475586,15.883268356323242,4725074
2006-03-16,7.370354652404785,15.175097465515137,14.66926097869873,15.175097465515137,31143003
2006-03-17,7.4232707023620605,15.361867904663086,15.042801856994629,15.28404712677002,8972256
2006-03-20,7.464845657348633,15.369649887084961,15.175097465515137,15.369649887084961,5117770
2006-03-21,7.5555596351623535,15.57198429107666,15.268482208251953,15.55642032623291,6334408
2006-03-22,7.657607555389404,15.867704391479492,15.447470664978027,15.766536712646484,6665424
2006-03-23,7.76344108581543,16.046693801879883,15.766536712646484,15.98443603515625,5042469
2006-03-24,7.895730495452881,16.264591217041016,16.0311279296875,16.25680923461914,5901748
2006-03-27,7.967544078826904,16.42023277282715,16.202335357666016,16.4046688079834,6303568
2006-03-28,7.910847187042236,16.505836486816406,16.21011734008789,16.28793716430664,5437221
2006-03-29,8.058253288269043,16.661479949951172,16.33462905883789,16.591440200805664,4567276
2006-03-30,8.043136596679688,16.61478614807129,16.381322860717773,16.56031036376953,6381053
2006-03-31,8.111166000366211,16.801555633544922,16.57587432861328,16.700389862060547,5172382
2006-04-03,8.182988166809082,16.894941329956055,16.684825897216797,16.848249435424805,4814767
2006-04-04,8.167863845825195,16.84046745300293,16.661479949951172,16.817121505737305,5212474
2006-04-05,8.224562644958496,16.972763061523438,16.739299774169922,16.93385124206543,3562149
2006-04-06,8.198103904724121,16.926069259643555,16.739299774169922,16.879377365112305,3540946
2006-04-07,8.141407012939453,16.894941329956055,16.754863739013672,16.762645721435547,3337402
2006-04-10,8.148969650268555,16.793773651123047,16.653696060180664,16.778209686279297,3160972
2006-04-11,8.145183563232422,17.027236938476562,16.708171844482422,16.770427703857422,5073566
2006-04-12,8.024239540100098,16.739299774169922,16.474708557128906,16.521400451660156,3300523
2006-04-13,8.009117126464844,16.64591407775879,16.3735408782959,16.490272521972656,3044808
2006-04-17,8.06203556060791,16.700389862060547,16.490272521972656,16.59922218322754,2342555
2006-04-18,8.088491439819336,16.754863739013672,16.52918243408203,16.653696060180664,3514090
2006-04-19,8.130069732666016,16.747081756591797,16.57587432861328,16.739299774169922,2618188
2006-04-20,8.205663681030273,16.90272331237793,16.63035011291504,16.894941329956055,3552383
2006-04-21,8.24724006652832,17.003890991210938,16.80933952331543,16.980545043945312,3268912
2006-04-24,8.41732406616211,17.40077781677246,16.964981079101562,17.330738067626953,4770691
2006-04-25,8.447562217712402,17.431907653808594,17.252918243408203,17.392995834350586,3437504
2006-04-26,8.55339527130127,17.6575870513916,17.42412567138672,17.61089515686035,3673430
2006-04-27,8.606728553771973,17.719844818115234,17.35408592224121,17.57976722717285,3266085
2006-04-28,8.641019821166992,17.688716888427734,17.509727478027344,17.649805068969727,3906271
2006-05-01,8.656261444091797,17.813230514526367,17.54863739013672,17.68093490600586,3257218
2006-05-02,8.785801887512207,18.038911819458008,17.54863739013672,17.945524215698242,3845619
2006-05-03,8.7172212600708,17.945524215698242,17.735408782958984,17.80544662475586,2772388
2006-05-04,8.71341323852539,17.898832321166992,17.77431869506836,17.797664642333984,1606636
2006-05-05,8.762941360473633,17.961088180541992,17.797664642333984,17.898832321166992,3544801
2006-05-08,8.778179168701172,18.038911819458008,17.74319076538086,17.929960250854492,2149163
2006-05-09,8.861998558044434,18.116731643676758,17.859922409057617,18.101167678833008,3205176
2006-05-10,8.797224998474121,18.116731643676758,17.859922409057617,17.9688720703125,1749142
2006-05-11,8.7362699508667,17.961088180541992,17.80544662475586,17.844358444213867,1806068
2006-05-12,8.667692184448242,17.844358444213867,17.68093490600586,17.704280853271484,2357461
2006-05-15,8.68674373626709,17.74319076538086,17.556419372558594,17.74319076538086,2710965
2006-05-16,8.614355087280273,17.72762680053711,17.51750946044922,17.5953311920166,2929158
2006-05-17,8.55339241027832,17.587549209594727,17.299610137939453,17.47081756591797,3985813
2006-05-18,8.59149169921875,17.750972747802734,17.252918243408203,17.54863739013672,3228434
2006-05-19,8.526724815368652,17.603113174438477,17.36964988708496,17.41634178161621,2639776
2006-05-22,8.541963577270508,17.556419372558594,17.307392120361328,17.447471618652344,2769561
2006-05-23,8.541963577270508,17.6264591217041,17.40077781677246,17.447471618652344,2009611
2006-05-24,8.545770645141602,17.54863739013672,17.151750564575195,17.45525360107422,2685393
2006-05-25,8.66007137298584,17.69649887084961,17.431907653808594,17.688716888427734,2602511
2006-05-26,8.656261444091797,17.750972747802734,17.587549209594727,17.68093490600586,2594030
2006-05-30,8.561010360717773,17.6575870513916,17.478599548339844,17.48638153076172,2099819
2006-05-31,8.610541343688965,17.5953311920166,17.431907653808594,17.587549209594727,1819046
2006-06-01,8.66007137298584,17.782100677490234,17.509727478027344,17.688716888427734,2305547
2006-06-02,8.637213706970215,17.688716888427734,17.51750946044922,17.64202308654785,1535447
2006-06-05,8.648643493652344,17.74319076538086,17.556419372558594,17.66537094116211,1973117
2006-06-06,8.59149169921875,17.71206283569336,17.38521385192871,17.54863739013672,2381362
2006-06-07,8.545770645141602,17.71206283569336,17.41634178161621,17.45525360107422,2803999
2006-06-08,8.34765625,17.47081756591797,16.894941329956055,17.05058479309082,5351511
2006-06-09,8.43147087097168,17.330738067626953,16.941633224487305,17.221790313720703,1660991
2006-06-12,8.461952209472656,17.361867904663086,17.17509651184082,17.284046173095703,1562560
2006-06-13,8.36670207977295,17.361867904663086,17.042802810668945,17.089494705200195,2410403
2006-06-14,8.385751724243164,17.307392120361328,16.941633224487305,17.12840461730957,3659552
2006-06-15,8.416231155395508,17.19066047668457,16.894941329956055,17.19066047668457,2232302
2006-06-16,8.427661895751953,17.36964988708496,17.11284065246582,17.214008331298828,2818648
2006-06-19,8.381939888000488,17.330738067626953,17.105058670043945,17.120622634887695,1994705
2006-06-20,8.469573020935059,17.431907653808594,16.964981079101562,17.299610137939453,3492887
2006-06-21,8.446712493896484,17.431907653808594,17.198444366455078,17.252918243408203,1686049
2006-06-22,8.324797630310059,17.214008331298828,17.003890991210938,17.003890991210938,2312743
2006-06-23,8.309552192687988,17.09727668762207,16.801555633544922,16.972763061523438,2001259
2006-06-26,8.328607559204102,17.120622634887695,16.926069259643555,17.011672973632812,2042379
2006-06-27,8.31717300415039,17.089494705200195,16.85603141784668,16.988327026367188,2577710
2006-06-28,8.28669548034668,17.19066047668457,16.505836486816406,16.926069259643555,3386361
2006-06-29,8.340034484863281,17.120622634887695,16.894941329956055,17.035018920898438,3010884
2006-06-30,8.423851013183594,17.206226348876953,16.93385124206543,17.206226348876953,2902173
2006-07-03,8.416231155395508,17.276264190673828,17.14396858215332,17.19066047668457,1328562
2006-07-05,8.43147087097168,17.431907653808594,17.17509651184082,17.221790313720703,2432377
2006-07-06,8.381939888000488,17.268482208251953,16.94941520690918,17.120622634887695,2713920
2006-07-07,8.328607559204102,17.11284065246582,16.910505294799805,17.011672973632812,2663163
2006-07-10,8.492433547973633,17.42412567138672,17.027236938476562,17.346303939819336,3766206
2006-07-11,8.511480331420898,17.48638153076172,17.214008331298828,17.38521385192871,2462060
2006-07-12,8.488621711730957,17.45525360107422,17.221790313720703,17.338520050048828,1713548
2006-07-13,8.381939888000488,17.447471618652344,17.08171272277832,17.120622634887695,1787050
2006-07-14,8.34765625,17.105058670043945,17.003890991210938,17.05058479309082,2017064
2006-07-17,8.393376350402832,17.229572296142578,16.988327026367188,17.14396858215332,1186569
2006-07-18,8.38956356048584,17.151750564575195,16.980545043945312,17.136186599731445,1865949
2006-07-19,8.423851013183594,17.330738067626953,17.120622634887695,17.206226348876953,1574125
2006-07-20,8.362894058227539,17.276264190673828,17.058366775512695,17.08171272277832,2762750
2006-07-21,8.343842506408691,17.12840461730957,16.957197189331055,17.042802810668945,2712764
2006-07-24,8.336221694946289,17.058366775512695,16.879377365112305,17.027236938476562,1667545
2006-07-25,8.36670207977295,17.120622634887695,16.88715934753418,17.089494705200195,1816091
2006-07-26,8.275260925292969,17.09727668762207,16.87159538269043,16.90272331237793,2206988
2006-07-27,8.163850784301758,16.88715934753418,16.490272521972656,16.536964416503906,2269053
2006-07-28,8.352096557617188,16.926069259643555,16.607004165649414,16.91828727722168,2055743
2006-07-31,8.259897232055664,16.85603141784668,16.677043914794922,16.731517791748047,2560234
2006-08-01,8.271424293518066,16.80933952331543,16.54474639892578,16.754863739013672,2478251
2006-08-02,8.325204849243164,16.879377365112305,16.607004165649414,16.863813400268555,1903085
2006-08-03,8.275261878967285,16.926069259643555,16.731517791748047,16.762645721435547,2059598
2006-08-04,8.402042388916016,17.027236938476562,16.817121505737305,17.019454956054688,2040708
2006-08-07,8.436617851257324,17.09727668762207,16.863813400268555,17.089494705200195,2489559
2006-08-08,8.4750394821167,17.182878494262695,17.058366775512695,17.167314529418945,2582208
2006-08-09,8.482717514038086,17.330738067626953,17.15953254699707,17.182878494262695,2188484
2006-08-10,8.578767776489258,17.38521385192871,17.089494705200195,17.377431869506836,2667403
2006-08-11,8.590292930603027,17.40077781677246,17.268482208251953,17.40077781677246,1312756
2006-08-14,8.724756240844727,17.74319076538086,17.38521385192871,17.673152923583984,3137842
2006-08-15,8.75549030303955,17.797664642333984,17.649805068969727,17.735408782958984,1930584
2006-08-16,8.720914840698242,17.821012496948242,17.53307342529297,17.66537094116211,1211498
2006-08-17,8.705546379089355,17.71206283569336,17.53307342529297,17.634241104125977,1234371
2006-08-18,8.720914840698242,17.766536712646484,17.57976722717285,17.66537094116211,1561661
2006-08-21,8.790066719055176,17.937742233276367,17.68093490600586,17.80544662475586,2057285
2006-08-22,8.728599548339844,17.821012496948242,17.68093490600586,17.68093490600586,1400907
2006-08-23,8.86306095123291,17.98443603515625,17.649805068969727,17.953306198120117,2653525
2006-08-24,8.936056137084961,18.147859573364258,17.945524215698242,18.101167678833008,4321198
2006-08-25,9.112781524658203,18.56031036376953,18.101167678833008,18.459144592285156,4075249
2006-08-28,9.147356033325195,18.568092346191406,18.33462905883789,18.52918243408203,2466943
2006-08-29,9.181929588317871,18.622568130493164,18.443580627441406,18.59922218322754,2284473
2006-08-30,9.15503978729248,18.692607879638672,18.52918243408203,18.54474639892578,1637733
2006-08-31,9.143511772155762,18.677043914794922,18.4046688079834,18.521400451660156,1711749
2006-09-01,9.170409202575684,18.638132095336914,18.43579864501953,18.57587432861328,1607150
2006-09-05,9.097411155700684,18.56031036376953,18.381322860717773,18.428016662597656,2321096
2006-09-06,9.05515193939209,18.4046688079834,18.28793716430664,18.3424129486084,2499454
2006-09-07,9.039783477783203,18.4046688079834,18.28793716430664,18.311283111572266,2718289
2006-09-08,9.035940170288086,18.428016662597656,18.24124526977539,18.30350112915039,3113298
2006-09-11,9.02825927734375,18.4046688079834,18.27237319946289,18.28793716430664,2091209
2006-09-12,9.02825927734375,18.326847076416016,18.233463287353516,18.28793716430664,2384446
2006-09-13,9.051310539245605,18.4046688079834,18.202335357666016,18.33462905883789,1700955
2006-09-14,9.02825927734375,18.35797691345215,18.27237319946289,18.28793716430664,2704154
2006-09-15,8.970633506774902,18.3735408782959,18.171205520629883,18.171205520629883,3680240
2006-09-18,8.955265998840332,18.21011734008789,18.101167678833008,18.140077590942383,3630768
2006-09-19,8.901482582092285,18.155641555786133,17.976654052734375,18.0311279296875,3828914
2006-09-20,8.936056137084961,18.186769485473633,17.992218017578125,18.101167678833008,3367343
2006-09-21,9.097411155700684,18.910505294799805,18.30350112915039,18.428016662597656,10477505
2006-09-22,9.02825927734375,18.43579864501953,18.22568130493164,18.28793716430664,3094409
2006-09-25,9.216507911682129,18.754863739013672,18.396886825561523,18.669261932373047,5603243
2006-09-26,9.324077606201172,18.941633224487305,18.63035011291504,18.88715934753418,2393184
2006-09-27,9.404757499694824,19.073930740356445,18.817121505737305,19.05058479309082,3625885
2006-09-28,9.427810668945312,19.19066047668457,18.957197189331055,19.09727668762207,2440344
2006-09-29,9.404757499694824,19.15953254699707,18.972763061523438,19.05058479309082,2009483
2006-10-02,9.381702423095703,19.14396858215332,18.972763061523438,19.003890991210938,1529921
2006-10-03,9.397074699401855,19.206226348876953,18.957197189331055,19.035018920898438,2630267
2006-10-04,9.493117332458496,19.291828155517578,19.027236938476562,19.229572296142578,2541473
2006-10-05,9.604533195495605,19.5953311920166,19.237354278564453,19.45525360107422,5310134
2006-10-06,9.600688934326172,19.463035583496094,19.315174102783203,19.447471618652344,3288315
2006-10-09,9.604533195495605,19.603113174438477,19.338520050048828,19.45525360107422,4042481
2006-10-10,9.639101028442383,19.603113174438477,19.307392120361328,19.525291442871094,4127677
2006-10-11,9.646790504455566,19.844358444213867,19.48638153076172,19.540855407714844,4193212
2006-10-12,9.623739242553711,19.68093490600586,19.478599548339844,19.494163513183594,3800387
2006-10-13,9.650629043579102,19.56420135498047,19.322956085205078,19.54863739013672,2296552
2006-10-16,9.75820255279541,19.844358444213867,19.509727478027344,19.766536712646484,3629097
2006-10-17,9.904191017150879,20.062257766723633,19.75875473022461,20.062257766723633,6860744
2006-10-18,9.91955852508545,20.217899322509766,20.038911819458008,20.093385696411133,8864059
2006-10-19,9.900352478027344,20.171205520629883,19.953306198120117,20.054475784301758,5201680
2006-10-20,9.965658187866211,20.24124526977539,20.007781982421875,20.186769485473633,3038126
2006-10-23,9.988710403442383,20.28793716430664,20.140077590942383,20.233463287353516,3400624
2006-10-24,9.915718078613281,20.202335357666016,19.945524215698242,20.085603713989258,4960100
2006-10-25,9.996397018432617,20.30350112915039,20.054475784301758,20.249027252197266,3601213
2006-10-26,9.95384407043457,20.186769485473633,19.883268356323242,20.023345947265625,5904704
2006-10-27,10.038949966430664,20.311283111572266,20.038911819458008,20.19455337524414,4694105
2006-10-30,10.066031455993652,20.30350112915039,20.077821731567383,20.249027252197266,4742421
2006-10-31,10.116326332092285,20.365758895874023,20.163423538208008,20.350194931030273,3769162
2006-11-01,10.04281997680664,20.365758895874023,20.186769485473633,20.202335357666016,6903663
2006-11-02,10.038949966430664,20.28793716430664,20.085603713989258,20.19455337524414,4822605
2006-11-03,9.895813941955566,20.22568130493164,19.852140426635742,19.906614303588867,4305007
2006-11-06,9.8455228805542,20.085603713989258,19.69649887084961,19.80544662475586,5343544
2006-11-07,9.860993385314941,20.046693801879883,19.836576461791992,19.836576461791992,3624857
2006-11-08,9.810705184936523,19.953306198120117,19.61089515686035,19.735408782958984,5662995
2006-11-09,9.80683708190918,19.828794479370117,19.66537094116211,19.72762680053711,4017938
2006-11-10,9.884209632873535,20.0311279296875,19.735408782958984,19.883268356323242,2903715
2006-11-13,9.80683708190918,19.78988265991211,19.649805068969727,19.72762680053711,2445484
2006-11-14,9.799098014831543,19.77431869506836,19.56420135498047,19.71206283569336,3128590
2006-11-15,9.787494659423828,19.945524215698242,19.688716888427734,19.688716888427734,2517058
2006-11-16,9.802964210510254,19.78988265991211,19.64202308654785,19.719844818115234,2386117
2006-11-17,9.756547927856445,19.719844818115234,19.571983337402344,19.6264591217041,2481721
2006-11-20,9.663697242736816,19.673152923583984,19.41634178161621,19.43968963623047,3648244
2006-11-21,9.717856407165527,19.618677139282227,19.447471618652344,19.54863739013672,3786509
2006-11-22,9.752676963806152,19.6575870513916,19.525291442871094,19.618677139282227,2018092
2006-11-24,9.679173469543457,19.56420135498047,19.43968963623047,19.47081756591797,1095977
2006-11-27,9.764284133911133,19.66537094116211,19.47081756591797,19.64202308654785,4116626
2006-11-28,9.919022560119629,20.0311279296875,19.64202308654785,19.953306198120117,5276853
2006-11-29,10.035079956054688,20.311283111572266,19.9688720703125,20.186769485473633,4991583
2006-11-30,9.94223690032959,20.155641555786133,19.992218017578125,20.0,4520373
2006-12-01,9.965448379516602,20.178987503051758,19.859922409057617,20.046693801879883,2881484
2006-12-04,10.089241981506348,20.381322860717773,19.898832321166992,20.295719146728516,2545071
2006-12-05,10.046688079833984,20.295719146728516,20.147859573364258,20.21011734008789,2337929
2006-12-06,9.822315216064453,20.21011734008789,19.66537094116211,19.75875473022461,5714138
2006-12-07,9.895813941955566,20.217899322509766,19.867704391479492,19.906614303588867,3996221
2006-12-08,10.081502914428711,20.311283111572266,20.007781982421875,20.280155181884766,6103236
2006-12-11,10.058293342590332,20.35797691345215,20.186769485473633,20.233463287353516,2211100
2006-12-12,10.213037490844727,20.568092346191406,20.217899322509766,20.54474639892578,3570373
2006-12-13,10.398726463317871,20.91828727722168,20.58365821838379,20.91828727722168,5858444
2006-12-14,10.29814624786377,20.93385124206543,20.684825897216797,20.715953826904297,3013839
2006-12-15,10.243985176086426,20.723735809326172,20.56031036376953,20.607004165649414,4051219
2006-12-18,10.274934768676758,20.715953826904297,20.52918243408203,20.669261932373047,3258118
2006-12-19,10.363913536071777,20.941633224487305,20.661479949951172,20.848249435424805,4558538
2006-12-20,10.387124061584473,21.073930740356445,20.785991668701172,20.894941329956055,4932730
2006-12-21,10.576679229736328,22.062257766723633,21.245136260986328,21.276264190673828,13624084
2006-12-22,10.530255317687988,21.315174102783203,21.027236938476562,21.182878494262695,2760694
2006-12-26,10.565080642700195,21.408559799194336,21.105058670043945,21.252918243408203,2646715
2006-12-27,10.483832359313965,21.447471618652344,21.06614875793457,21.089494705200195,6369745
2006-12-28,10.441283226013184,21.198444366455078,20.91828727722168,21.003890991210938,4421171
2006-12-29,10.445149421691895,21.089494705200195,20.817121505737305,21.011672973632812,3326608
2007-01-03,10.445149421691895,21.260700225830078,20.988327026367188,21.011672973632812,5653486
2007-01-04,10.64631462097168,21.42412567138672,21.011672973632812,21.41634178161621,9729506
2007-01-05,10.572816848754883,21.57976722717285,21.206226348876953,21.268482208251953,5537194
2007-01-08,10.642448425292969,21.41634178161621,21.09727668762207,21.408559799194336,4350882
2007-01-09,10.642448425292969,21.478599548339844,21.19066047668457,21.408559799194336,6838385
2007-01-10,10.576679229736328,21.361867904663086,21.06614875793457,21.276264190673828,4879017
2007-01-11,10.615367889404297,21.392995834350586,21.252918243408203,21.35408592224121,3762480
2007-01-12,10.464489936828613,21.346303939819336,21.035018920898438,21.05058479309082,4035157
2007-01-16,10.518654823303223,21.221790313720703,20.980545043945312,21.15953254699707,4532838
2007-01-17,10.441283226013184,21.15953254699707,20.988327026367188,21.003890991210938,4141298
2007-01-18,10.410333633422852,21.307392120361328,20.747081756591797,20.941633224487305,4613921
2007-01-19,10.313617706298828,20.941633224487305,20.731517791748047,20.747081756591797,5627529
2007-01-22,10.383257865905762,21.011672973632812,20.739299774169922,20.88715934753418,4624201
2007-01-23,10.313617706298828,20.879377365112305,20.661479949951172,20.747081756591797,5155163
2007-01-24,10.325223922729492,20.801555633544922,20.684825897216797,20.770427703857422,5623032
2007-01-25,10.294063568115234,20.669261932373047,20.505836486816406,20.568092346191406,4268899
2007-01-26,10.16164493560791,20.58365821838379,20.155641555786133,20.30350112915039,5748191
2007-01-29,10.157747268676758,20.52918243408203,20.264591217041016,20.295719146728516,6559797
2007-01-30,10.029218673706055,20.381322860717773,19.945524215698242,20.038911819458008,6848793
2007-01-31,10.013635635375977,20.178987503051758,19.9688720703125,20.007781982421875,5829788
2007-02-01,10.064271926879883,20.163423538208008,19.922178268432617,20.108949661254883,6450186
2007-02-02,10.048688888549805,20.132295608520508,20.0,20.077821731567383,2793847
2007-02-05,9.935741424560547,20.007781982421875,19.828794479370117,19.852140426635742,3506765
2007-02-06,9.924057006835938,20.007781982421875,19.80544662475586,19.828794479370117,3815550
2007-02-07,9.908477783203125,19.883268356323242,19.719844818115234,19.797664642333984,3266342
2007-02-08,9.978581428527832,20.054475784301758,19.719844818115234,19.937742233276367,7349301
2007-02-09,9.924057006835938,20.0,19.821012496948242,19.828794479370117,6239703
2007-02-12,9.943534851074219,19.945524215698242,19.836576461791992,19.867704391479492,4764780
2007-02-13,10.114904403686523,20.22568130493164,19.922178268432617,20.21011734008789,3746417
2007-02-14,10.068164825439453,20.249027252197266,20.070039749145508,20.116731643676758,5633183
2007-02-15,10.16164493560791,20.443580627441406,19.953306198120117,20.30350112915039,3859369
2007-02-16,10.103217124938965,20.428016662597656,20.116731643676758,20.186769485473633,2571157
2007-02-20,10.223959922790527,20.54474639892578,20.0311279296875,20.428016662597656,4010999
2007-02-21,10.072061538696289,20.3735408782959,20.101167678833008,20.124513626098633,2732810
2007-02-22,9.970795631408691,20.21011734008789,19.859922409057617,19.922178268432617,2667660
2007-02-23,9.943534851074219,20.007781982421875,19.782100677490234,19.867704391479492,3028745
2007-02-26,9.877318382263184,19.883268356323242,19.719844818115234,19.735408782958984,3800901
2007-02-27,9.733205795288086,19.898832321166992,19.36964988708496,19.447471618652344,6291746
2007-02-28,9.81889533996582,19.72762680053711,19.463035583496094,19.618677139282227,4222125
2007-03-01,9.79162883758545,19.704280853271484,19.214008331298828,19.56420135498047,4270441
2007-03-02,9.507308959960938,19.53307342529297,18.996109008789062,18.996109008789062,5738939
2007-03-05,9.437203407287598,19.08171272277832,18.754863739013672,18.85603141784668,5434265
2007-03-06,9.577417373657227,19.136186599731445,18.863813400268555,19.136186599731445,3304506
2007-03-07,9.581310272216797,19.252918243408203,18.996109008789062,19.14396858215332,4411919
2007-03-08,9.71373462677002,19.43968963623047,19.167314529418945,19.408559799194336,3401010
2007-03-09,9.79162883758545,19.61089515686035,19.35408592224121,19.56420135498047,3192840
2007-03-12,9.787734985351562,19.78988265991211,19.509727478027344,19.556419372558594,3857441
2007-03-13,9.476149559020996,19.478599548339844,18.87159538269043,18.93385124206543,5297284
2007-03-14,9.417729377746582,18.996109008789062,18.669261932373047,18.817121505737305,7391320
2007-03-15,9.398253440856934,18.894941329956055,18.684825897216797,18.778209686279297,6592307
2007-03-16,9.483939170837402,19.11284065246582,18.715953826904297,18.94941520690918,6437079
2007-03-19,9.487833976745605,19.120622634887695,18.90272331237793,18.957197189331055,4736125
2007-03-20,9.55794620513916,19.11284065246582,18.879377365112305,19.09727668762207,5276210
2007-03-21,9.694257736206055,19.40077781677246,18.957197189331055,19.36964988708496,4343686
2007-03-22,9.686474800109863,19.603113174438477,19.206226348876953,19.35408592224121,7785686
2007-03-23,9.69815444946289,19.43968963623047,19.245136260986328,19.377431869506836,4458179
2007-03-26,9.655309677124023,19.47081756591797,19.058366775512695,19.291828155517578,4333534
2007-03-27,9.503410339355469,19.61089515686035,18.957197189331055,18.988327026367188,4964084
2007-03-28,9.589102745056152,19.260700225830078,18.926069259643555,19.15953254699707,4562264
2007-03-29,9.577417373657227,19.36964988708496,18.94941520690918,19.136186599731445,6307551
2007-03-30,9.702047348022461,19.42412567138672,19.073930740356445,19.38521385192871,9101398
2007-04-02,9.639729499816895,19.463035583496094,19.214008331298828,19.260700225830078,5980904
2007-04-03,9.69815444946289,19.45525360107422,19.252918243408203,19.377431869506836,6757430
2007-04-04,9.678679466247559,19.494163513183594,19.237354278564453,19.338520050048828,4697960
2007-04-05,9.631938934326172,19.346303939819336,19.17509651184082,19.245136260986328,3363102
2007-04-09,9.709840774536133,19.53307342529297,19.291828155517578,19.40077781677246,4227779
2007-04-10,9.78384017944336,19.603113174438477,19.291828155517578,19.54863739013672,5279423
2007-04-11,9.655309677124023,19.509727478027344,19.198444366455078,19.291828155517578,5359221
2007-04-12,9.639729499816895,19.361867904663086,19.198444366455078,19.260700225830078,4083730
2007-04-13,9.628049850463867,19.54863739013672,19.19066047668457,19.237354278564453,5875920
2007-04-16,9.702047348022461,19.51750946044922,19.182878494262695,19.38521385192871,5250639
2007-04-17,9.79941463470459,19.735408782958984,19.330738067626953,19.57976722717285,7760243
2007-04-18,9.79941463470459,19.61089515686035,19.36964988708496,19.57976722717285,5613266
2007-04-19,9.748786926269531,19.54863739013672,19.45525360107422,19.478599548339844,7225427
2007-04-20,9.815001487731934,19.61089515686035,19.41634178161621,19.61089515686035,5879518
2007-04-23,9.764369010925293,19.6575870513916,19.494163513183594,19.509727478027344,4136415
2007-04-24,9.772156715393066,19.56420135498047,19.47081756591797,19.525291442871094,3492245
2007-04-25,9.772156715393066,19.68093490600586,19.48638153076172,19.525291442871094,5283149
2007-04-26,9.66699504852295,19.61089515686035,19.299610137939453,19.315174102783203,5582169
2007-04-27,9.647384643554688,19.221790313720703,19.11284065246582,19.136186599731445,3675229
2007-04-30,9.643457412719727,19.237354278564453,18.93385124206543,19.12840461730957,3982215
2007-05-01,9.706231117248535,19.50194549560547,18.762645721435547,19.252918243408203,4123950
2007-05-02,9.670921325683594,19.284046173095703,19.08171272277832,19.182878494262695,5674175
2007-05-03,9.65522575378418,19.221790313720703,19.003890991210938,19.151750564575195,4402924
2007-05-04,9.678765296936035,19.260700225830078,19.136186599731445,19.198444366455078,2799244
2007-05-07,9.772924423217773,19.41634178161621,19.151750564575195,19.38521385192871,3759910
2007-05-08,9.772924423217773,19.478599548339844,19.307392120361328,19.38521385192871,5373999
2007-05-09,9.776846885681152,19.40077781677246,19.284046173095703,19.392995834350586,2285373
2007-05-10,9.51399040222168,19.330738067626953,18.82490348815918,18.87159538269043,4072293
2007-05-11,9.568913459777832,19.027236938476562,18.785991668701172,18.980545043945312,5343159
2007-05-14,9.5963773727417,19.09727668762207,18.910505294799805,19.035018920898438,3471813
2007-05-15,9.792540550231934,19.525291442871094,18.980545043945312,19.42412567138672,5381709
2007-05-16,9.878853797912598,19.603113174438477,19.377431869506836,19.5953311920166,3022320
2007-05-17,9.867083549499512,19.688716888427734,19.509727478027344,19.571983337402344,3110985
2007-05-18,9.953396797180176,19.74319076538086,19.54863739013672,19.74319076538086,3389702
2007-05-21,9.878853797912598,19.75875473022461,19.54863739013672,19.5953311920166,3503167
2007-05-22,9.945549964904785,19.74319076538086,19.494163513183594,19.72762680053711,4464347
2007-05-23,10.07109546661377,20.070039749145508,19.71206283569336,19.976654052734375,5806658
2007-05-24,10.027939796447754,20.202335357666016,19.836576461791992,19.891050338745117,4021921
2007-05-25,10.067171096801758,20.046693801879883,19.867704391479492,19.9688720703125,1724856
2007-05-29,10.043631553649902,20.124513626098633,19.891050338745117,19.922178268432617,2443299
2007-05-30,10.016172409057617,19.929960250854492,19.766536712646484,19.867704391479492,2695159
2007-05-31,10.004399299621582,19.9688720703125,19.766536712646484,19.844358444213867,2749258
2007-06-01,10.204487800598145,20.249027252197266,19.867704391479492,20.24124526977539,4359363
2007-06-04,10.173101425170898,20.22568130493164,19.9688720703125,20.178987503051758,3043908
2007-06-05,10.118170738220215,20.163423538208008,19.929960250854492,20.070039749145508,3590547
2007-06-06,9.961246490478516,20.007781982421875,19.69649887084961,19.75875473022461,2858611
2007-06-07,9.81215763092041,19.78988265991211,19.447471618652344,19.463035583496094,4022821
2007-06-08,9.9887056350708,19.821012496948242,19.447471618652344,19.813230514526367,3534393
2007-06-11,10.008320808410645,20.054475784301758,19.61089515686035,19.852140426635742,2649927
2007-06-12,9.98085880279541,20.132295608520508,19.766536712646484,19.797664642333984,4138214
2007-06-13,10.075020790100098,19.98443603515625,19.69649887084961,19.98443603515625,3423369
2007-06-14,10.14564037322998,20.155641555786133,19.945524215698242,20.124513626098633,2960769
2007-06-15,10.12209701538086,20.25680923461914,20.038911819458008,20.077821731567383,3583351
2007-06-18,10.094635963439941,20.147859573364258,19.976654052734375,20.023345947265625,3342028
2007-06-19,10.035785675048828,19.961088180541992,19.844358444213867,19.906614303588867,3063312
2007-06-20,10.07109546661377,20.116731643676758,19.906614303588867,19.976654052734375,3618817
2007-06-21,10.129945755004883,20.132295608520508,19.494163513183594,20.093385696411133,3729970
2007-06-22,9.9887056350708,20.062257766723633,19.782100677490234,19.813230514526367,4919880
2007-06-25,9.886702537536621,20.0311279296875,19.54863739013672,19.61089515686035,4358463
2007-06-26,10.027939796447754,19.953306198120117,19.61089515686035,19.891050338745117,6052736
2007-06-27,10.475192070007324,21.042802810668945,19.844358444213867,20.778209686279297,18371388
2007-06-28,10.592891693115234,21.237354278564453,20.88715934753418,21.011672973632812,10266251
2007-06-29,10.537965774536133,21.167314529418945,20.80933952331543,20.90272331237793,7105408
2007-07-02,10.757668495178223,21.361867904663086,20.957197189331055,21.338520050048828,5821050
2007-07-03,10.761592864990234,21.361867904663086,21.105058670043945,21.346303939819336,2689505
2007-07-05,10.710591316223145,21.299610137939453,21.035018920898438,21.245136260986328,6343788
2007-07-06,10.687053680419922,21.214008331298828,21.058366775512695,21.198444366455078,3343313
2007-07-09,10.636048316955566,21.299610137939453,21.035018920898438,21.09727668762207,6990015
2007-07-10,10.573278427124023,21.136186599731445,20.926069259643555,20.972763061523438,5773891
2007-07-11,10.577200889587402,20.980545043945312,20.754863739013672,20.980545043945312,5046452
2007-07-12,10.659587860107422,21.151750564575195,20.87159538269043,21.14396858215332,4345870
2007-07-13,10.671358108520508,21.214008331298828,21.027236938476562,21.167314529418945,3608923
2007-07-16,10.592891693115234,21.151750564575195,20.926069259643555,21.011672973632812,5403811
2007-07-17,10.51442813873291,21.09727668762207,20.832685470581055,20.85603141784668,3895991
2007-07-18,10.459504127502441,20.848249435424805,20.622568130493164,20.747081756591797,4221868
2007-07-19,10.502659797668457,20.87159538269043,20.708171844482422,20.832685470581055,2697986
2007-07-20,10.424189567565918,20.863813400268555,20.653696060180664,20.677043914794922,4945451
2007-07-23,10.463420867919922,20.832685470581055,20.677043914794922,20.754863739013672,3328921
2007-07-24,10.302571296691895,20.778209686279297,20.3424129486084,20.43579864501953,5775047
2007-07-25,10.282951354980469,20.536964416503906,20.311283111572266,20.396886825561523,5285976
2007-07-26,10.208413124084473,20.46692657470703,19.782100677490234,20.249027252197266,8892329
2007-07-27,10.098556518554688,20.3735408782959,20.01556396484375,20.0311279296875,7192531
2007-07-30,10.04755687713623,20.42023277282715,19.78988265991211,19.929960250854492,4943781
2007-07-31,10.015948295593262,20.28793716430664,19.719844818115234,19.72762680053711,5551714
2007-08-01,10.288570404052734,20.280155181884766,19.852140426635742,20.264591217041016,6020868
2007-08-02,10.264862060546875,20.326847076416016,20.124513626098633,20.217899322509766,3639249
2007-08-03,10.177942276000977,20.33462905883789,20.038911819458008,20.046693801879883,5299340
2007-08-06,10.501924514770508,20.684825897216797,20.186769485473633,20.684825897216797,4845607
2007-08-07,10.450562477111816,20.669261932373047,20.24124526977539,20.58365821838379,5179450
2007-08-08,10.434761047363281,20.972763061523438,20.24124526977539,20.552528381347656,4983616
2007-08-09,10.237205505371094,20.64591407775879,20.101167678833008,20.163423538208008,6382852
2007-08-10,10.260912895202637,20.591440200805664,19.953306198120117,20.21011734008789,5265673
2007-08-13,10.225351333618164,20.311283111572266,19.9688720703125,20.140077590942383,5001734
2007-08-14,10.264862060546875,20.443580627441406,20.101167678833008,20.217899322509766,4062656
2007-08-15,10.13843059539795,20.51361846923828,19.945524215698242,19.9688720703125,5319643
2007-08-16,9.873708724975586,20.116731643676758,19.276264190673828,19.447471618652344,5453540
2007-08-17,9.936924934387207,20.428016662597656,19.105058670043945,19.571983337402344,5983474
2007-08-20,10.027801513671875,20.249027252197266,19.5953311920166,19.750972747802734,3843692
2007-08-21,10.13843059539795,20.077821731567383,19.603113174438477,19.9688720703125,2475039
2007-08-22,10.177942276000977,20.217899322509766,19.813230514526367,20.046693801879883,2254918
2007-08-23,9.976438522338867,20.132295608520508,19.571983337402344,19.649805068969727,4169311
2007-08-24,10.114724159240723,19.953306198120117,19.649805068969727,19.922178268432617,1859010
2007-08-27,10.134480476379395,20.062257766723633,19.867704391479492,19.961088180541992,2355020
2007-08-28,9.893465042114258,19.914396286010742,19.447471618652344,19.48638153076172,2704283
2007-08-29,10.063361167907715,19.821012496948242,19.48638153076172,19.821012496948242,2117680
2007-08-30,10.075213432312012,19.891050338745117,19.649805068969727,19.844358444213867,2844605
2007-08-31,10.158185005187988,20.101167678833008,19.78988265991211,20.007781982421875,3618689
2007-09-04,10.209547996520996,20.27237319946289,19.961088180541992,20.108949661254883,2393698
2007-09-05,10.043607711791992,19.992218017578125,19.603113174438477,19.782100677490234,3236401
2007-09-06,10.106821060180664,20.070039749145508,19.766536712646484,19.906614303588867,1821488
2007-09-07,10.08311653137207,19.953306198120117,19.719844818115234,19.859922409057617,3037226
2007-09-10,10.193744659423828,20.163423538208008,19.828794479370117,20.077821731567383,2777785
2007-09-11,10.217453956604004,20.21011734008789,20.023345947265625,20.124513626098633,1815191
2007-09-12,10.264862060546875,20.31906509399414,20.0311279296875,20.217899322509766,2106629
2007-09-13,10.41895580291748,20.661479949951172,20.070039749145508,20.521400451660156,4246411
2007-09-14,10.41500473022461,20.622568130493164,20.33462905883789,20.51361846923828,2575269
2007-09-17,10.375495910644531,20.926069259643555,20.19455337524414,20.43579864501953,6820652
2007-09-18,10.450562477111816,20.692607879638672,20.428016662597656,20.58365821838379,3574999
2007-09-19,10.67972469329834,21.035018920898438,20.58365821838379,21.035018920898438,7316276
2007-09-20,10.438714027404785,21.136186599731445,20.42023277282715,20.56031036376953,4814638
2007-09-21,10.395246505737305,20.832685470581055,20.326847076416016,20.474708557128906,5171740
2007-09-24,10.150287628173828,20.46692657470703,19.867704391479492,19.992218017578125,4551984
2007-09-25,10.071259498596191,20.311283111572266,19.766536712646484,19.836576461791992,4602999
2007-09-26,10.04755687713623,19.922178268432617,19.75875473022461,19.78988265991211,3072821
2007-09-27,10.201645851135254,20.140077590942383,19.813230514526367,20.093385696411133,3887382
2007-09-28,10.324130058288574,20.412450790405273,20.070039749145508,20.33462905883789,3854100
2007-10-01,10.268818855285645,20.490272521972656,20.155641555786133,20.22568130493164,3901260
2007-10-02,10.126578330993652,20.22568130493164,19.78988265991211,19.945524215698242,3882370
2007-10-03,10.023849487304688,19.945524215698242,19.71206283569336,19.74319076538086,3560864
2007-10-04,10.04755687713623,19.867704391479492,19.71206283569336,19.78988265991211,2145308
2007-10-05,10.177942276000977,20.077821731567383,19.750972747802734,20.046693801879883,3150306
2007-10-08,9.850003242492676,20.077821731567383,19.11284065246582,19.40077781677246,5955461
2007-10-09,9.89741325378418,19.540855407714844,19.38521385192871,19.494163513183594,3349738
2007-10-10,9.810489654541016,19.509727478027344,18.90272331237793,19.322956085205078,8673622
2007-10-11,9.790739059448242,19.53307342529297,19.182878494262695,19.284046173095703,4325053
2007-10-12,9.798636436462402,19.338520050048828,19.15953254699707,19.299610137939453,2734866
2007-10-15,9.83024787902832,19.45525360107422,19.151750564575195,19.361867904663086,4120095
2007-10-16,9.77098274230957,19.38521385192871,19.19066047668457,19.245136260986328,2716876
2007-10-17,9.684061050415039,19.330738067626953,18.93385124206543,19.073930740356445,4828902
2007-10-18,9.620841979980469,19.06614875793457,18.82490348815918,18.94941520690918,2809653
2007-10-19,9.52206802368164,19.09727668762207,18.723735809326172,18.754863739013672,3771089
2007-10-22,9.411439895629883,18.739299774169922,18.443580627441406,18.536964416503906,3923747
2007-10-23,9.356121063232422,18.56031036376953,18.19455337524414,18.428016662597656,5944924
2007-10-24,9.474653244018555,18.692607879638672,18.33462905883789,18.661479949951172,4700916
2007-10-25,9.427239418029785,18.684825897216797,18.505836486816406,18.568092346191406,4683954
2007-10-26,9.411439895629883,18.677043914794922,18.443580627441406,18.536964416503906,2783310
2007-10-29,9.348215103149414,18.568092346191406,18.350194931030273,18.412450790405273,4182161
2007-10-30,9.324511528015137,18.56031036376953,18.295719146728516,18.365758895874023,2071420
2007-10-31,9.451972961425781,18.49805450439453,18.25680923461914,18.46692657470703,4602356
2007-11-01,9.276716232299805,18.49805450439453,18.062257766723633,18.124513626098633,3826730
2007-11-02,9.248831748962402,18.21011734008789,17.766536712646484,18.070039749145508,4008300
2007-11-05,9.272730827331543,18.19455337524414,17.875486373901367,18.116731643676758,2092108
2007-11-06,9.264768600463867,18.21011734008789,17.98443603515625,18.101167678833008,5193071
2007-11-07,9.16518497467041,18.132295608520508,17.836576461791992,17.906614303588867,4248596
2007-11-08,9.264768600463867,18.178987503051758,17.836576461791992,18.101167678833008,4203749
2007-11-09,9.224933624267578,18.25680923461914,17.898832321166992,18.023345947265625,2630395
2007-11-12,9.08552360534668,18.116731643676758,17.750972747802734,17.750972747802734,2989296
2007-11-13,9.332476615905762,18.264591217041016,17.867704391479492,18.233463287353516,3285103
2007-11-14,9.336463928222656,18.45136260986328,18.21011734008789,18.24124526977539,3845748
2007-11-15,9.44002628326416,18.521400451660156,18.132295608520508,18.443580627441406,4959072
2007-11-16,9.467904090881348,18.653696060180664,18.3424129486084,18.49805450439453,4861155
2007-11-19,9.296628952026367,18.607004165649414,18.116731643676758,18.163423538208008,4332635
2007-11-20,9.515700340270996,18.677043914794922,18.147859573364258,18.591440200805664,4748075
2007-11-21,9.507737159729004,18.754863739013672,18.38910484313965,18.57587432861328,4999164
2007-11-23,9.48781967163086,18.731517791748047,18.505836486816406,18.536964416503906,1327277
2007-11-26,9.591381072998047,18.94941520690918,18.45136260986328,18.739299774169922,3514347
2007-11-27,9.559514999389648,19.042802810668945,18.54474639892578,18.677043914794922,4240115
2007-11-28,9.886134147644043,19.38521385192871,18.692607879638672,19.315174102783203,4251937
2007-11-29,9.886134147644043,19.361867904663086,19.120622634887695,19.315174102783203,2862852
2007-11-30,9.965797424316406,19.525291442871094,19.315174102783203,19.47081756591797,3520643
2007-12-03,9.834355354309082,19.51750946044922,19.151750564575195,19.214008331298828,3373639
2007-12-04,9.706892013549805,19.245136260986328,18.93385124206543,18.964981079101562,3654540
2007-12-05,9.71485424041748,19.167314529418945,18.82490348815918,18.980545043945312,4182032
2007-12-06,10.328259468078613,20.24124526977539,19.346303939819336,20.178987503051758,9139306
2007-12-07,10.324273109436035,20.4046688079834,20.0311279296875,20.171205520629883,3809382
2007-12-10,10.280464172363281,20.24124526977539,20.046693801879883,20.085603713989258,2679868
2007-12-11,10.077324867248535,20.0,19.649805068969727,19.688716888427734,4165841
2007-12-12,10.009608268737793,20.0311279296875,19.299610137939453,19.556419372558594,4897007
2007-12-13,10.09723949432373,19.77431869506836,19.41634178161621,19.72762680053711,4085143
2007-12-14,10.021559715270996,19.914396286010742,19.48638153076172,19.57976722717285,3226121
2007-12-17,9.754691123962402,19.53307342529297,19.058366775512695,19.058366775512695,4556867
2007-12-18,9.786556243896484,19.268482208251953,18.980545043945312,19.120622634887695,3750144
2007-12-19,9.874183654785156,19.45525360107422,19.05058479309082,19.291828155517578,3802829
2007-12-20,9.591381072998047,19.35408592224121,18.33462905883789,18.739299774169922,9194047
2007-12-21,9.615281105041504,19.276264190673828,18.568092346191406,18.785991668701172,6947738
2007-12-24,9.694940567016602,18.94941520690918,18.638132095336914,18.941633224487305,1397823
2007-12-26,9.587400436401367,18.93385124206543,18.653696060180664,18.731517791748047,2674085
2007-12-27,9.491801261901855,18.739299774169922,18.48249053955078,18.54474639892578,2965652
2007-12-28,9.547566413879395,18.770427703857422,18.56031036376953,18.653696060180664,2447026
2007-12-31,9.475871086120605,18.754863739013672,18.396886825561523,18.51361846923828,2249521
2008-01-02,9.272730827331543,18.51361846923828,18.038911819458008,18.116731643676758,4152092
2008-01-03,9.264768600463867,18.24124526977539,18.023345947265625,18.101167678833008,2834196
2008-01-04,9.153234481811523,18.116731643676758,17.844358444213867,17.883268356323242,3089269
2008-01-07,9.264768600463867,18.249027252197266,17.961088180541992,18.101167678833008,3950218
2008-01-08,9.224933624267578,18.381322860717773,17.976654052734375,18.023345947265625,3624471
2008-01-09,9.535615921020508,18.669261932373047,17.98443603515625,18.63035011291504,6090386
2008-01-10,9.5276517868042,18.700389862060547,18.43579864501953,18.61478614807129,3205690
2008-01-11,9.432055473327637,18.45136260986328,18.163423538208008,18.428016662597656,3973091
2008-01-14,9.21696662902832,18.59922218322754,17.953306198120117,18.007781982421875,4090412
2008-01-15,9.045692443847656,18.007781982421875,17.61089515686035,17.673152923583984,4282006
2008-01-16,9.149252891540527,18.038911819458008,17.6264591217041,17.875486373901367,3175878
2008-01-17,9.0974702835083,18.085603713989258,17.72762680053711,17.77431869506836,4254378
2008-01-18,8.886367797851562,17.953306198120117,17.167314529418945,17.361867904663086,5345857
2008-01-22,8.587635040283203,17.229572296142578,16.653696060180664,16.778209686279297,6845324
2008-01-23,8.563733100891113,16.754863739013672,16.22568130493164,16.731517791748047,8129552
2008-01-24,8.628029823303223,16.863813400268555,16.45136260986328,16.708171844482422,6197941
2008-01-25,8.46327018737793,16.90272331237793,16.3424129486084,16.38910484313965,3805142
2008-01-28,8.57980728149414,16.61478614807129,16.38910484313965,16.61478614807129,3178576
2008-01-29,8.55569839477539,16.684825897216797,16.45136260986328,16.568092346191406,4291643
2008-01-30,8.656160354614258,17.05058479309082,16.52918243408203,16.762645721435547,5644877
2008-01-31,8.632051467895508,16.926069259643555,16.474708557128906,16.715953826904297,6882974
2008-02-01,8.865134239196777,17.167314529418945,16.677043914794922,17.167314529418945,3945335
2008-02-04,8.79681396484375,17.214008331298828,16.90272331237793,17.035018920898438,2370697
2008-02-05,8.543641090393066,16.964981079101562,16.52918243408203,16.54474639892578,3743976
2008-02-06,8.547657012939453,16.700389862060547,16.51361846923828,16.552528381347656,2405135
2008-02-07,8.55569839477539,16.747081756591797,16.4046688079834,16.568092346191406,2263399
2008-02-08,8.439160346984863,16.52918243408203,16.24124526977539,16.3424129486084,2936225
2008-02-11,8.535605430603027,16.52918243408203,16.22568130493164,16.52918243408203,3038126
2008-02-12,8.571771621704102,16.669261932373047,16.474708557128906,16.59922218322754,3145680
2008-02-13,8.519527435302734,16.770427703857422,16.412450790405273,16.49805450439453,3632695
2008-02-14,8.455230712890625,16.54474639892578,16.3424129486084,16.3735408782959,3243340
2008-02-15,8.728497505187988,16.964981079101562,16.3424129486084,16.90272331237793,5696919
2008-02-19,8.905320167541504,17.377431869506836,17.027236938476562,17.245136260986328,6458539
2008-02-20,8.885226249694824,17.719844818115234,16.964981079101562,17.206226348876953,3968337
2008-02-21,8.76064682006836,17.35408592224121,16.926069259643555,16.964981079101562,3934927
2008-02-22,8.893260955810547,17.221790313720703,16.848249435424805,17.221790313720703,2551625
2008-02-25,9.045970916748047,17.51750946044922,17.252918243408203,17.51750946044922,4124079
2008-02-26,9.150453567504883,17.735408782958984,17.38521385192871,17.719844818115234,3564976
2008-02-27,8.989706993103027,17.719844818115234,17.346303939819336,17.408559799194336,2511276
2008-02-28,8.973633766174316,17.431907653808594,17.206226348876953,17.377431869506836,2735894
2008-02-29,8.881205558776855,17.338520050048828,17.15953254699707,17.198444366455078,3590547
2008-03-03,8.913358688354492,17.276264190673828,16.957197189331055,17.260700225830078,3667776
2008-03-04,8.93746566772461,17.35408592224121,17.05058479309082,17.307392120361328,4466018
2008-03-05,8.8490571975708,17.346303939819336,16.988327026367188,17.136186599731445,3573842
2008-03-06,8.652148246765137,17.15953254699707,16.723735809326172,16.754863739013672,3729199
2008-03-07,8.539626121520996,16.692607879638672,16.48249053955078,16.536964416503906,3556238
2008-03-10,8.523548126220703,16.677043914794922,16.490272521972656,16.505836486816406,4001747
2008-03-11,8.772705078125,16.988327026367188,16.692607879638672,16.988327026367188,3861425
2008-03-12,8.708405494689941,17.120622634887695,16.85603141784668,16.863813400268555,3079374
2008-03-13,8.7445707321167,16.996109008789062,16.552528381347656,16.93385124206543,3189370
2008-03-14,8.551676750183105,17.182878494262695,16.459144592285156,16.56031036376953,4846506
2008-03-17,8.495414733886719,16.63035011291504,16.3424129486084,16.45136260986328,4215314
2008-03-18,8.800836563110352,17.042802810668945,16.63035011291504,17.042802810668945,3719433
2008-03-19,8.820927619934082,17.40077781677246,17.073930740356445,17.08171272277832,3075134
2008-03-20,8.945503234863281,17.392995834350586,17.09727668762207,17.322956085205078,3765949
2008-03-24,8.788778305053711,17.431907653808594,16.863813400268555,17.019454956054688,3880957
2008-03-25,8.828960418701172,17.221790313720703,16.93385124206543,17.09727668762207,2457049
2008-03-26,8.79681396484375,17.105058670043945,16.894941329956055,17.035018920898438,4128062
2008-03-27,9.423724174499512,18.677043914794922,17.953306198120117,18.249027252197266,16433479
2008-03-28,9.680917739868164,18.93385124206543,18.31906509399414,18.747081756591797,10376504
2008-03-31,9.624652862548828,18.739299774169922,18.38910484313965,18.638132095336914,6911630
2008-04-01,9.725125312805176,18.832685470581055,18.568092346191406,18.832685470581055,7180195
2008-04-02,9.596525192260742,18.94941520690918,18.48249053955078,18.58365821838379,6168386
2008-04-03,9.765307426452637,18.926069259643555,18.48249053955078,18.910505294799805,7091016
2008-04-04,9.885868072509766,19.182878494262695,18.762645721435547,19.14396858215332,5724675
2008-04-07,9.926054954528809,19.35408592224121,18.972763061523438,19.221790313720703,6430397
2008-04-08,9.841665267944336,19.19066047668457,18.972763061523438,19.058366775512695,4183703
2008-04-09,9.873812675476074,19.198444366455078,18.957197189331055,19.120622634887695,3610979
2008-04-10,9.789420127868652,19.136186599731445,18.941633224487305,18.957197189331055,6778504
2008-04-11,9.741193771362305,19.058366775512695,18.785991668701172,18.863813400268555,5625216
2008-04-14,9.688953399658203,18.941633224487305,18.715953826904297,18.762645721435547,2927616
2008-04-15,9.66484546661377,18.863813400268555,18.63035011291504,18.715953826904297,4093367
2008-04-16,9.741193771362305,18.88715934753418,18.653696060180664,18.863813400268555,5403554
2008-04-17,9.676897048950195,18.93385124206543,18.739299774169922,18.739299774169922,4103133
2008-04-18,9.66484546661377,18.910505294799805,18.669261932373047,18.715953826904297,5373742
2008-04-21,9.721105575561523,18.832685470581055,18.63035011291504,18.82490348815918,4756042
2008-04-22,9.395593643188477,18.82490348815918,18.124513626098633,18.19455337524414,5499929
2008-04-23,9.315220832824707,18.30350112915039,17.98443603515625,18.038911819458008,4853188
2008-04-24,9.26297664642334,18.132295608520508,17.836576461791992,17.937742233276367,3326865
2008-04-25,9.206720352172852,18.01556396484375,17.6264591217041,17.828794479370117,3410005
2008-04-28,9.214755058288574,18.0311279296875,17.78988265991211,17.844358444213867,3127305
2008-04-29,9.368738174438477,18.132295608520508,17.719844818115234,17.992218017578125,4117782
2008-04-30,9.547038078308105,18.459144592285156,18.01556396484375,18.33462905883789,6292645
2008-05-01,9.701019287109375,18.63035011291504,18.412450790405273,18.63035011291504,4587707
2008-05-02,9.526775360107422,18.848249435424805,18.22568130493164,18.295719146728516,6048367
2008-05-05,9.433575630187988,18.31906509399414,17.98443603515625,18.116731643676758,4352681
2008-05-06,9.498414039611816,18.27237319946289,17.953306198120117,18.24124526977539,2938795
2008-05-07,9.320111274719238,18.326847076416016,17.898832321166992,17.898832321166992,2627440
2008-05-08,9.368738174438477,18.054475784301758,17.859922409057617,17.992218017578125,2385089
2008-05-09,9.251220703125,18.0311279296875,17.64202308654785,17.766536712646484,3290114
2008-05-12,9.307957649230957,17.953306198120117,17.813230514526367,17.875486373901367,3320312
2008-05-13,9.247175216674805,18.0,17.673152923583984,17.75875473022461,6492977
2008-05-14,9.538932800292969,18.381322860717773,17.75875473022461,18.31906509399414,5408437
2008-05-15,9.510567665100098,18.381322860717773,18.116731643676758,18.264591217041016,5785199
2008-05-16,9.628081321716309,18.521400451660156,18.217899322509766,18.490272521972656,3967823
2008-05-19,9.668604850769043,19.05058479309082,18.3735408782959,18.568092346191406,4524357
2008-05-20,9.575400352478027,18.521400451660156,18.217899322509766,18.38910484313965,4344842
2008-05-21,9.502466201782227,18.474708557128906,18.202335357666016,18.249027252197266,3866693
2008-05-22,9.640239715576172,18.63035011291504,18.217899322509766,18.51361846923828,5531925
2008-05-23,9.47409439086914,18.48249053955078,18.038911819458008,18.19455337524414,6121612
2008-05-27,9.401154518127441,18.249027252197266,17.898832321166992,18.054475784301758,4299867
2008-05-28,9.405211448669434,18.132295608520508,17.914396286010742,18.062257766723633,4947507
2008-05-29,9.397103309631348,18.19455337524414,17.98443603515625,18.046693801879883,5312961
2008-05-30,9.555142402648926,18.38910484313965,17.953306198120117,18.350194931030273,4465504
2008-06-02,9.510567665100098,18.3424129486084,18.093385696411133,18.264591217041016,4445072
2008-06-03,9.45788860321045,18.35797691345215,18.085603713989258,18.163423538208008,4706698
2008-06-04,9.624030113220215,18.54474639892578,18.163423538208008,18.48249053955078,4137186
2008-06-05,9.725333213806152,18.700389862060547,18.35797691345215,18.677043914794922,3729713
2008-06-06,9.437627792358398,18.58365821838379,18.108949661254883,18.124513626098633,4528854
2008-06-09,9.514617919921875,18.31906509399414,18.132295608520508,18.27237319946289,3141183
2008-06-10,9.587560653686523,18.490272521972656,18.116731643676758,18.412450790405273,4317986
2008-06-11,9.437627792358398,18.521400451660156,18.093385696411133,18.124513626098633,3815293
2008-06-12,9.368738174438477,18.295719146728516,17.898832321166992,17.992218017578125,3457421
2008-06-13,9.247175216674805,17.945524215698242,17.649805068969727,17.75875473022461,6223898
2008-06-16,9.158021926879883,17.69649887084961,17.45525360107422,17.587549209594727,3648244
2008-06-17,9.09724235534668,17.766536712646484,17.40077781677246,17.47081756591797,3108672
2008-06-18,8.91894245147705,17.509727478027344,17.120622634887695,17.12840461730957,4370414
2008-06-19,8.939203262329102,17.237354278564453,17.042802810668945,17.167314529418945,4343300
2008-06-20,8.987829208374023,17.322956085205078,17.027236938476562,17.260700225830078,4781228
2008-06-23,9.004037857055664,17.38521385192871,17.182878494262695,17.291828155517578,5275054
2008-06-24,9.287693977355957,17.953306198120117,17.431907653808594,17.836576461791992,7491421
2008-06-25,8.975674629211426,17.992218017578125,17.12840461730957,17.237354278564453,9224887
2008-06-26,8.477249145507812,17.11284065246582,16.19455337524414,16.280155181884766,10134024
2008-06-27,7.970722675323486,16.326847076416016,15.268482208251953,15.307393074035645,11468754
2008-06-30,7.812686443328857,15.346303939819336,14.66926097869873,15.003890991210938,13686150
2008-07-01,8.039606094360352,15.55642032623291,15.221790313720703,15.439688682556152,16266686
2008-07-02,7.877521514892578,15.494162559509277,15.089493751525879,15.12840461730957,11720100
2008-07-03,7.873470306396484,15.31517505645752,15.058365821838379,15.120622634887695,4246411
2008-07-07,7.954514503479004,15.377431869506836,15.019454956054688,15.276265144348145,9059122
2008-07-08,8.250324249267578,15.898833274841309,15.167314529418945,15.844358444213867,15857799
2008-07-09,8.465096473693848,16.443580627441406,15.797664642333984,16.25680923461914,14923862
2008-07-10,8.538030624389648,16.490272521972656,16.155641555786133,16.396886825561523,9948599
2008-07-11,8.49345874786377,16.51361846923828,16.085603713989258,16.311283111572266,6746893
2008-07-14,8.550183296203613,16.622568130493164,16.350194931030273,16.42023277282715,5561609
2008-07-15,8.554242134094238,16.817121505737305,16.186769485473633,16.428016662597656,9749167
2008-07-16,8.615026473999023,16.59922218322754,16.311283111572266,16.54474639892578,11972602
2008-07-17,8.440777778625488,16.61478614807129,16.163423538208008,16.21011734008789,14410504
2008-07-18,8.412416458129883,16.35797691345215,16.132295608520508,16.155641555786133,10506674
2008-07-21,8.428624153137207,16.723735809326172,16.007781982421875,16.186769485473633,8165147
2008-07-22,8.48940658569336,16.443580627441406,16.101167678833008,16.30350112915039,8960177
2008-07-23,8.769010543823242,16.90272331237793,16.217899322509766,16.84046745300293,8969172
2008-07-24,8.866262435913086,17.120622634887695,16.785991668701172,17.027236938476562,7824622
2008-07-25,8.760905265808105,17.09727668762207,16.785991668701172,16.82490348815918,6044897
2008-07-28,8.785218238830566,17.06614875793457,16.669261932373047,16.87159538269043,5257449
2008-07-29,8.90678882598877,17.221790313720703,16.778209686279297,17.105058670043945,7583427
2008-07-30,8.894524574279785,17.019454956054688,16.848249435424805,16.93385124206543,5911257
2008-07-31,8.861820220947266,17.089494705200195,16.817121505737305,16.87159538269043,5914855
2008-08-01,8.722845077514648,16.980545043945312,16.54474639892578,16.607004165649414,7032420
2008-08-04,8.820943832397461,16.894941329956055,16.56031036376953,16.793773651123047,6114159
2008-08-05,8.833208084106445,17.05058479309082,16.770427703857422,16.817121505737305,9143032
2008-08-06,8.968098640441895,17.073930740356445,16.715953826904297,17.073930740356445,6354582
2008-08-07,8.731022834777832,17.105058670043945,16.61478614807129,16.622568130493164,7064288
2008-08-08,8.98444938659668,17.167314529418945,16.59922218322754,17.105058670043945,7188547
2008-08-11,8.972190856933594,17.252918243408203,16.93385124206543,17.08171272277832,4796134
2008-08-12,8.976275444030762,17.198444366455078,16.87159538269043,17.089494705200195,5938114
2008-08-13,9.066201210021973,17.346303939819336,17.003890991210938,17.260700225830078,4807571
2008-08-14,9.082550048828125,17.463035583496094,17.042802810668945,17.291828155517578,4159545
2008-08-15,9.229702949523926,17.634241104125977,17.315174102783203,17.571983337402344,4694876
2008-08-18,9.090726852416992,17.618677139282227,17.268482208251953,17.307392120361328,3599799
2008-08-19,9.070289611816406,17.392995834350586,17.198444366455078,17.268482208251953,4248082
2008-08-20,9.098899841308594,17.361867904663086,17.06614875793457,17.322956085205078,5544390
2008-08-21,8.976275444030762,17.268482208251953,16.980545043945312,17.089494705200195,3481965
2008-08-22,9.033498764038086,17.214008331298828,16.964981079101562,17.198444366455078,2957428
2008-08-25,8.914960861206055,17.17509651184082,16.88715934753418,16.972763061523438,2177818
2008-08-26,8.76780891418457,16.980545043945312,16.63035011291504,16.692607879638672,7536653
2008-08-27,8.788246154785156,16.785991668701172,16.638132095336914,16.731517791748047,3881342
2008-08-28,8.829122543334961,16.832685470581055,16.591440200805664,16.80933952331543,4886598
2008-08-29,8.694233894348145,16.801555633544922,16.505836486816406,16.552528381347656,5480397
2008-09-02,8.771897315979004,16.910505294799805,16.638132095336914,16.700389862060547,5109160
2008-09-03,8.023873329162598,15.696497917175293,15.136186599731445,15.276265144348145,21886249
2008-09-04,7.9380316734313965,15.33073902130127,15.058365821838379,15.112839698791504,12536203
2008-09-05,8.0361328125,15.377431869506836,15.112839698791504,15.29961109161377,6457254
2008-09-08,8.105624198913574,15.548638343811035,15.276265144348145,15.431906700134277,5603114
2008-09-09,8.085186958312988,15.548638343811035,15.369649887084961,15.392995834350586,7089474
2008-09-10,8.09335994720459,15.478598594665527,15.268482208251953,15.408559799194336,5531540
2008-09-11,8.166936874389648,15.57198429107666,15.214008331298828,15.548638343811035,6729802
2008-09-12,8.1914644241333,15.704279899597168,15.377431869506836,15.595331192016602,6263219
2008-09-15,8.077012062072754,15.595331192016602,15.322957038879395,15.377431869506836,9152413
2008-09-16,7.991171360015869,15.486380577087402,14.964981079101562,15.214008331298828,9998971
2008-09-17,7.83584451675415,15.221790313720703,14.785991668701172,14.918288230895996,11209055
2008-09-18,8.048399925231934,15.501946449279785,14.949416160583496,15.322957038879395,12583877
2008-09-19,8.064749717712402,15.735408782958984,15.042801856994629,15.354085922241211,8201512
2008-09-22,8.032050132751465,15.595331192016602,15.221790313720703,15.291829109191895,6222484
2008-09-23,7.999344348907471,15.52529239654541,15.214008331298828,15.229572296142578,5015098
2008-09-24,8.023873329162598,15.392995834350586,15.058365821838379,15.276265144348145,4622402
2008-09-25,8.032050132751465,15.50972843170166,15.136186599731445,15.291829109191895,7283123
2008-09-26,8.064749717712402,15.424124717712402,14.941634178161621,15.354085922241211,4512406
2008-09-29,7.925772190093994,15.431906700134277,14.996109008789062,15.089493751525879,8727206
2008-09-30,7.9543843269348145,15.33073902130127,15.042801856994629,15.14396858215332,9294277
2008-10-01,8.134238243103027,15.57198429107666,15.003890991210938,15.486380577087402,8641625
2008-10-02,8.142412185668945,15.626459121704102,15.252918243408203,15.501946449279785,7579444
2008-10-03,8.109712600708008,15.603113174438477,15.307393074035645,15.439688682556152,7832075
2008-10-06,7.999344348907471,15.408559799194336,14.949416160583496,15.229572296142578,10619626
2008-10-07,7.913506507873535,15.307393074035645,14.902724266052246,15.066147804260254,10023900
2008-10-08,7.786798000335693,15.15953254699707,14.770427703857422,14.824902534484863,9802623
2008-10-09,7.504754066467285,15.33073902130127,14.0,14.287938117980957,13888666
2008-10-10,7.263588905334473,14.272374153137207,13.369649887084961,13.8287935256958,13931328
2008-10-13,7.300374984741211,14.202335357666016,13.704279899597168,13.898833274841309,6774392
2008-10-14,7.561980247497559,14.505837440490723,14.124513626098633,14.396886825561523,15613135
2008-10-15,7.418914318084717,14.482489585876465,13.875486373901367,14.124513626098633,11882781
2008-10-16,7.353513717651367,14.342411994934082,13.78988265991211,14.0,13719174
2008-10-17,7.427089691162109,14.396886825561523,13.618677139282227,14.140077590942383,9454388
2008-10-20,7.406651020050049,14.357976913452148,13.688715934753418,14.101166725158691,10203286
2008-10-21,7.308550834655762,14.101166725158691,13.859922409057617,13.914397239685059,7647677
2008-10-22,7.181838512420654,13.929961204528809,13.424124717712402,13.673151969909668,8132765
2008-10-23,7.165485858917236,13.81322956085205,13.167314529418945,13.642023086547852,9313809
2008-10-24,6.871182441711426,13.55642032623291,12.933852195739746,13.081711769104004,6374628
2008-10-27,6.797606945037842,13.221790313720703,12.817120552062988,12.941634178161621,5999151
2008-10-28,7.108262062072754,13.55642032623291,12.653696060180664,13.533074378967285,7490265
2008-10-29,7.161985397338867,13.81322956085205,13.354085922241211,13.486380577087402,5951349
2008-10-30,7.0999956130981445,13.75875473022461,13.15953254699707,13.369649887084961,7259865
2008-10-31,7.199179649353027,13.859922409057617,13.268482208251953,13.55642032623291,8770511
2008-11-03,7.347960948944092,13.883268356323242,13.50972843170166,13.836576461791992,3806555
2008-11-04,7.405816078186035,14.124513626098633,13.78988265991211,13.945525169372559,4398041
2008-11-05,7.211580753326416,13.9688720703125,13.548638343811035,13.579767227172852,3216612
2008-11-06,6.947087287902832,13.610895156860352,13.035018920898438,13.081711769104004,5654257
2008-11-07,6.905756950378418,13.190661430358887,12.848249435424805,13.003890991210938,5413705
2008-11-10,6.847900867462158,13.15953254699707,12.809338569641113,12.894942283630371,6842111
2008-11-11,6.703253746032715,12.926070213317871,12.498053550720215,12.622568130493164,5463178
2008-11-12,6.455292701721191,12.529183387756348,12.132295608520508,12.155641555786133,5143727
2008-11-13,6.475956439971924,12.272374153137207,11.673151969909668,12.19455337524414,9581731
2008-11-14,6.2734527587890625,12.24124526977539,11.80544662475586,11.81322956085205,7027408
2008-11-17,6.3023810386657715,12.116731643676758,11.642023086547852,11.867704391479492,7018670
2008-11-18,6.426363945007324,12.1712064743042,11.750972747802734,12.101166725158691,7371917
2008-11-19,6.190800666809082,12.303502082824707,11.642023086547852,11.657588005065918,5864098
2008-11-20,5.748600482940674,11.657588005065918,10.785991668701172,10.824902534484863,7813571
2008-11-21,6.013092517852783,11.346303939819336,10.723734855651855,11.322957038879395,7675176
2008-11-24,6.223861217498779,11.852140426635742,11.28404712677002,11.719843864440918,7291476
2008-11-25,5.9345703125,11.976654052734375,11.058365821838379,11.175097465515137,9657032
2008-11-26,5.868447303771973,11.105057716369629,10.536965370178223,11.050583839416504,7556828
2008-11-28,6.09574556350708,11.478598594665527,11.042801856994629,11.478598594665527,2426851
2008-12-01,5.827120304107666,11.431906700134277,10.941634178161621,10.972763061523438,7619793
2008-12-02,5.8312530517578125,11.385213851928711,10.71595287322998,10.980545043945312,6487708
2008-12-03,5.7816619873046875,10.926070213317871,10.521401405334473,10.887160301208496,6680844
2008-12-04,5.703139781951904,11.105057716369629,10.630350112915039,10.739299774169922,5417689
2008-12-05,5.880844593048096,11.089493751525879,10.521401405334473,11.073929786682129,5504683
2008-12-08,5.827120304107666,11.291829109191895,10.926070213317871,10.972763061523438,5978334
2008-12-09,5.7733941078186035,11.089493751525879,10.778209686279297,10.87159538269043,5885943
2008-12-10,5.884978771209717,11.136186599731445,10.87159538269043,11.081711769104004,6642165
2008-12-11,5.889112949371338,11.322957038879395,10.988327026367188,11.089493751525879,6609783
2008-12-12,5.984166145324707,11.28404712677002,10.84046745300293,11.268482208251953,5910358
2008-12-15,5.963501930236816,11.28404712677002,11.011672973632812,11.229572296142578,5612623
2008-12-16,6.219729900360107,11.719843864440918,11.081711769104004,11.712061882019043,8607444
2008-12-17,6.7156524658203125,12.957198143005371,12.25680923461914,12.645914077758789,14043508
2008-12-18,6.839631080627441,13.221790313720703,12.762645721435547,12.879377365112305,9029952
2008-12-19,6.60407018661499,13.322957038879395,12.389104843139648,12.435797691345215,7787871
2008-12-22,6.711518287658691,12.801555633544922,12.45914363861084,12.638132095336914,5430410
2008-12-23,6.666059494018555,12.801555633544922,12.44357967376709,12.552529335021973,4680613
2008-12-24,6.666059494018555,12.793773651123047,12.49027156829834,12.552529335021973,1274078
2008-12-26,6.707388401031494,12.708170890808105,12.505837440490723,12.630350112915039,2171907
2008-12-29,6.657795429229736,12.638132095336914,12.451361656188965,12.536965370178223,3233703
2008-12-30,6.752846717834473,12.894942283630371,12.498053550720215,12.71595287322998,5281093
2008-12-31,6.818970203399658,13.120622634887695,12.708170890808105,12.84046745300293,5743565
2009-01-02,6.942953109741211,13.190661430358887,12.817120552062988,13.073929786682129,4264016
2009-01-05,6.868561744689941,13.206226348876953,12.747081756591797,12.933852195739746,7050153
2009-01-06,6.9388203620910645,13.198444366455078,12.87159538269043,13.066147804260254,6978835
2009-01-07,6.918155193328857,13.112839698791504,12.941634178161621,13.027236938476562,5399570
2009-01-08,6.9388203620910645,13.097275733947754,12.964981079101562,13.066147804260254,4587450
2009-01-09,6.914024353027344,13.167314529418945,12.996109008789062,13.019454956054688,5762326
2009-01-12,6.831368923187256,13.027236938476562,12.739299774169922,12.863813400268555,5260019
2009-01-13,6.980145454406738,13.151750564575195,12.832685470581055,13.14396858215332,6108376
2009-01-14,6.926423072814941,13.081711769104004,12.87159538269043,13.042801856994629,5978720
2009-01-15,6.872695446014404,13.12840461730957,12.692606925964355,12.941634178161621,6111075
2009-01-16,7.021472930908203,13.33073902130127,12.980545043945312,13.221790313720703,6780431
2009-01-20,6.856164455413818,13.416341781616211,12.863813400268555,12.910506248474121,6014314
2009-01-21,6.934685707092285,13.112839698791504,12.785991668701172,13.058365821838379,7825521
2009-01-22,7.042136192321777,13.361867904663086,12.918288230895996,13.260700225830078,7743667
2009-01-23,7.298365116119385,13.782100677490234,13.097275733947754,13.74319076538086,12532862
2009-01-26,7.302497863769531,13.992218017578125,13.626459121704102,13.750972747802734,10549465
2009-01-27,7.381019592285156,13.945525169372559,13.626459121704102,13.898833274841309,6275683
2009-01-28,7.46456241607666,13.961089134216309,13.750972747802734,13.906615257263184,7113375
2009-01-29,7.364309310913086,13.961089134216309,13.618677139282227,13.719843864440918,4737410
2009-01-30,7.142922401428223,13.844358444213867,13.221790313720703,13.307393074035645,5471016
2009-02-02,7.276590824127197,13.603113174438477,13.182879447937012,13.55642032623291,4242685
2009-02-03,7.46456241607666,13.992218017578125,13.470816612243652,13.906615257263184,4396499
2009-02-04,7.318363189697266,13.9688720703125,13.57198429107666,13.634241104125977,5092841
2009-02-05,7.293301105499268,13.719843864440918,13.431906700134277,13.587549209594727,6656300
2009-02-06,7.301649570465088,13.766536712646484,13.52529239654541,13.603113174438477,5457267
2009-02-09,7.080265998840332,13.704279899597168,13.112839698791504,13.190661430358887,9687487
2009-02-10,6.883937835693359,13.190661430358887,12.793773651123047,12.824902534484863,7516993
2009-02-11,6.892292022705078,13.035018920898438,12.754863739013672,12.84046745300293,6990529
2009-02-12,6.892292022705078,12.848249435424805,12.575875282287598,12.84046745300293,6845195
2009-02-13,6.775331497192383,12.87159538269043,12.614786148071289,12.622568130493164,5046838
2009-02-17,6.792043685913086,12.84046745300293,12.303502082824707,12.653696060180664,8300200
2009-02-18,6.71267557144165,12.770427703857422,12.404668807983398,12.505837440490723,5378882
2009-02-19,6.783683776855469,12.817120552062988,12.498053550720215,12.638132095336914,5170712
2009-02-20,6.541415691375732,12.583658218383789,12.01556396484375,12.18677043914795,9097415
2009-02-23,6.3826823234558105,12.326848030090332,11.859922409057617,11.891051292419434,4698860
2009-02-24,6.5748291015625,12.319066047668457,11.961089134216309,12.249027252197266,5156705
2009-02-25,6.491288661956787,12.295720100402832,12.0311279296875,12.093384742736816,5253080
2009-02-26,6.286608695983887,12.249027252197266,11.712061882019043,11.712061882019043,4915639
2009-02-27,6.29913854598999,11.922179222106934,11.55642032623291,11.735408782958984,5295742
2009-03-02,6.240659236907959,11.704279899597168,11.533074378967285,11.626459121704102,7314606
2009-03-03,6.249011993408203,11.922179222106934,11.533074378967285,11.642023086547852,6265917
2009-03-04,6.374326705932617,12.038910865783691,11.603113174438477,11.875486373901367,5662096
2009-03-05,6.052687644958496,11.836576461791992,11.190661430358887,11.276265144348145,6458025
2009-03-06,6.1445841789245605,11.603113174438477,11.229572296142578,11.447470664978027,5394430
2009-03-09,5.9900288581848145,11.463034629821777,11.120622634887695,11.15953254699707,3645031
2009-03-10,6.090282917022705,11.377431869506836,11.190661430358887,11.346303939819336,5496202
2009-03-11,5.8563618659973145,11.463034629821777,10.894942283630371,10.910506248474121,8972641
2009-03-12,6.098636150360107,11.361867904663086,10.894942283630371,11.361867904663086,6064558
2009-03-13,6.186354637145996,11.54085636138916,11.31517505645752,11.52529239654541,4151449
2009-03-16,6.223949432373047,11.797664642333984,11.517510414123535,11.595331192016602,5619177
2009-03-17,6.378505229949951,11.883268356323242,11.52529239654541,11.883268356323242,4795106
2009-03-18,6.219772815704346,11.766536712646484,11.431906700134277,11.587549209594727,5644620
2009-03-19,6.090282917022705,11.688715934753418,11.322957038879395,11.346303939819336,5073437
2009-03-20,6.2949628829956055,11.836576461791992,11.346303939819336,11.727625846862793,10111665
2009-03-23,6.516348361968994,12.140077590942383,11.595331192016602,12.140077590942383,7917784
2009-03-24,6.441161155700684,12.1712064743042,11.945525169372559,12.0,6096683
2009-03-25,6.499643802642822,12.132295608520508,11.891051292419434,12.108948707580566,8411353
2009-03-26,7.096972942352295,13.276265144348145,12.381322860717773,13.221790313720703,14325951
2009-03-27,7.080265998840332,13.587549209594727,13.035018920898438,13.190661430358887,7719123
2009-03-30,6.942417621612549,13.175097465515137,12.762645721435547,12.933852195739746,5378882
2009-03-31,7.046845436096191,13.276265144348145,12.933852195739746,13.12840461730957,7270916
2009-04-01,6.988368511199951,13.120622634887695,12.739299774169922,13.019454956054688,9233496
2009-04-02,7.1638102531433105,13.54085636138916,13.066147804260254,13.346303939819336,8344533
2009-04-03,7.142922401428223,13.408559799194336,13.190661430358887,13.307393074035645,4279307
2009-04-06,7.1512770652771,13.455252647399902,13.035018920898438,13.322957038879395,5077164
2009-04-07,7.180517673492432,13.517510414123535,13.28404712677002,13.377431869506836,4273139
2009-04-08,7.27241325378418,13.564202308654785,13.307393074035645,13.548638343811035,4513177
2009-04-09,7.372665882110596,13.74319076538086,13.431906700134277,13.735408782958984,5426555
2009-04-13,7.393553733825684,13.929961204528809,13.595331192016602,13.77431869506836,6161961
2009-04-14,7.38101863861084,13.782100677490234,13.52529239654541,13.750972747802734,5889669
2009-04-15,7.447853088378906,13.914397239685059,13.688715934753418,13.875486373901367,3785096
2009-04-16,7.56481409072876,14.140077590942383,13.727625846862793,14.093384742736816,5780059
2009-04-17,7.631646156311035,14.381322860717773,14.01556396484375,14.217899322509766,5272098
2009-04-20,7.452033042907715,14.249027252197266,13.883268356323242,13.883268356323242,5696020
2009-04-21,7.5063347816467285,14.178988456726074,13.78988265991211,13.98443603515625,4590534
2009-04-22,7.51051139831543,14.132295608520508,13.891051292419434,13.992218017578125,6872309
2009-04-23,7.531394958496094,14.070038795471191,13.859922409057617,14.0311279296875,5926163
2009-04-24,7.4729156494140625,14.124513626098633,13.80544662475586,13.922179222106934,3923619
2009-04-27,7.339245796203613,13.992218017578125,13.626459121704102,13.673151969909668,4897392
2009-04-28,7.477093696594238,14.038910865783691,13.533074378967285,13.929961204528809,3653127
2009-04-29,7.553089618682861,14.054474830627441,13.821011543273926,13.922179222106934,3711209
2009-04-30,7.472871780395508,14.077820777893066,13.657588005065918,13.77431869506836,6609141
2009-05-01,7.578420639038086,14.054474830627441,13.750972747802734,13.9688720703125,4227265
2009-05-04,7.620643138885498,14.070038795471191,13.914397239685059,14.046692848205566,6064943
2009-05-05,7.629086494445801,14.280156135559082,14.0,14.062256813049316,3779570
2009-05-06,7.4686503410339355,14.18677043914795,13.696497917175293,13.766536712646484,5591164
2009-05-07,7.401098251342773,13.891051292419434,13.587549209594727,13.642023086547852,5843281
2009-05-08,7.4179863929748535,13.883268356323242,13.603113174438477,13.673151969909668,6373857
2009-05-11,7.43487548828125,13.81322956085205,13.57198429107666,13.704279899597168,5692165
2009-05-12,7.523535251617432,13.937743186950684,13.688715934753418,13.867704391479492,5587694
2009-05-13,7.430654048919678,13.891051292419434,13.54085636138916,13.696497917175293,5341231
2009-05-14,7.477094650268555,13.891051292419434,13.704279899597168,13.782100677490234,3773531
2009-05-15,7.455985069274902,13.859922409057617,13.657588005065918,13.74319076538086,5160046
2009-05-18,7.633305072784424,14.093384742736816,13.74319076538086,14.070038795471191,5605941
2009-05-19,7.75152063369751,14.303502082824707,14.0,14.287938117980957,6914457
2009-05-20,7.8317365646362305,14.568093299865723,14.295720100402832,14.435797691345215,7973810
2009-05-21,7.730412483215332,14.47470760345459,14.070038795471191,14.249027252197266,5251667
2009-05-22,7.785299777984619,14.49027156829834,14.202335357666016,14.350194931030273,3417972
2009-05-26,7.8950676918029785,14.568093299865723,14.233463287353516,14.552529335021973,4296783
2009-05-27,7.713523864746094,14.583658218383789,14.1712064743042,14.217899322509766,4443145
2009-05-28,7.75152063369751,14.326848030090332,13.961089134216309,14.287938117980957,4771205
2009-05-29,7.848625183105469,14.466925621032715,14.178988456726074,14.466925621032715,4419115
2009-06-01,8.004840850830078,14.809338569641113,14.529183387756348,14.754863739013672,4575885
2009-06-02,8.23282527923584,15.307393074035645,14.739299774169922,15.175097465515137,6216830
2009-06-03,8.19482707977295,15.136186599731445,14.980545043945312,15.105057716369629,4124721
2009-06-04,8.279264450073242,15.29961109161377,14.949416160583496,15.260700225830078,4726359
2009-06-05,8.376372337341309,15.447470664978027,15.214008331298828,15.439688682556152,5479497
2009-06-08,8.342594146728516,15.486380577087402,15.260700225830078,15.377431869506836,3680369
2009-06-09,8.275042533874512,15.439688682556152,15.182879447937012,15.252918243408203,3737294
2009-06-10,8.152606010437012,15.416341781616211,14.863813400268555,15.027236938476562,5387748
2009-06-11,8.283486366271973,15.501946449279785,15.073929786682129,15.268482208251953,4743578
2009-06-12,8.215936660766602,15.322957038879395,15.050583839416504,15.14396858215332,5664666
2009-06-15,7.869736671447754,14.653696060180664,14.396886825561523,14.505837440490723,7462509
2009-06-16,7.848625183105469,14.638132095336914,14.451361656188965,14.466925621032715,5098238
2009-06-17,7.814850330352783,14.638132095336914,14.373540878295898,14.404668807983398,4796648
2009-06-18,8.004840850830078,14.863813400268555,14.451361656188965,14.754863739013672,8130966
2009-06-19,7.9203996658325195,14.87159538269043,14.521401405334473,14.599222183227539,4809241
2009-06-22,7.996395587921143,14.84046745300293,14.575875282287598,14.739299774169922,6114801
2009-06-23,8.351040840148926,15.486380577087402,15.214008331298828,15.392995834350586,9823440
2009-06-24,8.456588745117188,15.610895156860352,15.369649887084961,15.587549209594727,8174913
2009-06-25,8.097719192504883,15.533074378967285,14.44357967376709,14.926070213317871,16696904
2009-06-26,8.165273666381836,15.12840461730957,14.84046745300293,15.050583839416504,5700389
2009-06-29,8.207493782043457,15.136186599731445,14.887160301208496,15.12840461730957,4207090
2009-06-30,8.047059059143066,15.136186599731445,14.692606925964355,14.832685470581055,7870111
2009-07-01,8.110389709472656,15.221790313720703,14.848249435424805,14.949416160583496,6647691
2009-07-02,7.835958957672119,14.949416160583496,14.44357967376709,14.44357967376709,6702175
2009-07-06,8.135720252990723,15.058365821838379,14.404668807983398,14.996109008789062,5788925
2009-07-07,8.013280868530273,15.058365821838379,14.731517791748047,14.770427703857422,7696250
2009-07-08,7.937288284301758,14.85603141784668,14.513619422912598,14.630350112915039,5079734
2009-07-09,7.937288284301758,14.747081756591797,14.47470760345459,14.630350112915039,5382865
2009-07-10,7.890848159790039,14.941634178161621,14.42801570892334,14.544747352600098,3799488
2009-07-13,7.9541778564453125,14.708170890808105,14.44357967376709,14.661478996276855,6127651
2009-07-14,7.979506969451904,14.71595287322998,14.575875282287598,14.708170890808105,5940170
2009-07-15,8.042839050292969,14.832685470581055,14.70038890838623,14.824902534484863,5774919
2009-07-16,8.07239055633545,14.972763061523438,14.747081756591797,14.879377365112305,4507266
2009-07-17,7.983730792999268,14.85603141784668,14.653696060180664,14.71595287322998,5845594
2009-07-20,8.038612365722656,14.832685470581055,14.583658218383789,14.817120552062988,4276866
2009-07-21,8.076613426208496,15.011672973632812,14.71595287322998,14.887160301208496,4885570
2009-07-22,8.042839050292969,15.003890991210938,14.793773651123047,14.824902534484863,4492103
2009-07-23,8.199044227600098,15.291829109191895,14.747081756591797,15.112839698791504,5197440
2009-07-24,8.30459976196289,15.346303939819336,15.027236938476562,15.307393074035645,4003417
2009-07-27,8.351040840148926,15.392995834350586,15.042801856994629,15.392995834350586,5829274
2009-07-28,8.401705741882324,15.486380577087402,15.182879447937012,15.486380577087402,5521131
2009-07-29,8.393177032470703,15.361867904663086,15.175097465515137,15.322957038879395,4741393
2009-07-30,8.401702880859375,15.564202308654785,15.33073902130127,15.338521003723145,5302424
2009-07-31,8.367605209350586,15.424124717712402,15.237354278564453,15.276265144348145,3829942
2009-08-03,8.444328308105469,15.463034629821777,15.15953254699707,15.416341781616211,4535922
2009-08-04,8.418755531311035,15.564202308654785,15.31517505645752,15.369649887084961,2769689
2009-08-05,8.376129150390625,15.478598594665527,15.229572296142578,15.291829109191895,4543632
2009-08-06,8.354809761047363,15.439688682556152,15.175097465515137,15.252918243408203,3252207
2009-08-07,8.35055160522461,15.416341781616211,15.167314529418945,15.245136260986328,3983371
2009-08-10,8.346291542053223,15.268482208251953,15.175097465515137,15.237354278564453,2920934
2009-08-11,8.354809761047363,15.322957038879395,15.136186599731445,15.252918243408203,2614204
2009-08-12,8.376129150390625,15.416341781616211,15.190661430358887,15.291829109191895,3256062
2009-08-13,8.324974060058594,15.377431869506836,15.035018920898438,15.198444366455078,5633440
2009-08-14,8.184309005737305,15.291829109191895,14.894942283630371,14.941634178161621,6086788
2009-08-17,8.261035919189453,15.081711769104004,14.785991668701172,15.081711769104004,6390562
2009-08-18,8.30366325378418,15.229572296142578,14.996109008789062,15.15953254699707,5561480
2009-08-19,8.401702880859375,15.447470664978027,15.011672973632812,15.338521003723145,4913840
2009-08-20,8.461380004882812,15.486380577087402,15.175097465515137,15.447470664978027,4654784
2009-08-21,8.61483383178711,15.80544662475586,15.424124717712402,15.727625846862793,5141799
2009-08-24,8.65320110321045,15.797664642333984,15.634241104125977,15.797664642333984,3801929
2009-08-25,8.70008659362793,15.945525169372559,15.712061882019043,15.883268356323242,4611094
2009-08-26,8.717141151428223,15.9688720703125,15.75875473022461,15.914397239685059,3520258
2009-08-27,8.708613395690918,15.945525169372559,15.704279899597168,15.898833274841309,4785212
2009-08-28,8.640410423278809,15.929961204528809,15.727625846862793,15.77431869506836,4336618
2009-08-31,8.751241683959961,16.0,15.704279899597168,15.976654052734375,5764382
2009-09-01,8.576473236083984,16.062257766723633,15.618677139282227,15.657588005065918,5724418
2009-09-02,8.491218566894531,15.735408782958984,15.408559799194336,15.501946449279785,6129707
2009-09-03,8.533843994140625,15.595331192016602,15.361867904663086,15.579767227172852,6001336
2009-09-04,8.832230567932129,16.140077590942383,15.501946449279785,16.124513626098633,8739285
2009-09-08,9.224397659301758,16.972763061523438,16.186769485473633,16.84046745300293,11141721
2009-09-09,9.318177223205566,17.06614875793457,16.51361846923828,17.011672973632812,5113786
2009-09-10,9.309648513793945,17.011672973632812,16.785991668701172,16.996109008789062,5449043
2009-09-11,9.471630096435547,17.307392120361328,17.058366775512695,17.291828155517578,6770023
2009-09-14,9.492947578430176,17.361867904663086,17.15953254699707,17.330738067626953,6460980
2009-09-15,9.514259338378906,17.408559799194336,17.198444366455078,17.36964988708496,6627645
2009-09-16,9.467368125915527,17.42412567138672,17.105058670043945,17.284046173095703,4865910
2009-09-17,9.441792488098145,17.315174102783203,17.08171272277832,17.237354278564453,7566722
2009-09-18,9.514259338378906,17.463035583496094,17.06614875793457,17.36964988708496,6693437
2009-09-21,9.518521308898926,17.688716888427734,17.252918243408203,17.377431869506836,7834002
2009-09-22,9.377852439880371,17.509727478027344,16.793773651123047,17.120622634887695,10084809
2009-09-23,9.318177223205566,17.276264190673828,16.972763061523438,17.011672973632812,6468176
2009-09-24,9.267023086547852,17.11284065246582,16.863813400268555,16.91828727722168,4235489
2009-09-25,9.151933670043945,16.93385124206543,16.669261932373047,16.708171844482422,6203081
2009-09-28,9.258501052856445,16.988327026367188,16.692607879638672,16.90272331237793,4576399
2009-09-29,9.309648513793945,17.073930740356445,16.700389862060547,16.996109008789062,4591048
2009-09-30,9.24144458770752,17.011672973632812,16.669261932373047,16.87159538269043,5115971
2009-10-01,9.019790649414062,16.88715934753418,16.46692657470703,16.46692657470703,6221842
2009-10-02,9.126357078552246,16.793773651123047,16.3424129486084,16.661479949951172,7380526
2009-10-05,9.096518516540527,16.700389862060547,16.412450790405273,16.607004165649414,8325900
2009-10-06,9.087994575500488,16.723735809326172,16.474708557128906,16.591440200805664,6604643
2009-10-07,9.04110336303711,16.638132095336914,16.459144592285156,16.505836486816406,4329936
2009-10-08,9.045363426208496,16.591440200805664,16.46692657470703,16.51361846923828,4506495
2009-10-09,9.126357078552246,16.669261932373047,16.350194931030273,16.661479949951172,4031816
2009-10-12,9.186034202575684,16.88715934753418,16.677043914794922,16.770427703857422,2723558
2009-10-13,9.16472053527832,16.848249435424805,16.552528381347656,16.731517791748047,4213258
2009-10-14,8.994213104248047,16.926069259643555,16.31906509399414,16.42023277282715,8890273
2009-10-15,9.181770324707031,16.770427703857422,16.3424129486084,16.762645721435547,6750748
2009-10-16,9.249974250793457,16.94941520690918,16.661479949951172,16.88715934753418,5131005
2009-10-19,9.390642166137695,17.214008331298828,16.88715934753418,17.14396858215332,4680741
2009-10-20,9.40768814086914,17.315174102783203,17.136186599731445,17.17509651184082,3914624
2009-10-21,9.322436332702637,17.42412567138672,17.003890991210938,17.019454956054688,3497642
2009-10-22,9.399166107177734,17.206226348876953,16.770427703857422,17.15953254699707,4086428
2009-10-23,9.190299034118652,17.15953254699707,16.715953826904297,16.778209686279297,4125621
2009-10-26,9.113567352294922,16.90272331237793,16.48249053955078,16.638132095336914,4876575
2009-10-27,9.181770324707031,16.879377365112305,16.56031036376953,16.762645721435547,5020367
2009-10-28,9.056997299194336,16.684825897216797,16.3735408782959,16.381322860717773,4820935
2009-10-29,9.190375328063965,16.63035011291504,16.264591217041016,16.622568130493164,4925148
2009-10-30,9.035483360290527,16.731517791748047,16.3424129486084,16.3424129486084,6099895
2009-11-02,8.988151550292969,16.490272521972656,16.140077590942383,16.25680923461914,5297541
2009-11-03,8.9193115234375,16.33462905883789,15.992218017578125,16.132295608520508,3892522
2009-11-04,8.992454528808594,16.396886825561523,16.101167678833008,16.264591217041016,4378638
2009-11-05,9.160256385803223,16.58365821838379,16.27237319946289,16.568092346191406,4866038
2009-11-06,9.207584381103516,16.653696060180664,16.459144592285156,16.653696060180664,4268385
2009-11-09,9.336666107177734,16.90272331237793,16.684825897216797,16.88715934753418,5275696
2009-11-10,9.34096622467041,16.980545043945312,16.817121505737305,16.894941329956055,3089783
2009-11-11,9.457138061523438,17.182878494262695,16.879377365112305,17.105058670043945,4910242
2009-11-12,9.556098937988281,17.431907653808594,17.11284065246582,17.284046173095703,7598719
2009-11-13,9.642151832580566,17.494163513183594,17.229572296142578,17.43968963623047,4830315
2009-11-16,9.655061721801758,17.50194549560547,17.237354278564453,17.463035583496094,8116060
2009-11-17,9.659358024597168,17.509727478027344,17.35408592224121,17.47081756591797,2439958
2009-11-18,9.6163330078125,17.494163513183594,17.299610137939453,17.392995834350586,2831883
2009-11-19,9.62493896484375,17.494163513183594,17.17509651184082,17.408559799194336,3102119
2009-11-20,9.6163330078125,17.509727478027344,17.284046173095703,17.392995834350586,3498670
2009-11-23,9.706689834594727,17.77431869506836,17.478599548339844,17.556419372558594,3253235
2009-11-24,9.650757789611816,17.587549209594727,17.38521385192871,17.45525360107422,4141041
2009-11-25,9.689477920532227,17.556419372558594,17.38521385192871,17.525291442871094,2040451
2009-11-27,9.54318904876709,17.35408592224121,17.105058670043945,17.260700225830078,1948959
2009-11-30,9.547492027282715,17.35408592224121,17.19066047668457,17.268482208251953,2894463
2009-12-01,9.710991859436035,17.704280853271484,17.36964988708496,17.56420135498047,5063286
2009-12-02,9.728203773498535,17.649805068969727,17.51750946044922,17.5953311920166,4124978
2009-12-03,9.659358024597168,17.69649887084961,17.447471618652344,17.47081756591797,2691947
2009-12-04,9.723899841308594,17.735408782958984,17.408559799194336,17.587549209594727,3294997
2009-12-07,9.728203773498535,17.71206283569336,17.540855407714844,17.5953311920166,2849231
2009-12-08,9.599119186401367,17.56420135498047,17.252918243408203,17.361867904663086,3194896
2009-12-09,9.62493896484375,17.431907653808594,17.198444366455078,17.408559799194336,3402552
2009-12-10,9.56470012664795,17.494163513183594,17.182878494262695,17.299610137939453,4173037
2009-12-11,9.667966842651367,17.57976722717285,17.284046173095703,17.48638153076172,3830842
2009-12-14,9.650757789611816,17.587549209594727,17.431907653808594,17.45525360107422,4503411
2009-12-15,9.62493896484375,17.45525360107422,17.338520050048828,17.408559799194336,2237442
2009-12-16,9.66366195678711,17.704280853271484,17.45525360107422,17.478599548339844,4831600
2009-12-17,9.525978088378906,17.392995834350586,17.221790313720703,17.229572296142578,4484522
2009-12-18,9.534589767456055,17.377431869506836,17.05058479309082,17.245136260986328,8417393
2009-12-21,9.392601013183594,18.0,16.988327026367188,16.988327026367188,12413229
2009-12-22,9.797042846679688,17.74319076538086,17.136186599731445,17.719844818115234,9275516
2009-12-23,9.9562406539917,18.171205520629883,17.74319076538086,18.007781982421875,6099381
2009-12-24,10.003570556640625,18.22568130493164,18.038911819458008,18.093385696411133,1660734
2009-12-28,10.141251564025879,18.3424129486084,18.116731643676758,18.3424129486084,3882242
2009-12-29,10.063804626464844,18.42023277282715,18.140077590942383,18.202335357666016,2599041
2009-12-30,10.033690452575684,18.186769485473633,18.046693801879883,18.147859573364258,3118952
2009-12-31,9.917511940002441,18.249027252197266,17.929960250854492,17.937742233276367,2519757
2010-01-04,9.94333267211914,18.124513626098633,17.898832321166992,17.98443603515625,4009714
2010-01-05,9.98635482788086,18.326847076416016,17.859922409057617,18.062257766723633,5517148
2010-01-06,9.951937675476074,18.171205520629883,17.937742233276367,18.0,4248724
2010-01-07,9.982057571411133,18.108949661254883,17.906614303588867,18.054475784301758,3484920
2010-01-08,9.904606819152832,18.0311279296875,17.875486373901367,17.914396286010742,2861695
2010-01-11,10.072412490844727,18.233463287353516,17.945524215698242,18.217899322509766,4880173
2010-01-12,10.179976463317871,18.412450790405273,18.147859573364258,18.412450790405273,5073052
2010-01-13,10.244519233703613,18.568092346191406,18.396886825561523,18.52918243408203,3586050
2010-01-14,10.167069435119629,18.56031036376953,18.280155181884766,18.38910484313965,3831870
2010-01-15,10.007871627807617,18.412450790405273,17.992218017578125,18.101167678833008,5408694
2010-01-19,10.124042510986328,18.311283111572266,18.093385696411133,18.311283111572266,4806671
2010-01-20,10.124042510986328,18.365758895874023,18.085603713989258,18.311283111572266,6486552
2010-01-21,10.055201530456543,18.638132095336914,18.132295608520508,18.186769485473633,5501728
2010-01-22,9.9562406539917,18.30350112915039,18.007781982421875,18.007781982421875,4482080
2010-01-25,9.960540771484375,18.21011734008789,17.976654052734375,18.01556396484375,3280220
2010-01-26,9.930423736572266,18.085603713989258,17.859922409057617,17.961088180541992,4218527
2010-01-27,9.960806846618652,17.883268356323242,17.64202308654785,17.859922409057617,5348042
2010-01-28,9.930423736572266,18.0,17.797664642333984,17.80544662475586,4100563
2010-01-29,9.869657516479492,18.007781982421875,17.649805068969727,17.69649887084961,4723018
2010-02-01,9.956466674804688,17.852140426635742,17.673152923583984,17.852140426635742,3985813
2010-02-02,10.021568298339844,17.976654052734375,17.750972747802734,17.9688720703125,5166857
2010-02-03,9.960806846618652,18.007781982421875,17.75875473022461,17.859922409057617,3750915
2010-02-04,9.67435359954834,17.836576461791992,17.346303939819336,17.346303939819336,10445765
2010-02-05,9.908722877502441,17.80544662475586,17.268482208251953,17.766536712646484,11179115
2010-02-08,9.839280128479004,17.883268356323242,17.6264591217041,17.64202308654785,4982716
2010-02-09,9.960806846618652,17.992218017578125,17.719844818115234,17.859922409057617,4082445
2010-02-10,10.021568298339844,18.038911819458008,17.69649887084961,17.9688720703125,4824533
2010-02-11,10.108373641967773,18.155641555786133,17.782100677490234,18.124513626098633,4958687
2010-02-12,10.156116485595703,18.24124526977539,17.797664642333984,18.21011734008789,6098739
2010-02-16,10.381807327270508,18.638132095336914,18.217899322509766,18.61478614807129,6669279
2010-02-17,10.429551124572754,18.778209686279297,18.490272521972656,18.700389862060547,5185746
2010-02-18,10.529379844665527,18.926069259643555,18.622568130493164,18.879377365112305,4587707
2010-02-19,10.69430160522461,19.221790313720703,18.754863739013672,19.17509651184082,7098854
2010-02-22,10.676941871643066,19.260700225830078,18.988327026367188,19.14396858215332,6056462
2010-02-23,10.57711410522461,19.14396858215332,18.863813400268555,18.964981079101562,4789452
2010-02-24,10.646562576293945,19.167314529418945,18.91828727722168,19.089494705200195,4032715
2010-02-25,10.637882232666016,19.105058670043945,18.80933952331543,19.073930740356445,4646817
2010-02-26,10.616178512573242,19.151750564575195,18.964981079101562,19.035018920898438,4605954
2010-03-01,10.71600341796875,19.330738067626953,19.105058670043945,19.214008331298828,6098482
2010-03-02,10.807150840759277,19.41634178161621,19.299610137939453,19.377431869506836,5344829
2010-03-03,10.80280876159668,19.45525360107422,19.307392120361328,19.36964988708496,4243456
2010-03-04,10.807150840759277,19.509727478027344,19.182878494262695,19.377431869506836,6398401
2010-03-05,10.976417541503906,19.68093490600586,19.338520050048828,19.68093490600586,5938242
2010-03-08,10.954713821411133,19.719844818115234,19.494163513183594,19.64202308654785,4500199
2010-03-09,10.954713821411133,19.74319076538086,19.587549209594727,19.64202308654785,2846147
2010-03-10,10.946033477783203,19.688716888427734,19.51750946044922,19.6264591217041,3402937
2010-03-11,11.01114273071289,19.750972747802734,19.50194549560547,19.74319076538086,2860796
2010-03-12,11.01114273071289,19.836576461791992,19.571983337402344,19.74319076538086,3301936
2010-03-15,11.067564010620117,19.844358444213867,19.688716888427734,19.844358444213867,4068695
2010-03-16,11.110963821411133,19.961088180541992,19.704280853271484,19.922178268432617,4393544
2010-03-17,11.180415153503418,20.093385696411133,19.914396286010742,20.046693801879883,4248467
2010-03-18,11.223812103271484,20.202335357666016,19.992218017578125,20.124513626098633,5732642
2010-03-19,11.215130805969238,20.264591217041016,19.9688720703125,20.108949661254883,6060317
2010-03-22,11.336658477783203,20.428016662597656,19.875486373901367,20.326847076416016,6468562
2010-03-23,11.406097412109375,20.48249053955078,20.249027252197266,20.45136260986328,5239716
2010-03-24,11.327974319458008,20.4046688079834,20.22568130493164,20.311283111572266,7351228
2010-03-25,10.824506759643555,20.155641555786133,19.330738067626953,19.408559799194336,12670614
2010-03-26,10.69430160522461,19.408559799194336,18.85603141784668,19.17509651184082,12029399
2010-03-29,10.863574028015137,19.525291442871094,19.15953254699707,19.478599548339844,6515850
2010-03-30,10.8331880569458,19.57976722717285,19.377431869506836,19.42412567138672,6084989
2010-03-31,10.880935668945312,19.634241104125977,19.291828155517578,19.509727478027344,6518291
2010-04-01,10.950373649597168,19.68093490600586,19.51750946044922,19.634241104125977,4589892
2010-04-05,10.946033477783203,19.750972747802734,19.540855407714844,19.6264591217041,4983487
2010-04-06,10.859230995178223,19.53307342529297,19.291828155517578,19.47081756591797,7998225
2010-04-07,10.933013916015625,19.6264591217041,19.330738067626953,19.603113174438477,7243417
2010-04-08,10.9113130569458,19.64202308654785,19.45525360107422,19.56420135498047,4765937
2010-04-09,10.950373649597168,19.72762680053711,19.556419372558594,19.634241104125977,3502653
2010-04-12,10.850549697875977,19.6575870513916,19.408559799194336,19.45525360107422,5829917
2010-04-13,10.876591682434082,19.556419372558594,19.40077781677246,19.50194549560547,5139615
2010-04-14,10.959060668945312,19.673152923583984,19.51750946044922,19.649805068969727,3704141
2010-04-15,10.863574028015137,19.64202308654785,19.431907653808594,19.478599548339844,4851261
2010-04-16,10.798467636108398,19.54863739013672,19.268482208251953,19.361867904663086,5808971
2010-04-19,10.785446166992188,19.40077781677246,19.19066047668457,19.338520050048828,3535549
2010-04-20,10.820169448852539,19.47081756591797,19.361867904663086,19.40077781677246,2727927
2010-04-21,10.872251510620117,19.57976722717285,19.377431869506836,19.494163513183594,3878001
2010-04-22,10.846211433410645,19.494163513183594,19.322956085205078,19.447471618652344,3972834
2010-04-23,10.81148910522461,19.447471618652344,19.260700225830078,19.38521385192871,3588748
2010-04-26,10.772427558898926,19.463035583496094,19.268482208251953,19.315174102783203,5146554
2010-04-27,10.60749626159668,19.291828155517578,18.94941520690918,19.019454956054688,6851620
2010-04-28,10.725652694702148,19.14396858215332,18.747081756591797,19.073930740356445,4617776
2010-04-29,10.795669555664062,19.260700225830078,19.08171272277832,19.198444366455078,4527826
2010-04-30,10.708146095275879,19.260700225830078,19.035018920898438,19.042802810668945,7231980
2010-05-03,10.826300621032715,19.322956085205078,18.964981079101562,19.252918243408203,5415119
2010-05-04,10.708146095275879,19.214008331298828,18.941633224487305,19.042802810668945,5659783
2010-05-05,10.721272468566895,19.214008331298828,18.926069259643555,19.06614875793457,5630356
2010-05-06,10.419329643249512,19.042802810668945,17.40077781677246,18.52918243408203,10077227
2010-05-07,10.318682670593262,18.58365821838379,18.19455337524414,18.350194931030273,7972654
2010-05-10,10.660012245178223,19.042802810668945,18.54474639892578,18.957197189331055,6894796
2010-05-11,10.660012245178223,19.15953254699707,18.778209686279297,18.957197189331055,4444687
2010-05-12,10.826300621032715,19.299610137939453,18.910505294799805,19.252918243408203,4425926
2010-05-13,10.821925163269043,19.392995834350586,19.09727668762207,19.245136260986328,4417702
2010-05-14,10.664386749267578,19.221790313720703,18.80933952331543,18.964981079101562,5121111
2010-05-17,10.71252155303955,19.105058670043945,18.88715934753418,19.05058479309082,5382608
2010-05-18,10.71252155303955,19.245136260986328,18.988327026367188,19.05058479309082,9876382
2010-05-19,10.865686416625977,19.330738067626953,18.863813400268555,19.322956085205078,9314323
2010-05-20,10.677513122558594,19.206226348876953,18.87159538269043,18.988327026367188,12413229
2010-05-21,10.835047721862793,19.268482208251953,18.59922218322754,19.268482208251953,9915574
2010-05-24,10.69502067565918,19.260700225830078,18.832685470581055,19.019454956054688,6579586
2010-05-25,10.546236038208008,18.785991668701172,18.43579864501953,18.754863739013672,8490509
2010-05-26,10.441207885742188,18.894941329956055,18.521400451660156,18.568092346191406,5536037
2010-05-27,10.629379272460938,18.90272331237793,18.669261932373047,18.90272331237793,3972192
2010-05-28,10.581243515014648,18.972763061523438,18.778209686279297,18.817121505737305,3256704
2010-06-01,10.511228561401367,18.988327026367188,18.54474639892578,18.692607879638672,3950218
2010-06-02,10.747530937194824,19.120622634887695,18.762645721435547,19.11284065246582,3765692
2010-06-03,10.830679893493652,19.330738067626953,19.151750564575195,19.260700225830078,4291001
2010-06-04,10.59437370300293,19.05058479309082,18.817121505737305,18.84046745300293,5549016
2010-06-07,10.50247573852539,19.05058479309082,18.677043914794922,18.677043914794922,5440562
2010-06-08,10.69502067565918,19.058366775512695,18.653696060180664,19.019454956054688,6550545
2010-06-09,10.71252155303955,19.42412567138672,18.988327026367188,19.05058479309082,7628659
2010-06-10,10.922572135925293,19.48638153076172,19.221790313720703,19.42412567138672,4849333
2010-06-11,10.887561798095703,19.377431869506836,19.08171272277832,19.361867904663086,3995450
2010-06-14,10.900691032409668,19.587549209594727,19.36964988708496,19.38521385192871,4042481
2010-06-15,10.979462623596191,19.540855407714844,19.36964988708496,19.525291442871094,3343699
2010-06-16,10.988213539123535,19.603113174438477,19.40077781677246,19.540855407714844,3734082
2010-06-17,11.040722846984863,19.782100677490234,19.556419372558594,19.634241104125977,7588439
2010-06-18,10.926949501037598,19.57976722717285,19.42412567138672,19.431907653808594,7207180
2010-06-21,10.913819313049316,19.649805068969727,19.346303939819336,19.408559799194336,4472828
2010-06-22,10.804420471191406,19.5953311920166,19.182878494262695,19.214008331298828,4540676
2010-06-23,10.804420471191406,19.361867904663086,19.120622634887695,19.214008331298828,6151424
2010-06-24,10.59437370300293,19.15953254699707,18.521400451660156,18.84046745300293,7588439
2010-06-25,10.4674654006958,18.85603141784668,18.56031036376953,18.61478614807129,7113246
2010-06-28,10.50247573852539,18.801555633544922,18.591440200805664,18.677043914794922,6464193
2010-06-29,10.331808090209961,18.669261932373047,18.326847076416016,18.3735408782959,8406856
2010-06-30,10.204903602600098,18.45136260986328,18.116731643676758,18.147859573364258,7846467
2010-07-01,10.183026313781738,18.171205520629883,17.906614303588867,18.108949661254883,6711298
2010-07-02,10.134886741638184,18.171205520629883,17.945524215698242,18.023345947265625,4029503
2010-07-06,10.178646087646484,18.249027252197266,17.992218017578125,18.101167678833008,4836612
2010-07-07,10.349312782287598,18.428016662597656,18.023345947265625,18.4046688079834,3512676
2010-07-08,10.519977569580078,18.739299774169922,18.3735408782959,18.708171844482422,5089371
2010-07-09,10.463090896606445,18.715953826904297,18.568092346191406,18.607004165649414,2916950
2010-07-12,10.454338073730469,18.754863739013672,18.49805450439453,18.591440200805664,4834813
2010-07-13,10.506855964660645,18.801555633544922,18.677043914794922,18.684825897216797,3963839
2010-07-14,10.546236038208008,18.85603141784668,18.607004165649414,18.754863739013672,2949975
2010-07-15,10.546236038208008,18.863813400268555,18.568092346191406,18.754863739013672,3412318
2010-07-16,10.353692054748535,18.708171844482422,18.38910484313965,18.412450790405273,4164813
2010-07-19,10.401825904846191,18.58365821838379,18.443580627441406,18.49805450439453,3558808
2010-07-20,10.458711624145508,18.61478614807129,18.28793716430664,18.59922218322754,3789722
2010-07-21,10.353692054748535,18.723735809326172,18.3424129486084,18.412450790405273,4122023
2010-07-22,10.410578727722168,18.58365821838379,18.396886825561523,18.51361846923828,4156075
2010-07-23,10.471840858459473,18.653696060180664,18.396886825561523,18.622568130493164,4024363
2010-07-26,10.528732299804688,18.731517791748047,18.536964416503906,18.723735809326172,2596728
2010-07-27,10.559361457824707,18.87159538269043,18.669261932373047,18.778209686279297,5404582
2010-07-28,10.493171691894531,18.778209686279297,18.459144592285156,18.505836486816406,3649400
2010-07-29,10.294605255126953,18.58365821838379,18.132295608520508,18.155641555786133,5301139
2010-07-30,10.360797882080078,18.326847076416016,18.01556396484375,18.27237319946289,4332892
2010-08-02,10.37403392791748,18.57587432861328,18.28793716430664,18.295719146728516,4925020
2010-08-03,10.087213516235352,18.365758895874023,17.77431869506836,17.78988265991211,10236696
2010-08-04,10.073979377746582,17.922178268432617,17.704280853271484,17.766536712646484,10734119
2010-08-05,10.02543830871582,17.750972747802734,17.47081756591797,17.68093490600586,10008865
2010-08-06,9.800393104553223,17.66537094116211,17.260700225830078,17.284046173095703,10970688
2010-08-09,9.729790687561035,17.525291442871094,17.11284065246582,17.15953254699707,14988111
2010-08-10,9.77833080291748,17.447471618652344,17.06614875793457,17.245136260986328,13083742
2010-08-11,9.531225204467773,17.035018920898438,16.700389862060547,16.80933952331543,12468869
2010-08-12,9.491510391235352,16.848249435424805,16.59922218322754,16.739299774169922,7699977
2010-08-13,9.54005241394043,16.87159538269043,16.607004165649414,16.82490348815918,4367844
2010-08-16,9.531225204467773,16.817121505737305,16.607004165649414,16.80933952331543,4261960
2010-08-17,9.623892784118652,17.08171272277832,16.80933952331543,16.972763061523438,5827090
2010-08-18,9.760680198669434,17.221790313720703,16.94941520690918,17.214008331298828,6713354
2010-08-19,9.593003273010254,17.198444366455078,16.731517791748047,16.91828727722168,5679443
2010-08-20,9.465036392211914,16.848249435424805,16.607004165649414,16.692607879638672,6947867
2010-08-23,9.482686996459961,16.82490348815918,16.708171844482422,16.723735809326172,5090656
2010-08-24,9.425323486328125,16.708171844482422,16.521400451660156,16.622568130493164,6068670
2010-08-25,9.531225204467773,16.84046745300293,16.52918243408203,16.80933952331543,5294072
2010-08-26,9.482686996459961,16.879377365112305,16.669261932373047,16.723735809326172,4095166
2010-08-27,9.593003273010254,16.926069259643555,16.56031036376953,16.91828727722168,3202606
2010-08-30,9.469449996948242,16.90272331237793,16.684825897216797,16.700389862060547,3310289
2010-08-31,9.526814460754395,16.85603141784668,16.607004165649414,16.801555633544922,5697433
2010-09-01,9.712143898010254,17.136186599731445,16.90272331237793,17.12840461730957,4291258
2010-09-02,9.69007682800293,17.237354278564453,17.058366775512695,17.089494705200195,3664692
2010-09-03,9.70331859588623,17.206226348876953,17.019454956054688,17.11284065246582,2926973
2010-09-07,9.65919017791748,17.105058670043945,16.957197189331055,17.035018920898438,3626656
2010-09-08,9.672431945800781,17.120622634887695,17.019454956054688,17.058366775512695,4320170
2010-09-09,9.632716178894043,17.245136260986328,16.980545043945312,16.988327026367188,4026804
2010-09-10,9.685667037963867,17.12840461730957,16.94941520690918,17.08171272277832,4248724
2010-09-13,9.641541481018066,17.214008331298828,16.93385124206543,17.003890991210938,4048649
2010-09-14,9.69007682800293,17.182878494262695,16.863813400268555,17.089494705200195,3932614
2010-09-15,9.844521522521973,17.361867904663086,17.042802810668945,17.361867904663086,4308477
2010-09-16,9.734204292297363,17.214008331298828,17.035018920898438,17.167314529418945,4371699
2010-09-17,9.747443199157715,17.299610137939453,17.136186599731445,17.19066047668457,3572300
2010-09-20,9.87099552154541,17.41634178161621,17.136186599731445,17.408559799194336,5091042
2010-09-21,9.517989158630371,16.926069259643555,16.365758895874023,16.785991668701172,20965932
2010-09-22,9.451798439025879,16.832685470581055,16.653696060180664,16.669261932373047,8493722
2010-09-23,9.51357364654541,16.801555633544922,16.52918243408203,16.778209686279297,8707674
2010-09-24,9.610651969909668,16.94941520690918,16.793773651123047,16.94941520690918,6711427
2010-09-27,9.610651969909668,17.027236938476562,16.87159538269043,16.94941520690918,6604515
2010-09-28,9.698907852172852,17.11284065246582,16.848249435424805,17.105058670043945,4661338
2010-09-29,9.69007682800293,17.198444366455078,16.988327026367188,17.089494705200195,6603872
2010-09-30,9.681255340576172,17.221790313720703,16.894941329956055,17.073930740356445,7149997
2010-10-01,9.765089988708496,17.252918243408203,17.058366775512695,17.221790313720703,5270942
2010-10-04,9.707727432250977,17.276264190673828,17.05058479309082,17.120622634887695,4487734
2010-10-05,9.848933219909668,17.42412567138672,17.151750564575195,17.36964988708496,6651674
2010-10-06,9.720969200134277,17.36964988708496,17.09727668762207,17.14396858215332,8154995
2010-10-07,9.67684268951416,17.245136260986328,17.011672973632812,17.06614875793457,3779570
2010-10-08,9.650367736816406,17.151750564575195,16.94941520690918,17.019454956054688,4955731
2010-10-11,9.69007682800293,17.151750564575195,17.003890991210938,17.089494705200195,5458937
2010-10-12,9.720969200134277,17.19066047668457,17.011672973632812,17.14396858215332,4467560
2010-10-13,9.963663101196289,17.571983337402344,17.167314529418945,17.571983337402344,8217960
2010-10-14,9.976901054382324,17.782100677490234,17.53307342529297,17.5953311920166,6249469
2010-10-15,9.893061637878418,17.735408782958984,17.408559799194336,17.447471618652344,5949165
2010-10-18,9.972487449645996,17.649805068969727,17.431907653808594,17.587549209594727,12760821
2010-10-19,9.954833984375,17.6575870513916,17.447471618652344,17.556419372558594,5365646
2010-10-20,9.976901054382324,17.688716888427734,17.51750946044922,17.5953311920166,4298839
2010-10-21,10.096036911010742,17.80544662475586,17.556419372558594,17.80544662475586,5846750
2010-10-22,10.126927375793457,17.898832321166992,17.750972747802734,17.859922409057617,4087071
2010-10-25,10.113687515258789,18.023345947265625,17.78988265991211,17.836576461791992,4445586
2010-10-26,10.007786750793457,17.883268356323242,17.571983337402344,17.649805068969727,4933629
2010-10-27,9.989954948425293,17.478599548339844,17.268482208251953,17.43968963623047,4849590
2010-10-28,10.061279296875,17.634241104125977,17.48638153076172,17.56420135498047,3351409
2010-10-29,10.025614738464355,17.603113174438477,17.47081756591797,17.50194549560547,3201064
2010-11-01,9.909713745117188,17.556419372558594,17.198444366455078,17.299610137939453,4783413
2010-11-02,9.932003021240234,17.48638153076172,17.260700225830078,17.338520050048828,3938782
2010-11-03,9.923086166381836,17.41634178161621,17.15953254699707,17.322956085205078,2284859
2010-11-04,9.891883850097656,17.45525360107422,17.214008331298828,17.268482208251953,5275825
2010-11-05,9.869599342346191,17.338520050048828,17.09727668762207,17.229572296142578,3701443
2010-11-08,9.923086166381836,17.36964988708496,17.17509651184082,17.322956085205078,3243726
2010-11-09,9.851763725280762,17.346303939819336,17.15953254699707,17.198444366455078,3688978
2010-11-10,9.869599342346191,17.299610137939453,17.09727668762207,17.229572296142578,4036185
2010-11-11,9.878508567810059,17.245136260986328,17.042802810668945,17.245136260986328,4423613
2010-11-12,9.81164264678955,17.182878494262695,17.019454956054688,17.12840461730957,3565875
2010-11-15,9.633332252502441,17.260700225830078,16.793773651123047,16.817121505737305,5138073
2010-11-16,9.423815727233887,16.770427703857422,16.35797691345215,16.45136260986328,7492963
2010-11-17,9.535260200500488,16.723735809326172,16.43579864501953,16.64591407775879,3638092
2010-11-18,9.597668647766113,16.82490348815918,16.661479949951172,16.754863739013672,3234859
2010-11-19,9.575380325317383,16.778209686279297,16.57587432861328,16.715953826904297,2360160
2010-11-22,9.606582641601562,16.785991668701172,16.536964416503906,16.770427703857422,3381606
2010-11-23,9.526341438293457,16.661479949951172,16.536964416503906,16.63035011291504,2408219
2010-11-24,9.557546615600586,16.715953826904297,16.568092346191406,16.684825897216797,2178332
2010-11-26,9.637788772583008,16.87159538269043,16.607004165649414,16.82490348815918,2129117
2010-11-29,9.704655647277832,17.042802810668945,16.677043914794922,16.941633224487305,5908816
2010-11-30,9.575380325317383,16.879377365112305,16.677043914794922,16.715953826904297,6627773
2010-12-01,9.784895896911621,17.120622634887695,16.817121505737305,17.08171272277832,3619203
2010-12-02,9.84284782409668,17.198444366455078,17.019454956054688,17.182878494262695,3524241
2010-12-03,9.84284782409668,17.182878494262695,17.019454956054688,17.182878494262695,10533659
2010-12-06,9.767066955566406,17.15953254699707,16.964981079101562,17.05058479309082,2665219
2010-12-07,9.81164264678955,17.245136260986328,17.08171272277832,17.12840461730957,3322239
2010-12-08,9.91862964630127,17.330738067626953,17.120622634887695,17.315174102783203,3417586
2010-12-09,9.878508567810059,17.42412567138672,17.15953254699707,17.245136260986328,7359324
2010-12-10,9.954292297363281,17.377431869506836,17.167314529418945,17.377431869506836,5188188
2010-12-13,9.896339416503906,17.50194549560547,17.14396858215332,17.276264190673828,6076508
2010-12-14,9.896339416503906,17.338520050048828,17.229572296142578,17.276264190673828,3242569
2010-12-15,9.923086166381836,17.36964988708496,17.19066047668457,17.322956085205078,4237159
2010-12-16,10.003329277038574,17.478599548339844,17.299610137939453,17.463035583496094,4297940
2010-12-17,10.025614738464355,17.556419372558594,17.392995834350586,17.50194549560547,6521889
2010-12-20,10.003329277038574,17.571983337402344,17.276264190673828,17.463035583496094,6305238
2010-12-21,9.985499382019043,17.673152923583984,17.377431869506836,17.431907653808594,7514551
2010-12-22,10.025614738464355,17.56420135498047,17.315174102783203,17.50194549560547,5808200
2010-12-23,9.985499382019043,17.54863739013672,17.41634178161621,17.431907653808594,4128062
2010-12-27,9.998867988586426,17.556419372558594,17.322956085205078,17.45525360107422,5078577
2010-12-28,9.985499382019043,17.54863739013672,17.377431869506836,17.431907653808594,3124606
2010-12-29,10.025614738464355,17.5953311920166,17.41634178161621,17.50194549560547,2762493
2010-12-30,10.088025093078613,17.66537094116211,17.47081756591797,17.61089515686035,3239485
2010-12-31,10.065740585327148,17.66537094116211,17.509727478027344,17.571983337402344,2242454
2011-01-03,10.07465648651123,17.704280853271484,17.525291442871094,17.587549209594727,6503385
2011-01-04,10.092486381530762,17.66537094116211,17.54863739013672,17.618677139282227,5284177
2011-01-05,10.114773750305176,17.782100677490234,17.53307342529297,17.6575870513916,5496588
2011-01-06,10.114773750305176,17.71206283569336,17.61089515686035,17.6575870513916,7426529
2011-01-07,10.07911491394043,17.673152923583984,17.45525360107422,17.5953311920166,8033691
2011-01-10,10.105854988098145,17.719844818115234,17.525291442871094,17.64202308654785,6939900
2011-01-11,10.105854988098145,17.704280853271484,17.618677139282227,17.64202308654785,4493003
2011-01-12,10.346576690673828,18.178987503051758,17.673152923583984,18.062257766723633,6260263
2011-01-13,10.342123031616211,18.186769485473633,18.01556396484375,18.054475784301758,5384921
2011-01-14,10.30200481414795,18.171205520629883,17.937742233276367,17.98443603515625,4206062
2011-01-18,10.351040840148926,18.093385696411133,17.961088180541992,18.070039749145508,3658395
2011-01-19,10.315374374389648,18.21011734008789,18.0,18.007781982421875,4594903
2011-01-20,10.458027839660645,18.396886825561523,17.961088180541992,18.25680923461914,5127150
2011-01-21,10.462481498718262,18.350194931030273,18.132295608520508,18.264591217041016,3769033
2011-01-24,10.47585391998291,18.4046688079834,18.19455337524414,18.28793716430664,8902737
2011-01-25,10.511521339416504,18.428016662597656,18.202335357666016,18.350194931030273,4307706
2011-01-26,10.382241249084473,18.42023277282715,18.085603713989258,18.124513626098633,6124053
2011-01-27,10.29670238494873,17.961088180541992,17.74319076538086,17.797664642333984,6812171
2011-01-28,10.103100776672363,17.929960250854492,17.45525360107422,17.463035583496094,5840968
2011-01-31,10.053577423095703,17.51750946044922,17.338520050048828,17.377431869506836,6866269
2011-02-01,10.148123741149902,17.61089515686035,17.42412567138672,17.540855407714844,3988254
2011-02-02,10.148123741149902,17.587549209594727,17.45525360107422,17.540855407714844,3494301
2011-02-03,10.148123741149902,17.587549209594727,17.38521385192871,17.540855407714844,4340987
2011-02-04,10.256176948547363,17.782100677490234,17.540855407714844,17.72762680053711,3165726
2011-02-07,10.224664688110352,17.75875473022461,17.618677139282227,17.673152923583984,3926831
2011-02-08,10.220159530639648,17.813230514526367,17.5953311920166,17.66537094116211,4649644
2011-02-09,10.310208320617676,17.859922409057617,17.618677139282227,17.821012496948242,4126135
2011-02-10,10.220159530639648,17.813230514526367,17.6264591217041,17.66537094116211,3822232
2011-02-11,10.139120101928711,17.71206283569336,17.40077781677246,17.525291442871094,7605401
2011-02-14,10.229165077209473,17.72762680053711,17.509727478027344,17.68093490600586,4426440
2011-02-15,10.089594841003418,17.66537094116211,17.40077781677246,17.43968963623047,6367304
2011-02-16,10.20665168762207,17.66537094116211,17.48638153076172,17.64202308654785,5261047
2011-02-17,10.265181541442871,17.750972747802734,17.571983337402344,17.74319076538086,4043252
2011-02-18,10.247176170349121,17.782100677490234,17.618677139282227,17.71206283569336,4955988
2011-02-22,10.148123741149902,17.704280853271484,17.47081756591797,17.540855407714844,6588324
2011-02-23,10.233670234680176,17.750972747802734,17.47081756591797,17.688716888427734,4776474
2011-02-24,10.251676559448242,17.813230514526367,17.61089515686035,17.719844818115234,5044139
2011-02-25,10.355228424072266,17.9688720703125,17.719844818115234,17.898832321166992,4904460
2011-02-28,10.427264213562012,18.093385696411133,17.906614303588867,18.023345947265625,3523085
2011-03-01,10.314709663391113,18.132295608520508,17.821012496948242,17.828794479370117,4543760
2011-03-02,10.323712348937988,17.891050338745117,17.6264591217041,17.844358444213867,5201423
2011-03-03,10.431768417358398,18.077821731567383,17.937742233276367,18.0311279296875,3517174
2011-03-04,10.427264213562012,18.054475784301758,17.891050338745117,18.023345947265625,3922591
2011-03-07,10.377742767333984,18.202335357666016,17.914396286010742,17.937742233276367,4676115
2011-03-08,10.481295585632324,18.124513626098633,17.961088180541992,18.116731643676758,3451382
2011-03-09,10.526318550109863,18.217899322509766,18.054475784301758,18.19455337524414,3084643
2011-03-10,10.512807846069336,18.25680923461914,17.992218017578125,18.171205520629883,4227907
2011-03-11,10.521808624267578,18.264591217041016,18.155641555786133,18.186769485473633,2211485
2011-03-14,10.472286224365234,18.202335357666016,18.0311279296875,18.101167678833008,7233265
2011-03-15,10.368734359741211,18.007781982421875,17.719844818115234,17.922178268432617,8520964
2011-03-16,10.278690338134766,17.898832321166992,17.66537094116211,17.766536712646484,7678517
2011-03-17,10.121109962463379,18.046693801879883,17.463035583496094,17.494163513183594,8542295
2011-03-18,10.251676559448242,17.844358444213867,17.57976722717285,17.719844818115234,6937715
2011-03-21,10.382243156433105,17.976654052734375,17.78988265991211,17.945524215698242,3869520
2011-03-22,10.350728988647461,17.9688720703125,17.813230514526367,17.891050338745117,4343300
2011-03-23,10.323712348937988,17.945524215698242,17.618677139282227,17.844358444213867,4185373
2011-03-24,10.535324096679688,18.264591217041016,17.75875473022461,18.21011734008789,8674393
2011-03-25,10.728918075561523,18.59922218322754,18.233463287353516,18.54474639892578,7092815
2011-03-28,10.688398361206055,18.638132095336914,18.459144592285156,18.474708557128906,3148507
2011-03-29,10.674891471862793,18.552528381347656,18.3735408782959,18.45136260986328,3186672
2011-03-30,10.737920761108398,18.669261932373047,18.49805450439453,18.56031036376953,6032176
2011-03-31,10.692896842956543,18.638132095336914,18.459144592285156,18.48249053955078,3557009
2011-04-01,10.733418464660645,18.638132095336914,18.43579864501953,18.552528381347656,3475925
2011-04-04,10.71091079711914,18.61478614807129,18.490272521972656,18.51361846923828,2376351
2011-04-05,10.724417686462402,18.661479949951172,18.521400451660156,18.536964416503906,3548656
2011-04-06,10.75593376159668,18.669261932373047,18.490272521972656,18.591440200805664,2828028
2011-04-07,10.706404685974121,18.57587432861328,18.412450790405273,18.505836486816406,2445998
2011-04-08,10.647876739501953,18.607004165649414,18.350194931030273,18.4046688079834,3042238
2011-04-11,10.728918075561523,18.568092346191406,18.42023277282715,18.54474639892578,2359260
2011-04-12,10.63437271118164,18.49805450439453,18.295719146728516,18.381322860717773,3992109
2011-04-13,10.625364303588867,18.48249053955078,18.365758895874023,18.365758895874023,6441834
2011-04-14,10.877490997314453,18.863813400268555,18.31906509399414,18.801555633544922,4959072
2011-04-15,11.11611270904541,19.229572296142578,18.84046745300293,19.214008331298828,7809587
2011-04-18,10.972042083740234,19.120622634887695,18.85603141784668,18.964981079101562,3602755
2011-04-19,11.017064094543457,19.11284065246582,18.964981079101562,19.042802810668945,3723159
2011-04-20,10.967535972595215,19.252918243408203,18.93385124206543,18.957197189331055,4567533
2011-04-21,10.859487533569336,19.089494705200195,18.715953826904297,18.770427703857422,4514077
2011-04-25,10.82796859741211,18.778209686279297,18.64591407775879,18.715953826904297,2958327
2011-04-26,10.922517776489258,18.941633224487305,18.747081756591797,18.879377365112305,3855000
2011-04-27,11.063421249389648,18.980545043945312,18.747081756591797,18.941633224487305,3905115
2011-04-28,11.063421249389648,18.964981079101562,18.832685470581055,18.941633224487305,3285617
2011-04-29,11.113419532775879,19.06614875793457,18.747081756591797,19.027236938476562,10207912
2011-05-02,11.217966079711914,19.431907653808594,19.06614875793457,19.206226348876953,7223756
2011-05-03,11.249784469604492,19.330738067626953,19.11284065246582,19.260700225830078,9387568
2011-05-04,11.595230102539062,20.093385696411133,19.35408592224121,19.852140426635742,23669700
2011-05-05,11.395235061645508,19.992218017578125,19.494163513183594,19.509727478027344,15291114
2011-05-06,11.440690040588379,19.898832321166992,19.57976722717285,19.587549209594727,6568920
2011-05-09,11.477048873901367,19.74319076538086,19.47081756591797,19.649805068969727,4770434
2011-05-10,11.490686416625977,19.821012496948242,19.5953311920166,19.673152923583984,4190770
2011-05-11,11.46795654296875,19.75875473022461,19.56420135498047,19.634241104125977,4406908
2011-05-12,11.599774360656738,19.922178268432617,19.61089515686035,19.859922409057617,4180233
2011-05-13,11.599774360656738,19.929960250854492,19.72762680053711,19.859922409057617,3457164
2011-05-16,11.57705020904541,19.883268356323242,19.704280853271484,19.821012496948242,4150164
2011-05-17,11.45432186126709,19.828794479370117,19.571983337402344,19.61089515686035,7198185
2011-05-18,11.522503852844238,19.74319076538086,19.57976722717285,19.72762680053711,7361123
2011-05-19,11.627047538757324,19.937742233276367,19.68093490600586,19.906614303588867,3982472
2011-05-20,11.599774360656738,19.992218017578125,19.704280853271484,19.859922409057617,3614191
2011-05-23,11.531595230102539,19.875486373901367,19.688716888427734,19.74319076538086,3316457
2011-05-24,11.499773979187012,19.828794479370117,19.6264591217041,19.688716888427734,2645301
2011-05-25,11.249784469604492,19.61089515686035,19.260700225830078,19.260700225830078,6802276
2011-05-26,11.331595420837402,19.431907653808594,19.198444366455078,19.40077781677246,4223024
2011-05-27,11.381596565246582,19.5953311920166,19.38521385192871,19.48638153076172,3097107
2011-05-31,11.558866500854492,19.797664642333984,19.494163513183594,19.78988265991211,4524999
2011-06-01,11.495230674743652,19.844358444213867,19.66537094116211,19.68093490600586,5505711
2011-06-02,11.336141586303711,19.71206283569336,19.284046173095703,19.408559799194336,4272368
2011-06-03,11.122511863708496,19.260700225830078,19.003890991210938,19.042802810668945,4915768
2011-06-06,11.072509765625,19.058366775512695,18.926069259643555,18.957197189331055,3721617
2011-06-07,11.058876037597656,19.182878494262695,18.926069259643555,18.93385124206543,3702471
2011-06-08,11.063421249389648,18.957197189331055,18.677043914794922,18.941633224487305,3994165
2011-06-09,11.158875465393066,19.167314529418945,18.879377365112305,19.105058670043945,4144382
2011-06-10,10.990697860717773,19.035018920898438,18.785991668701172,18.817121505737305,4239472
2011-06-13,11.049789428710938,19.035018920898438,18.801555633544922,18.91828727722168,3121008
2011-06-14,11.090692520141602,19.058366775512695,18.85603141784668,18.988327026367188,4589763
2011-06-15,10.922515869140625,18.91828727722168,18.607004165649414,18.700389862060547,5391989
2011-06-16,11.213417053222656,19.38521385192871,18.88715934753418,19.198444366455078,7770652
2011-06-17,11.204326629638672,19.43968963623047,19.167314529418945,19.182878494262695,6721835
2011-06-20,11.29978084564209,19.431907653808594,19.15953254699707,19.346303939819336,4221354
2011-06-21,11.331595420837402,19.57976722717285,19.307392120361328,19.40077781677246,9329357
2011-06-22,11.5543212890625,19.797664642333984,19.377431869506836,19.782100677490234,10660874
2011-06-23,11.531595230102539,19.953306198120117,19.105058670043945,19.74319076538086,15419614
2011-06-24,11.45432186126709,19.859922409057617,19.571983337402344,19.61089515686035,7067629
2011-06-27,11.540687561035156,20.038911819458008,19.735408782958984,19.75875473022461,4989784
2011-06-28,11.690680503845215,20.124513626098633,19.821012496948242,20.01556396484375,6594106
2011-06-29,11.686136245727539,20.171205520629883,19.891050338745117,20.007781982421875,3952917
2011-06-30,11.731587409973145,20.101167678833008,19.937742233276367,20.085603713989258,6490407
2011-07-01,11.772501945495605,20.155641555786133,19.992218017578125,20.155641555786133,5215815
2011-07-05,11.699773788452148,20.147859573364258,19.953306198120117,20.0311279296875,2916822
2011-07-06,11.813405990600586,20.233463287353516,20.0,20.22568130493164,5289960
2011-07-07,11.931589126586914,20.622568130493164,20.295719146728516,20.428016662597656,9551277
2011-07-08,11.958858489990234,20.49805450439453,20.249027252197266,20.474708557128906,5919224
2011-07-11,11.88613224029541,20.459144592285156,20.186769485473633,20.350194931030273,4710039
2011-07-12,11.963406562805176,20.622568130493164,20.264591217041016,20.48249053955078,6254995
2011-07-13,11.940675735473633,20.607004165649414,20.42023277282715,20.443580627441406,5425527
2011-07-14,11.936128616333008,20.552528381347656,20.396886825561523,20.43579864501953,13939166
2011-07-15,11.98613166809082,20.521400451660156,19.976654052734375,20.521400451660156,16897236
2011-07-18,11.92249584197998,20.443580627441406,20.25680923461914,20.412450790405273,9863532
2011-07-19,12.04067611694336,20.622568130493164,20.35797691345215,20.61478614807129,4563549
2011-07-20,11.995223045349121,20.677043914794922,20.459144592285156,20.536964416503906,4166355
2011-07-21,12.058856010437012,20.692607879638672,20.521400451660156,20.64591407775879,3975790
2011-07-22,12.05431079864502,20.64591407775879,20.46692657470703,20.638132095336914,3731769
2011-07-25,11.931589126586914,20.700389862060547,20.428016662597656,20.428016662597656,3924390
2011-07-26,11.981584548950195,20.568092346191406,20.3735408782959,20.51361846923828,4833785
2011-07-27,11.82109546661377,20.35797691345215,20.0311279296875,20.062257766723633,4372598
2011-07-28,11.75231647491455,20.19455337524414,19.922178268432617,19.945524215698242,3949447
2011-07-29,11.743142127990723,20.046693801879883,19.735408782958984,19.929960250854492,5758856
2011-08-01,11.683540344238281,20.101167678833008,19.719844818115234,19.828794479370117,5254751
2011-08-02,11.536805152893066,19.813230514526367,19.57976722717285,19.57976722717285,4122537
2011-08-03,11.5001220703125,19.750972747802734,19.408559799194336,19.51750946044922,6050937
2011-08-04,11.059928894042969,19.48638153076172,18.739299774169922,18.770427703857422,6919597
2011-08-05,11.206652641296387,19.06614875793457,18.536964416503906,19.019454956054688,10313282
2011-08-08,10.807730674743652,18.910505294799805,18.171205520629883,18.3424129486084,16258462
2011-08-09,10.541779518127441,18.474708557128906,17.276264190673828,17.891050338745117,17720279
2011-08-10,10.41797161102295,18.038911819458008,17.618677139282227,17.68093490600586,11920174
2011-08-11,10.550944328308105,18.085603713989258,17.556419372558594,17.906614303588867,8099740
2011-08-12,10.63348388671875,18.21011734008789,17.859922409057617,18.046693801879883,6614795
2011-08-15,10.821484565734863,18.381322860717773,18.0311279296875,18.365758895874023,4270698
2011-08-16,10.890262603759766,18.552528381347656,18.155641555786133,18.48249053955078,6602973
2011-08-17,10.890262603759766,18.879377365112305,18.381322860717773,18.48249053955078,3839708
2011-08-18,10.72519302368164,18.350194931030273,17.961088180541992,18.202335357666016,6415363
2011-08-19,10.674756050109863,18.31906509399414,17.976654052734375,18.116731643676758,5312704
2011-08-22,10.670169830322266,18.381322860717773,18.062257766723633,18.108949661254883,3795119
2011-08-23,10.968217849731445,18.61478614807129,18.0311279296875,18.61478614807129,5342902
2011-08-24,11.023246765136719,18.739299774169922,18.43579864501953,18.708171844482422,3823389
2011-08-25,10.849002838134766,18.801555633544922,18.3735408782959,18.412450790405273,3284075
2011-08-26,10.963635444641113,18.669261932373047,18.038911819458008,18.607004165649414,2879557
2011-08-29,11.192899703979492,19.019454956054688,18.739299774169922,18.996109008789062,2953958
2011-08-30,11.257096290588379,19.182878494262695,18.762645721435547,19.105058670043945,3705555
2011-08-31,11.197488784790039,19.206226348876953,18.817121505737305,19.003890991210938,8996928
2011-09-01,11.257096290588379,19.315174102783203,18.941633224487305,19.105058670043945,4067667
2011-09-02,11.046168327331543,19.035018920898438,18.731517791748047,18.747081756591797,2851415
2011-09-06,10.959046363830566,18.708171844482422,18.21011734008789,18.59922218322754,2949075
2011-09-07,11.344219207763672,19.252918243408203,18.793773651123047,19.252918243408203,3799231
2011-09-08,11.353389739990234,19.38521385192871,19.09727668762207,19.268482208251953,4064712
2011-09-09,10.913190841674805,19.09727668762207,18.428016662597656,18.521400451660156,5806144
2011-09-12,10.936119079589844,18.591440200805664,18.249027252197266,18.56031036376953,4186530
2011-09-13,11.032417297363281,18.778209686279297,18.459144592285156,18.723735809326172,3600185
2011-09-14,10.752705574035645,18.677043914794922,18.101167678833008,18.249027252197266,11263282
2011-09-15,10.835243225097656,18.490272521972656,17.961088180541992,18.38910484313965,10198788
2011-09-16,10.972803115844727,18.93385124206543,18.48249053955078,18.622568130493164,7669908
2011-09-19,10.72519302368164,18.45136260986328,18.140077590942383,18.202335357666016,5453669
2011-09-20,10.541779518127441,18.57587432861328,17.6264591217041,17.891050338745117,12193879
2011-09-21,10.56011962890625,18.186769485473633,17.821012496948242,17.922178268432617,7336322
2011-09-22,10.84441089630127,18.490272521972656,17.42412567138672,18.4046688079834,13027330
2011-09-23,10.830659866333008,18.45136260986328,18.132295608520508,18.381322860717773,7386566
2011-09-26,11.073680877685547,18.817121505737305,18.43579864501953,18.793773651123047,6132406
2011-09-27,11.18372917175293,19.284046173095703,18.91828727722168,18.980545043945312,5549401
2011-09-28,11.032417297363281,19.09727668762207,18.684825897216797,18.723735809326172,4931188
2011-09-29,11.16997241973877,19.042802810668945,18.770427703857422,18.957197189331055,13694374
2011-09-30,11.105777740478516,19.12840461730957,18.817121505737305,18.848249435424805,6273242
2011-10-03,11.01407241821289,18.972763061523438,18.64591407775879,18.692607879638672,7258451
2011-10-04,11.270853042602539,19.136186599731445,18.396886825561523,19.12840461730957,10023000
2011-10-05,11.202072143554688,19.14396858215332,18.848249435424805,19.011672973632812,7390806
2011-10-06,11.449684143066406,19.431907653808594,18.980545043945312,19.431907653808594,5122396
2011-10-07,11.477192878723145,19.6264591217041,19.38521385192871,19.478599548339844,5549530
2011-10-10,11.6101713180542,19.704280853271484,19.540855407714844,19.704280853271484,3290114
2011-10-11,11.619341850280762,19.852140426635742,19.634241104125977,19.719844818115234,3584636
2011-10-12,11.73855972290039,19.992218017578125,19.719844818115234,19.922178268432617,5465234
2011-10-13,11.692708969116211,20.038911819458008,19.77431869506836,19.844358444213867,3257732
2011-10-14,11.75231647491455,20.023345947265625,19.78988265991211,19.945524215698242,2619858
2011-10-17,11.633100509643555,20.0,19.71206283569336,19.74319076538086,2403721
2011-10-18,11.798172950744629,20.155641555786133,19.618677139282227,20.023345947265625,3481194
2011-10-19,11.651439666748047,20.124513626098633,19.750972747802734,19.77431869506836,4297426
2011-10-20,11.66061019897461,19.883268356323242,19.61089515686035,19.78988265991211,13377750
2011-10-21,11.701875686645508,20.116731643676758,19.78988265991211,19.859922409057617,13534648
2011-10-24,11.623926162719727,20.085603713989258,19.704280853271484,19.72762680053711,13943535
2011-10-25,11.4634370803833,19.74319076538086,19.431907653808594,19.45525360107422,5852661
2011-10-26,11.541388511657715,19.68093490600586,19.42412567138672,19.587549209594727,4112257
2011-10-27,11.721940040588379,19.852140426635742,19.478599548339844,19.704280853271484,5383893
2011-10-28,11.69879150390625,19.828794479370117,19.618677139282227,19.66537094116211,3539404
2011-10-31,11.726572036743164,19.883268356323242,19.571983337402344,19.71206283569336,5653486
2011-11-01,11.64323902130127,19.71206283569336,19.182878494262695,19.571983337402344,6885544
2011-11-02,11.689533233642578,19.797664642333984,19.556419372558594,19.649805068969727,3473098
2011-11-03,11.69879150390625,19.821012496948242,19.61089515686035,19.66537094116211,7178396
2011-11-04,11.754345893859863,19.836576461791992,19.603113174438477,19.75875473022461,3862838
2011-11-07,11.934898376464844,20.093385696411133,19.69649887084961,20.062257766723633,3778414
2011-11-08,12.013606071472168,20.21011734008789,19.914396286010742,20.19455337524414,4005859
2011-11-09,11.64323902130127,20.062257766723633,19.494163513183594,19.571983337402344,4595674
2011-11-10,11.726572036743164,19.836576461791992,19.540855407714844,19.71206283569336,2834196
2011-11-11,11.467317581176758,19.64202308654785,19.151750564575195,19.276264190673828,6802790
2011-11-14,11.536758422851562,19.447471618652344,19.252918243408203,19.392995834350586,10570539
2011-11-15,11.5460205078125,19.447471618652344,19.260700225830078,19.408559799194336,3374025
2011-11-16,11.458057403564453,19.53307342529297,19.19066047668457,19.260700225830078,4517289
2011-11-17,11.254361152648926,19.245136260986328,18.832685470581055,18.91828727722168,5493632
2011-11-18,11.240471839904785,19.035018920898438,18.801555633544922,18.894941329956055,3470914
2011-11-21,11.19880199432373,18.88715934753418,18.653696060180664,18.82490348815918,6054021
2011-11-22,11.194172859191895,18.957197189331055,18.708171844482422,18.817121505737305,3902159
2011-11-23,11.046030044555664,18.747081756591797,18.52918243408203,18.568092346191406,3651456
2011-11-25,11.087698936462402,18.731517791748047,18.56031036376953,18.638132095336914,1508205
2011-11-28,11.254361152648926,19.035018920898438,18.82490348815918,18.91828727722168,4843422
2011-11-29,11.356209754943848,19.151750564575195,18.910505294799805,19.089494705200195,4756556
2011-11-30,11.69416332244873,19.66537094116211,19.214008331298828,19.6575870513916,6789041
2011-12-01,11.666386604309082,19.77431869506836,19.556419372558594,19.61089515686035,3498027
2011-12-02,11.708052635192871,19.867704391479492,19.649805068969727,19.68093490600586,3018337
2011-12-05,11.879343032836914,20.038911819458008,19.821012496948242,19.9688720703125,5156063
2011-12-06,11.814529418945312,20.038911819458008,19.859922409057617,19.859922409057617,3587849
2011-12-07,11.800639152526855,19.937742233276367,19.688716888427734,19.836576461791992,4188714
2011-12-08,11.745083808898926,19.976654052734375,19.69649887084961,19.74319076538086,3309903
2011-12-09,11.89786434173584,20.046693801879883,19.797664642333984,20.0,3218026
2011-12-12,11.782125473022461,19.976654052734375,19.74319076538086,19.80544662475586,4409221
2011-12-13,11.735830307006836,20.01556396484375,19.6575870513916,19.72762680053711,3489418
2011-12-14,11.69416332244873,19.836576461791992,19.57976722717285,19.6575870513916,4555068
2011-12-15,11.828420639038086,19.9688720703125,19.80544662475586,19.883268356323242,7189061
2011-12-16,11.782125473022461,20.046693801879883,19.797664642333984,19.80544662475586,6203209
2011-12-19,11.652498245239258,19.9688720703125,19.525291442871094,19.587549209594727,5154392
2011-12-20,12.124707221984863,20.52918243408203,19.836576461791992,20.381322860717773,10173859
2011-12-21,12.249707221984863,20.64591407775879,20.42023277282715,20.591440200805664,4787011
2011-12-22,12.208035469055176,20.622568130493164,20.459144592285156,20.521400451660156,3820562
2011-12-23,12.314518928527832,20.723735809326172,20.505836486816406,20.700389862060547,2778684
2011-12-27,12.319146156311035,20.762645721435547,20.59922218322754,20.708171844482422,2010382
2011-12-28,12.203412055969238,20.731517791748047,20.505836486816406,20.51361846923828,2062296
2011-12-29,12.323772430419922,20.739299774169922,20.568092346191406,20.715953826904297,2625255
2011-12-30,12.221927642822266,20.739299774169922,20.536964416503906,20.54474639892578,2420812
2012-01-03,12.171000480651855,20.793773651123047,20.428016662597656,20.459144592285156,4847791
2012-01-04,12.272854804992676,20.638132095336914,20.4046688079834,20.63035011291504,4184217
2012-01-05,12.263595581054688,20.723735809326172,20.536964416503906,20.61478614807129,4376196
2012-01-06,12.231185913085938,20.754863739013672,20.474708557128906,20.56031036376953,3648372
2012-01-09,12.277484893798828,20.739299774169922,20.54474639892578,20.638132095336914,8621194
2012-01-10,12.485809326171875,21.003890991210938,20.700389862060547,20.988327026367188,7663997
2012-01-11,12.444147109985352,21.035018920898438,20.848249435424805,20.91828727722168,4765551
2012-01-12,12.495071411132812,21.042802810668945,20.90272331237793,21.003890991210938,3650942
2012-01-13,12.430253028869629,20.972763061523438,20.817121505737305,20.894941329956055,14972691
2012-01-17,12.45340633392334,21.089494705200195,20.90272331237793,20.93385124206543,18057334
2012-01-18,12.555253028869629,21.136186599731445,20.87159538269043,21.105058670043945,5046709
2012-01-19,12.583030700683594,21.206226348876953,20.996109008789062,21.151750564575195,3773916
2012-01-20,12.527471542358398,21.105058670043945,20.957197189331055,21.058366775512695,5627529
2012-01-23,12.499702453613281,21.120622634887695,20.91828727722168,21.011672973632812,4081160
2012-01-24,12.504329681396484,21.05058479309082,20.848249435424805,21.019454956054688,3766206
2012-01-25,12.578401565551758,21.206226348876953,20.957197189331055,21.14396858215332,4289330
2012-01-26,12.518218994140625,21.276264190673828,20.957197189331055,21.042802810668945,3368242
2012-01-27,12.476180076599121,20.894941329956055,20.684825897216797,20.785991668701172,3762737
2012-01-30,12.4341402053833,20.778209686279297,20.591440200805664,20.715953826904297,3826601
2012-01-31,12.457496643066406,20.817121505737305,20.607004165649414,20.754863739013672,4361676
2012-02-01,12.504204750061035,20.988327026367188,20.778209686279297,20.832685470581055,3828657
2012-02-02,12.569597244262695,20.972763061523438,20.817121505737305,20.941633224487305,3109700
2012-02-03,12.518218994140625,21.073930740356445,20.80933952331543,20.85603141784668,4308605
2012-02-06,12.508874893188477,20.980545043945312,20.723735809326172,20.84046745300293,4943395
2012-02-07,12.429466247558594,20.848249435424805,20.677043914794922,20.708171844482422,4304365
2012-02-08,12.406111717224121,20.801555633544922,20.607004165649414,20.669261932373047,3834825
2012-02-09,12.47150707244873,20.82490348815918,20.63035011291504,20.778209686279297,3576926
2012-02-10,12.448150634765625,20.762645721435547,20.607004165649414,20.739299774169922,3694761
2012-02-13,12.490196228027344,20.90272331237793,20.739299774169922,20.80933952331543,3834311
2012-02-14,12.499531745910645,20.82490348815918,20.708171844482422,20.82490348815918,3006772
2012-02-15,12.597624778747559,21.042802810668945,20.85603141784668,20.988327026367188,5042469
2012-02-16,12.48552417755127,20.894941329956055,20.607004165649414,20.801555633544922,4166869
2012-02-17,12.368748664855957,20.941633224487305,20.57587432861328,20.607004165649414,5989128
2012-02-21,12.32670783996582,20.770427703857422,20.52918243408203,20.536964416503906,5401626
2012-02-22,12.195917129516602,20.536964416503906,20.31906509399414,20.31906509399414,6043098
2012-02-23,12.527559280395508,20.926069259643555,20.311283111572266,20.87159538269043,7003636
2012-02-24,12.536906242370605,20.996109008789062,20.754863739013672,20.88715934753418,8450674
2012-02-27,12.429466247558594,20.879377365112305,20.64591407775879,20.708171844482422,4010485
2012-02-28,12.336051940917969,20.770427703857422,20.490272521972656,20.552528381347656,3590804
2012-02-29,12.261319160461426,20.622568130493164,20.42023277282715,20.428016662597656,6704616
2012-03-01,12.228616714477539,20.428016662597656,20.25680923461914,20.3735408782959,4538492
2012-03-02,12.209932327270508,20.45136260986328,20.25680923461914,20.3424129486084,3149535
2012-03-05,12.31269645690918,20.552528381347656,20.295719146728516,20.51361846923828,2714691
2012-03-06,12.153881072998047,20.521400451660156,20.19455337524414,20.249027252197266,4892124
2012-03-07,12.191247940063477,20.381322860717773,20.21011734008789,20.311283111572266,3155832
2012-03-08,12.24730110168457,20.43579864501953,20.326847076416016,20.4046688079834,2434690
2012-03-09,12.223945617675781,20.4046688079834,20.28793716430664,20.365758895874023,4614435
2012-03-12,12.265985488891602,20.521400451660156,20.27237319946289,20.43579864501953,2079772
2012-03-13,12.317365646362305,20.552528381347656,20.412450790405273,20.521400451660156,2719060
2012-03-14,12.28467082977295,20.58365821838379,20.443580627441406,20.46692657470703,1683993
2012-03-15,12.415460586547852,20.684825897216797,20.459144592285156,20.684825897216797,2590946
2012-03-16,12.345392227172852,20.817121505737305,20.48249053955078,20.568092346191406,3956772
2012-03-19,12.31269645690918,20.64591407775879,20.505836486816406,20.51361846923828,2605980
2012-03-20,12.28934097290039,20.54474639892578,20.43579864501953,20.474708557128906,2359003
2012-03-21,12.31269645690918,20.552528381347656,20.43579864501953,20.51361846923828,3485691
2012-03-22,12.242630004882812,20.51361846923828,20.25680923461914,20.396886825561523,4575628
2012-03-23,12.167892456054688,20.3735408782959,20.202335357666016,20.27237319946289,4244484
2012-03-26,12.18190860748291,20.490272521972656,20.28793716430664,20.295719146728516,5448914
2012-03-27,12.237959861755371,20.46692657470703,20.295719146728516,20.38910484313965,3663278
2012-03-28,12.275325775146484,20.474708557128906,20.365758895874023,20.45136260986328,5166086
2012-03-29,12.270657539367676,20.536964416503906,20.28793716430664,20.443580627441406,4978090
2012-03-30,12.265985488891602,20.607004165649414,20.428016662597656,20.43579864501953,3855514
2012-04-02,12.401439666748047,20.747081756591797,20.311283111572266,20.661479949951172,7482170
2012-04-03,12.494869232177734,20.910505294799805,20.708171844482422,20.817121505737305,8940388
2012-04-04,12.415460586547852,20.863813400268555,20.684825897216797,20.684825897216797,6301769
2012-04-05,12.350058555603027,20.684825897216797,20.52918243408203,20.57587432861328,6268616
2012-04-09,12.167892456054688,20.49805450439453,20.25680923461914,20.27237319946289,5519075
2012-04-10,12.074478149414062,20.264591217041016,20.108949661254883,20.116731643676758,5945567
2012-04-11,12.051125526428223,20.280155181884766,20.007781982421875,20.077821731567383,5188316
2012-04-12,12.116510391235352,20.186769485473633,19.945524215698242,20.186769485473633,14828129
2012-04-13,12.037108421325684,20.31906509399414,20.046693801879883,20.054475784301758,14728670
2012-04-16,12.083817481994629,20.186769485473633,20.007781982421875,20.132295608520508,13855641
2012-04-17,12.20058822631836,20.396886825561523,20.101167678833008,20.326847076416016,3917708
2012-04-18,12.163226127624512,20.311283111572266,20.163423538208008,20.264591217041016,4091568
2012-04-19,12.177231788635254,20.365758895874023,20.21011734008789,20.28793716430664,5741380
2012-04-20,12.261319160461426,20.490272521972656,20.30350112915039,20.428016662597656,4417316
2012-04-23,12.037108421325684,20.27237319946289,20.038911819458008,20.054475784301758,4102105
2012-04-24,12.083817481994629,20.25680923461914,20.077821731567383,20.132295608520508,3134244
2012-04-25,12.083817481994629,20.249027252197266,20.093385696411133,20.132295608520508,3904344
2012-04-26,12.211112022399902,20.202335357666016,19.844358444213867,20.155641555786133,4937484
2012-04-27,12.220540046691895,20.22568130493164,20.140077590942383,20.171205520629883,2587091
2012-04-30,12.1733980178833,20.147859573364258,20.054475784301758,20.093385696411133,3264928
2012-05-01,12.192255973815918,20.249027252197266,20.0,20.124513626098633,3701700
2012-05-02,12.159252166748047,20.124513626098633,19.961088180541992,20.070039749145508,3077061
2012-05-03,12.149823188781738,20.116731643676758,19.9688720703125,20.054475784301758,3861810
2012-05-04,12.140396118164062,20.24124526977539,20.007781982421875,20.038911819458008,4542732
2012-05-07,12.116819381713867,20.19455337524414,19.937742233276367,20.0,4159673
2012-05-08,12.069669723510742,19.976654052734375,19.821012496948242,19.922178268432617,5570989
2012-05-09,12.041382789611816,19.98443603515625,19.782100677490234,19.875486373901367,6226211
2012-05-10,12.097956657409668,20.054475784301758,19.867704391479492,19.9688720703125,5791495
2012-05-11,12.135679244995117,20.163423538208008,19.867704391479492,20.0311279296875,4024748
2012-05-14,12.074383735656738,20.038911819458008,19.78988265991211,19.929960250854492,5174824
2012-05-15,12.055527687072754,20.023345947265625,19.859922409057617,19.898832321166992,5084745
2012-05-16,12.116819381713867,20.062257766723633,19.898832321166992,20.0,3717762
2012-05-17,11.965950012207031,20.070039749145508,19.750972747802734,19.750972747802734,3720204
2012-05-18,11.838651657104492,19.859922409057617,19.48638153076172,19.540855407714844,6846609
2012-05-21,11.857511520385742,19.64202308654785,19.447471618652344,19.571983337402344,6418061
2012-05-22,11.904658317565918,19.719844818115234,19.556419372558594,19.649805068969727,3058943
2012-05-23,11.951805114746094,19.74319076538086,19.494163513183594,19.72762680053711,3507151
2012-05-24,11.909370422363281,19.78988265991211,19.540855407714844,19.6575870513916,7055807
2012-05-25,11.904658317565918,19.71206283569336,19.603113174438477,19.649805068969727,4305650
2012-05-29,11.909370422363281,19.782100677490234,19.634241104125977,19.6575870513916,6425257
2012-05-30,11.8480806350708,19.704280853271484,19.525291442871094,19.556419372558594,6875264
2012-05-31,11.857511520385742,19.64202308654785,19.45525360107422,19.571983337402344,3405379
2012-06-01,11.593482971191406,19.463035583496094,19.073930740356445,19.136186599731445,7926779
2012-06-04,11.485044479370117,19.167314529418945,18.91828727722168,18.957197189331055,8292747
2012-06-05,11.598199844360352,19.17509651184082,18.82490348815918,19.14396858215332,5219927
2012-06-06,11.767932891845703,19.42412567138672,19.12840461730957,19.42412567138672,3815165
2012-06-07,11.730215072631836,19.540855407714844,19.35408592224121,19.361867904663086,3184873
2012-06-08,11.852795600891113,19.587549209594727,19.307392120361328,19.56420135498047,2770846
2012-06-11,11.725494384765625,19.68093490600586,19.35408592224121,19.35408592224121,2842677
2012-06-12,11.786789894104004,19.478599548339844,19.35408592224121,19.45525360107422,2562804
2012-06-13,11.701922416687012,19.50194549560547,19.260700225830078,19.315174102783203,3163285
2012-06-14,11.71606731414795,19.41634178161621,19.252918243408203,19.338520050048828,3373639
2012-06-15,11.772640228271484,19.43968963623047,19.284046173095703,19.431907653808594,4520373
2012-06-18,11.763219833374023,19.447471618652344,19.276264190673828,19.41634178161621,3136942
2012-06-19,11.805648803710938,19.5953311920166,19.361867904663086,19.48638153076172,2984541
2012-06-20,11.598199844360352,19.494163513183594,19.042802810668945,19.14396858215332,6448259
2012-06-21,11.909370422363281,20.007781982421875,19.361867904663086,19.6575870513916,14790350
2012-06-22,11.951805114746094,19.922178268432617,19.71206283569336,19.72762680053711,7965201
2012-06-25,11.885797500610352,19.71206283569336,19.51750946044922,19.618677139282227,3592603
2012-06-26,11.895227432250977,19.766536712646484,19.540855407714844,19.634241104125977,4625101
2012-06-27,11.932942390441895,19.80544662475586,19.6575870513916,19.69649887084961,4101334
2012-06-28,12.036670684814453,19.867704391479492,19.5953311920166,19.867704391479492,4826846
2012-06-29,12.225260734558105,20.178987503051758,20.023345947265625,20.178987503051758,6472288
2012-07-02,12.168679237365723,20.171205520629883,19.961088180541992,20.085603713989258,4232662
2012-07-03,12.192255973815918,20.171205520629883,19.992218017578125,20.124513626098633,1883681
2012-07-05,12.149823188781738,20.124513626098633,19.937742233276367,20.054475784301758,3640277
2012-07-06,12.126245498657227,20.046693801879883,19.914396286010742,20.01556396484375,4113542
2012-07-09,12.008382797241211,20.0311279296875,19.704280853271484,19.821012496948242,7903906
2012-07-10,11.998950958251953,19.98443603515625,19.735408782958984,19.80544662475586,5660554
2012-07-11,11.975377082824707,19.852140426635742,19.74319076538086,19.766536712646484,4894951
2012-07-12,11.866942405700684,19.766536712646484,19.587549209594727,19.587549209594727,4132560
2012-07-13,11.918806076049805,19.72762680053711,19.540855407714844,19.673152923583984,3601213
2012-07-16,11.664206504821777,19.66537094116211,19.229572296142578,19.252918243408203,6823350
2012-07-17,11.650064468383789,19.377431869506836,19.12840461730957,19.229572296142578,6293288
2012-07-18,11.678348541259766,19.346303939819336,19.11284065246582,19.276264190673828,5475899
2012-07-19,11.58877182006836,19.307392120361328,19.042802810668945,19.12840461730957,14137956
2012-07-20,11.37661075592041,19.11284065246582,18.723735809326172,18.778209686279297,14896748
2012-07-23,11.32003402709961,18.863813400268555,18.61478614807129,18.684825897216797,12424537
2012-07-24,11.22573471069336,18.700389862060547,18.396886825561523,18.52918243408203,6893768
2012-07-25,11.35909652709961,18.64591407775879,18.474708557128906,18.56031036376953,6288276
2012-07-26,11.47340202331543,18.85603141784668,18.64591407775879,18.747081756591797,4676372
2012-07-27,11.573417663574219,18.94941520690918,18.747081756591797,18.910505294799805,4402025
2012-07-30,11.79250431060791,19.315174102783203,18.832685470581055,19.268482208251953,8198043
2012-07-31,11.759160041809082,19.291828155517578,19.11284065246582,19.214008331298828,5232520
2012-08-01,11.616281509399414,19.276264190673828,18.94941520690918,18.980545043945312,3894192
2012-08-02,11.578180313110352,18.964981079101562,18.731517791748047,18.91828727722168,4973721
2012-08-03,11.702009201049805,19.19066047668457,19.035018920898438,19.120622634887695,3838166
2012-08-06,11.687721252441406,19.252918243408203,19.08171272277832,19.09727668762207,3585536
2012-08-07,11.76392650604248,19.291828155517578,19.105058670043945,19.221790313720703,3237558
2012-08-08,11.754401206970215,19.284046173095703,19.120622634887695,19.206226348876953,4370285
2012-08-09,11.79250431060791,19.268482208251953,19.105058670043945,19.268482208251953,2978630
2012-08-10,11.825841903686523,19.361867904663086,19.14396858215332,19.322956085205078,2675627
2012-08-13,11.787738800048828,19.307392120361328,19.182878494262695,19.260700225830078,3110086
2012-08-14,11.697247505187988,19.330738067626953,19.073930740356445,19.11284065246582,3330977
2012-08-15,11.740114212036133,19.237354278564453,19.08171272277832,19.182878494262695,2609578
2012-08-16,11.744872093200684,19.268482208251953,19.120622634887695,19.19066047668457,4256049
2012-08-17,11.778214454650879,19.276264190673828,19.15953254699707,19.245136260986328,3716734
2012-08-20,11.797261238098145,19.284046173095703,19.136186599731445,19.276264190673828,2228319
2012-08-21,11.840126991271973,19.408559799194336,19.198444366455078,19.346303939819336,4366173
2012-08-22,11.835366249084473,19.361867904663086,19.229572296142578,19.338520050048828,4359491
2012-08-23,11.759160041809082,19.361867904663086,19.182878494262695,19.214008331298828,4575885
2012-08-24,11.835366249084473,19.361867904663086,19.151750564575195,19.338520050048828,3690520
2012-08-27,11.921095848083496,19.57976722717285,19.338520050048828,19.478599548339844,3595559
2012-08-28,12.011587142944336,19.6575870513916,19.45525360107422,19.6264591217041,4758612
2012-08-29,12.021112442016602,19.75875473022461,19.61089515686035,19.64202308654785,3870034
2012-08-30,11.902046203613281,19.618677139282227,19.307392120361328,19.447471618652344,2899346
2012-08-31,11.959197044372559,19.603113174438477,19.45525360107422,19.540855407714844,3358862
2012-09-04,12.21638298034668,20.046693801879883,19.688716888427734,19.961088180541992,6224540
2012-09-05,12.111601829528809,20.0,19.782100677490234,19.78988265991211,5336220
2012-09-06,12.316402435302734,20.163423538208008,19.898832321166992,20.124513626098633,6824507
2012-09-07,12.183048248291016,20.163423538208008,19.875486373901367,19.906614303588867,3779056
2012-09-10,12.21638298034668,20.062257766723633,19.859922409057617,19.961088180541992,2794618
2012-09-11,12.235437393188477,20.070039749145508,19.953306198120117,19.992218017578125,3831356
2012-09-12,12.173519134521484,20.070039749145508,19.859922409057617,19.891050338745117,2997391
2012-09-13,12.364028930664062,20.233463287353516,19.906614303588867,20.202335357666016,3934541
2012-09-14,12.187812805175781,20.147859573364258,19.844358444213867,19.914396286010742,5368602
2012-09-17,12.192569732666016,19.98443603515625,19.852140426635742,19.922178268432617,7931791
2012-09-18,12.211621284484863,20.007781982421875,19.859922409057617,19.953306198120117,3062284
2012-09-19,12.21638298034668,20.108949661254883,19.929960250854492,19.961088180541992,4902789
2012-09-20,12.973654747009277,21.5953311920166,20.910505294799805,21.198444366455078,22026571
2012-09-21,13.102249145507812,21.587549209594727,21.268482208251953,21.408559799194336,10267407
2012-09-24,13.111781120300293,21.47081756591797,21.15953254699707,21.42412567138672,5261561
2012-09-25,13.045095443725586,21.43968963623047,21.221790313720703,21.315174102783203,5526143
2012-09-26,13.111781120300293,21.53307342529297,21.291828155517578,21.42412567138672,4569846
2012-09-27,13.135590553283691,21.50194549560547,21.284046173095703,21.463035583496094,4127420
2012-09-28,13.140349388122559,21.50194549560547,21.299610137939453,21.47081756591797,4926433
2012-10-01,13.226083755493164,21.6264591217041,21.48638153076172,21.61089515686035,7010189
2012-10-02,13.23560619354248,21.64202308654785,21.53307342529297,21.6264591217041,4727258
2012-10-03,13.2022705078125,21.673152923583984,21.540855407714844,21.571983337402344,5018953
2012-10-04,13.254659652709961,21.735408782958984,21.525291442871094,21.6575870513916,3320312
2012-10-05,13.23560619354248,21.750972747802734,21.57976722717285,21.6264591217041,3318384
2012-10-08,13.268948554992676,21.735408782958984,21.587549209594727,21.68093490600586,2495213
2012-10-09,13.240372657775879,21.813230514526367,21.57976722717285,21.634241104125977,4342144
2012-10-10,13.278473854064941,21.782100677490234,21.5953311920166,21.69649887084961,5472430
2012-10-11,13.264182090759277,21.914396286010742,21.603113174438477,21.673152923583984,3553796
2012-10-12,13.307046890258789,21.844358444213867,21.634241104125977,21.74319076538086,3710695
2012-10-15,13.530896186828613,22.108949661254883,21.66537094116211,22.108949661254883,5921409
2012-10-16,13.526132583618164,22.21011734008789,22.007781982421875,22.101167678833008,4023977
2012-10-17,13.583285331726074,22.280155181884766,22.101167678833008,22.19455337524414,3177805
2012-10-18,13.697595596313477,22.4046688079834,22.163423538208008,22.381322860717773,4009842
2012-10-19,13.45945930480957,22.412450790405273,21.9688720703125,21.992218017578125,4196296
2012-10-22,13.468981742858887,22.093385696411133,21.80544662475586,22.007781982421875,3465260
2012-10-23,13.392775535583496,21.945524215698242,21.704280853271484,21.883268356323242,3460762
2012-10-24,13.283232688903809,22.01556396484375,21.688716888427734,21.704280853271484,5081147
2012-10-25,13.48803424835205,22.038911819458008,21.735408782958984,22.038911819458008,3562406
2012-10-26,13.435639381408691,22.054475784301758,21.852140426635742,21.953306198120117,4790223
2012-10-31,13.377979278564453,21.929960250854492,21.649805068969727,21.66537094116211,4970766
2012-11-01,13.502917289733887,21.922178268432617,21.634241104125977,21.867704391479492,5026278
2012-11-02,13.488504409790039,22.054475784301758,21.821012496948242,21.844358444213867,8206395
2012-11-05,13.493307113647461,21.867704391479492,21.603113174438477,21.852140426635742,3501240
2012-11-06,13.63265609741211,22.202335357666016,21.891050338745117,22.077821731567383,2905642
2012-11-07,13.435643196105957,22.01556396484375,21.64202308654785,21.75875473022461,3609437
2012-11-08,13.305895805358887,21.859922409057617,21.540855407714844,21.54863739013672,2441243
2012-11-09,13.344338417053223,21.844358444213867,21.525291442871094,21.61089515686035,3624343
2012-11-12,13.377979278564453,21.74319076538086,21.48638153076172,21.66537094116211,2710194
2012-11-13,13.368367195129395,21.74319076538086,21.57976722717285,21.649805068969727,4332892
2012-11-14,13.30109691619873,21.72762680053711,21.494163513183594,21.540855407714844,4112385
2012-11-15,13.310705184936523,21.649805068969727,21.41634178161621,21.556419372558594,4617648
2012-11-16,13.329924583435059,21.673152923583984,21.38521385192871,21.587549209594727,5861913
2012-11-19,13.387587547302246,21.766536712646484,21.571983337402344,21.68093490600586,6603101
2012-11-20,13.435643196105957,21.80544662475586,21.61089515686035,21.75875473022461,3487233
2012-11-21,13.517329216003418,21.891050338745117,21.704280853271484,21.891050338745117,2945863
2012-11-23,13.651876449584961,22.108949661254883,21.891050338745117,22.108949661254883,1027743
2012-11-26,13.594216346740723,22.01556396484375,21.875486373901367,22.01556396484375,2489945
2012-11-27,14.238128662109375,23.136186599731445,22.521400451660156,23.058366775512695,17894396
2012-11-28,14.247739791870117,23.198444366455078,22.770427703857422,23.073930740356445,6979863
2012-11-29,14.223715782165527,23.167314529418945,22.879377365112305,23.035018920898438,5958160
2012-11-30,14.348653793334961,23.322956085205078,23.198444366455078,23.237354278564453,5965484
2012-12-03,14.329428672790527,23.291828155517578,23.167314529418945,23.206226348876953,4016653
2012-12-04,14.199684143066406,23.252918243408203,22.996109008789062,22.996109008789062,4899962
2012-12-05,14.26696491241455,23.167314529418945,23.003890991210938,23.105058670043945,4119967
2012-12-06,14.247739791870117,23.136186599731445,22.879377365112305,23.073930740356445,4755271
2012-12-07,14.295790672302246,23.151750564575195,22.980545043945312,23.151750564575195,2908084
2012-12-10,14.290987014770508,23.19066047668457,23.058366775512695,23.14396858215332,2196451
2012-12-11,14.276567459106445,23.260700225830078,23.073930740356445,23.120622634887695,3075262
2012-12-12,14.550470352172852,23.77431869506836,23.237354278564453,23.56420135498047,11670242
2012-12-13,14.497611999511719,23.64202308654785,23.408559799194336,23.478599548339844,6138188
2012-12-14,14.488004684448242,23.61089515686035,23.408559799194336,23.463035583496094,3054831
2012-12-17,14.569692611694336,23.603113174438477,23.43968963623047,23.5953311920166,4915639
2012-12-18,14.516836166381836,23.587549209594727,23.431907653808594,23.509727478027344,9152284
2012-12-19,14.396699905395508,23.603113174438477,23.315174102783203,23.315174102783203,5424242
2012-12-20,14.492809295654297,24.217899322509766,23.361867904663086,23.47081756591797,7229153
2012-12-21,14.319816589355469,23.431907653808594,23.151750564575195,23.19066047668457,7690082
2012-12-24,14.31020736694336,23.291828155517578,23.08171272277832,23.17509651184082,1783580
2012-12-26,14.156436920166016,23.229572296142578,22.910505294799805,22.926069259643555,2618959
2012-12-27,14.122803688049316,22.980545043945312,22.723735809326172,22.87159538269043,2960383
2012-12-28,14.03150463104248,22.980545043945312,22.723735809326172,22.723735809326172,3077447
2012-12-31,14.175654411315918,23.003890991210938,22.396886825561523,22.957197189331055,4457537
2013-01-02,14.4591703414917,23.41634178161621,23.151750564575195,23.41634178161621,4325310
2013-01-03,14.425533294677734,23.478599548339844,23.338520050048828,23.361867904663086,3591318
2013-01-04,14.531248092651367,23.64202308654785,23.346303939819336,23.53307342529297,3672787
2013-01-07,14.497611999511719,23.556419372558594,23.38521385192871,23.478599548339844,2317755
2013-01-08,14.488004684448242,23.494163513183594,23.206226348876953,23.463035583496094,10128113
2013-01-09,14.608128547668457,23.66537094116211,23.463035583496094,23.6575870513916,6149239
2013-01-10,14.713857650756836,23.852140426635742,23.64202308654785,23.828794479370117,6119813
2013-01-11,14.800353050231934,24.023345947265625,23.735408782958984,23.9688720703125,6208992
2013-01-14,14.910870552062988,24.217899322509766,23.883268356323242,24.147859573364258,6517006
2013-01-15,14.930092811584473,24.19455337524414,23.9688720703125,24.178987503051758,5847907
2013-01-16,14.978144645690918,24.30350112915039,24.0311279296875,24.25680923461914,5228408
2013-01-17,15.141523361206055,24.622568130493164,24.27237319946289,24.521400451660156,4895979
2013-01-18,15.23282527923584,24.669261932373047,24.4046688079834,24.669261932373047,4812197
2013-01-22,15.348153114318848,24.87159538269043,24.638132095336914,24.85603141784668,4543246
2013-01-23,15.295292854309082,24.87159538269043,24.700389862060547,24.770427703857422,4082573
2013-01-24,15.569205284118652,25.268482208251953,24.80933952331543,25.214008331298828,6289047
2013-01-25,15.535562515258789,25.229572296142578,25.019454956054688,25.15953254699707,5259505
2013-01-28,15.679718017578125,25.463035583496094,25.167314529418945,25.392995834350586,6070726
2013-01-29,15.640984535217285,25.237354278564453,25.089494705200195,25.136186599731445,5594633
2013-01-30,15.8443603515625,25.68093490600586,24.910505294799805,25.463035583496094,6499787
2013-01-31,15.829834938049316,25.618677139282227,25.182878494262695,25.43968963623047,6169285
2013-02-01,16.01384925842285,25.74319076538086,25.509727478027344,25.735408782958984,5152722
2013-02-04,15.88794231414795,25.71206283569336,25.51750946044922,25.53307342529297,4257334
2013-02-05,15.975107192993164,25.782100677490234,25.587549209594727,25.673152923583984,4240629
2013-02-06,16.004165649414062,25.75875473022461,25.556419372558594,25.719844818115234,8415337
2013-02-07,16.11553955078125,25.9688720703125,25.603113174438477,25.898832321166992,5842767
2013-02-08,16.16396141052246,26.038911819458008,25.78988265991211,25.976654052734375,3751686
2013-02-11,16.159122467041016,26.093385696411133,25.891050338745117,25.9688720703125,4422585
2013-02-12,16.125225067138672,26.070039749145508,25.883268356323242,25.914396286010742,5535395
2013-02-13,16.21239471435547,26.147859573364258,25.953306198120117,26.054475784301758,4422585
2013-02-14,16.357656478881836,26.381322860717773,26.140077590942383,26.28793716430664,6352398
2013-02-15,16.333446502685547,26.4046688079834,26.070039749145508,26.249027252197266,6338006
2013-02-19,16.197860717773438,26.412450790405273,25.883268356323242,26.0311279296875,11521696
2013-02-20,16.29470443725586,26.459144592285156,26.077821731567383,26.186769485473633,5629842
2013-02-21,16.328603744506836,26.30350112915039,26.093385696411133,26.24124526977539,4214929
2013-02-22,16.425447463989258,26.43579864501953,26.233463287353516,26.396886825561523,3024633
2013-02-25,16.23175811767578,26.52918243408203,26.085603713989258,26.085603713989258,3261330
2013-02-26,16.37702751159668,26.326847076416016,26.0,26.31906509399414,4175350
2013-02-27,16.50777244567871,26.57587432861328,26.178987503051758,26.52918243408203,4034643
2013-02-28,16.517457962036133,26.754863739013672,26.505836486816406,26.54474639892578,4504311
2013-03-01,16.609458923339844,26.692607879638672,26.31906509399414,26.692607879638672,4245512
2013-03-04,16.798322677612305,27.05058479309082,26.56031036376953,26.996109008789062,4155433
2013-03-05,16.81768798828125,27.198444366455078,26.980545043945312,27.027236938476562,4208118
2013-03-06,16.86610984802246,27.17509651184082,27.027236938476562,27.105058670043945,3742820
2013-03-07,16.77894401550293,27.198444366455078,26.941633224487305,26.964981079101562,2940080
2013-03-08,16.837055206298828,27.182878494262695,26.988327026367188,27.058366775512695,2535305
2013-03-11,16.81768798828125,27.14396858215332,26.980545043945312,27.027236938476562,3084129
2013-03-12,16.80315589904785,27.035018920898438,26.85603141784668,27.003890991210938,2776371
2013-03-13,16.967798233032227,27.276264190673828,26.957197189331055,27.268482208251953,2203518
2013-03-14,16.996854782104492,27.338520050048828,27.12840461730957,27.315174102783203,2752727
2013-03-15,16.93389892578125,27.268482208251953,26.964981079101562,27.214008331298828,5151822
2013-03-18,16.962961196899414,27.338520050048828,27.05058479309082,27.260700225830078,2724971
2013-03-19,17.074338912963867,27.447471618652344,27.14396858215332,27.43968963623047,3203762
2013-03-20,17.22928810119629,27.750972747802734,27.50194549560547,27.688716888427734,4839696
2013-03-21,17.01137924194336,27.735408782958984,27.214008331298828,27.338520050048828,3743333
2013-03-22,17.01137924194336,27.431907653808594,27.229572296142578,27.338520050048828,5960216
2013-03-25,17.030759811401367,27.587549209594727,27.307392120361328,27.36964988708496,4118682
2013-03-26,17.17603302001953,27.688716888427734,27.377431869506836,27.603113174438477,3102504
2013-03-27,17.2341365814209,27.72762680053711,27.330738067626953,27.69649887084961,3030801
2013-03-28,17.340665817260742,27.945524215698242,27.603113174438477,27.867704391479492,3844977
2013-04-01,17.248659133911133,27.891050338745117,27.61089515686035,27.719844818115234,2646586
2013-04-02,17.20992088317871,27.883268356323242,27.540855407714844,27.6575870513916,4776859
2013-04-03,16.875795364379883,27.72762680053711,26.778209686279297,27.120622634887695,10061293
2013-04-04,16.769262313842773,27.361867904663086,26.832685470581055,26.94941520690918,6571490
2013-04-05,16.66756820678711,26.84046745300293,26.56031036376953,26.785991668701172,4358206
2013-04-08,16.754732131958008,26.926069259643555,26.607004165649414,26.926069259643555,3750915
2013-04-09,16.628829956054688,26.957197189331055,26.715953826904297,26.723735809326172,5573688
2013-04-10,16.759580612182617,27.08171272277832,26.723735809326172,26.93385124206543,4275324
2013-04-11,16.856426239013672,27.229572296142578,26.926069259643555,27.089494705200195,5929247
2013-04-12,17.025909423828125,27.36964988708496,27.019454956054688,27.361867904663086,5225453
2013-04-15,16.832216262817383,27.408559799194336,27.05058479309082,27.05058479309082,5659269
2013-04-16,17.190549850463867,27.6264591217041,27.167314529418945,27.6264591217041,4835584
2013-04-17,17.108232498168945,27.603113174438477,27.322956085205078,27.494163513183594,5036815
2013-04-18,17.151811599731445,27.6264591217041,27.408559799194336,27.56420135498047,4236645
2013-04-19,17.46172523498535,28.093385696411133,27.57976722717285,28.062257766723633,5037714
2013-04-22,17.452045440673828,28.093385696411133,27.852140426635742,28.046693801879883,4183317
2013-04-23,17.476253509521484,28.25680923461914,27.72762680053711,28.085603713989258,3459349
2013-04-24,17.180866241455078,28.186769485473633,27.56420135498047,27.61089515686035,3913467
2013-04-25,17.180866241455078,27.929960250854492,27.57976722717285,27.61089515686035,3352822
2013-04-26,17.20525360107422,27.735408782958984,27.268482208251953,27.45525360107422,3475154
2013-04-29,17.258893966674805,27.587549209594727,27.38521385192871,27.540855407714844,2814921
2013-04-30,17.249143600463867,27.587549209594727,27.392995834350586,27.525291442871094,2298994
2013-05-01,17.063823699951172,27.540855407714844,27.214008331298828,27.229572296142578,3241413
2013-05-02,17.015058517456055,27.48638153076172,27.136186599731445,27.151750564575195,5765667
2013-05-03,17.390573501586914,27.813230514526367,27.322956085205078,27.750972747802734,5057246
2013-05-06,17.278400421142578,27.797664642333984,27.540855407714844,27.571983337402344,3168553
2013-05-07,17.434457778930664,27.828794479370117,27.571983337402344,27.821012496948242,2630909
2013-05-08,17.32717514038086,27.813230514526367,27.57976722717285,27.649805068969727,2962825
2013-05-09,17.093090057373047,27.813230514526367,27.206226348876953,27.276264190673828,4477840
2013-05-10,17.000425338745117,27.330738067626953,27.003890991210938,27.12840461730957,4408064
2013-05-13,17.29303741455078,27.64202308654785,27.12840461730957,27.5953311920166,3205818
2013-05-14,17.40519905090332,27.77431869506836,27.571983337402344,27.77431869506836,2507164
2013-05-15,17.63440704345703,28.186769485473633,27.71206283569336,28.140077590942383,4388147
2013-05-16,17.449092864990234,28.178987503051758,27.78988265991211,27.844358444213867,3127176
2013-05-17,17.517362594604492,27.992218017578125,27.766536712646484,27.953306198120117,3276750
2013-05-20,17.410078048706055,28.0311279296875,27.75875473022461,27.782100677490234,4442245
2013-05-21,17.385692596435547,27.875486373901367,27.587549209594727,27.74319076538086,3319669
2013-05-22,17.161361694335938,27.891050338745117,27.284046173095703,27.38521385192871,4264658
2013-05-23,16.937028884887695,27.322956085205078,26.91828727722168,27.027236938476562,5462792
2013-05-24,16.95653533935547,27.151750564575195,26.778209686279297,27.058366775512695,3222138
2013-05-28,17.05894660949707,27.463035583496094,27.136186599731445,27.221790313720703,3299880
2013-05-29,16.766345977783203,27.268482208251953,26.708171844482422,26.754863739013672,3691163
2013-05-30,16.77121925354004,26.863813400268555,26.661479949951172,26.762645721435547,2562033
2013-05-31,16.429845809936523,26.731517791748047,26.217899322509766,26.217899322509766,4317857
2013-06-03,16.31280517578125,26.202335357666016,25.53307342529297,26.0311279296875,6036545
2013-06-04,16.35181999206543,26.27237319946289,25.953306198120117,26.093385696411133,4900219
2013-06-05,16.098224639892578,26.062257766723633,25.68093490600586,25.688716888427734,4731113
2013-06-06,16.171375274658203,25.80544662475586,25.447471618652344,25.80544662475586,5724547
2013-06-07,16.459108352661133,26.295719146728516,25.906614303588867,26.264591217041016,3827372
2013-06-10,16.507877349853516,26.396886825561523,26.077821731567383,26.3424129486084,2667018
2013-06-11,16.595651626586914,26.692607879638672,26.132295608520508,26.48249053955078,3530281
2013-06-12,16.478612899780273,26.832685470581055,26.264591217041016,26.295719146728516,4011384
2013-06-13,16.673677444458008,26.661479949951172,26.132295608520508,26.607004165649414,2975032
2013-06-14,16.62491798400879,26.739299774169922,26.443580627441406,26.52918243408203,2854114
2013-06-17,16.868755340576172,26.980545043945312,26.638132095336914,26.91828727722168,3029645
2013-06-18,16.82486343383789,26.957197189331055,26.669261932373047,26.848249435424805,4651572
2013-06-19,16.390830993652344,26.778209686279297,26.140077590942383,26.155641555786133,5189730
2013-06-20,16.01044464111328,26.124513626098633,25.525291442871094,25.54863739013672,5878233
2013-06-21,16.21526527404785,25.976654052734375,25.54863739013672,25.875486373901367,6763084
2013-06-24,16.151872634887695,26.01556396484375,25.53307342529297,25.77431869506836,3742306
2013-06-25,16.225019454956055,26.054475784301758,25.813230514526367,25.891050338745117,5248711
2013-06-26,16.264036178588867,26.178987503051758,25.953306198120117,25.953306198120117,5969082
2013-06-27,17.08820343017578,27.6575870513916,26.57587432861328,27.268482208251953,12091079
2013-06-28,17.03457260131836,27.408559799194336,26.996109008789062,27.182878494262695,11545854
2013-07-01,17.122343063354492,27.509727478027344,27.15953254699707,27.322956085205078,3919507
2013-07-02,17.244264602661133,27.66537094116211,27.237354278564453,27.51750946044922,4490047
2013-07-03,17.400320053100586,27.867704391479492,27.392995834350586,27.766536712646484,3405636
2013-07-05,17.37105941772461,27.844358444213867,27.463035583496094,27.719844818115234,2936354
2013-07-08,17.444211959838867,27.976654052734375,27.6264591217041,27.836576461791992,4120095
2013-07-09,17.341798782348633,27.992218017578125,27.61089515686035,27.673152923583984,4186273
2013-07-10,17.551502227783203,28.01556396484375,27.64202308654785,28.007781982421875,3766592
2013-07-11,17.858741760253906,28.568092346191406,28.140077590942383,28.49805450439453,6497217
2013-07-12,17.839237213134766,28.56031036376953,28.264591217041016,28.46692657470703,3684095
2013-07-15,17.990407943725586,28.762645721435547,28.43579864501953,28.708171844482422,4078847
2013-07-16,17.927011489868164,28.723735809326172,28.365758895874023,28.607004165649414,2544300
2013-07-17,17.961151123046875,28.801555633544922,28.48249053955078,28.661479949951172,3728813
2013-07-18,17.956274032592773,28.894941329956055,28.57587432861328,28.653696060180664,3191298
2013-07-19,18.053817749023438,28.879377365112305,28.49805450439453,28.80933952331543,2758638
2013-07-22,17.961151123046875,28.754863739013672,28.54474639892578,28.661479949951172,2623713
2013-07-23,18.01479721069336,28.793773651123047,28.51361846923828,28.747081756591797,2558564
2013-07-24,17.912385940551758,28.770427703857422,28.521400451660156,28.58365821838379,2438545
2013-07-25,18.000160217285156,28.817121505737305,28.48249053955078,28.723735809326172,2035054
2013-07-26,17.917259216308594,28.59922218322754,28.28793716430664,28.591440200805664,3525783
2013-07-29,17.96636390686035,28.63035011291504,28.3424129486084,28.474708557128906,2242968
2013-07-30,17.89761734008789,28.778209686279297,28.326847076416016,28.365758895874023,2737179
2013-07-31,17.77977752685547,28.38910484313965,28.140077590942383,28.178987503051758,3901902
2013-08-01,17.956541061401367,28.568092346191406,28.27237319946289,28.459144592285156,3103661
2013-08-02,18.187318801879883,28.82490348815918,28.25680923461914,28.82490348815918,3883398
2013-08-05,18.28061866760254,29.011672973632812,28.692607879638672,28.972763061523438,3347682
2013-08-06,18.197139739990234,28.957197189331055,28.723735809326172,28.84046745300293,3990567
2013-08-07,18.069477081298828,28.801555633544922,28.536964416503906,28.638132095336914,2872875
2013-08-08,18.000736236572266,28.770427703857422,28.474708557128906,28.52918243408203,2638619
2013-08-09,17.995826721191406,28.684825897216797,28.443580627441406,28.521400451660156,1838578
2013-08-12,17.995826721191406,28.591440200805664,28.31906509399414,28.521400451660156,1963608
2013-08-13,17.97127342224121,28.63035011291504,28.412450790405273,28.48249053955078,1265725
2013-08-14,17.67665672302246,28.490272521972656,28.007781982421875,28.01556396484375,3154547
2013-08-15,17.210195541381836,27.80544662475586,27.245136260986328,27.276264190673828,3303478
2013-08-16,17.077617645263672,27.214008331298828,26.94941520690918,27.06614875793457,3259788
2013-08-19,17.141454696655273,27.307392120361328,27.042802810668945,27.167314529418945,3489932
2013-08-20,17.18564224243164,27.447471618652344,27.167314529418945,27.237354278564453,2652112
2013-08-21,16.94504737854004,27.252918243408203,26.848249435424805,26.85603141784668,2309145
2013-08-22,16.984325408935547,27.08171272277832,26.731517791748047,26.91828727722168,2696830
2013-08-23,17.22492790222168,27.346303939819336,26.91828727722168,27.299610137939453,2578096
2013-08-26,16.94504737854004,27.35408592224121,26.85603141784668,26.85603141784668,3812723
2013-08-27,16.876300811767578,26.957197189331055,26.692607879638672,26.747081756591797,2762108
2013-08-28,16.6651668548584,26.677043914794922,26.326847076416016,26.412450790405273,3136814
2013-08-29,16.71426010131836,26.677043914794922,26.24124526977539,26.490272521972656,3959470
2013-08-30,16.606243133544922,26.591440200805664,26.25680923461914,26.31906509399414,4096194
2013-09-03,16.645523071289062,26.653696060180664,26.28793716430664,26.381322860717773,3607124
2013-09-04,16.625885009765625,26.51361846923828,26.249027252197266,26.350194931030273,4058158
2013-09-05,16.606243133544922,26.459144592285156,26.280155181884766,26.31906509399414,2155202
2013-09-06,16.547317504882812,26.474708557128906,26.046693801879883,26.22568130493164,3194253
2013-09-09,16.478580474853516,26.45136260986328,26.077821731567383,26.116731643676758,5857673
2013-09-10,15.486717224121094,25.315174102783203,23.844358444213867,24.54474639892578,24554680
2013-09-11,15.658574104309082,24.817121505737305,24.202335357666016,24.817121505737305,17082405
2013-09-12,15.599655151367188,24.87159538269043,24.669261932373047,24.723735809326172,10495495
2013-09-13,15.653666496276855,25.003890991210938,24.762645721435547,24.80933952331543,6591408
2013-09-16,15.756786346435547,25.17509651184082,24.910505294799805,24.972763061523438,5359478
2013-09-17,15.638938903808594,24.964981079101562,24.731517791748047,24.785991668701172,7200883
2013-09-18,15.74696159362793,24.957197189331055,24.568092346191406,24.957197189331055,8476503
2013-09-19,15.123367309570312,24.778209686279297,23.556419372558594,23.9688720703125,20331656
2013-09-20,15.221571922302246,24.140077590942383,23.891050338745117,24.124513626098633,9860191
2013-09-23,15.108633995056152,24.140077590942383,23.813230514526367,23.945524215698242,5608768
2013-09-24,15.079172134399414,24.046693801879883,23.735408782958984,23.898832321166992,5824520
2013-09-25,14.951509475708008,23.992218017578125,23.688716888427734,23.69649887084961,7641124
2013-09-26,14.96623706817627,23.766536712646484,23.53307342529297,23.719844818115234,4329551
2013-09-27,14.863122940063477,23.603113174438477,23.361867904663086,23.556419372558594,4485550
2013-09-30,14.89749813079834,23.634241104125977,23.245136260986328,23.61089515686035,8156023
2013-10-01,14.980974197387695,23.766536712646484,23.47081756591797,23.74319076538086,7479728
2013-10-02,15.03498649597168,23.898832321166992,23.494163513183594,23.828794479370117,8057207
2013-10-03,14.926953315734863,23.867704391479492,23.603113174438477,23.6575870513916,6277225
2013-10-04,14.912226676940918,23.688716888427734,23.50194549560547,23.634241104125977,3564719
2013-10-07,14.89749813079834,23.782100677490234,23.42412567138672,23.61089515686035,3317999
2013-10-08,14.774741172790527,23.6575870513916,23.41634178161621,23.41634178161621,3558037
2013-10-09,14.82384204864502,23.634241104125977,23.338520050048828,23.494163513183594,4405109
2013-10-10,15.113540649414062,23.9688720703125,23.6575870513916,23.953306198120117,4356407
2013-10-11,15.147913932800293,24.054475784301758,23.828794479370117,24.007781982421875,3314786
2013-10-14,15.103726387023926,23.992218017578125,23.813230514526367,23.937742233276367,1975173
2013-10-15,15.108633995056152,24.101167678833008,23.80544662475586,23.945524215698242,3394456
2013-10-16,15.319779396057129,24.30350112915039,24.046693801879883,24.280155181884766,4120738
2013-10-17,15.3836030960083,24.443580627441406,24.140077590942383,24.381322860717773,3146580
2013-10-18,15.305046081542969,24.43579864501953,24.147859573364258,24.25680923461914,4724945
2013-10-21,15.305046081542969,24.27237319946289,23.992218017578125,24.25680923461914,3360275
2013-10-22,15.624202728271484,24.801555633544922,24.249027252197266,24.762645721435547,5219028
2013-10-23,15.516179084777832,24.801555633544922,24.568092346191406,24.591440200805664,3800387
2013-10-24,15.501450538635254,24.708171844482422,24.428016662597656,24.568092346191406,2701584
2013-10-25,15.575104713439941,24.723735809326172,24.474708557128906,24.684825897216797,4375811
2013-10-28,15.810794830322266,25.105058670043945,24.669261932373047,25.058366775512695,8813558
2013-10-29,15.954302787780762,25.09727668762207,24.793773651123047,25.089494705200195,5024993
2013-10-30,15.875121116638184,25.136186599731445,24.85603141784668,24.964981079101562,3966409
2013-10-31,15.741515159606934,25.073930740356445,24.747081756591797,24.754863739013672,3143624
2013-11-01,15.736564636230469,24.832685470581055,24.591440200805664,24.747081756591797,3732411
2013-11-04,15.662333488464355,24.848249435424805,24.48249053955078,24.63035011291504,2935326
2013-11-05,16.11265754699707,25.447471618652344,24.536964416503906,25.338520050048828,6960974
2013-11-06,16.27596092224121,25.649805068969727,25.291828155517578,25.5953311920166,5351511
2013-11-07,16.013681411743164,25.68093490600586,25.11284065246582,25.182878494262695,4168154
2013-11-08,16.152244567871094,25.40077781677246,24.88715934753418,25.40077781677246,4137828
2013-11-11,16.038433074951172,25.54863739013672,25.09727668762207,25.221790313720703,4300638
2013-11-12,15.998842239379883,25.260700225830078,24.941633224487305,25.15953254699707,3276365
2013-11-13,16.236370086669922,25.556419372558594,25.08171272277832,25.53307342529297,3679341
2013-11-14,16.360088348388672,25.828794479370117,25.463035583496094,25.72762680053711,3258632
2013-11-15,16.330398559570312,25.719844818115234,25.463035583496094,25.68093490600586,3287930
2013-11-18,16.127504348754883,25.74319076538086,25.291828155517578,25.361867904663086,3524755
2013-11-19,16.11265754699707,25.408559799194336,25.11284065246582,25.338520050048828,2957299
2013-11-20,15.969143867492676,25.392995834350586,25.003890991210938,25.11284065246582,3558936
2013-11-21,15.924613952636719,25.136186599731445,24.94941520690918,25.042802810668945,3511263
2013-11-22,16.172042846679688,25.509727478027344,24.996109008789062,25.431907653808594,3804628
2013-11-25,16.142351150512695,25.634241104125977,25.322956085205078,25.38521385192871,2833554
2013-11-26,16.058223724365234,25.556419372558594,25.14396858215332,25.252918243408203,7372045
2013-11-27,16.236370086669922,25.6264591217041,25.245136260986328,25.53307342529297,2994179
2013-11-29,16.325454711914062,25.844358444213867,25.48638153076172,25.673152923583984,2310816
2013-12-02,16.27596092224121,25.750972747802734,25.42412567138672,25.5953311920166,3387389
2013-12-03,16.300701141357422,25.74319076538086,25.377431869506836,25.634241104125977,3808483
2013-12-04,16.271011352539062,25.68093490600586,25.260700225830078,25.587549209594727,3745646
2013-12-05,16.152244567871094,25.61089515686035,25.268482208251953,25.40077781677246,2381234
2013-12-06,16.36503791809082,25.78988265991211,25.53307342529297,25.735408782958984,3291399
2013-12-09,16.38977813720703,26.046693801879883,25.6575870513916,25.77431869506836,3918993
2013-12-10,16.087913513183594,25.72762680053711,25.206226348876953,25.299610137939453,3385718
2013-12-11,16.092863082885742,25.40077781677246,25.151750564575195,25.307392120361328,3512805
2013-12-12,15.909761428833008,25.315174102783203,24.90272331237793,25.019454956054688,3633209
2013-12-13,15.672235488891602,24.988327026367188,24.536964416503906,24.64591407775879,5131519
2013-12-16,15.721720695495605,24.785991668701172,24.474708557128906,24.723735809326172,3820562
2013-12-17,15.578208923339844,24.692607879638672,24.295719146728516,24.49805450439453,5425142
2013-12-18,15.731614112854004,24.747081756591797,24.147859573364258,24.739299774169922,6729031
2013-12-19,16.56298065185547,26.381322860717773,25.56420135498047,26.046693801879883,11777796
2013-12-20,16.59761619567871,26.396886825561523,25.992218017578125,26.101167678833008,5884658
2013-12-23,16.483802795410156,26.25680923461914,25.867704391479492,25.922178268432617,3110857
2013-12-24,16.572879791259766,26.155641555786133,25.922178268432617,26.062257766723633,1184642
2013-12-26,16.53823471069336,26.132295608520508,25.929960250854492,26.007781982421875,1982755
2013-12-27,16.60257339477539,26.24124526977539,25.906614303588867,26.108949661254883,1781267
2013-12-30,16.666902542114258,26.22568130493164,26.046693801879883,26.21011734008789,1578109
2013-12-31,16.67679786682129,26.326847076416016,26.0311279296875,26.22568130493164,2181930
2014-01-02,16.612464904785156,26.249027252197266,26.038911819458008,26.124513626098633,2446640
2014-01-03,16.572879791259766,26.202335357666016,26.007781982421875,26.062257766723633,1804012
2014-01-06,16.493696212768555,26.202335357666016,25.875486373901367,25.937742233276367,2197864
2014-01-07,16.775766372680664,26.4046688079834,25.992218017578125,26.381322860717773,4521658
2014-01-08,16.637208938598633,26.24124526977539,25.992218017578125,26.163423538208008,3761323
2014-01-09,16.701541900634766,26.280155181884766,25.9688720703125,26.264591217041016,3007543
2014-01-10,16.755979537963867,26.412450790405273,26.22568130493164,26.350194931030273,2743475
2014-01-13,16.612464904785156,26.45136260986328,26.077821731567383,26.124513626098633,2779327
2014-01-14,16.765869140625,26.38910484313965,26.132295608520508,26.365758895874023,2898061
2014-01-15,16.70648956298828,26.59922218322754,26.202335357666016,26.27237319946289,3170095
2014-01-16,16.84999656677246,26.521400451660156,26.085603713989258,26.49805450439453,3351409
2014-01-17,16.53823471069336,26.4046688079834,25.961088180541992,26.007781982421875,2393570
2014-01-21,16.60752296447754,26.171205520629883,25.875486373901367,26.116731643676758,2577582
2014-01-22,16.652050018310547,26.28793716430664,26.0311279296875,26.186769485473633,2499711
2014-01-23,16.459056854248047,26.101167678833008,25.74319076538086,25.883268356323242,3364002
2014-01-24,16.20667839050293,25.813230514526367,25.48638153076172,25.48638153076172,3382634
2014-01-27,16.325454711914062,25.750972747802734,25.42412567138672,25.673152923583984,4023463
2014-01-28,16.226476669311523,25.634241104125977,25.260700225830078,25.51750946044922,7642409
2014-01-29,15.887385368347168,25.221790313720703,24.61478614807129,24.793773651123047,6742267
2014-01-30,15.857464790344238,25.019454956054688,24.661479949951172,24.747081756591797,3102376
2014-01-31,15.852474212646484,24.964981079101562,24.474708557128906,24.739299774169922,3692062
2014-02-03,15.308938026428223,24.739299774169922,23.852140426635742,23.891050338745117,4769792
2014-02-04,15.368770599365234,24.062257766723633,23.77431869506836,23.98443603515625,3719561
2014-02-05,15.318906784057617,24.007781982421875,23.74319076538086,23.906614303588867,3464617
2014-02-06,15.308938026428223,23.9688720703125,23.618677139282227,23.891050338745117,6079849
2014-02-07,15.383733749389648,24.163423538208008,23.898832321166992,24.007781982421875,4960229
2014-02-10,15.483466148376465,24.202335357666016,23.922178268432617,24.163423538208008,5028077
2014-02-11,14.501100540161133,23.035018920898438,22.25680923461914,22.63035011291504,19785145
2014-02-12,14.446248054504395,22.677043914794922,22.49805450439453,22.54474639892578,8925996
2014-02-13,14.461206436157227,22.61478614807129,22.412450790405273,22.568092346191406,4797676
2014-02-14,14.640725135803223,22.93385124206543,22.52918243408203,22.848249435424805,6620963
2014-02-18,14.55595588684082,22.85603141784668,22.54474639892578,22.715953826904297,5185104
2014-02-19,14.431289672851562,22.715953826904297,22.46692657470703,22.521400451660156,3625114
2014-02-20,14.241793632507324,22.536964416503906,22.217899322509766,22.22568130493164,11300804
2014-02-21,14.211875915527344,22.28793716430664,22.038911819458008,22.178987503051758,11118077
2014-02-24,14.231829643249512,22.295719146728516,22.077821731567383,22.21011734008789,6517777
2014-02-25,14.176972389221191,22.28793716430664,22.062257766723633,22.124513626098633,5268372
2014-02-26,14.127105712890625,22.233463287353516,22.038911819458008,22.046693801879883,5893267
2014-02-27,14.092202186584473,22.124513626098633,21.859922409057617,21.992218017578125,5553128
2014-02-28,14.162008285522461,22.22568130493164,21.992218017578125,22.101167678833008,4684982
2014-03-03,14.152036666870117,22.186769485473633,22.0,22.085603713989258,5844694
2014-03-04,14.336541175842285,22.396886825561523,22.21011734008789,22.3735408782959,6484367
2014-03-05,14.451236724853516,22.669261932373047,22.381322860717773,22.552528381347656,5978848
2014-03-06,14.531014442443848,22.770427703857422,22.552528381347656,22.677043914794922,4348569
2014-03-07,14.695582389831543,23.011672973632812,22.700389862060547,22.93385124206543,4690893
2014-03-10,14.675639152526855,22.941633224487305,22.700389862060547,22.90272331237793,4220326
2014-03-11,14.665660858154297,23.003890991210938,22.85603141784668,22.88715934753418,3733825
2014-03-12,14.870108604431152,23.268482208251953,22.770427703857422,23.206226348876953,4183189
2014-03-13,14.695582389831543,23.330738067626953,22.88715934753418,22.93385124206543,4123179
2014-03-14,14.670645713806152,23.035018920898438,22.785991668701172,22.894941329956055,3701057
2014-03-17,14.740460395812988,23.042802810668945,22.894941329956055,23.003890991210938,2527210
2014-03-18,14.865130424499512,23.245136260986328,22.964981079101562,23.198444366455078,3211986
2014-03-19,14.755420684814453,23.315174102783203,22.964981079101562,23.027236938476562,4215057
2014-03-20,14.954877853393555,23.5953311920166,23.073930740356445,23.338520050048828,5941069
2014-03-21,14.994773864746094,23.447471618652344,23.214008331298828,23.40077781677246,7876921
2014-03-24,15.014728546142578,23.61089515686035,23.307392120361328,23.431907653808594,5186003
2014-03-25,15.084538459777832,23.603113174438477,23.330738067626953,23.540855407714844,5521645
2014-03-26,15.084538459777832,23.66537094116211,23.509727478027344,23.540855407714844,5397257
2014-03-27,15.184270858764648,23.72762680053711,23.525291442871094,23.69649887084961,4244484
2014-03-28,15.303955078125,23.906614303588867,23.69649887084961,23.883268356323242,2818905
2014-03-31,15.47349739074707,24.147859573364258,23.844358444213867,24.147859573364258,4079746
2014-04-01,15.368770599365234,24.163423538208008,23.77431869506836,23.98443603515625,3719176
2014-04-02,15.518370628356934,24.35797691345215,23.937742233276367,24.217899322509766,3591961
2014-04-03,15.697896003723145,24.521400451660156,24.140077590942383,24.49805450439453,4377610
2014-04-04,15.448558807373047,24.57587432861328,24.077821731567383,24.108949661254883,3815036
2014-04-07,15.498434066772461,24.311283111572266,24.124513626098633,24.186769485473633,3792292
2014-04-08,15.563249588012695,24.326847076416016,24.116731643676758,24.28793716430664,3665463
2014-04-09,15.508400917053223,24.38910484313965,24.023345947265625,24.202335357666016,3900360
2014-04-10,15.279014587402344,24.3735408782959,23.844358444213867,23.844358444213867,3450611
2014-04-11,15.209207534790039,23.9688720703125,23.618677139282227,23.735408782958984,3041981
2014-04-14,15.373763084411621,24.085603713989258,23.782100677490234,23.992218017578125,2836638
2014-04-15,15.393707275390625,24.070039749145508,23.813230514526367,24.023345947265625,2629496
2014-04-16,15.558263778686523,24.280155181884766,24.124513626098633,24.280155181884766,2237057
2014-04-17,15.628080368041992,24.412450790405273,24.21011734008789,24.38910484313965,2357461
2014-04-21,15.568241119384766,24.43579864501953,24.21011734008789,24.295719146728516,1856568
2014-04-22,15.593178749084473,24.48249053955078,24.264591217041016,24.33462905883789,2547513
2014-04-23,15.53831958770752,24.45136260986328,24.21011734008789,24.249027252197266,1709050
2014-04-24,15.488454818725586,24.27237319946289,24.101167678833008,24.171205520629883,2607908
2014-04-25,15.458537101745605,24.249027252197266,24.046693801879883,24.124513626098633,2355534
2014-04-28,15.433401107788086,24.124513626098633,23.875486373901367,23.891050338745117,4067282
2014-04-29,15.32280158996582,24.007781982421875,23.71206283569336,23.719844818115234,2241811
2014-04-30,15.337875366210938,23.78988265991211,23.673152923583984,23.74319076538086,3209159
2014-05-01,15.302694320678711,23.74319076538086,23.540855407714844,23.688716888427734,2395369
2014-05-02,15.388154983520508,23.883268356323242,23.6575870513916,23.821012496948242,1990208
2014-05-05,15.257451057434082,23.719844818115234,23.40077781677246,23.618677139282227,2667789
2014-05-06,15.17701244354248,23.61089515686035,23.447471618652344,23.494163513183594,2335616
2014-05-07,15.498749732971191,24.0,23.525291442871094,23.992218017578125,2966551
2014-05-08,15.332856178283691,24.01556396484375,23.673152923583984,23.735408782958984,2076046
2014-05-09,15.468588829040527,23.961088180541992,23.673152923583984,23.945524215698242,2394212
2014-05-12,15.559075355529785,24.108949661254883,23.914396286010742,24.085603713989258,3010755
2014-05-13,15.679730415344238,24.350194931030273,24.062257766723633,24.27237319946289,2490330
2014-05-14,15.820488929748535,24.51361846923828,24.24124526977539,24.490272521972656,2976317
2014-05-15,15.639516830444336,24.396886825561523,24.124513626098633,24.21011734008789,3421827
2014-05-16,15.80540943145752,24.552528381347656,24.186769485473633,24.46692657470703,3326351
2014-05-19,15.770221710205078,24.45136260986328,24.25680923461914,24.412450790405273,1903727
2014-05-20,15.714919090270996,24.443580627441406,24.280155181884766,24.326847076416016,1841919
2014-05-21,15.795358657836914,24.536964416503906,24.31906509399414,24.45136260986328,1856183
2014-05-22,15.880821228027344,24.58365821838379,24.35797691345215,24.58365821838379,2637848
2014-05-23,15.890870094299316,24.723735809326172,24.49805450439453,24.59922218322754,1834338
2014-05-27,15.865734100341797,24.638132095336914,24.45136260986328,24.56031036376953,3585150
2014-05-28,15.8757905960083,24.747081756591797,24.49805450439453,24.57587432861328,2386888
2014-05-29,16.172388076782227,25.136186599731445,24.568092346191406,25.035018920898438,4034643
2014-05-30,16.237747192382812,25.15953254699707,24.91828727722168,25.136186599731445,3151463
2014-06-02,16.15228271484375,25.14396858215332,24.93385124206543,25.003890991210938,4372341
2014-06-03,16.182453155517578,25.09727668762207,24.87159538269043,25.05058479309082,3109829
2014-06-04,16.272933959960938,25.276264190673828,24.980545043945312,25.19066047668457,3627298
2014-06-05,16.32823371887207,25.361867904663086,25.151750564575195,25.276264190673828,2493928
2014-06-06,16.438825607299805,25.447471618652344,25.167314529418945,25.447471618652344,2594287
2014-06-09,16.363426208496094,25.50194549560547,25.268482208251953,25.330738067626953,3423240
2014-06-10,16.323209762573242,25.40077781677246,25.08171272277832,25.268482208251953,2832911
2014-06-11,16.202558517456055,25.229572296142578,24.957197189331055,25.08171272277832,2788065
2014-06-12,16.202558517456055,25.105058670043945,24.94941520690918,25.08171272277832,2957299
2014-06-13,16.338287353515625,25.291828155517578,24.972763061523438,25.291828155517578,3352694
2014-06-16,16.48407745361328,25.51750946044922,25.073930740356445,25.51750946044922,3183459
2014-06-17,16.514236450195312,25.56420135498047,25.36964988708496,25.56420135498047,5713753
2014-06-18,15.31777286529541,24.396886825561523,23.48638153076172,23.71206283569336,21615242
2014-06-19,14.769810676574707,23.571983337402344,22.700389862060547,22.863813400268555,19736315
2014-06-20,14.483263969421387,22.723735809326172,22.311283111572266,22.42023277282715,18941671
2014-06-23,14.493319511413574,22.638132095336914,22.3424129486084,22.43579864501953,9949370
2014-06-24,14.488288879394531,22.474708557128906,22.326847076416016,22.428016662597656,8442450
2014-06-25,14.443048477172852,22.428016662597656,22.25680923461914,22.35797691345215,9230541
2014-06-26,14.563695907592773,22.793773651123047,22.33462905883789,22.54474639892578,10657662
2014-06-27,14.895491600036621,23.08171272277832,22.51361846923828,23.058366775512695,14712094
2014-06-30,14.920625686645508,23.17509651184082,22.708171844482422,23.09727668762207,8767041
2014-07-01,15.12674331665039,23.447471618652344,23.05058479309082,23.41634178161621,7524703
2014-07-02,15.342907905578613,23.766536712646484,23.346303939819336,23.750972747802734,10841931
2014-07-03,15.619403839111328,24.31906509399414,23.74319076538086,24.178987503051758,8837588
2014-07-07,15.609346389770508,24.21011734008789,24.062257766723633,24.163423538208008,7349301
2014-07-08,15.40323543548584,24.19455337524414,23.828794479370117,23.844358444213867,6016242
2014-07-09,15.363018035888672,23.98443603515625,23.750972747802734,23.782100677490234,5937857
2014-07-10,15.337875366210938,23.859922409057617,23.57976722717285,23.74319076538086,4520116
2014-07-11,15.378100395202637,23.898832321166992,23.688716888427734,23.80544662475586,3774816
2014-07-14,15.52891731262207,24.077821731567383,23.71206283569336,24.038911819458008,9034835
2014-07-15,15.559075355529785,24.171205520629883,23.953306198120117,24.085603713989258,8777193
2014-07-16,15.52389144897461,24.147859573364258,23.953306198120117,24.0311279296875,4417830
2014-07-17,15.337875366210938,23.953306198120117,23.72762680053711,23.74319076538086,3819277
2014-07-18,15.418318748474121,24.0,23.68093490600586,23.867704391479492,4091954
2014-07-21,15.408267974853516,23.992218017578125,23.719844818115234,23.852140426635742,5329666
2014-07-22,15.393182754516602,23.976654052734375,23.719844818115234,23.828794479370117,3558679
2014-07-23,15.624435424804688,24.233463287353516,23.78988265991211,24.186769485473633,8177868
2014-07-24,15.720726013183594,24.163423538208008,23.797664642333984,24.140077590942383,6720165
2014-07-25,15.75113582611084,24.22568130493164,23.992218017578125,24.186769485473633,5094511
2014-07-28,15.680179595947266,24.233463287353516,24.054475784301758,24.077821731567383,4506495
2014-07-29,15.523076057434082,24.202335357666016,23.828794479370117,23.836576461791992,5398799
2014-07-30,15.46225643157959,23.929960250854492,23.6264591217041,23.74319076538086,7035889
2014-07-31,15.269675254821777,23.5953311920166,23.346303939819336,23.447471618652344,5429511
2014-08-01,15.401443481445312,23.66537094116211,23.268482208251953,23.649805068969727,7171714
2014-08-04,15.523076057434082,23.867704391479492,23.47081756591797,23.836576461791992,5038228
2014-08-05,15.45718765258789,23.929960250854492,23.68093490600586,23.735408782958984,5721848
2014-08-06,15.599084854125977,24.085603713989258,23.68093490600586,23.953306198120117,4659153
2014-08-07,15.609227180480957,24.202335357666016,23.875486373901367,23.9688720703125,4088227
2014-08-08,15.690323829650879,24.101167678833008,23.859922409057617,24.093385696411133,3108415
2014-08-11,15.928505897521973,24.474708557128906,24.038911819458008,24.459144592285156,6157078
2014-08-12,15.928505897521973,24.505836486816406,24.295719146728516,24.459144592285156,3523599
2014-08-13,15.938642501831055,24.490272521972656,24.35797691345215,24.474708557128906,3521928
2014-08-14,16.15150260925293,24.817121505737305,24.49805450439453,24.801555633544922,3035427
2014-08-15,16.10588264465332,24.93385124206543,24.58365821838379,24.731517791748047,3680369
2014-08-18,16.16163444519043,24.84046745300293,24.700389862060547,24.817121505737305,2691947
2014-08-19,16.16163444519043,24.93385124206543,24.793773651123047,24.817121505737305,2753370
2014-08-20,16.227514266967773,24.996109008789062,24.747081756591797,24.91828727722168,2702612
2014-08-21,16.293397903442383,25.151750564575195,24.964981079101562,25.019454956054688,3147094
2014-08-22,16.141361236572266,25.09727668762207,24.770427703857422,24.785991668701172,2168566
2014-08-25,16.273122787475586,25.003890991210938,24.848249435424805,24.988327026367188,1582092
2014-08-26,16.15150260925293,25.073930740356445,24.793773651123047,24.801555633544922,1989437
2014-08-27,16.283266067504883,25.035018920898438,24.85603141784668,25.003890991210938,2334974
2014-08-28,16.283266067504883,25.019454956054688,24.848249435424805,25.003890991210938,2160985
2014-08-29,16.318735122680664,25.073930740356445,24.941633224487305,25.058366775512695,2160985
2014-09-02,16.273122787475586,25.09727668762207,24.84046745300293,24.988327026367188,2781640
2014-09-03,16.430233001708984,25.291828155517578,25.035018920898438,25.229572296142578,3656725
2014-09-04,16.445436477661133,25.377431869506836,25.182878494262695,25.252918243408203,3140797
2014-09-05,16.475841522216797,25.299610137939453,25.08171272277832,25.299610137939453,1894989
2014-09-08,16.55693244934082,25.587549209594727,25.276264190673828,25.42412567138672,2940851
2014-09-09,16.465707778930664,25.431907653808594,25.268482208251953,25.284046173095703,2674471
2014-09-10,16.450502395629883,25.307392120361328,25.06614875793457,25.260700225830078,2763907
2014-09-11,16.47077178955078,25.408559799194336,25.17509651184082,25.291828155517578,2810681
2014-09-12,16.389690399169922,25.330738067626953,25.058366775512695,25.167314529418945,2229218
2014-09-15,16.394756317138672,25.198444366455078,25.011672973632812,25.17509651184082,4622916
2014-09-16,16.404890060424805,25.260700225830078,25.089494705200195,25.19066047668457,3609822
2014-09-17,16.222450256347656,25.15953254699707,24.64591407775879,24.910505294799805,5806273
2014-09-18,16.96743392944336,26.186769485473633,25.19066047668457,26.054475784301758,12623455
2014-09-19,17.033321380615234,26.42023277282715,26.093385696411133,26.155641555786133,7676847
2014-09-22,16.992774963378906,26.217899322509766,26.007781982421875,26.093385696411133,6370002
2014-09-23,16.79512596130371,26.070039749145508,25.75875473022461,25.78988265991211,5579342
2014-09-24,16.977569580078125,26.077821731567383,25.78988265991211,26.070039749145508,2549826
2014-09-25,16.648149490356445,26.007781982421875,25.556419372558594,25.56420135498047,3362588
2014-09-26,16.845802307128906,25.961088180541992,25.634241104125977,25.867704391479492,2229218
2014-09-29,16.714038848876953,25.750972747802734,25.571983337402344,25.66537094116211,2862338
2014-09-30,16.744449615478516,25.859922409057617,25.603113174438477,25.71206283569336,3477853
2014-10-01,16.764719009399414,25.852140426635742,25.587549209594727,25.74319076538086,4404209
2014-10-02,16.607606887817383,25.68093490600586,25.221790313720703,25.50194549560547,4104418
2014-10-03,16.891416549682617,25.9688720703125,25.47081756591797,25.937742233276367,8138804
2014-10-06,17.07386016845703,26.249027252197266,25.875486373901367,26.217899322509766,4546459
2014-10-07,16.87114143371582,26.443580627441406,25.906614303588867,25.906614303588867,4986828
2014-10-08,17.160015106201172,26.35797691345215,25.929960250854492,26.350194931030273,3852044
2014-10-09,17.154943466186523,26.957197189331055,26.140077590942383,26.3424129486084,6854576
2014-10-10,16.977569580078125,26.591440200805664,26.054475784301758,26.070039749145508,4005987
2014-10-13,16.80018424987793,26.140077590942383,25.77431869506836,25.797664642333984,3290371
2014-10-14,17.018110275268555,26.25680923461914,25.875486373901367,26.132295608520508,4153120
2014-10-15,17.038379669189453,26.24124526977539,25.556419372558594,26.163423538208008,8021355
2014-10-16,16.87114143371582,26.163423538208008,25.688716888427734,25.906614303588867,5824905
2014-10-17,17.0535831451416,26.217899322509766,25.735408782958984,26.186769485473633,5984117
2014-10-20,17.367801666259766,26.723735809326172,26.093385696411133,26.669261932373047,8332711
2014-10-21,17.251235961914062,26.692607879638672,26.350194931030273,26.490272521972656,5264902
2014-10-22,17.312055587768555,26.84046745300293,26.459144592285156,26.58365821838379,2906285
2014-10-23,17.241100311279297,26.653696060180664,26.350194931030273,26.474708557128906,2817491
2014-10-24,17.332326889038086,26.638132095336914,26.443580627441406,26.61478614807129,2197607
2014-10-27,17.26137924194336,26.64591407775879,26.43579864501953,26.505836486816406,1893190
2014-10-28,17.393138885498047,26.770427703857422,26.536964416503906,26.708171844482422,3226250
2014-10-29,17.13788414001465,26.505836486816406,25.836576461791992,26.124513626098633,5423728
2014-10-30,17.321664810180664,26.505836486816406,25.992218017578125,26.4046688079834,4508166
2014-10-31,17.536083221435547,26.747081756591797,26.57587432861328,26.731517791748047,4208504
2014-11-03,17.587129592895508,26.832685470581055,26.591440200805664,26.80933952331543,3261459
2014-11-04,17.536083221435547,26.863813400268555,26.700389862060547,26.731517791748047,3605582
2014-11-05,17.54629135131836,26.94941520690918,26.57587432861328,26.747081756591797,3809382
2014-11-06,17.740285873413086,27.042802810668945,26.739299774169922,27.042802810668945,4904203
2014-11-07,17.673917770385742,27.17509651184082,26.638132095336914,26.941633224487305,5424499
2014-11-10,17.627971649169922,27.035018920898438,26.762645721435547,26.87159538269043,2991223
2014-11-11,17.459505081176758,26.793773651123047,26.54474639892578,26.61478614807129,2555094
2014-11-12,17.68923568725586,27.003890991210938,26.51361846923828,26.964981079101562,3797946
2014-11-13,17.73007583618164,27.19066047668457,26.910505294799805,27.027236938476562,2558949
2014-11-14,17.73007583618164,27.151750564575195,26.91828727722168,27.027236938476562,2067693
2014-11-17,17.842388153076172,27.198444366455078,27.003890991210938,27.198444366455078,2462574
2014-11-18,18.199745178222656,27.750972747802734,27.042802810668945,27.74319076538086,5559810
2014-11-19,18.158903121948242,27.945524215698242,27.54863739013672,27.68093490600586,4487220
2014-11-20,18.14359474182129,27.821012496948242,27.587549209594727,27.6575870513916,2709808
2014-11-21,18.128273010253906,27.891050338745117,27.571983337402344,27.634241104125977,2633993
2014-11-24,18.097646713256836,27.813230514526367,27.56420135498047,27.587549209594727,2276121
2014-11-25,18.128273010253906,27.78988265991211,27.587549209594727,27.634241104125977,4582439
2014-11-26,18.301851272583008,27.906614303588867,27.618677139282227,27.898832321166992,1963351
2014-11-28,18.64389419555664,28.46692657470703,27.953306198120117,28.42023277282715,1677568
2014-12-01,18.587736129760742,28.677043914794922,28.24124526977539,28.33462905883789,2343583
2014-12-02,18.79705238342285,28.739299774169922,28.33462905883789,28.653696060180664,3557266
2014-12-03,18.710256576538086,28.708171844482422,28.25680923461914,28.521400451660156,4281106
2014-12-04,18.638790130615234,28.63035011291504,28.311283111572266,28.412450790405273,2379306
2014-12-05,18.883834838867188,28.785991668701172,28.326847076416016,28.785991668701172,3480937
2014-12-08,18.909364700317383,28.93385124206543,28.638132095336914,28.82490348815918,4012027
2014-12-09,18.87872886657715,28.848249435424805,28.412450790405273,28.778209686279297,2517187
2014-12-10,18.78683853149414,28.82490348815918,28.38910484313965,28.638132095336914,5207334
2014-12-11,19.036985397338867,29.151750564575195,28.638132095336914,29.019454956054688,4074478
2014-12-12,18.7510986328125,29.011672973632812,28.57587432861328,28.58365821838379,3321083
2014-12-15,18.715362548828125,28.832685470581055,28.3424129486084,28.52918243408203,3104817
2014-12-16,18.659212112426758,28.964981079101562,28.35797691345215,28.443580627441406,3184102
2014-12-17,18.93999481201172,28.87159538269043,28.3735408782959,28.87159538269043,3908584
2014-12-18,18.67452049255371,28.48249053955078,27.291828155517578,28.46692657470703,8219374
2014-12-19,18.81747055053711,28.910505294799805,28.412450790405273,28.684825897216797,8594209
2014-12-22,18.81747055053711,28.90272331237793,28.4046688079834,28.684825897216797,3313630
2014-12-23,18.853208541870117,28.88715934753418,28.669261932373047,28.739299774169922,3053546
2014-12-24,18.81747055053711,28.85603141784668,28.653696060180664,28.684825897216797,1534419
2014-12-26,18.81747055053711,28.863813400268555,28.638132095336914,28.684825897216797,1067064
2014-12-29,18.853208541870117,28.832685470581055,28.58365821838379,28.739299774169922,1505121
2014-12-30,18.79193878173828,28.926069259643555,28.63035011291504,28.64591407775879,1843847
2014-12-31,18.521371841430664,28.785991668701172,28.202335357666016,28.233463287353516,2421711
2015-01-02,18.28653907775879,28.24124526977539,27.867704391479492,27.875486373901367,5126379
2015-01-05,18.087430953979492,28.023345947265625,27.56420135498047,27.571983337402344,5400213
2015-01-06,17.908761978149414,27.74319076538086,27.167314529418945,27.299610137939453,5229051
2015-01-07,18.33248519897461,27.976654052734375,27.431907653808594,27.945524215698242,3124092
2015-01-08,18.730680465698242,28.56031036376953,28.054475784301758,28.552528381347656,4154019
2015-01-09,18.500951766967773,28.591440200805664,28.108949661254883,28.202335357666016,2851544
2015-01-12,18.21506118774414,28.171205520629883,27.71206283569336,27.766536712646484,2636049
2015-01-13,18.28653907775879,28.155641555786133,27.6575870513916,27.875486373901367,3068837
2015-01-14,18.128273010253906,27.75875473022461,27.42412567138672,27.634241104125977,3200164
2015-01-15,18.552003860473633,28.521400451660156,27.673152923583984,28.280155181884766,7760243
2015-01-16,18.495845794677734,28.45136260986328,28.038911819458008,28.19455337524414,3882113
2015-01-20,18.516265869140625,28.33462905883789,27.937742233276367,28.22568130493164,3107002
2015-01-21,18.500951766967773,28.35797691345215,27.992218017578125,28.202335357666016,3334061
2015-01-22,18.975725173950195,28.93385124206543,28.186769485473633,28.926069259643555,3699130
2015-01-23,18.766422271728516,28.82490348815918,28.57587432861328,28.607004165649414,2494571
2015-01-26,18.858308792114258,28.762645721435547,28.43579864501953,28.747081756591797,3207746
2015-01-27,18.715362548828125,28.61478614807129,28.350194931030273,28.52918243408203,2517701
2015-01-28,18.77704620361328,28.677043914794922,28.31906509399414,28.428016662597656,5267215
2015-01-29,18.746206283569336,28.45136260986328,28.085603713989258,28.381322860717773,3898176
2015-01-30,18.211624145507812,28.25680923461914,27.525291442871094,27.571983337402344,4028603
2015-02-02,18.376113891601562,27.844358444213867,27.214008331298828,27.821012496948242,3363873
2015-02-03,18.494342803955078,28.124513626098633,27.750972747802734,28.0,2592102
2015-02-04,18.638263702392578,28.412450790405273,27.961088180541992,28.217899322509766,3059842
2015-02-05,18.73592758178711,28.381322860717773,28.038911819458008,28.365758895874023,2279976
2015-02-06,18.730789184570312,28.568092346191406,28.108949661254883,28.35797691345215,1987638
2015-02-09,18.586862564086914,28.4046688079834,28.085603713989258,28.140077590942383,1863122
2015-02-10,18.72564697265625,28.38910484313965,28.023345947265625,28.350194931030273,2624484
2015-02-11,18.59200668334961,28.54474639892578,27.914396286010742,28.147859573364258,2545457
2015-02-12,18.720504760742188,28.3424129486084,27.98443603515625,28.3424129486084,2237956
2015-02-13,17.90321922302246,27.54863739013672,26.894941329956055,27.105058670043945,8870098
2015-02-17,17.353225708007812,26.941633224487305,26.178987503051758,26.27237319946289,9455930
2015-02-18,17.25555992126465,26.3735408782959,26.0311279296875,26.124513626098633,8923811
2015-02-19,17.718175888061523,26.93385124206543,26.163423538208008,26.82490348815918,6415363
2015-02-20,17.743871688842773,26.91828727722168,26.521400451660156,26.863813400268555,3558551
2015-02-23,17.749011993408203,26.980545043945312,26.754863739013672,26.87159538269043,2389715
2015-02-24,17.841535568237305,27.073930740356445,26.684825897216797,27.011672973632812,3637835
2015-02-25,17.856964111328125,27.12840461730957,26.879377365112305,27.035018920898438,2683209
2015-02-26,17.82097625732422,27.151750564575195,26.957197189331055,26.980545043945312,2070135
2015-02-27,17.98031997680664,27.291828155517578,26.972763061523438,27.221790313720703,3651199
2015-03-02,18.042007446289062,27.338520050048828,27.035018920898438,27.315174102783203,2099176
2015-03-03,17.970029830932617,27.307392120361328,26.980545043945312,27.206226348876953,2662520
2015-03-04,17.743871688842773,27.688716888427734,26.700389862060547,26.863813400268555,5437221
2015-03-05,17.918642044067383,27.17509651184082,26.739299774169922,27.12840461730957,2477095
2015-03-06,17.610227584838867,26.941633224487305,26.51361846923828,26.661479949951172,3312987
2015-03-09,17.651348114013672,26.80933952331543,26.58365821838379,26.723735809326172,1499852
2015-03-10,17.430326461791992,26.723735809326172,26.38910484313965,26.38910484313965,2254918
2015-03-11,17.26069450378418,26.381322860717773,26.0311279296875,26.132295608520508,2294625
2015-03-12,17.56396484375,26.622568130493164,26.186769485473633,26.591440200805664,2119608
2015-03-13,17.44574737548828,26.54474639892578,26.186769485473633,26.412450790405273,2272651
2015-03-16,17.697607040405273,26.801555633544922,26.46692657470703,26.793773651123047,2238085
2015-03-17,17.728452682495117,26.926069259643555,26.591440200805664,26.84046745300293,2191311
2015-03-18,17.759292602539062,26.996109008789062,26.350194931030273,26.88715934753418,3754898
2015-03-19,17.66163444519043,26.91828727722168,26.692607879638672,26.739299774169922,1923773
2015-03-20,17.970029830932617,27.408559799194336,26.82490348815918,27.206226348876953,4028218
2015-03-23,18.01630210876465,27.494163513183594,27.14396858215332,27.276264190673828,1910795
2015-03-24,17.800413131713867,27.377431869506836,26.93385124206543,26.94941520690918,1933539
2015-03-25,17.959760665893555,27.447471618652344,27.058366775512695,27.19066047668457,5702188
2015-03-26,17.86210060119629,27.66537094116211,26.396886825561523,27.042802810668945,6818853
2015-03-27,18.895278930664062,28.692607879638672,27.05058479309082,28.607004165649414,8557072
2015-03-30,18.967241287231445,28.778209686279297,28.25680923461914,28.715953826904297,5200267
2015-03-31,18.77704620361328,28.88715934753418,28.412450790405273,28.428016662597656,5094768
2015-04-01,18.94667625427246,28.739299774169922,27.9688720703125,28.684825897216797,5754487
2015-04-02,19.440128326416016,29.509727478027344,28.63035011291504,29.431907653808594,6455069
2015-04-06,19.55321502685547,29.891050338745117,29.206226348876953,29.603113174438477,5276596
2015-04-07,19.5120906829834,29.77431869506836,29.47081756591797,29.540855407714844,4602228
2015-04-08,19.491533279418945,29.634241104125977,29.361867904663086,29.509727478027344,2869662
2015-04-09,19.476112365722656,29.6264591217041,29.252918243408203,29.48638153076172,4744220
2015-04-10,19.455549240112305,29.634241104125977,29.40077781677246,29.45525360107422,2622557
2015-04-13,19.32704734802246,29.54863739013672,29.237354278564453,29.260700225830078,2132972
2015-04-14,19.424705505371094,29.56420135498047,29.214008331298828,29.408559799194336,2371853
2015-04-15,19.311620712280273,29.56420135498047,29.167314529418945,29.237354278564453,2499454
2015-04-16,19.213960647583008,29.307392120361328,29.073930740356445,29.089494705200195,2350137
2015-04-17,19.172840118408203,29.06614875793457,28.762645721435547,29.027236938476562,2869662
2015-04-20,19.352746963500977,29.525291442871094,29.027236938476562,29.299610137939453,3016024
2015-04-21,19.332189559936523,29.48638153076172,29.182878494262695,29.268482208251953,2832526
2015-04-22,19.285926818847656,29.361867904663086,29.003890991210938,29.198444366455078,3075905
2015-04-23,19.280778884887695,29.42412567138672,29.105058670043945,29.19066047668457,2126547
2015-04-24,19.285926818847656,29.38521385192871,29.089494705200195,29.198444366455078,2189512
2015-04-27,19.198545455932617,29.307392120361328,28.94941520690918,29.06614875793457,2194909
2015-04-28,19.141618728637695,28.87159538269043,28.58365821838379,28.785991668701172,1988794
2015-04-29,18.84148406982422,28.778209686279297,28.264591217041016,28.33462905883789,2726899
2015-04-30,18.706939697265625,28.30350112915039,28.0,28.132295608520508,3066653
2015-05-01,18.91910743713379,28.46692657470703,28.077821731567383,28.45136260986328,2243996
2015-05-04,19.208890914916992,28.980545043945312,28.3735408782959,28.88715934753418,2845119
2015-05-05,19.151968002319336,28.93385124206543,28.677043914794922,28.801555633544922,4622916
2015-05-06,19.250288009643555,28.964981079101562,28.54474639892578,28.94941520690918,4345099
2015-05-07,19.33308982849121,29.229572296142578,28.762645721435547,29.073930740356445,2930443
2015-05-08,19.410701751708984,29.540855407714844,29.167314529418945,29.19066047668457,2377764
2015-05-11,19.33826446533203,29.260700225830078,29.003890991210938,29.08171272277832,2336259
2015-05-12,19.49867820739746,29.36964988708496,28.88715934753418,29.322956085205078,2343969
2015-05-13,19.384836196899414,29.509727478027344,29.089494705200195,29.151750564575195,1796944
2015-05-14,19.628055572509766,29.525291442871094,29.252918243408203,29.51750946044922,2189255
2015-05-15,19.917842864990234,29.976654052734375,29.54863739013672,29.953306198120117,3474640
2015-05-18,19.933368682861328,30.171205520629883,29.735408782958984,29.976654052734375,3743205
2015-05-19,19.93853759765625,30.085603713989258,29.867704391479492,29.98443603515625,3132959
2015-05-20,20.1300106048584,30.30350112915039,29.836576461791992,30.27237319946289,3991595
2015-05-21,20.11965560913086,30.33462905883789,30.124513626098633,30.25680923461914,3939167
2015-05-22,20.104135513305664,30.33462905883789,30.077821731567383,30.233463287353516,2898575
2015-05-26,19.8919677734375,30.381322860717773,29.875486373901367,29.914396286010742,3295768
2015-05-27,20.026512145996094,30.147859573364258,29.883268356323242,30.116731643676758,1750684
2015-05-28,20.026512145996094,30.163423538208008,29.961088180541992,30.116731643676758,2521042
2015-05-29,19.97994041442871,30.186769485473633,29.891050338745117,30.046693801879883,3275080
2015-06-01,20.114482879638672,30.25680923461914,29.992218017578125,30.249027252197266,2834967
2015-06-02,19.747074127197266,30.264591217041016,29.35408592224121,29.69649887084961,5075236
2015-06-03,19.83504295349121,30.077821731567383,29.6264591217041,29.828794479370117,3859883
2015-06-04,19.617706298828125,29.75875473022461,29.447471618652344,29.50194549560547,2169723
2015-06-05,19.364133834838867,29.494163513183594,29.11284065246582,29.120622634887695,5509181
2015-06-08,19.503854751586914,29.45525360107422,28.988327026367188,29.330738067626953,2958970
2015-06-09,19.64357566833496,29.704280853271484,29.284046173095703,29.540855407714844,4307449
2015-06-10,19.679794311523438,29.766536712646484,29.43968963623047,29.5953311920166,8200227
2015-06-11,19.76777458190918,30.054475784301758,29.556419372558594,29.72762680053711,3364259
2015-06-12,19.7211971282959,29.704280853271484,29.447471618652344,29.6575870513916,3186543
2015-06-15,19.684978485107422,29.704280853271484,29.392995834350586,29.603113174438477,4378124
2015-06-16,19.98511505126953,30.202335357666016,29.43968963623047,30.054475784301758,6604258
2015-06-17,20.07826042175293,30.28793716430664,29.922178268432617,30.19455337524414,3882884
2015-06-18,20.24385643005371,30.638132095336914,30.233463287353516,30.443580627441406,5283406
2015-06-19,22.443147659301758,33.945526123046875,32.24124526977539,33.750972747802734,26135358
2015-06-22,22.28272819519043,34.11673355102539,33.416343688964844,33.509727478027344,8876009
2015-06-23,22.45349884033203,33.85213851928711,33.416343688964844,33.766536712646484,5759627
2015-06-24,22.69672203063965,34.365760803222656,33.634239196777344,34.13229751586914,7001323
2015-06-25,22.691539764404297,34.295719146728516,34.124515533447266,34.124515533447266,4162629
2015-06-26,22.769161224365234,34.27237319946289,34.023345947265625,34.24124526977539,6661440
2015-06-29,22.474199295043945,34.16342544555664,33.719844818115234,33.797664642333984,5528456
2015-06-30,22.624265670776367,34.48249053955078,33.08171081542969,34.023345947265625,9382556
2015-07-01,23.079652786254883,34.73929977416992,33.85213851928711,34.70817184448242,7057220
2015-07-02,23.058950424194336,35.03501892089844,34.56031036376953,34.67704391479492,5379139
2015-07-06,23.090002059936523,34.98054504394531,34.326847076416016,34.72373580932617,11868260
2015-07-07,23.54021453857422,35.400779724121094,34.59143829345703,35.400779724121094,6565579
2015-07-08,23.105527877807617,35.29182815551758,34.70038986206055,34.7470817565918,5814111
2015-07-09,23.03825569152832,35.26848220825195,34.614784240722656,34.645912170410156,4025005
2015-07-10,23.19867515563965,35.10505676269531,34.72373580932617,34.88716125488281,3624857
2015-07-13,23.141748428344727,35.1595344543457,34.75486373901367,34.80155563354492,3613549
2015-07-14,23.141748428344727,34.85602951049805,34.51361846923828,34.80155563354492,6618778
2015-07-15,22.991680145263672,34.83268356323242,34.49805450439453,34.57587432861328,4467431
2015-07-16,23.090002059936523,34.96498107910156,34.57587432861328,34.72373580932617,3039282
2015-07-17,22.996843338012695,34.73151779174805,34.45136260986328,34.583656311035156,3048663
2015-07-20,22.919231414794922,34.630348205566406,34.38910675048828,34.46692657470703,3527197
2015-07-21,22.779516220092773,34.56031036376953,34.19455337524414,34.25680923461914,3869006
2015-07-22,22.851966857910156,34.56031036376953,34.04669189453125,34.365760803222656,7454671
2015-07-23,22.769161224365234,34.52918243408203,34.17898941040039,34.24124526977539,2198764
2015-07-24,22.598390579223633,34.33462905883789,33.89105224609375,33.98443603515625,1924673
2015-07-27,22.52594757080078,33.9688720703125,33.719844818115234,33.875484466552734,2851158
2015-07-28,22.869455337524414,34.233463287353516,33.688716888427734,34.19455337524414,3012940
2015-07-29,22.968351364135742,34.443580627441406,34.13229751586914,34.342411041259766,2191054
2015-07-30,23.12967872619629,34.63813018798828,34.054473876953125,34.583656311035156,2706596
2015-07-31,22.931913375854492,34.630348205566406,34.21011734008789,34.28793716430664,2795261
2015-08-03,22.937110900878906,34.38910675048828,34.038909912109375,34.295719146728516,2588504
2015-08-04,22.989164352416992,34.568092346191406,34.21011734008789,34.37354278564453,2778556
2015-08-05,23.291038513183594,35.01945495605469,34.396888732910156,34.82490158081055,3578982
2015-08-06,23.405542373657227,35.04280090332031,34.62256622314453,34.99610900878906,3775201
2015-08-07,23.499229431152344,35.13618850708008,34.614784240722656,35.13618850708008,3440459
2015-08-10,23.415952682495117,35.39299774169922,34.94163513183594,35.01167297363281,3785995
2015-08-11,23.405542373657227,35.05058288574219,34.70817184448242,34.99610900878906,3309518
2015-08-12,23.259807586669922,34.82490158081055,34.311283111572266,34.7782096862793,2329191
2015-08-13,23.12967872619629,34.90272521972656,34.505836486816406,34.583656311035156,2628853
2015-08-14,23.551267623901367,35.29182815551758,34.474708557128906,35.21400833129883,3362588
2015-08-17,23.488811492919922,35.21400833129883,34.8715934753418,35.12062454223633,1439457
2015-08-18,23.337875366210938,35.21400833129883,34.81711959838867,34.89494323730469,1844618
2015-08-19,23.176528930664062,34.90272521972656,34.505836486816406,34.65369415283203,1881882
2015-08-20,22.874658584594727,34.59143829345703,34.124515533447266,34.202335357666016,1971318
2015-08-21,22.375003814697266,34.10894775390625,33.447471618652344,33.45525360107422,4506238
2015-08-24,21.59430694580078,32.342411041259766,31.704280853271484,32.28793716430664,7429870
2015-08-25,20.99576187133789,32.88716125488281,31.377431869506836,31.392995834350586,5870009
2015-08-26,21.75044822692871,32.60700225830078,31.603113174438477,32.521400451660156,4671875
2015-08-27,21.807703018188477,32.83268356323242,32.07781982421875,32.60700225830078,4428624
2015-08-28,21.719213485717773,32.7782096862793,32.24124526977539,32.474708557128906,4781100
2015-08-31,21.69319725036621,32.67704391479492,32.249027252197266,32.43579864501953,3976304
2015-09-01,21.271617889404297,32.202335357666016,31.5953311920166,31.80544662475586,5179578
2015-09-02,21.39131736755371,32.16342544555664,31.735408782958984,31.98443603515625,5205407
2015-09-03,21.71401023864746,32.73929977416992,32.0311279296875,32.46692657470703,7786586
2015-09-04,21.458980560302734,32.264591217041016,31.922178268432617,32.085601806640625,3410519
2015-09-08,21.724422454833984,32.645912170410156,32.085601806640625,32.48249053955078,4247182
2015-09-09,21.406936645507812,32.81711959838867,31.922178268432617,32.007781982421875,2927487
2015-09-10,21.417346954345703,32.35797882080078,31.898832321166992,32.023345947265625,3112913
2015-09-11,21.687990188598633,32.443580627441406,31.836576461791992,32.428016662597656,2673186
2015-09-14,21.516239166259766,32.42023468017578,32.0933837890625,32.171207427978516,2752085
2015-09-15,21.786874771118164,32.614784240722656,32.13229751586914,32.57587432861328,3538633
2015-09-16,22.109573364257812,33.14397048950195,32.49805450439453,33.05836486816406,2946120
2015-09-17,22.250097274780273,33.66537094116211,32.95719909667969,33.26848220825195,2552524
2015-09-18,21.974245071411133,33.37743377685547,32.78599166870117,32.85602951049805,5986815
2015-09-21,22.06793212890625,33.2217903137207,32.66926193237305,32.99610900878906,5043882
2015-09-22,20.506521224975586,32.49805450439453,30.381322860717773,30.661479949951172,16734940
2015-09-23,20.558568954467773,30.988327026367188,30.521400451660156,30.739299774169922,10087893
2015-09-24,21.375709533691406,32.07781982421875,30.51361846923828,31.961088180541992,13868363
2015-09-25,21.6151180267334,32.96498107910156,31.836576461791992,32.31906509399414,6783515
2015-09-28,21.037399291992188,32.22568130493164,31.361867904663086,31.45525360107422,5016640
2015-09-29,20.850034713745117,31.540855407714844,30.84046745300293,31.17509651184082,5980005
2015-09-30,21.08423614501953,31.71206283569336,31.284046173095703,31.525291442871094,4392259
2015-10-01,21.292430877685547,32.0,31.330738067626953,31.836576461791992,5419231
2015-10-02,21.77126121520996,32.583656311035156,31.377431869506836,32.552528381347656,4488891
2015-10-05,22.0471134185791,33.09727478027344,32.599220275878906,32.96498107910156,9592011
2015-10-06,21.812904357910156,33.07392883300781,32.33462905883789,32.614784240722656,4353323
2015-10-07,21.308048248291016,32.72373580932617,31.634241104125977,31.859922409057617,5562765
2015-10-08,21.74003028869629,32.536964416503906,31.618677139282227,32.505836486816406,3699901
2015-10-09,21.734825134277344,32.89494323730469,32.42023468017578,32.49805450439453,3426581
2015-10-12,21.880565643310547,32.73151779174805,32.25680923461914,32.7159538269043,2137983
2015-10-13,21.60471534729004,32.81711959838867,32.28793716430664,32.30350112915039,3157502
2015-10-14,21.193540573120117,32.48249053955078,31.618677139282227,31.688716888427734,2429036
2015-10-15,21.51103401184082,32.19455337524414,31.78988265991211,32.16342544555664,3465131
2015-10-16,21.698400497436523,32.51361846923828,32.17898941040039,32.443580627441406,3968851
2015-10-19,21.646352767944336,32.552528381347656,32.27237319946289,32.365760803222656,2862723
2015-10-20,21.375709533691406,32.45136260986328,31.906614303588867,31.961088180541992,2239884
2015-10-21,21.495412826538086,32.24124526977539,31.859922409057617,32.140079498291016,2899603
2015-10-22,22.062725067138672,33.03501892089844,32.280155181884766,32.98832702636719,4699631
2015-10-23,21.485004425048828,33.13618850708008,32.0311279296875,32.124515533447266,5120597
2015-10-26,21.5318546295166,32.35797882080078,31.992218017578125,32.19455337524414,5041698
2015-10-27,21.08945083618164,32.101165771484375,31.260700225830078,31.53307342529297,3121265
2015-10-28,21.178476333618164,31.797664642333984,31.15953254699707,31.47081756591797,3841250
2015-10-29,21.314638137817383,31.782100677490234,31.284046173095703,31.673152923583984,1963223
2015-10-30,21.236083984375,31.976654052734375,31.45525360107422,31.556419372558594,2562290
2015-11-02,21.42461585998535,32.474708557128906,31.649805068969727,31.836576461791992,4096194
2015-11-03,21.4508056640625,32.007781982421875,31.525291442871094,31.875486373901367,3156346
2015-11-04,21.482227325439453,32.124515533447266,31.844358444213867,31.922178268432617,3151591
2015-11-05,21.60791778564453,32.19455337524414,31.813230514526367,32.10894775390625,2855399
2015-11-06,21.309398651123047,32.0311279296875,31.206226348876953,31.66537094116211,2616260
2015-11-09,21.63933563232422,32.249027252197266,31.525291442871094,32.155643463134766,5975122
2015-11-10,21.550304412841797,32.505836486816406,31.945524215698242,32.023345947265625,3851530
2015-11-11,21.414140701293945,32.186771392822266,31.78988265991211,31.821012496948242,1843975
2015-11-12,20.534326553344727,31.57976722717285,30.49805450439453,30.51361846923828,6140887
2015-11-13,20.34055519104004,30.638132095336914,30.01556396484375,30.22568130493164,5202837
2015-11-16,20.82759666442871,30.964981079101562,30.101167678833008,30.94941520690918,3064854
2015-11-17,20.61288070678711,31.120622634887695,30.54474639892578,30.63035011291504,2453708
2015-11-18,21.435089111328125,32.264591217041016,31.042802810668945,31.852140426635742,8810731
2015-11-19,21.524118423461914,32.10894775390625,31.72762680053711,31.98443603515625,3796018
2015-11-20,21.39319610595703,32.381324768066406,31.72762680053711,31.78988265991211,2872746
2015-11-23,21.78073501586914,32.45136260986328,31.828794479370117,32.365760803222656,3554439
2015-11-24,21.75978660583496,32.45136260986328,31.836576461791992,32.33462905883789,3953431
2015-11-25,21.79120635986328,32.51361846923828,32.24124526977539,32.381324768066406,2025545
2015-11-27,21.812152862548828,32.51361846923828,32.25680923461914,32.412452697753906,1585947
2015-11-30,21.435089111328125,32.412452697753906,31.844358444213867,31.852140426635742,4219169
2015-12-01,21.414140701293945,32.42023468017578,31.74319076538086,31.821012496948242,4110972
2015-12-02,21.372243881225586,31.992218017578125,31.56420135498047,31.75875473022461,2773801
2015-12-03,20.94804573059082,32.264591217041016,30.957197189331055,31.12840461730957,5277367
2015-12-04,21.550304412841797,32.038909912109375,31.206226348876953,32.023345947265625,4000076
2015-12-07,21.351301193237305,32.186771392822266,31.540855407714844,31.72762680053711,2807083
2015-12-08,21.2413272857666,31.587549209594727,31.136186599731445,31.56420135498047,3680754
2015-12-09,21.157527923583984,31.797664642333984,31.105058670043945,31.43968963623047,4432608
2015-12-10,21.115631103515625,31.68093490600586,31.136186599731445,31.377431869506836,2067308
2015-12-11,20.586698532104492,31.089494705200195,30.4046688079834,30.591440200805664,3572686
2015-12-14,20.576221466064453,30.926069259643555,30.326847076416016,30.57587432861328,4944166
2015-12-15,20.743803024291992,31.06614875793457,30.568092346191406,30.82490348815918,4329037
2015-12-16,21.36701011657715,31.976654052734375,31.08171272277832,31.750972747802734,5350355
2015-12-17,21.27798080444336,31.992218017578125,31.338520050048828,31.618677139282227,3115611
2015-12-18,21.25703239440918,31.961088180541992,31.338520050048828,31.587549209594727,8156794
2015-12-21,21.466510772705078,32.14786148071289,31.61089515686035,31.898832321166992,5799334
2015-12-22,21.696943283081055,32.56031036376953,31.883268356323242,32.24124526977539,6855347
2015-12-23,22.21540641784668,33.19844436645508,32.202335357666016,33.01167297363281,5259891
2015-12-24,22.06352996826172,33.05836486816406,32.7159538269043,32.78599166870117,1932126
2015-12-28,22.18922233581543,32.98832702636719,32.630348205566406,32.97276306152344,2662006
2015-12-29,22.362041473388672,33.37743377685547,32.98832702636719,33.22957229614258,2230760
2015-12-30,22.304439544677734,33.39299774169922,33.01945495605469,33.14397048950195,2596857
2015-12-31,22.07924461364746,33.1595344543457,32.490272521972656,32.8093376159668,2515388
2016-01-04,21.75454330444336,32.630348205566406,31.945524215698242,32.326847076416016,5454697
2016-01-05,21.770263671875,32.568092346191406,32.21011734008789,32.350196838378906,4269284
2016-01-06,21.885475158691406,32.75486373901367,31.914396286010742,32.521400451660156,8197914
2016-01-07,21.13658332824707,32.381324768066406,31.260700225830078,31.408559799194336,6702817
2016-01-08,21.2413272857666,31.77431869506836,31.198444366455078,31.56420135498047,9954638
2016-01-11,21.04755401611328,31.77431869506836,30.972763061523438,31.276264190673828,4402282
2016-01-12,21.309398651123047,31.735408782958984,31.299610137939453,31.66537094116211,3469757
2016-01-13,20.701908111572266,31.836576461791992,30.723735809326172,30.762645721435547,3029902
2016-01-14,20.96375846862793,31.330738067626953,30.59922218322754,31.151750564575195,3868107
2016-01-15,20.445297241210938,30.638132095336914,29.883268356323242,30.381322860717773,5267858
2016-01-19,20.356264114379883,30.669261932373047,30.132295608520508,30.249027252197266,5831844
2016-01-20,20.267230987548828,30.280155181884766,29.54863739013672,30.116731643676758,4771719
2016-01-21,20.555269241333008,30.677043914794922,30.101167678833008,30.54474639892578,4850490
2016-01-22,21.07897186279297,31.38521385192871,30.661479949951172,31.322956085205078,4186016
2016-01-25,20.46623992919922,31.12840461730957,30.28793716430664,30.412450790405273,5308721
2016-01-26,20.686201095581055,30.996109008789062,30.3735408782959,30.739299774169922,2710322
2016-01-27,20.73363494873047,31.167314529418945,30.33462905883789,30.61478614807129,3136942
2016-01-28,21.139450073242188,31.53307342529297,30.552528381347656,31.214008331298828,3524627
2016-01-29,21.94581413269043,32.536964416503906,31.56420135498047,32.40467071533203,7057606
2016-02-01,22.125011444091797,32.79377365112305,32.186771392822266,32.66926193237305,4766579
2016-02-02,21.561079025268555,32.381324768066406,31.78988265991211,31.836576461791992,3682425
2016-02-03,21.677026748657227,32.085601806640625,31.408559799194336,32.007781982421875,3740507
2016-02-04,21.0972900390625,31.961088180541992,30.980545043945312,31.151750564575195,4619318
2016-02-05,20.75998306274414,31.51750946044922,30.536964416503906,30.653696060180664,3926703
2016-02-08,20.622953414916992,30.59922218322754,29.75875473022461,30.45136260986328,4846506
2016-02-09,20.923368453979492,31.12840461730957,30.101167678833008,30.894941329956055,4952262
2016-02-10,21.20796775817871,31.618677139282227,30.817121505737305,31.315174102783203,3667904
2016-02-11,21.218505859375,31.51750946044922,30.739299774169922,31.330738067626953,3697202
2016-02-12,21.924741744995117,32.46692657470703,31.9688720703125,32.37354278564453,5035273
2016-02-16,22.01432991027832,32.66926193237305,32.054473876953125,32.505836486816406,4137314
2016-02-17,21.977441787719727,32.79377365112305,32.45136260986328,32.45136260986328,3380064
2016-02-18,22.00905990600586,32.6848258972168,32.217899322509766,32.49805450439453,2183087
2016-02-19,22.051218032836914,32.614784240722656,32.0311279296875,32.56031036376953,2837023
2016-02-22,22.088115692138672,32.80155563354492,32.412452697753906,32.614784240722656,3118438
2016-02-23,22.093385696411133,32.75486373901367,32.490272521972656,32.62256622314453,1976201
2016-02-24,22.125011444091797,32.70038986206055,32.11673355102539,32.66926193237305,2195294
2016-02-25,22.388532638549805,33.07392883300781,32.63813018798828,33.05836486816406,3502782
2016-02-26,22.177719116210938,33.48638153076172,32.69260787963867,32.7470817565918,2192210
2016-02-29,22.167171478271484,33.03501892089844,32.6848258972168,32.73151779174805,3751557
2016-03-01,22.404338836669922,33.17509841918945,32.7470817565918,33.08171081542969,3001632
2016-03-02,22.536096572875977,33.32295608520508,32.7782096862793,33.27626419067383,2535177
2016-03-03,22.710025787353516,33.54863739013672,33.03501892089844,33.53307342529297,2811066
2016-03-04,22.820695877075195,33.844356536865234,33.48638153076172,33.69649887084961,3031315
2016-03-07,22.578256607055664,33.59532928466797,33.1906623840332,33.33852005004883,3504709
2016-03-08,22.546634674072266,33.509727478027344,33.11283874511719,33.29182815551758,2447668
2016-03-09,22.794342041015625,33.688716888427734,33.29961013793945,33.657588958740234,2434947
2016-03-10,22.87340545654297,33.976654052734375,33.571983337402344,33.77431869506836,3162514
2016-03-11,23.115840911865234,34.155643463134766,33.766536712646484,34.13229751586914,2682181
2016-03-14,23.068401336669922,34.171207427978516,33.85213851928711,34.062255859375,2352450
2016-03-15,23.237049102783203,34.45136260986328,33.844356536865234,34.311283111572266,3603269
2016-03-16,23.142192840576172,34.249027252197266,33.74319076538086,34.171207427978516,3402552
2016-03-17,23.015701293945312,34.350196838378906,33.9066162109375,33.98443603515625,3365287
2016-03-18,22.799617767333984,34.062255859375,33.48638153076172,33.66537094116211,7519948
2016-03-21,22.736373901367188,33.85213851928711,33.416343688964844,33.571983337402344,2646458
2016-03-22,22.630956649780273,33.56420135498047,33.23735427856445,33.416343688964844,3685252
2016-03-23,22.825969696044922,33.72762680053711,33.15175247192383,33.704280853271484,4455738
2016-03-24,23.226520538330078,34.51361846923828,33.766536712646484,34.295719146728516,6158491
2016-03-28,23.337196350097656,34.57587432861328,34.085601806640625,34.459144592285156,3666491
2016-03-29,23.42151641845703,34.75486373901367,34.40467071533203,34.583656311035156,2936482
2016-03-30,23.690305709838867,35.18288040161133,34.599220275878906,34.98054504394531,3488133
2016-03-31,23.516387939453125,35.04280090332031,34.630348205566406,34.72373580932617,3976432
2016-04-01,24.11720848083496,35.673152923583984,34.40467071533203,35.61089324951172,5049408
2016-04-04,23.932737350463867,35.369651794433594,34.81711959838867,35.33852005004883,4221996
2016-04-05,23.764087677001953,35.385215759277344,34.95719909667969,35.08949279785156,3246681
2016-04-06,23.94329071044922,35.400779724121094,34.98832702636719,35.354087829589844,4194626
2016-04-07,24.2911319732666,36.295719146728516,35.04280090332031,35.86770248413086,6278510
2016-04-08,24.317487716674805,36.155643463134766,35.64202117919922,35.9066162109375,3838295
2016-04-11,24.080310821533203,36.04669189453125,35.53307342529297,35.556419372558594,3138484
2016-04-12,24.407073974609375,36.140079498291016,35.540855407714844,36.038909912109375,3986327
2016-04-13,24.090852737426758,36.186771392822266,35.385215759277344,35.571983337402344,4352038
2016-04-14,23.8378849029541,35.766536712646484,35.16731643676758,35.19844436645508,3832898
2016-04-15,24.05396270751953,35.634239196777344,35.20622634887695,35.51750946044922,3997121
2016-04-18,24.059232711791992,35.603111267089844,35.29961013793945,35.525291442871094,3241284
2016-04-19,23.86949920654297,35.657588958740234,35.2217903137207,35.24513626098633,4224952
2016-04-20,23.922208786010742,35.53307342529297,34.90272521972656,35.32295608520508,4765423
2016-04-21,23.426786422729492,35.32295608520508,34.46692657470703,34.59143829345703,4668791
2016-04-22,23.49530792236328,34.76264572143555,34.22568130493164,34.69260787963867,2708266
2016-04-25,23.479488372802734,34.82490158081055,34.42023468017578,34.66926193237305,2557150
2016-04-26,23.505849838256836,35.06614685058594,34.614784240722656,34.70817184448242,3301936
2016-04-27,23.7867431640625,35.03501892089844,34.459144592285156,34.92607116699219,2837537
2016-04-28,23.68604850769043,34.98832702636719,34.614784240722656,34.7782096862793,2733709
2016-04-29,23.617149353027344,34.88716125488281,34.428016662597656,34.67704391479492,2381876
2016-05-02,23.79734992980957,35.24513626098633,34.69260787963867,34.94163513183594,2686678
2016-05-03,23.495243072509766,34.83268356323242,34.365760803222656,34.49805450439453,2603153
2016-05-04,23.733747482299805,35.01945495605469,34.311283111572266,34.84824752807617,2455635
2016-05-05,23.7867431640625,35.09727478027344,34.63813018798828,34.92607116699219,2159314
2016-05-06,23.845056533813477,35.06614685058594,34.295719146728516,35.01167297363281,2009483
2016-05-09,24.210758209228516,35.66537094116211,35.03501892089844,35.54863739013672,2967194
2016-05-10,24.560556411743164,36.070037841796875,35.48638153076172,36.062255859375,3307205
2016-05-11,24.290260314941406,36.19455337524414,35.571983337402344,35.66537094116211,2257488
2016-05-12,24.6082706451416,36.295719146728516,35.813228607177734,36.13229751586914,2561648
2016-05-13,24.31675910949707,36.171207427978516,35.45525360107422,35.704280853271484,2333560
2016-05-16,24.22136116027832,35.750972747802734,35.47081756591797,35.56420135498047,2695416
2016-05-17,23.67544937133789,35.53307342529297,34.56031036376953,34.76264572143555,3538376
2016-05-18,23.701950073242188,34.97276306152344,34.202335357666016,34.80155563354492,3204919
2016-05-19,23.701950073242188,34.84824752807617,34.412452697753906,34.80155563354492,1940992
2016-05-20,23.521747589111328,34.95719909667969,34.396888732910156,34.536964416503906,2916179
2016-05-23,23.500539779663086,34.73929977416992,34.381324768066406,34.505836486816406,3054702
2016-05-24,23.633052825927734,34.77042770385742,34.428016662597656,34.70038986206055,3674715
2016-05-25,23.701950073242188,34.90272521972656,34.63813018798828,34.80155563354492,1953328
2016-05-26,24.08885383605957,35.40856170654297,34.81711959838867,35.369651794433594,2693103
2016-05-27,24.004051208496094,35.525291442871094,35.10505676269531,35.24513626098633,1677054
2016-05-31,24.22136116027832,36.0311279296875,35.478599548339844,35.56420135498047,6052864
2016-06-01,24.22136116027832,35.72762680053711,35.26070022583008,35.56420135498047,3341514
2016-06-02,24.475757598876953,35.961090087890625,35.43968963623047,35.937744140625,3112270
2016-06-03,24.650667190551758,36.40467071533203,35.80544662475586,36.19455337524414,3505609
2016-06-06,24.539363861083984,36.30350112915039,35.89105224609375,36.0311279296875,2528752
2016-06-07,24.73016929626465,36.42023468017578,36.023345947265625,36.311283111572266,3138998
2016-06-08,24.772565841674805,36.521400451660156,36.19455337524414,36.37354278564453,2563061
2016-06-09,24.989870071411133,36.70817184448242,36.249027252197266,36.69260787963867,2441629
2016-06-10,24.883869171142578,36.73929977416992,36.350196838378906,36.536964416503906,1718688
2016-06-13,24.62946128845215,36.70817184448242,36.10894775390625,36.16342544555664,2641189
2016-06-14,24.708967208862305,36.342411041259766,35.85213851928711,36.280155181884766,2426980
2016-06-15,24.640066146850586,36.412452697753906,36.085601806640625,36.17898941040039,2478894
2016-06-16,24.93155860900879,36.630348205566406,36.070037841796875,36.60700225830078,2756968
2016-06-17,24.841466903686523,36.568092346191406,36.0933837890625,36.474708557128906,4638208
2016-06-20,24.952768325805664,37.05058288574219,36.630348205566406,36.63813018798828,3021421
2016-06-21,25.154172897338867,37.01945495605469,36.73151779174805,36.93385314941406,2832783
2016-06-22,25.12236785888672,37.23735427856445,36.75486373901367,36.88716125488281,3499184
2016-06-23,25.392671585083008,37.30739212036133,36.89494323730469,37.2840461730957,4410763
2016-06-24,24.883869171142578,36.93385314941406,36.30350112915039,36.536964416503906,10813404
2016-06-27,24.8891658782959,36.65369415283203,36.101165771484375,36.54474639892578,5703216
2016-06-28,24.96337127685547,36.80155563354492,36.350196838378906,36.65369415283203,4279179
2016-06-29,25.228374481201172,37.04280090332031,36.342411041259766,37.04280090332031,8824609
2016-06-30,25.339679718017578,37.400779724121094,35.875484466552734,37.20622634887695,7637140
2016-07-01,25.647077560424805,37.98443603515625,37.21400833129883,37.657588958740234,5119183
2016-07-05,25.297273635864258,37.649803161621094,37.13618850708008,37.14397048950195,5318101
2016-07-06,25.175371170043945,37.16731643676758,36.94163513183594,36.96498107910156,6102337
2016-07-07,25.297273635864258,37.56420135498047,37.08171081542969,37.14397048950195,5234833
2016-07-08,25.599380493164062,37.62645721435547,37.26070022583008,37.587547302246094,3939296
2016-07-11,25.498672485351562,37.57976531982422,37.33073806762695,37.43968963623047,3944950
2016-07-12,25.29197120666504,37.51750946044922,37.08949279785156,37.13618850708008,2802585
2016-07-13,25.535776138305664,37.525291442871094,36.97276306152344,37.494163513183594,2628596
2016-07-14,25.49338150024414,37.634239196777344,37.369651794433594,37.431907653808594,2290898
2016-07-15,25.429780960083008,37.57976531982422,37.22957229614258,37.33852005004883,3077832
2016-07-18,25.47218132019043,37.54863739013672,37.32295608520508,37.400779724121094,2056771
2016-07-19,25.318466186523438,37.416343688964844,37.05836486816406,37.17509841918945,3534907
2016-07-20,25.14356231689453,37.2529182434082,36.88716125488281,36.91828918457031,3506765
2016-07-21,24.91036605834961,36.96498107910156,36.490272521972656,36.57587432861328,2324051
2016-07-22,25.079965591430664,36.8715934753418,36.536964416503906,36.82490158081055,3044422
2016-07-25,25.106462478637695,36.92607116699219,36.72373580932617,36.86381149291992,1982626
2016-07-26,24.7248592376709,37.04280090332031,36.280155181884766,36.30350112915039,3114840
2016-07-27,24.50105857849121,36.217899322509766,35.75875473022461,35.782100677490234,5201809
2016-07-28,24.730195999145508,36.19455337524414,35.64202117919922,36.11673355102539,3720718
2016-07-29,24.91670036315918,36.60700225830078,36.054473876953125,36.38910675048828,3049048
2016-08-01,24.996623992919922,36.583656311035156,36.280155181884766,36.505836486816406,3261587
2016-08-02,24.90604019165039,36.7782096862793,36.30350112915039,36.37354278564453,4001104
2016-08-03,25.01261329650879,36.66926193237305,36.19455337524414,36.52918243408203,4675473
2016-08-04,24.943344116210938,36.76264572143555,36.326847076416016,36.428016662597656,2148906
2016-08-05,24.676898956298828,36.69260787963867,36.01556396484375,36.038909912109375,4489533
2016-08-08,24.858076095581055,36.45136260986328,36.062255859375,36.30350112915039,2900888
2016-08-09,24.86341094970703,36.365760803222656,36.023345947265625,36.311283111572266,2282160
2016-08-10,24.703542709350586,36.37354278564453,36.01556396484375,36.07781982421875,2844348
2016-08-11,24.591644287109375,36.21011734008789,35.85213851928711,35.914398193359375,2922476
2016-08-12,24.82077407836914,36.295719146728516,35.85213851928711,36.249027252197266,2572185
2016-08-15,24.66091537475586,36.249027252197266,36.007781982421875,36.01556396484375,1686948
2016-08-16,24.4051456451416,35.86770248413086,35.634239196777344,35.64202117919922,2038524
2016-08-17,24.676898956298828,36.04669189453125,35.431907653808594,36.038909912109375,4324539
2016-08-18,24.969987869262695,36.521400451660156,35.83657455444336,36.46692657470703,2659565
2016-08-19,25.01261329650879,36.568092346191406,36.19455337524414,36.52918243408203,2018221
2016-08-22,25.07122802734375,36.69260787963867,36.342411041259766,36.614784240722656,2022204
2016-08-23,24.64493179321289,36.614784240722656,35.929962158203125,35.992218017578125,3205433
2016-08-24,24.634279251098633,36.0933837890625,35.78988265991211,35.976654052734375,3591704
2016-08-25,24.549015045166016,36.124515533447266,35.82101058959961,35.85213851928711,1924416
2016-08-26,24.533023834228516,36.24124526977539,35.74319076538086,35.828792572021484,2074632
2016-08-29,24.815452575683594,36.31906509399414,35.914398193359375,36.24124526977539,1841148
2016-08-30,24.687562942504883,36.19455337524414,35.9066162109375,36.054473876953125,3398568
2016-08-31,24.836759567260742,36.350196838378906,35.9066162109375,36.27237319946289,3353979
2016-09-01,24.52237319946289,36.264591217041016,35.618675231933594,35.813228607177734,3234988
2016-09-02,24.85274887084961,36.396888732910156,35.898834228515625,36.295719146728516,2012053
2016-09-06,24.730195999145508,36.342411041259766,35.937744140625,36.11673355102539,2068593
2016-09-07,24.42645835876465,36.10894775390625,35.571983337402344,35.673152923583984,2484162
2016-09-08,23.914907455444336,35.509727478027344,34.91828918457031,34.92607116699219,5670448
2016-09-09,23.083646774291992,34.65369415283203,33.71206283569336,33.71206283569336,6298171
2016-09-12,23.69110679626465,34.66926193237305,33.72762680053711,34.599220275878906,4817851
2016-09-13,23.440662384033203,34.568092346191406,34.171207427978516,34.233463287353516,2751185
2016-09-14,23.350072860717773,34.295719146728516,33.992218017578125,34.101165771484375,2577710
2016-09-15,23.264816284179688,34.13229751586914,33.782100677490234,33.976654052734375,2795903
2016-09-16,23.04633903503418,33.92218017578125,33.51750946044922,33.657588958740234,6293673
2016-09-19,23.019699096679688,33.77431869506836,33.463035583496094,33.618675231933594,3827244
2016-09-20,22.753273010253906,33.80544662475586,33.19844436645508,33.22957229614258,7259993
2016-09-21,23.04633903503418,33.71206283569336,33.08171081542969,33.657588958740234,4520759
2016-09-22,23.227527618408203,34.007781982421875,33.688716888427734,33.92218017578125,3921691
2016-09-23,23.20620346069336,34.054473876953125,33.735408782958984,33.89105224609375,4447128
2016-09-26,22.9344482421875,33.88326644897461,33.478599548339844,33.494163513183594,4267357
2016-09-27,23.041011810302734,33.875484466552734,33.509727478027344,33.649803161621094,3615476
2016-09-28,22.982398986816406,33.688716888427734,33.400779724121094,33.56420135498047,3676514
2016-09-29,24.64493179321289,36.350196838378906,34.96498107910156,35.992218017578125,13067422
2016-09-30,25.103191375732422,36.85602951049805,36.186771392822266,36.66147994995117,7648063
2016-10-03,25.327003479003906,37.27626419067383,36.428016662597656,36.98832702636719,5708998
2016-10-04,25.30569076538086,37.26848220825195,36.8404655456543,36.95719909667969,5136402
2016-10-05,25.124509811401367,37.08171081542969,36.66926193237305,36.69260787963867,5188316
2016-10-06,25.108524322509766,36.77042770385742,36.474708557128906,36.66926193237305,2985955
2016-10-07,24.954002380371094,36.7470817565918,36.27237319946289,36.443580627441406,3765435
2016-10-10,25.247074127197266,36.95719909667969,36.57587432861328,36.8715934753418,2361573
2016-10-11,25.033920288085938,36.96498107910156,36.46692657470703,36.56031036376953,2972334
2016-10-12,25.161815643310547,36.86381149291992,36.59143829345703,36.7470817565918,2845761
2016-10-13,25.001956939697266,36.614784240722656,36.17898941040039,36.51361846923828,2495856
2016-10-14,25.337657928466797,37.19844436645508,36.81711959838867,37.00389099121094,4151835
2016-10-17,25.31101417541504,37.08171081542969,36.90272521972656,36.96498107910156,2524768
2016-10-18,25.77993392944336,37.98443603515625,37.07392883300781,37.649803161621094,5399699
2016-10-19,25.49751091003418,37.813228607177734,36.91828918457031,37.23735427856445,4683054
2016-10-20,25.30035400390625,37.2529182434082,36.7470817565918,36.94941711425781,3549042
2016-10-21,25.58277130126953,37.80544662475586,36.57587432861328,37.36186981201172,6091671
2016-10-24,25.41225814819336,37.57976531982422,37.07392883300781,37.11283874511719,2519757
2016-10-25,25.4921932220459,37.385215759277344,37.10505676269531,37.22957229614258,2176533
2016-10-26,25.60409164428711,37.447471618652344,37.12062454223633,37.39299774169922,2838180
2016-10-27,25.42197036743164,37.2529182434082,36.90272521972656,36.93385314941406,2255175
2016-10-28,25.759437561035156,37.54863739013672,36.93385314941406,37.42412567138672,3031958
2016-10-31,25.80763053894043,37.68093490600586,37.34630584716797,37.494163513183594,2884697
2016-11-01,25.491607666015625,37.51750946044922,36.91828918457031,37.03501892089844,3213657
2016-11-02,25.513025283813477,37.2529182434082,36.88716125488281,37.06614685058594,2849231
2016-11-03,25.218416213989258,37.26070022583008,36.552528381347656,36.63813018798828,3014610
2016-11-04,24.93987464904785,36.81711959838867,36.22568130493164,36.233463287353516,2323023
2016-11-07,25.743356704711914,37.416343688964844,36.57587432861328,37.400779724121094,3398183
2016-11-08,26.075462341308594,38.023345947265625,37.29961013793945,37.88326644897461,5281479
2016-11-09,25.62550926208496,37.30739212036133,36.365760803222656,37.22957229614258,3905243
2016-11-10,23.609058380126953,37.369998931884766,33.72999954223633,34.29999923706055,12061900
2016-11-11,24.042695999145508,35.06999969482422,33.61000061035156,34.93000030517578,9027900
2016-11-14,24.428150177001953,35.790000915527344,34.81999969482422,35.4900016784668,7192000
2016-11-15,24.655292510986328,36.0,35.47999954223633,35.81999969482422,4426100
2016-11-16,24.965036392211914,36.369998931884766,35.86000061035156,36.27000045776367,4167700
2016-11-17,25.137109756469727,36.560001373291016,35.93000030517578,36.52000045776367,3200200
2016-11-18,25.329835891723633,36.81999969482422,36.36000061035156,36.79999923706055,5240400
2016-11-21,25.495033264160156,37.189998626708984,36.619998931884766,37.040000915527344,4294200
2016-11-22,25.84606170654297,37.66999816894531,37.150001525878906,37.54999923706055,3594300
2016-11-23,25.584518432617188,37.68000030517578,37.06999969482422,37.16999816894531,3240500
2016-11-25,25.95620346069336,37.720001220703125,37.209999084472656,37.709999084472656,1466100
2016-11-28,25.921785354614258,37.939998626708984,37.459999084472656,37.65999984741211,2547000
2016-11-29,25.96308135986328,37.95000076293945,37.560001373291016,37.720001220703125,3840200
2016-11-30,25.254121780395508,37.56999969482422,36.65999984741211,36.689998626708984,4139500
2016-12-01,25.102691650390625,36.61000061035156,35.959999084472656,36.470001220703125,3842100
2016-12-02,25.39179229736328,37.130001068115234,36.59000015258789,36.88999938964844,2923900
2016-12-05,25.570743560791016,37.279998779296875,36.810001373291016,37.150001525878906,2891900
2016-12-06,25.894248962402344,37.66999816894531,37.04999923706055,37.619998931884766,3352800
2016-12-07,26.011262893676758,38.0099983215332,37.4900016784668,37.790000915527344,3669300
2016-12-08,25.935556411743164,38.0,37.56999969482422,37.68000030517578,2318800
2016-12-09,26.45867347717285,38.54999923706055,37.439998626708984,38.439998626708984,4500200
2016-12-12,26.58256721496582,38.7400016784668,38.130001068115234,38.619998931884766,2264700
2016-12-13,26.438016891479492,38.93000030517578,38.349998474121094,38.40999984741211,2897000
2016-12-14,25.976848602294922,38.63999938964844,37.58000183105469,37.7400016784668,4613600
2016-12-15,26.444904327392578,38.52000045776367,37.66999816894531,38.41999816894531,4397600
2016-12-16,26.438016891479492,38.83000183105469,38.25,38.40999984741211,4293400
2016-12-19,26.40359878540039,38.84000015258789,38.25,38.36000061035156,3402300
2016-12-20,26.314123153686523,38.349998474121094,37.720001220703125,38.22999954223633,2736700
2016-12-21,26.155811309814453,38.40999984741211,37.93000030517578,38.0,3789300
2016-12-22,27.043729782104492,39.43000030517578,38.2400016784668,39.290000915527344,5734700
2016-12-23,27.37411880493164,39.869998931884766,39.209999084472656,39.77000045776367,2925000
2016-12-27,27.429187774658203,39.970001220703125,39.689998626708984,39.849998474121094,1600900
2016-12-28,27.215803146362305,39.93000030517578,38.7400016784668,39.540000915527344,1998700
2016-12-29,27.38100242614746,39.959999084472656,39.650001525878906,39.779998779296875,2385100
2016-12-30,27.222688674926758,39.849998474121094,39.47999954223633,39.54999923706055,2521300
2017-01-03,27.36723518371582,39.90999984741211,39.400001525878906,39.7599983215332,2608100
2017-01-04,26.90607452392578,39.880001068115234,38.88999938964844,39.09000015258789,4066000
2017-01-05,26.809709548950195,39.439998626708984,38.880001068115234,38.95000076293945,4367000
2017-01-06,26.665159225463867,38.9900016784668,38.72999954223633,38.7400016784668,3341100
2017-01-09,26.45867347717285,38.779998779296875,38.380001068115234,38.439998626708984,3046600
2017-01-10,26.355409622192383,38.56999969482422,38.15999984741211,38.290000915527344,2541000
2017-01-11,26.59632682800293,38.72999954223633,38.27000045776367,38.63999938964844,2568500
2017-01-12,26.506853103637695,38.869998931884766,38.310001373291016,38.5099983215332,2431200
2017-01-13,26.506853103637695,38.810001373291016,38.38999938964844,38.5099983215332,2237000
2017-01-17,26.5756778717041,38.66999816894531,38.34000015258789,38.61000061035156,3085700
2017-01-18,26.651395797729492,39.0099983215332,38.54999923706055,38.720001220703125,2607500
2017-01-19,26.630739212036133,38.86000061035156,38.59000015258789,38.689998626708984,2670600
2017-01-20,26.933605194091797,39.27000045776367,38.75,39.130001068115234,3572900
2017-01-23,26.76840591430664,39.27000045776367,38.79999923706055,38.88999938964844,4011300
2017-01-24,26.98866081237793,39.29999923706055,38.79999923706055,39.209999084472656,2190000
2017-01-25,26.99555015563965,39.63999938964844,39.18000030517578,39.220001220703125,2873800
2017-01-26,26.947126388549805,39.209999084472656,38.84000015258789,38.95000076293945,2147000
2017-01-27,26.97479248046875,39.119998931884766,38.77000045776367,38.9900016784668,1746600
2017-01-30,26.995548248291016,39.09000015258789,38.7599983215332,39.02000045776367,2104300
2017-01-31,27.043977737426758,39.150001525878906,38.720001220703125,39.09000015258789,2659400
2017-02-01,26.94019889831543,39.13999938964844,38.77000045776367,38.939998626708984,2922200
2017-02-02,27.147748947143555,39.439998626708984,39.0,39.2400016784668,2166200
2017-02-03,27.237689971923828,39.540000915527344,39.16999816894531,39.369998931884766,1757700
2017-02-06,27.140832901000977,39.470001220703125,39.130001068115234,39.22999954223633,2448700
2017-02-07,27.35530662536621,39.56999969482422,39.15999984741211,39.540000915527344,2892500
2017-02-08,27.34147071838379,39.61000061035156,39.2599983215332,39.52000045776367,2615700
2017-02-09,27.48674964904785,40.0,39.43000030517578,39.72999954223633,4269600
2017-02-10,27.562854766845703,39.9900016784668,39.27000045776367,39.84000015258789,1676200
2017-02-13,27.507511138916016,39.93000030517578,39.540000915527344,39.7599983215332,2259400
2017-02-14,27.528270721435547,39.900001525878906,39.52000045776367,39.790000915527344,1828400
2017-02-15,27.632036209106445,40.130001068115234,39.54999923706055,39.939998626708984,4632800
2017-02-16,27.6251277923584,40.290000915527344,39.7400016784668,39.93000030517578,2716600
2017-02-17,27.40373420715332,39.77000045776367,39.22999954223633,39.61000061035156,4081400
2017-02-21,27.811908721923828,40.5099983215332,39.650001525878906,40.20000076293945,5347400
2017-02-22,28.00562858581543,40.779998779296875,40.04999923706055,40.47999954223633,2689200
2017-02-23,28.01947593688965,40.7400016784668,40.36000061035156,40.5,2809700
2017-02-24,28.47608184814453,41.189998626708984,40.45000076293945,41.15999984741211,3342800
2017-02-27,28.28927993774414,41.029998779296875,40.79999923706055,40.88999938964844,3452000
2017-02-28,28.51068115234375,41.38999938964844,40.900001525878906,41.209999084472656,4935600
2017-03-01,28.51068115234375,41.68000030517578,41.18000030517578,41.209999084472656,3913000
2017-03-02,28.413814544677734,41.27000045776367,40.849998474121094,41.06999969482422,4585600
2017-03-03,28.469161987304688,41.20000076293945,40.93000030517578,41.150001525878906,2872000
2017-03-06,28.53835105895996,41.310001373291016,40.849998474121094,41.25,2271400
2017-03-07,28.192432403564453,41.310001373291016,40.720001220703125,40.75,3952500
2017-03-08,27.888029098510742,40.900001525878906,40.22999954223633,40.310001373291016,5106300
2017-03-09,28.067895889282227,40.689998626708984,40.20000076293945,40.56999969482422,4586700
2017-03-10,28.30312156677246,41.09000015258789,40.779998779296875,40.90999984741211,3101600
2017-03-13,28.37923240661621,41.040000915527344,40.779998779296875,41.02000045776367,2084600
2017-03-14,28.53141975402832,41.290000915527344,40.97999954223633,41.2400016784668,2189100
2017-03-15,28.711305618286133,41.650001525878906,40.90999984741211,41.5,3479400
2017-03-16,28.69748306274414,41.540000915527344,41.2599983215332,41.47999954223633,2645600
2017-03-17,28.655960083007812,41.630001068115234,41.34000015258789,41.41999816894531,3963900
2017-03-20,28.240861892700195,41.41999816894531,40.81999969482422,40.81999969482422,3835200
2017-03-21,28.220108032226562,41.09000015258789,40.22999954223633,40.790000915527344,5235400
2017-03-22,28.00562858581543,40.95000076293945,40.31999969482422,40.47999954223633,4049500
2017-03-23,27.915679931640625,41.290000915527344,40.31999969482422,40.349998474121094,4566300
2017-03-24,27.998714447021484,40.849998474121094,40.29999923706055,40.470001220703125,3503200
2017-03-27,27.77041244506836,40.560001373291016,40.040000915527344,40.13999938964844,3891200
2017-03-28,27.811908721923828,40.400001525878906,40.0099983215332,40.20000076293945,3278700
2017-03-29,28.081727981567383,40.72999954223633,40.16999816894531,40.59000015258789,3622300
2017-03-30,27.867263793945312,40.59000015258789,40.220001220703125,40.279998779296875,2237200
2017-03-31,27.908782958984375,40.61000061035156,40.33000183105469,40.34000015258789,2392000
2017-04-03,27.915679931640625,40.650001525878906,40.310001373291016,40.349998474121094,2276200
2017-04-04,27.82576560974121,40.43000030517578,40.08000183105469,40.220001220703125,2000600
2017-04-05,27.950288772583008,40.70000076293945,40.130001068115234,40.400001525878906,2316500
2017-04-06,28.00562858581543,40.63999938964844,40.25,40.47999954223633,2410700
2017-04-07,28.01254653930664,40.58000183105469,40.349998474121094,40.4900016784668,2446000
2017-04-10,28.067895889282227,40.689998626708984,40.40999984741211,40.56999969482422,2763400
2017-04-11,28.01947593688965,40.58000183105469,40.36000061035156,40.5,2162900
2017-04-12,28.102489471435547,40.709999084472656,40.310001373291016,40.619998931884766,2703600
2017-04-13,27.894935607910156,40.63999938964844,40.31999969482422,40.31999969482422,2400000
2017-04-17,27.99179458618164,40.470001220703125,40.22999954223633,40.459999084472656,1742300
2017-04-18,28.220108032226562,41.02000045776367,40.43000030517578,40.790000915527344,2371900
2017-04-19,28.00562858581543,40.91999816894531,40.40999984741211,40.47999954223633,1896100
2017-04-20,28.171676635742188,40.88999938964844,40.400001525878906,40.720001220703125,2347100
2017-04-21,28.130168914794922,40.93000030517578,40.65999984741211,40.65999984741211,3629600
2017-04-24,28.31696128845215,41.040000915527344,40.79999923706055,40.93000030517578,1925400
2017-04-25,27.21002197265625,40.15999984741211,39.220001220703125,39.33000183105469,5297400
2017-04-26,27.1265811920166,39.220001220703125,38.72999954223633,39.0099983215332,4340400
2017-04-27,26.98749542236328,39.18000030517578,38.7599983215332,38.810001373291016,1912100
2017-04-28,26.96663475036621,38.939998626708984,38.63999938964844,38.779998779296875,2609900
2017-05-01,26.625904083251953,38.880001068115234,38.290000915527344,38.290000915527344,3168000
2017-05-02,26.389480590820312,38.369998931884766,37.849998474121094,37.95000076293945,3052700
2017-05-03,26.257356643676758,38.060001373291016,37.630001068115234,37.7599983215332,2796300
2017-05-04,26.21563148498535,38.150001525878906,37.61000061035156,37.70000076293945,4432000
2017-05-05,26.243446350097656,37.86000061035156,37.650001525878906,37.7400016784668,2065100
2017-05-08,26.180862426757812,37.779998779296875,37.56999969482422,37.650001525878906,2357200
2017-05-09,25.930530548095703,37.790000915527344,37.20000076293945,37.290000915527344,3116700
2017-05-10,26.14609718322754,37.61000061035156,37.2400016784668,37.599998474121094,3087500
2017-05-11,26.069602966308594,37.58000183105469,37.25,37.4900016784668,1911100
2017-05-12,26.048748016357422,37.56999969482422,37.27000045776367,37.459999084472656,1827700
2017-05-15,26.319936752319336,37.88999938964844,37.400001525878906,37.849998474121094,2169700
2017-05-16,26.1252384185791,37.95000076293945,37.439998626708984,37.56999969482422,2485700
2017-05-17,26.159996032714844,37.720001220703125,37.31999969482422,37.619998931884766,2495800
2017-05-18,26.20172882080078,37.90999984741211,37.54999923706055,37.68000030517578,1873300
2017-05-19,26.229536056518555,37.91999816894531,37.54999923706055,37.720001220703125,2315700
2017-05-22,26.465980529785156,38.13999938964844,37.650001525878906,38.060001373291016,2596500
2017-05-23,26.68848419189453,38.599998474121094,38.029998779296875,38.380001068115234,2263200
2017-05-24,26.799747467041016,38.720001220703125,38.5,38.540000915527344,1837100
2017-05-25,26.99445152282715,38.939998626708984,38.470001220703125,38.81999969482422,1660000
2017-05-26,27.14047622680664,39.13999938964844,38.7599983215332,39.029998779296875,1864800
2017-05-30,26.78583526611328,38.91999816894531,38.29999923706055,38.52000045776367,1750500
2017-05-31,26.799747467041016,38.7400016784668,38.400001525878906,38.540000915527344,3960500
2017-06-01,27.78021812438965,40.09000015258789,39.209999084472656,39.95000076293945,7527900
2017-06-02,27.52988624572754,40.2400016784668,38.439998626708984,39.59000015258789,5020800
2017-06-05,27.668956756591797,39.810001373291016,39.439998626708984,39.790000915527344,2484400
2017-06-06,27.425580978393555,39.810001373291016,39.36000061035156,39.439998626708984,1900200
2017-06-07,27.41863441467285,39.61000061035156,39.150001525878906,39.43000030517578,3329900
2017-06-08,27.19611358642578,39.61000061035156,39.04999923706055,39.11000061035156,2709000
2017-06-09,26.952728271484375,39.220001220703125,38.619998931884766,38.7599983215332,2435200
2017-06-12,26.911008834838867,38.86000061035156,38.560001373291016,38.70000076293945,3177700
2017-06-13,27.105701446533203,38.9900016784668,38.2599983215332,38.97999954223633,3142600
2017-06-14,27.09180450439453,39.529998779296875,38.810001373291016,38.959999084472656,2737400
2017-06-15,27.30042266845703,39.41999816894531,38.70000076293945,39.2599983215332,2324600
2017-06-16,26.431198120117188,39.11000061035156,37.720001220703125,38.0099983215332,9550200
2017-06-19,26.090457916259766,38.279998779296875,37.119998931884766,37.52000045776367,6922500
2017-06-20,26.26430892944336,37.970001220703125,37.40999984741211,37.77000045776367,3932600
2017-06-21,26.20172882080078,38.029998779296875,37.560001373291016,37.68000030517578,2902300
2017-06-22,25.79145050048828,37.34000015258789,36.540000915527344,37.09000015258789,5236100
2017-06-23,25.888803482055664,37.439998626708984,37.04999923706055,37.22999954223633,12137600
2017-06-26,26.180862426757812,37.810001373291016,37.279998779296875,37.650001525878906,3453200
2017-06-27,25.728870391845703,37.61000061035156,37.0,37.0,3631500
2017-06-28,25.986156463623047,37.65999984741211,37.09000015258789,37.369998931884766,4678600
2017-06-29,25.089128494262695,37.70000076293945,35.95000076293945,36.08000183105469,5936100
2017-06-30,24.866600036621094,36.29999923706055,35.63999938964844,35.7599983215332,6671600
2017-07-03,24.685808181762695,35.849998474121094,35.41999816894531,35.5,2884400
2017-07-05,24.275527954101562,35.54999923706055,34.81999969482422,34.90999984741211,7634500
2017-07-06,23.733144760131836,34.75,34.060001373291016,34.130001068115234,9813900
2017-07-07,23.239431381225586,34.22999954223633,33.40999984741211,33.41999816894531,7777100
2017-07-10,23.107301712036133,33.630001068115234,33.119998931884766,33.22999954223633,5663700
2017-07-11,22.996049880981445,33.310001373291016,32.93000030517578,33.06999969482422,7871400
2017-07-12,23.21161460876465,33.529998779296875,33.09000015258789,33.380001068115234,4270000
2017-07-13,23.308961868286133,33.81999969482422,33.20000076293945,33.52000045776367,7433400
2017-07-14,23.350690841674805,33.650001525878906,33.36000061035156,33.58000183105469,3172700
2017-07-17,23.281150817871094,33.59000015258789,33.29999923706055,33.47999954223633,3743900
2017-07-18,23.169891357421875,33.59000015258789,33.2599983215332,33.31999969482422,3292700
2017-07-19,23.538436889648438,34.029998779296875,33.2599983215332,33.849998474121094,9524900
2017-07-20,23.46889305114746,33.959999084472656,33.63999938964844,33.75,2788000
2017-07-21,23.559301376342773,33.900001525878906,33.65999984741211,33.880001068115234,3122000
2017-07-24,23.53148651123047,34.209999084472656,33.790000915527344,33.84000015258789,3831500
2017-07-25,23.754009246826172,34.279998779296875,33.689998626708984,34.15999984741211,3875200
2017-07-26,23.5245304107666,34.459999084472656,33.779998779296875,33.83000183105469,3310400
2017-07-27,24.037466049194336,34.349998474121094,33.689998626708984,34.349998474121094,4037300
2017-07-28,23.960494995117188,34.36000061035156,34.09000015258789,34.2400016784668,3923100
2017-07-31,23.960494995117188,34.349998474121094,34.11000061035156,34.2400016784668,4633200
2017-08-01,23.673582077026367,34.349998474121094,33.650001525878906,33.83000183105469,5143200
2017-08-02,23.939502716064453,34.36000061035156,33.5099983215332,34.209999084472656,3619600
2017-08-03,24.009477615356445,34.540000915527344,34.16999816894531,34.310001373291016,2864300
2017-08-04,23.778549194335938,34.41999816894531,33.93000030517578,33.97999954223633,4603200
2017-08-07,23.9115047454834,34.290000915527344,33.9900016784668,34.16999816894531,3168500
2017-08-08,23.925500869750977,34.4900016784668,34.130001068115234,34.189998626708984,3619900
2017-08-09,24.065458297729492,34.45000076293945,34.06999969482422,34.38999938964844,2425400
2017-08-10,23.834531784057617,34.279998779296875,33.93000030517578,34.060001373291016,3274100
2017-08-11,24.352367401123047,34.939998626708984,34.0,34.79999923706055,3276900
2017-08-14,24.41535186767578,35.08000183105469,34.81999969482422,34.88999938964844,2730600
2017-08-15,24.42234992980957,35.099998474121094,34.849998474121094,34.900001525878906,2184900
2017-08-16,24.59029769897461,35.29999923706055,34.84000015258789,35.13999938964844,1985800
2017-08-17,24.296388626098633,35.20000076293945,34.61000061035156,34.720001220703125,2951000
2017-08-18,24.114442825317383,34.77000045776367,34.310001373291016,34.459999084472656,2605700
2017-08-21,24.142440795898438,34.630001068115234,34.43000030517578,34.5,2226000
2017-08-22,24.149436950683594,34.52000045776367,34.09000015258789,34.5099983215332,2587900
2017-08-23,23.94649887084961,34.459999084472656,34.06999969482422,34.220001220703125,5965800
2017-08-24,23.253713607788086,34.11000061035156,33.0,33.22999954223633,5070600
2017-08-25,23.190731048583984,33.459999084472656,33.029998779296875,33.13999938964844,4241200
2017-08-28,22.763864517211914,33.18000030517578,32.470001220703125,32.529998779296875,3975100
2017-08-29,22.69389533996582,32.650001525878906,32.290000915527344,32.43000030517578,4217800
2017-08-30,22.910825729370117,32.880001068115234,32.15999984741211,32.7400016784668,5479000
2017-08-31,22.71488380432129,32.599998474121094,32.27000045776367,32.459999084472656,4150200
2017-09-01,23.0087890625,32.959999084472656,32.33000183105469,32.880001068115234,5168300
2017-09-05,23.575613021850586,33.720001220703125,32.880001068115234,33.689998626708984,5032400
2017-09-06,23.960494995117188,34.2599983215332,33.650001525878906,34.2400016784668,4713600
2017-09-07,24.058467864990234,34.880001068115234,34.119998931884766,34.380001068115234,3356000
2017-09-08,24.142440795898438,34.7400016784668,34.18000030517578,34.5,3209000
2017-09-11,24.3173885345459,35.0,34.560001373291016,34.75,3332900
2017-09-12,24.366371154785156,34.9900016784668,34.529998779296875,34.81999969482422,2475900
2017-09-13,24.303386688232422,35.040000915527344,34.650001525878906,34.72999954223633,2706700
2017-09-14,24.128435134887695,34.79999923706055,34.2599983215332,34.47999954223633,3603200
2017-09-15,24.499324798583984,35.040000915527344,34.52000045776367,35.0099983215332,4881200
2017-09-18,24.41535186767578,35.06999969482422,34.790000915527344,34.88999938964844,3372300
2017-09-19,23.9115047454834,34.959999084472656,34.11000061035156,34.16999816894531,3243100
2017-09-20,23.582612991333008,33.91999816894531,33.16999816894531,33.70000076293945,4784100
2017-09-21,23.386672973632812,33.84000015258789,33.33000183105469,33.41999816894531,4234300
2017-09-22,23.197734832763672,33.7400016784668,32.91999816894531,33.150001525878906,3348800
2017-09-25,23.42166519165039,33.54999923706055,33.0,33.470001220703125,4679600
2017-09-26,23.344690322875977,33.61000061035156,33.290000915527344,33.36000061035156,3595900
2017-09-27,23.3306884765625,33.45000076293945,32.900001525878906,33.34000015258789,5203000
2017-09-28,23.757556915283203,34.560001373291016,33.59000015258789,33.95000076293945,6995100
2017-09-29,23.6106014251709,34.459999084472656,33.65999984741211,33.7400016784668,5224000
2017-10-02,23.3306884765625,33.84000015258789,33.220001220703125,33.34000015258789,4201600
2017-10-03,23.379680633544922,33.5099983215332,33.209999084472656,33.40999984741211,3899600
2017-10-04,23.764551162719727,34.029998779296875,33.150001525878906,33.959999084472656,4381800
2017-10-05,23.862524032592773,34.31999969482422,33.84000015258789,34.099998474121094,2723900
2017-10-06,23.848535537719727,34.380001068115234,34.0099983215332,34.08000183105469,3426400
2017-10-09,23.41466522216797,34.15999984741211,33.41999816894531,33.459999084472656,2445000
2017-10-10,23.596607208251953,33.88999938964844,33.41999816894531,33.720001220703125,2639500
2017-10-11,23.645587921142578,33.959999084472656,33.630001068115234,33.790000915527344,2269900
2017-10-12,24.205411911010742,34.63999938964844,33.790000915527344,34.59000015258789,3692900
2017-10-13,24.02347755432129,34.70000076293945,34.20000076293945,34.33000183105469,4692300
2017-10-16,24.142440795898438,34.619998931884766,34.2400016784668,34.5,2707100
2017-10-17,23.939502716064453,34.529998779296875,34.119998931884766,34.209999084472656,3497100
2017-10-18,23.862524032592773,34.310001373291016,33.959999084472656,34.099998474121094,2968700
2017-10-19,23.624595642089844,34.11000061035156,33.619998931884766,33.7599983215332,2851300
2017-10-20,23.72956657409668,34.16999816894531,33.7400016784668,33.90999984741211,4282800
2017-10-23,23.939502716064453,34.2599983215332,33.84000015258789,34.209999084472656,2132300
2017-10-24,23.9115047454834,34.34000015258789,34.029998779296875,34.16999816894531,2275900
2017-10-25,23.743560791015625,34.20000076293945,33.77000045776367,33.93000030517578,3389400
2017-10-26,23.358684539794922,34.0099983215332,33.31999969482422,33.380001068115234,4251900
2017-10-27,23.575613021850586,33.72999954223633,33.2599983215332,33.689998626708984,3480600
2017-10-30,23.61293601989746,34.27000045776367,33.5,33.529998779296875,4789100
2017-10-31,24.05660629272461,34.459999084472656,33.790000915527344,34.15999984741211,2905600
2017-11-01,24.035486221313477,34.529998779296875,34.099998474121094,34.130001068115234,2854300
2017-11-02,23.845333099365234,34.099998474121094,33.70000076293945,33.86000061035156,2491100
2017-11-03,23.880552291870117,34.189998626708984,33.77000045776367,33.90999984741211,1731400
2017-11-06,23.465049743652344,33.93000030517578,33.2400016784668,33.31999969482422,2868800
2017-11-07,23.7749080657959,33.93000030517578,33.209999084472656,33.7599983215332,2436700
2017-11-08,24.16223907470703,34.380001068115234,33.849998474121094,34.310001373291016,2044800
2017-11-09,23.915752410888672,34.47999954223633,33.90999984741211,33.959999084472656,2177300
2017-11-10,24.507312774658203,34.959999084472656,33.810001373291016,34.79999923706055,2810900
2017-11-13,24.535490036010742,35.2400016784668,34.72999954223633,34.84000015258789,2509500
2017-11-14,25.260845184326172,35.91999816894531,34.720001220703125,35.869998931884766,3876800
2017-11-15,24.774925231933594,35.77000045776367,35.15999984741211,35.18000030517578,3662200
2017-11-16,25.084781646728516,35.869998931884766,35.369998931884766,35.619998931884766,2491200
2017-11-17,25.148164749145508,36.099998474121094,35.439998626708984,35.709999084472656,2263500
2017-11-20,25.190418243408203,35.880001068115234,35.58000183105469,35.77000045776367,1801500
2017-11-21,25.028444290161133,35.900001525878906,35.41999816894531,35.540000915527344,1946200
2017-11-22,25.007312774658203,35.65999984741211,35.380001068115234,35.5099983215332,1857300
2017-11-24,24.972108840942383,35.720001220703125,35.459999084472656,35.459999084472656,617500
2017-11-27,25.310144424438477,36.060001373291016,35.439998626708984,35.939998626708984,2659300
2017-11-28,25.66225814819336,36.470001220703125,35.900001525878906,36.439998626708984,2720900
2017-11-29,26.19746971130371,37.619998931884766,36.310001373291016,37.20000076293945,4073300
2017-11-30,26.289030075073242,37.61000061035156,36.63999938964844,37.33000183105469,4501900
2017-12-01,26.387617111206055,37.790000915527344,36.63999938964844,37.470001220703125,5626800
2017-12-04,26.711566925048828,38.16999816894531,37.560001373291016,37.93000030517578,5798700
2017-12-05,26.176349639892578,38.130001068115234,37.0,37.16999816894531,2480700
2017-12-06,26.112964630126953,37.27000045776367,36.869998931884766,37.08000183105469,3776300
2017-12-07,26.232681274414062,37.47999954223633,36.91999816894531,37.25,3609300
2017-12-08,26.232681274414062,37.40999984741211,36.970001220703125,37.25,2127200
2017-12-11,26.225643157958984,37.279998779296875,36.959999084472656,37.2400016784668,3001300
2017-12-12,26.443954467773438,37.83000183105469,37.41999816894531,37.54999923706055,3399900
2017-12-13,26.29606819152832,37.66999816894531,37.15999984741211,37.34000015258789,3420900
2017-12-14,26.06367301940918,37.52000045776367,36.97999954223633,37.0099983215332,4000600
2017-12-15,26.591846466064453,37.849998474121094,37.130001068115234,37.7599983215332,5247400
2017-12-18,26.59889030456543,38.209999084472656,37.689998626708984,37.77000045776367,3731000
2017-12-19,26.746780395507812,38.27000045776367,37.79999923706055,37.97999954223633,4347700
2017-12-20,26.859455108642578,38.290000915527344,37.54999923706055,38.13999938964844,5701000
2017-12-21,26.65522003173828,39.209999084472656,37.5099983215332,37.849998474121094,5292900
2017-12-22,26.81720733642578,38.2599983215332,37.91999816894531,38.08000183105469,2881000
2017-12-26,26.908748626708984,38.630001068115234,38.02000045776367,38.209999084472656,1890200
2017-12-27,26.810155868530273,38.36000061035156,37.95000076293945,38.06999969482422,2696700
2017-12-28,26.79606819152832,38.220001220703125,37.68000030517578,38.04999923706055,1876300
2017-12-29,26.528457641601562,38.2400016784668,37.650001525878906,37.66999816894531,2392100
2018-01-02,26.42282485961914,37.779998779296875,37.220001220703125,37.52000045776367,2544500
2018-01-03,26.289030075073242,37.560001373291016,37.13999938964844,37.33000183105469,2905000
2018-01-04,26.71860122680664,38.029998779296875,37.2599983215332,37.939998626708984,3263400
2018-01-05,26.80312156677246,38.27000045776367,37.689998626708984,38.060001373291016,4567100
2018-01-08,26.42282485961914,38.0099983215332,37.40999984741211,37.52000045776367,2715700
2018-01-09,26.331279754638672,37.52000045776367,36.970001220703125,37.38999938964844,3310700
2018-01-10,25.936908721923828,37.43000030517578,36.599998474121094,36.83000183105469,2773900
2018-01-11,25.887611389160156,36.95000076293945,36.58000183105469,36.7599983215332,2705000
2018-01-12,25.852405548095703,36.86000061035156,36.54999923706055,36.709999084472656,1934900
2018-01-16,25.8946533203125,37.099998474121094,36.72999954223633,36.77000045776367,3351700
2018-01-17,26.239728927612305,37.5,36.779998779296875,37.2599983215332,4194400
2018-01-18,26.1693058013916,37.470001220703125,37.06999969482422,37.15999984741211,2937200
2018-01-19,26.59889030456543,37.79999923706055,37.34000015258789,37.77000045776367,4254100
2018-01-22,26.59889030456543,37.95000076293945,37.529998779296875,37.77000045776367,2954200
2018-01-23,26.563676834106445,37.959999084472656,37.310001373291016,37.720001220703125,2789600
2018-01-24,26.47916603088379,37.97999954223633,37.56999969482422,37.599998474121094,2677400
2018-01-25,26.78902244567871,38.11000061035156,37.650001525878906,38.040000915527344,2977800
2018-01-26,27.112979888916016,38.5099983215332,37.689998626708984,38.5,4588400
2018-01-29,27.058452606201172,39.08000183105469,38.209999084472656,38.209999084472656,4796600
2018-01-30,26.81059455871582,38.439998626708984,37.86000061035156,37.86000061035156,4089900
2018-01-31,26.90973663330078,38.2400016784668,37.65999984741211,38.0,3312700
2018-02-01,26.63355827331543,38.099998474121094,37.52000045776367,37.61000061035156,2647500
2018-02-02,25.996225357055664,37.5099983215332,36.689998626708984,36.709999084472656,3424900
2018-02-05,25.245576858520508,37.029998779296875,35.650001525878906,35.650001525878906,4169400
2018-02-06,25.28807258605957,35.939998626708984,34.75,35.709999084472656,5659500
2018-02-07,25.415538787841797,36.65999984741211,35.650001525878906,35.88999938964844,3871100
2018-02-08,25.132280349731445,36.189998626708984,35.470001220703125,35.4900016784668,3797600
2018-02-09,25.18185043334961,36.130001068115234,35.33000183105469,35.560001373291016,6282400
2018-02-12,25.2810001373291,36.130001068115234,35.599998474121094,35.70000076293945,5898000
2018-02-13,25.118122100830078,35.7400016784668,35.22999954223633,35.470001220703125,5216500
2018-02-14,25.167682647705078,35.61000061035156,34.970001220703125,35.540000915527344,4646400
2018-02-15,25.748363494873047,36.380001068115234,35.459999084472656,36.36000061035156,2668300
2018-02-16,25.67047119140625,36.5,36.040000915527344,36.25,3194500
2018-02-20,25.55008888244629,36.689998626708984,36.060001373291016,36.08000183105469,3060600
2018-02-21,25.273908615112305,36.599998474121094,35.68000030517578,35.689998626708984,2677400
2018-02-22,25.450944900512695,36.33000183105469,35.68000030517578,35.939998626708984,2097600
2018-02-23,25.69171142578125,36.33000183105469,35.66999816894531,36.279998779296875,2379400
2018-02-26,25.868755340576172,36.630001068115234,36.13999938964844,36.529998779296875,1916800
2018-02-27,25.63506507873535,36.790000915527344,36.20000076293945,36.20000076293945,1713100
2018-02-28,25.585491180419922,36.59000015258789,36.119998931884766,36.130001068115234,2503700
2018-03-01,25.776695251464844,36.52000045776367,35.88999938964844,36.400001525878906,4653900
2018-03-02,26.109525680541992,36.90999984741211,36.29999923706055,36.869998931884766,3025600
2018-03-05,26.761030197143555,37.790000915527344,36.720001220703125,37.790000915527344,3742400
2018-03-06,27.115100860595703,38.29999923706055,37.59000015258789,38.290000915527344,4748300
2018-03-07,26.746864318847656,38.0099983215332,37.47999954223633,37.77000045776367,4300800
2018-03-08,26.895580291748047,37.97999954223633,37.66999816894531,37.97999954223633,2393500
2018-03-09,26.952234268188477,38.27000045776367,37.790000915527344,38.060001373291016,2484000
2018-03-12,26.94513702392578,38.31999969482422,37.93000030517578,38.04999923706055,1790200
2018-03-13,26.930978775024414,38.27000045776367,37.79999923706055,38.029998779296875,2282000
2018-03-14,26.52733612060547,38.31999969482422,37.400001525878906,37.459999084472656,2955500
2018-03-15,25.762535095214844,37.5099983215332,36.349998474121094,36.380001068115234,3673800
2018-03-16,25.92540740966797,36.91999816894531,36.41999816894531,36.61000061035156,4657000
2018-03-19,25.73420524597168,36.90999984741211,36.2599983215332,36.34000015258789,2676700
2018-03-20,25.783775329589844,36.619998931884766,36.220001220703125,36.40999984741211,2466300
2018-03-21,25.02605628967285,35.90999984741211,34.79999923706055,35.34000015258789,5515300
2018-03-22,25.103954315185547,36.650001525878906,35.400001525878906,35.45000076293945,6527100
2018-03-23,25.139358520507812,36.2400016784668,35.459999084472656,35.5,3369500
2018-03-26,25.748363494873047,36.43000030517578,35.7400016784668,36.36000061035156,2847500
2018-03-27,25.70588493347168,36.79999923706055,36.13999938964844,36.29999923706055,2511000
2018-03-28,25.720048904418945,36.58000183105469,36.189998626708984,36.31999969482422,2708200
2018-03-29,26.11661148071289,37.040000915527344,36.4900016784668,36.880001068115234,2575700
2018-04-02,25.415538787841797,36.84000015258789,35.529998779296875,35.88999938964844,2703400
2018-04-03,25.620901107788086,36.34000015258789,35.72999954223633,36.18000030517578,2731600
2018-04-04,26.208669662475586,37.20000076293945,35.939998626708984,37.0099983215332,3024700
2018-04-05,26.067045211791992,37.220001220703125,36.720001220703125,36.810001373291016,1721000
2018-04-06,26.017471313476562,37.290000915527344,36.459999084472656,36.7400016784668,2188800
2018-04-09,26.03870964050293,37.29999923706055,36.59000015258789,36.77000045776367,2381900
2018-04-10,26.095365524291992,37.2599983215332,36.7400016784668,36.849998474121094,2482600
2018-04-11,26.017471313476562,37.0099983215332,36.4900016784668,36.7400016784668,1485400
2018-04-12,26.045793533325195,37.060001373291016,36.650001525878906,36.779998779296875,1622000
2018-04-13,26.059953689575195,36.93000030517578,36.5099983215332,36.79999923706055,1616400
2018-04-16,26.350296020507812,37.400001525878906,36.81999969482422,37.209999084472656,1949000
2018-04-17,26.562746047973633,37.65999984741211,37.34000015258789,37.5099983215332,2090100
2018-04-18,26.32197380065918,37.61000061035156,37.11000061035156,37.16999816894531,2547400
2018-04-19,25.960811614990234,37.349998474121094,36.52000045776367,36.65999984741211,3091900
2018-04-20,25.797943115234375,37.61000061035156,36.2599983215332,36.43000030517578,4946200
2018-04-23,25.847518920898438,36.689998626708984,36.310001373291016,36.5,2966200
2018-04-24,26.074115753173828,36.91999816894531,36.470001220703125,36.81999969482422,3745100
2018-04-25,26.30780792236328,37.27000045776367,36.59000015258789,37.150001525878906,3256100
2018-04-26,26.49193000793457,37.540000915527344,36.959999084472656,37.40999984741211,2688400
2018-04-27,26.593774795532227,37.689998626708984,37.22999954223633,37.34000015258789,1790500
2018-04-30,26.401477813720703,37.630001068115234,37.0,37.06999969482422,2422000
2018-05-01,26.038257598876953,37.0099983215332,36.400001525878906,36.560001373291016,3935400
2018-05-02,25.596683502197266,36.59000015258789,35.869998931884766,35.939998626708984,3486800
2018-05-03,25.5112247467041,36.2599983215332,35.65999984741211,35.81999969482422,3611800
2018-05-04,26.29464340209961,37.060001373291016,35.7599983215332,36.91999816894531,2564600
2018-05-07,26.61513328552246,37.54999923706055,36.86000061035156,37.369998931884766,2474400
2018-05-08,26.636507034301758,37.52000045776367,37.119998931884766,37.400001525878906,3946100
2018-05-09,26.82879638671875,37.849998474121094,37.31999969482422,37.66999816894531,2220800
2018-05-10,26.892900466918945,38.09000015258789,37.63999938964844,37.7599983215332,2017700
2018-05-11,26.956995010375977,38.20000076293945,37.7400016784668,37.849998474121094,1797800
2018-05-14,26.88578224182129,37.970001220703125,37.650001525878906,37.75,2861500
2018-05-15,26.86440658569336,37.970001220703125,37.459999084472656,37.720001220703125,2213100
2018-05-16,26.907133102416992,37.869998931884766,37.630001068115234,37.779998779296875,2353400
2018-05-17,26.86440658569336,37.900001525878906,37.61000061035156,37.720001220703125,2345300
2018-05-18,26.650747299194336,37.459999084472656,36.72999954223633,37.41999816894531,6394000
2018-05-21,26.287525177001953,37.59000015258789,36.2599983215332,36.90999984741211,2891900
2018-05-22,26.259035110473633,37.27000045776367,36.779998779296875,36.869998931884766,2374300
2018-05-23,26.31601333618164,37.189998626708984,36.79999923706055,36.95000076293945,2825700
2018-05-24,26.394357681274414,37.06999969482422,36.65999984741211,37.060001373291016,2255400
2018-05-25,26.64362907409668,37.709999084472656,37.08000183105469,37.40999984741211,1626100
2018-05-29,26.60801887512207,37.5,37.189998626708984,37.36000061035156,1491800
2018-05-30,26.88578224182129,37.90999984741211,37.349998474121094,37.75,2353100
2018-05-31,26.394357681274414,37.70000076293945,36.88999938964844,37.060001373291016,3014700
2018-06-01,26.308887481689453,37.290000915527344,36.90999984741211,36.939998626708984,1619500
2018-06-04,26.76470184326172,37.619998931884766,37.04999923706055,37.58000183105469,2363200
2018-06-05,26.61513328552246,37.70000076293945,37.2400016784668,37.369998931884766,2325300
2018-06-06,26.387224197387695,37.36000061035156,36.97999954223633,37.04999923706055,2559300
2018-06-07,26.479822158813477,37.47999954223633,36.4900016784668,37.18000030517578,2607600
2018-06-08,26.87865447998047,37.7400016784668,37.36000061035156,37.7400016784668,1622800
2018-06-11,26.82168960571289,38.02000045776367,37.560001373291016,37.65999984741211,2810400
2018-06-12,26.850170135498047,38.040000915527344,37.459999084472656,37.70000076293945,4245500
2018-06-13,27.02822494506836,38.189998626708984,37.720001220703125,37.95000076293945,2063700
2018-06-14,27.20627212524414,38.22999954223633,37.880001068115234,38.20000076293945,1782800
2018-06-15,27.419931411743164,38.52000045776367,37.95000076293945,38.5,5902600
2018-06-18,27.021095275878906,38.4900016784668,37.75,37.939998626708984,2458300
2018-06-19,27.277488708496094,38.400001525878906,37.79999923706055,38.29999923706055,3071100
2018-06-20,27.384319305419922,38.560001373291016,38.13999938964844,38.45000076293945,1856500
2018-06-21,27.263246536254883,39.43000030517578,38.189998626708984,38.279998779296875,3814000
2018-06-22,27.455535888671875,38.869998931884766,38.38999938964844,38.54999923706055,2629900
2018-06-25,27.733301162719727,39.02000045776367,38.619998931884766,38.939998626708984,3015100
2018-06-26,27.22764015197754,39.099998474121094,38.20000076293945,38.22999954223633,7604800
2018-06-27,25.247705459594727,37.279998779296875,35.349998474121094,35.45000076293945,34361900
2018-06-28,25.518342971801758,35.9900016784668,35.13999938964844,35.83000183105469,17102300
2018-06-29,25.447120666503906,36.130001068115234,35.40999984741211,35.72999954223633,9268400
2018-07-02,24.948579788208008,35.720001220703125,34.540000915527344,35.029998779296875,7153900
2018-07-03,24.670818328857422,35.20000076293945,34.52000045776367,34.63999938964844,2955200
2018-07-05,25.582441329956055,35.939998626708984,34.70000076293945,35.91999816894531,7841300
2018-07-06,25.447120666503906,36.15999984741211,35.65999984741211,35.72999954223633,3932500
2018-07-09,25.952789306640625,36.70000076293945,35.869998931884766,36.439998626708984,7667500
2018-07-10,26.08098602294922,36.869998931884766,36.36000061035156,36.619998931884766,7177400
2018-07-11,26.024011611938477,36.79999923706055,36.4900016784668,36.540000915527344,4752300
2018-07-12,25.682147979736328,36.70000076293945,36.02000045776367,36.060001373291016,4279100
2018-07-13,25.68927574157715,36.16999816894531,35.7400016784668,36.06999969482422,3961300
2018-07-16,25.41863250732422,36.0099983215332,35.59000015258789,35.689998626708984,2924700
2018-07-17,25.717758178710938,36.220001220703125,35.58000183105469,36.11000061035156,5291400
2018-07-18,25.41863250732422,36.150001525878906,35.61000061035156,35.689998626708984,7056600
2018-07-19,25.838829040527344,36.45000076293945,35.58000183105469,36.279998779296875,6629000
2018-07-20,25.746246337890625,36.369998931884766,35.97999954223633,36.150001525878906,3776300
2018-07-23,25.56819725036621,36.150001525878906,35.59000015258789,35.900001525878906,3806700
2018-07-24,25.35453224182129,35.869998931884766,35.40999984741211,35.599998474121094,5240200
2018-07-25,25.796110153198242,36.2599983215332,35.61000061035156,36.220001220703125,6732600
2018-07-26,26.415719985961914,37.15999984741211,36.52000045776367,37.09000015258789,6931200
2018-07-27,26.558162689208984,37.47999954223633,37.02000045776367,37.290000915527344,4954600
2018-07-30,26.15202522277832,37.0099983215332,36.380001068115234,36.5099983215332,4349600
2018-07-31,26.295289993286133,36.83000183105469,36.400001525878906,36.709999084472656,5498700
2018-08-01,26.044580459594727,36.790000915527344,36.36000061035156,36.36000061035156,3168800
2018-08-02,26.402725219726562,36.86000061035156,36.11000061035156,36.86000061035156,4818300
2018-08-03,26.932785034179688,37.81999969482422,36.849998474121094,37.599998474121094,5486500
2018-08-06,26.832508087158203,37.720001220703125,37.43000030517578,37.459999084472656,3134900
2018-08-07,26.438541412353516,37.459999084472656,36.790000915527344,36.90999984741211,3177400
2018-08-08,26.237979888916016,36.93000030517578,36.560001373291016,36.630001068115234,2083000
2018-08-09,26.345422744750977,36.849998474121094,36.41999816894531,36.779998779296875,3289100
2018-08-10,26.252296447753906,36.790000915527344,36.41999816894531,36.650001525878906,3251400
2018-08-13,26.187847137451172,36.61000061035156,36.279998779296875,36.560001373291016,4890500
2018-08-14,26.409883499145508,36.95000076293945,36.61000061035156,36.869998931884766,5820600
2018-08-15,26.545989990234375,37.119998931884766,36.689998626708984,37.060001373291016,5116700
2018-08-16,26.631940841674805,37.41999816894531,37.09000015258789,37.18000030517578,3703000
2018-08-17,26.846826553344727,37.619998931884766,36.970001220703125,37.47999954223633,6334200
2018-08-20,26.868324279785156,37.790000915527344,37.45000076293945,37.5099983215332,3751300
2018-08-21,26.8754825592041,37.720001220703125,36.900001525878906,37.52000045776367,6310300
2018-08-22,26.660594940185547,37.529998779296875,36.959999084472656,37.220001220703125,3395500
2018-08-23,26.295289993286133,37.20000076293945,36.68000030517578,36.709999084472656,7479100
2018-08-24,26.39556121826172,36.959999084472656,36.59000015258789,36.849998474121094,4245900
2018-08-27,26.130529403686523,37.060001373291016,36.41999816894531,36.47999954223633,4200400
2018-08-28,26.023090362548828,36.61000061035156,36.20000076293945,36.33000183105469,3237000
2018-08-29,26.25946807861328,37.0,36.45000076293945,36.65999984741211,3435000
2018-08-30,26.144861221313477,36.70000076293945,36.31999969482422,36.5,4296800
2018-08-31,26.32393455505371,36.84000015258789,36.47999954223633,36.75,3790200
2018-09-04,25.872665405273438,36.90999984741211,36.040000915527344,36.119998931884766,4090600
2018-09-05,25.85834312438965,36.349998474121094,35.75,36.099998474121094,4106100
2018-09-06,25.965782165527344,36.279998779296875,36.02000045776367,36.25,4324700
2018-09-07,26.023090362548828,36.40999984741211,35.810001373291016,36.33000183105469,3747400
2018-09-10,26.230815887451172,36.900001525878906,36.470001220703125,36.619998931884766,3887600
2018-09-11,26.46719741821289,37.0099983215332,36.43000030517578,36.95000076293945,4218900
2018-09-12,26.925621032714844,37.66999816894531,36.86000061035156,37.59000015258789,4910800
2018-09-13,27.204978942871094,38.130001068115234,37.54999923706055,37.97999954223633,3927300
2018-09-14,27.39838409423828,38.43000030517578,37.849998474121094,38.25,5224900
2018-09-17,27.355396270751953,38.290000915527344,37.779998779296875,38.189998626708984,4347900
2018-09-18,27.040231704711914,38.04999923706055,37.439998626708984,37.75,2983200
2018-09-19,26.517333984375,37.779998779296875,36.91999816894531,37.02000045776367,4067300
2018-09-20,26.631940841674805,37.33000183105469,36.790000915527344,37.18000030517578,3511800
2018-09-21,26.825340270996094,37.599998474121094,37.20000076293945,37.45000076293945,4096500
2018-09-24,26.338258743286133,37.470001220703125,36.630001068115234,36.77000045776367,3896500
2018-09-25,25.929967880249023,36.81999969482422,36.029998779296875,36.20000076293945,4386000
2018-09-26,25.829687118530273,36.459999084472656,36.04999923706055,36.060001373291016,4952700
2018-09-27,23.623485565185547,34.529998779296875,32.81999969482422,32.97999954223633,16568700
2018-09-28,24.332624435424805,34.029998779296875,32.95000076293945,33.970001220703125,13826600
2018-10-01,23.96014976501465,34.06999969482422,33.119998931884766,33.45000076293945,7756400
2018-10-02,23.931499481201172,33.7400016784668,33.310001373291016,33.40999984741211,5520300
2018-10-03,23.94582748413086,33.65999984741211,33.29999923706055,33.43000030517578,6174000
2018-10-04,24.024620056152344,33.54999923706055,33.209999084472656,33.540000915527344,4768500
2018-10-05,24.06043815612793,33.689998626708984,33.40999984741211,33.59000015258789,3973000
2018-10-08,24.81970977783203,34.7400016784668,33.86000061035156,34.650001525878906,5677000
2018-10-09,25.47870445251465,35.7599983215332,34.5099983215332,35.56999969482422,10054700
2018-10-10,25.263813018798828,36.5,35.25,35.27000045776367,16497400
2018-10-11,24.977291107177734,35.689998626708984,34.77000045776367,34.869998931884766,11093800
2018-10-12,25.313953399658203,35.41999816894531,34.81999969482422,35.34000015258789,5949000
2018-10-15,25.822521209716797,36.2400016784668,35.34000015258789,36.04999923706055,6536000
2018-10-16,25.694984436035156,36.209999084472656,35.4900016784668,35.65999984741211,6460400
2018-10-17,25.435588836669922,35.720001220703125,35.20000076293945,35.29999923706055,5516000
2018-10-18,25.529258728027344,35.90999984741211,35.31999969482422,35.43000030517578,5127400
2018-10-19,25.82469367980957,36.099998474121094,35.709999084472656,35.84000015258789,4622500
2018-10-22,26.105701446533203,36.38999938964844,35.720001220703125,36.22999954223633,6276500
2018-10-23,26.235403060913086,36.7400016784668,36.0,36.40999984741211,9469900
2018-10-24,26.76861572265625,37.599998474121094,36.5099983215332,37.150001525878906,13515700
2018-10-25,26.20658302307129,37.099998474121094,36.2599983215332,36.369998931884766,27312700
2018-10-26,25.52205467224121,36.189998626708984,35.060001373291016,35.41999816894531,8167100
2018-10-29,25.911157608032227,36.56999969482422,35.650001525878906,35.959999084472656,9683500
2018-10-30,26.213788986206055,36.7400016784668,36.02000045776367,36.380001068115234,6308200
2018-10-31,25.65175437927246,36.130001068115234,35.25,35.599998474121094,9547900
2018-11-01,25.666162490844727,35.869998931884766,35.25,35.619998931884766,5823400
2018-11-02,25.219425201416016,35.5099983215332,34.540000915527344,35.0,6092000
2018-11-05,25.219425201416016,35.2400016784668,34.81999969482422,35.0,7032400
2018-11-06,25.26265525817871,35.13999938964844,34.5,35.060001373291016,7396400
2018-11-07,25.060901641845703,35.119998931884766,34.369998931884766,34.779998779296875,6687700
2018-11-08,24.830318450927734,34.880001068115234,34.09000015258789,34.459999084472656,8341600
2018-11-09,24.77988052368164,34.84000015258789,34.060001373291016,34.38999938964844,9127900
2018-11-12,25.399560928344727,35.560001373291016,34.40999984741211,35.25,7478900
2018-11-13,25.356327056884766,35.720001220703125,34.95000076293945,35.189998626708984,5035900
2018-11-14,23.518909454345703,34.4900016784668,32.54999923706055,32.63999938964844,12637300
2018-11-15,23.360389709472656,32.529998779296875,31.860000610351562,32.41999816894531,8657700
2018-11-16,23.828750610351562,33.2400016784668,32.27000045776367,33.06999969482422,8504700
2018-11-19,24.080944061279297,33.630001068115234,32.9900016784668,33.41999816894531,7747000
2018-11-20,23.94403648376465,33.75,32.86000061035156,33.22999954223633,5645700
2018-11-21,23.699050903320312,33.41999816894531,32.61000061035156,32.88999938964844,4432400
2018-11-23,23.915218353271484,33.29999923706055,32.810001373291016,33.189998626708984,1249500
2018-11-26,23.49008560180664,33.06999969482422,32.459999084472656,32.599998474121094,6500800
2018-11-27,23.252307891845703,32.77000045776367,32.060001373291016,32.27000045776367,5251300
2018-11-28,23.367599487304688,32.56999969482422,32.0099983215332,32.43000030517578,6397100
2018-11-29,23.252307891845703,32.720001220703125,32.220001220703125,32.27000045776367,5102600
2018-11-30,23.30274772644043,32.380001068115234,32.150001525878906,32.34000015258789,7868800
2018-12-03,23.367599487304688,32.599998474121094,32.09000015258789,32.43000030517578,4895900
2018-12-04,23.115406036376953,32.79999923706055,32.029998779296875,32.08000183105469,4446500
2018-12-06,22.78394889831543,32.18000030517578,30.899999618530273,31.6200008392334,6191500
2018-12-07,22.22191047668457,31.860000610351562,30.549999237060547,30.84000015258789,4024100
2018-12-10,21.91207504272461,30.93000030517578,30.049999237060547,30.40999984741211,5037300
2018-12-11,22.056188583374023,31.170000076293945,30.3799991607666,30.610000610351562,4963500
2018-12-12,22.04177474975586,31.079999923706055,30.579999923706055,30.59000015258789,4994800
2018-12-13,21.890453338623047,30.81999969482422,30.079999923706055,30.3799991607666,6038100
2018-12-14,21.537385940551758,30.40999984741211,29.579999923706055,29.889999389648438,7053800
2018-12-17,20.903303146362305,29.84000015258789,28.850000381469727,29.010000228881836,6555400
2018-12-18,20.579050064086914,29.260000228881836,28.40999984741211,28.559999465942383,6887900
2018-12-19,20.960947036743164,29.8700008392334,28.84000015258789,29.09000015258789,9617800
2018-12-20,17.495073318481445,28.479999542236328,23.979999542236328,24.280000686645508,19383000
2018-12-21,15.960290908813477,24.399999618530273,22.030000686645508,22.149999618530273,23438500
2018-12-24,15.102825164794922,22.149999618530273,20.809999465942383,20.959999084472656,8865700
2018-12-26,15.441493034362793,21.479999542236328,20.219999313354492,21.43000030517578,11635200
2018-12-27,15.290175437927246,21.239999771118164,20.260000228881836,21.219999313354492,14097700
2018-12-28,15.261354446411133,21.90999984741211,20.860000610351562,21.18000030517578,10816700
2018-12-31,15.391050338745117,21.670000076293945,20.90999984741211,21.360000610351562,8727800
2019-01-02,15.369433403015137,21.559999465942383,20.799999237060547,21.329999923706055,9529800
2019-01-03,15.535162925720215,21.68000030517578,21.040000915527344,21.559999465942383,8526000
2019-01-04,15.751333236694336,22.290000915527344,21.6200008392334,21.860000610351562,10307800
2019-01-07,16.07558250427246,22.579999923706055,21.479999542236328,22.309999465942383,7688400
2019-01-08,15.448699951171875,22.219999313354492,21.350000381469727,21.440000534057617,12699700
2019-01-09,15.405466079711914,21.649999618530273,21.059999465942383,21.3799991607666,10174700
2019-01-10,15.470314979553223,21.5,20.959999084472656,21.469999313354492,11400300
2019-01-11,15.571191787719727,21.639999389648438,21.09000015258789,21.610000610351562,8480000
2019-01-14,15.023567199707031,21.559999465942383,20.81999969482422,20.850000381469727,8246300
2019-01-15,15.218122482299805,21.170000076293945,20.809999465942383,21.1200008392334,5798200
2019-01-16,15.25414752960205,21.34000015258789,21.0,21.170000076293945,5288300
2019-01-17,15.304588317871094,21.3700008392334,20.940000534057617,21.239999771118164,7652800
2019-01-18,15.542366981506348,21.639999389648438,21.18000030517578,21.56999969482422,6417500
2019-01-22,15.455903053283691,21.899999618530273,21.219999313354492,21.450000762939453,6970400
2019-01-23,15.470314979553223,21.600000381469727,21.329999923706055,21.469999313354492,8025900
2019-01-24,15.23973560333252,21.43000030517578,20.959999084472656,21.149999618530273,7378100
2019-01-25,15.138858795166016,21.399999618530273,20.989999771118164,21.010000228881836,6089700
2019-01-28,15.340619087219238,21.360000610351562,20.850000381469727,21.290000915527344,6775700
2019-01-29,15.568428039550781,21.510000228881836,21.0,21.389999389648438,8259800
2019-01-30,15.604820251464844,21.59000015258789,21.040000915527344,21.440000534057617,8133400
2019-01-31,15.750385284423828,21.719999313354492,21.229999542236328,21.639999389648438,7400600
2019-02-01,15.575701713562012,21.719999313354492,21.360000610351562,21.399999618530273,6701400
2019-02-04,15.772222518920898,21.719999313354492,21.260000228881836,21.670000076293945,6404700
2019-02-05,16.07791519165039,22.219999313354492,21.65999984741211,22.09000015258789,10671500
2019-02-06,15.954180717468262,22.149999618530273,21.860000610351562,21.920000076293945,9447700
2019-02-07,16.172534942626953,22.239999771118164,21.5,22.219999313354492,7583300
2019-02-08,16.150697708129883,22.239999771118164,21.739999771118164,22.190000534057617,7840200
2019-02-11,16.601953506469727,22.8799991607666,22.209999084472656,22.809999465942383,12908000
2019-02-12,17.271562576293945,23.899999618530273,22.8700008392334,23.729999542236328,16844400
2019-02-13,17.140552520751953,23.860000610351562,23.469999313354492,23.549999237060547,9898000
2019-02-14,17.264284133911133,23.940000534057617,23.389999389648438,23.719999313354492,11769000
2019-02-15,17.831995010375977,24.559999465942383,23.93000030517578,24.5,10882800
2019-02-19,17.475351333618164,24.469999313354492,23.860000610351562,24.010000228881836,6907800
2019-02-20,17.48991584777832,24.399999618530273,23.729999542236328,24.030000686645508,7126200
2019-02-21,17.519031524658203,24.309999465942383,23.860000610351562,24.06999969482422,5935700
2019-02-22,17.016822814941406,23.760000228881836,22.920000076293945,23.3799991607666,11301900
2019-02-25,16.96586799621582,23.59000015258789,23.170000076293945,23.309999465942383,7721700
2019-02-26,17.002267837524414,23.770000457763672,23.139999389648438,23.360000610351562,6677300
2019-02-27,16.805747985839844,23.469999313354492,22.899999618530273,23.09000015258789,7012500
2019-02-28,17.009550094604492,23.440000534057617,22.950000762939453,23.3700008392334,6075200
2019-03-01,16.929479598999023,23.479999542236328,22.920000076293945,23.260000228881836,5776600
2019-03-04,16.86397361755371,23.489999771118164,22.770000457763672,23.170000076293945,5502500
2019-03-05,16.6456241607666,23.06999969482422,22.649999618530273,22.8700008392334,10212200
2019-03-06,16.660179138183594,23.020000457763672,22.65999984741211,22.889999389648438,6152300
2019-03-07,16.281707763671875,22.700000762939453,22.149999618530273,22.3700008392334,10242100
2019-03-08,16.3544864654541,22.5,22.18000030517578,22.469999313354492,5307100
2019-03-11,16.66745948791504,22.969999313354492,22.25,22.899999618530273,7431900
2019-03-12,16.58740234375,23.079999923706055,22.68000030517578,22.790000915527344,5661600
2019-03-13,16.76936149597168,23.200000762939453,22.709999084472656,23.040000915527344,5339000
2019-03-14,16.805747985839844,23.329999923706055,22.850000381469727,23.09000015258789,8039300
2019-03-15,16.805747985839844,23.299999237060547,22.90999984741211,23.09000015258789,9787300
2019-03-18,16.79119300842285,23.43000030517578,23.030000686645508,23.06999969482422,6065400
2019-03-19,16.601953506469727,23.25,22.6299991607666,22.809999465942383,8441400
2019-03-20,16.66745948791504,23.049999237060547,22.559999465942383,22.899999618530273,11679600
2019-03-21,18.792739868164062,26.170000076293945,24.25,25.81999969482422,28442700
2019-03-22,19.251283645629883,27.020000457763672,25.739999771118164,26.450000762939453,16791900
2019-03-25,19.91360855102539,27.739999771118164,26.350000381469727,27.360000610351562,13784800
2019-03-26,19.738935470581055,27.709999084472656,26.989999771118164,27.1200008392334,7975500
2019-03-27,19.738935470581055,27.43000030517578,27.059999465942383,27.1200008392334,5617700
2019-03-28,20.1901912689209,27.84000015258789,27.1200008392334,27.739999771118164,6510400
2019-03-29,20.1901912689209,27.8700008392334,27.479999542236328,27.739999771118164,4420400
2019-04-01,20.110124588012695,27.84000015258789,27.459999084472656,27.6299991607666,5139800
2019-04-02,19.935441970825195,27.700000762939453,27.3700008392334,27.389999389648438,4813600
2019-04-03,19.993671417236328,27.59000015258789,27.200000762939453,27.469999313354492,5783000
2019-04-04,20.226587295532227,27.940000534057617,27.520000457763672,27.790000915527344,4942600
2019-04-05,20.590503692626953,28.299999237060547,27.770000457763672,28.290000915527344,4497300
2019-04-08,20.597780227661133,28.5,28.170000076293945,28.299999237060547,5460900
2019-04-09,20.044620513916016,28.440000534057617,27.459999084472656,27.540000915527344,7265800
2019-04-10,21.3911190032959,29.690000534057617,27.239999771118164,29.389999389648438,15149000
2019-04-11,21.674976348876953,30.299999237060547,29.5,29.780000686645508,6692700
2019-04-12,21.65314483642578,30.010000228881836,29.6299991607666,29.75,7247800
2019-04-15,21.893327713012695,30.149999618530273,29.690000534057617,30.079999923706055,3481000
2019-04-16,21.900606155395508,30.440000534057617,29.860000610351562,30.09000015258789,3433100
2019-04-17,21.922441482543945,30.239999771118164,29.760000228881836,30.1200008392334,4629400
2019-04-18,22.21357536315918,30.600000381469727,30.010000228881836,30.520000457763672,4119400
2019-04-22,22.475601196289062,30.889999389648438,30.43000030517578,30.8799991607666,3846000
2019-04-23,22.48287582397461,31.010000228881836,30.489999771118164,30.889999389648438,4353000
2019-04-24,22.766733169555664,31.290000915527344,30.860000610351562,31.280000686645508,5849300
2019-04-25,22.52654266357422,31.299999237060547,30.780000686645508,30.950000762939453,5123300
2019-04-26,22.555662155151367,31.170000076293945,30.780000686645508,30.989999771118164,5433300
2019-04-29,22.25005531311035,30.889999389648438,30.239999771118164,30.360000610351562,4936500
2019-04-30,22.557863235473633,30.8799991607666,30.350000381469727,30.780000686645508,3831400
2019-05-01,22.088815689086914,31.030000686645508,30.09000015258789,30.139999389648438,3777800
2019-05-02,21.94957160949707,30.3799991607666,29.700000762939453,29.950000762939453,2922500
2019-05-03,21.993545532226562,30.18000030517578,29.81999969482422,30.010000228881836,2142800
2019-05-06,21.839643478393555,30.100000381469727,29.559999465942383,29.799999237060547,2900700
2019-05-07,21.399921417236328,29.68000030517578,29.049999237060547,29.200000762939453,4710800
2019-05-08,21.685733795166016,29.760000228881836,29.170000076293945,29.59000015258789,3665500
2019-05-09,21.421899795532227,29.530000686645508,29.079999923706055,29.229999542236328,3433800
2019-05-10,21.04813575744629,29.299999237060547,28.049999237060547,28.719999313354492,5516700
2019-05-13,20.601083755493164,28.549999237060547,27.84000015258789,28.110000610351562,5355600
2019-05-14,20.960193634033203,28.889999389648438,28.059999465942383,28.600000381469727,5678800
2019-05-15,21.25334358215332,29.229999542236328,28.200000762939453,29.0,4492200
2019-05-16,21.326629638671875,29.440000534057617,29.030000686645508,29.100000381469727,3199700
2019-05-17,21.311973571777344,29.399999618530273,28.760000228881836,29.079999923706055,3447200
2019-05-20,20.872249603271484,29.010000228881836,28.40999984741211,28.479999542236328,4438500
2019-05-21,20.930875778198242,28.790000915527344,28.40999984741211,28.559999465942383,4045000
2019-05-22,20.850265502929688,28.639999389648438,28.299999237060547,28.450000762939453,4107500
2019-05-23,21.172725677490234,28.90999984741211,28.190000534057617,28.889999389648438,3849800
2019-05-24,21.128755569458008,28.979999542236328,28.600000381469727,28.829999923706055,2991300
2019-05-28,20.857587814331055,28.950000762939453,28.31999969482422,28.459999084472656,9846300
2019-05-29,19.970813751220703,28.25,27.15999984741211,27.25,5856400
2019-05-30,19.68498992919922,27.420000076293945,26.829999923706055,26.860000610351562,4173700
2019-05-31,19.619035720825195,26.81999969482422,26.350000381469727,26.770000457763672,3989400
2019-06-03,20.168689727783203,27.6200008392334,26.56999969482422,27.520000457763672,4364900
2019-06-04,20.974849700927734,28.649999618530273,27.709999084472656,28.6200008392334,5142800
2019-06-05,21.436555862426758,29.299999237060547,28.530000686645508,29.25,3888000
2019-06-06,21.729713439941406,29.729999542236328,29.040000915527344,29.649999618530273,3770600
2019-06-07,21.715055465698242,29.969999313354492,29.600000381469727,29.6299991607666,3140800
2019-06-10,21.50985336303711,29.739999771118164,29.1200008392334,29.350000381469727,3176500
2019-06-11,21.839643478393555,29.969999313354492,29.280000686645508,29.799999237060547,3193200
2019-06-12,21.65642547607422,30.0,29.440000534057617,29.549999237060547,3380000
2019-06-13,21.839643478393555,29.950000762939453,29.530000686645508,29.799999237060547,3307900
2019-06-14,21.898273468017578,30.1299991607666,29.559999465942383,29.8799991607666,2880700
2019-06-17,21.502519607543945,29.979999542236328,29.1200008392334,29.34000015258789,2781900
2019-06-18,21.23868179321289,29.549999237060547,28.940000534057617,28.979999542236328,2982800
2019-06-19,21.429231643676758,29.31999969482422,28.649999618530273,29.239999771118164,3827800
2019-06-20,21.399921417236328,29.59000015258789,28.770000457763672,29.200000762939453,3789400
2019-06-21,21.04813575744629,29.100000381469727,28.3799991607666,28.719999313354492,7267600
2019-06-24,20.593753814697266,28.670000076293945,27.989999771118164,28.100000381469727,4837900
2019-06-25,21.172725677490234,29.149999618530273,28.0,28.889999389648438,6614600
2019-06-26,21.202043533325195,29.030000686645508,28.200000762939453,28.93000030517578,5947000
2019-06-27,18.636985778808594,27.530000686645508,25.059999465942383,25.43000030517578,28681300
2019-06-28,19.43581771850586,26.799999237060547,25.43000030517578,26.520000457763672,12196200
2019-07-01,19.714305877685547,27.219999313354492,26.540000915527344,26.899999618530273,6637100
2019-07-02,19.545747756958008,26.969999313354492,26.290000915527344,26.670000076293945,4660300
2019-07-03,20.711015701293945,28.40999984741211,26.959999084472656,28.260000228881836,5552000
2019-07-05,20.564441680908203,28.18000030517578,27.360000610351562,28.059999465942383,4013400
2019-07-08,20.86492156982422,28.5,27.760000228881836,28.469999313354492,5594000
2019-07-09,20.52046775817871,28.5,27.940000534057617,28.0,4853500
2019-07-10,20.76964569091797,28.40999984741211,27.979999542236328,28.34000015258789,2650800
2019-07-11,20.139371871948242,28.489999771118164,27.149999618530273,27.479999542236328,5475800
2019-07-12,20.234647750854492,27.6299991607666,27.309999465942383,27.610000610351562,3603800
2019-07-15,20.168689727783203,27.809999465942383,27.260000228881836,27.520000457763672,4372300
2019-07-16,20.623075485229492,28.139999389648438,27.530000686645508,28.139999389648438,3993900
2019-07-17,21.224023818969727,29.040000915527344,28.040000915527344,28.959999084472656,9317500
2019-07-18,21.333959579467773,29.3700008392334,28.969999313354492,29.110000610351562,5122900
2019-07-19,21.1800537109375,29.239999771118164,28.81999969482422,28.899999618530273,4505000
2019-07-22,20.703689575195312,28.940000534057617,28.030000686645508,28.25,3816300
2019-07-23,21.399921417236328,29.420000076293945,28.200000762939453,29.200000762939453,4250300
2019-07-24,20.982179641723633,28.979999542236328,28.459999084472656,28.6299991607666,3693400
2019-07-25,20.91622543334961,28.920000076293945,28.350000381469727,28.540000915527344,2619300
2019-07-26,21.370603561401367,29.280000686645508,28.479999542236328,29.15999984741211,3490300
2019-07-29,21.42449951171875,29.149999618530273,28.690000534057617,29.020000457763672,3036700
2019-07-30,21.483556747436523,29.260000228881836,28.719999313354492,29.100000381469727,3604200
2019-07-31,21.313756942749023,29.25,28.530000686645508,28.8700008392334,5044200
2019-08-01,21.513086318969727,29.600000381469727,28.8799991607666,29.139999389648438,7468100
2019-08-02,20.870800018310547,29.110000610351562,28.239999771118164,28.270000457763672,4360500
2019-08-05,20.671463012695312,28.139999389648438,27.809999465942383,28.0,4641900
2019-08-06,20.40568733215332,28.110000610351562,27.43000030517578,27.639999389648438,4394100
2019-08-07,20.649316787719727,28.020000457763672,27.040000915527344,27.969999313354492,4289700
2019-08-08,20.81911849975586,28.219999313354492,27.440000534057617,28.200000762939453,4506500
2019-08-09,21.151336669921875,28.729999542236328,28.15999984741211,28.649999618530273,2485200
2019-08-12,21.17348861694336,28.75,28.34000015258789,28.68000030517578,2270900
2019-08-13,21.343286514282227,29.260000228881836,28.59000015258789,28.90999984741211,2982000
2019-08-14,20.74529266357422,28.760000228881836,28.079999923706055,28.100000381469727,4740200
2019-08-15,21.298986434936523,28.950000762939453,28.079999923706055,28.850000381469727,2561800
2019-08-16,21.756715774536133,29.56999969482422,28.969999313354492,29.469999313354492,2574000
2019-08-19,22.17753028869629,30.170000076293945,29.549999237060547,30.040000915527344,3528000
2019-08-20,21.17348861694336,29.760000228881836,28.610000610351562,28.68000030517578,5563600
2019-08-21,20.96677589416504,28.799999237060547,28.06999969482422,28.399999618530273,3601400
2019-08-22,21.262075424194336,28.860000610351562,28.239999771118164,28.799999237060547,2380900
2019-08-23,20.61978530883789,28.799999237060547,27.799999237060547,27.93000030517578,3948500
2019-08-26,21.12180519104004,28.639999389648438,28.020000457763672,28.610000610351562,3900700
2019-08-27,20.60502052307129,28.75,27.5,27.90999984741211,4553800
2019-08-28,21.003686904907227,28.56999969482422,27.889999389648438,28.450000762939453,2494700
2019-08-29,21.10704231262207,28.850000381469727,28.399999618530273,28.59000015258789,2607300
2019-08-30,20.937240600585938,29.030000686645508,28.31999969482422,28.360000610351562,4798000
2019-09-03,21.040599822998047,28.520000457763672,27.360000610351562,28.5,5858000
2019-09-04,21.32851791381836,29.219999313354492,28.489999771118164,28.889999389648438,2846200
2019-09-05,21.003686904907227,29.280000686645508,28.450000762939453,28.450000762939453,4093100
2019-09-06,21.158721923828125,28.729999542236328,27.799999237060547,28.65999984741211,5469900
2019-09-09,21.490942001342773,29.209999084472656,28.729999542236328,29.110000610351562,3644300
2019-09-10,21.741947174072266,29.889999389648438,29.079999923706055,29.450000762939453,5580500
2019-09-11,21.778858184814453,29.940000534057617,29.15999984741211,29.5,5278800
2019-09-12,21.970809936523438,29.950000762939453,29.5,29.760000228881836,5351000
2019-09-13,22.05202293395996,30.479999542236328,29.559999465942383,29.8700008392334,3646300
2019-09-16,22.47283172607422,30.56999969482422,29.850000381469727,30.440000534057617,3958900
2019-09-17,22.125850677490234,30.360000610351562,29.899999618530273,29.969999313354492,7482900
2019-09-18,21.778858184814453,30.25,29.229999542236328,29.5,6770800
2019-09-19,21.896989822387695,29.670000076293945,28.969999313354492,29.65999984741211,4983400
2019-09-20,22.00773048400879,30.100000381469727,29.649999618530273,29.809999465942383,5498600
2019-09-23,21.335906982421875,30.020000457763672,28.8799991607666,28.899999618530273,4425800
2019-09-24,21.823158264160156,29.59000015258789,28.719999313354492,29.559999465942383,4174800
2019-09-25,22.07417106628418,30.290000915527344,29.65999984741211,29.899999618530273,6915500
2019-09-26,22.886260986328125,31.829999923706055,29.989999771118164,31.0,13333400
2019-09-27,22.35471534729004,31.25,29.829999923706055,30.280000686645508,6990200
2019-09-30,22.650014877319336,30.809999465942383,30.3700008392334,30.68000030517578,4590600
2019-10-01,21.764097213745117,30.719999313354492,29.420000076293945,29.479999542236328,5718600
2019-10-02,20.900327682495117,29.469999313354492,28.229999542236328,28.309999465942383,5319300
2019-10-03,20.649316787719727,28.350000381469727,27.530000686645508,27.969999313354492,5761300
2019-10-04,21.306373596191406,28.8799991607666,27.989999771118164,28.860000610351562,4556800
2019-10-07,21.136568069458008,29.15999984741211,28.56999969482422,28.6299991607666,3556300
2019-10-08,20.590251922607422,28.5,27.860000610351562,27.889999389648438,6573300
2019-10-09,20.7379093170166,28.360000610351562,27.90999984741211,28.09000015258789,2712600
2019-10-10,20.92985725402832,28.459999084472656,27.799999237060547,28.350000381469727,3256100
2019-10-11,20.974153518676758,28.739999771118164,28.3700008392334,28.40999984741211,3194800
2019-10-14,20.509044647216797,28.5,27.75,27.780000686645508,3424700
2019-10-15,19.992252349853516,27.780000686645508,26.959999084472656,27.079999923706055,7046200
2019-10-16,19.87413787841797,27.40999984741211,26.90999984741211,26.920000076293945,3908200
2019-10-17,20.221120834350586,27.540000915527344,26.520000457763672,27.389999389648438,5216000
2019-10-18,20.04393768310547,27.68000030517578,27.139999389648438,27.149999618530273,3031000
2019-10-21,20.27280044555664,27.6299991607666,27.149999618530273,27.459999084472656,3110000
2019-10-22,20.20635414123535,27.68000030517578,27.110000610351562,27.3700008392334,3062900
2019-10-23,20.383543014526367,27.649999618530273,27.149999618530273,27.610000610351562,4563200
2019-10-24,19.999643325805664,27.309999465942383,26.729999542236328,27.09000015258789,6973800
2019-10-25,19.87413787841797,27.3700008392334,26.860000610351562,26.920000076293945,3036100
2019-10-28,20.15467643737793,27.479999542236328,27.0,27.299999237060547,3485800
2019-10-29,20.294950485229492,27.959999084472656,27.18000030517578,27.489999771118164,3060200
2019-10-30,20.51643180847168,27.850000381469727,27.31999969482422,27.790000915527344,2618200
2019-10-31,20.124353408813477,27.709999084472656,26.950000762939453,27.049999237060547,3453600
2019-11-01,20.436826705932617,27.530000686645508,27.079999923706055,27.469999313354492,2613400
2019-11-04,20.65257453918457,27.770000457763672,27.290000915527344,27.760000228881836,2216200
2019-11-05,20.54098129272461,28.1200008392334,27.520000457763672,27.610000610351562,2808600
2019-11-06,20.712093353271484,28.229999542236328,27.75,27.84000015258789,3442900
2019-11-07,20.682329177856445,27.899999618530273,27.579999923706055,27.799999237060547,2323800
2019-11-08,20.414508819580078,27.850000381469727,27.299999237060547,27.440000534057617,2623500
2019-11-11,20.496337890625,27.559999465942383,27.200000762939453,27.549999237060547,1915600
2019-11-12,20.518657684326172,27.84000015258789,27.5,27.579999923706055,2702600
2019-11-13,21.06175994873047,28.31999969482422,27.510000228881836,28.309999465942383,3568500
2019-11-14,21.158472061157227,28.479999542236328,28.100000381469727,28.440000534057617,4938200
2019-11-15,21.433740615844727,28.829999923706055,28.440000534057617,28.809999465942383,4229400
2019-11-18,21.61229133605957,29.309999465942383,28.639999389648438,29.049999237060547,4747800
2019-11-19,21.813167572021484,29.34000015258789,28.799999237060547,29.31999969482422,3597500
2019-11-20,21.939640045166016,29.639999389648438,29.170000076293945,29.489999771118164,3036100
2019-11-21,20.994796752929688,29.450000762939453,28.040000915527344,28.219999313354492,5897800
2019-11-22,21.374221801757812,28.889999389648438,28.299999237060547,28.729999542236328,4827900
2019-11-25,21.463497161865234,28.90999984741211,28.510000228881836,28.850000381469727,2300700
2019-11-26,21.61973762512207,29.170000076293945,28.770000457763672,29.059999465942383,3428000
2019-11-27,21.709009170532227,29.309999465942383,28.979999542236328,29.18000030517578,1953300
2019-11-29,21.478382110595703,29.200000762939453,28.829999923706055,28.8700008392334,1046700
2019-12-02,21.39654541015625,28.920000076293945,28.639999389648438,28.760000228881836,3089000
2019-12-03,21.277507781982422,28.719999313354492,28.34000015258789,28.600000381469727,3855900
2019-12-04,21.865243911743164,29.459999084472656,28.59000015258789,29.389999389648438,5332200
2019-12-05,21.411422729492188,29.610000610351562,28.700000762939453,28.780000686645508,4496000
2019-12-06,21.500696182250977,29.200000762939453,28.8700008392334,28.899999618530273,4444600
2019-12-09,21.79828453063965,29.420000076293945,28.920000076293945,29.299999237060547,3347200
2019-12-10,21.73876953125,29.469999313354492,29.06999969482422,29.219999313354492,2364400
2019-12-11,21.299827575683594,29.399999618530273,28.530000686645508,28.6299991607666,3352400
2019-12-12,21.002239227294922,28.790000915527344,28.170000076293945,28.229999542236328,4292200
2019-12-13,21.113832473754883,28.600000381469727,28.18000030517578,28.3799991607666,3085200
2019-12-16,21.426300048828125,29.1299991607666,28.469999313354492,28.799999237060547,3804800
2019-12-17,21.716449737548828,29.270000457763672,28.5,29.190000534057617,4015700
2019-12-18,21.61229133605957,29.6200008392334,28.8700008392334,29.049999237060547,5630900
2019-12-19,25.041988372802734,34.72999954223633,31.079999923706055,33.65999984741211,30108200
2019-12-20,26.090991973876953,35.16999816894531,33.52000045776367,35.06999969482422,14901600
2019-12-23,25.309818267822266,35.59000015258789,33.880001068115234,34.02000045776367,7529900
2019-12-24,25.332138061523438,34.52000045776367,33.88999938964844,34.04999923706055,2459600
2019-12-26,25.064306259155273,34.20000076293945,33.45000076293945,33.689998626708984,4672700
2019-12-27,25.428857803344727,34.279998779296875,33.66999816894531,34.18000030517578,2574400
2019-12-30,25.3247013092041,34.22999954223633,33.869998931884766,34.040000915527344,1813200
2019-12-31,25.473495483398438,34.369998931884766,33.79999923706055,34.2400016784668,2558500
2020-01-02,25.019670486450195,34.40999984741211,33.380001068115234,33.630001068115234,4299000
2020-01-03,24.803918838500977,33.9900016784668,33.310001373291016,33.34000015258789,3054300
2020-01-06,24.937837600708008,33.81999969482422,33.40999984741211,33.52000045776367,4579100
2020-01-07,24.045074462890625,33.43000030517578,32.310001373291016,32.31999969482422,8378000
2020-01-08,23.710283279418945,32.689998626708984,31.84000015258789,31.8700008392334,4944200
2020-01-09,23.963232040405273,32.45000076293945,31.739999771118164,32.209999084472656,5620600
2020-01-10,23.680532455444336,32.189998626708984,31.729999542236328,31.829999923706055,4886800
2020-01-13,23.829322814941406,32.060001373291016,31.610000610351562,32.029998779296875,4917900
2020-01-14,23.918594360351562,32.15999984741211,31.760000228881836,32.150001525878906,4921600
2020-01-15,23.754920959472656,32.31999969482422,31.81999969482422,31.93000030517578,3276500
2020-01-16,24.030189514160156,32.310001373291016,31.959999084472656,32.29999923706055,2664800
2020-01-17,24.796480178833008,33.369998931884766,32.279998779296875,33.33000183105469,8327000
2020-01-21,24.372411727905273,33.25,32.470001220703125,32.7599983215332,6294200
2020-01-22,24.022750854492188,32.93000030517578,32.25,32.290000915527344,3668100
2020-01-23,24.32033920288086,32.880001068115234,31.969999313354492,32.689998626708984,3907200
2020-01-24,24.015316009521484,32.900001525878906,32.06999969482422,32.279998779296875,3046500
2020-01-27,24.201305389404297,32.619998931884766,31.8700008392334,32.529998779296875,4651100
2020-01-28,24.789037704467773,33.459999084472656,32.45000076293945,33.31999969482422,5854400
2020-01-29,24.699766159057617,33.470001220703125,32.86000061035156,33.20000076293945,2783000
2020-01-30,24.896690368652344,33.2599983215332,32.650001525878906,33.25,2479800
2020-01-31,24.64958953857422,33.310001373291016,32.7400016784668,32.91999816894531,3847400
2020-02-03,24.664575576782227,33.27000045776367,32.439998626708984,32.939998626708984,5498000
2020-02-04,23.90082359313965,33.130001068115234,31.90999984741211,31.920000076293945,4124200
2020-02-05,24.462404251098633,32.9900016784668,32.13999938964844,32.66999816894531,3584300
2020-02-06,24.02811622619629,32.81999969482422,31.84000015258789,32.09000015258789,3223500
2020-02-07,23.92328643798828,32.380001068115234,31.850000381469727,31.950000762939453,2307900
2020-02-10,24.140432357788086,32.279998779296875,31.6200008392334,32.2400016784668,1864100
2020-02-11,24.559741973876953,32.849998474121094,32.16999816894531,32.79999923706055,3395900
2020-02-12,24.432453155517578,33.02000045776367,32.459999084472656,32.630001068115234,2551400
2020-02-13,24.395015716552734,32.61000061035156,32.119998931884766,32.58000183105469,4355300
2020-02-14,24.477378845214844,32.7599983215332,32.04999923706055,32.689998626708984,3191900
2020-02-18,22.972347259521484,31.43000030517578,30.0,30.68000030517578,11377100
2020-02-19,22.313430786132812,30.8700008392334,29.709999084472656,29.799999237060547,5187800
2020-02-20,22.373329162597656,29.93000030517578,29.59000015258789,29.8799991607666,2858000
2020-02-21,22.156187057495117,30.110000610351562,29.3700008392334,29.59000015258789,3031200
2020-02-24,21.886627197265625,29.34000015258789,28.899999618530273,29.229999542236328,3678300
2020-02-25,21.250167846679688,29.350000381469727,27.90999984741211,28.3799991607666,7015100
2020-02-26,20.17193603515625,28.700000762939453,26.920000076293945,26.940000534057617,8256100
2020-02-27,19.745136260986328,26.959999084472656,25.75,26.3700008392334,7140600
2020-02-28,19.984745025634766,26.700000762939453,24.729999542236328,26.690000534057617,9385100
2020-03-02,21.145343780517578,28.299999237060547,26.729999542236328,28.239999771118164,8240000
2020-03-03,20.718538284301758,28.969999313354492,27.360000610351562,27.670000076293945,5143000
2020-03-04,21.55716323852539,28.829999923706055,27.940000534057617,28.790000915527344,2919300
2020-03-05,21.317564010620117,28.65999984741211,27.950000762939453,28.469999313354492,3706700
2020-03-06,21.152828216552734,28.639999389648438,27.25,28.25,7003200
2020-03-09,20.606224060058594,28.030000686645508,26.010000228881836,27.520000457763672,5455500
2020-03-10,20.860807418823242,28.229999542236328,26.440000534057617,27.860000610351562,6303900
2020-03-11,20.074596405029297,27.389999389648438,26.3799991607666,26.809999465942383,7153600
2020-03-12,18.07537269592285,26.8799991607666,24.110000610351562,24.139999389648438,9965600
2020-03-13,18.562076568603516,25.3700008392334,22.829999923706055,24.790000915527344,7255200
2020-03-16,20.37410545349121,28.81999969482422,22.8799991607666,27.209999084472656,9145900
2020-03-17,22.313430786132812,30.81999969482422,27.559999465942383,29.799999237060547,10445200
2020-03-18,20.41154670715332,31.940000534057617,27.0,27.260000228881836,10570000
2020-03-19,19.700212478637695,28.520000457763672,24.540000915527344,26.309999465942383,7306600
2020-03-20,19.50552749633789,27.1299991607666,25.209999084472656,26.049999237060547,7980800
2020-03-23,19.288387298583984,27.450000762939453,24.860000610351562,25.760000228881836,6674800
2020-03-24,19.864940643310547,27.389999389648438,25.75,26.530000686645508,6051500
2020-03-25,19.527992248535156,27.549999237060547,25.899999618530273,26.079999923706055,6451600
2020-03-26,20.85331916809082,28.0,25.6200008392334,27.850000381469727,5753900
2020-03-27,20.90573501586914,28.1200008392334,26.700000762939453,27.920000076293945,5413400
2020-03-30,21.137849807739258,29.190000534057617,27.690000534057617,28.229999542236328,5890900
2020-03-31,21.968992233276367,31.950000762939453,28.639999389648438,29.34000015258789,11205600
2020-04-01,22.28347396850586,30.139999389648438,28.260000228881836,29.760000228881836,8379500
2020-04-02,22.410770416259766,30.40999984741211,29.049999237060547,29.93000030517578,3777600
2020-04-03,23.36919593811035,31.280000686645508,29.530000686645508,31.209999084472656,4954300
2020-04-06,23.43658447265625,32.0,30.959999084472656,31.299999237060547,6386200
2020-04-07,22.800127029418945,31.489999771118164,30.1299991607666,30.450000762939453,6884100
2020-04-08,23.444076538085938,31.31999969482422,30.1200008392334,31.309999465942383,3616600
2020-04-09,24.305164337158203,32.869998931884766,31.0,32.459999084472656,5145600
2020-04-13,23.93077278137207,32.59000015258789,31.549999237060547,31.959999084472656,3095800
2020-04-14,24.964078903198242,33.709999084472656,32.29999923706055,33.34000015258789,3457200
2020-04-15,24.61216163635254,33.400001525878906,32.61000061035156,32.869998931884766,2618800
2020-04-16,25.061426162719727,33.56999969482422,32.22999954223633,33.470001220703125,4964700
2020-04-17,25.143789291381836,33.72999954223633,32.959999084472656,33.58000183105469,4020900
2020-04-20,25.368425369262695,34.65999984741211,33.29999923706055,33.880001068115234,3439900
2020-04-21,25.330982208251953,34.290000915527344,33.54999923706055,33.83000183105469,3201500
2020-04-22,25.68290138244629,34.52000045776367,33.75,34.29999923706055,2484300
2020-04-23,25.443296432495117,34.369998931884766,33.84000015258789,33.97999954223633,4239000
2020-04-24,25.593053817749023,34.58000183105469,33.720001220703125,34.18000030517578,2978100
2020-04-27,25.90753746032715,35.029998779296875,34.2599983215332,34.599998474121094,2783300
2020-04-28,25.915023803710938,35.45000076293945,34.54999923706055,34.61000061035156,3595600
2020-04-29,25.774137496948242,34.56999969482422,33.810001373291016,34.209999084472656,4974900
2020-04-30,25.194013595581055,34.29999923706055,33.189998626708984,33.439998626708984,3809500
2020-05-01,25.073463439941406,33.77000045776367,32.95000076293945,33.279998779296875,1883500
2020-05-04,25.178945541381836,33.4900016784668,32.650001525878906,33.41999816894531,2605200
2020-05-05,25.156343460083008,33.939998626708984,33.209999084472656,33.38999938964844,2683900
2020-05-06,25.171411514282227,33.86000061035156,33.310001373291016,33.40999984741211,1680000
2020-05-07,24.990585327148438,33.77000045776367,33.099998474121094,33.16999816894531,2265400
2020-05-08,25.25428581237793,33.689998626708984,33.119998931884766,33.52000045776367,2257300
2020-05-11,25.171411514282227,33.58000183105469,32.88999938964844,33.40999984741211,1985500
2020-05-12,25.69879913330078,34.380001068115234,33.5099983215332,34.11000061035156,3030700
2020-05-13,25.65359115600586,34.400001525878906,33.650001525878906,34.04999923706055,2351600
2020-05-14,25.487842559814453,34.2599983215332,33.47999954223633,33.83000183105469,2149400
2020-05-15,25.743995666503906,34.56999969482422,33.91999816894531,34.16999816894531,2377600
2020-05-18,25.623449325561523,34.459999084472656,33.40999984741211,34.0099983215332,3883100
2020-05-19,24.89264488220215,34.189998626708984,33.029998779296875,33.040000915527344,2902300
2020-05-20,24.659086227416992,33.27000045776367,32.290000915527344,32.72999954223633,5177800
2020-05-21,24.297456741333008,32.709999084472656,31.65999984741211,32.25,4283200
2020-05-22,24.621421813964844,32.709999084472656,32.060001373291016,32.68000030517578,2435500
2020-05-26,24.824840545654297,33.29999923706055,32.79999923706055,32.95000076293945,4786800
2020-05-27,25.41249656677246,33.75,32.70000076293945,33.72999954223633,2409400
2020-05-28,25.548114776611328,34.18000030517578,33.59000015258789,33.90999984741211,2600200
2020-05-29,26.21111297607422,34.86000061035156,33.70000076293945,34.790000915527344,5397100
2020-06-01,26.158376693725586,35.18000030517578,34.459999084472656,34.720001220703125,2756400
2020-06-02,25.97002410888672,34.7400016784668,34.279998779296875,34.470001220703125,3768200
2020-06-03,25.352231979370117,34.77000045776367,33.5,33.650001525878906,3765600
2020-06-04,25.0960693359375,33.869998931884766,33.099998474121094,33.310001373291016,2851200
2020-06-05,25.178945541381836,33.54999923706055,32.470001220703125,33.41999816894531,3932500
2020-06-08,25.563180923461914,34.08000183105469,32.88999938964844,33.93000030517578,3547000
2020-06-09,25.29195213317871,34.0,33.13999938964844,33.56999969482422,2401900
2020-06-10,25.013193130493164,33.939998626708984,33.099998474121094,33.20000076293945,2953400
2020-06-11,23.97348976135254,33.130001068115234,31.770000457763672,31.81999969482422,3661900
2020-06-12,24.41800308227539,32.459999084472656,31.719999313354492,32.40999984741211,3592300
2020-06-15,25.111135482788086,33.34000015258789,31.760000228881836,33.33000183105469,3167200
2020-06-16,25.804271697998047,34.529998779296875,33.65999984741211,34.25,3775200
2020-06-17,25.841941833496094,34.5,33.95000076293945,34.29999923706055,3236100
2020-06-18,25.79673957824707,34.56999969482422,34.029998779296875,34.2400016784668,3273300
2020-06-19,25.276885986328125,34.869998931884766,33.54999923706055,33.54999923706055,7334600
2020-06-22,25.917285919189453,34.709999084472656,34.08000183105469,34.400001525878906,3991700
2020-06-23,25.78166961669922,34.68000030517578,34.029998779296875,34.220001220703125,4340100
2020-06-24,25.45770263671875,34.029998779296875,33.439998626708984,33.790000915527344,3774100
2020-06-25,25.382362365722656,33.93000030517578,33.58000183105469,33.689998626708984,3862700
2020-06-26,24.59128189086914,33.86000061035156,32.58000183105469,32.63999938964844,5568000
2020-06-29,25.38990020751953,33.90999984741211,32.880001068115234,33.70000076293945,4521700
2020-06-30,26.497411727905273,35.790000915527344,34.16999816894531,35.16999816894531,8438500
2020-07-01,26.87411117553711,36.04999923706055,35.29999923706055,35.66999816894531,5449400
2020-07-02,26.6782283782959,36.04999923706055,35.40999984741211,35.40999984741211,3737200
2020-07-06,26.77617073059082,35.939998626708984,35.189998626708984,35.540000915527344,2693600
2020-07-07,27.032329559326172,36.0,35.20000076293945,35.880001068115234,2545800
2020-07-08,26.896724700927734,35.880001068115234,35.439998626708984,35.70000076293945,2717600
2020-07-09,26.82137680053711,36.0,35.52000045776367,35.599998474121094,2870400
2020-07-10,27.356292724609375,36.4900016784668,35.58000183105469,36.310001373291016,3199100
2020-07-13,26.851516723632812,36.56999969482422,35.5,35.63999938964844,2972200
2020-07-14,27.702863693237305,36.79999923706055,35.61000061035156,36.77000045776367,3414700
2020-07-15,27.574783325195312,37.09000015258789,36.2400016784668,36.599998474121094,2471800
2020-07-16,27.574783325195312,37.119998931884766,36.439998626708984,36.599998474121094,1999000
2020-07-17,27.559715270996094,36.84000015258789,36.33000183105469,36.58000183105469,3226200
2020-07-20,27.273422241210938,36.529998779296875,35.75,36.20000076293945,2835200
2020-07-21,27.378896713256836,36.91999816894531,36.22999954223633,36.34000015258789,2509000
2020-07-22,27.50697898864746,36.66999816894531,35.939998626708984,36.5099983215332,2636000
2020-07-23,27.740530014038086,37.20000076293945,36.41999816894531,36.81999969482422,2211800
2020-07-24,27.582321166992188,37.189998626708984,36.369998931884766,36.61000061035156,2290100
2020-07-27,27.85355567932129,36.970001220703125,36.43000030517578,36.970001220703125,2054300
2020-07-28,28.094635009765625,37.61000061035156,36.869998931884766,37.290000915527344,2351600
2020-07-29,28.35079574584961,37.81999969482422,37.27000045776367,37.630001068115234,2341500
2020-07-30,28.1549072265625,37.650001525878906,37.099998474121094,37.369998931884766,2093400
2020-07-31,28.215177536010742,37.7599983215332,36.90999984741211,37.45000076293945,2686700
2020-08-03,28.459928512573242,37.72999954223633,37.189998626708984,37.560001373291016,2110100
2020-08-04,28.83878517150879,38.06999969482422,37.380001068115234,38.060001373291016,3004200
2020-08-05,28.475072860717773,38.040000915527344,37.31999969482422,37.58000183105469,2059500
2020-08-06,28.391735076904297,37.91999816894531,37.29999923706055,37.470001220703125,1557000
2020-08-07,28.672088623046875,37.90999984741211,37.20000076293945,37.84000015258789,2051700
2020-08-10,28.59632110595703,38.119998931884766,37.63999938964844,37.7400016784668,1320000
2020-08-11,28.225032806396484,37.97999954223633,37.13999938964844,37.25,1558100
2020-08-12,28.672088623046875,38.099998474121094,37.52000045776367,37.84000015258789,1738200
2020-08-13,28.566007614135742,37.95000076293945,37.619998931884766,37.70000076293945,1721500
2020-08-14,28.626617431640625,38.11000061035156,37.540000915527344,37.779998779296875,1385700
2020-08-17,28.83120346069336,38.2400016784668,37.58000183105469,38.04999923706055,1881600
2020-08-18,28.929712295532227,38.36000061035156,37.83000183105469,38.18000030517578,1982100
2020-08-19,28.747859954833984,38.2400016784668,37.720001220703125,37.939998626708984,2569600
2020-08-20,28.770593643188477,38.150001525878906,37.77000045776367,37.970001220703125,2321400
2020-08-21,28.656936645507812,38.029998779296875,37.470001220703125,37.81999969482422,6081200
2020-08-24,28.990320205688477,38.31999969482422,37.599998474121094,38.2599983215332,2043600
2020-08-25,29.354028701782227,38.790000915527344,38.209999084472656,38.7400016784668,2914600
2020-08-26,29.346454620361328,38.849998474121094,38.52000045776367,38.72999954223633,2712000
2020-08-27,29.376771926879883,39.34000015258789,38.7599983215332,38.77000045776367,2002900
2020-08-28,28.914560317993164,38.84000015258789,37.720001220703125,38.15999984741211,2733600
2020-08-31,29.066102981567383,38.54999923706055,38.02000045776367,38.36000061035156,2598900
2020-09-01,28.664512634277344,38.45000076293945,37.560001373291016,37.83000183105469,2665200
2020-09-02,28.98275375366211,38.40999984741211,37.75,38.25,3159300
2020-09-03,28.346271514892578,38.709999084472656,37.02000045776367,37.40999984741211,2738400
2020-09-04,28.134105682373047,37.52000045776367,36.439998626708984,37.130001068115234,2281100
2020-09-08,26.633825302124023,37.08000183105469,35.040000915527344,35.150001525878906,4705800
2020-09-09,27.13391876220703,36.189998626708984,35.380001068115234,35.810001373291016,2860100
2020-09-10,26.2928524017334,35.849998474121094,34.619998931884766,34.70000076293945,3317600
2020-09-11,26.118574142456055,34.900001525878906,34.2400016784668,34.470001220703125,3219500
2020-09-14,26.209497451782227,34.849998474121094,34.369998931884766,34.59000015258789,2565600
2020-09-15,26.194347381591797,34.84000015258789,34.209999084472656,34.56999969482422,2811300
2020-09-16,26.361045837402344,35.130001068115234,34.58000183105469,34.790000915527344,2731400
2020-09-17,26.36862564086914,34.83000183105469,34.15999984741211,34.79999923706055,2829400
2020-09-18,26.17919158935547,35.209999084472656,34.31999969482422,34.54999923706055,4473800
2020-09-21,26.550472259521484,35.040000915527344,34.25,35.040000915527344,2884500
2020-09-22,26.633825302124023,35.900001525878906,34.939998626708984,35.150001525878906,5579600
2020-09-23,25.6563663482666,35.40999984741211,33.79999923706055,33.86000061035156,3376500
2020-09-24,26.239809036254883,34.63999938964844,33.650001525878906,34.630001068115234,2073100
2020-09-25,26.611087799072266,35.20000076293945,34.43000030517578,35.119998931884766,2252200
2020-09-28,26.868717193603516,35.75,35.15999984741211,35.459999084472656,2287200
2020-09-29,26.88387107849121,35.7400016784668,35.099998474121094,35.47999954223633,2526500
2020-09-30,27.058143615722656,35.9900016784668,35.34000015258789,35.709999084472656,4032500
2020-10-01,27.17937660217285,36.5099983215332,34.529998779296875,35.869998931884766,6045700
2020-10-02,27.944673538208008,37.16999816894531,36.060001373291016,36.880001068115234,5228600
2020-10-05,28.11137580871582,37.16999816894531,36.630001068115234,37.099998474121094,2287300
2020-10-06,27.92194366455078,37.20000076293945,36.630001068115234,36.849998474121094,2001900
2020-10-07,28.323532104492188,37.560001373291016,36.849998474121094,37.380001068115234,2936900
2020-10-08,28.225032806396484,37.72999954223633,37.09000015258789,37.25,1817300
2020-10-09,28.27806854248047,37.7400016784668,37.20000076293945,37.31999969482422,2353000
2020-10-12,28.8009033203125,38.130001068115234,37.25,38.0099983215332,2676100
2020-10-13,28.747859954833984,38.41999816894531,37.7400016784668,37.939998626708984,2270400
2020-10-14,28.558429718017578,38.22999954223633,37.56999969482422,37.689998626708984,1558700
2020-10-15,28.634212493896484,37.84000015258789,37.29999923706055,37.790000915527344,1773600
2020-10-16,28.72513198852539,38.08000183105469,37.72999954223633,37.90999984741211,1799800
2020-10-19,28.391735076904297,38.2599983215332,37.38999938964844,37.470001220703125,3458000
2020-10-20,28.126523971557617,38.0099983215332,37.060001373291016,37.119998931884766,2140100
2020-10-21,28.10379409790039,37.41999816894531,36.95000076293945,37.09000015258789,2500400
2020-10-22,28.528121948242188,37.77000045776367,36.86000061035156,37.650001525878906,2741200
2020-10-23,28.793323516845703,38.029998779296875,37.540000915527344,38.0,2134300
2020-10-26,28.452346801757812,38.150001525878906,37.31999969482422,37.54999923706055,2821400
2020-10-27,28.00529670715332,37.70000076293945,36.939998626708984,36.959999084472656,2702500
2020-10-28,27.171804428100586,36.91999816894531,35.54999923706055,35.86000061035156,2727900
2020-10-29,26.899024963378906,35.959999084472656,35.25,35.5,2549900
2020-10-30,26.79593276977539,35.349998474121094,34.72999954223633,35.09000015258789,2715500
2020-11-02,27.185386657714844,35.810001373291016,35.16999816894531,35.599998474121094,2385600
2020-11-03,27.68174934387207,36.68000030517578,35.7599983215332,36.25,1632100
2020-11-04,27.712295532226562,36.849998474121094,36.029998779296875,36.290000915527344,2381600
2020-11-05,27.613025665283203,36.68000030517578,36.130001068115234,36.15999984741211,2083400
2020-11-06,27.544296264648438,36.529998779296875,35.849998474121094,36.06999969482422,1561100
2020-11-09,26.253759384155273,36.38999938964844,34.310001373291016,34.380001068115234,4442800
2020-11-10,26.711933135986328,34.9900016784668,33.939998626708984,34.97999954223633,4604400
2020-11-11,27.116657257080078,35.689998626708984,34.880001068115234,35.5099983215332,1691900
2020-11-12,27.040300369262695,35.59000015258789,34.88999938964844,35.40999984741211,2732700
2020-11-13,27.513755798339844,36.04999923706055,35.459999084472656,36.029998779296875,1554200
2020-11-16,27.903207778930664,36.54999923706055,35.66999816894531,36.540000915527344,2513600
2020-11-17,27.292301177978516,36.34000015258789,35.58000183105469,35.7400016784668,2779800
2020-11-18,27.093751907348633,36.119998931884766,35.470001220703125,35.47999954223633,2775700
2020-11-19,27.63593101501465,36.220001220703125,35.209999084472656,36.189998626708984,2622700
2020-11-20,27.38393211364746,36.29999923706055,35.650001525878906,35.86000061035156,2988000
2020-11-23,27.261762619018555,35.88999938964844,35.33000183105469,35.70000076293945,2637400
2020-11-24,27.00211524963379,35.81999969482422,35.2599983215332,35.36000061035156,4108800
2020-11-25,27.307565689086914,36.06999969482422,35.529998779296875,35.7599983215332,2046200
2020-11-27,27.445022583007812,35.95000076293945,35.63999938964844,35.939998626708984,698400
2020-11-30,27.91848373413086,36.599998474121094,35.79999923706055,36.560001373291016,4051600
2020-12-01,27.712295532226562,36.599998474121094,36.08000183105469,36.290000915527344,2623100
2020-12-02,26.857025146484375,36.40999984741211,35.0,35.16999816894531,4175600
2020-12-03,27.01738739013672,35.5099983215332,35.0099983215332,35.380001068115234,3592800
2020-12-04,27.10138511657715,35.650001525878906,35.150001525878906,35.4900016784668,6138500
2020-12-07,27.009750366210938,35.95000076293945,34.93000030517578,35.369998931884766,3340400
2020-12-08,27.261762619018555,35.720001220703125,35.209999084472656,35.70000076293945,2656400
2020-12-09,27.269386291503906,35.84000015258789,35.369998931884766,35.709999084472656,2754400
2020-12-10,27.009750366210938,35.849998474121094,35.310001373291016,35.369998931884766,2321900
2020-12-11,26.994483947753906,35.43000030517578,35.060001373291016,35.349998474121094,3204100
2020-12-14,27.208297729492188,35.9900016784668,35.36000061035156,35.630001068115234,2729200
2020-12-15,27.23883819580078,35.84000015258789,35.41999816894531,35.66999816894531,2988500
2020-12-16,27.170116424560547,35.959999084472656,35.5,35.58000183105469,2431700
2020-12-17,27.620655059814453,36.2599983215332,35.7400016784668,36.16999816894531,2743900
2020-12-18,27.58247184753418,36.25,35.63999938964844,36.119998931884766,5896200
2020-12-21,27.467937469482422,36.150001525878906,35.4900016784668,35.970001220703125,2541600
2020-12-22,27.48320770263672,36.380001068115234,35.88999938964844,35.9900016784668,2790000
2020-12-23,27.80393409729004,36.529998779296875,36.060001373291016,36.40999984741211,2235000
2020-12-24,27.781021118164062,36.43000030517578,36.150001525878906,36.380001068115234,807700
2020-12-28,27.964298248291016,36.849998474121094,36.439998626708984,36.619998931884766,2093900
2020-12-29,27.81156349182129,36.97999954223633,36.40999984741211,36.41999816894531,1778900
2020-12-30,27.590112686157227,36.599998474121094,36.02000045776367,36.130001068115234,1744200
2020-12-31,27.68938636779785,36.290000915527344,35.720001220703125,36.2599983215332,2317000
2021-01-04,27.48320770263672,36.47999954223633,35.7599983215332,35.9900016784668,4339600
2021-01-05,27.154842376708984,35.77000045776367,35.25,35.560001373291016,4993600
2021-01-06,27.28465461730957,36.099998474121094,35.47999954223633,35.72999954223633,4167200
2021-01-07,25.79557228088379,35.70000076293945,33.7599983215332,33.779998779296875,8903800
2021-01-08,26.01702308654785,34.130001068115234,33.400001525878906,34.06999969482422,6455300
2021-01-11,25.276296615600586,34.27000045776367,33.040000915527344,33.099998474121094,6959600
2021-01-12,25.131214141845703,33.33000183105469,32.54999923706055,32.90999984741211,6291400
2021-01-13,25.490121841430664,33.650001525878906,32.810001373291016,33.380001068115234,5381000
2021-01-14,26.00175666809082,34.11000061035156,33.279998779296875,34.04999923706055,4063000
2021-01-15,25.856666564941406,34.2599983215332,33.790000915527344,33.86000061035156,4462800
2021-01-19,25.681026458740234,34.02000045776367,33.59000015258789,33.630001068115234,4251400
2021-01-20,25.780296325683594,33.86000061035156,33.060001373291016,33.7599983215332,3904100
2021-01-21,26.00939178466797,34.119998931884766,33.45000076293945,34.060001373291016,4214800
2021-01-22,26.253759384155273,34.66999816894531,34.040000915527344,34.380001068115234,4256600
2021-01-25,26.6966609954834,35.63999938964844,34.2599983215332,34.959999084472656,3925900
2021-01-26,27.10138511657715,35.560001373291016,34.869998931884766,35.4900016784668,3965800
2021-01-27,27.315204620361328,36.599998474121094,35.18000030517578,35.77000045776367,5167800
2021-01-28,26.703411102294922,35.65999984741211,34.349998474121094,34.70000076293945,5154500
2021-01-29,26.62645721435547,35.310001373291016,34.54999923706055,34.599998474121094,4118000
2021-02-01,26.318641662597656,34.939998626708984,34.02000045776367,34.20000076293945,5131000
2021-02-02,26.680320739746094,34.9900016784668,34.119998931884766,34.66999816894531,3909100
2021-02-03,26.641843795776367,34.88999938964844,34.09000015258789,34.619998931884766,3196600
2021-02-04,26.618759155273438,34.97999954223633,34.38999938964844,34.59000015258789,2905600
2021-02-05,26.641843795776367,35.029998779296875,34.40999984741211,34.619998931884766,3102500
2021-02-08,26.780364990234375,34.849998474121094,34.34000015258789,34.79999923706055,3250700
2021-02-09,26.764976501464844,35.08000183105469,34.560001373291016,34.779998779296875,2192000
2021-02-10,27.18053436279297,35.45000076293945,34.9900016784668,35.31999969482422,2668300
2021-02-11,26.495637893676758,35.400001525878906,34.31999969482422,34.43000030517578,2925300
2021-02-12,26.587980270385742,34.599998474121094,34.099998474121094,34.54999923706055,3216700
2021-02-16,26.087772369384766,34.439998626708984,33.619998931884766,33.900001525878906,3685100
2021-02-17,26.141643524169922,34.130001068115234,33.599998474121094,33.970001220703125,3763700
2021-02-18,26.703411102294922,34.93000030517578,33.7400016784668,34.70000076293945,3233600
2021-02-19,26.241680145263672,34.91999816894531,34.099998474121094,34.099998474121094,4819200
2021-02-22,26.534107208251953,34.63999938964844,33.97999954223633,34.47999954223633,3378700
2021-02-23,26.911190032958984,35.15999984741211,34.31999969482422,34.970001220703125,3623800
2021-02-24,27.118974685668945,35.40999984741211,34.900001525878906,35.2400016784668,4809300
2021-02-25,26.60337257385254,35.58000183105469,34.459999084472656,34.56999969482422,4155500
2021-02-26,26.110858917236328,34.689998626708984,33.90999984741211,33.93000030517578,4591100
2021-03-01,26.280162811279297,34.599998474121094,33.9900016784668,34.150001525878906,2872500
2021-03-02,26.403287887573242,34.540000915527344,33.9900016784668,34.310001373291016,2760500
2021-03-03,26.77267074584961,34.849998474121094,33.88999938964844,34.790000915527344,3997100
2021-03-04,26.680320739746094,35.56999969482422,34.5099983215332,34.66999816894531,3853300
2021-03-05,27.319055557250977,35.779998779296875,34.7400016784668,35.5,6531600
2021-03-08,28.11168670654297,36.91999816894531,35.459999084472656,36.529998779296875,5818200
2021-03-09,27.734607696533203,36.86000061035156,36.02000045776367,36.040000915527344,4258900
2021-03-10,28.32716941833496,36.88999938964844,35.619998931884766,36.810001373291016,3682300
2021-03-11,28.088605880737305,36.90999984741211,36.40999984741211,36.5,2519100
2021-03-12,28.534942626953125,37.189998626708984,36.61000061035156,37.08000183105469,2383600
2021-03-15,28.727333068847656,37.41999816894531,36.90999984741211,37.33000183105469,2525700
2021-03-16,28.71963119506836,37.52000045776367,37.040000915527344,37.31999969482422,3064700
2021-03-17,28.511850357055664,37.470001220703125,36.9900016784668,37.04999923706055,2477100
2021-03-18,28.56572151184082,37.33000183105469,36.959999084472656,37.119998931884766,2274900
2021-03-19,29.127492904663086,37.9900016784668,37.119998931884766,37.849998474121094,7733300
2021-03-22,29.45071029663086,38.27000045776367,37.40999984741211,38.27000045776367,4057800
2021-03-23,29.242929458618164,38.47999954223633,37.900001525878906,38.0,3563000
2021-03-24,28.396421432495117,37.540000915527344,36.720001220703125,36.900001525878906,3055700
2021-03-25,29.15058135986328,38.02000045776367,36.900001525878906,37.880001068115234,3842700
2021-03-26,29.62770652770996,38.56999969482422,37.72999954223633,38.5,2689300
2021-03-29,29.773910522460938,38.91999816894531,38.45000076293945,38.689998626708984,2381600
2021-03-30,29.48918342590332,38.97999954223633,38.290000915527344,38.31999969482422,2873000
2021-03-31,28.93510627746582,38.22999954223633,37.529998779296875,37.599998474121094,4084900
2021-04-01,28.696550369262695,37.66999816894531,36.84000015258789,37.290000915527344,4445800
2021-04-05,28.850461959838867,37.869998931884766,37.279998779296875,37.4900016784668,3710800
2021-04-06,28.950498580932617,37.900001525878906,37.380001068115234,37.619998931884766,3105000
2021-04-07,28.658077239990234,37.88999938964844,37.04999923706055,37.2400016784668,4262000
2021-04-08,28.704242706298828,37.349998474121094,35.880001068115234,37.29999923706055,4523700
2021-04-09,27.850040435791016,37.290000915527344,35.84000015258789,36.189998626708984,5036400
2021-04-12,28.881237030029297,37.56999969482422,36.279998779296875,37.529998779296875,5388900
2021-04-13,28.642681121826172,37.63999938964844,37.18000030517578,37.220001220703125,3340600
2021-04-14,28.665769577026367,37.41999816894531,36.93000030517578,37.25,3041900
2021-04-15,28.919713973999023,37.619998931884766,37.279998779296875,37.58000183105469,1901400
2021-04-16,28.89662742614746,37.7400016784668,37.150001525878906,37.54999923706055,2855000
2021-04-19,29.127492904663086,37.91999816894531,37.40999984741211,37.849998474121094,3104900
2021-04-20,29.45071029663086,38.349998474121094,37.5099983215332,38.27000045776367,3575400
2021-04-21,29.666179656982422,38.650001525878906,38.18000030517578,38.54999923706055,3132400
2021-04-22,29.373756408691406,38.689998626708984,38.04999923706055,38.16999816894531,2084400
2021-04-23,28.942800521850586,38.06999969482422,37.34000015258789,37.61000061035156,2687300
2021-04-26,28.627286911010742,37.650001525878906,37.16999816894531,37.20000076293945,2448100
2021-04-27,28.519556045532227,37.349998474121094,37.0,37.060001373291016,3169700
2021-04-28,28.46568489074707,37.349998474121094,36.869998931884766,36.9900016784668,2578600
2021-04-29,28.655635833740234,37.15999984741211,36.68000030517578,36.959999084472656,3249900
2021-04-30,28.75642204284668,37.189998626708984,36.779998779296875,37.09000015258789,2882600
2021-05-03,29.07430648803711,37.70000076293945,37.11000061035156,37.5,2894500
2021-05-04,29.14408302307129,37.61000061035156,37.0,37.59000015258789,3208200
2021-05-05,29.28364372253418,37.83000183105469,37.29999923706055,37.77000045776367,3406000
2021-05-06,29.578258514404297,38.560001373291016,37.88999938964844,38.150001525878906,5065200
2021-05-07,29.423202514648438,38.0099983215332,37.4900016784668,37.95000076293945,2473600
2021-05-10,29.655797958374023,38.459999084472656,37.86000061035156,38.25,2796700
2021-05-11,29.423202514648438,38.599998474121094,37.689998626708984,37.95000076293945,3180300
2021-05-12,29.07430648803711,38.119998931884766,37.4900016784668,37.5,2682800
2021-05-13,29.56275177001953,38.369998931884766,37.16999816894531,38.130001068115234,3714300
2021-05-14,29.120826721191406,38.45000076293945,37.529998779296875,37.560001373291016,2885400
2021-05-17,29.2448787689209,38.09000015258789,37.439998626708984,37.720001220703125,2510200
2021-05-18,29.167343139648438,37.88999938964844,37.540000915527344,37.619998931884766,2457200
2021-05-19,29.17510223388672,37.650001525878906,37.11000061035156,37.630001068115234,2632100
2021-05-20,29.485219955444336,38.380001068115234,37.65999984741211,38.029998779296875,3007200
2021-05-21,29.593767166137695,38.470001220703125,38.040000915527344,38.16999816894531,2879600
2021-05-24,29.640283584594727,38.59000015258789,38.06999969482422,38.22999954223633,1777900
2021-05-25,29.54724884033203,38.349998474121094,37.81999969482422,38.11000061035156,2159600
2021-05-26,29.392187118530273,38.15999984741211,37.779998779296875,37.90999984741211,1797100
2021-05-27,29.399934768676758,38.18000030517578,37.84000015258789,37.91999816894531,4048200
2021-05-28,29.539491653442383,38.369998931884766,37.880001068115234,38.099998474121094,2387500
2021-06-01,29.60151481628418,38.439998626708984,37.900001525878906,38.18000030517578,2230600
2021-06-02,30.136486053466797,38.869998931884766,38.0099983215332,38.869998931884766,3033400
2021-06-03,30.089967727661133,39.09000015258789,38.54999923706055,38.810001373291016,2465700
2021-06-04,30.175249099731445,39.0099983215332,38.709999084472656,38.91999816894531,1841500
2021-06-07,30.074459075927734,39.029998779296875,38.5099983215332,38.790000915527344,1646300
2021-06-08,29.82636833190918,38.900001525878906,38.34000015258789,38.470001220703125,2599800
2021-06-09,28.926992416381836,38.20000076293945,37.040000915527344,37.310001373291016,7351200
2021-06-10,28.81845474243164,37.529998779296875,36.81999969482422,37.16999816894531,3751900
2021-06-11,28.9424991607666,37.5099983215332,36.970001220703125,37.33000183105469,3175200
2021-06-14,29.05104637145996,37.5,37.08000183105469,37.470001220703125,2716000
2021-06-15,28.880475997924805,37.61000061035156,37.22999954223633,37.25,3046500
2021-06-16,28.70990562438965,37.33000183105469,36.970001220703125,37.029998779296875,2229700
2021-06-17,28.205951690673828,37.06999969482422,36.34000015258789,36.380001068115234,3267300
2021-06-18,27.66322898864746,36.2599983215332,35.65999984741211,35.68000030517578,6424300
2021-06-21,27.78728485107422,35.959999084472656,35.599998474121094,35.84000015258789,2407900
2021-06-22,27.701993942260742,35.970001220703125,35.54999923706055,35.72999954223633,3644700
2021-06-23,27.345354080200195,35.7400016784668,35.27000045776367,35.27000045776367,2016300
2021-06-24,27.461647033691406,35.65999984741211,35.060001373291016,35.41999816894531,2127400
2021-06-25,27.639972686767578,35.709999084472656,35.36000061035156,35.650001525878906,4287800
2021-06-28,27.779531478881836,36.029998779296875,35.56999969482422,35.83000183105469,2213200
2021-06-29,27.880319595336914,36.119998931884766,35.790000915527344,35.959999084472656,3280400
2021-06-30,28.205951690673828,36.66999816894531,35.90999984741211,36.380001068115234,6066300
2021-07-01,27.911340713500977,36.4900016784668,35.81999969482422,36.0,4575900
2021-07-02,27.80278778076172,36.130001068115234,35.79999923706055,35.86000061035156,2281400
2021-07-06,27.826051712036133,35.95000076293945,35.630001068115234,35.88999938964844,2627300
2021-07-07,28.04313087463379,36.43000030517578,35.79999923706055,36.16999816894531,2288600
2021-07-08,27.981111526489258,36.380001068115234,35.869998931884766,36.09000015258789,2215400
2021-07-09,28.004365921020508,36.380001068115234,35.91999816894531,36.119998931884766,2532000
2021-07-12,27.857065200805664,36.0099983215332,35.68000030517578,35.93000030517578,3746600
2021-07-13,26.345199584960938,35.27000045776367,33.880001068115234,33.97999954223633,11039600
2021-07-14,26.275415420532227,34.16999816894531,33.29999923706055,33.88999938964844,6734400
2021-07-15,26.887916564941406,34.779998779296875,33.790000915527344,34.68000030517578,5286800
2021-07-16,27.0274715423584,35.09000015258789,34.70000076293945,34.86000061035156,3470800
2021-07-19,27.446144104003906,35.56999969482422,34.75,35.400001525878906,5523600
2021-07-20,27.143774032592773,35.7400016784668,35.0,35.0099983215332,3408100
2021-07-21,26.763866424560547,35.099998474121094,34.47999954223633,34.52000045776367,2956500
2021-07-22,26.461496353149414,34.47999954223633,33.95000076293945,34.130001068115234,3466000
2021-07-23,26.554529190063477,34.400001525878906,34.060001373291016,34.25,4382000
2021-07-26,26.554529190063477,34.439998626708984,34.18000030517578,34.25,3407300
2021-07-27,26.53127098083496,34.5099983215332,34.06999969482422,34.220001220703125,2761700
2021-07-28,26.174623489379883,34.29999923706055,33.68000030517578,33.7599983215332,3641700
2021-07-29,26.081586837768555,34.0099983215332,33.59000015258789,33.63999938964844,2925900
2021-07-30,25.965288162231445,34.029998779296875,33.4900016784668,33.4900016784668,6274200
2021-08-02,26.124168395996094,33.45000076293945,33.08000183105469,33.380001068115234,4299000
2021-08-03,25.920679092407227,33.56999969482422,33.09000015258789,33.119998931884766,3064400
2021-08-04,25.349363327026367,33.130001068115234,32.31999969482422,32.38999938964844,3574800
2021-08-05,25.25544548034668,32.630001068115234,32.25,32.27000045776367,3523600
2021-08-06,25.638931274414062,32.88999938964844,32.400001525878906,32.7599983215332,2984600
2021-08-09,25.944164276123047,33.18000030517578,32.7599983215332,33.150001525878906,2599500
2021-08-10,26.139816284179688,33.470001220703125,32.9900016784668,33.400001525878906,2940800
2021-08-11,26.460697174072266,34.02000045776367,33.439998626708984,33.810001373291016,5734300
2021-08-12,26.280691146850586,33.869998931884766,33.560001373291016,33.58000183105469,2143500
2021-08-13,26.648527145385742,34.08000183105469,33.630001068115234,34.04999923706055,2068900
2021-08-16,26.58591651916504,34.279998779296875,33.849998474121094,33.970001220703125,2108200
2021-08-17,26.6641788482666,34.15999984741211,33.849998474121094,34.06999969482422,4924800
2021-08-18,26.030244827270508,34.06999969482422,33.22999954223633,33.2599983215332,3193100
2021-08-19,26.249387741088867,33.81999969482422,33.290000915527344,33.540000915527344,3185100
2021-08-20,26.39808464050293,33.900001525878906,33.369998931884766,33.72999954223633,2626100
2021-08-23,26.257213592529297,33.75,33.41999816894531,33.54999923706055,2046900
2021-08-24,25.905025482177734,33.61000061035156,33.029998779296875,33.099998474121094,3121000
2021-08-25,25.71719741821289,33.029998779296875,32.65999984741211,32.86000061035156,2650000
2021-08-26,25.693721771240234,32.88999938964844,32.31999969482422,32.83000183105469,5294500
2021-08-27,25.86589813232422,33.2400016784668,32.70000076293945,33.04999923706055,2673400
2021-08-30,25.537195205688477,32.9900016784668,32.56999969482422,32.630001068115234,3017900
2021-08-31,25.920679092407227,33.16999816894531,32.369998931884766,33.119998931884766,6947600
2021-09-01,26.163297653198242,33.47999954223633,33.040000915527344,33.43000030517578,3426000
2021-09-02,26.194604873657227,33.72999954223633,33.189998626708984,33.470001220703125,3395400
2021-09-03,26.210256576538086,33.630001068115234,33.22999954223633,33.4900016784668,3318100
2021-09-07,25.967639923095703,33.41999816894531,32.869998931884766,33.18000030517578,5008200
2021-09-08,26.272863388061523,33.869998931884766,33.209999084472656,33.56999969482422,3563800
2021-09-09,25.99894142150879,33.58000183105469,33.209999084472656,33.220001220703125,3217600
2021-09-10,25.897199630737305,33.279998779296875,32.7400016784668,33.09000015258789,3049500
2021-09-13,26.131994247436523,33.58000183105469,33.099998474121094,33.38999938964844,3810900
2021-09-14,25.9754695892334,33.54999923706055,33.060001373291016,33.189998626708984,2736000
2021-09-15,26.17112159729004,33.529998779296875,33.06999969482422,33.439998626708984,2448700
2021-09-16,26.163297653198242,33.70000076293945,33.15999984741211,33.43000030517578,2235400
2021-09-17,26.194604873657227,33.689998626708984,33.150001525878906,33.470001220703125,4379200
2021-09-20,26.00676918029785,33.56999969482422,32.95000076293945,33.22999954223633,2569700
2021-09-21,25.80328941345215,33.470001220703125,32.91999816894531,32.970001220703125,1854800
2021-09-22,26.061553955078125,33.56999969482422,32.9900016784668,33.29999923706055,2786700
2021-09-23,25.9754695892334,33.4900016784668,33.16999816894531,33.189998626708984,2747900
2021-09-24,26.100683212280273,33.45000076293945,33.2400016784668,33.349998474121094,1639800
2021-09-27,26.44504165649414,33.95000076293945,33.36000061035156,33.790000915527344,2249800
2021-09-28,26.32764434814453,34.099998474121094,33.45000076293945,33.63999938964844,3041000
2021-09-29,27.125938415527344,35.02000045776367,33.79999923706055,34.65999984741211,6706600
2021-09-30,26.50765037536621,34.63999938964844,33.86000061035156,33.869998931884766,3927200
2021-10-01,26.374610900878906,34.099998474121094,33.560001373291016,33.70000076293945,2659200
2021-10-04,26.625043869018555,34.18000030517578,33.75,34.02000045776367,3232800
2021-10-05,26.82070541381836,34.58000183105469,33.939998626708984,34.27000045776367,5102600
2021-10-06,26.985057830810547,34.5,33.849998474121094,34.47999954223633,2920600
2021-10-07,26.781578063964844,34.79999923706055,34.099998474121094,34.220001220703125,4430400
2021-10-08,26.3902645111084,34.4900016784668,33.52000045776367,33.720001220703125,4705100
2021-10-11,26.257213592529297,34.15999984741211,33.38999938964844,33.54999923706055,3772700
2021-10-12,26.147642135620117,33.79999923706055,33.290000915527344,33.40999984741211,3089200
2021-10-13,25.951990127563477,33.560001373291016,33.060001373291016,33.15999984741211,3654100
2021-10-14,26.4528751373291,33.81999969482422,33.09000015258789,33.79999923706055,3709700
2021-10-15,26.022422790527344,33.95000076293945,33.13999938964844,33.25,2909300
2021-10-18,25.944164276123047,33.45000076293945,32.97999954223633,33.150001525878906,2822100
2021-10-19,25.99894142150879,33.22999954223633,32.88999938964844,33.220001220703125,1969200
2021-10-20,26.374610900878906,33.779998779296875,33.189998626708984,33.70000076293945,2073400
2021-10-21,26.092857360839844,33.7599983215332,33.18000030517578,33.34000015258789,1576100
2021-10-22,26.092857360839844,33.52000045776367,33.25,33.34000015258789,1308900
2021-10-25,25.740676879882812,33.34000015258789,32.869998931884766,32.88999938964844,2376300
2021-10-26,25.850242614746094,33.20000076293945,32.83000183105469,33.029998779296875,2439000
2021-10-27,25.529367446899414,33.2599983215332,32.38999938964844,32.619998931884766,3019100
2021-10-28,25.65458869934082,32.849998474121094,32.529998779296875,32.779998779296875,4022300
2021-10-29,25.44361114501953,32.70000076293945,32.189998626708984,32.20000076293945,3338100
2021-11-01,25.61745262145996,32.66999816894531,32.11000061035156,32.41999816894531,5504800
2021-11-02,25.941421508789062,32.880001068115234,32.220001220703125,32.83000183105469,4045700
2021-11-03,26.07574462890625,33.0099983215332,32.650001525878906,33.0,2508100
2021-11-04,25.799192428588867,33.02000045776367,32.36000061035156,32.650001525878906,2727700
2021-11-05,25.751781463623047,32.95000076293945,32.5,32.59000015258789,2287900
2021-11-08,25.514726638793945,32.59000015258789,32.189998626708984,32.290000915527344,3785900
2021-11-09,25.712268829345703,32.689998626708984,32.22999954223633,32.540000915527344,3711600
2021-11-10,25.66486358642578,32.779998779296875,32.22999954223633,32.47999954223633,3476900
2021-11-11,25.348791122436523,32.41999816894531,32.06999969482422,32.08000183105469,3099600
2021-11-12,25.48311996459961,32.279998779296875,31.93000030517578,32.25,4360400
2021-11-15,25.522628784179688,32.380001068115234,32.029998779296875,32.29999923706055,3438800
2021-11-16,25.277677536010742,32.63999938964844,31.969999313354492,31.989999771118164,3037900
2021-11-17,25.13544273376465,32.02000045776367,31.700000762939453,31.809999465942383,2208000
2021-11-18,24.590221405029297,31.719999313354492,30.959999084472656,31.1200008392334,6941900
2021-11-19,24.274150848388672,31.309999465942383,30.719999313354492,30.719999313354492,3439300
2021-11-22,24.787769317626953,31.649999618530273,30.520000457763672,31.3700008392334,4869800
2021-11-23,24.914196014404297,31.809999465942383,31.40999984741211,31.530000686645508,3996000
2021-11-24,24.969507217407227,31.850000381469727,31.3799991607666,31.600000381469727,2939600
2021-11-26,24.969507217407227,31.969999313354492,31.450000762939453,31.600000381469727,2609400
2021-11-29,24.898391723632812,31.799999237060547,31.399999618530273,31.510000228881836,2971700
2021-11-30,24.13982391357422,31.450000762939453,30.450000762939453,30.549999237060547,8397700
2021-12-01,24.06080436706543,31.270000457763672,30.440000534057617,30.450000762939453,4752100
2021-12-02,24.479597091674805,31.34000015258789,30.600000381469727,30.979999542236328,4186200
2021-12-03,24.787769317626953,31.56999969482422,31.09000015258789,31.3700008392334,3122700
2021-12-06,25.103839874267578,32.130001068115234,31.600000381469727,31.770000457763672,2577100
2021-12-07,25.127540588378906,32.029998779296875,31.5,31.799999237060547,2870500
2021-12-08,25.056427001953125,32.08000183105469,31.43000030517578,31.709999084472656,2730200
2021-12-09,25.1828556060791,32.04999923706055,31.56999969482422,31.8700008392334,2346000
2021-12-10,25.348791122436523,32.220001220703125,31.959999084472656,32.08000183105469,2191000
2021-12-13,25.65695571899414,32.720001220703125,31.940000534057617,32.470001220703125,5102400
2021-12-14,25.680660247802734,32.83000183105469,32.43000030517578,32.5,4660500
2021-12-15,26.02043342590332,32.959999084472656,32.40999984741211,32.93000030517578,3765400
2021-12-16,27.1820011138916,34.630001068115234,32.86000061035156,34.400001525878906,6151500
2021-12-17,27.32422637939453,34.77000045776367,34.16999816894531,34.58000183105469,11112100
2021-12-20,27.1187801361084,34.47999954223633,33.65999984741211,34.31999969482422,5723400
2021-12-21,26.73159408569336,34.380001068115234,33.63999938964844,33.83000183105469,5368300
2021-12-22,26.43922996520996,33.939998626708984,33.2400016784668,33.459999084472656,3767100
2021-12-23,26.33650779724121,33.54999923706055,33.2599983215332,33.33000183105469,1996100
2021-12-27,26.407623291015625,33.45000076293945,32.970001220703125,33.41999816894531,1836900
2021-12-28,26.818513870239258,33.939998626708984,33.380001068115234,33.939998626708984,2423300
2021-12-29,26.771106719970703,34.119998931884766,33.849998474121094,33.880001068115234,2019700
2021-12-30,26.771106719970703,34.08000183105469,33.72999954223633,33.880001068115234,1729600
2021-12-31,26.984455108642578,34.22999954223633,33.810001373291016,34.150001525878906,1711100
2022-01-03,26.913333892822266,34.099998474121094,33.470001220703125,34.060001373291016,4799600
2022-01-04,27.023963928222656,34.56999969482422,34.02000045776367,34.20000076293945,4937800
2022-01-05,26.984455108642578,34.7400016784668,34.0099983215332,34.150001525878906,7322700
2022-01-06,26.494544982910156,33.939998626708984,32.56999969482422,33.529998779296875,7620900
2022-01-07,27.45855712890625,35.0099983215332,33.619998931884766,34.75,6240100
2022-01-10,27.00025177001953,35.11000061035156,34.029998779296875,34.16999816894531,4421700
2022-01-11,26.850120544433594,34.349998474121094,33.599998474121094,33.97999954223633,3604800
2022-01-12,26.502443313598633,33.88999938964844,33.41999816894531,33.540000915527344,3287200
2022-01-13,27.158287048339844,34.59000015258789,33.58000183105469,34.369998931884766,3237400
2022-01-14,27.743017196655273,35.130001068115234,34.060001373291016,35.11000061035156,4297500
2022-01-18,27.89314842224121,35.400001525878906,34.560001373291016,35.29999923706055,5998300
2022-01-19,28.098596572875977,35.790000915527344,34.939998626708984,35.560001373291016,6067200
2022-01-20,28.011674880981445,35.9900016784668,35.119998931884766,35.45000076293945,5844500
2022-01-21,27.853639602661133,35.90999984741211,35.099998474121094,35.25,5573900
2022-01-24,27.90105438232422,35.5099983215332,34.619998931884766,35.310001373291016,7232200
2022-01-25,27.68770980834961,35.470001220703125,34.650001525878906,35.040000915527344,4318300
2022-01-26,27.52967071533203,35.47999954223633,34.630001068115234,34.84000015258789,3995300
2022-01-27,27.94845962524414,35.90999984741211,35.13999938964844,35.369998931884766,5311600
2022-01-28,28.174076080322266,35.349998474121094,34.68000030517578,35.34000015258789,4602200
2022-01-31,27.71168327331543,35.20000076293945,34.58000183105469,34.7599983215332,7757700
2022-02-01,27.879108428955078,35.08000183105469,34.34000015258789,34.970001220703125,4277900
2022-02-02,28.094362258911133,35.41999816894531,34.810001373291016,35.2400016784668,4070500
2022-02-03,28.118276596069336,35.619998931884766,35.060001373291016,35.27000045776367,3544300
2022-02-04,27.68776512145996,35.27000045776367,34.43000030517578,34.72999954223633,2879200
2022-02-07,27.88707733154297,35.13999938964844,34.4900016784668,34.97999954223633,2424800
2022-02-08,28.102333068847656,35.34000015258789,34.97999954223633,35.25,2140100
2022-02-09,28.054494857788086,35.380001068115234,35.130001068115234,35.189998626708984,1962400
2022-02-10,27.83924102783203,35.29999923706055,34.779998779296875,34.91999816894531,3041800
2022-02-11,28.453115463256836,35.70000076293945,34.83000183105469,35.689998626708984,3182800
2022-02-14,28.14219093322754,35.95000076293945,34.7599983215332,35.29999923706055,2924700
2022-02-15,28.237857818603516,35.70000076293945,35.15999984741211,35.41999816894531,3162300
2022-02-16,28.245830535888672,36.040000915527344,35.310001373291016,35.43000030517578,3203500
2022-02-17,28.604583740234375,35.88999938964844,35.220001220703125,35.880001068115234,2778500
2022-02-18,28.716196060180664,36.20000076293945,35.70000076293945,36.02000045776367,4006100
2022-02-22,28.572702407836914,36.20000076293945,35.40999984741211,35.84000015258789,3101000
2022-02-23,28.49297523498535,36.029998779296875,35.5,35.7400016784668,3308900
2022-02-24,27.35293197631836,35.709999084472656,33.66999816894531,34.310001373291016,4102000
2022-02-25,28.18205451965332,35.560001373291016,34.540000915527344,35.349998474121094,3752600
2022-02-28,27.879108428955078,35.189998626708984,34.65999984741211,34.970001220703125,3742800
2022-03-01,27.496440887451172,35.11000061035156,34.2599983215332,34.4900016784668,4409300
2022-03-02,27.58413314819336,34.91999816894531,34.380001068115234,34.599998474121094,4353300
2022-03-03,27.60007667541504,34.91999816894531,34.439998626708984,34.619998931884766,3998200
2022-03-04,27.42469024658203,34.630001068115234,33.959999084472656,34.400001525878906,4043800
2022-03-07,26.866622924804688,34.47999954223633,33.68000030517578,33.70000076293945,4734500
2022-03-08,24.65829849243164,33.529998779296875,30.93000030517578,30.93000030517578,8230100
2022-03-09,24.857606887817383,32.25,31.170000076293945,31.18000030517578,5442800
2022-03-10,24.451019287109375,31.06999969482422,30.18000030517578,30.670000076293945,7632500
2022-03-11,23.99659538269043,30.8799991607666,30.059999465942383,30.100000381469727,5525200
2022-03-14,25.168527603149414,32.04999923706055,30.510000228881836,31.56999969482422,9878700
2022-03-15,25.37580680847168,32.2400016784668,31.690000534057617,31.829999923706055,5912500
2022-03-16,25.272167205810547,31.989999771118164,31.360000610351562,31.700000762939453,4762200
2022-03-17,25.559165954589844,32.060001373291016,31.329999923706055,32.060001373291016,5731600
2022-03-18,25.30405616760254,31.950000762939453,31.229999542236328,31.739999771118164,25082600
2022-03-21,25.479448318481445,32.099998474121094,31.6299991607666,31.959999084472656,4873000
2022-03-22,25.75847625732422,32.439998626708984,31.6299991607666,32.310001373291016,4321900
2022-03-23,25.62294578552246,32.630001068115234,32.029998779296875,32.13999938964844,5114600
2022-03-24,25.734556198120117,32.380001068115234,32.029998779296875,32.279998779296875,3332300
2022-03-25,26.220867156982422,32.88999938964844,32.209999084472656,32.88999938964844,5250600
2022-03-28,26.173038482666016,32.970001220703125,32.540000915527344,32.83000183105469,3409600
2022-03-29,26.62745475769043,33.41999816894531,32.959999084472656,33.400001525878906,4200500
2022-03-30,26.62745475769043,33.40999984741211,32.880001068115234,33.400001525878906,3277800
2022-03-31,26.76298713684082,33.689998626708984,33.2400016784668,33.56999969482422,4563200
2022-04-01,27.169570922851562,34.13999938964844,33.36000061035156,34.08000183105469,4628800
2022-04-04,27.201457977294922,34.20000076293945,33.36000061035156,34.119998931884766,4431400
2022-04-05,27.18551254272461,34.68000030517578,33.97999954223633,34.099998474121094,5364000
2022-04-06,27.376850128173828,34.709999084472656,34.06999969482422,34.34000015258789,4831400
2022-04-07,27.4486026763916,35.150001525878906,33.75,34.43000030517578,6127800
2022-04-08,27.504404067993164,34.68000030517578,34.150001525878906,34.5,7036700
2022-04-11,27.903026580810547,35.25,34.560001373291016,35.0,7366100
2022-04-12,27.974777221679688,35.220001220703125,34.70000076293945,35.09000015258789,5030300
2022-04-13,28.429195404052734,35.70000076293945,34.900001525878906,35.65999984741211,4554400
2022-04-14,28.397302627563477,35.959999084472656,35.45000076293945,35.619998931884766,3530100
2022-04-18,28.213937759399414,35.689998626708984,35.2599983215332,35.38999938964844,2432400
2022-04-19,28.88361358642578,36.459999084472656,35.459999084472656,36.22999954223633,3830000
2022-04-20,29.13075828552246,36.810001373291016,36.279998779296875,36.540000915527344,4309400
2022-04-21,29.146699905395508,36.970001220703125,36.43000030517578,36.560001373291016,4479900
2022-04-22,28.795917510986328,36.86000061035156,36.099998474121094,36.119998931884766,5982300
2022-04-25,28.787940979003906,36.34000015258789,35.33000183105469,36.11000061035156,3713200
2022-04-26,28.22988510131836,36.2400016784668,35.38999938964844,35.40999984741211,4354500
2022-04-27,28.4052791595459,36.06999969482422,35.470001220703125,35.630001068115234,3754100
2022-04-28,28.8902645111084,35.93000030517578,35.220001220703125,35.91999816894531,3993500
2022-04-29,28.09401512145996,35.97999954223633,34.869998931884766,34.93000030517578,5331500
2022-05-02,27.522966384887695,35.33000183105469,33.77000045776367,34.220001220703125,4599700
2022-05-03,28.02967071533203,35.029998779296875,34.16999816894531,34.849998474121094,3628800
2022-05-04,28.70528221130371,35.77000045776367,34.689998626708984,35.689998626708984,2816500
2022-05-05,28.488117218017578,35.880001068115234,35.209999084472656,35.41999816894531,3732200
2022-05-06,28.624845504760742,35.72999954223633,35.2400016784668,35.59000015258789,3818100
2022-05-09,29.18785285949707,36.529998779296875,35.349998474121094,36.290000915527344,5163800
2022-05-10,28.721363067626953,36.66999816894531,35.41999816894531,35.709999084472656,3884800
2022-05-11,28.70528221130371,36.15999984741211,35.56999969482422,35.689998626708984,3513900
2022-05-12,28.689191818237305,36.09000015258789,35.29999923706055,35.66999816894531,4260800
2022-05-13,28.86613655090332,35.9900016784668,35.560001373291016,35.88999938964844,4112900
2022-05-16,28.665063858032227,36.029998779296875,35.45000076293945,35.63999938964844,3799900
2022-05-17,28.399648666381836,35.58000183105469,34.439998626708984,35.310001373291016,5130000
2022-05-18,26.00284767150879,35.099998474121094,32.16999816894531,32.33000183105469,5948000
2022-05-19,25.52831268310547,32.09000015258789,31.309999465942383,31.739999771118164,5213600
2022-05-20,25.512226104736328,32.08000183105469,31.020000457763672,31.719999313354492,6200400
2022-05-23,26.010892868041992,32.75,31.93000030517578,32.34000015258789,4029800
2022-05-24,26.445209503173828,32.970001220703125,32.16999816894531,32.880001068115234,3073100
2022-05-25,26.356731414794922,32.939998626708984,32.52000045776367,32.77000045776367,3978600
2022-05-26,26.525636672973633,33.45000076293945,32.68000030517578,32.97999954223633,3790800
2022-05-27,26.662368774414062,33.25,32.79999923706055,33.150001525878906,3918000
2022-05-31,26.453250885009766,33.08000183105469,32.38999938964844,32.88999938964844,7429300
2022-06-01,26.15566062927246,32.93000030517578,31.969999313354492,32.52000045776367,3505100
2022-06-02,25.99480628967285,32.63999938964844,31.31999969482422,32.31999969482422,3789900
2022-06-03,25.737428665161133,32.52000045776367,31.959999084472656,32.0,2974100
2022-06-06,25.906330108642578,32.40999984741211,31.90999984741211,32.209999084472656,2249300
2022-06-07,26.220003128051758,32.61000061035156,31.790000915527344,32.599998474121094,2584900
2022-06-08,26.268264770507812,32.790000915527344,32.290000915527344,32.65999984741211,3049100
2022-06-09,25.938501358032227,32.97999954223633,32.22999954223633,32.25,2363200
2022-06-10,26.195877075195312,32.709999084472656,31.84000015258789,32.56999969482422,3454400
2022-06-13,25.737428665161133,32.470001220703125,31.850000381469727,32.0,3917900
2022-06-14,25.576570510864258,32.29999923706055,31.40999984741211,31.799999237060547,3826200
2022-06-15,25.721345901489258,32.33000183105469,31.6200008392334,31.979999542236328,4491700
2022-06-16,25.536352157592773,32.029998779296875,31.100000381469727,31.75,3775800
2022-06-17,25.230724334716797,32.11000061035156,31.06999969482422,31.3700008392334,6369400
2022-06-21,26.010892868041992,32.47999954223633,31.489999771118164,32.34000015258789,3567000
2022-06-22,26.107404708862305,32.58000183105469,32.040000915527344,32.459999084472656,3216100
2022-06-23,26.791059494018555,33.36000061035156,32.52000045776367,33.310001373291016,3164700
2022-06-24,27.42645263671875,34.2599983215332,33.220001220703125,34.099998474121094,6089200
2022-06-27,27.386234283447266,34.209999084472656,33.72999954223633,34.04999923706055,4679200
2022-06-28,27.29776382446289,34.43000030517578,33.849998474121094,33.939998626708984,3585900
2022-06-29,27.611438751220703,34.54999923706055,33.86000061035156,34.33000183105469,4380700
2022-06-30,27.539051055908203,34.52000045776367,33.9900016784668,34.2400016784668,4899600
2022-07-01,27.796428680419922,34.66999816894531,34.13999938964844,34.560001373291016,6490900
2022-07-05,27.64360809326172,34.47999954223633,33.880001068115234,34.369998931884766,3981700
2022-07-06,27.981414794921875,34.97999954223633,34.27000045776367,34.790000915527344,4511300
2022-07-07,28.311176300048828,35.25,34.52000045776367,35.20000076293945,4069100
2022-07-08,28.399648666381836,35.810001373291016,35.16999816894531,35.310001373291016,3903600
2022-07-11,28.60071563720703,35.720001220703125,35.22999954223633,35.560001373291016,4414800
2022-07-12,28.632890701293945,36.06999969482422,35.54999923706055,35.599998474121094,3300600
2022-07-13,28.745492935180664,36.04999923706055,35.33000183105469,35.7400016784668,5516400
2022-07-14,26.662368774414062,33.90999984741211,32.529998779296875,33.150001525878906,12513800
2022-07-15,27.12885856628418,33.880001068115234,32.849998474121094,33.72999954223633,5217900
2022-07-18,26.87148666381836,34.209999084472656,33.34000015258789,33.40999984741211,4676200
2022-07-19,26.903656005859375,33.810001373291016,33.38999938964844,33.45000076293945,4074600
2022-07-20,26.646286010742188,33.439998626708984,32.84000015258789,33.130001068115234,2962200
2022-07-21,26.686500549316406,33.34000015258789,32.959999084472656,33.18000030517578,2501300
2022-07-22,27.048431396484375,33.630001068115234,33.20000076293945,33.630001068115234,2939300
2022-07-25,27.241456985473633,34.130001068115234,33.5099983215332,33.869998931884766,2880800
2022-07-26,27.201250076293945,33.91999816894531,33.349998474121094,33.81999969482422,3821500
2022-07-27,26.847360610961914,34.209999084472656,32.84000015258789,33.380001068115234,8401600
2022-07-28,27.337980270385742,34.099998474121094,33.209999084472656,33.9900016784668,2935000
2022-07-29,27.51491928100586,34.2400016784668,33.599998474121094,34.209999084472656,5366300
2022-08-01,28.013586044311523,35.040000915527344,34.16999816894531,34.83000183105469,4968600
2022-08-02,27.70502471923828,34.650001525878906,34.06999969482422,34.119998931884766,2828400
2022-08-03,27.851186752319336,34.439998626708984,33.939998626708984,34.29999923706055,2344000
2022-08-04,27.591350555419922,34.470001220703125,33.939998626708984,33.97999954223633,2208800
2022-08-05,27.956748962402344,34.439998626708984,33.79999923706055,34.43000030517578,1765500
2022-08-08,27.826826095581055,34.68000030517578,34.18000030517578,34.27000045776367,1726200
2022-08-09,27.859302520751953,34.529998779296875,34.119998931884766,34.310001373291016,2085700
2022-08-10,27.940505981445312,34.61000061035156,34.290000915527344,34.40999984741211,1713400
2022-08-11,27.964862823486328,34.88999938964844,34.33000183105469,34.439998626708984,1932100
2022-08-12,27.924264907836914,34.599998474121094,34.13999938964844,34.38999938964844,2508200
2022-08-15,28.338376998901367,34.97999954223633,34.15999984741211,34.900001525878906,3263100
2022-08-16,28.61446189880371,35.470001220703125,34.88999938964844,35.2400016784668,2907300
2022-08-17,28.606338500976562,35.630001068115234,35.16999816894531,35.22999954223633,2964000
2022-08-18,28.65505599975586,35.31999969482422,34.849998474121094,35.290000915527344,1996200
2022-08-19,28.744373321533203,35.61000061035156,35.189998626708984,35.400001525878906,2489300
2022-08-22,28.5413761138916,35.38999938964844,35.029998779296875,35.150001525878906,2518000
2022-08-23,28.573854446411133,35.380001068115234,34.90999984741211,35.189998626708984,2451700
2022-08-24,28.866167068481445,35.599998474121094,35.029998779296875,35.54999923706055,2606200
2022-08-25,28.890535354614258,35.619998931884766,35.290000915527344,35.58000183105469,1549600
2022-08-26,28.34649658203125,35.72999954223633,34.900001525878906,34.90999984741211,1886600
2022-08-29,28.452058792114258,35.33000183105469,34.61000061035156,35.040000915527344,1781200
2022-08-30,28.216581344604492,35.08000183105469,34.650001525878906,34.75,1680400
2022-08-31,27.91614532470703,35.0,34.34000015258789,34.380001068115234,3928800
2022-09-01,27.851186752319336,34.560001373291016,33.83000183105469,34.29999923706055,3611300
2022-09-02,27.78622817993164,34.83000183105469,34.09000015258789,34.220001220703125,2706400
2022-09-06,27.47767448425293,34.369998931884766,33.779998779296875,33.84000015258789,2487500
2022-09-07,28.175981521606445,34.75,33.79999923706055,34.70000076293945,2437500
2022-09-08,27.867427825927734,34.459999084472656,33.86000061035156,34.31999969482422,3354900
2022-09-09,27.90802574157715,34.65999984741211,34.060001373291016,34.369998931884766,2077400
2022-09-12,28.143505096435547,34.91999816894531,34.349998474121094,34.65999984741211,2829900
2022-09-13,27.323400497436523,34.58000183105469,33.59000015258789,33.650001525878906,3169200
2022-09-14,27.079795837402344,33.66999816894531,33.16999816894531,33.349998474121094,4314000
2022-09-15,27.299028396606445,33.7599983215332,33.0099983215332,33.619998931884766,2569800
2022-09-16,27.46954917907715,33.95000076293945,33.4900016784668,33.83000183105469,4998500
2022-09-19,27.80246925354004,34.27000045776367,33.75,34.2400016784668,2301800
2022-09-20,27.591350555419922,34.189998626708984,33.72999954223633,33.97999954223633,2458200
2022-09-21,27.867427825927734,34.93000030517578,34.16999816894531,34.31999969482422,3752900
2022-09-22,28.22469711303711,34.97999954223633,34.310001373291016,34.7599983215332,2796400
2022-09-23,27.891782760620117,34.790000915527344,33.91999816894531,34.349998474121094,2737400
2022-09-26,27.607589721679688,34.63999938964844,33.97999954223633,34.0,3930700
2022-09-27,26.89303970336914,34.34000015258789,33.11000061035156,33.119998931884766,3460100
2022-09-28,27.17723846435547,33.650001525878906,32.91999816894531,33.470001220703125,4138500
2022-09-29,27.006715774536133,33.61000061035156,33.130001068115234,33.2599983215332,3919100
2022-09-30,26.495166778564453,33.58000183105469,32.61000061035156,32.630001068115234,4562400
2022-10-03,26.722524642944336,33.06999969482422,32.41999816894531,32.90999984741211,5843000
2022-10-04,27.53451156616211,33.970001220703125,33.13999938964844,33.90999984741211,4371400
2022-10-05,27.445194244384766,33.97999954223633,33.04999923706055,33.79999923706055,4595400
2022-10-06,26.438331604003906,34.70000076293945,32.29999923706055,32.560001373291016,6449700
2022-10-07,26.673799514770508,32.900001525878906,32.369998931884766,32.849998474121094,5503400
2022-10-10,27.258434295654297,33.79999923706055,32.88999938964844,33.56999969482422,4353000
2022-10-11,27.518266677856445,34.0099983215332,33.45000076293945,33.88999938964844,4020300
2022-10-12,27.266557693481445,34.09000015258789,33.560001373291016,33.58000183105469,4381500
2022-10-13,27.91614532470703,34.58000183105469,33.15999984741211,34.380001068115234,4052900
2022-10-14,27.843067169189453,34.70000076293945,34.209999084472656,34.290000915527344,3066500
2022-10-17,27.810583114624023,34.66999816894531,33.959999084472656,34.25,3120800
2022-10-18,28.36273956298828,34.939998626708984,34.45000076293945,34.93000030517578,2890000
2022-10-19,28.36273956298828,35.119998931884766,34.540000915527344,34.93000030517578,2538000
2022-10-20,27.89990997314453,34.97999954223633,34.2599983215332,34.36000061035156,3376800
2022-10-21,28.167858123779297,34.790000915527344,34.220001220703125,34.689998626708984,2316100
2022-10-24,28.419584274291992,35.189998626708984,34.72999954223633,35.0,3116500
2022-10-25,28.452058792114258,35.220001220703125,34.65999984741211,35.040000915527344,3135600
2022-10-26,28.61446189880371,35.52000045776367,34.77000045776367,35.2400016784668,3540300
2022-10-27,29.052927017211914,36.099998474121094,35.310001373291016,35.779998779296875,4083100
2022-10-28,29.751230239868164,36.81999969482422,35.849998474121094,36.63999938964844,3474000
2022-10-31,29.799957275390625,36.849998474121094,36.43000030517578,36.70000076293945,3961300
2022-11-01,29.50764274597168,36.77000045776367,36.31999969482422,36.34000015258789,3221200
2022-11-02,29.425695419311523,36.77000045776367,35.84000015258789,35.90999984741211,3855300
2022-11-03,29.310976028442383,36.099998474121094,35.52000045776367,35.77000045776367,3051100
2022-11-04,29.483057022094727,36.220001220703125,35.61000061035156,35.97999954223633,5220800
2022-11-07,29.581388473510742,36.22999954223633,35.70000076293945,36.099998474121094,3181100
2022-11-08,29.24542808532715,36.16999816894531,35.529998779296875,35.689998626708984,3329600
2022-11-09,29.114315032958984,36.18000030517578,35.4900016784668,35.529998779296875,2826700
2022-11-10,28.835710525512695,36.08000183105469,34.290000915527344,35.189998626708984,4032500
2022-11-11,28.31947135925293,35.16999816894531,33.209999084472656,34.560001373291016,4533700
2022-11-14,27.827808380126953,34.959999084472656,33.95000076293945,33.959999084472656,4902500
2022-11-15,28.171972274780273,34.41999816894531,33.86000061035156,34.380001068115234,3384900
2022-11-16,28.712793350219727,35.13999938964844,34.52000045776367,35.040000915527344,4179800
2022-11-17,28.630849838256836,35.650001525878906,34.650001525878906,34.939998626708984,3966700
2022-11-18,29.45847511291504,36.15999984741211,35.36000061035156,35.95000076293945,5196800
2022-11-21,29.827213287353516,36.47999954223633,35.880001068115234,36.400001525878906,3388700
2022-11-22,29.974716186523438,36.88999938964844,36.5,36.58000183105469,2634100
2022-11-23,30.21234703063965,36.90999984741211,36.4900016784668,36.869998931884766,2120500
2022-11-25,30.41720962524414,37.16999816894531,36.97999954223633,37.119998931884766,1093500
2022-11-28,30.35165023803711,37.34000015258789,37.02000045776367,37.040000915527344,2021500
2022-11-29,30.28609275817871,37.11000061035156,36.68000030517578,36.959999084472656,2527400
2022-11-30,31.121917724609375,38.0,36.7599983215332,37.97999954223633,4932800
2022-12-01,30.999008178710938,38.290000915527344,37.65999984741211,37.83000183105469,2911900
2022-12-02,31.236635208129883,38.150001525878906,37.720001220703125,38.119998931884766,2391500
2022-12-05,31.34316062927246,38.29999923706055,37.560001373291016,38.25,3581600
2022-12-06,30.777759552001953,37.9900016784668,37.369998931884766,37.560001373291016,4374100
2022-12-07,31.326770782470703,38.45000076293945,37.779998779296875,38.22999954223633,3832100
2022-12-08,31.539831161499023,38.540000915527344,38.060001373291016,38.4900016784668,3198800
2022-12-09,31.15468978881836,38.560001373291016,37.9900016784668,38.02000045776367,2391300
2022-12-12,31.523439407348633,38.52000045776367,37.86000061035156,38.470001220703125,3392500
2022-12-13,31.326770782470703,38.61000061035156,37.9900016784668,38.22999954223633,4823600
2022-12-14,31.53162956237793,38.709999084472656,38.11000061035156,38.47999954223633,3405200
2022-12-15,31.392330169677734,38.41999816894531,37.91999816894531,38.310001373291016,4383700
2022-12-16,31.14649772644043,38.2599983215332,37.599998474121094,38.0099983215332,9081100
2022-12-19,31.24482536315918,38.560001373291016,37.939998626708984,38.130001068115234,3298500
2022-12-20,31.539831161499023,38.529998779296875,37.90999984741211,38.4900016784668,5326600
2022-12-21,31.777454376220703,39.060001373291016,38.54999923706055,38.779998779296875,3608800
2022-12-22,31.761062622070312,38.880001068115234,38.439998626708984,38.7599983215332,2414400
2022-12-23,31.826623916625977,38.849998474121094,38.61000061035156,38.84000015258789,2499100
2022-12-27,31.974117279052734,39.15999984741211,38.83000183105469,39.02000045776367,3351200
2022-12-28,31.670934677124023,39.220001220703125,38.630001068115234,38.650001525878906,2518000
2022-12-29,31.769271850585938,38.959999084472656,38.63999938964844,38.77000045776367,3890100
2022-12-30,31.711912155151367,38.959999084472656,38.5099983215332,38.70000076293945,3533500
2023-01-03,31.818431854248047,38.84000015258789,38.29999923706055,38.83000183105469,4237700
2023-01-04,31.670934677124023,38.88999938964844,38.349998474121094,38.650001525878906,5392500
2023-01-05,32.75258255004883,40.779998779296875,39.04999923706055,39.970001220703125,8498400
2023-01-06,33.56380844116211,41.029998779296875,40.20000076293945,40.959999084472656,5703600
2023-01-09,33.1213264465332,41.29999923706055,40.38999938964844,40.41999816894531,5333100
2023-01-10,33.13771057128906,40.79999923706055,40.209999084472656,40.439998626708984,4516300
2023-01-11,33.20326614379883,40.7400016784668,40.0,40.52000045776367,4269800
2023-01-12,32.883689880371094,40.65999984741211,39.959999084472656,40.130001068115234,3620100
2023-01-13,32.70341873168945,40.349998474121094,39.779998779296875,39.90999984741211,3085000
2023-01-17,32.8017463684082,40.310001373291016,39.880001068115234,40.029998779296875,3951600
2023-01-18,31.50704574584961,39.97999954223633,38.2400016784668,38.45000076293945,5330000
2023-01-19,31.35955047607422,38.59000015258789,38.220001220703125,38.27000045776367,3661900
2023-01-20,31.121917724609375,38.34000015258789,37.40999984741211,37.97999954223633,4347200
2023-01-23,30.671234130859375,38.13999938964844,37.40999984741211,37.43000030517578,3937900
2023-01-24,30.531930923461914,37.65999984741211,37.189998626708984,37.2599983215332,4461000
2023-01-25,30.433603286743164,37.459999084472656,36.72999954223633,37.13999938964844,5735600
2023-01-26,30.187772750854492,37.06999969482422,36.4900016784668,36.84000015258789,4793200
2023-01-27,30.146427154541016,36.63999938964844,36.06999969482422,36.459999084472656,3508800
2023-01-30,30.568117141723633,37.099998474121094,36.52000045776367,36.970001220703125,4586700
2023-01-31,30.750015258789062,37.25,36.68000030517578,37.189998626708984,8349900
2023-02-01,30.518503189086914,37.33000183105469,36.79999923706055,36.90999984741211,4216500
2023-02-02,29.981061935424805,36.52000045776367,36.09000015258789,36.2599983215332,4489900
2023-02-03,30.138158798217773,36.58000183105469,35.619998931884766,36.45000076293945,4399300
2023-02-06,30.518503189086914,36.95000076293945,36.459999084472656,36.90999984741211,3302500
2023-02-07,29.981061935424805,36.619998931884766,35.70000076293945,36.2599983215332,3910800
2023-02-08,30.00586700439453,36.41999816894531,36.06999969482422,36.290000915527344,4225000
2023-02-09,29.733007431030273,36.470001220703125,35.68000030517578,35.959999084472656,3535800
2023-02-10,30.072011947631836,36.439998626708984,35.90999984741211,36.369998931884766,3211400
2023-02-13,30.4110164642334,36.83000183105469,36.2400016784668,36.779998779296875,3403100
2023-02-14,29.815690994262695,36.72999954223633,35.75,36.060001373291016,3632700
2023-02-15,29.66686248779297,36.130001068115234,35.599998474121094,35.880001068115234,3379900
2023-02-16,29.617250442504883,35.970001220703125,35.56999969482422,35.81999969482422,3185800
2023-02-17,30.105083465576172,36.58000183105469,35.91999816894531,36.40999984741211,3762700
2023-02-21,30.063745498657227,36.65999984741211,35.81999969482422,36.36000061035156,4219200
2023-02-22,29.972789764404297,36.849998474121094,36.2400016784668,36.25,3989800
2023-02-23,30.08854866027832,36.66999816894531,36.16999816894531,36.38999938964844,3043300
2023-02-24,30.204307556152344,36.630001068115234,36.22999954223633,36.529998779296875,3413200
2023-02-27,30.39447784423828,36.939998626708984,36.599998474121094,36.7599983215332,3361800
2023-02-28,30.105083465576172,36.81999969482422,36.400001525878906,36.40999984741211,5706400
2023-03-01,29.551105499267578,36.25,35.290000915527344,35.7400016784668,3687300
2023-03-02,29.64205551147461,36.0,35.70000076293945,35.849998474121094,3373000
2023-03-03,29.6337947845459,36.0,35.279998779296875,35.84000015258789,3275200
2023-03-06,29.69166374206543,36.0,35.59000015258789,35.90999984741211,3815600
2023-03-07,29.62552261352539,36.0099983215332,35.5,35.83000183105469,6989500
2023-03-08,29.68339729309082,36.150001525878906,35.66999816894531,35.900001525878906,6289400
2023-03-09,29.005395889282227,36.040000915527344,34.849998474121094,35.08000183105469,4543300
2023-03-10,28.9475154876709,35.2599983215332,34.84000015258789,35.0099983215332,3270900
2023-03-13,29.021926879882812,35.790000915527344,34.900001525878906,35.099998474121094,3882000
2023-03-14,29.33612823486328,35.70000076293945,35.209999084472656,35.47999954223633,4378700
2023-03-15,29.49322509765625,35.68000030517578,35.04999923706055,35.66999816894531,3730200
2023-03-16,29.66686248779297,35.88999938964844,35.36000061035156,35.880001068115234,3407400
2023-03-17,29.369203567504883,35.93000030517578,35.22999954223633,35.52000045776367,9657500
2023-03-20,29.890108108520508,36.54999923706055,35.84000015258789,36.150001525878906,5942300
2023-03-21,30.11334991455078,36.439998626708984,35.970001220703125,36.41999816894531,4947200
2023-03-22,30.030670166015625,37.02000045776367,36.31999969482422,36.31999969482422,4363800
2023-03-23,30.237380981445312,36.720001220703125,36.13999938964844,36.56999969482422,6659300
2023-03-24,30.766551971435547,37.22999954223633,36.4900016784668,37.209999084472656,3587700
2023-03-27,30.750015258789062,37.540000915527344,37.119998931884766,37.189998626708984,3285000
2023-03-28,30.824438095092773,37.7400016784668,37.209999084472656,37.279998779296875,3854300
2023-03-29,31.055952072143555,37.83000183105469,37.34000015258789,37.560001373291016,4269400
2023-03-30,30.915388107299805,37.709999084472656,37.220001220703125,37.38999938964844,3795200
2023-03-31,31.055952072143555,37.7599983215332,37.290000915527344,37.560001373291016,4441000
2023-04-03,30.95672607421875,37.720001220703125,37.2599983215332,37.439998626708984,6459000
2023-04-04,31.072481155395508,37.66999816894531,37.18000030517578,37.58000183105469,6397700
2023-04-05,31.64299964904785,38.939998626708984,37.540000915527344,38.27000045776367,9835200
2023-04-06,31.73395347595215,38.779998779296875,38.040000915527344,38.380001068115234,4635400
2023-04-10,31.064210891723633,38.29999923706055,37.5,37.56999969482422,4790200
2023-04-11,31.34534454345703,38.0,37.52000045776367,37.90999984741211,3542300
2023-04-12,31.10555648803711,37.84000015258789,37.5099983215332,37.619998931884766,3434200
2023-04-13,31.039409637451172,37.709999084472656,37.31999969482422,37.540000915527344,4902300
2023-04-14,30.568117141723633,37.40999984741211,36.84000015258789,36.970001220703125,5827600
2023-04-17,30.8161563873291,37.31999969482422,37.0,37.27000045776367,2888300
2023-04-18,30.758291244506836,37.27000045776367,36.900001525878906,37.20000076293945,3718200
2023-04-19,30.882308959960938,37.369998931884766,36.959999084472656,37.349998474121094,2844600
2023-04-20,30.923654556274414,37.47999954223633,37.22999954223633,37.400001525878906,2938200
2023-04-21,30.96499252319336,37.65999984741211,37.13999938964844,37.45000076293945,4046000
2023-04-24,31.188241958618164,37.75,37.380001068115234,37.720001220703125,3437900
2023-04-25,31.535511016845703,38.439998626708984,37.7599983215332,38.13999938964844,5638000
2023-04-26,31.270919799804688,38.150001525878906,37.720001220703125,37.81999969482422,5149700
2023-04-27,31.612911224365234,37.90999984741211,37.29999923706055,37.900001525878906,2595100
2023-04-28,31.662946701049805,38.09000015258789,37.7400016784668,37.959999084472656,3624800
2023-05-01,31.879833221435547,38.36000061035156,38.029998779296875,38.220001220703125,3886200
2023-05-02,32.07167434692383,38.5,37.880001068115234,38.45000076293945,3299700
2023-05-03,31.771385192871094,38.72999954223633,37.900001525878906,38.09000015258789,4643700
2023-05-04,31.37935447692871,38.20000076293945,37.5,37.619998931884766,4535300
2023-05-05,31.546178817749023,38.029998779296875,37.369998931884766,37.81999969482422,1972800
2023-05-08,31.479450225830078,38.04999923706055,37.529998779296875,37.7400016784668,2245800
2023-05-09,31.537841796875,37.97999954223633,37.56999969482422,37.810001373291016,3642000
2023-05-10,30.65367889404297,37.93000030517578,36.4900016784668,36.75,7515400
2023-05-11,30.445152282714844,36.7599983215332,36.09000015258789,36.5,5770400
2023-05-12,30.65367889404297,36.79999923706055,36.52000045776367,36.75,2883700
2023-05-15,30.478517532348633,36.88999938964844,36.349998474121094,36.540000915527344,3382100
2023-05-16,30.395097732543945,36.630001068115234,36.04999923706055,36.439998626708984,5016300
2023-05-17,30.603628158569336,36.720001220703125,36.099998474121094,36.689998626708984,5371600
2023-05-18,29.86127471923828,36.5099983215332,35.630001068115234,35.79999923706055,4019500
2023-05-19,29.894636154174805,36.09000015258789,35.540000915527344,35.84000015258789,4016000
2023-05-22,29.5192813873291,35.900001525878906,35.099998474121094,35.38999938964844,4289200
2023-05-23,29.377483367919922,35.560001373291016,35.20000076293945,35.220001220703125,3746800
2023-05-24,29.24402618408203,35.310001373291016,34.779998779296875,35.060001373291016,3074800
2023-05-25,28.968769073486328,34.93000030517578,34.58000183105469,34.72999954223633,2675900
2023-05-26,29.06052017211914,34.90999984741211,34.34000015258789,34.84000015258789,4057400
2023-05-30,28.60175895690918,34.880001068115234,34.2400016784668,34.290000915527344,4498700
2023-05-31,29.085542678833008,34.9900016784668,34.40999984741211,34.869998931884766,11291000
2023-06-01,28.710189819335938,35.130001068115234,34.2599983215332,34.41999816894531,7989400
2023-06-02,29.302412033081055,35.2400016784668,34.279998779296875,35.130001068115234,5462400
2023-06-05,29.21065902709961,35.599998474121094,34.90999984741211,35.02000045776367,2622700
2023-06-06,28.62678337097168,35.119998931884766,34.08000183105469,34.31999969482422,3839400
2023-06-07,28.44327735900879,34.2400016784668,33.369998931884766,34.099998474121094,5293200
2023-06-08,28.743555068969727,34.47999954223633,34.0099983215332,34.459999084472656,2580100
2023-06-09,28.676830291748047,34.599998474121094,34.220001220703125,34.380001068115234,2757500
2023-06-12,28.62678337097168,34.470001220703125,33.849998474121094,34.31999969482422,2928300
2023-06-13,28.768585205078125,34.5,33.939998626708984,34.4900016784668,3125800
2023-06-14,29.152278900146484,35.099998474121094,34.439998626708984,34.95000076293945,5700200
2023-06-15,29.018814086914062,35.099998474121094,34.540000915527344,34.790000915527344,3463600
2023-06-16,28.893693923950195,35.060001373291016,34.52000045776367,34.63999938964844,4597400
2023-06-20,28.5600528717041,34.75,34.2400016784668,34.2400016784668,3276200
2023-06-21,28.68517303466797,34.599998474121094,34.029998779296875,34.38999938964844,2724600
2023-06-22,28.68517303466797,34.63999938964844,34.310001373291016,34.38999938964844,2272800
2023-06-23,28.434938430786133,34.65999984741211,34.04999923706055,34.09000015258789,4072900
2023-06-26,28.593414306640625,34.290000915527344,33.61000061035156,34.279998779296875,2921100
2023-06-27,28.5600528717041,34.5,34.15999984741211,34.2400016784668,2880700
2023-06-28,27.567455291748047,33.5,32.88999938964844,33.04999923706055,5320300
2023-06-29,27.784326553344727,33.36000061035156,32.68000030517578,33.310001373291016,4507400
2023-06-30,28.12631607055664,33.790000915527344,33.27000045776367,33.720001220703125,4048700
2023-07-03,28.434938430786133,34.380001068115234,33.560001373291016,34.09000015258789,2285400
2023-07-05,28.08460807800293,33.77000045776367,33.08000183105469,33.66999816894531,5132300
2023-07-06,27.884422302246094,33.709999084472656,33.36000061035156,33.43000030517578,4153100
2023-07-07,27.709257125854492,33.56999969482422,33.220001220703125,33.220001220703125,3403100
2023-07-10,27.4506778717041,33.380001068115234,32.869998931884766,32.90999984741211,3351700
2023-07-11,27.625850677490234,33.16999816894531,32.79999923706055,33.119998931884766,5444900
2023-07-12,27.509065628051758,33.209999084472656,32.83000183105469,32.97999954223633,4510700
2023-07-13,27.659208297729492,33.599998474121094,32.849998474121094,33.15999984741211,7099100
2023-07-14,27.442344665527344,33.06999969482422,32.18000030517578,32.900001525878906,7095100
2023-07-17,26.925189971923828,32.630001068115234,32.220001220703125,32.279998779296875,5514500
2023-07-18,26.850120544433594,32.61000061035156,32.04999923706055,32.189998626708984,5666300
2023-07-19,27.167083740234375,32.709999084472656,32.349998474121094,32.56999969482422,4215700
2023-07-20,27.609161376953125,33.13999938964844,32.4900016784668,33.099998474121094,3612700
2023-07-21,27.76764488220215,33.380001068115234,33.0099983215332,33.290000915527344,4175600
2023-07-24,27.74262237548828,33.47999954223633,33.15999984741211,33.2599983215332,3210400
2023-07-25,27.801010131835938,33.470001220703125,33.130001068115234,33.33000183105469,3595100
2023-07-26,27.66754913330078,33.54999923706055,33.13999938964844,33.16999816894531,4020100
2023-07-27,27.617504119873047,33.38999938964844,33.08000183105469,33.11000061035156,4415900
2023-07-28,27.84511947631836,33.13999938964844,32.79999923706055,33.029998779296875,3500900
2023-07-31,27.65965461730957,33.04999923706055,32.61000061035156,32.810001373291016,8493700
2023-08-01,27.45732879638672,32.9900016784668,32.400001525878906,32.56999969482422,3801700
2023-08-02,27.68494987487793,33.22999954223633,32.5099983215332,32.84000015258789,3078100
2023-08-03,27.406749725341797,32.84000015258789,32.4900016784668,32.5099983215332,3001700
2023-08-04,27.23814582824707,32.7599983215332,32.2400016784668,32.310001373291016,2588600
2023-08-07,27.061107635498047,32.5099983215332,32.09000015258789,32.099998474121094,2498000
2023-08-08,26.31924819946289,32.119998931884766,31.1299991607666,31.219999313354492,4747200
2023-08-09,26.369827270507812,31.510000228881836,31.06999969482422,31.280000686645508,3257100
2023-08-10,26.18436050415039,31.469999313354492,30.940000534057617,31.059999465942383,2817800
2023-08-11,26.369827270507812,31.290000915527344,30.989999771118164,31.280000686645508,2081800
2023-08-14,26.049476623535156,31.420000076293945,30.8799991607666,30.899999618530273,2941300
2023-08-15,25.53523063659668,30.889999389648438,30.270000457763672,30.290000915527344,4993100
2023-08-16,25.31604766845703,30.40999984741211,29.959999084472656,30.030000686645508,3885000
2023-08-17,25.248607635498047,30.15999984741211,29.850000381469727,29.950000762939453,3158200
2023-08-18,25.450931549072266,30.40999984741211,29.8799991607666,30.190000534057617,4514900
2023-08-21,25.113719940185547,30.1200008392334,29.479999542236328,29.790000915527344,4676800
2023-08-22,25.08842658996582,29.90999984741211,29.56999969482422,29.760000228881836,3445200
2023-08-23,24.961977005004883,29.979999542236328,29.559999465942383,29.610000610351562,2983900
2023-08-24,25.004127502441406,29.969999313354492,29.56999969482422,29.65999984741211,3471200
2023-08-25,25.3076171875,30.15999984741211,29.649999618530273,30.020000457763672,3430900
2023-08-28,25.55208969116211,30.3799991607666,30.079999923706055,30.309999465942383,3825100
2023-08-29,25.52680206298828,30.579999923706055,30.040000915527344,30.280000686645508,3031500
2023-08-30,25.38349151611328,30.459999084472656,30.110000610351562,30.110000610351562,3251800
2023-08-31,25.189594268798828,30.309999465942383,29.84000015258789,29.8799991607666,4675300
2023-09-01,24.717496871948242,30.06999969482422,29.270000457763672,29.31999969482422,3391800
2023-09-05,24.574182510375977,29.559999465942383,29.059999465942383,29.149999618530273,3901900
2023-09-06,24.489877700805664,29.299999237060547,29.0,29.049999237060547,2926600
2023-09-07,24.346567153930664,29.34000015258789,28.799999237060547,28.8799991607666,4184300
2023-09-08,24.532032012939453,29.1200008392334,28.799999237060547,29.100000381469727,2943300
2023-09-11,24.481449127197266,29.200000762939453,28.889999389648438,29.040000915527344,3083700
2023-09-12,24.13580894470215,29.149999618530273,28.350000381469727,28.6299991607666,4845700
2023-09-13,24.085229873657227,28.729999542236328,28.350000381469727,28.56999969482422,3121800
2023-09-14,24.498310089111328,29.06999969482422,28.610000610351562,29.059999465942383,5216500
2023-09-15,24.397146224975586,29.329999923706055,28.889999389648438,28.940000534057617,6224700
2023-09-18,24.211685180664062,29.0,28.450000762939453,28.719999313354492,3700000
2023-09-19,24.186391830444336,28.860000610351562,28.600000381469727,28.690000534057617,3205800
2023-09-20,24.380287170410156,29.040000915527344,28.670000076293945,28.920000076293945,3036600
2023-09-21,24.4730224609375,29.309999465942383,28.809999465942383,29.030000686645508,3351400
2023-09-22,24.3297061920166,29.06999969482422,28.799999237060547,28.860000610351562,3209800
2023-09-25,23.849180221557617,28.719999313354492,28.270000457763672,28.290000915527344,3512600
2023-09-26,23.613136291503906,28.350000381469727,28.010000228881836,28.010000228881836,3287000
2023-09-27,23.216917037963867,28.06999969482422,27.360000610351562,27.540000915527344,3760000
2023-09-28,23.132612228393555,27.649999618530273,27.270000457763672,27.440000534057617,5091700
2023-09-29,23.115747451782227,27.6299991607666,27.299999237060547,27.420000076293945,3914900
2023-10-02,22.584644317626953,27.3799991607666,26.6299991607666,26.790000915527344,5582600
2023-10-03,22.365459442138672,26.780000686645508,26.3700008392334,26.530000686645508,5296200
2023-10-04,22.365459442138672,26.600000381469727,26.219999313354492,26.530000686645508,6855400
2023-10-05,21.918655395507812,27.049999237060547,25.760000228881836,26.0,8194900
2023-10-06,22.264293670654297,26.6299991607666,25.15999984741211,26.40999984741211,10868200
2023-10-09,23.259061813354492,27.639999389648438,26.420000076293945,27.59000015258789,11266200
2023-10-10,23.208484649658203,27.940000534057617,27.34000015258789,27.530000686645508,5731000
2023-10-11,23.06516456604004,27.799999237060547,27.18000030517578,27.360000610351562,5452300
2023-10-12,22.449758529663086,27.440000534057617,26.510000228881836,26.6299991607666,6275900
2023-10-13,23.242204666137695,27.719999313354492,26.790000915527344,27.56999969482422,6170600
2023-10-16,23.40237808227539,28.010000228881836,27.450000762939453,27.760000228881836,5209600
2023-10-17,23.33493423461914,27.950000762939453,27.549999237060547,27.68000030517578,3931900
2023-10-18,23.082029342651367,27.93000030517578,27.299999237060547,27.3799991607666,5582000
2023-10-19,22.888132095336914,27.549999237060547,27.1299991607666,27.149999618530273,4025900
2023-10-20,22.753250122070312,27.440000534057617,26.989999771118164,26.989999771118164,3506800
2023-10-23,22.500341415405273,27.18000030517578,26.6200008392334,26.690000534057617,3941800
2023-10-24,22.820690155029297,27.149999618530273,26.670000076293945,27.06999969482422,4365900
2023-10-25,23.393945693969727,27.780000686645508,27.020000457763672,27.75,7772500
2023-10-26,23.32650375366211,27.969999313354492,27.479999542236328,27.670000076293945,4479500
2023-10-27,22.921852111816406,27.700000762939453,27.09000015258789,27.190000534057617,3507200
2023-10-30,22.955577850341797,27.450000762939453,27.110000610351562,27.229999542236328,3753700
2023-10-31,23.06516456604004,27.489999771118164,27.209999084472656,27.360000610351562,4323300
2023-11-01,23.039548873901367,27.299999237060547,26.959999084472656,26.979999542236328,3763500
2023-11-02,23.62877655029297,27.700000762939453,27.06999969482422,27.670000076293945,3993700
2023-11-03,23.748329162597656,27.979999542236328,27.579999923706055,27.809999465942383,3559200
2023-11-06,23.423824310302734,27.75,27.40999984741211,27.43000030517578,3168100
2023-11-07,23.389667510986328,27.540000915527344,27.290000915527344,27.389999389648438,3071200
2023-11-08,23.69709014892578,27.790000915527344,27.350000381469727,27.75,5118900
2023-11-09,23.859342575073242,28.049999237060547,27.700000762939453,27.940000534057617,4980900
2023-11-10,23.748329162597656,28.100000381469727,27.649999618530273,27.809999465942383,3473100
2023-11-13,23.543380737304688,27.959999084472656,27.510000228881836,27.56999969482422,3026600
2023-11-14,23.927656173706055,28.15999984741211,27.690000534057617,28.020000457763672,3228600
2023-11-15,24.038671493530273,28.299999237060547,28.010000228881836,28.149999618530273,3018900
2023-11-16,23.97889518737793,28.280000686645508,28.010000228881836,28.079999923706055,3237100
2023-11-17,24.064289093017578,28.290000915527344,27.889999389648438,28.18000030517578,2800900
2023-11-20,23.995969772338867,28.200000762939453,27.770000457763672,28.100000381469727,3152200
2023-11-21,24.08136749267578,28.350000381469727,27.959999084472656,28.200000762939453,2673000
2023-11-22,24.1923828125,28.469999313354492,28.170000076293945,28.329999923706055,3232100
2023-11-24,24.32901382446289,28.559999465942383,28.290000915527344,28.489999771118164,1286500
2023-11-27,24.072830200195312,28.549999237060547,28.1299991607666,28.190000534057617,3243200
2023-11-28,24.098445892333984,28.31999969482422,28.079999923706055,28.219999313354492,2934500
2023-11-29,23.927656173706055,28.219999313354492,27.959999084472656,28.020000457763672,3138600
2023-11-30,24.158226013183594,28.329999923706055,27.8700008392334,28.290000915527344,5176500
2023-12-01,24.217998504638672,28.389999389648438,28.110000610351562,28.360000610351562,3886100
2023-12-04,24.730371475219727,29.06999969482422,28.299999237060547,28.959999084472656,3760600
2023-12-05,24.559579849243164,29.059999465942383,28.75,28.760000228881836,3040200
2023-12-06,25.10610580444336,29.489999771118164,28.84000015258789,29.399999618530273,3925400
2023-12-07,25.439146041870117,29.950000762939453,29.219999313354492,29.790000915527344,4464700
2023-12-08,25.208581924438477,29.889999389648438,29.459999084472656,29.520000457763672,3289600
2023-12-11,25.1573429107666,29.6200008392334,29.139999389648438,29.459999084472656,3717500
2023-12-12,25.285438537597656,29.68000030517578,29.239999771118164,29.610000610351562,3152300
2023-12-13,25.994213104248047,30.540000915527344,29.56999969482422,30.440000534057617,6183200
2023-12-14,25.550161361694336,30.690000534057617,29.850000381469727,29.920000076293945,7334200
2023-12-15,25.046329498291016,29.8799991607666,29.239999771118164,29.329999923706055,6790300
2023-12-18,25.182960510253906,29.670000076293945,29.209999084472656,29.489999771118164,3664500
2023-12-19,25.10610580444336,29.639999389648438,29.260000228881836,29.399999618530273,4806300
2023-12-20,24.217998504638672,29.0,28.31999969482422,28.360000610351562,5739400
2023-12-21,24.311933517456055,28.540000915527344,28.190000534057617,28.469999313354492,3671100
2023-12-22,24.474185943603516,28.860000610351562,28.459999084472656,28.65999984741211,3015700
2023-12-26,24.380250930786133,28.68000030517578,28.40999984741211,28.549999237060547,3111300
2023-12-27,24.294858932495117,28.530000686645508,28.280000686645508,28.450000762939453,3821000
2023-12-28,24.397327423095703,28.639999389648438,28.3700008392334,28.56999969482422,3741800
2023-12-29,24.474185943603516,28.780000686645508,28.469999313354492,28.65999984741211,3823000
2024-01-02,25.217121124267578,29.68000030517578,28.59000015258789,29.530000686645508,5716400
2024-01-03,25.00363540649414,29.850000381469727,29.25,29.280000686645508,6529900
2024-01-04,24.52542495727539,29.829999923706055,28.190000534057617,28.719999313354492,11177500
2024-01-05,24.089908599853516,28.719999313354492,28.059999465942383,28.209999084472656,9344400
2024-01-08,24.533960342407227,28.780000686645508,28.09000015258789,28.729999542236328,7019500
2024-01-09,25.037790298461914,29.34000015258789,28.489999771118164,29.31999969482422,8157900
2024-01-10,24.9609375,29.350000381469727,28.81999969482422,29.229999542236328,6638300
2024-01-11,24.551042556762695,29.209999084472656,28.719999313354492,28.75,6039700
2024-01-12,24.72182846069336,29.049999237060547,28.799999237060547,28.950000762939453,3860200
2024-01-16,24.405868530273438,29.079999923706055,28.489999771118164,28.579999923706055,6872200
2024-01-17,24.687671661376953,29.149999618530273,28.40999984741211,28.90999984741211,4230300
2024-01-18,24.516881942749023,28.850000381469727,28.510000228881836,28.709999084472656,3485100
2024-01-19,24.44002914428711,28.850000381469727,28.299999237060547,28.6200008392334,4688700
2024-01-22,24.533960342407227,28.81999969482422,28.329999923706055,28.729999542236328,5679800
2024-01-23,25.114643096923828,29.520000457763672,28.850000381469727,29.40999984741211,4271800
2024-01-24,25.114643096923828,29.639999389648438,29.229999542236328,29.40999984741211,5364100
2024-01-25,25.34521484375,29.829999923706055,29.280000686645508,29.68000030517578,4154900
2024-01-26,25.293973922729492,29.8799991607666,29.5,29.6200008392334,10474400
2024-01-29,25.23348617553711,29.3700008392334,29.15999984741211,29.200000762939453,4427400
2024-01-30,25.440881729125977,29.450000762939453,28.979999542236328,29.440000534057617,5497300
2024-01-31,25.19027328491211,29.610000610351562,29.06999969482422,29.149999618530273,4882500
2024-02-01,25.622358322143555,29.690000534057617,28.8700008392334,29.649999618530273,3649000
2024-02-02,25.458168029785156,29.889999389648438,29.18000030517578,29.459999084472656,3680600
2024-02-05,24.680419921875,29.3799991607666,28.540000915527344,28.559999465942383,4476300
2024-02-06,24.73227310180664,28.899999618530273,28.350000381469727,28.6200008392334,4871900
2024-02-07,24.50758934020996,28.790000915527344,28.229999542236328,28.360000610351562,3819200
2024-02-08,24.282907485961914,28.450000762939453,28.0,28.100000381469727,4042100
2024-02-09,23.677997589111328,27.989999771118164,27.079999923706055,27.399999618530273,6069900
2024-02-12,24.006376266479492,27.850000381469727,27.270000457763672,27.780000686645508,3015300
2024-02-13,23.58293914794922,27.940000534057617,27.0,27.290000915527344,3780600
2024-02-14,23.099008560180664,27.270000457763672,26.6200008392334,26.729999542236328,4628800
2024-02-15,23.479238510131836,27.270000457763672,26.799999237060547,27.170000076293945,3777900
2024-02-16,23.513803482055664,27.309999465942383,26.8799991607666,27.209999084472656,3746400
2024-02-20,24.61128807067871,28.600000381469727,27.190000534057617,28.479999542236328,5821400
2024-02-21,24.550796508789062,28.690000534057617,28.209999084472656,28.40999984741211,3545200
2024-02-22,24.43845558166504,28.309999465942383,27.690000534057617,28.280000686645508,3379600
2024-02-23,24.455738067626953,28.510000228881836,28.06999969482422,28.299999237060547,2375500
2024-02-26,24.20513343811035,28.290000915527344,27.940000534057617,28.010000228881836,5351600
2024-02-27,24.170568466186523,28.3700008392334,27.809999465942383,27.969999313354492,3016000
2024-02-28,24.30883026123047,28.139999389648438,27.860000610351562,28.1299991607666,2691800
2024-02-29,24.265623092651367,28.329999923706055,27.90999984741211,28.079999923706055,6967600
2024-03-01,24.006376266479492,28.06999969482422,27.760000228881836,27.780000686645508,3662800
2024-03-04,23.93724250793457,27.809999465942383,27.459999084472656,27.700000762939453,4565200
2024-03-05,23.93724250793457,28.049999237060547,27.56999969482422,27.700000762939453,4347400
2024-03-06,24.15328598022461,28.18000030517578,27.790000915527344,27.950000762939453,3417100
2024-03-07,24.023656845092773,28.09000015258789,27.540000915527344,27.799999237060547,3266100
2024-03-08,24.30883026123047,28.229999542236328,27.719999313354492,28.1299991607666,3609900
2024-03-11,24.654495239257812,28.600000381469727,28.1299991607666,28.530000686645508,2404700
2024-03-12,24.576725006103516,28.68000030517578,28.309999465942383,28.440000534057617,2724500
2024-03-13,24.49894905090332,28.700000762939453,28.200000762939453,28.350000381469727,2722800
2024-03-14,24.11007308959961,28.309999465942383,27.770000457763672,27.899999618530273,4341400
2024-03-15,24.256982803344727,28.270000457763672,27.739999771118164,28.06999969482422,11697700
2024-03-18,24.386606216430664,28.239999771118164,27.969999313354492,28.219999313354492,4735400
2024-03-19,24.939672470092773,28.860000610351562,28.110000610351562,28.860000610351562,4900300
2024-03-20,24.922386169433594,29.3799991607666,28.700000762939453,28.84000015258789,5875700
2024-03-21,25.017444610595703,29.0,28.639999389648438,28.950000762939453,4767600
2024-03-22,25.052011489868164,29.110000610351562,28.889999389648438,28.989999771118164,4681200
2024-03-25,25.138425827026367,29.139999389648438,28.81999969482422,29.09000015258789,2865500
2024-03-26,24.982879638671875,29.270000457763672,28.90999984741211,28.90999984741211,4060600
2024-03-27,25.484088897705078,29.520000457763672,28.920000076293945,29.489999771118164,3847800
2024-03-28,25.61371421813965,29.760000228881836,29.5,29.639999389648438,4605000
2024-04-01,25.64828109741211,29.75,29.420000076293945,29.68000030517578,5404500
2024-04-02,25.535938262939453,29.899999618530273,29.530000686645508,29.549999237060547,5715800
2024-04-03,25.112503051757812,29.469999313354492,29.0,29.059999465942383,6181700
2024-04-04,26.477874755859375,31.389999389648438,30.110000610351562,30.639999389648438,12621800
2024-04-05,26.86674690246582,31.56999969482422,30.649999618530273,31.09000015258789,10132600
2024-04-08,27.03093910217285,31.489999771118164,31.06999969482422,31.280000686645508,6327800
2024-04-09,27.03093910217285,31.3799991607666,30.889999389648438,31.280000686645508,4320400
2024-04-10,26.44331169128418,31.25,30.520000457763672,30.600000381469727,5423700
2024-04-11,25.92481231689453,30.729999542236328,29.950000762939453,30.0,5352000
2024-04-12,25.32854461669922,30.020000457763672,29.270000457763672,29.309999465942383,3791100
2024-04-15,25.71741485595703,29.8799991607666,29.360000610351562,29.760000228881836,5658000
2024-04-16,25.933454513549805,30.06999969482422,29.59000015258789,30.010000228881836,5528400
2024-04-17,26.13220977783203,30.389999389648438,30.06999969482422,30.239999771118164,5147400
2024-04-18,26.235910415649414,30.40999984741211,29.850000381469727,30.360000610351562,3371600
2024-04-19,26.460596084594727,30.81999969482422,30.309999465942383,30.6200008392334,4850700
2024-04-22,26.875389099121094,31.15999984741211,30.68000030517578,31.100000381469727,4168300
2024-04-23,27.022296905517578,31.520000457763672,31.030000686645508,31.270000457763672,5357300
2024-04-24,27.281543731689453,31.709999084472656,30.850000381469727,31.56999969482422,6866600
2024-04-25,27.022296905517578,31.81999969482422,31.18000030517578,31.270000457763672,4277700
2024-04-26,26.858104705810547,31.5,31.059999465942383,31.079999923706055,3322400
2024-04-29,27.041648864746094,31.040000915527344,30.780000686645508,30.940000534057617,3625200
2024-04-30,26.901809692382812,31.040000915527344,30.700000762939453,30.780000686645508,6131300
2024-05-01,26.86684799194336,31.020000457763672,30.56999969482422,30.739999771118164,5616400
2024-05-02,26.962989807128906,31.100000381469727,30.709999084472656,30.850000381469727,3534700
2024-05-03,26.735746383666992,30.899999618530273,30.559999465942383,30.59000015258789,4112400
2024-05-06,26.38614845275879,30.709999084472656,30.09000015258789,30.190000534057617,4045800
2024-05-07,26.849365234375,30.760000228881836,30.299999237060547,30.719999313354492,2763900
2024-05-08,26.945507049560547,30.940000534057617,30.68000030517578,30.829999923706055,4296300
2024-05-09,26.901809692382812,30.8700008392334,30.459999084472656,30.780000686645508,1960300
2024-05-10,27.207706451416016,31.190000534057617,30.760000228881836,31.1299991607666,2848600
2024-05-13,27.050386428833008,31.270000457763672,30.739999771118164,30.950000762939453,2713100
2024-05-14,27.094085693359375,31.15999984741211,30.8700008392334,31.0,2733300
2024-05-15,26.5871639251709,31.06999969482422,30.3700008392334,30.420000076293945,2882600
2024-05-16,27.08534812927246,31.049999237060547,30.450000762939453,30.989999771118164,2665100
2024-05-17,26.858104705810547,31.049999237060547,30.670000076293945,30.729999542236328,8246000
2024-05-20,26.840625762939453,30.8700008392334,30.579999923706055,30.709999084472656,2690500
2024-05-21,26.91054916381836,30.959999084472656,30.540000915527344,30.790000915527344,3108200
2024-05-22,26.88433074951172,30.780000686645508,30.350000381469727,30.760000228881836,3127900
2024-05-23,26.604646682739258,30.719999313354492,30.200000762939453,30.440000534057617,2276500
2024-05-24,26.46480369567871,30.59000015258789,30.209999084472656,30.280000686645508,2423500
2024-05-28,25.98410415649414,30.440000534057617,29.709999084472656,29.729999542236328,2831800
2024-05-29,25.538360595703125,29.6200008392334,29.149999618530273,29.219999313354492,3098100
2024-05-30,25.48592185974121,29.389999389648438,28.950000762939453,29.15999984741211,3899000
2024-05-31,26.115201950073242,29.889999389648438,29.1200008392334,29.8799991607666,6370800
2024-06-03,25.98410415649414,30.18000030517578,29.579999923706055,29.729999542236328,3125900
2024-06-04,26.220083236694336,30.079999923706055,29.530000686645508,30.0,3364500
2024-06-05,26.019062042236328,29.940000534057617,29.440000534057617,29.770000457763672,3538100
2024-06-06,25.818042755126953,29.809999465942383,29.360000610351562,29.540000915527344,2307600
2024-06-07,25.975364685058594,29.770000457763672,29.40999984741211,29.719999313354492,3590300
2024-06-10,25.59954261779785,29.700000762939453,28.8700008392334,29.290000915527344,6969900
2024-06-11,25.55584144592285,29.31999969482422,28.899999618530273,29.239999771118164,6146800
2024-06-12,25.101360321044922,29.270000457763672,28.6200008392334,28.719999313354492,3136800
2024-06-13,24.970260620117188,28.770000457763672,28.389999389648438,28.56999969482422,3597900
2024-06-14,24.76923942565918,28.850000381469727,28.290000915527344,28.34000015258789,3821400
2024-06-17,25.083881378173828,28.809999465942383,28.18000030517578,28.700000762939453,3961800
2024-06-18,25.057661056518555,28.770000457763672,28.440000534057617,28.670000076293945,4192100
2024-06-20,24.909080505371094,28.84000015258789,28.479999542236328,28.5,4144000
2024-06-21,25.188758850097656,29.079999923706055,28.530000686645508,28.81999969482422,6242900
2024-06-24,25.64324378967285,29.520000457763672,28.8700008392334,29.34000015258789,4154900
2024-06-25,25.407262802124023,29.520000457763672,29.06999969482422,29.06999969482422,3920200
2024-06-26,24.900339126586914,28.700000762939453,28.43000030517578,28.489999771118164,5625400
2024-06-27,24.76923942565918,28.59000015258789,28.170000076293945,28.34000015258789,4188000
2024-06-28,24.83915901184082,28.479999542236328,28.190000534057617,28.420000076293945,7264800
2024-07-01,24.734277725219727,28.8799991607666,28.299999237060547,28.299999237060547,5532700
2024-07-02,24.760499954223633,28.440000534057617,28.190000534057617,28.329999923706055,3658400
2024-07-03,24.5856990814209,28.399999618530273,28.079999923706055,28.1299991607666,2236500
2024-07-05,24.681840896606445,28.309999465942383,27.979999542236328,28.239999771118164,4825600
2024-07-08,24.821680068969727,28.670000076293945,28.309999465942383,28.399999618530273,4549500
2024-07-09,25.11884117126465,28.899999618530273,28.329999923706055,28.739999771118164,5227800
2024-07-10,25.18001937866211,29.020000457763672,28.690000534057617,28.809999465942383,5967100
2024-07-11,24.804197311401367,28.489999771118164,27.459999084472656,28.3799991607666,13581000
2024-07-12,24.77798080444336,28.6299991607666,28.219999313354492,28.350000381469727,5285300
2024-07-15,24.996482849121094,28.700000762939453,28.219999313354492,28.600000381469727,4524300
2024-07-16,25.337343215942383,29.049999237060547,28.5,28.989999771118164,3834400
2024-07-17,26.324966430664062,30.149999618530273,29.1200008392334,30.1200008392334,5186200
2024-07-18,26.298742294311523,30.65999984741211,29.829999923706055,30.09000015258789,3489000
2024-07-19,25.89670181274414,30.219999313354492,29.479999542236328,29.6299991607666,3385900
2024-07-22,25.922922134399414,29.75,29.40999984741211,29.65999984741211,2793900
2024-07-23,25.582061767578125,29.6200008392334,28.90999984741211,29.270000457763672,2887500
2024-07-24,26.09772300720215,29.90999984741211,29.149999618530273,29.860000610351562,3717500
2024-07-25,25.80930519104004,30.450000762939453,29.3799991607666,29.530000686645508,4406600
2024-07-26,26.167646408081055,29.979999542236328,29.440000534057617,29.940000534057617,3518800
2024-07-29,26.35992431640625,30.3700008392334,29.6299991607666,30.15999984741211,2706300
2024-07-30,26.552204132080078,30.549999237060547,29.959999084472656,30.3799991607666,3773900
2024-07-31,26.499767303466797,30.6200008392334,30.020000457763672,30.31999969482422,4646000
2024-08-01,26.747344970703125,30.360000610351562,29.700000762939453,30.25,3487700
2024-08-02,27.322080612182617,30.959999084472656,30.309999465942383,30.899999618530273,3767500
2024-08-05,26.535133361816406,31.3700008392334,29.8799991607666,30.010000228881836,4565800
2024-08-06,26.46439552307129,30.459999084472656,29.90999984741211,29.93000030517578,3181300
2024-08-07,26.33176612854004,30.40999984741211,29.75,29.780000686645508,3630100
2024-08-08,26.791553497314453,30.43000030517578,29.59000015258789,30.299999237060547,3057800
2024-08-09,26.65892219543457,30.270000457763672,29.8700008392334,30.149999618530273,2136000
2024-08-12,26.375974655151367,30.459999084472656,29.75,29.829999923706055,6488500
2024-08-13,26.844608306884766,30.530000686645508,29.93000030517578,30.360000610351562,4637100
2024-08-14,27.251340866088867,31.059999465942383,30.3799991607666,30.81999969482422,6505800
2024-08-15,26.676607131958008,30.920000076293945,30.059999465942383,30.170000076293945,6635000
2024-08-16,26.897659301757812,30.489999771118164,29.969999313354492,30.420000076293945,3694200
2024-08-19,27.49007797241211,31.219999313354492,30.479999542236328,31.09000015258789,3481900
2024-08-20,27.20713233947754,31.1299991607666,30.739999771118164,30.770000457763672,5456800
2024-08-21,27.180604934692383,31.0,30.610000610351562,30.739999771118164,4075900
2024-08-22,26.95071029663086,30.81999969482422,30.15999984741211,30.479999542236328,8340800
2024-08-23,27.08333969116211,30.739999771118164,30.459999084472656,30.6299991607666,5976100
2024-08-26,27.44586944580078,31.100000381469727,30.610000610351562,31.040000915527344,4631000
2024-08-27,27.64923667907715,31.309999465942383,30.8799991607666,31.270000457763672,4328700
2024-08-28,27.88797378540039,31.719999313354492,31.020000457763672,31.540000915527344,2998000
2024-08-29,27.44586944580078,31.729999542236328,30.940000534057617,31.040000915527344,2860400
2024-08-30,27.587343215942383,31.270000457763672,31.010000228881836,31.200000762939453,5061800
2024-09-03,28.223974227905273,32.27000045776367,31.239999771118164,31.920000076293945,5793800
2024-09-04,28.6572322845459,32.5099983215332,32.0099983215332,32.40999984741211,4664100
2024-09-05,28.76333999633789,32.810001373291016,32.38999938964844,32.529998779296875,4180800
2024-09-06,28.949026107788086,32.849998474121094,32.5,32.7400016784668,4177800
2024-09-09,29.028606414794922,33.02000045776367,32.400001525878906,32.83000183105469,4487100
2024-09-10,28.99323844909668,33.2400016784668,32.720001220703125,32.790000915527344,3422300
2024-09-11,27.826078414916992,32.86000061035156,31.219999313354492,31.469999313354492,9431700
2024-09-12,28.073657989501953,31.8700008392334,31.399999618530273,31.75,3826700
2024-09-13,28.33892059326172,32.06999969482422,31.6299991607666,32.04999923706055,4352300
2024-09-16,28.82523536682129,32.95000076293945,32.27000045776367,32.599998474121094,4280900
2024-09-17,28.789871215820312,32.95000076293945,32.47999954223633,32.560001373291016,3093800
2024-09-18,28.940185546875,33.040000915527344,32.310001373291016,32.72999954223633,3520200
2024-09-19,28.63955307006836,32.7400016784668,32.209999084472656,32.38999938964844,3698100
2024-09-20,28.559972763061523,32.75,32.29999923706055,32.29999923706055,20169300
2024-09-23,28.568817138671875,32.400001525878906,32.09000015258789,32.310001373291016,4975200
2024-09-24,28.577655792236328,32.58000183105469,32.220001220703125,32.31999969482422,3514000
2024-09-25,28.551132202148438,32.59000015258789,32.099998474121094,32.290000915527344,2848800
2024-09-26,28.727975845336914,32.52000045776367,32.16999816894531,32.4900016784668,3002600
2024-09-27,28.710290908813477,32.83000183105469,32.43000030517578,32.470001220703125,2687900
2024-09-30,28.754497528076172,32.61000061035156,32.220001220703125,32.52000045776367,3776300
2024-10-01,28.93134307861328,32.900001525878906,32.400001525878906,32.720001220703125,5993400
2024-10-02,26.597026824951172,30.610000610351562,29.3799991607666,30.079999923706055,20128700
2024-10-03,25.951553344726562,29.979999542236328,29.25,29.350000381469727,8150800
2024-10-04,26.09303092956543,29.6200008392334,29.139999389648438,29.510000228881836,5340700
2024-10-07,25.73050308227539,29.760000228881836,29.049999237060547,29.100000381469727,4411000
2024-10-08,25.818923950195312,29.34000015258789,29.010000228881836,29.200000762939453,3568500
2024-10-09,25.916187286376953,29.510000228881836,29.149999618530273,29.309999465942383,4233800
2024-10-10,26.031137466430664,29.799999237060547,29.239999771118164,29.440000534057617,4119500
2024-10-11,25.96923828125,29.65999984741211,29.290000915527344,29.3700008392334,2714400
2024-10-14,26.039976119995117,29.479999542236328,29.139999389648438,29.450000762939453,2587700
2024-10-15,26.154922485351562,30.110000610351562,29.459999084472656,29.579999923706055,4562500
2024-10-16,26.278711318969727,29.899999618530273,29.459999084472656,29.719999313354492,5139600
2024-10-17,26.80039405822754,30.469999313354492,29.770000457763672,30.309999465942383,6727400
2024-10-18,26.809236526489258,30.3799991607666,30.059999465942383,30.31999969482422,5561800
2024-10-21,26.09303092956543,30.360000610351562,29.3700008392334,29.510000228881836,5261700
2024-10-22,26.06650161743164,29.600000381469727,29.309999465942383,29.479999542236328,3714000
2024-10-23,26.039976119995117,29.540000915527344,29.239999771118164,29.450000762939453,2612200
2024-10-24,25.951553344726562,29.6200008392334,29.280000686645508,29.350000381469727,2695100
2024-10-25,26.022293090820312,29.510000228881836,29.280000686645508,29.43000030517578,2474900
2024-10-28,26.314085006713867,29.90999984741211,29.5,29.760000228881836,2426900
2024-10-29,26.022293090820312,29.860000610351562,29.420000076293945,29.43000030517578,3171600
2024-10-30,26.022293090820312,29.450000762939453,29.15999984741211,29.43000030517578,4141600
2024-10-31,25.89701271057129,29.360000610351562,28.93000030517578,28.940000534057617,3818100
2024-11-01,25.923856735229492,29.209999084472656,28.899999618530273,28.969999313354492,3411000
2024-11-04,25.74488639831543,29.139999389648438,28.760000228881836,28.770000457763672,3061500
2024-11-05,26.022293090820312,29.149999618530273,28.520000457763672,29.079999923706055,3403200
2024-11-06,25.86121940612793,29.459999084472656,28.829999923706055,28.899999618530273,5172800
2024-11-07,25.333253860473633,28.899999618530273,28.049999237060547,28.309999465942383,5644800
2024-11-08,25.449586868286133,28.56999969482422,28.06999969482422,28.440000534057617,2912200
2024-11-11,24.82318878173828,28.510000228881836,27.709999084472656,27.739999771118164,6425300
2024-11-12,24.769498825073242,27.989999771118164,27.469999313354492,27.68000030517578,6136900
2024-11-13,24.73370361328125,27.790000915527344,27.530000686645508,27.639999389648438,3318400
2024-11-14,24.563682556152344,27.950000762939453,27.43000030517578,27.450000762939453,5639300
2024-11-15,23.89254379272461,27.510000228881836,26.209999084472656,26.700000762939453,10673900
2024-11-18,23.812007904052734,27.030000686645508,26.559999465942383,26.610000610351562,5860900
2024-11-19,23.695676803588867,26.729999542236328,26.360000610351562,26.479999542236328,5088700
2024-11-20,24.268383026123047,27.15999984741211,26.440000534057617,27.1200008392334,6515400
2024-11-21,24.31312370300293,27.5,26.950000762939453,27.170000076293945,4379600
2024-11-22,24.53683853149414,27.520000457763672,27.190000534057617,27.420000076293945,4677100
2024-11-25,24.563682556152344,27.969999313354492,27.450000762939453,27.450000762939453,8288800
2024-11-26,24.599477767944336,27.75,27.389999389648438,27.489999771118164,5294400
2024-11-27,24.563682556152344,27.690000534057617,27.399999618530273,27.450000762939453,4042200
2024-11-29,24.653165817260742,27.75,27.329999923706055,27.549999237060547,4236900
2024-12-02,24.894777297973633,27.959999084472656,27.40999984741211,27.81999969482422,6904000
2024-12-03,24.796342849731445,28.059999465942383,27.68000030517578,27.709999084472656,4250800
2024-12-04,24.44735336303711,27.559999465942383,27.25,27.31999969482422,3365500
2024-12-05,24.894777297973633,28.690000534057617,27.280000686645508,27.81999969482422,4799400
2024-12-06,24.375762939453125,27.969999313354492,27.15999984741211,27.239999771118164,4987600
2024-12-09,24.82318878173828,28.049999237060547,27.209999084472656,27.739999771118164,6712200
2024-12-10,24.912673950195312,28.040000915527344,27.43000030517578,27.84000015258789,5023700
2024-12-11,24.81424331665039,28.06999969482422,27.59000015258789,27.729999542236328,4835100
2024-12-12,25.11849021911621,28.219999313354492,27.700000762939453,28.06999969482422,4739200
2024-12-13,25.23482322692871,28.209999084472656,27.790000915527344,28.200000762939453,3510600
2024-12-16,24.966365814208984,28.34000015258789,27.8700008392334,27.899999618530273,5301200
2024-12-17,24.948467254638672,27.969999313354492,27.389999389648438,27.8799991607666,6178600
2024-12-18,24.49209213256836,27.75,27.25,27.3700008392334,6706600
2024-12-19,23.990976333618164,27.200000762939453,26.350000381469727,26.809999465942383,8407700
2024-12-20,24.259435653686523,27.239999771118164,26.719999313354492,27.110000610351562,14579900
2024-12-23,24.635269165039062,27.549999237060547,26.920000076293945,27.530000686645508,4891100
2024-12-24,24.73370361328125,27.639999389648438,27.329999923706055,27.639999389648438,2123500
2024-12-26,24.653165817260742,27.799999237060547,27.40999984741211,27.549999237060547,3286300
2024-12-27,24.751605987548828,27.739999771118164,27.309999465942383,27.65999984741211,3515700
2024-12-30,24.64422035217285,27.670000076293945,27.309999465942383,27.540000915527344,4551500
2024-12-31,24.832136154174805,27.860000610351562,27.440000534057617,27.75,2627300
2025-01-02,24.760549545288086,28.100000381469727,27.59000015258789,27.670000076293945,5544000
2025-01-03,24.742652893066406,27.809999465942383,27.3700008392334,27.649999618530273,4490700
2025-01-06,24.062564849853516,27.649999618530273,26.829999923706055,26.889999389648438,4625700
2025-01-07,23.82990264892578,27.139999389648438,26.5,26.6299991607666,4588900
2025-01-08,23.803058624267578,26.670000076293945,26.260000228881836,26.600000381469727,5578800
2025-01-10,23.21245574951172,26.540000915527344,25.90999984741211,25.940000534057617,5528900
2025-01-13,23.50775909423828,26.450000762939453,25.850000381469727,26.270000457763672,5660400
2025-01-14,23.31088638305664,26.350000381469727,26.0,26.049999237060547,4303100
2025-01-15,22.827672958374023,26.209999084472656,25.43000030517578,25.510000228881836,4659400
2025-01-16,23.078231811523438,25.81999969482422,25.350000381469727,25.790000915527344,4999600
2025-01-17,23.105073928833008,25.959999084472656,25.68000030517578,25.81999969482422,9681200
2025-01-21,22.997692108154297,26.09000015258789,25.56999969482422,25.700000762939453,6585000
2025-01-22,22.648700714111328,25.690000534057617,25.139999389648438,25.309999465942383,5975400
2025-01-23,22.675546646118164,25.43000030517578,25.059999465942383,25.34000015258789,4793900
2025-01-24,23.06928062438965,25.899999618530273,25.309999465942383,25.780000686645508,6391500
2025-01-27,23.77686882019043,26.780000686645508,25.799999237060547,26.209999084472656,7425800
2025-01-28,23.23257064819336,26.170000076293945,25.459999084472656,25.610000610351562,4461100
2025-01-29,23.495649337768555,26.079999923706055,25.639999389648438,25.899999618530273,4910500
2025-01-30,23.849443435668945,26.40999984741211,25.850000381469727,26.290000915527344,5309500
2025-01-31,23.486576080322266,26.260000228881836,25.809999465942383,25.889999389648438,5291000
2025-02-03,23.096492767333984,25.8700008392334,25.229999542236328,25.459999084472656,4019700
2025-02-04,22.7064151763916,25.440000534057617,24.850000381469727,25.030000686645508,5380000
2025-02-05,22.77898597717285,25.280000686645508,24.889999389648438,25.110000610351562,3797500
2025-02-06,22.688268661499023,25.510000228881836,24.8799991607666,25.010000228881836,6038300
2025-02-07,22.515905380249023,25.15999984741211,24.639999389648438,24.81999969482422,6632200
2025-02-10,22.252830505371094,24.799999237060547,24.350000381469727,24.530000686645508,4565800
2025-02-11,22.597553253173828,24.989999771118164,24.18000030517578,24.90999984741211,6990500
2025-02-12,22.461477279663086,25.209999084472656,24.43000030517578,24.760000228881836,8089300
2025-02-13,22.661052703857422,25.06999969482422,24.610000610351562,24.979999542236328,4814700
2025-02-14,22.933204650878906,25.469999313354492,25.049999237060547,25.280000686645508,6372500
2025-02-18,21.681310653686523,24.09000015258789,23.059999465942383,23.899999618530273,14008300
2025-02-19,22.03510856628418,24.299999237060547,23.729999542236328,24.290000915527344,5358300
2025-02-20,22.53404998779297,24.860000610351562,24.209999084472656,24.84000015258789,4103700
2025-02-21,23.39586067199707,26.100000381469727,24.829999923706055,25.790000915527344,7591900
2025-02-24,23.423076629638672,26.329999923706055,25.299999237060547,25.81999969482422,6523100
2025-02-25,23.67708396911621,26.34000015258789,25.829999923706055,26.100000381469727,5040000
2025-02-26,23.005779266357422,25.90999984741211,25.100000381469727,25.360000610351562,5253800
2025-02-27,23.196285247802734,25.579999923706055,25.030000686645508,25.56999969482422,3876200
2025-02-28,23.169071197509766,26.06999969482422,25.43000030517578,25.540000915527344,5846600
2025-03-03,23.631723403930664,26.079999923706055,25.43000030517578,26.049999237060547,5844800
2025-03-04,23.105566024780273,26.68000030517578,25.440000534057617,25.469999313354492,5606100
2025-03-05,23.03299331665039,25.790000915527344,25.170000076293945,25.389999389648438,4618100
2025-03-06,23.568222045898438,26.059999465942383,25.489999771118164,25.979999542236328,4091300
2025-03-07,24.70218276977539,27.860000610351562,25.989999771118164,27.229999542236328,10894300
2025-03-10,25.05597686767578,28.520000457763672,27.469999313354492,27.6200008392334,10118000
2025-03-11,24.23045539855957,27.739999771118164,26.670000076293945,26.709999084472656,5330600
2025-03-12,23.50472068786621,26.530000686645508,25.770000457763672,25.90999984741211,6361300
2025-03-13,23.41400146484375,26.399999618530273,25.719999313354492,25.809999465942383,4018200
2025-03-14,23.26885414123535,25.899999618530273,25.510000228881836,25.649999618530273,4037400
2025-03-17,23.64986801147461,26.299999237060547,25.559999465942383,26.06999969482422,4374100
2025-03-18,23.586366653442383,26.399999618530273,25.959999084472656,26.0,4426900
2025-03-19,23.495649337768555,26.030000686645508,25.729999542236328,25.899999618530273,4623400
2025-03-20,23.495649337768555,26.020000457763672,25.670000076293945,25.899999618530273,6269200
2025-03-21,23.296070098876953,26.270000457763672,25.520000457763672,25.68000030517578,21562500
2025-03-24,23.3414306640625,25.850000381469727,25.469999313354492,25.729999542236328,5538400
2025-03-25,22.996706008911133,25.739999771118164,25.200000762939453,25.350000381469727,4627600
2025-03-26,23.513792037963867,26.059999465942383,25.350000381469727,25.920000076293945,5376700
2025-03-27,24.003662109375,26.56999969482422,26.010000228881836,26.459999084472656,4507900
2025-03-28,24.08530616760254,26.770000457763672,26.3700008392334,26.549999237060547,5047900
2025-03-31,24.19416618347168,27.079999923706055,26.540000915527344,26.670000076293945,7741900
2025-04-01,24.130664825439453,26.8799991607666,26.270000457763672,26.600000381469727,5862300
2025-04-02,23.931087493896484,26.739999771118164,26.040000915527344,26.3799991607666,8200700
2025-04-03,24.293956756591797,27.649999618530273,26.200000762939453,26.780000686645508,11473400
2025-04-04,24.2032413482666,27.68000030517578,26.530000686645508,26.68000030517578,11257600
2025-04-07,23.577293395996094,26.940000534057617,25.959999084472656,25.989999771118164,9648000
2025-04-08,22.67012596130371,26.25,24.850000381469727,24.989999771118164,7550900
2025-04-09,23.305145263671875,25.90999984741211,24.510000228881836,25.690000534057617,6987800
2025-04-10,23.114639282226562,26.09000015258789,25.1200008392334,25.479999542236328,6897800
2025-04-11,23.568222045898438,26.079999923706055,25.309999465942383,25.979999542236328,7995400
2025-04-14,23.758726119995117,26.34000015258789,25.770000457763672,26.190000534057617,4698800
2025-04-15,23.178138732910156,26.290000915527344,25.5,25.549999237060547,4372700
2025-04-16,22.58847999572754,25.75,24.81999969482422,24.899999618530273,4362200
2025-04-17,22.97856330871582,25.399999618530273,24.8700008392334,25.329999923706055,4787800
2025-04-21,23.03299331665039,25.450000762939453,25.149999618530273,25.389999389648438,4696500
2025-04-22,23.114639282226562,25.780000686645508,25.239999771118164,25.479999542236328,4472100
2025-04-23,22.878774642944336,25.579999923706055,25.030000686645508,25.219999313354492,4535800
2025-04-24,22.60662269592285,25.270000457763672,24.809999465942383,24.920000076293945,4307500
2025-04-25,22.18025779724121,25.1200008392334,24.239999771118164,24.450000762939453,6447200
2025-04-28,22.161848068237305,24.31999969482422,24.020000457763672,24.079999923706055,5937200
2025-04-29,22.40113639831543,24.389999389648438,23.81999969482422,24.34000015258789,5255300
2025-04-30,22.74166488647461,24.799999237060547,24.329999923706055,24.709999084472656,6130300
2025-05-01,22.253883361816406,24.639999389648438,24.15999984741211,24.18000030517578,4385800
2025-05-02,21.959373474121094,24.299999237060547,23.670000076293945,23.860000610351562,5310500
2025-05-05,21.637252807617188,23.790000915527344,23.31999969482422,23.510000228881836,5285200
2025-05-06,21.48999786376953,23.559999465942383,23.280000686645508,23.350000381469727,4542400
2025-05-07,21.16788101196289,23.389999389648438,22.8700008392334,23.0,10011900
2025-05-08,21.37035369873047,23.3700008392334,22.780000686645508,23.219999313354492,8712000
2025-05-09,21.250709533691406,23.399999618530273,23.059999465942383,23.09000015258789,7697700
2025-05-12,21.45318603515625,23.469999313354492,22.969999313354492,23.309999465942383,8948900
2025-05-13,21.01142120361328,23.31999969482422,22.6299991607666,22.829999923706055,7362400
2025-05-14,20.661691665649414,22.809999465942383,22.3799991607666,22.450000762939453,6485900
2025-05-15,20.956199645996094,22.790000915527344,22.450000762939453,22.770000457763672,5394600
2025-05-16,21.149471282958984,22.989999771118164,22.670000076293945,22.979999542236328,7923100
2025-05-19,21.177082061767578,23.100000381469727,22.760000228881836,23.010000228881836,6219500
2025-05-20,21.250709533691406,23.3700008392334,22.989999771118164,23.09000015258789,6110100
2025-05-21,20.689300537109375,23.059999465942383,22.399999618530273,22.479999542236328,7625300
2025-05-22,20.532840728759766,22.40999984741211,21.979999542236328,22.309999465942383,9762300
2025-05-23,20.615673065185547,22.459999084472656,22.010000228881836,22.399999618530273,6785000
2025-05-27,21.075843811035156,22.93000030517578,22.479999542236328,22.899999618530273,6351200
2025-05-28,20.900978088378906,23.09000015258789,22.649999618530273,22.709999084472656,5788400
2025-05-29,20.864168167114258,22.920000076293945,22.440000534057617,22.670000076293945,6821600
2025-05-30,21.066640853881836,22.979999542236328,22.540000915527344,22.889999389648438,8306600
2025-06-02,20.946998596191406,22.799999237060547,22.479999542236328,22.760000228881836,5715400
2025-06-03,20.873369216918945,22.780000686645508,22.299999237060547,22.68000030517578,4836600
2025-06-04,20.707706451416016,22.809999465942383,22.479999542236328,22.5,3970700
2025-06-05,20.486825942993164,22.440000534057617,22.1200008392334,22.260000228881836,4414100
2025-06-06,20.606468200683594,22.469999313354492,22.15999984741211,22.389999389648438,4738200
2025-06-09,20.615673065185547,22.510000228881836,22.06999969482422,22.399999618530273,8563700
2025-06-10,20.65248680114746,22.579999923706055,22.110000610351562,22.440000534057617,8689700
2025-06-11,20.588064193725586,22.549999237060547,22.200000762939453,22.3700008392334,5945300
2025-06-12,20.505231857299805,22.309999465942383,21.809999465942383,22.280000686645508,8867200
2025-06-13,19.851787567138672,22.489999771118164,21.510000228881836,21.56999969482422,10715400
2025-06-16,19.879398345947266,21.690000534057617,21.18000030517578,21.600000381469727,9917900
2025-06-17,19.83338165283203,21.889999389648438,21.469999313354492,21.549999237060547,6165700
2025-06-18,19.787364959716797,21.729999542236328,21.450000762939453,21.5,5856300
2025-06-20,19.77816390991211,21.649999618530273,21.329999923706055,21.489999771118164,14392800
2025-06-23,19.888601303100586,21.780000686645508,21.270000457763672,21.610000610351562,7884700
2025-06-24,19.750553131103516,21.639999389648438,21.299999237060547,21.459999084472656,9400000
2025-06-25,18.821006774902344,21.190000534057617,20.450000762939453,20.450000762939453,11487300
2025-06-26,18.867021560668945,20.860000610351562,20.399999618530273,20.5,7918000
2025-06-27,18.774986267089844,20.670000076293945,20.260000228881836,20.399999618530273,11428100
2025-06-30,18.839412689208984,20.520000457763672,20.260000228881836,20.469999313354492,9555200
2025-07-01,19.373210906982422,21.3700008392334,20.3799991607666,21.049999237060547,11289400
2025-07-02,19.45604133605957,21.299999237060547,20.969999313354492,21.139999389648438,7516000
2025-07-03,19.317989349365234,21.270000457763672,20.93000030517578,20.989999771118164,6100800
2025-07-07,18.784191131591797,20.989999771118164,20.329999923706055,20.40999984741211,9271500
2025-07-08,19.00507354736328,20.81999969482422,20.229999542236328,20.649999618530273,9907500
2025-07-09,18.756580352783203,20.799999237060547,20.219999313354492,20.3799991607666,12752800
2025-07-10,17.937475204467773,20.149999618530273,18.81999969482422,19.489999771118164,29498900
2025-07-11,17.854644775390625,19.530000686645508,18.84000015258789,19.399999618530273,20159800
2025-07-14,17.836238861083984,19.59000015258789,19.229999542236328,19.3799991607666,12651300
2025-07-15,17.486507415771484,19.549999237060547,18.959999084472656,19.0,14794600
2025-07-16,17.52332305908203,19.170000076293945,18.799999237060547,19.040000915527344,9607900
2025-07-17,17.45889663696289,19.219999313354492,18.84000015258789,18.969999313354492,10255200
2025-07-18,17.550933837890625,19.229999542236328,18.93000030517578,19.06999969482422,9688300
2025-07-21,17.25642204284668,19.25,18.670000076293945,18.75,14163400
2025-07-22,17.854644775390625,19.540000915527344,18.719999313354492,19.399999618530273,11940000
2025-07-23,18.06632423400879,19.8799991607666,19.489999771118164,19.6299991607666,12714300
2025-07-24,17.762611389160156,19.56999969482422,19.299999237060547,19.299999237060547,9928100
2025-07-25,17.679779052734375,19.31999969482422,19.059999465942383,19.209999084472656,8409600
2025-07-28,17.67057991027832,19.43000030517578,18.950000762939453,19.200000762939453,10824500
2025-07-29,17.836238861083984,19.420000076293945,18.969999313354492,19.3799991607666,12525100
2025-07-30,17.367605209350586,19.100000381469727,18.389999389648438,18.530000686645508,14814000
2025-07-31,17.11454200744629,18.579999923706055,18.18000030517578,18.260000228881836,20194800
2025-08-01,17.348859786987305,18.59000015258789,18.260000228881836,18.510000228881836,11514700
2025-08-04,17.517568588256836,18.760000228881836,18.440000534057617,18.690000534057617,10954600
2025-08-05,17.62066650390625,18.90999984741211,18.6299991607666,18.799999237060547,9405700
2025-08-06,17.742511749267578,19.1200008392334,18.739999771118164,18.93000030517578,12164600
2025-08-07,18.042438507080078,19.3799991607666,18.84000015258789,19.25,13497700
2025-08-08,18.042438507080078,19.350000381469727,19.09000015258789,19.25,9649000
2025-08-11,18.06118392944336,19.549999237060547,19.049999237060547,19.270000457763672,9734800
2025-08-12,18.27675437927246,19.68000030517578,19.270000457763672,19.5,12511600
2025-08-13,18.295499801635742,19.690000534057617,19.299999237060547,19.520000457763672,8181100
2025-08-14,18.229890823364258,19.469999313354492,19.110000610351562,19.450000762939453,6183100
2025-08-15,17.967456817626953,19.520000457763672,18.989999771118164,19.170000076293945,8385300
2025-08-18,17.78937339782715,19.239999771118164,18.979999542236328,18.979999542236328,9453800
2025-08-19,18.06118392944336,19.479999542236328,19.06999969482422,19.270000457763672,8492800
2025-08-20,18.042438507080078,19.65999984741211,19.209999084472656,19.25,7634200
2025-08-21,18.08930015563965,19.350000381469727,19.010000228881836,19.299999237060547,7468100
2025-08-22,18.42671775817871,19.780000686645508,19.40999984741211,19.65999984741211,12182000
2025-08-25,17.958084106445312,19.65999984741211,19.100000381469727,19.15999984741211,8461300
2025-08-26,17.611295700073242,19.059999465942383,18.700000762939453,18.790000915527344,55005600
2025-08-27,17.958084106445312,19.209999084472656,18.670000076293945,19.15999984741211,11846000
2025-08-28,17.611295700073242,19.190000534057617,18.530000686645508,18.790000915527344,10725400
2025-08-29,17.929964065551758,19.170000076293945,18.809999465942383,19.1299991607666,8268500
2025-09-02,17.592548370361328,19.229999542236328,18.729999542236328,18.770000457763672,10793000
2025-09-03,17.995574951171875,19.229999542236328,18.610000610351562,19.200000762939453,9418000
2025-09-04,17.75188636779785,19.299999237060547,18.8700008392334,18.940000534057617,9507700
2025-09-05,18.070556640625,19.3799991607666,18.899999618530273,19.280000686645508,8234400
2025-09-08,18.23926544189453,19.510000228881836,19.139999389648438,19.459999084472656,9343100
2025-09-09,18.20177459716797,19.549999237060547,19.309999465942383,19.420000076293945,7833800
2025-09-10,18.145538330078125,19.43000030517578,19.030000686645508,19.360000610351562,8978000
2025-09-11,18.22052001953125,19.59000015258789,19.270000457763672,19.440000534057617,8060800
2025-09-12,17.967456817626953,19.420000076293945,19.170000076293945,19.170000076293945,5349600
2025-09-15,17.498823165893555,19.34000015258789,18.670000076293945,18.670000076293945,9688600
2025-09-16,17.75188636779785,19.059999465942383,18.649999618530273,18.940000534057617,9307300
2025-09-17,17.705020904541016,19.239999771118164,18.84000015258789,18.889999389648438,8077800
2025-09-18,17.573802947998047,18.889999389648438,18.670000076293945,18.75,11558200
2025-09-19,17.376976013183594,18.899999618530273,18.450000762939453,18.540000915527344,20476700
2025-09-22,17.1707763671875,18.6299991607666,18.299999237060547,18.31999969482422,9705800
2025-09-23,17.058303833007812,18.479999542236328,18.1200008392334,18.200000762939453,10960200
2025-09-24,17.367605209350586,18.639999389648438,18.18000030517578,18.530000686645508,10592600
2025-09-25,16.945831298828125,18.639999389648438,18.06999969482422,18.079999923706055,11014700
2025-09-26,17.03955841064453,18.360000610351562,18.1200008392334,18.18000030517578,11979200
2025-09-29,16.908342361450195,18.209999084472656,17.889999389648438,18.040000915527344,12165400
2025-09-30,17.161401748657227,18.3799991607666,17.899999618530273,18.309999465942383,22230700
2025-10-01,18.08930015563965,19.360000610351562,18.43000030517578,19.299999237060547,23515900
2025-10-02,17.976829528808594,19.239999771118164,18.84000015258789,19.18000030517578,11204100
2025-10-03,17.911218643188477,19.329999923706055,18.989999771118164,19.110000610351562,7714600
2025-10-06,17.545682907104492,19.149999618530273,18.65999984741211,18.719999313354492,11397300
2025-10-07,17.723766326904297,19.079999923706055,18.649999618530273,18.90999984741211,13204400
2025-10-08,17.536312103271484,18.969999313354492,18.65999984741211,18.709999084472656,8467400
2025-10-09,17.33948516845703,18.799999237060547,18.450000762939453,18.5,7238400
2025-10-10,17.41446876525879,18.700000762939453,18.309999465942383,18.579999923706055,14977200
2025-10-13,17.048933029174805,18.540000915527344,17.93000030517578,18.190000534057617,12938700
2025-10-14,17.33948516845703,18.520000457763672,18.06999969482422,18.5,16330600
2025-10-15,17.189523696899414,18.68000030517578,18.270000457763672,18.34000015258789,13431800
2025-10-16,17.12391471862793,18.690000534057617,18.170000076293945,18.270000457763672,14701800
2025-10-17,17.395721435546875,18.6299991607666,18.309999465942383,18.559999465942383,8974000
2025-10-20,17.33948516845703,18.6299991607666,18.469999313354492,18.5,7300000
2025-10-21,17.45195960998535,18.670000076293945,18.43000030517578,18.6200008392334,7466300
2025-10-22,17.6019229888916,18.989999771118164,18.510000228881836,18.780000686645508,9936300
2025-10-23,17.31136703491211,18.860000610351562,18.440000534057617,18.469999313354492,8562600
2025-10-24,17.14266014099121,18.610000610351562,18.260000228881836,18.290000915527344,7146800
2025-10-27,17.33948516845703,18.510000228881836,18.270000457763672,18.5,8998600
2025-10-28,16.945831298828125,18.40999984741211,18.049999237060547,18.079999923706055,14629200
2025-10-29,16.289743423461914,18.040000915527344,17.350000381469727,17.3799991607666,20897500
2025-10-30,16.662790298461914,17.479999542236328,16.940000534057617,17.420000076293945,15512700
2025-10-31,16.44278907775879,17.31999969482422,17.09000015258789,17.190000534057617,12966400
2025-11-03,16.538442611694336,17.440000534057617,17.010000228881836,17.290000915527344,12535200
2025-11-04,16.366268157958984,17.3700008392334,17.049999237060547,17.110000610351562,9363500
2025-11-05,16.347135543823242,17.219999313354492,17.0,17.09000015258789,10988400
2025-11-06,15.974089622497559,17.170000076293945,16.600000381469727,16.700000762939453,10641600
2025-11-07,16.394962310791016,17.290000915527344,16.690000534057617,17.139999389648438,10833100
2025-11-10,16.24191665649414,17.290000915527344,16.90999984741211,16.979999542236328,9212500
2025-11-11,16.54800796508789,17.3700008392334,17.06999969482422,17.299999237060547,9691400
2025-11-12,16.58626937866211,17.5,17.25,17.34000015258789,8059400
2025-11-13,16.6723575592041,17.65999984741211,17.31999969482422,17.43000030517578,9838700
2025-11-14,16.69148826599121,17.65999984741211,17.25,17.450000762939453,8036600
2025-11-17,16.375831604003906,17.479999542236328,17.100000381469727,17.1200008392334,10891100
2025-11-18,16.624528884887695,17.43000030517578,17.059999465942383,17.3799991607666,9522000
2025-11-19,16.643659591674805,17.579999923706055,17.239999771118164,17.399999618530273,10219200
2025-11-20,16.624528884887695,17.510000228881836,17.270000457763672,17.3799991607666,8232400
2025-11-21,16.997577667236328,18.030000686645508,17.530000686645508,17.770000457763672,14288300
2025-11-24,16.758445739746094,17.799999237060547,17.510000228881836,17.520000457763672,12973300
2025-11-25,16.968881607055664,17.850000381469727,17.56999969482422,17.739999771118164,8208800
2025-11-26,17.0454044342041,17.979999542236328,17.700000762939453,17.81999969482422,8629500
2025-11-28,17.0741024017334,17.979999542236328,17.829999923706055,17.850000381469727,3764800
2025-12-01,16.90192413330078,17.8799991607666,17.540000915527344,17.670000076293945,8595500
2025-12-02,16.471485137939453,17.670000076293945,17.149999618530273,17.219999313354492,10588600
2025-12-03,16.414093017578125,17.600000381469727,17.15999984741211,17.15999984741211,7099000
2025-12-04,16.21322250366211,17.290000915527344,16.920000076293945,16.950000762939453,8758100
2025-12-05,16.308874130249023,17.139999389648438,16.860000610351562,17.049999237060547,8210900
2025-12-08,16.366268157958984,17.350000381469727,16.889999389648438,17.110000610351562,12353600
2025-12-09,16.375831604003906,17.270000457763672,16.950000762939453,17.1200008392334,10499600
2025-12-10,16.681921005249023,17.479999542236328,17.100000381469727,17.440000534057617,14148700
2025-12-11,16.8349666595459,17.700000762939453,17.43000030517578,17.600000381469727,7955000
2025-12-12,16.97844696044922,17.8700008392334,17.68000030517578,17.75,7071100
2025-12-15,17.160188674926758,18.049999237060547,17.81999969482422,17.940000534057617,8856600
2025-12-16,16.968881607055664,18.0,17.709999084472656,17.739999771118164,7997500
2025-12-17,17.141056060791016,18.030000686645508,17.790000915527344,17.920000076293945,8249500
2025-12-18,17.026273727416992,17.969999313354492,17.780000686645508,17.799999237060547,12186400
2025-12-19,16.595834732055664,18.049999237060547,17.049999237060547,17.350000381469727,22998100
2025-12-22,16.509746551513672,17.440000534057617,17.06999969482422,17.260000228881836,11410700
2025-12-23,16.24191665649414,17.25,16.950000762939453,16.979999542236328,9443100
2025-12-24,16.337570190429688,17.079999923706055,16.8799991607666,17.079999923706055,3755600
2025-12-26,16.490615844726562,17.270000457763672,17.020000457763672,17.239999771118164,6941400
2025-12-29,16.701051712036133,17.56999969482422,17.290000915527344,17.459999084472656,12228500
2025-12-30,16.6723575592041,17.6299991607666,17.40999984741211,17.43000030517578,7742300
