Date,adjclose,high,low,close,volume
1998-01-02,0.6426807641983032,0.669409990310669,0.6200270056724548,0.669409990310669,150356
1998-01-05,0.6953598260879517,0.7242799997329712,0.6803839802742004,0.7242799997329712,218700
1998-01-06,0.663752555847168,0.7352539896965027,0.6913579702377319,0.6913579702377319,138966
1998-01-07,0.6742883920669556,0.7133060097694397,0.6913579702377319,0.7023320198059082,189084
1998-01-08,0.6532166600227356,0.7133060097694397,0.6803839802742004,0.6803839802742004,118463
1998-01-09,0.6321449875831604,0.6968449950218201,0.6310009956359863,0.6584360003471375,537638
1998-01-12,0.5900018215179443,0.6584360003471375,0.6035670042037964,0.6145399808883667,437400
1998-01-13,0.6216093897819519,0.6529489755630493,0.6035670042037964,0.647462010383606,503466
1998-01-14,0.6163413524627686,0.6529489755630493,0.633745014667511,0.6419749855995178,138966
1998-01-15,0.6163413524627686,0.6419749855995178,0.6419749855995178,0.6419749855995178,11391
1998-01-16,0.6216093897819519,0.647462010383606,0.6419749855995178,0.647462010383606,97959
1998-01-20,0.6163413524627686,0.6419749855995178,0.6310009956359863,0.6419749855995178,4556
1998-01-21,0.6216093897819519,0.647462010383606,0.647462010383606,0.647462010383606,4556
1998-01-22,0.6110734343528748,0.6364880204200745,0.6310009956359863,0.6364880204200745,3041297
1998-01-23,0.6611188650131226,0.7133060097694397,0.647462010383606,0.6886150240898132,148078
1998-01-26,0.6374130249023438,0.6639230251312256,0.6639230251312256,0.6639230251312256,22781
1998-01-27,0.6321449875831604,0.6913579702377319,0.6584360003471375,0.6584360003471375,29616
1998-01-28,0.663752555847168,0.6913579702377319,0.6913579702377319,0.6913579702377319,20503
1998-01-29,0.6479487419128418,0.6913579702377319,0.6748970150947571,0.6748970150947571,478406
1998-01-30,0.6426807641983032,0.677640974521637,0.669409990310669,0.669409990310669,31894
1998-02-02,0.6426807641983032,0.6803839802742004,0.6639230251312256,0.669409990310669,95681
1998-02-03,0.6532166600227356,0.6803839802742004,0.6748970150947571,0.6803839802742004,43284
1998-02-04,0.6321449875831604,0.6639230251312256,0.6584360003471375,0.6584360003471375,148078
1998-02-05,0.6426807641983032,0.669409990310669,0.6584360003471375,0.669409990310669,25059
1998-02-06,0.6426807641983032,0.669409990310669,0.6584360003471375,0.669409990310669,530803
1998-02-09,0.6426807641983032,0.669409990310669,0.669409990310669,0.669409990310669,4556
1998-02-10,0.6426807641983032,0.669409990310669,0.6584360003471375,0.669409990310669,75178
1998-02-11,0.6426807641983032,0.6803839802742004,0.669409990310669,0.669409990310669,72900
1998-02-12,0.6532166600227356,0.6803839802742004,0.6803839802742004,0.6803839802742004,22781
1998-02-13,0.6742883920669556,0.7023320198059082,0.6803839802742004,0.7023320198059082,61509
1998-02-17,0.6742883920669556,0.7023320198059082,0.7023320198059082,0.7023320198059082,45563
1998-02-18,0.6742883920669556,0.7023320198059082,0.6584360003471375,0.7023320198059082,20503
1998-02-19,0.663752555847168,0.6913579702377319,0.6913579702377319,0.6913579702377319,2278
1998-02-20,0.7058956027030945,0.7572020292282104,0.7023320198059082,0.7352539896965027,501188
1998-02-23,0.7164314389228821,0.7517150044441223,0.7352539896965027,0.7462279796600342,82013
1998-02-24,0.7164314389228821,0.7462279796600342,0.7297670245170593,0.7462279796600342,34172
1998-02-25,0.7058956027030945,0.7352539896965027,0.7352539896965027,0.7352539896965027,41006
1998-02-26,0.6953598260879517,0.7242799997329712,0.7242799997329712,0.7242799997329712,6834
1998-02-27,0.7164314389228821,0.7572020292282104,0.7352539896965027,0.7462279796600342,50119
1998-03-02,0.7375033497810364,0.7681760191917419,0.7462279796600342,0.7681760191917419,375891
1998-03-03,0.7375033497810364,0.7736629843711853,0.7352539896965027,0.7681760191917419,61509
1998-03-04,0.7375033497810364,0.7681760191917419,0.7352539896965027,0.7681760191917419,13669
1998-03-05,0.7375033497810364,0.7681760191917419,0.7681760191917419,0.7681760191917419,0
1998-03-06,0.7375033497810364,0.7681760191917419,0.7681760191917419,0.7681760191917419,45563
1998-03-09,0.7322351932525635,0.7736629843711853,0.7517150044441223,0.7626889944076538,36450
1998-03-10,0.7164314389228821,0.7572020292282104,0.7462279796600342,0.7462279796600342,61509
1998-03-11,0.7322351932525635,0.7736629843711853,0.7462279796600342,0.7626889944076538,141244
1998-03-12,0.7164314389228821,0.7462279796600342,0.7462279796600342,0.7462279796600342,45563
1998-03-13,0.7164314389228821,0.7517150044441223,0.7462279796600342,0.7462279796600342,343997
1998-03-16,0.7216994762420654,0.7517150044441223,0.7517150044441223,0.7517150044441223,22781
1998-03-17,0.7216994762420654,0.7791500091552734,0.7517150044441223,0.7517150044441223,646988
1998-03-18,0.7322351932525635,0.7626889944076538,0.7517150044441223,0.7626889944076538,15947
1998-03-19,0.7375033497810364,0.7681760191917419,0.7517150044441223,0.7681760191917419,20503
1998-03-20,0.726967453956604,0.7572020292282104,0.7517150044441223,0.7572020292282104,132131
1998-03-23,0.7216994762420654,0.7517150044441223,0.7517150044441223,0.7517150044441223,22781
1998-03-24,0.726967453956604,0.7572020292282104,0.7517150044441223,0.7572020292282104,120741
1998-03-25,0.7216994762420654,0.7517150044441223,0.7517150044441223,0.7517150044441223,47841
1998-03-26,0.726967453956604,0.7572020292282104,0.7517150044441223,0.7572020292282104,38728
1998-03-27,0.726967453956604,0.7572020292282104,0.7572020292282104,0.7572020292282104,0
1998-03-30,0.7691097259521484,0.8010969758033752,0.7626889944076538,0.8010969758033752,27338
1998-03-31,0.7216994762420654,0.8010969758033752,0.7517150044441223,0.7517150044441223,43284
1998-04-01,0.7216994762420654,0.8010969758033752,0.7517150044441223,0.7517150044441223,22781
1998-04-02,0.7691097259521484,0.8010969758033752,0.7736629843711853,0.8010969758033752,31894
1998-04-03,0.7427710294723511,0.8010969758033752,0.7736629843711853,0.7736629843711853,246038
1998-04-06,0.7164314389228821,0.7462279796600342,0.7462279796600342,0.7462279796600342,9113
1998-04-07,0.7111636996269226,0.7462279796600342,0.7407410144805908,0.7407410144805908,1601522
1998-04-08,0.7058956027030945,0.7352539896965027,0.7352539896965027,0.7352539896965027,2278
1998-04-09,0.7058956027030945,0.7407410144805908,0.7352539896965027,0.7352539896965027,93403
1998-04-13,0.7216994762420654,0.7517150044441223,0.7352539896965027,0.7517150044441223,72900
1998-04-14,0.7058956027030945,0.7352539896965027,0.7352539896965027,0.7352539896965027,4556
1998-04-15,0.7111636996269226,0.7517150044441223,0.7407410144805908,0.7407410144805908,31894
1998-04-16,0.7480390071868896,0.7791500091552734,0.7462279796600342,0.7791500091552734,34172
1998-04-17,0.7480390071868896,0.7791500091552734,0.7791500091552734,0.7791500091552734,72900
1998-04-20,0.726967453956604,0.8120710253715515,0.7572020292282104,0.7572020292282104,25059
1998-04-21,0.7427710294723511,0.7736629843711853,0.7736629843711853,0.7736629843711853,13669
1998-04-22,0.7427710294723511,0.7736629843711853,0.7736629843711853,0.7736629843711853,0
1998-04-23,0.8112529516220093,0.8888890147209167,0.8010969758033752,0.844992995262146,382725
1998-04-24,0.8112529516220093,0.844992995262146,0.844992995262146,0.844992995262146,0
1998-04-27,0.8112529516220093,0.844992995262146,0.844992995262146,0.844992995262146,0
1998-04-28,0.7743775844573975,0.823045015335083,0.7901229858398438,0.8065840005874634,343997
1998-04-29,0.7691097259521484,0.8065840005874634,0.8010969758033752,0.8010969758033752,27338
1998-04-30,0.7691097259521484,0.8120710253715515,0.7901229858398438,0.8010969758033752,70622
1998-05-01,0.7585738897323608,0.8120710253715515,0.7901229858398438,0.7901229858398438,394116
1998-05-04,0.726967453956604,0.7901229858398438,0.7572020292282104,0.7572020292282104,82013
1998-05-05,0.726967453956604,0.7572020292282104,0.7572020292282104,0.7572020292282104,50119
1998-05-06,0.7585738897323608,0.8010969758033752,0.7572020292282104,0.7901229858398438,31894
1998-05-07,0.753305971622467,0.7901229858398438,0.7572020292282104,0.7846360206604004,321216
1998-05-08,0.7480390071868896,0.7791500091552734,0.7572020292282104,0.7791500091552734,36450
1998-05-11,0.7480390071868896,0.7791500091552734,0.7791500091552734,0.7791500091552734,0
1998-05-12,0.726967453956604,0.8010969758033752,0.7572020292282104,0.7572020292282104,75178
1998-05-13,0.7164314389228821,0.7462279796600342,0.7462279796600342,0.7462279796600342,29616
1998-05-14,0.7164314389228821,0.7462279796600342,0.7462279796600342,0.7462279796600342,0
1998-05-15,0.7585738897323608,0.7901229858398438,0.7462279796600342,0.7901229858398438,9113
1998-05-18,0.7216994762420654,0.7517150044441223,0.7517150044441223,0.7517150044441223,4556
1998-05-19,0.7164314389228821,0.7462279796600342,0.7187929749488831,0.7462279796600342,31894
1998-05-20,0.7164314389228821,0.7462279796600342,0.7462279796600342,0.7462279796600342,0
1998-05-21,0.7216994762420654,0.7517150044441223,0.7517150044441223,0.7517150044441223,13669
1998-05-22,0.7164314389228821,0.7462279796600342,0.7462279796600342,0.7462279796600342,4556
1998-05-26,0.7164314389228821,0.7462279796600342,0.7462279796600342,0.7462279796600342,6834
1998-05-27,0.6848241090774536,0.7352539896965027,0.7133060097694397,0.7133060097694397,207309
1998-05-28,0.7058956027030945,0.7352539896965027,0.7023320198059082,0.7352539896965027,13669
1998-05-29,0.6953598260879517,0.7352539896965027,0.7023320198059082,0.7242799997329712,772284
1998-06-01,0.6953598260879517,0.7242799997329712,0.7242799997329712,0.7242799997329712,2278
1998-06-02,0.7058956027030945,0.7352539896965027,0.732509970664978,0.7352539896965027,141244
1998-06-03,0.7111636996269226,0.7407410144805908,0.7407410144805908,0.7407410144805908,27338
1998-06-04,0.7111636996269226,0.7407410144805908,0.7407410144805908,0.7407410144805908,0
1998-06-05,0.6953598260879517,0.7242799997329712,0.7242799997329712,0.7242799997329712,22781
1998-06-08,0.6953598260879517,0.7242799997329712,0.7242799997329712,0.7242799997329712,4556
1998-06-09,0.6953598260879517,0.7242799997329712,0.7242799997329712,0.7242799997329712,0
1998-06-10,0.6953598260879517,0.7242799997329712,0.7242799997329712,0.7242799997329712,2278
1998-06-11,0.6532166600227356,0.7242799997329712,0.6803839802742004,0.6803839802742004,111628
1998-06-12,0.6742883920669556,0.7023320198059082,0.6803839802742004,0.7023320198059082,25059
1998-06-15,0.663752555847168,0.7133060097694397,0.6913579702377319,0.6913579702377319,20503
1998-06-16,0.7137970328330994,0.7434840202331543,0.7434840202331543,0.7434840202331543,6834
1998-06-17,0.7137970328330994,0.7434840202331543,0.7434840202331543,0.7434840202331543,0
1998-06-18,0.6532166600227356,0.6803839802742004,0.6803839802742004,0.6803839802742004,9113
1998-06-19,0.6532166600227356,0.6803839802742004,0.6803839802742004,0.6803839802742004,0
1998-06-22,0.6532166600227356,0.6803839802742004,0.6803839802742004,0.6803839802742004,11391
1998-06-23,0.6532166600227356,0.6803839802742004,0.6803839802742004,0.6803839802742004,9113
1998-06-24,0.6742883920669556,0.7462279796600342,0.7023320198059082,0.7023320198059082,20503
1998-06-25,0.6742883920669556,0.7023320198059082,0.7023320198059082,0.7023320198059082,0
1998-06-26,0.7164314389228821,0.7462279796600342,0.7023320198059082,0.7462279796600342,66066
1998-06-29,0.7164314389228821,0.7462279796600342,0.7462279796600342,0.7462279796600342,0
1998-06-30,0.6538749933242798,0.7242799997329712,0.6810700297355652,0.6810700297355652,27338
1998-07-01,0.6742883920669556,0.7242799997329712,0.6803839802742004,0.7023320198059082,34172
1998-07-02,0.663752555847168,0.7023320198059082,0.6913579702377319,0.6913579702377319,13669
1998-07-06,0.7058956027030945,0.7572020292282104,0.7242799997329712,0.7352539896965027,656100
1998-07-07,0.7164314389228821,0.7572020292282104,0.7462279796600342,0.7462279796600342,113906
1998-07-08,0.6900920271873474,0.7462279796600342,0.7133060097694397,0.7187929749488831,277931
1998-07-09,0.6900920271873474,0.7187929749488831,0.7187929749488831,0.7187929749488831,0
1998-07-10,0.6900920271873474,0.7187929749488831,0.7187929749488831,0.7187929749488831,0
1998-07-13,0.6953598260879517,0.7242799997329712,0.6968449950218201,0.7242799997329712,13669
1998-07-14,0.6953598260879517,0.7242799997329712,0.7242799997329712,0.7242799997329712,0
1998-07-15,0.6690202951431274,0.6968449950218201,0.6968449950218201,0.6968449950218201,4556
1998-07-16,0.6690202951431274,0.6968449950218201,0.6968449950218201,0.6968449950218201,4556
1998-07-17,0.6690202951431274,0.6968449950218201,0.6968449950218201,0.6968449950218201,4556
1998-07-20,0.6953598260879517,0.7242799997329712,0.6968449950218201,0.7242799997329712,13669
1998-07-21,0.6821897029876709,0.710561990737915,0.710561990737915,0.710561990737915,68344
1998-07-22,0.6821897029876709,0.710561990737915,0.710561990737915,0.710561990737915,0
1998-07-23,0.6690202951431274,0.6995880007743835,0.6968449950218201,0.6968449950218201,225534
1998-07-24,0.6742883920669556,0.7023320198059082,0.7023320198059082,0.7023320198059082,6834
1998-07-27,0.6690202951431274,0.7023320198059082,0.6913579702377319,0.6968449950218201,143522
1998-07-28,0.6690202951431274,0.6968449950218201,0.6913579702377319,0.6968449950218201,86569
1998-07-29,0.663752555847168,0.6913579702377319,0.6913579702377319,0.6913579702377319,72900
1998-07-30,0.6532166600227356,0.6803839802742004,0.6803839802742004,0.6803839802742004,9113
1998-07-31,0.6532166600227356,0.6803839802742004,0.6803839802742004,0.6803839802742004,0
1998-08-03,0.6611188650131226,0.6886150240898132,0.6803839802742004,0.6886150240898132,189084
1998-08-04,0.6532166600227356,0.6886150240898132,0.6803839802742004,0.6803839802742004,216422
1998-08-05,0.6532166600227356,0.6831279993057251,0.6803839802742004,0.6803839802742004,391838
1998-08-06,0.663752555847168,0.6913579702377319,0.6803839802742004,0.6913579702377319,216422
1998-08-07,0.6532166600227356,0.6968449950218201,0.6803839802742004,0.6803839802742004,72900
1998-08-10,0.6479487419128418,0.6803839802742004,0.6748970150947571,0.6748970150947571,27338
1998-08-11,0.6479487419128418,0.6748970150947571,0.6748970150947571,0.6748970150947571,36450
1998-08-12,0.6479487419128418,0.6748970150947571,0.6748970150947571,0.6748970150947571,11391
1998-08-13,0.6426807641983032,0.6748970150947571,0.6584360003471375,0.669409990310669,72900
1998-08-14,0.6321449875831604,0.6584360003471375,0.6584360003471375,0.6584360003471375,18225
1998-08-17,0.6321449875831604,0.6584360003471375,0.6584360003471375,0.6584360003471375,18225
1998-08-18,0.6426807641983032,0.669409990310669,0.6584360003471375,0.669409990310669,20503
1998-08-19,0.6426807641983032,0.669409990310669,0.669409990310669,0.669409990310669,0
1998-08-20,0.6532166600227356,0.6803839802742004,0.6639230251312256,0.6803839802742004,25059
1998-08-21,0.6110734343528748,0.6584360003471375,0.6364880204200745,0.6364880204200745,82013
1998-08-24,0.6110734343528748,0.6364880204200745,0.6364880204200745,0.6364880204200745,0
1998-08-25,0.6110734343528748,0.6364880204200745,0.6364880204200745,0.6364880204200745,0
1998-08-26,0.5900018215179443,0.6145399808883667,0.6145399808883667,0.6145399808883667,18225
1998-08-27,0.5583953857421875,0.6145399808883667,0.5816190242767334,0.5816190242767334,120741
1998-08-28,0.5583953857421875,0.6145399808883667,0.5816190242767334,0.5816190242767334,18225
1998-08-31,0.5583953857421875,0.6145399808883667,0.5816190242767334,0.5816190242767334,18225
1998-09-01,0.5504928231239319,0.5733879804611206,0.5322359800338745,0.5733879804611206,70622
1998-09-02,0.5504928231239319,0.5733879804611206,0.5733879804611206,0.5733879804611206,0
1998-09-03,0.5900018215179443,0.6145399808883667,0.5733879804611206,0.6145399808883667,694828
1998-09-04,0.5057160258293152,0.5733879804611206,0.5267490148544312,0.5267490148544312,59231
1998-09-08,0.5900018215179443,0.6145399808883667,0.6145399808883667,0.6145399808883667,11391
1998-09-09,0.5900018215179443,0.6145399808883667,0.6145399808883667,0.6145399808883667,0
1998-09-10,0.48464450240135193,0.5267490148544312,0.4828529953956604,0.5048009753227234,20503
1998-09-11,0.48464450240135193,0.5048009753227234,0.4828529953956604,0.5048009753227234,168581
1998-09-14,0.44250133633613586,0.460904985666275,0.460904985666275,0.460904985666275,13669
1998-09-15,0.4635729491710663,0.4828529953956604,0.460904985666275,0.4828529953956604,273375
1998-09-16,0.5057160258293152,0.5267490148544312,0.460904985666275,0.5267490148544312,284766
1998-09-17,0.5057160258293152,0.5267490148544312,0.5267490148544312,0.5267490148544312,6834
1998-09-18,0.44250133633613586,0.5157750248908997,0.460904985666275,0.460904985666275,41006
1998-09-21,0.44250133633613586,0.460904985666275,0.460904985666275,0.460904985666275,9113
1998-09-22,0.44250133633613586,0.460904985666275,0.460904985666275,0.460904985666275,0
1998-09-23,0.5478594899177551,0.5706449747085571,0.460904985666275,0.5706449747085571,52397
1998-09-24,0.5689311027526855,0.5925930142402649,0.5925930142402649,0.5925930142402649,11391
1998-09-25,0.5689311027526855,0.5925930142402649,0.5925930142402649,0.5925930142402649,0
1998-09-28,0.5583953857421875,0.5816190242767334,0.5816190242767334,0.5816190242767334,34172
1998-09-29,0.6110734343528748,0.6364880204200745,0.5925930142402649,0.6364880204200745,27338
1998-09-30,0.5900018215179443,0.6145399808883667,0.5486969947814941,0.6145399808883667,56953
1998-10-01,0.5900018215179443,0.6145399808883667,0.6145399808883667,0.6145399808883667,0
1998-10-02,0.5057160258293152,0.5486969947814941,0.43895700573921204,0.5267490148544312,29616
1998-10-05,0.5162520408630371,0.6035670042037964,0.4636490046977997,0.5377230048179626,109350
1998-10-06,0.5900018215179443,0.6145399808883667,0.5267490148544312,0.6145399808883667,13669
1998-10-07,0.5900018215179443,0.6145399808883667,0.6145399808883667,0.6145399808883667,0
1998-10-08,0.5900018215179443,0.6145399808883667,0.6145399808883667,0.6145399808883667,0
1998-10-09,0.5109842419624329,0.5322359800338745,0.5322359800338745,0.5322359800338745,13669
1998-10-12,0.5373238325119019,0.5871059894561768,0.5596709847450256,0.5596709847450256,15947
1998-10-13,0.4951803684234619,0.5267490148544312,0.5157750248908997,0.5157750248908997,225534
1998-10-14,0.4951803684234619,0.5267490148544312,0.5157750248908997,0.5157750248908997,145800
1998-10-15,0.5900018215179443,0.6145399808883667,0.5486969947814941,0.6145399808883667,70622
1998-10-16,0.5847338438034058,0.6145399808883667,0.6090530157089233,0.6090530157089233,22781
1998-10-19,0.5373238325119019,0.6200270056724548,0.5596709847450256,0.5596709847450256,45563
1998-10-20,0.5689311027526855,0.5925930142402649,0.5925930142402649,0.5925930142402649,302991
1998-10-21,0.5689311027526855,0.5925930142402649,0.5925930142402649,0.5925930142402649,0
1998-10-22,0.5952697396278381,0.6200270056724548,0.5898489952087402,0.6200270056724548,512578
1998-10-23,0.5952697396278381,0.6200270056724548,0.6200270056724548,0.6200270056724548,0
1998-10-26,0.5952697396278381,0.6200270056724548,0.6200270056724548,0.6200270056724548,0
1998-10-27,0.5583953857421875,0.5816190242767334,0.5816190242767334,0.5816190242767334,9113
1998-10-28,0.5162520408630371,0.5377230048179626,0.5377230048179626,0.5377230048179626,6834
1998-10-29,0.5162520408630371,0.5377230048179626,0.5377230048179626,0.5377230048179626,0
1998-10-30,0.5267878770828247,0.5486969947814941,0.5486969947814941,0.5486969947814941,2278
1998-11-02,0.5900018215179443,0.6364880204200745,0.3511660099029541,0.6145399808883667,132131
1998-11-03,0.5900018215179443,0.6145399808883667,0.6145399808883667,0.6145399808883667,0
1998-11-04,0.5715646147727966,0.5953360199928284,0.5733879804611206,0.5953360199928284,1708594
1998-11-05,0.5320559144020081,0.5541840195655823,0.5541840195655823,0.5541840195655823,45563
1998-11-06,0.5320559144020081,0.5541840195655823,0.5541840195655823,0.5541840195655823,2278
1998-11-09,0.5320559144020081,0.5541840195655823,0.5541840195655823,0.5541840195655823,0
1998-11-10,0.4635729491710663,0.6310009956359863,0.44993099570274353,0.4828529953956604,82013
1998-11-11,0.48464450240135193,0.5048009753227234,0.5048009753227234,0.5048009753227234,4556
1998-11-12,0.5794670581817627,0.6035670042037964,0.5706449747085571,0.6035670042037964,31894
1998-11-13,0.4635729491710663,0.5267490148544312,0.4828529953956604,0.4828529953956604,59231
1998-11-16,0.4635729491710663,0.4828529953956604,0.4828529953956604,0.4828529953956604,0
1998-11-17,0.4635729491710663,0.4828529953956604,0.4828529953956604,0.4828529953956604,0
1998-11-18,0.42142975330352783,0.43895700573921204,0.43895700573921204,0.43895700573921204,13669
1998-11-19,0.5636630654335022,0.5871059894561768,0.43895700573921204,0.5871059894561768,59231
1998-11-20,0.4635729491710663,0.6035670042037964,0.4828529953956604,0.4828529953956604,27338
1998-11-23,0.5478594899177551,0.5925930142402649,0.5706449747085571,0.5706449747085571,25059
1998-11-24,0.5847338438034058,0.6529489755630493,0.5706449747085571,0.6090530157089233,43284
1998-11-25,0.5478594899177551,0.5706449747085571,0.5596709847450256,0.5706449747085571,6834
1998-11-27,0.5478594899177551,0.5706449747085571,0.5706449747085571,0.5706449747085571,0
1998-11-30,0.5478594899177551,0.5706449747085571,0.5706449747085571,0.5706449747085571,0
1998-12-01,0.4688408374786377,0.5267490148544312,0.48833999037742615,0.48833999037742615,31894
1998-12-02,0.4793766736984253,0.49931401014328003,0.4115230143070221,0.49931401014328003,6834
1998-12-03,0.5241532921791077,0.5459529757499695,0.5459529757499695,0.5459529757499695,15947
1998-12-04,0.48464450240135193,0.5267490148544312,0.4444440007209778,0.5048009753227234,75178
1998-12-07,0.5057160258293152,0.5267490148544312,0.5267490148544312,0.5267490148544312,52397
1998-12-08,0.5057160258293152,0.5267490148544312,0.5048009753227234,0.5267490148544312,66066
1998-12-09,0.5057160258293152,0.5267490148544312,0.5267490148544312,0.5267490148544312,0
1998-12-10,0.5057160258293152,0.5267490148544312,0.5267490148544312,0.5267490148544312,0
1998-12-11,0.5057160258293152,0.5267490148544312,0.5267490148544312,0.5267490148544312,0
1998-12-14,0.5057160258293152,0.5267490148544312,0.49931401014328003,0.5267490148544312,9113
1998-12-15,0.4793766736984253,0.5267490148544312,0.49931401014328003,0.49931401014328003,70622
1998-12-16,0.4899125397205353,0.5102880001068115,0.5102880001068115,0.5102880001068115,11391
1998-12-17,0.48464450240135193,0.5048009753227234,0.5048009753227234,0.5048009753227234,9113
1998-12-18,0.4635729491710663,0.49931401014328003,0.4828529953956604,0.4828529953956604,63788
1998-12-21,0.4741087555885315,0.5267490148544312,0.4828529953956604,0.4938269853591919,43284
1998-12-22,0.5057160258293152,0.5267490148544312,0.5267490148544312,0.5267490148544312,2278
1998-12-23,0.4793766736984253,0.5267490148544312,0.49931401014328003,0.49931401014328003,50119
1998-12-24,0.4793766736984253,0.49931401014328003,0.49931401014328003,0.49931401014328003,4556
1998-12-28,0.4793766736984253,0.49931401014328003,0.4938269853591919,0.49931401014328003,480684
1998-12-29,0.4793766736984253,0.49931401014328003,0.4938269853591919,0.49931401014328003,84291
1998-12-30,0.4793766736984253,0.49931401014328003,0.49931401014328003,0.49931401014328003,86569
1998-12-31,0.4793766736984253,0.49931401014328003,0.4938269853591919,0.49931401014328003,173138
1999-01-04,0.48464450240135193,0.5048009753227234,0.5048009753227234,0.5048009753227234,36450
1999-01-05,0.4741087555885315,0.5048009753227234,0.4938269853591919,0.4938269853591919,6834
1999-01-06,0.4741087555885315,0.5048009753227234,0.4938269853591919,0.4938269853591919,127575
1999-01-07,0.4635729491710663,0.5048009753227234,0.4828529953956604,0.4828529953956604,88847
1999-01-08,0.4635729491710663,0.4828529953956604,0.4828529953956604,0.4828529953956604,25059
1999-01-11,0.4635729491710663,0.4828529953956604,0.4828529953956604,0.4828529953956604,70622
1999-01-12,0.4635729491710663,0.4828529953956604,0.4828529953956604,0.4828529953956604,0
1999-01-13,0.4951803684234619,0.5157750248908997,0.5157750248908997,0.5157750248908997,36450
1999-01-14,0.4978146553039551,0.5185189843177795,0.4828529953956604,0.5185189843177795,216422
1999-01-15,0.48201116919517517,0.521261990070343,0.4828529953956604,0.5020580291748047,82013
1999-01-19,0.5004482269287109,0.521261990070343,0.48833999037742615,0.521261990070343,45563
1999-01-20,0.4899125397205353,0.5102880001068115,0.5102880001068115,0.5102880001068115,9113
1999-01-21,0.4793766736984253,0.5048009753227234,0.49931401014328003,0.49931401014328003,699384
1999-01-22,0.5004482269287109,0.521261990070343,0.4828529953956604,0.521261990070343,27338
1999-01-25,0.48464450240135193,0.5102880001068115,0.5048009753227234,0.5048009753227234,815569
1999-01-26,0.5004482269287109,0.521261990070343,0.521261990070343,0.521261990070343,4556
1999-01-27,0.4793766736984253,0.521261990070343,0.49931401014328003,0.49931401014328003,18225
1999-01-28,0.48464450240135193,0.521261990070343,0.5048009753227234,0.5048009753227234,29616
1999-01-29,0.4635729491710663,0.521261990070343,0.460904985666275,0.4828529953956604,385003
1999-02-01,0.4635729491710663,0.4828529953956604,0.4554179906845093,0.4828529953956604,36450
1999-02-02,0.4714753031730652,0.521261990070343,0.4910840094089508,0.4910840094089508,41006
1999-02-03,0.4688408374786377,0.521261990070343,0.4828529953956604,0.48833999037742615,13762153
1999-02-04,0.48464450240135193,0.521261990070343,0.5020580291748047,0.5048009753227234,72900
1999-02-05,0.48464450240135193,0.5048009753227234,0.5048009753227234,0.5048009753227234,6834
1999-02-08,0.5004482269287109,0.521261990070343,0.5102880001068115,0.521261990070343,27338
1999-02-09,0.4635729491710663,0.521261990070343,0.4828529953956604,0.4828529953956604,31894
1999-02-10,0.5004482269287109,0.521261990070343,0.5048009753227234,0.521261990070343,31894
1999-02-11,0.4714753031730652,0.4910840094089508,0.4828529953956604,0.4910840094089508,50119
1999-02-12,0.5004482269287109,0.521261990070343,0.46639201045036316,0.521261990070343,277931
1999-02-16,0.5004482269287109,0.521261990070343,0.521261990070343,0.521261990070343,0
1999-02-17,0.48201116919517517,0.5020580291748047,0.5020580291748047,0.5020580291748047,13669
1999-02-18,0.48464450240135193,0.507544994354248,0.4828529953956604,0.5048009753227234,879356
1999-02-19,0.48201116919517517,0.5020580291748047,0.5020580291748047,0.5020580291748047,223256
1999-02-22,0.4635729491710663,0.4828529953956604,0.4828529953956604,0.4828529953956604,52397
1999-02-23,0.4688408374786377,0.5048009753227234,0.48833999037742615,0.48833999037742615,41006
1999-02-24,0.48464450240135193,0.5048009753227234,0.4828529953956604,0.5048009753227234,13669
1999-02-25,0.5004482269287109,0.521261990070343,0.5102880001068115,0.521261990070343,22781
1999-02-26,0.4635729491710663,0.4828529953956604,0.4828529953956604,0.4828529953956604,13669
1999-03-01,0.4635729491710663,0.4828529953956604,0.4828529953956604,0.4828529953956604,0
1999-03-02,0.48464450240135193,0.5116599798202515,0.5020580291748047,0.5048009753227234,261984
1999-03-03,0.48464450240135193,0.5048009753227234,0.5048009753227234,0.5048009753227234,0
1999-03-04,0.48464450240135193,0.5048009753227234,0.5048009753227234,0.5048009753227234,0
1999-03-05,0.4793766736984253,0.5048009753227234,0.49931401014328003,0.49931401014328003,29616
1999-03-08,0.4793766736984253,0.521261990070343,0.49931401014328003,0.49931401014328003,47841
1999-03-09,0.4793766736984253,0.49931401014328003,0.49931401014328003,0.49931401014328003,0
1999-03-10,0.4793766736984253,0.49931401014328003,0.49931401014328003,0.49931401014328003,0
1999-03-11,0.4793766736984253,0.49931401014328003,0.49931401014328003,0.49931401014328003,0
1999-03-12,0.5004482269287109,0.521261990070343,0.5048009753227234,0.521261990070343,75178
1999-03-15,0.48464450240135193,0.5048009753227234,0.5048009753227234,0.5048009753227234,25059
1999-03-16,0.4793766736984253,0.5048009753227234,0.49931401014328003,0.49931401014328003,193641
1999-03-17,0.4912295937538147,0.5267490148544312,0.49931401014328003,0.5116599798202515,321216
1999-03-18,0.4912295937538147,0.5116599798202515,0.5116599798202515,0.5116599798202515,0
1999-03-19,0.4925468862056732,0.5130320191383362,0.49931401014328003,0.5130320191383362,70622
1999-03-22,0.5057160258293152,0.5267490148544312,0.5267490148544312,0.5267490148544312,2278
1999-03-23,0.4899125397205353,0.5130320191383362,0.5102880001068115,0.5102880001068115,186806
1999-03-24,0.4951803684234619,0.5157750248908997,0.5157750248908997,0.5157750248908997,9113
1999-03-25,0.4951803684234619,0.5267490148544312,0.49931401014328003,0.5157750248908997,88847
1999-03-26,0.4793766736984253,0.49931401014328003,0.49931401014328003,0.49931401014328003,4556
1999-03-29,0.4793766736984253,0.49931401014328003,0.49931401014328003,0.49931401014328003,0
1999-03-30,0.4899125397205353,0.5267490148544312,0.49931401014328003,0.5102880001068115,441956
1999-03-31,0.4793766736984253,0.49931401014328003,0.49931401014328003,0.49931401014328003,608259
1999-04-01,0.4635729491710663,0.521261990070343,0.4828529953956604,0.4828529953956604,113906
1999-04-05,0.44250133633613586,0.47736600041389465,0.35665300488471985,0.460904985666275,662934
1999-04-06,0.4477691948413849,0.5432100296020508,0.460904985666275,0.46639201045036316,129853
1999-04-07,0.4477691948413849,0.46639201045036316,0.46639201045036316,0.46639201045036316,0
1999-04-08,0.44250133633613586,0.46639201045036316,0.460904985666275,0.460904985666275,22781
1999-04-09,0.44250133633613586,0.460904985666275,0.460904985666275,0.460904985666275,2278
1999-04-12,0.4530371129512787,0.4718790054321289,0.45816200971603394,0.4718790054321289,61509
1999-04-13,0.4530371129512787,0.4718790054321289,0.46639201045036316,0.4718790054321289,102516
1999-04-14,0.4530371129512787,0.4718790054321289,0.4718790054321289,0.4718790054321289,22781
1999-04-15,0.4583050012588501,0.47736600041389465,0.46639201045036316,0.47736600041389465,61509
1999-04-16,0.4477691948413849,0.47736600041389465,0.46639201045036316,0.46639201045036316,211866
1999-04-19,0.4530371129512787,0.47736600041389465,0.4718790054321289,0.4718790054321289,88847
1999-04-20,0.44250133633613586,0.460904985666275,0.4334709942340851,0.460904985666275,323494
1999-04-21,0.4530371129512787,0.47736600041389465,0.4718790054321289,0.4718790054321289,234647
1999-04-22,0.4951803684234619,0.5157750248908997,0.4828529953956604,0.5157750248908997,293878
1999-04-23,0.4951803684234619,0.5157750248908997,0.4718790054321289,0.5157750248908997,59231
1999-04-26,0.4951803684234619,0.5157750248908997,0.5157750248908997,0.5157750248908997,0
1999-04-27,0.4635729491710663,0.48833999037742615,0.4828529953956604,0.4828529953956604,31894
1999-04-28,0.5136175155639648,0.534978985786438,0.4938269853591919,0.534978985786438,227813
1999-04-29,0.5136175155639648,0.534978985786438,0.534978985786438,0.534978985786438,0
1999-04-30,0.4741087555885315,0.4938269853591919,0.4938269853591919,0.4938269853591919,45563
1999-05-03,0.4741087555885315,0.4938269853591919,0.4938269853591919,0.4938269853591919,0
1999-05-04,0.542591392993927,0.5651580095291138,0.5267490148544312,0.5651580095291138,116184
1999-05-05,0.5063748955726624,0.5274350047111511,0.5267490148544312,0.5274350047111511,31894
1999-05-06,0.5004482269287109,0.521261990070343,0.521261990070343,0.521261990070343,41006
1999-05-07,0.5267878770828247,0.5486969947814941,0.5486969947814941,0.5486969947814941,4556
1999-05-10,0.48464450240135193,0.5267490148544312,0.4938269853591919,0.5048009753227234,148078
1999-05-11,0.508349597454071,0.5322359800338745,0.5020580291748047,0.5294920206069946,913528
1999-05-12,0.508349597454071,0.5294920206069946,0.5294920206069946,0.5294920206069946,0
1999-05-13,0.4741087555885315,0.4938269853591919,0.4938269853591919,0.4938269853591919,6834
1999-05-14,0.48464450240135193,0.521261990070343,0.5048009753227234,0.5048009753227234,359944
1999-05-17,0.5004482269287109,0.5541840195655823,0.5185189843177795,0.521261990070343,111628
1999-05-18,0.4951803684234619,0.5157750248908997,0.5157750248908997,0.5157750248908997,4556
1999-05-19,0.5004482269287109,0.5486969947814941,0.5157750248908997,0.521261990070343,38728
1999-05-20,0.5004482269287109,0.521261990070343,0.521261990070343,0.521261990070343,0
1999-05-21,0.48464450240135193,0.5541840195655823,0.5048009753227234,0.5048009753227234,4556
1999-05-24,0.48464450240135193,0.5048009753227234,0.5048009753227234,0.5048009753227234,0
1999-05-25,0.4951803684234619,0.5157750248908997,0.5157750248908997,0.5157750248908997,41006
1999-05-26,0.48464450240135193,0.5048009753227234,0.5048009753227234,0.5048009753227234,9113
1999-05-27,0.48464450240135193,0.5048009753227234,0.5048009753227234,0.5048009753227234,15947
1999-05-28,0.5057160258293152,0.5267490148544312,0.5157750248908997,0.5267490148544312,50119
1999-06-01,0.5109842419624329,0.5377230048179626,0.5267490148544312,0.5322359800338745,346275
1999-06-02,0.48464450240135193,0.5486969947814941,0.5048009753227234,0.5048009753227234,38728
1999-06-03,0.5373238325119019,0.5596709847450256,0.5486969947814941,0.5596709847450256,11391
1999-06-04,0.5057160258293152,0.5486969947814941,0.521261990070343,0.5267490148544312,191363
1999-06-07,0.5057160258293152,0.5267490148544312,0.5267490148544312,0.5267490148544312,31894
1999-06-08,0.4925468862056732,0.5267490148544312,0.5130320191383362,0.5130320191383362,43284
1999-06-09,0.5057160258293152,0.5432100296020508,0.5130320191383362,0.5267490148544312,113906
1999-06-10,0.5057160258293152,0.5267490148544312,0.521261990070343,0.5267490148544312,93403
1999-06-11,0.5004482269287109,0.5322359800338745,0.4828529953956604,0.521261990070343,132131
1999-06-14,0.4951803684234619,0.5377230048179626,0.5048009753227234,0.5157750248908997,72900
1999-06-15,0.4741087555885315,0.4938269853591919,0.4828529953956604,0.4938269853591919,75178
1999-06-16,0.48464450240135193,0.5322359800338745,0.5048009753227234,0.5048009753227234,264263
1999-06-17,0.5057160258293152,0.5322359800338745,0.5267490148544312,0.5267490148544312,20503
1999-06-18,0.5057160258293152,0.5267490148544312,0.5157750248908997,0.5267490148544312,13669
1999-06-21,0.5004482269287109,0.5267490148544312,0.521261990070343,0.521261990070343,36450
1999-06-22,0.5215201377868652,0.5432100296020508,0.5267490148544312,0.5432100296020508,68344
1999-06-23,0.4951803684234619,0.5486969947814941,0.5048009753227234,0.5157750248908997,175416
1999-06-24,0.4899125397205353,0.5322359800338745,0.5048009753227234,0.5102880001068115,214144
1999-06-25,0.4899125397205353,0.5267490148544312,0.5102880001068115,0.5102880001068115,72900
1999-06-28,0.5267878770828247,0.5486969947814941,0.5102880001068115,0.5486969947814941,68344
1999-06-29,0.5004482269287109,0.521261990070343,0.521261990070343,0.521261990070343,13669
1999-06-30,0.5004482269287109,0.521261990070343,0.5102880001068115,0.521261990070343,9113
1999-07-01,0.5267878770828247,0.5486969947814941,0.5102880001068115,0.5486969947814941,102516
1999-07-02,0.5215201377868652,0.5486969947814941,0.5432100296020508,0.5432100296020508,154913
1999-07-06,0.5215201377868652,0.5432100296020508,0.5432100296020508,0.5432100296020508,0
1999-07-07,0.5373238325119019,0.5596709847450256,0.5157750248908997,0.5596709847450256,118463
1999-07-08,0.5373238325119019,0.5596709847450256,0.5596709847450256,0.5596709847450256,0
1999-07-09,0.5478594899177551,0.5706449747085571,0.5157750248908997,0.5706449747085571,132131
1999-07-12,0.5478594899177551,0.5706449747085571,0.5596709847450256,0.5706449747085571,25059
1999-07-13,0.5373238325119019,0.5596709847450256,0.5596709847450256,0.5596709847450256,6834
1999-07-14,0.5399571061134338,0.5624139904975891,0.5624139904975891,0.5624139904975891,2278
1999-07-15,0.5478594899177551,0.5706449747085571,0.5596709847450256,0.5706449747085571,82013
1999-07-16,0.542591392993927,0.5651580095291138,0.5651580095291138,0.5651580095291138,22781
1999-07-19,0.5478594899177551,0.5761319994926453,0.5651580095291138,0.5706449747085571,214144
1999-07-20,0.5478594899177551,0.5706449747085571,0.5706449747085571,0.5706449747085571,45563
1999-07-21,0.5478594899177551,0.5706449747085571,0.5706449747085571,0.5706449747085571,0
1999-07-22,0.5478594899177551,0.5706449747085571,0.5706449747085571,0.5706449747085571,0
1999-07-23,0.5689311027526855,0.5925930142402649,0.5761319994926453,0.5925930142402649,88847
1999-07-26,0.5847338438034058,0.6090530157089233,0.5788750052452087,0.6090530157089233,100238
1999-07-27,0.5900018215179443,0.6145399808883667,0.6145399808883667,0.6145399808883667,38728
1999-07-28,0.6321449875831604,0.6584360003471375,0.6035670042037964,0.6584360003471375,141244
1999-07-29,0.5900018215179443,0.6364880204200745,0.6145399808883667,0.6145399808883667,22781
1999-07-30,0.6321449875831604,0.6584360003471375,0.633745014667511,0.6584360003471375,45563
1999-08-02,0.626876950263977,0.6529489755630493,0.6419749855995178,0.6529489755630493,72900
1999-08-03,0.6163413524627686,0.647462010383606,0.6419749855995178,0.6419749855995178,104794
1999-08-04,0.6216093897819519,0.647462010383606,0.6419749855995178,0.647462010383606,34172
1999-08-05,0.6216093897819519,0.647462010383606,0.647462010383606,0.647462010383606,0
1999-08-06,0.6163413524627686,0.6419749855995178,0.6419749855995178,0.6419749855995178,22781
1999-08-09,0.6137077808380127,0.647462010383606,0.6364880204200745,0.6392319798469543,252872
1999-08-10,0.626876950263977,0.6529489755630493,0.6529489755630493,0.6529489755630493,9113
1999-08-11,0.5900018215179443,0.6145399808883667,0.6145399808883667,0.6145399808883667,2278
1999-08-12,0.5900018215179443,0.6145399808883667,0.6145399808883667,0.6145399808883667,0
1999-08-13,0.6321449875831604,0.6584360003471375,0.647462010383606,0.6584360003471375,72900
1999-08-16,0.6321449875831604,0.6584360003471375,0.6584360003471375,0.6584360003471375,0
1999-08-17,0.5689311027526855,0.647462010383606,0.5925930142402649,0.5925930142402649,159469
1999-08-18,0.5794670581817627,0.6364880204200745,0.6035670042037964,0.6035670042037964,241481
1999-08-19,0.5847338438034058,0.6310009956359863,0.6035670042037964,0.6090530157089233,41006
1999-08-20,0.5847338438034058,0.6090530157089233,0.6090530157089233,0.6090530157089233,0
1999-08-23,0.6110734343528748,0.6364880204200745,0.6310009956359863,0.6364880204200745,20503
1999-08-24,0.6005375385284424,0.6255139708518982,0.6255139708518982,0.6255139708518982,22781
1999-08-25,0.6005375385284424,0.6255139708518982,0.6255139708518982,0.6255139708518982,236925
1999-08-26,0.6005375385284424,0.6255139708518982,0.6255139708518982,0.6255139708518982,0
1999-08-27,0.6321449875831604,0.6584360003471375,0.6584360003471375,0.6584360003471375,27338
1999-08-30,0.6321449875831604,0.6584360003471375,0.6584360003471375,0.6584360003471375,0
1999-08-31,0.5900018215179443,0.6145399808883667,0.5816190242767334,0.6145399808883667,45563
1999-09-01,0.6005375385284424,0.6255139708518982,0.6145399808883667,0.6255139708518982,54675
1999-09-02,0.626876950263977,0.6529489755630493,0.6145399808883667,0.6529489755630493,20503
1999-09-03,0.626876950263977,0.6529489755630493,0.6529489755630493,0.6529489755630493,0
1999-09-07,0.5900018215179443,0.647462010383606,0.6145399808883667,0.6145399808883667,152634
1999-09-08,0.5373238325119019,0.5596709847450256,0.5596709847450256,0.5596709847450256,9113
1999-09-09,0.5373238325119019,0.5596709847450256,0.5596709847450256,0.5596709847450256,0
1999-09-10,0.5583953857421875,0.5816190242767334,0.5706449747085571,0.5816190242767334,18225
1999-09-13,0.5583953857421875,0.5816190242767334,0.5816190242767334,0.5816190242767334,22781
1999-09-14,0.6005375385284424,0.6255139708518982,0.6255139708518982,0.6255139708518982,13669
1999-09-15,0.6005375385284424,0.6255139708518982,0.6255139708518982,0.6255139708518982,0
1999-09-16,0.6005375385284424,0.6255139708518982,0.6255139708518982,0.6255139708518982,0
1999-09-17,0.6163413524627686,0.6419749855995178,0.563785970211029,0.6419749855995178,45563
1999-09-20,0.5399571061134338,0.5624139904975891,0.5624139904975891,0.5624139904975891,4556
1999-09-21,0.5373238325119019,0.5596709847450256,0.5596709847450256,0.5596709847450256,15947
1999-09-22,0.5373238325119019,0.5596709847450256,0.5596709847450256,0.5596709847450256,0
1999-09-23,0.5373238325119019,0.5596709847450256,0.5596709847450256,0.5596709847450256,4556
1999-09-24,0.6005375385284424,0.6255139708518982,0.6255139708518982,0.6255139708518982,2278
1999-09-27,0.5900018215179443,0.647462010383606,0.6145399808883667,0.6145399808883667,13669
1999-09-28,0.6110734343528748,0.6364880204200745,0.5925930142402649,0.6364880204200745,4556
1999-09-29,0.6110734343528748,0.6364880204200745,0.6364880204200745,0.6364880204200745,0
1999-09-30,0.6216093897819519,0.647462010383606,0.6364880204200745,0.647462010383606,45563
1999-10-01,0.6216093897819519,0.647462010383606,0.5816190242767334,0.647462010383606,95681
1999-10-04,0.5478594899177551,0.5706449747085571,0.5706449747085571,0.5706449747085571,11391
1999-10-05,0.5478594899177551,0.5706449747085571,0.5706449747085571,0.5706449747085571,0
1999-10-06,0.48464450240135193,0.5048009753227234,0.5048009753227234,0.5048009753227234,2278
1999-10-07,0.5109842419624329,0.5322359800338745,0.5322359800338745,0.5322359800338745,4556
1999-10-08,0.5109842419624329,0.5322359800338745,0.5322359800338745,0.5322359800338745,0
1999-10-11,0.5162520408630371,0.5377230048179626,0.5267490148544312,0.5377230048179626,22781
1999-10-12,0.5373238325119019,0.5596709847450256,0.5486969947814941,0.5596709847450256,27338
1999-10-13,0.5373238325119019,0.5596709847450256,0.5596709847450256,0.5596709847450256,0
1999-10-14,0.5057160258293152,0.5267490148544312,0.5267490148544312,0.5267490148544312,4556
1999-10-15,0.4951803684234619,0.5157750248908997,0.5157750248908997,0.5157750248908997,2278
1999-10-18,0.4951803684234619,0.5157750248908997,0.5157750248908997,0.5157750248908997,2278
1999-10-19,0.4951803684234619,0.5157750248908997,0.5157750248908997,0.5157750248908997,0
1999-10-20,0.5215201377868652,0.5459529757499695,0.5432100296020508,0.5432100296020508,15947
1999-10-21,0.5215201377868652,0.5459529757499695,0.5432100296020508,0.5432100296020508,45563
1999-10-22,0.5004482269287109,0.521261990070343,0.521261990070343,0.521261990070343,6834
1999-10-25,0.4319654703140259,0.5336080193519592,0.42798399925231934,0.44993099570274353,439678
1999-10-26,0.5057160258293152,0.5267490148544312,0.5102880001068115,0.5267490148544312,29616
1999-10-27,0.5057160258293152,0.5267490148544312,0.5267490148544312,0.5267490148544312,0
1999-10-28,0.5123013854026794,0.5486969947814941,0.48833999037742615,0.5336080193519592,50119
1999-10-29,0.5294212698936462,0.5912209749221802,0.5486969947814941,0.5514400005340576,97959
1999-11-01,0.5294212698936462,0.5514400005340576,0.5514400005340576,0.5514400005340576,0
1999-11-02,0.5294212698936462,0.5514400005340576,0.5514400005340576,0.5514400005340576,0
1999-11-03,0.542591392993927,0.5651580095291138,0.5541840195655823,0.5651580095291138,13669
1999-11-04,0.542591392993927,0.5651580095291138,0.5651580095291138,0.5651580095291138,0
1999-11-05,0.542591392993927,0.5651580095291138,0.5651580095291138,0.5651580095291138,0
1999-11-08,0.542591392993927,0.5651580095291138,0.5651580095291138,0.5651580095291138,0
1999-11-09,0.542591392993927,0.5651580095291138,0.5651580095291138,0.5651580095291138,0
1999-11-10,0.542591392993927,0.5651580095291138,0.5596709847450256,0.5651580095291138,18225
1999-11-11,0.542591392993927,0.5651580095291138,0.5651580095291138,0.5651580095291138,0
1999-11-12,0.542591392993927,0.5651580095291138,0.5651580095291138,0.5651580095291138,0
1999-11-15,0.5478594899177551,0.5706449747085571,0.5624139904975891,0.5706449747085571,22781
1999-11-16,0.542591392993927,0.5733879804611206,0.5651580095291138,0.5651580095291138,59231
1999-11-17,0.542591392993927,0.5651580095291138,0.5651580095291138,0.5651580095291138,0
1999-11-18,0.542591392993927,0.5651580095291138,0.5596709847450256,0.5651580095291138,61509
1999-11-19,0.5373238325119019,0.5596709847450256,0.5596709847450256,0.5596709847450256,4556
1999-11-22,0.4266974627971649,0.5651580095291138,0.4444440007209778,0.4444440007209778,97959
1999-11-23,0.5004482269287109,0.5706449747085571,0.5185189843177795,0.521261990070343,97959
1999-11-24,0.4978146553039551,0.5240049958229065,0.5185189843177795,0.5185189843177795,20503
1999-11-26,0.5057160258293152,0.5267490148544312,0.5185189843177795,0.5267490148544312,4556
1999-11-29,0.5478594899177551,0.5706449747085571,0.5596709847450256,0.5706449747085571,34172
1999-11-30,0.5373238325119019,0.5596709847450256,0.5596709847450256,0.5596709847450256,2278
1999-12-01,0.5373238325119019,0.5596709847450256,0.5596709847450256,0.5596709847450256,0
1999-12-02,0.5373238325119019,0.5596709847450256,0.5596709847450256,0.5596709847450256,0
1999-12-03,0.5373238325119019,0.5596709847450256,0.5596709847450256,0.5596709847450256,0
1999-12-06,0.5320559144020081,0.5596709847450256,0.5541840195655823,0.5541840195655823,11391
1999-12-07,0.5320559144020081,0.5541840195655823,0.5541840195655823,0.5541840195655823,2278
1999-12-08,0.5320559144020081,0.5541840195655823,0.5486969947814941,0.5541840195655823,34172
1999-12-09,0.5373238325119019,0.5596709847450256,0.5541840195655823,0.5596709847450256,166303
1999-12-10,0.5294212698936462,0.5569270253181458,0.5514400005340576,0.5514400005340576,22781
1999-12-13,0.5373238325119019,0.5596709847450256,0.5514400005340576,0.5596709847450256,95681
1999-12-14,0.5373238325119019,0.5596709847450256,0.5596709847450256,0.5596709847450256,0
1999-12-15,0.5320559144020081,0.5541840195655823,0.5459529757499695,0.5541840195655823,15947
1999-12-16,0.5320559144020081,0.5541840195655823,0.5541840195655823,0.5541840195655823,0
1999-12-17,0.5030819773674011,0.5459529757499695,0.5240049958229065,0.5240049958229065,54675
1999-12-20,0.4530371129512787,0.5130320191383362,0.46913599967956543,0.4718790054321289,15947
1999-12-21,0.5057160258293152,0.5267490148544312,0.44718798995018005,0.5267490148544312,22781
1999-12-22,0.5057160258293152,0.5377230048179626,0.4417009949684143,0.5267490148544312,41006
1999-12-23,0.5162520408630371,0.5486969947814941,0.460904985666275,0.5377230048179626,15947
1999-12-27,0.4293319582939148,0.5486969947814941,0.4444440007209778,0.44718798995018005,82013
1999-12-28,0.5215201377868652,0.5541840195655823,0.5432100296020508,0.5432100296020508,38728
1999-12-29,0.5004482269287109,0.5432100296020508,0.5048009753227234,0.521261990070343,56953
1999-12-30,0.4741087555885315,0.5048009753227234,0.4636490046977997,0.4938269853591919,38728
1999-12-31,0.4530371129512787,0.49657100439071655,0.4718790054321289,0.4718790054321289,27338
2000-01-03,0.4741087555885315,0.4938269853591919,0.4718790054321289,0.4938269853591919,88847
2000-01-04,0.4635729491710663,0.4828529953956604,0.4828529953956604,0.4828529953956604,2278
2000-01-05,0.5215201377868652,0.5432100296020508,0.5432100296020508,0.5432100296020508,2278
2000-01-06,0.4741087555885315,0.4938269853591919,0.4938269853591919,0.4938269853591919,4556
2000-01-07,0.4741087555885315,0.4938269853591919,0.4938269853591919,0.4938269853591919,34172
2000-01-10,0.5267878770828247,0.5486969947814941,0.5102880001068115,0.5486969947814941,104794
2000-01-11,0.4583050012588501,0.5541840195655823,0.47736600041389465,0.47736600041389465,259706
2000-01-12,0.4899125397205353,0.5102880001068115,0.48833999037742615,0.5102880001068115,61509
2000-01-13,0.4899125397205353,0.5102880001068115,0.5102880001068115,0.5102880001068115,0
2000-01-14,0.4793766736984253,0.5157750248908997,0.49931401014328003,0.49931401014328003,34172
2000-01-18,0.5057160258293152,0.5267490148544312,0.49931401014328003,0.5267490148544312,116184
2000-01-19,0.5215201377868652,0.5432100296020508,0.521261990070343,0.5432100296020508,152634
2000-01-20,0.5373238325119019,0.5596709847450256,0.5377230048179626,0.5596709847450256,18225
2000-01-21,0.5215201377868652,0.5432100296020508,0.5432100296020508,0.5432100296020508,43284
2000-01-24,0.5320559144020081,0.5569270253181458,0.5541840195655823,0.5541840195655823,31894
2000-01-25,0.5294212698936462,0.5541840195655823,0.5432100296020508,0.5514400005340576,75178
2000-01-26,0.5320559144020081,0.5569270253181458,0.5541840195655823,0.5541840195655823,52397
2000-01-27,0.5320559144020081,0.5541840195655823,0.5541840195655823,0.5541840195655823,13669
2000-01-28,0.5373238325119019,0.5596709847450256,0.5596709847450256,0.5596709847450256,4556
2000-01-31,0.5004482269287109,0.5541840195655823,0.5048009753227234,0.521261990070343,457903
2000-02-01,0.5004482269287109,0.5377230048179626,0.5157750248908997,0.521261990070343,243759
2000-02-02,0.5057160258293152,0.5569270253181458,0.521261990070343,0.5267490148544312,284766
2000-02-03,0.5373238325119019,0.5596709847450256,0.5267490148544312,0.5596709847450256,93403
2000-02-04,0.5373238325119019,0.5596709847450256,0.5596709847450256,0.5596709847450256,25059
2000-02-07,0.5294212698936462,0.5596709847450256,0.5486969947814941,0.5514400005340576,82013
2000-02-08,0.5373238325119019,0.5596709847450256,0.5432100296020508,0.5596709847450256,13669
2000-02-09,0.5267878770828247,0.5486969947814941,0.5486969947814941,0.5486969947814941,6834
2000-02-10,0.5215201377868652,0.5432100296020508,0.5432100296020508,0.5432100296020508,34172
2000-02-11,0.5267878770828247,0.5486969947814941,0.5432100296020508,0.5486969947814941,84291
2000-02-14,0.5057160258293152,0.5596709847450256,0.5267490148544312,0.5267490148544312,47841
2000-02-15,0.5057160258293152,0.5267490148544312,0.5267490148544312,0.5267490148544312,0
2000-02-16,0.5267878770828247,0.5486969947814941,0.5432100296020508,0.5486969947814941,34172
2000-02-17,0.5215201377868652,0.5432100296020508,0.5432100296020508,0.5432100296020508,18225
2000-02-18,0.5215201377868652,0.5432100296020508,0.5432100296020508,0.5432100296020508,164025
2000-02-22,0.5267878770828247,0.5706449747085571,0.5322359800338745,0.5486969947814941,97959
2000-02-23,0.5162520408630371,0.5377230048179626,0.5377230048179626,0.5377230048179626,104794
2000-02-24,0.5241532921791077,0.5459529757499695,0.5459529757499695,0.5459529757499695,2278
2000-02-25,0.5162520408630371,0.5432100296020508,0.5377230048179626,0.5377230048179626,75178
2000-02-28,0.5162520408630371,0.5377230048179626,0.5377230048179626,0.5377230048179626,11391
2000-02-29,0.5162520408630371,0.5459529757499695,0.5377230048179626,0.5377230048179626,34172
2000-03-01,0.5215201377868652,0.5432100296020508,0.5377230048179626,0.5432100296020508,54675
2000-03-02,0.5241532921791077,0.5459529757499695,0.5459529757499695,0.5459529757499695,22781
2000-03-03,0.5057160258293152,0.5267490148544312,0.5267490148544312,0.5267490148544312,77456
2000-03-06,0.5057160258293152,0.5267490148544312,0.5267490148544312,0.5267490148544312,0
2000-03-07,0.508349597454071,0.5486969947814941,0.5294920206069946,0.5294920206069946,91125
2000-03-08,0.508349597454071,0.5294920206069946,0.5294920206069946,0.5294920206069946,22781
2000-03-09,0.508349597454071,0.5486969947814941,0.5294920206069946,0.5294920206069946,59231
2000-03-10,0.508349597454071,0.5294920206069946,0.5294920206069946,0.5294920206069946,18225
2000-03-13,0.508349597454071,0.5294920206069946,0.5294920206069946,0.5294920206069946,0
2000-03-14,0.508349597454071,0.5294920206069946,0.5294920206069946,0.5294920206069946,34172
2000-03-15,0.508349597454071,0.5294920206069946,0.5294920206069946,0.5294920206069946,0
2000-03-16,0.508349597454071,0.5294920206069946,0.5294920206069946,0.5294920206069946,18225
2000-03-17,0.5109842419624329,0.5596709847450256,0.5294920206069946,0.5322359800338745,152634
2000-03-20,0.5373238325119019,0.5596709847450256,0.5589849948883057,0.5596709847450256,91125
2000-03-21,0.508349597454071,0.5294920206069946,0.5294920206069946,0.5294920206069946,2278
2000-03-22,0.508349597454071,0.5294920206069946,0.5294920206069946,0.5294920206069946,0
2000-03-23,0.508349597454071,0.5294920206069946,0.5294920206069946,0.5294920206069946,0
2000-03-24,0.5373238325119019,0.5596709847450256,0.5596709847450256,0.5596709847450256,4556
2000-03-27,0.5373238325119019,0.5596709847450256,0.5596709847450256,0.5596709847450256,70622
2000-03-28,0.508349597454071,0.5294920206069946,0.5294920206069946,0.5294920206069946,4556
2000-03-29,0.5373238325119019,0.5596709847450256,0.5596709847450256,0.5596709847450256,27338
2000-03-30,0.5030819773674011,0.5240049958229065,0.5240049958229065,0.5240049958229065,13669
2000-03-31,0.5030819773674011,0.5240049958229065,0.5240049958229065,0.5240049958229065,0
2000-04-03,0.5030819773674011,0.5240049958229065,0.5240049958229065,0.5240049958229065,2278
2000-04-04,0.5057160258293152,0.5267490148544312,0.5157750248908997,0.5267490148544312,56953
2000-04-05,0.4583050012588501,0.5486969947814941,0.47736600041389465,0.47736600041389465,129853
2000-04-06,0.4240640699863434,0.49657100439071655,0.43895700573921204,0.4417009949684143,61509
2000-04-07,0.4583050012588501,0.5267490148544312,0.47736600041389465,0.47736600041389465,318938
2000-04-10,0.4477691948413849,0.5157750248908997,0.46639201045036316,0.46639201045036316,13669
2000-04-11,0.4583050012588501,0.4938269853591919,0.460904985666275,0.47736600041389465,88847
2000-04-12,0.4372333884239197,0.460904985666275,0.4526750147342682,0.4554179906845093,84291
2000-04-13,0.4583050012588501,0.4828529953956604,0.4526750147342682,0.47736600041389465,43284
2000-04-14,0.4583050012588501,0.5048009753227234,0.4554179906845093,0.47736600041389465,79734
2000-04-17,0.4372333884239197,0.4554179906845093,0.4526750147342682,0.4554179906845093,43284
2000-04-18,0.4319654703140259,0.4554179906845093,0.439642995595932,0.44993099570274353,93403
2000-04-19,0.4530371129512787,0.4718790054321289,0.4554179906845093,0.4718790054321289,50119
2000-04-20,0.4530371129512787,0.4718790054321289,0.45816200971603394,0.4718790054321289,75178
2000-04-24,0.44250133633613586,0.460904985666275,0.45816200971603394,0.460904985666275,25059
2000-04-25,0.4477691948413849,0.46639201045036316,0.4554179906845093,0.46639201045036316,54675
2000-04-26,0.4477691948413849,0.47736600041389465,0.460904985666275,0.46639201045036316,47841
2000-04-27,0.4319654703140259,0.44993099570274353,0.44993099570274353,0.44993099570274353,113906
2000-04-28,0.4635729491710663,0.4828529953956604,0.4780519902706146,0.4828529953956604,159469
2000-05-01,0.44250133633613586,0.4801099896430969,0.4444440007209778,0.460904985666275,95681
2000-05-02,0.4530371129512787,0.4718790054321289,0.4718790054321289,0.4718790054321289,9113
2000-05-03,0.4635729491710663,0.4828529953956604,0.4828529953956604,0.4828529953956604,4556
2000-05-04,0.4635729491710663,0.4828529953956604,0.47736600041389465,0.4828529953956604,25059
2000-05-05,0.4635729491710663,0.4828529953956604,0.4801099896430969,0.4828529953956604,36450
2000-05-08,0.4477691948413849,0.46639201045036316,0.46639201045036316,0.46639201045036316,4556
2000-05-09,0.4240640699863434,0.46639201045036316,0.43895700573921204,0.4417009949684143,68344
2000-05-10,0.4240640699863434,0.4718790054321289,0.4417009949684143,0.4417009949684143,43284
2000-05-11,0.4240640699863434,0.4417009949684143,0.4417009949684143,0.4417009949684143,2278
2000-05-12,0.4240640699863434,0.4554179906845093,0.4417009949684143,0.4417009949684143,50119
2000-05-15,0.42142975330352783,0.460904985666275,0.43895700573921204,0.43895700573921204,50119
2000-05-16,0.4240640699863434,0.460904985666275,0.439642995595932,0.4417009949684143,72900
2000-05-17,0.4319654703140259,0.44993099570274353,0.44993099570274353,0.44993099570274353,2278
2000-05-18,0.44250133633613586,0.460904985666275,0.460904985666275,0.460904985666275,13669
2000-05-19,0.44250133633613586,0.460904985666275,0.460904985666275,0.460904985666275,15947
2000-05-22,0.42142975330352783,0.44512999057769775,0.43621399998664856,0.43895700573921204,161747
2000-05-23,0.4477691948413849,0.46639201045036316,0.460904985666275,0.46639201045036316,4556
2000-05-24,0.4266974627971649,0.4444440007209778,0.4444440007209778,0.4444440007209778,22781
2000-05-25,0.42142975330352783,0.43895700573921204,0.43895700573921204,0.43895700573921204,68344
2000-05-26,0.412211149930954,0.43895700573921204,0.4293549954891205,0.4293549954891205,152634
2000-05-30,0.42142975330352783,0.4444440007209778,0.4224970042705536,0.43895700573921204,109350
2000-05-31,0.3740195035934448,0.4444440007209778,0.3895750045776367,0.3895750045776367,134409
2000-06-01,0.4003591537475586,0.41701000928878784,0.40603598952293396,0.41701000928878784,15947
2000-06-02,0.4003591537475586,0.44993099570274353,0.41701000928878784,0.41701000928878784,353109
2000-06-05,0.4003591537475586,0.4444440007209778,0.40603598952293396,0.41701000928878784,234647
2000-06-06,0.4003591537475586,0.41701000928878784,0.41701000928878784,0.41701000928878784,13669
2000-06-07,0.40826037526130676,0.4334709942340851,0.42524001002311707,0.42524001002311707,211866
2000-06-08,0.42142975330352783,0.4444440007209778,0.43895700573921204,0.43895700573921204,31894
2000-06-09,0.42142975330352783,0.43895700573921204,0.43895700573921204,0.43895700573921204,0
2000-06-12,0.41616272926330566,0.4334709942340851,0.4334709942340851,0.4334709942340851,2278
2000-06-13,0.41616272926330566,0.4334709942340851,0.4334709942340851,0.4334709942340851,13669
2000-06-14,0.3792874217033386,0.4334709942340851,0.39506199955940247,0.39506199955940247,373613
2000-06-15,0.3792874217033386,0.39506199955940247,0.39506199955940247,0.39506199955940247,45563
2000-06-16,0.3898231089115143,0.4115230143070221,0.40603598952293396,0.40603598952293396,22781
2000-06-19,0.41089487075805664,0.4444440007209778,0.41701000928878784,0.42798399925231934,84291
2000-06-20,0.4003591537475586,0.43895700573921204,0.4005489945411682,0.41701000928878784,216422
2000-06-21,0.39509111642837524,0.41701000928878784,0.4005489945411682,0.4115230143070221,198197
2000-06-22,0.39509111642837524,0.4115230143070221,0.4115230143070221,0.4115230143070221,43284
2000-06-23,0.41616272926330566,0.4334709942340851,0.4334709942340851,0.4334709942340851,22781
2000-06-26,0.41616272926330566,0.4334709942340851,0.4334709942340851,0.4334709942340851,0
2000-06-27,0.41616272926330566,0.4334709942340851,0.4334709942340851,0.4334709942340851,0
2000-06-28,0.41616272926330566,0.4334709942340851,0.4334709942340851,0.4334709942340851,0
2000-06-29,0.40562695264816284,0.42798399925231934,0.4224970042705536,0.4224970042705536,47841
2000-06-30,0.41089487075805664,0.5157750248908997,0.3895750045776367,0.42798399925231934,713053
2000-07-03,0.42142975330352783,0.43895700573921204,0.42798399925231934,0.43895700573921204,27338
2000-07-05,0.39509111642837524,0.41701000928878784,0.4115230143070221,0.4115230143070221,63788
2000-07-06,0.39509111642837524,0.4115230143070221,0.4115230143070221,0.4115230143070221,0
2000-07-07,0.39509111642837524,0.4115230143070221,0.4115230143070221,0.4115230143070221,6834
2000-07-10,0.392456591129303,0.40877899527549744,0.40603598952293396,0.40877899527549744,111628
2000-07-11,0.392456591129303,0.40877899527549744,0.40877899527549744,0.40877899527549744,0
2000-07-12,0.38718879222869873,0.40603598952293396,0.4005489945411682,0.4032920002937317,70622
2000-07-13,0.3819209635257721,0.39780500531196594,0.39780500531196594,0.39780500531196594,13669
2000-07-14,0.3819209635257721,0.39780500531196594,0.39780500531196594,0.39780500531196594,0
2000-07-17,0.39509111642837524,0.41701000928878784,0.4115230143070221,0.4115230143070221,25059
2000-07-18,0.392456591129303,0.4115230143070221,0.40877899527549744,0.40877899527549744,15947
2000-07-19,0.3898231089115143,0.40603598952293396,0.40603598952293396,0.40603598952293396,31894
2000-07-20,0.3687516748905182,0.41701000928878784,0.38408800959587097,0.38408800959587097,341719
2000-07-21,0.3687516748905182,0.41701000928878784,0.38408800959587097,0.38408800959587097,143522
2000-07-24,0.39509111642837524,0.43895700573921204,0.3895750045776367,0.4115230143070221,91125
2000-07-25,0.3898231089115143,0.40603598952293396,0.40603598952293396,0.40603598952293396,9113
2000-07-26,0.4003591537475586,0.4224970042705536,0.41701000928878784,0.41701000928878784,63788
2000-07-27,0.41089487075805664,0.43895700573921204,0.41701000928878784,0.42798399925231934,45563
2000-07-28,0.42142975330352783,0.43895700573921204,0.4334709942340851,0.43895700573921204,36450
2000-07-31,0.41089487075805664,0.43895700573921204,0.42798399925231934,0.42798399925231934,77456
2000-08-01,0.4029924273490906,0.4334709942340851,0.41975298523902893,0.41975298523902893,43284
2000-08-02,0.42142975330352783,0.43895700573921204,0.42798399925231934,0.43895700573921204,177694
2000-08-03,0.42142975330352783,0.43895700573921204,0.43895700573921204,0.43895700573921204,70622
2000-08-04,0.4530371129512787,0.4828529953956604,0.44993099570274353,0.4718790054321289,116184
2000-08-07,0.4530371129512787,0.4828529953956604,0.4718790054321289,0.4718790054321289,75178
2000-08-08,0.4583050012588501,0.47736600041389465,0.46639201045036316,0.47736600041389465,170859
2000-08-09,0.4635729491710663,0.4828529953956604,0.4828529953956604,0.4828529953956604,109350
2000-08-10,0.4635729491710663,0.4828529953956604,0.46639201045036316,0.4828529953956604,34172
2000-08-11,0.4635729491710663,0.4828529953956604,0.4828529953956604,0.4828529953956604,0
2000-08-14,0.4609394669532776,0.4828529953956604,0.46639201045036316,0.4801099896430969,66066
2000-08-15,0.4609394669532776,0.4801099896430969,0.4801099896430969,0.4801099896430969,0
2000-08-16,0.4609394669532776,0.4801099896430969,0.4801099896430969,0.4801099896430969,11391
2000-08-17,0.44250133633613586,0.4801099896430969,0.460904985666275,0.460904985666275,104794
2000-08-18,0.42142975330352783,0.4554179906845093,0.39780500531196594,0.43895700573921204,949978
2000-08-21,0.4372333884239197,0.460904985666275,0.43895700573921204,0.4554179906845093,50119
2000-08-22,0.42142975330352783,0.4526750147342682,0.43895700573921204,0.43895700573921204,61509
2000-08-23,0.42142975330352783,0.43895700573921204,0.43895700573921204,0.43895700573921204,4556
2000-08-24,0.42142975330352783,0.43895700573921204,0.43895700573921204,0.43895700573921204,0
2000-08-25,0.4398677945137024,0.45816200971603394,0.44718798995018005,0.45816200971603394,43284
2000-08-28,0.4398677945137024,0.45816200971603394,0.45816200971603394,0.45816200971603394,9113
2000-08-29,0.42142975330352783,0.460904985666275,0.43895700573921204,0.43895700573921204,50119
2000-08-30,0.4003591537475586,0.45816200971603394,0.41701000928878784,0.41701000928878784,123019
2000-08-31,0.3898231089115143,0.41975298523902893,0.40603598952293396,0.40603598952293396,494353
2000-09-01,0.3740195035934448,0.4334709942340851,0.3895750045776367,0.3895750045776367,729000
2000-09-05,0.4003591537475586,0.41701000928878784,0.39780500531196594,0.41701000928878784,75178
2000-09-06,0.3845553398132324,0.43895700573921204,0.39780500531196594,0.4005489945411682,136688
2000-09-07,0.41616272926330566,0.4334709942340851,0.4334709942340851,0.4334709942340851,18225
2000-09-08,0.38718879222869873,0.42798399925231934,0.4032920002937317,0.4032920002937317,84291
2000-09-11,0.3792874217033386,0.39506199955940247,0.39506199955940247,0.39506199955940247,4556
2000-09-12,0.3792874217033386,0.4224970042705536,0.39506199955940247,0.39506199955940247,9113
2000-09-13,0.40562695264816284,0.4224970042705536,0.4224970042705536,0.4224970042705536,13669
2000-09-14,0.3792874217033386,0.4224970042705536,0.39506199955940247,0.39506199955940247,296156
2000-09-15,0.4003591537475586,0.44993099570274353,0.3964329957962036,0.41701000928878784,97959
2000-09-18,0.3898231089115143,0.43895700573921204,0.40603598952293396,0.40603598952293396,11391
2000-09-19,0.3898231089115143,0.40603598952293396,0.40603598952293396,0.40603598952293396,0
2000-09-20,0.4003591537475586,0.41701000928878784,0.4115230143070221,0.41701000928878784,38728
2000-09-21,0.41089487075805664,0.44993099570274353,0.41701000928878784,0.42798399925231934,38728
2000-09-22,0.41089487075805664,0.42798399925231934,0.42798399925231934,0.42798399925231934,0
2000-09-25,0.4003591537475586,0.41701000928878784,0.41701000928878784,0.41701000928878784,145800
2000-09-26,0.4003591537475586,0.41701000928878784,0.41701000928878784,0.41701000928878784,0
2000-09-27,0.4319654703140259,0.460904985666275,0.42798399925231934,0.44993099570274353,143522
2000-09-28,0.4372333884239197,0.4554179906845093,0.43895700573921204,0.4554179906845093,47841
2000-09-29,0.4266974627971649,0.4828529953956604,0.4444440007209778,0.4444440007209778,410063
2000-10-02,0.41616272926330566,0.4554179906845093,0.4334709942340851,0.4334709942340851,88847
2000-10-03,0.4168204069137573,0.4554179906845093,0.43415600061416626,0.43415600061416626,43284
2000-10-04,0.41616272926330566,0.45816200971603394,0.4334709942340851,0.4334709942340851,375891
2000-10-05,0.385871559381485,0.43895700573921204,0.40191999077796936,0.40191999077796936,539916
2000-10-06,0.41616272926330566,0.4554179906845093,0.41701000928878784,0.4334709942340851,127575
2000-10-09,0.39377397298812866,0.4224970042705536,0.39506199955940247,0.41015100479125977,241481
2000-10-10,0.3792874217033386,0.4005489945411682,0.39506199955940247,0.39506199955940247,54675
2000-10-11,0.3766529858112335,0.4005489945411682,0.3923180103302002,0.3923180103302002,143522
2000-10-12,0.35821571946144104,0.41289401054382324,0.3731139898300171,0.3731139898300171,141244
2000-10-13,0.3806036710739136,0.43895700573921204,0.3964329957962036,0.3964329957962036,52397
2000-10-16,0.3792874217033386,0.39506199955940247,0.39506199955940247,0.39506199955940247,11391
2000-10-17,0.3792874217033386,0.39506199955940247,0.39506199955940247,0.39506199955940247,18225
2000-10-18,0.35821571946144104,0.40191999077796936,0.3731139898300171,0.3731139898300171,307547
2000-10-19,0.39377397298812866,0.41701000928878784,0.38408800959587097,0.41015100479125977,123019
2000-10-20,0.41616272926330566,0.43895700573921204,0.40603598952293396,0.4334709942340851,148078
2000-10-23,0.3792874217033386,0.43895700573921204,0.39506199955940247,0.39506199955940247,72900
2000-10-24,0.39509111642837524,0.4142659902572632,0.39506199955940247,0.4115230143070221,161747
2000-10-25,0.3898231089115143,0.4142659902572632,0.4005489945411682,0.40603598952293396,22781
2000-10-26,0.39772459864616394,0.4142659902572632,0.4005489945411682,0.4142659902572632,66066
2000-10-27,0.385871559381485,0.4142659902572632,0.40191999077796936,0.40191999077796936,43284
2000-10-30,0.39772459864616394,0.4142659902572632,0.41289401054382324,0.4142659902572632,18225
2000-10-31,0.4003591537475586,0.42798399925231934,0.41701000928878784,0.41701000928878784,29616
2000-11-01,0.3806036710739136,0.41701000928878784,0.3964329957962036,0.3964329957962036,59231
2000-11-02,0.3806036710739136,0.3964329957962036,0.3964329957962036,0.3964329957962036,0
2000-11-03,0.3845553398132324,0.4005489945411682,0.4005489945411682,0.4005489945411682,4556
2000-11-06,0.41616272926330566,0.4334709942340851,0.39506199955940247,0.4334709942340851,125297
2000-11-07,0.42142975330352783,0.43895700573921204,0.4334709942340851,0.43895700573921204,145800
2000-11-08,0.42142975330352783,0.43895700573921204,0.4307270050048828,0.43895700573921204,227813
2000-11-09,0.41616272926330566,0.43895700573921204,0.4334709942340851,0.4334709942340851,432844
2000-11-10,0.41352829337120056,0.43895700573921204,0.4307270050048828,0.4307270050048828,150356
2000-11-13,0.41352829337120056,0.43895700573921204,0.4307270050048828,0.4307270050048828,61509
2000-11-14,0.4319654703140259,0.44993099570274353,0.43895700573921204,0.44993099570274353,719888
2000-11-15,0.41616272926330566,0.44993099570274353,0.4334709942340851,0.4334709942340851,11391
2000-11-16,0.4293319582939148,0.44993099570274353,0.4444440007209778,0.44718798995018005,259706
2000-11-17,0.4372333884239197,0.4554179906845093,0.4417009949684143,0.4554179906845093,305269
2000-11-20,0.4319654703140259,0.4554179906845093,0.44993099570274353,0.44993099570274353,9113
2000-11-21,0.4319654703140259,0.44993099570274353,0.44993099570274353,0.44993099570274353,29616
2000-11-22,0.4319654703140259,0.44993099570274353,0.4334709942340851,0.44993099570274353,25059
2000-11-24,0.4319654703140259,0.44993099570274353,0.44993099570274353,0.44993099570274353,0
2000-11-27,0.4293319582939148,0.4554179906845093,0.44718798995018005,0.44718798995018005,50119
2000-11-28,0.4372333884239197,0.460904985666275,0.4554179906845093,0.4554179906845093,321216
2000-11-29,0.41616272926330566,0.43895700573921204,0.42798399925231934,0.4334709942340851,111628
2000-11-30,0.4319654703140259,0.44993099570274353,0.41701000928878784,0.44993099570274353,549028
2000-12-01,0.4319654703140259,0.44993099570274353,0.43895700573921204,0.44993099570274353,15947
2000-12-04,0.41089487075805664,0.43895700573921204,0.42798399925231934,0.42798399925231934,120741
2000-12-05,0.41089487075805664,0.42798399925231934,0.42798399925231934,0.42798399925231934,0
2000-12-06,0.42142975330352783,0.43895700573921204,0.43895700573921204,0.43895700573921204,59231
2000-12-07,0.43459996581077576,0.4526750147342682,0.4526750147342682,0.4526750147342682,9113
2000-12-08,0.4319654703140259,0.44993099570274353,0.42798399925231934,0.44993099570274353,13669
2000-12-11,0.4266974627971649,0.4554179906845093,0.43895700573921204,0.4444440007209778,43284
2000-12-12,0.4319654703140259,0.44993099570274353,0.44993099570274353,0.44993099570274353,29616
2000-12-13,0.4372333884239197,0.4554179906845093,0.4444440007209778,0.4554179906845093,63788
2000-12-14,0.4372333884239197,0.4554179906845093,0.4554179906845093,0.4554179906845093,0
2000-12-15,0.4372333884239197,0.4554179906845093,0.4444440007209778,0.4554179906845093,95681
2000-12-18,0.4372333884239197,0.4554179906845093,0.4554179906845093,0.4554179906845093,20503
2000-12-19,0.4266974627971649,0.4444440007209778,0.4444440007209778,0.4444440007209778,4556
2000-12-20,0.42142975330352783,0.44993099570274353,0.43895700573921204,0.43895700573921204,38728
2000-12-21,0.4003591537475586,0.4334709942340851,0.4115230143070221,0.41701000928878784,107072
2000-12-22,0.40562695264816284,0.4224970042705536,0.41701000928878784,0.4224970042705536,93403
2000-12-26,0.40562695264816284,0.4224970042705536,0.4224970042705536,0.4224970042705536,0
2000-12-27,0.40562695264816284,0.4224970042705536,0.4224970042705536,0.4224970042705536,0
2000-12-28,0.40562695264816284,0.4224970042705536,0.4224970042705536,0.4224970042705536,0
2000-12-29,0.4003591537475586,0.41701000928878784,0.41701000928878784,0.41701000928878784,66066
2001-01-02,0.4266974627971649,0.44718798995018005,0.43895700573921204,0.4444440007209778,41006
2001-01-03,0.43459996581077576,0.4526750147342682,0.44718798995018005,0.4526750147342682,11391
2001-01-04,0.4398677945137024,0.45816200971603394,0.4334709942340851,0.45816200971603394,11391
2001-01-05,0.4372333884239197,0.4554179906845093,0.44718798995018005,0.4554179906845093,230091
2001-01-08,0.4319654703140259,0.44993099570274353,0.4444440007209778,0.44993099570274353,54675
2001-01-09,0.4372333884239197,0.4554179906845093,0.4526750147342682,0.4554179906845093,41006
2001-01-10,0.44250133633613586,0.46639201045036316,0.44718798995018005,0.460904985666275,364500
2001-01-11,0.4372333884239197,0.4636490046977997,0.4554179906845093,0.4554179906845093,259706
2001-01-12,0.41616272926330566,0.4444440007209778,0.40603598952293396,0.4334709942340851,701663
2001-01-16,0.4095775783061981,0.426611989736557,0.41701000928878784,0.426611989736557,56953
2001-01-17,0.40562695264816284,0.42798399925231934,0.41975298523902893,0.4224970042705536,86569
2001-01-18,0.4477691948413849,0.46639201045036316,0.41701000928878784,0.46639201045036316,232369
2001-01-19,0.44250133633613586,0.460904985666275,0.4293549954891205,0.460904985666275,15947
2001-01-22,0.41616272926330566,0.44993099570274353,0.4224970042705536,0.4334709942340851,157191
2001-01-23,0.4003591537475586,0.42798399925231934,0.40603598952293396,0.41701000928878784,717609
2001-01-24,0.40562695264816284,0.42798399925231934,0.41701000928878784,0.4224970042705536,289322
2001-01-25,0.41089487075805664,0.4375860095024109,0.41975298523902893,0.42798399925231934,836072
2001-01-26,0.40826037526130676,0.42798399925231934,0.4224970042705536,0.42524001002311707,658378
2001-01-29,0.4003591537475586,0.42798399925231934,0.41701000928878784,0.41701000928878784,369056
2001-01-30,0.40826037526130676,0.43895700573921204,0.4224970042705536,0.42524001002311707,649266
2001-01-31,0.41616272926330566,0.44993099570274353,0.4334709942340851,0.4334709942340851,132131
2001-02-01,0.4029924273490906,0.43621399998664856,0.41975298523902893,0.41975298523902893,66066
2001-02-02,0.40562695264816284,0.42798399925231934,0.4224970042705536,0.4224970042705536,282488
2001-02-05,0.4029924273490906,0.42798399925231934,0.41975298523902893,0.41975298523902893,558141
2001-02-06,0.40562695264816284,0.4224970042705536,0.4224970042705536,0.4224970042705536,6834
2001-02-07,0.40562695264816284,0.4224970042705536,0.4224970042705536,0.4224970042705536,0
2001-02-08,0.40562695264816284,0.4224970042705536,0.4224970042705536,0.4224970042705536,0
2001-02-09,0.41616272926330566,0.4334709942340851,0.42798399925231934,0.4334709942340851,63788
2001-02-12,0.42142975330352783,0.4417009949684143,0.43621399998664856,0.43895700573921204,220978
2001-02-13,0.41616272926330566,0.4417009949684143,0.4334709942340851,0.4334709942340851,15947
2001-02-14,0.4319654703140259,0.44993099570274353,0.44993099570274353,0.44993099570274353,54675
2001-02-15,0.4319654703140259,0.44993099570274353,0.43895700573921204,0.44993099570274353,27338
2001-02-16,0.41616272926330566,0.44993099570274353,0.4334709942340851,0.4334709942340851,11391
2001-02-20,0.4319654703140259,0.44993099570274353,0.44993099570274353,0.44993099570274353,13669
2001-02-21,0.4266974627971649,0.4444440007209778,0.43895700573921204,0.4444440007209778,50119
2001-02-22,0.42142975330352783,0.43895700573921204,0.43621399998664856,0.43895700573921204,127575
2001-02-23,0.41616272926330566,0.43895700573921204,0.4334709942340851,0.4334709942340851,34172
2001-02-26,0.4240640699863434,0.4417009949684143,0.42798399925231934,0.4417009949684143,29616
2001-02-27,0.4372333884239197,0.4554179906845093,0.4444440007209778,0.4554179906845093,25059
2001-02-28,0.4319654703140259,0.460904985666275,0.44993099570274353,0.44993099570274353,45563
2001-03-01,0.42142975330352783,0.4417009949684143,0.43895700573921204,0.43895700573921204,38728
2001-03-02,0.41352829337120056,0.43895700573921204,0.4307270050048828,0.4307270050048828,29616
2001-03-05,0.4003591537475586,0.42524001002311707,0.4115230143070221,0.41701000928878784,125297
2001-03-06,0.4029924273490906,0.42524001002311707,0.41975298523902893,0.41975298523902893,20503
2001-03-07,0.40826037526130676,0.42524001002311707,0.41701000928878784,0.42524001002311707,77456
2001-03-08,0.4530371129512787,0.4718790054321289,0.42524001002311707,0.4718790054321289,289322
2001-03-09,0.4319654703140259,0.4554179906845093,0.4334709942340851,0.44993099570274353,93403
2001-03-12,0.4293319582939148,0.44718798995018005,0.41701000928878784,0.44718798995018005,79734
2001-03-13,0.41089487075805664,0.42798399925231934,0.42798399925231934,0.42798399925231934,9113
2001-03-14,0.4240640699863434,0.4417009949684143,0.41975298523902893,0.4417009949684143,298434
2001-03-15,0.42142975330352783,0.44718798995018005,0.43895700573921204,0.43895700573921204,61509
2001-03-16,0.4293319582939148,0.44718798995018005,0.41701000928878784,0.44718798995018005,200475
2001-03-19,0.40562695264816284,0.43895700573921204,0.4224970042705536,0.4224970042705536,38728
2001-03-20,0.40562695264816284,0.43895700573921204,0.4224970042705536,0.4224970042705536,20503
2001-03-21,0.41616272926330566,0.4334709942340851,0.4224970042705536,0.4334709942340851,36450
2001-03-22,0.42142975330352783,0.43895700573921204,0.4224970042705536,0.43895700573921204,95681
2001-03-23,0.42142975330352783,0.43895700573921204,0.43895700573921204,0.43895700573921204,31894
2001-03-26,0.4319654703140259,0.44993099570274353,0.4444440007209778,0.44993099570274353,77456
2001-03-27,0.4293319582939148,0.44993099570274353,0.43895700573921204,0.44718798995018005,82013
2001-03-28,0.4293319582939148,0.44718798995018005,0.44718798995018005,0.44718798995018005,9113
2001-03-29,0.42142975330352783,0.44718798995018005,0.43895700573921204,0.43895700573921204,20503
2001-03-30,0.42142975330352783,0.44718798995018005,0.4334709942340851,0.43895700573921204,29616
2001-04-02,0.42142975330352783,0.43895700573921204,0.43895700573921204,0.43895700573921204,0
2001-04-03,0.42142975330352783,0.43895700573921204,0.43895700573921204,0.43895700573921204,0
2001-04-04,0.41089487075805664,0.42798399925231934,0.42798399925231934,0.42798399925231934,2278
2001-04-05,0.42142975330352783,0.43895700573921204,0.4224970042705536,0.43895700573921204,52397
2001-04-06,0.41616272926330566,0.4334709942340851,0.41701000928878784,0.4334709942340851,79734
2001-04-09,0.4087875187397003,0.42798399925231934,0.4139370024204254,0.4257889986038208,50119
2001-04-10,0.3961443305015564,0.43456798791885376,0.39506199955940247,0.41262000799179077,296156
2001-04-11,0.3940369486808777,0.41042500734329224,0.40603598952293396,0.41042500734329224,175416
2001-04-12,0.41721588373184204,0.43456798791885376,0.41437599062919617,0.43456798791885376,18225
2001-04-16,0.42100924253463745,0.4385190010070801,0.4385190010070801,0.4385190010070801,45563
2001-04-17,0.4256444573402405,0.44861501455307007,0.43544599413871765,0.4433470070362091,223256
2001-04-18,0.42142975330352783,0.4477370083332062,0.41701000928878784,0.43895700573921204,211866
2001-04-19,0.41721588373184204,0.4433470070362091,0.43456798791885376,0.43456798791885376,68344
2001-04-20,0.4041513204574585,0.420960009098053,0.420960009098053,0.420960009098053,9113
2001-04-23,0.41089487075805664,0.43895700573921204,0.4231550097465515,0.42798399925231934,77456
2001-04-24,0.4003591537475586,0.43632400035858154,0.41701000928878784,0.41701000928878784,50119
2001-04-25,0.36242952942848206,0.4148150086402893,0.37750300765037537,0.37750300765037537,95681
2001-04-26,0.3792874217033386,0.39857301115989685,0.37574800848960876,0.39506199955940247,22781
2001-04-27,0.4003591537475586,0.41701000928878784,0.397257000207901,0.41701000928878784,116184
2001-04-30,0.41300123929977417,0.43456798791885376,0.4192039966583252,0.4301779866218567,102516
2001-05-01,0.41890189051628113,0.43895700573921204,0.41042500734329224,0.43632400035858154,109350
2001-05-02,0.42985913157463074,0.44817599654197693,0.4350070059299469,0.4477370083332062,277931
2001-05-03,0.42985913157463074,0.4477370083332062,0.42798399925231934,0.4477370083332062,25059
2001-05-04,0.41721588373184204,0.4350070059299469,0.43456798791885376,0.43456798791885376,77456
2001-05-07,0.41721588373184204,0.43456798791885376,0.43456798791885376,0.43456798791885376,0
2001-05-08,0.417637437582016,0.4380800127983093,0.43456798791885376,0.4350070059299469,120741
2001-05-09,0.42817315459251404,0.4459809958934784,0.4433470070362091,0.4459809958934784,41006
2001-05-10,0.4319654703140259,0.44993099570274353,0.41262000799179077,0.44993099570274353,214144
2001-05-11,0.43828749656677246,0.4604659974575043,0.44993099570274353,0.45651599764823914,104794
2001-05-14,0.43407291173934937,0.45651599764823914,0.4367629885673523,0.45212599635124207,323494
2001-05-15,0.4361802041530609,0.45475998520851135,0.44817599654197693,0.4543209969997406,95681
2001-05-16,0.4319654703140259,0.44993099570274353,0.44993099570274353,0.44993099570274353,4556
2001-05-17,0.4420798420906067,0.4604659974575043,0.45475998520851135,0.4604659974575043,56953
2001-05-18,0.43407291173934937,0.4644170105457306,0.45212599635124207,0.45212599635124207,152634
2001-05-21,0.43449437618255615,0.45475998520851135,0.44993099570274353,0.4525650143623352,34172
2001-05-22,0.45092982053756714,0.4828529953956604,0.4543209969997406,0.46968400478363037,305269
2001-05-23,0.45177268981933594,0.49250999093055725,0.4683679938316345,0.47056201100349426,34172
2001-05-24,0.45177268981933594,0.47056201100349426,0.47056201100349426,0.47056201100349426,0
2001-05-25,0.45177268981933594,0.47056201100349426,0.47056201100349426,0.47056201100349426,0
2001-05-29,0.4597807228565216,0.47890299558639526,0.47407400608062744,0.47890299558639526,38728
2001-05-30,0.44671598076820374,0.47802498936653137,0.44466400146484375,0.4652949869632721,107072
2001-05-31,0.4741087555885315,0.4955829977989197,0.46748998761177063,0.4938269853591919,225534
2001-06-01,0.4635729491710663,0.48724299669265747,0.476269006729126,0.4828529953956604,25059
2001-06-04,0.5689311027526855,0.5925930142402649,0.47407400608062744,0.5925930142402649,127575
2001-06-05,0.5394310355186462,0.5706449747085571,0.5267490148544312,0.5618659853935242,305269
2001-06-06,0.5057160258293152,0.5350890159606934,0.5157750248908997,0.5267490148544312,34172
2001-06-07,0.4951803684234619,0.5157750248908997,0.5157750248908997,0.5157750248908997,4556
2001-06-08,0.4951803684234619,0.5157750248908997,0.5157750248908997,0.5157750248908997,4556
2001-06-11,0.5015016198158264,0.5258709788322449,0.5223590135574341,0.5223590135574341,22781
2001-06-12,0.5015016198158264,0.5223590135574341,0.5223590135574341,0.5223590135574341,0
2001-06-13,0.4951803684234619,0.5201650261878967,0.5157750248908997,0.5157750248908997,34172
2001-06-14,0.4951803684234619,0.5157750248908997,0.5157750248908997,0.5157750248908997,0
2001-06-15,0.4635729491710663,0.4828529953956604,0.4828529953956604,0.4828529953956604,2278
2001-06-18,0.4635729491710663,0.4828529953956604,0.4828529953956604,0.4828529953956604,11391
2001-06-19,0.40668007731437683,0.460904985666275,0.4038409888744354,0.42359399795532227,109350
2001-06-20,0.41089487075805664,0.44554200768470764,0.42359399795532227,0.42798399925231934,36450
2001-06-21,0.42142975330352783,0.460904985666275,0.43895700573921204,0.43895700573921204,13669
2001-06-22,0.45683035254478455,0.4929490089416504,0.460904985666275,0.47582998871803284,75178
2001-06-25,0.4580947756767273,0.4828529953956604,0.47714701294898987,0.47714701294898987,45563
2001-06-26,0.43449437618255615,0.4718790054321289,0.4525650143623352,0.4525650143623352,20503
2001-06-27,0.41089487075805664,0.4525650143623352,0.40603598952293396,0.42798399925231934,161747
2001-06-28,0.4319654703140259,0.45651599764823914,0.41701000928878784,0.44993099570274353,22781
2001-06-29,0.41089487075805664,0.42798399925231934,0.42139899730682373,0.42798399925231934,4556
2001-07-02,0.45219409465789795,0.471000999212265,0.43895700573921204,0.471000999212265,66066
2001-07-03,0.4121582508087158,0.4828529953956604,0.4293000102043152,0.4293000102043152,22781
2001-07-05,0.42142975330352783,0.43895700573921204,0.43895700573921204,0.43895700573921204,6834
2001-07-06,0.4256444573402405,0.4736349880695343,0.4323729872703552,0.4433470070362091,77456
2001-07-09,0.4530371129512787,0.4718790054321289,0.4477370083332062,0.4718790054321289,9113
2001-07-10,0.43828749656677246,0.476269006729126,0.45651599764823914,0.45651599764823914,13669
2001-07-11,0.43660157918930054,0.45563799142837524,0.45475998520851135,0.45475998520851135,25059
2001-07-12,0.43660157918930054,0.45475998520851135,0.45475998520851135,0.45475998520851135,0
2001-07-13,0.4530371129512787,0.4718790054321289,0.4644170105457306,0.4718790054321289,20503
2001-07-16,0.44250133633613586,0.4652949869632721,0.460904985666275,0.460904985666275,6834
2001-07-17,0.4538801610469818,0.4828529953956604,0.46134400367736816,0.4727570116519928,86569
2001-07-18,0.45725181698799133,0.476269006729126,0.460904985666275,0.476269006729126,4556
2001-07-19,0.4736872613430023,0.49338799715042114,0.4718790054321289,0.49338799715042114,95681
2001-07-20,0.47200143337249756,0.5267490148544312,0.4784640073776245,0.49163201451301575,141244
2001-07-23,0.47200143337249756,0.49163201451301575,0.48065799474716187,0.49163201451301575,27338
2001-07-24,0.5057160258293152,0.5267490148544312,0.47670799493789673,0.5267490148544312,38728
2001-07-25,0.5002381801605225,0.5210430026054382,0.4718790054321289,0.5210430026054382,116184
2001-07-26,0.5002381801605225,0.5210430026054382,0.5210430026054382,0.5210430026054382,0
2001-07-27,0.4741087555885315,0.4938269853591919,0.4784640073776245,0.4938269853591919,15947
2001-07-30,0.4871733784675598,0.5074350237846375,0.5069959759712219,0.5074350237846375,34172
2001-07-31,0.48675188422203064,0.5069959759712219,0.5069959759712219,0.5069959759712219,11391
2001-08-01,0.4551444947719574,0.47407400608062744,0.47407400608062744,0.47407400608062744,9113
2001-08-02,0.5183595418930054,0.5399180054664612,0.5399180054664612,0.5399180054664612,2278
2001-08-03,0.47200143337249756,0.49163201451301575,0.49163201451301575,0.49163201451301575,4556
2001-08-06,0.4551444947719574,0.47407400608062744,0.47407400608062744,0.47407400608062744,31894
2001-08-07,0.45725181698799133,0.5355280041694641,0.47407400608062744,0.476269006729126,50119
2001-08-08,0.4593591094017029,0.5061179995536804,0.476269006729126,0.4784640073776245,95681
2001-08-09,0.4593591094017029,0.5004119873046875,0.4784640073776245,0.4784640073776245,25059
2001-08-10,0.4593591094017029,0.5267490148544312,0.4784640073776245,0.4784640073776245,54675
2001-08-13,0.5057160258293152,0.6079559922218323,0.4784640073776245,0.5267490148544312,43284
2001-08-14,0.5352159738540649,0.5574759840965271,0.5574759840965271,0.5574759840965271,15947
2001-08-15,0.48506611585617065,0.6562409996986389,0.4837310016155243,0.5052400231361389,252872
2001-08-16,0.5065590739250183,0.5276269912719727,0.5271880030632019,0.5276269912719727,4556
2001-08-17,0.5470166206359863,0.5706449747085571,0.5311390161514282,0.5697669982910156,79734
2001-08-20,0.5470166206359863,0.5697669982910156,0.5697669982910156,0.5697669982910156,0
2001-08-21,0.5065590739250183,0.5276269912719727,0.5276269912719727,0.5276269912719727,93403
2001-08-22,0.46778762340545654,0.48724299669265747,0.4846090078353882,0.48724299669265747,11391
2001-08-23,0.46778762340545654,0.48724299669265747,0.48724299669265747,0.48724299669265747,2278
2001-08-24,0.46778762340545654,0.48724299669265747,0.48724299669265747,0.48724299669265747,0
2001-08-27,0.5369022488594055,0.5592319965362549,0.48724299669265747,0.5592319965362549,36450
2001-08-28,0.5369022488594055,0.5592319965362549,0.5574759840965271,0.5592319965362549,29616
2001-08-29,0.4926516115665436,0.5131409764289856,0.5122630000114441,0.5131409764289856,4556
2001-08-30,0.5044516921043396,0.5350890159606934,0.5048009753227234,0.5254319906234741,66066
2001-08-31,0.5044516921043396,0.5254319906234741,0.5254319906234741,0.5254319906234741,0
2001-09-04,0.5267878770828247,0.5486969947814941,0.5486969947814941,0.5486969947814941,15947
2001-09-05,0.48464450240135193,0.5048009753227234,0.5048009753227234,0.5048009753227234,2278
2001-09-06,0.48464450240135193,0.5048009753227234,0.5048009753227234,0.5048009753227234,0
2001-09-07,0.46989500522613525,0.5048009753227234,0.47407400608062744,0.489437997341156,36450
2001-09-10,0.5255234241485596,0.5473799705505371,0.45475998520851135,0.5473799705505371,120741
2001-09-17,0.44460874795913696,0.5684499740600586,0.46309998631477356,0.46309998631477356,116184
2001-09-18,0.5141446590423584,0.5355280041694641,0.5355280041694641,0.5355280041694641,13669
2001-09-19,0.4635729491710663,0.5157750248908997,0.460904985666275,0.4828529953956604,77456
2001-09-20,0.42142975330352783,0.444225013256073,0.4367629885673523,0.43895700573921204,359944
2001-09-21,0.42142975330352783,0.4477370083332062,0.43895700573921204,0.43895700573921204,27338
2001-09-24,0.4319654703140259,0.46968400478363037,0.4468590021133423,0.44993099570274353,22781
2001-09-25,0.5057160258293152,0.5473799705505371,0.47231799364089966,0.5267490148544312,154913
2001-09-26,0.46399450302124023,0.5267490148544312,0.48329201340675354,0.48329201340675354,59231
2001-09-27,0.44250133633613586,0.4652949869632721,0.460904985666275,0.460904985666275,13669
2001-09-28,0.5048732161521912,0.5258709788322449,0.46309998631477356,0.5258709788322449,43284
2001-10-01,0.5255234241485596,0.5486969947814941,0.5258709788322449,0.5473799705505371,22781
2001-10-02,0.4635729491710663,0.4837310016155243,0.4828529953956604,0.4828529953956604,50119
2001-10-03,0.4741087555885315,0.5048009753227234,0.4938269853591919,0.4938269853591919,31894
2001-10-04,0.4930730164051056,0.5135800242424011,0.4938269853591919,0.5135800242424011,22781
2001-10-05,0.43407291173934937,0.46968400478363037,0.44993099570274353,0.45212599635124207,257428
2001-10-08,0.4361802041530609,0.4543209969997406,0.45212599635124207,0.4543209969997406,18225
2001-10-09,0.43828749656677246,0.4718790054321289,0.45212599635124207,0.45651599764823914,13669
2001-10-10,0.443344384431839,0.4837310016155243,0.45212599635124207,0.4617829918861389,111628
2001-10-11,0.4635729491710663,0.5017279982566833,0.4551990032196045,0.4828529953956604,61509
2001-10-12,0.48295870423316956,0.5039229989051819,0.5030450224876404,0.5030450224876404,31894
2001-10-15,0.48506611585617065,0.5100690126419067,0.4828529953956604,0.5052400231361389,389559
2001-10-16,0.48464450240135193,0.5153359770774841,0.5048009753227234,0.5048009753227234,11391
2001-10-17,0.48464450240135193,0.5048009753227234,0.5048009753227234,0.5048009753227234,0
2001-10-18,0.46905216574668884,0.5465019941329956,0.4885599911212921,0.4885599911212921,22781
2001-10-19,0.46905216574668884,0.4885599911212921,0.4885599911212921,0.4885599911212921,0
2001-10-22,0.48464450240135193,0.5048009753227234,0.5048009753227234,0.5048009753227234,4556
2001-10-23,0.46989500522613525,0.5157750248908997,0.489437997341156,0.489437997341156,6834
2001-10-24,0.4555659890174866,0.4828529953956604,0.47407400608062744,0.4745129942893982,22781
2001-10-25,0.4909656047821045,0.5113850235939026,0.5091909766197205,0.5113850235939026,20503
2001-10-26,0.49855223298072815,0.5192869901657104,0.5192869901657104,0.5192869901657104,2278
2001-10-29,0.4741087555885315,0.5201650261878967,0.4938269853591919,0.4938269853591919,22781
2001-10-30,0.48380154371261597,0.5039229989051819,0.5039229989051819,0.5039229989051819,2278
2001-10-31,0.5158305764198303,0.5372840166091919,0.5258709788322449,0.5372840166091919,36450
2001-11-01,0.48000940680503845,0.5465019941329956,0.49997299909591675,0.49997299909591675,18225
2001-11-02,0.4804307818412781,0.5004119873046875,0.4670509994029999,0.5004119873046875,22781
2001-11-05,0.4804307818412781,0.5004119873046875,0.5004119873046875,0.5004119873046875,0
2001-11-06,0.4804307818412781,0.5004119873046875,0.5004119873046875,0.5004119873046875,0
2001-11-07,0.4804307818412781,0.5004119873046875,0.5004119873046875,0.5004119873046875,0
2001-11-08,0.48380154371261597,0.5039229989051819,0.5004119873046875,0.5039229989051819,134409
2001-11-09,0.47453027963638306,0.49426600337028503,0.49426600337028503,0.49426600337028503,2278
2001-11-12,0.47453027963638306,0.49426600337028503,0.49426600337028503,0.49426600337028503,2278
2001-11-13,0.47453027963638306,0.49426600337028503,0.49426600337028503,0.49426600337028503,0
2001-11-14,0.4909656047821045,0.5113850235939026,0.5113850235939026,0.5113850235939026,22781
2001-11-15,0.5057160258293152,0.5267490148544312,0.5267490148544312,0.5267490148544312,4556
2001-11-16,0.5221517086029053,0.5443069934844971,0.5438680052757263,0.5438680052757263,56953
2001-11-19,0.5065590739250183,0.5508919954299927,0.5223590135574341,0.5276269912719727,91125
2001-11-20,0.5086666345596313,0.5298219919204712,0.5298219919204712,0.5298219919204712,6834
2001-11-21,0.5120372176170349,0.5333330035209656,0.460904985666275,0.5333330035209656,125297
2001-11-23,0.4897023141384125,0.5328940153121948,0.5100690126419067,0.5100690126419067,20503
2001-11-26,0.5099309086799622,0.5311390161514282,0.5311390161514282,0.5311390161514282,15947
2001-11-27,0.5006584525108337,0.5214809775352478,0.5113850235939026,0.5214809775352478,93403
2001-11-28,0.46989500522613525,0.5307000279426575,0.48329201340675354,0.489437997341156,52397
2001-11-29,0.5099309086799622,0.5486969947814941,0.5179700255393982,0.5311390161514282,300713
2001-11-30,0.5267878770828247,0.5486969947814941,0.5465019941329956,0.5486969947814941,15947
2001-12-03,0.5267878770828247,0.5486969947814941,0.5486969947814941,0.5486969947814941,0
2001-12-04,0.5221517086029053,0.5552809834480286,0.5438680052757263,0.5438680052757263,72900
2001-12-05,0.534794807434082,0.5570369958877563,0.47495201230049133,0.5570369958877563,346275
2001-12-06,0.534794807434082,0.5570369958877563,0.5570369958877563,0.5570369958877563,0
2001-12-07,0.5267878770828247,0.5574759840965271,0.5486969947814941,0.5486969947814941,41006
2001-12-10,0.4960233271121979,0.5478190183639526,0.48724299669265747,0.5166530013084412,202753
2001-12-11,0.5099309086799622,0.5311390161514282,0.48504799604415894,0.5311390161514282,72900
2001-12-12,0.5217300653457642,0.5438680052757263,0.5434290170669556,0.5434290170669556,13669
2001-12-13,0.5204657912254333,0.5421119928359985,0.5074350237846375,0.5421119928359985,9113
2001-12-14,0.5259449481964111,0.5478190183639526,0.5469409823417664,0.5478190183639526,38728
2001-12-17,0.4909656047821045,0.5355280041694641,0.5113850235939026,0.5113850235939026,56953
2001-12-18,0.4909656047821045,0.5113850235939026,0.5113850235939026,0.5113850235939026,0
2001-12-19,0.5015016198158264,0.5223590135574341,0.5135800242424011,0.5223590135574341,31894
2001-12-20,0.5057160258293152,0.5438680052757263,0.5267490148544312,0.5267490148544312,9113
2001-12-21,0.4909656047821045,0.5263100266456604,0.5113850235939026,0.5113850235939026,20503
2001-12-24,0.4909656047821045,0.5113850235939026,0.5113850235939026,0.5113850235939026,0
2001-12-26,0.5057160258293152,0.5276269912719727,0.5267490148544312,0.5267490148544312,41006
2001-12-27,0.5107729434967041,0.5320159792900085,0.5320159792900085,0.5320159792900085,29616
2001-12-28,0.5246802568435669,0.5868859887123108,0.5372840166091919,0.5465019941329956,396394
2001-12-31,0.5343732237815857,0.5565980076789856,0.5359669923782349,0.5565980076789856,41006
2002-01-02,0.5647163987159729,0.5882030129432678,0.585129976272583,0.5882030129432678,13669
2002-01-03,0.5478594899177551,0.5706449747085571,0.5596709847450256,0.5706449747085571,334884
2002-01-04,0.5478594899177551,0.5706449747085571,0.5706449747085571,0.5706449747085571,0
2002-01-07,0.561344563961029,0.5921540260314941,0.5811799764633179,0.5846909880638123,159469
2002-01-08,0.5794670581817627,0.6035670042037964,0.5596709847450256,0.6035670042037964,118463
2002-01-09,0.5790454149246216,0.6145399808883667,0.5930320024490356,0.6031280159950256,91125
2002-01-10,0.5583953857421875,0.5903980135917664,0.5772290229797363,0.5816190242767334,134409
2002-01-11,0.5583953857421875,0.5816190242767334,0.5816190242767334,0.5816190242767334,29616
2002-01-14,0.5638734698295593,0.5873249769210815,0.5816190242767334,0.5873249769210815,18225
2002-01-15,0.5583953857421875,0.5921540260314941,0.5816190242767334,0.5816190242767334,22781
2002-01-16,0.5272091627120972,0.5706449747085571,0.5491359829902649,0.5491359829902649,22781
2002-01-17,0.5685097575187683,0.5921540260314941,0.5921540260314941,0.5921540260314941,13669
2002-01-18,0.5685097575187683,0.5921540260314941,0.57635098695755,0.5921540260314941,50119
2002-01-22,0.5621877312660217,0.5855690240859985,0.5855690240859985,0.5855690240859985,13669
2002-01-23,0.5541805624961853,0.5772290229797363,0.5772290229797363,0.5772290229797363,2278
2002-01-24,0.5478594899177551,0.5921540260314941,0.5706449747085571,0.5706449747085571,20503
2002-01-25,0.5478594899177551,0.5706449747085571,0.5653769969940186,0.5706449747085571,9113
2002-01-28,0.5583953857421875,0.5816190242767334,0.5596709847450256,0.5816190242767334,20503
2002-01-29,0.5373238325119019,0.5596709847450256,0.5596709847450256,0.5596709847450256,4556
2002-01-30,0.531001627445221,0.55308598279953,0.55308598279953,0.55308598279953,4556
2002-01-31,0.5765165686607361,0.6145399808883667,0.5882030129432678,0.6004940271377563,179972
2002-02-01,0.5786240100860596,0.6031280159950256,0.5996159911155701,0.6026890277862549,77456
2002-02-04,0.5786240100860596,0.6057609915733337,0.5882030129432678,0.6026890277862549,161747
2002-02-05,0.5786240100860596,0.6026890277862549,0.6026890277862549,0.6026890277862549,0
2002-02-06,0.5520731210708618,0.5925930142402649,0.5750340223312378,0.5750340223312378,52397
2002-02-07,0.5520731210708618,0.5750340223312378,0.5706449747085571,0.5750340223312378,123019
2002-02-08,0.5520731210708618,0.5750340223312378,0.5750340223312378,0.5750340223312378,0
2002-02-11,0.5478594899177551,0.5706449747085571,0.5574759840965271,0.5706449747085571,54675
2002-02-12,0.5436446070671082,0.5662549734115601,0.5662549734115601,0.5662549734115601,18225
2002-02-13,0.5428017973899841,0.5662549734115601,0.55308598279953,0.5653769969940186,31894
2002-02-14,0.5428017973899841,0.5653769969940186,0.5653769969940186,0.5653769969940186,0
2002-02-15,0.5428017973899841,0.5653769969940186,0.5653769969940186,0.5653769969940186,0
2002-02-19,0.5272091627120972,0.5662549734115601,0.5491359829902649,0.5491359829902649,328050
2002-02-20,0.5457519888877869,0.5684499740600586,0.5495749711990356,0.5684499740600586,31894
2002-02-21,0.5478594899177551,0.5917149782180786,0.5697669982910156,0.5706449747085571,300713
2002-02-22,0.5478594899177551,0.5706449747085571,0.5706449747085571,0.5706449747085571,0
2002-02-25,0.5583953857421875,0.5816190242767334,0.5706449747085571,0.5816190242767334,116184
2002-02-26,0.5373238325119019,0.5640599727630615,0.5596709847450256,0.5596709847450256,6834
2002-02-27,0.5562880635261536,0.5794240236282349,0.5745949745178223,0.5794240236282349,20503
2002-02-28,0.5436446070671082,0.5662549734115601,0.5662549734115601,0.5662549734115601,2278
2002-03-01,0.5562880635261536,0.5794240236282349,0.5750340223312378,0.5794240236282349,45563
2002-03-04,0.5579738020896912,0.59654301404953,0.5750340223312378,0.5811799764633179,25059
2002-03-05,0.5436446070671082,0.5794240236282349,0.5662549734115601,0.5662549734115601,113906
2002-03-06,0.5541805624961853,0.5794240236282349,0.5741559863090515,0.5772290229797363,25059
2002-03-07,0.5541805624961853,0.5882030129432678,0.5750340223312378,0.5772290229797363,113906
2002-03-08,0.5520731210708618,0.5794240236282349,0.5706449747085571,0.5750340223312378,100238
2002-03-11,0.5689311027526855,0.5969820022583008,0.57327800989151,0.5925930142402649,487519
2002-03-12,0.5895813703536987,0.6141020059585571,0.5925930142402649,0.6141020059585571,36450
2002-03-13,0.6211878061294556,0.6470230221748352,0.6127849817276001,0.6470230221748352,207309
2002-03-14,0.6426807641983032,0.6803839802742004,0.6255139708518982,0.669409990310669,227813
2002-03-15,0.6266669034957886,0.6869680285453796,0.6079559922218323,0.6527299880981445,127575
2002-03-18,0.6178169250488281,0.6685320138931274,0.6171740293502808,0.6435120105743408,95681
2002-03-19,0.5900018215179443,0.6408780217170715,0.6145399808883667,0.6145399808883667,116184
2002-03-20,0.6013807654380798,0.6277089715003967,0.5974209904670715,0.6263920068740845,61509
2002-03-21,0.5984312295913696,0.6299039721488953,0.6057609915733337,0.6233199834823608,186806
2002-03-22,0.5984312295913696,0.6277089715003967,0.6233199834823608,0.6233199834823608,29616
2002-03-25,0.6216093897819519,0.6676539778709412,0.6277089715003967,0.647462010383606,84291
2002-03-26,0.6110734343528748,0.6470230221748352,0.6364880204200745,0.6364880204200745,9113
2002-03-27,0.5946377515792847,0.6509739756584167,0.6193689703941345,0.6193689703941345,107072
2002-03-28,0.593373715877533,0.6202470064163208,0.6180520057678223,0.6180520057678223,250594
2002-04-01,0.6022233963012695,0.627269983291626,0.6123459935188293,0.627269983291626,13669
2002-04-02,0.587895393371582,0.627269983291626,0.5925930142402649,0.6123459935188293,186806
2002-04-03,0.585366427898407,0.6119070053100586,0.6097120046615601,0.6097120046615601,4556
2002-04-04,0.5777809619903564,0.6097120046615601,0.5947870016098022,0.6018109917640686,27338
2002-04-05,0.606859564781189,0.6320989727973938,0.5925930142402649,0.6320989727973938,75178
2002-04-08,0.6152880787849426,0.647462010383606,0.6035670042037964,0.6408780217170715,75178
2002-04-09,0.6211878061294556,0.6536080241203308,0.604004979133606,0.6470230221748352,102516
2002-04-10,0.606859564781189,0.6448289752006531,0.6320989727973938,0.6320989727973938,31894
2002-04-11,0.5900018215179443,0.6277089715003967,0.6132240295410156,0.6145399808883667,116184
2002-04-12,0.5980097651481628,0.6228809952735901,0.6228809952735901,0.6228809952735901,2278
2002-04-15,0.5971670150756836,0.627269983291626,0.615418016910553,0.6220030188560486,104794
2002-04-16,0.5984312295913696,0.6408780217170715,0.6233199834823608,0.6233199834823608,97959
2002-04-17,0.594216525554657,0.6277089715003967,0.6145399808883667,0.6189299821853638,20503
2002-04-18,0.594216525554657,0.6189299821853638,0.6189299821853638,0.6189299821853638,0
2002-04-19,0.6005375385284424,0.6255139708518982,0.6255139708518982,0.6255139708518982,13669
2002-04-22,0.6026449203491211,0.6277089715003967,0.6277089715003967,0.6277089715003967,15947
2002-04-23,0.6005375385284424,0.6277089715003967,0.6132240295410156,0.6255139708518982,56953
2002-04-24,0.6005375385284424,0.6277089715003967,0.6233199834823608,0.6255139708518982,104794
2002-04-25,0.6026449203491211,0.6299039721488953,0.6132240295410156,0.6277089715003967,398672
2002-04-26,0.5988524556159973,0.6277089715003967,0.6193689703941345,0.6237589716911316,52397
2002-04-29,0.594216525554657,0.6277089715003967,0.6189299821853638,0.6189299821853638,20503
2002-04-30,0.6026449203491211,0.6277089715003967,0.6268309950828552,0.6277089715003967,70622
2002-05-01,0.6178169250488281,0.6584360003471375,0.6255139708518982,0.6435120105743408,938588
2002-05-02,0.6485812067985535,0.6847739815711975,0.647462010383606,0.6755560040473938,120741
2002-05-03,0.6578527092933655,0.685213029384613,0.6536080241203308,0.685213029384613,230091
2002-05-06,0.6245596408843994,0.6887239813804626,0.650534987449646,0.650534987449646,113906
2002-05-07,0.6321449875831604,0.6584360003471375,0.651852011680603,0.6584360003471375,25059
2002-05-08,0.6414163112640381,0.6680930256843567,0.651852011680603,0.6680930256843567,20503
2002-05-09,0.6275097131729126,0.6689710021018982,0.6536080241203308,0.6536080241203308,9113
2002-05-10,0.6258238554000854,0.6522909998893738,0.651852011680603,0.651852011680603,13669
2002-05-13,0.6258238554000854,0.651852011680603,0.651852011680603,0.651852011680603,0
2002-05-14,0.6578527092933655,0.685213029384613,0.6584360003471375,0.685213029384613,34172
2002-05-15,0.6536381244659424,0.685213029384613,0.680823028087616,0.680823028087616,45563
2002-05-16,0.6692306995391846,0.6970639824867249,0.6970639824867249,0.6970639824867249,6834
2002-05-17,0.6700736284255981,0.6979420185089111,0.6803839802742004,0.6979420185089111,31894
2002-05-20,0.6397305727005005,0.6663370132446289,0.6663370132446289,0.6663370132446289,2278
2002-05-21,0.6527950763702393,0.6979420185089111,0.6540470123291016,0.6799449920654297,72900
2002-05-22,0.6237166523933411,0.6496570110321045,0.6496570110321045,0.6496570110321045,2278
2002-05-23,0.6490027904510498,0.6799449920654297,0.6623870134353638,0.6759949922561646,20503
2002-05-24,0.6667029857635498,0.6944310069084167,0.6799449920654297,0.6944310069084167,29616
2002-05-28,0.594216525554657,0.6909189820289612,0.6158570051193237,0.6189299821853638,307547
2002-05-29,0.6313021183013916,0.657558023929596,0.6167349815368652,0.657558023929596,20503
2002-05-30,0.5887385010719299,0.6277089715003967,0.6035670042037964,0.6132240295410156,104794
2002-05-31,0.5857879519462585,0.6189299821853638,0.6079559922218323,0.6101509928703308,91125
2002-06-03,0.5963237881660461,0.6211249828338623,0.6057609915733337,0.6211249828338623,36450
2002-06-04,0.5895813703536987,0.6189299821853638,0.6057609915733337,0.6141020059585571,82013
2002-06-05,0.585366427898407,0.6101509928703308,0.5991770029067993,0.6097120046615601,88847
2002-06-06,0.6123377680778503,0.6378049850463867,0.6101509928703308,0.6378049850463867,61509
2002-06-07,0.6064380407333374,0.647462010383606,0.631659984588623,0.631659984588623,22781
2002-06-10,0.6275097131729126,0.6584360003471375,0.6281480193138123,0.6536080241203308,27338
2002-06-11,0.5992740392684937,0.6277089715003967,0.6241980195045471,0.6241980195045471,18225
2002-06-12,0.6047523021697998,0.6299039721488953,0.6255139708518982,0.6299039721488953,9113
2002-06-13,0.6047523021697998,0.6303430199623108,0.6299039721488953,0.6299039721488953,22781
2002-06-14,0.6026449203491211,0.6320989727973938,0.6277089715003967,0.6277089715003967,234647
2002-06-17,0.6114948391914368,0.6584360003471375,0.6369270086288452,0.6369270086288452,20503
2002-06-18,0.6110734343528748,0.6369270086288452,0.6127849817276001,0.6364880204200745,120741
2002-06-19,0.6342524290084839,0.6716049909591675,0.6408780217170715,0.660631000995636,296156
2002-06-20,0.6595377326011658,0.6869680285453796,0.6562409996986389,0.6869680285453796,45563
2002-06-21,0.6785029172897339,0.7067220211029053,0.682578980922699,0.7067220211029053,97959
2002-06-24,0.663752555847168,0.7089160084724426,0.6913579702377319,0.6913579702377319,54675
2002-06-25,0.662066638469696,0.7238410115242004,0.6896020174026489,0.6896020174026489,15947
2002-06-26,0.6747099757194519,0.705843985080719,0.6896020174026489,0.702771008014679,50119
2002-06-27,0.661645233631134,0.714622974395752,0.6891630291938782,0.6891630291938782,159469
2002-06-28,0.6342524290084839,0.6856520175933838,0.660631000995636,0.660631000995636,56953
2002-07-01,0.6152880787849426,0.660631000995636,0.638683021068573,0.6408780217170715,68344
2002-07-02,0.6131806373596191,0.6496570110321045,0.638683021068573,0.638683021068573,27338
2002-07-03,0.6532166600227356,0.6847739815711975,0.6364880204200745,0.6803839802742004,15947
2002-07-05,0.6747099757194519,0.7133060097694397,0.6803839802742004,0.702771008014679,66066
2002-07-08,0.6747099757194519,0.702771008014679,0.702771008014679,0.702771008014679,0
2002-07-09,0.6742883920669556,0.7023320198059082,0.6953089833259583,0.7023320198059082,25059
2002-07-10,0.6220308542251587,0.7023320198059082,0.647462010383606,0.6479009985923767,59231
2002-07-11,0.6026449203491211,0.6509739756584167,0.6277089715003967,0.6277089715003967,66066
2002-07-12,0.6030663251876831,0.6281480193138123,0.6277089715003967,0.6281480193138123,18225
2002-07-15,0.594216525554657,0.6913579702377319,0.6189299821853638,0.6189299821853638,291600
2002-07-16,0.6005375385284424,0.6395609974861145,0.6189299821853638,0.6255139708518982,59231
2002-07-17,0.6047523021697998,0.650534987449646,0.6299039721488953,0.6299039721488953,45563
2002-07-18,0.6152880787849426,0.6408780217170715,0.6255139708518982,0.6408780217170715,41006
2002-07-19,0.594216525554657,0.6364880204200745,0.6189299821853638,0.6189299821853638,305269
2002-07-22,0.5836803913116455,0.6176130175590515,0.5991770029067993,0.6079559922218323,88847
2002-07-23,0.5992740392684937,0.6325380206108093,0.5974209904670715,0.6241980195045471,533081
2002-07-24,0.5689311027526855,0.6092730164527893,0.5925930142402649,0.5925930142402649,72900
2002-07-25,0.6241378784179688,0.6584360003471375,0.6145399808883667,0.6500959992408752,482963
2002-07-26,0.6380456686019897,0.6645820140838623,0.6320989727973938,0.6645820140838623,34172
2002-07-29,0.6742883920669556,0.7023320198059082,0.6650210022926331,0.7023320198059082,52397
2002-07-30,0.6848241090774536,0.7133060097694397,0.7067220211029053,0.7133060097694397,27338
2002-07-31,0.6321449875831604,0.6913579702377319,0.6584360003471375,0.6584360003471375,75178
2002-08-01,0.6844026446342468,0.7133060097694397,0.6716049909591675,0.712867021560669,13669
2002-08-02,0.6742883920669556,0.7023320198059082,0.6588749885559082,0.7023320198059082,52397
2002-08-05,0.6742883920669556,0.7023320198059082,0.6856520175933838,0.7023320198059082,38728
2002-08-06,0.663752555847168,0.7023320198059082,0.6856520175933838,0.6913579702377319,68344
2002-08-07,0.6346737742424011,0.6931139826774597,0.6584360003471375,0.6610699892044067,56953
2002-08-08,0.6380456686019897,0.7001370191574097,0.6610699892044067,0.6645820140838623,41006
2002-08-09,0.6321449875831604,0.6584360003471375,0.6584360003471375,0.6584360003471375,15947
2002-08-12,0.6532166600227356,0.682578980922699,0.6716049909591675,0.6803839802742004,22781
2002-08-13,0.6532166600227356,0.6803839802742004,0.6584360003471375,0.6803839802742004,29616
2002-08-14,0.6321449875831604,0.6632649898529053,0.6584360003471375,0.6584360003471375,75178
2002-08-15,0.6532166600227356,0.6803839802742004,0.6803839802742004,0.6803839802742004,2278
2002-08-16,0.6532166600227356,0.6803839802742004,0.6803839802742004,0.6803839802742004,0
2002-08-19,0.6742883920669556,0.7023320198059082,0.6672149896621704,0.7023320198059082,66066
2002-08-20,0.6742883920669556,0.7023320198059082,0.7023320198059082,0.7023320198059082,0
2002-08-21,0.6700736284255981,0.7010149955749512,0.6716049909591675,0.6979420185089111,118463
2002-08-22,0.6700736284255981,0.6979420185089111,0.6979420185089111,0.6979420185089111,0
2002-08-23,0.6490027904510498,0.7005760073661804,0.6720439791679382,0.6759949922561646,9113
2002-08-26,0.6738666892051697,0.7572020292282104,0.7010149955749512,0.7018929719924927,100238
2002-08-27,0.6553240418434143,0.682578980922699,0.680823028087616,0.682578980922699,31894
2002-08-28,0.6599594354629517,0.6874070167541504,0.6874070167541504,0.6874070167541504,6834
2002-08-29,0.6717595458030701,0.6996979713439941,0.6716049909591675,0.6996979713439941,257428
2002-08-30,0.6447882056236267,0.6953089833259583,0.6698489785194397,0.6716049909591675,15947
2002-09-03,0.6827167272567749,0.7133060097694397,0.695747971534729,0.7111110091209412,528525
2002-09-04,0.6662812232971191,0.7216460108757019,0.6917970180511475,0.693992018699646,166303
2002-09-05,0.6662812232971191,0.7238410115242004,0.693992018699646,0.693992018699646,159469
2002-09-06,0.6671241521835327,0.7111110091209412,0.6935529708862305,0.6948699951171875,97959
2002-09-09,0.6671241521835327,0.7133060097694397,0.6948699951171875,0.6948699951171875,61509
2002-09-10,0.6671241521835327,0.6948699951171875,0.6948699951171875,0.6948699951171875,0
2002-09-11,0.6667029857635498,0.6961870193481445,0.6944310069084167,0.6944310069084167,27338
2002-09-12,0.6827167272567749,0.7111110091209412,0.6917970180511475,0.7111110091209412,316659
2002-09-13,0.6721810102462769,0.7067220211029053,0.695747971534729,0.7001370191574097,150356
2002-09-16,0.6974674463272095,0.7264750003814697,0.7045270204544067,0.7264750003814697,97959
2002-09-17,0.6953598260879517,0.7370100021362305,0.7242799997329712,0.7242799997329712,52397
2002-09-18,0.6953598260879517,0.7242799997329712,0.7242799997329712,0.7242799997329712,20503
2002-09-19,0.6953598260879517,0.7242799997329712,0.7242799997329712,0.7242799997329712,0
2002-09-20,0.7160102128982544,0.7457889914512634,0.7111110091209412,0.7457889914512634,63788
2002-09-23,0.6759741902351379,0.7111110091209412,0.7036489844322205,0.7040879726409912,22781
2002-09-24,0.6949384808540344,0.7238410115242004,0.6983810067176819,0.7238410115242004,43284
2002-09-25,0.7050529718399048,0.7611520290374756,0.7023320198059082,0.7343760132789612,91125
2002-09-26,0.7122167944908142,0.7418379783630371,0.7418379783630371,0.7418379783630371,4556
2002-09-27,0.6890378594398499,0.7462279796600342,0.7176949977874756,0.7176949977874756,38728
2002-09-30,0.7783811688423157,0.8555279970169067,0.7901229858398438,0.8107540011405945,273375
2002-10-01,0.7977677583694458,0.8309469819068909,0.8010969758033752,0.8309469819068909,50119
2002-10-02,0.8112529516220093,0.8844990134239197,0.8234840035438538,0.844992995262146,833794
2002-10-03,0.821367084980011,0.8757200241088867,0.8340190052986145,0.8555279970169067,1045659
2002-10-04,0.8112529516220093,0.858161985874176,0.844992995262146,0.844992995262146,141244
2002-10-07,0.8365392684936523,0.871330976486206,0.844992995262146,0.871330976486206,68344
2002-10-08,0.835274875164032,0.8704530000686646,0.8515779972076416,0.8700140118598938,111628
2002-10-09,0.8142032623291016,0.8708919882774353,0.8476269841194153,0.848065972328186,97959
2002-10-10,0.8002954125404358,0.8375309705734253,0.8054869771003723,0.8335800170898438,346275
2002-10-11,0.8344317674636841,0.8691359758377075,0.836214005947113,0.8691359758377075,75178
2002-10-14,0.826424777507782,0.9182990193367004,0.8384090065956116,0.8607959747314453,77456
2002-10-15,0.8365392684936523,0.9182990193367004,0.8691359758377075,0.871330976486206,72900
2002-10-16,0.8428605198860168,0.8985459804534912,0.8471879959106445,0.8779150247573853,66066
2002-10-17,0.9684460759162903,1.0087239742279053,0.9187380075454712,1.0087239742279053,366778
2002-10-18,0.9903607368469238,1.0710560083389282,1.0245269536972046,1.0315500497817993,268819
2002-10-21,0.9878317713737488,1.0530589818954468,0.9942389726638794,1.0289160013198853,779119
2002-10-22,0.9553825855255127,1.0135530233383179,0.9766799807548523,0.9951170086860657,309825
2002-10-23,0.9697105884552002,1.0262830257415771,0.9766799807548523,1.0100409984588623,252872
2002-10-24,0.9313606023788452,1.0315500497817993,0.9380519986152649,0.9700959920883179,218700
2002-10-25,0.9271458983421326,0.9657059907913208,0.9380519986152649,0.9657059907913208,68344
2002-10-28,0.9275672435760498,0.9744859933853149,0.933663010597229,0.9661449790000916,277931
2002-10-29,0.9351537823677063,0.9744859933853149,0.9657059907913208,0.9740470051765442,11391
2002-10-30,0.9688677191734314,1.0245269536972046,0.9801920056343079,1.0091630220413208,405506
2002-10-31,0.9840397238731384,1.0249660015106201,0.9657059907913208,1.0249660015106201,230091
2002-11-01,0.984882652759552,1.0429630279541016,0.9907270073890686,1.0258439779281616,127575
2002-11-04,0.9570671319961548,1.0442800521850586,0.9766799807548523,0.9968720078468323,1334981
2002-11-05,0.9566459655761719,1.0139919519424438,0.9665840268135071,0.9964330196380615,1216519
2002-11-06,0.9275672435760498,1.0082850456237793,0.9661449790000916,0.9661449790000916,27861469
2002-11-07,0.9330463409423828,0.9766799807548523,0.9661449790000916,0.9718520045280457,4105181
2002-11-08,0.9292533993721008,0.9744859933853149,0.9665840268135071,0.9679009914398193,3818138
2002-11-11,0.9309391975402832,0.9744859933853149,0.9670230150222778,0.9696570038795471,676603
2002-11-12,0.9275672435760498,0.9749249815940857,0.9661449790000916,0.9661449790000916,1902234
2002-11-13,0.9427393674850464,0.9819480180740356,0.9665840268135071,0.9819480180740356,1742766
2002-11-14,0.9692890048027039,1.0104800462722778,0.9784359931945801,1.0096019506454468,6932334
2002-11-15,0.9756113290786743,1.0161869525909424,0.9986280202865601,1.0161869525909424,1275750
2002-11-18,1.0110111236572266,1.0578880310058594,1.0157480239868164,1.0530589818954468,3966216
2002-11-19,0.9954186677932739,1.0491080284118652,1.0359400510787964,1.036818027496338,1733653
2002-11-20,1.0089033842086792,1.0534980297088623,1.0227710008621216,1.0508639812469482,5337647
2002-11-21,1.0072177648544312,1.0508639812469482,1.0249660015106201,1.0491080284118652,4622316
2002-11-22,0.9983682036399841,1.0495469570159912,1.0315500497817993,1.0398900508880615,1341816
2002-11-25,0.9945759773254395,1.0403289794921875,0.9679009914398193,1.0359400510787964,7905094
2002-11-26,0.9903607368469238,1.0359400510787964,1.01882004737854,1.0315500497817993,3200766
2002-11-27,1.0219684839248657,1.0723730325698853,1.0258439779281616,1.064471960067749,2624400
2002-11-29,1.041353702545166,1.0973939895629883,1.0688610076904297,1.084663987159729,448791
2002-12-02,1.0839190483093262,1.1601649522781372,1.0890530347824097,1.1289989948272705,1182347
2002-12-03,1.10204017162323,1.1816740036010742,1.1364610195159912,1.1478739976882935,1000097
2002-12-04,1.1058317422866821,1.1584089994430542,1.1364610195159912,1.1518239974975586,749503
2002-12-05,1.1247978210449219,1.1764060258865356,1.1329489946365356,1.171578049659729,489797
2002-12-06,1.113839864730835,1.170261025428772,1.1364610195159912,1.1601649522781372,189084
2002-12-09,1.0957181453704834,1.1667490005493164,1.1325099468231201,1.1412889957427979,464738
2002-12-10,1.0948759317398071,1.1478739976882935,1.1342660188674927,1.1404119729995728,316659
2002-12-11,1.0805468559265137,1.1452399492263794,1.125486969947815,1.125486969947815,216422
2002-12-12,1.0940332412719727,1.145678997039795,1.1259260177612305,1.1395339965820312,776841
2002-12-13,1.0839190483093262,1.1382169723510742,1.0995880365371704,1.1289989948272705,858853
2002-12-16,1.085182785987854,1.1382169723510742,1.1153910160064697,1.1303160190582275,1606078
2002-12-17,1.0577892065048218,1.128559947013855,1.0693000555038452,1.101783037185669,1362319
2002-12-18,1.0089033842086792,1.0969549417495728,1.0508639812469482,1.0508639812469482,1603800
2002-12-19,1.0767542123794556,1.1377780437469482,1.046913981437683,1.1215360164642334,788231
2002-12-20,1.1424974203109741,1.2268860340118408,1.1215360164642334,1.1900140047073364,1562794
2002-12-23,1.150504231452942,1.2224969863891602,1.1781619787216187,1.1983540058135986,2781591
2002-12-24,1.1382826566696167,1.2005490064620972,1.1856240034103394,1.1856240034103394,421453
2002-12-26,1.1833760738372803,1.2334710359573364,1.1807960271835327,1.232593059539795,578644
2002-12-27,1.2048683166503906,1.2549790143966675,1.1961590051651,1.2549790143966675,332606
2002-12-30,1.204026460647583,1.257174015045166,1.1851849555969238,1.2541019916534424,1309922
2002-12-31,1.1968615055084229,1.2593690156936646,1.2378599643707275,1.2466390132904053,603703
2003-01-02,1.2191976308822632,1.2729769945144653,1.2268860340118408,1.2699040174484253,1396491
2003-01-03,1.222147822380066,1.281756043434143,1.2549790143966675,1.2729769945144653,826959
2003-01-06,1.2200404405593872,1.281756043434143,1.2606860399246216,1.2707819938659668,5410547
2003-01-07,1.2246755361557007,1.2830729484558105,1.262002944946289,1.2756099700927734,2339634
2003-01-08,1.2668191194534302,1.319506049156189,1.2734160423278809,1.319506049156189,1396491
2003-01-09,1.2613407373428345,1.3234570026397705,1.2949249744415283,1.3137999773025513,2407978
2003-01-10,1.276090383529663,1.3546229600906372,1.2958019971847534,1.3291629552841187,706219
2003-01-13,1.262183427810669,1.338819980621338,1.303704023361206,1.3146779537200928,428288
2003-01-14,1.290840744972229,1.3506720066070557,1.3028260469436646,1.344527006149292,1018322
2003-01-15,1.2946327924728394,1.3827159404754639,1.3278460502624512,1.3484770059585571,1401047
2003-01-16,1.3359330892562866,1.427489995956421,1.3607679605484009,1.3914949893951416,3246328
2003-01-17,1.35911226272583,1.457777976989746,1.3752540349960327,1.4156379699707031,2934225
2003-01-21,1.2811481952667236,1.4156379699707031,1.325652003288269,1.3344310522079468,4121128
2003-01-22,1.262183427810669,1.3410149812698364,1.3146779537200928,1.3146779537200928,3330619
2003-01-23,1.265554428100586,1.3331140279769897,1.3124829530715942,1.318189024925232,2483156
2003-01-24,1.266397476196289,1.3278460502624512,1.281756043434143,1.3190670013427734,3166594
2003-01-27,1.2638685703277588,1.3519890308380127,1.3015090227127075,1.3164329528808594,4205419
2003-01-28,1.266397476196289,1.3208229541778564,1.240054965019226,1.3190670013427734,1988803
2003-01-29,1.327083706855774,1.3963240385055542,1.305021047592163,1.382277011871338,5173622
2003-01-30,1.3329827785491943,1.4353909492492676,1.3805210590362549,1.3884220123291016,3057244
2003-01-31,1.3076980113983154,1.3932509422302246,1.3339920043945312,1.362084984779358,4640541
2003-02-03,1.2925266027450562,1.365157961845398,1.3370640277862549,1.346282958984375,706219
2003-02-04,1.3085403442382812,1.3713029623031616,1.325652003288269,1.3629629611968994,3396684
2003-02-05,1.3085403442382812,1.3800820112228394,1.3497940301895142,1.3629629611968994,1275750
2003-02-06,1.2895764112472534,1.3642799854278564,1.324334979057312,1.343209981918335,1280306
2003-02-07,1.2659757137298584,1.3497940301895142,1.3146779537200928,1.318627953529358,252872
2003-02-10,1.2853615283966064,1.3467220067977905,1.316872000694275,1.338819980621338,849741
2003-02-11,1.3022197484970093,1.3585729598999023,1.324334979057312,1.3563790321350098,1116281
2003-02-12,1.2689262628555298,1.3572570085525513,1.3217010498046875,1.3217010498046875,795066
2003-02-13,1.25544011592865,1.3344310522079468,1.2949249744415283,1.3076540231704712,1893122
2003-02-14,1.2368969917297363,1.3164329528808594,1.2554179430007935,1.2883399724960327,1508119
2003-02-18,1.1083611249923706,1.2975579500198364,1.1452399492263794,1.1544580459594727,4032281
2003-02-19,1.1483969688415527,1.2207410335540771,1.1412889957427979,1.1961590051651,2310019
2003-02-20,1.1446049213409424,1.212401032447815,1.1838680505752563,1.192209005355835,662934
2003-02-21,1.1631474494934082,1.2286419868469238,1.1917699575424194,1.2115230560302734,1362319
2003-02-24,1.146289587020874,1.212401032447815,1.189574956893921,1.1939640045166016,653822
2003-02-25,1.1387039422988892,1.2005490064620972,1.1632369756698608,1.1860630512237549,1082109
2003-02-26,1.1294327974319458,1.193524956703186,1.148313045501709,1.1764060258865356,1025156
2003-02-27,1.141654372215271,1.189136028289795,1.1720160245895386,1.189136028289795,1129950
2003-02-28,1.1690471172332764,1.2268860340118408,1.1882580518722534,1.217668056488037,1341816
2003-03-03,1.1542974710464478,1.231276035308838,1.1829899549484253,1.2023049592971802,1127672
2003-03-04,1.167360782623291,1.2295199632644653,1.2049380540847778,1.2159119844436646,1284863
2003-03-05,1.207397222518921,1.2641979455947876,1.1790399551391602,1.257612943649292,2280403
2003-03-06,1.1795830726623535,1.2681479454040527,1.21635103225708,1.2286419868469238,847463
2003-03-07,1.1433402299880981,1.2286419868469238,1.1803569793701172,1.190891981124878,715331
2003-03-10,1.111733078956604,1.2036210298538208,1.1579699516296387,1.1579699516296387,610538
2003-03-11,1.1290111541748047,1.1851849555969238,1.1562139987945557,1.1759669780731201,1141341
2003-03-12,1.1210039854049683,1.190453052520752,1.148313045501709,1.167626976966858,824681
2003-03-13,1.1795830726623535,1.2378599643707275,1.1790399551391602,1.2286419868469238,1255247
2003-03-14,1.2533338069915771,1.3146779537200928,1.2229360342025757,1.305459976196289,1109447
2003-03-17,1.2870479822158813,1.342771053314209,1.2641979455947876,1.3405760526657104,1893122
2003-03-18,1.3055901527404785,1.3862279653549194,1.3344310522079468,1.3598899841308594,1722263
2003-03-19,1.2550184726715088,1.365157961845398,1.300631046295166,1.3072149753570557,1786050
2003-03-20,1.2596547603607178,1.316872000694275,1.2769269943237305,1.3120440244674683,797344
2003-03-21,1.2309974431991577,1.3607679605484009,1.2738549709320068,1.282194972038269,1510397
2003-03-24,1.252069115638733,1.318627953529358,1.2541019916534424,1.304142951965332,2043478
2003-03-25,1.2600764036178589,1.3309190273284912,1.2742940187454224,1.3124829530715942,1918181
2003-03-26,1.2432196140289307,1.321262001991272,1.2690260410308838,1.2949249744415283,2820319
2003-03-27,1.262183427810669,1.3317970037460327,1.2839510440826416,1.3146779537200928,1382822
2003-03-28,1.2651329040527344,1.325652003288269,1.299314022064209,1.3177499771118164,2754253
2003-03-31,1.327505111694336,1.3932509422302246,1.3063369989395142,1.3827159404754639,4339828
2003-04-01,1.3822911977767944,1.4450479745864868,1.3638410568237305,1.4397809505462646,2647181
2003-04-02,1.4223263263702393,1.5108920335769653,1.4463649988174438,1.4814809560775757,3155203
2003-04-03,1.4071556329727173,1.5113309621810913,1.4599729776382446,1.4656790494918823,1688091
2003-04-04,1.3919843435287476,1.4990400075912476,1.4485599994659424,1.4498770236968994,1469391
2003-04-07,1.4518274068832397,1.5209879875183105,1.4582170248031616,1.5122090578079224,1628859
2003-04-08,1.3763906955718994,1.5209879875183105,1.433195948600769,1.4336349964141846,3266831
2003-04-09,1.4160053730010986,1.4832370281219482,1.4318790435791016,1.474897027015686,2587950
2003-04-10,1.4067336320877075,1.4801650047302246,1.4617279767990112,1.4652400016784668,1255247
2003-04-11,1.4004123210906982,1.4713850021362305,1.4498770236968994,1.4586559534072876,216422
2003-04-14,1.4092622995376587,1.4705079793930054,1.4402190446853638,1.4678740501403809,1068441
2003-04-15,1.411791205406189,1.4744579792022705,1.3629629611968994,1.4705079793930054,5827444
2003-04-16,1.4054690599441528,1.4731409549713135,1.4507540464401245,1.4639229774475098,893025
2003-04-17,1.4075764417648315,1.4705079793930054,1.4595340490341187,1.4661179780960083,1084388
2003-04-21,1.4071556329727173,1.4705079793930054,1.457777976989746,1.4656790494918823,1088944
2003-04-22,1.4105267524719238,1.4928940534591675,1.4485599994659424,1.4691909551620483,1022878
2003-04-23,1.4750056266784668,1.5381070375442505,1.476652979850769,1.536350965499878,1485338
2003-04-24,1.3304551839828491,1.4836759567260742,1.3159949779510498,1.3857890367507935,13342978
2003-04-25,1.2899976968765259,1.3765710592269897,1.3177499771118164,1.3436490297317505,5360428
2003-04-28,1.3199197053909302,1.4046640396118164,1.3366260528564453,1.3748149871826172,2603897
2003-04-29,1.3607983589172363,1.4178329706192017,1.3506720066070557,1.4173940420150757,2829431
2003-04-30,1.3974621295928955,1.4555829763412476,1.387105941772461,1.4555829763412476,845184
2003-05-01,1.381869912147522,1.4841150045394897,1.4037859439849854,1.4393420219421387,2218894
2003-05-02,1.3852405548095703,1.4595340490341187,1.4222220182418823,1.4428529739379883,936309
2003-05-05,1.383554458618164,1.452949047088623,1.4266120195388794,1.4410970211029053,2407978
2003-05-06,1.393669605255127,1.4617279767990112,1.4310009479522705,1.451632022857666,990984
2003-05-07,1.386505365371704,1.4880659580230713,1.4336349964141846,1.4441699981689453,1273472
2003-05-08,1.4012556076049805,1.4683129787445068,1.4353909492492676,1.4595340490341187,1193738
2003-05-09,1.453933835029602,1.5315229892730713,1.4595340490341187,1.514402985572815,1063884
2003-05-12,1.4379198551177979,1.5196709632873535,1.4661179780960083,1.4977229833602905,1325869
2003-05-13,1.5141985416412354,1.5986829996109009,1.492455005645752,1.5771739482879639,1104891
2003-05-14,1.4973410367965698,1.5978050231933594,1.5372289419174194,1.559615969657898,765450
2003-05-15,1.4817478656768799,1.5793689489364624,1.5016740560531616,1.543373942375183,1011488
2003-05-16,1.4889130592346191,1.5683950185775757,1.5341559648513794,1.5508370399475098,2036644
2003-05-19,1.4374980926513672,1.5442520380020142,1.4880659580230713,1.4972840547561646,1612913
2003-05-20,1.4408700466156006,1.5754179954528809,1.4902609586715698,1.5007959604263306,2323688
2003-05-21,1.4716346263885498,1.5468859672546387,1.5016740560531616,1.5328400135040283,1610634
2003-05-22,1.4492982625961304,1.562688946723938,1.4867490530014038,1.5095750093460083,3102806
2003-05-23,1.517148733139038,1.6153639554977417,1.5047459602355957,1.5802470445632935,1631138
2003-05-27,1.544541597366333,1.6140470504760742,1.5556650161743164,1.608778953552246,3717900
2003-05-28,1.6014347076416016,1.7005209922790527,1.5938550233840942,1.668038010597229,2938781
2003-05-29,1.6351491212844849,1.716323971748352,1.6307270526885986,1.7031550407409668,2854491
2003-05-30,1.6633845567703247,1.7558300495147705,1.6987650394439697,1.7325650453567505,3134700
2003-06-02,1.6372562646865845,1.7426609992980957,1.6855969429016113,1.7053500413894653,2079928
2003-06-03,1.5622411966323853,1.689985990524292,1.6131689548492432,1.627215027809143,1822500
2003-06-04,1.5420119762420654,1.6329220533370972,1.5978050231933594,1.6061450242996216,1799719
2003-06-05,1.4421335458755493,1.5758570432662964,1.4727020263671875,1.5021120309829712,6713634
2003-06-06,1.4299126863479614,1.5341559648513794,1.475335955619812,1.4893829822540283,5693034
2003-06-09,1.4075764417648315,1.501235008239746,1.4538270235061646,1.4661179780960083,2749697
2003-06-10,1.441291093826294,1.5095750093460083,1.4599729776382446,1.501235008239746,1704038
2003-06-11,1.4581483602523804,1.5341559648513794,1.492455005645752,1.518792986869812,1626581
2003-06-12,1.5934271812438965,1.6636489629745483,1.5148420333862305,1.6596980094909668,3225825
2003-06-13,1.546648621559143,1.6526750326156616,1.5916600227355957,1.6109739542007446,3594881
2003-06-16,1.5504419803619385,1.630288004875183,1.5648829936981201,1.6149250268936157,1797441
2003-06-17,1.575305700302124,1.6625510454177856,1.586830973625183,1.6408230066299438,1044900
2003-06-18,1.501344919204712,1.6592589616775513,1.5242799520492554,1.5637860298156738,2773238
2003-06-19,1.43370521068573,1.5973659753799438,1.472262978553772,1.4933329820632935,2726156
2003-06-20,1.4318089485168457,1.5354729890823364,1.3998349905014038,1.4913580417633057,2275088
2003-06-23,1.3932476043701172,1.5288889408111572,1.4307819604873657,1.4511929750442505,1827056
2003-06-24,1.4027299880981445,1.4946500062942505,1.4479010105133057,1.461069941520691,1822500
2003-06-25,1.4141089916229248,1.4939919710159302,1.4465839862823486,1.4729219675064087,1811869
2003-06-26,1.3704913854599,1.5196709632873535,1.4156379699707031,1.427489995956421,2515050
2003-06-27,1.357216477394104,1.4426339864730835,1.3873250484466553,1.4136630296707153,1927294
2003-06-30,1.3508942127227783,1.4887239933013916,1.3590120077133179,1.4070780277252197,15899794
2003-07-01,1.35342276096344,1.440000057220459,1.343209981918335,1.4097119569778442,2840063
2003-07-02,1.3837658166885376,1.4419749975204468,1.3919340372085571,1.4413169622421265,1922738
2003-07-03,1.3464690446853638,1.4452669620513916,1.4024690389633179,1.4024690389633179,426769
2003-07-07,1.4229590892791748,1.4946500062942505,1.4004939794540405,1.4821399450302124,3022313
2003-07-08,1.5734096765518188,1.7073249816894531,1.5585190057754517,1.6388479471206665,3888000
2003-07-09,1.5790987014770508,1.6823049783706665,1.6151440143585205,1.6447739601135254,2190038
2003-07-10,1.699206829071045,1.8238680362701416,1.6658439636230469,1.7698769569396973,6021844
2003-07-11,1.7466167211532593,1.8897119760513306,1.7810699939727783,1.8192590475082397,4004944
2003-07-14,1.8079355955123901,1.9186830520629883,1.8192590475082397,1.883128046989441,3069394
2003-07-15,1.8262672424316406,1.9259259700775146,1.867324948310852,1.9022220373153687,1533938
2003-07-16,1.8528178930282593,1.958847999572754,1.8936630487442017,1.9298770427703857,3001050
2003-07-17,1.833852767944336,1.9410699605941772,1.8851029872894287,1.9101229906082153,2098913
2003-07-18,1.8768388032913208,1.961480975151062,1.8864200115203857,1.9548970460891724,1058569
2003-07-21,1.8585067987442017,1.9713579416275024,1.9226340055465698,1.9358019828796387,1514194
2003-07-22,1.900861144065857,1.9799180030822754,1.9338270425796509,1.9799180030822754,1087425
2003-07-23,1.9539607763290405,2.0799999237060547,1.9502880573272705,2.0352261066436768,2788425
2003-07-24,1.9470075368881226,2.0826339721679688,1.9818929433822632,2.0279839038848877,1341056
2003-07-25,1.9703972339630127,2.080657958984375,2.0049378871917725,2.0523459911346436,1105650
2003-07-28,2.0001070499420166,2.1260910034179688,2.0444440841674805,2.083292007446289,1965263
2003-07-29,2.0671145915985107,2.167572021484375,2.085926055908203,2.153085947036743,1725300
2003-07-30,2.0228641033172607,2.172840118408203,2.0799999237060547,2.1069960594177246,3029906
2003-07-31,2.0228641033172607,2.1162140369415283,2.085926055908203,2.1069960594177246,1637213
2003-08-01,2.0057966709136963,2.1162140369415283,2.0740740299224854,2.0892179012298584,1828575
2003-08-04,1.9805117845535278,2.106337070465088,2.05036997795105,2.0628809928894043,498150
2003-08-05,1.9444786310195923,2.0622220039367676,2.00032901763916,2.0253500938415527,970481
2003-08-06,1.9185606241226196,2.045103073120117,1.9496300220489502,1.9983539581298828,1098056
2003-08-07,1.9906253814697266,2.096461057662964,1.965432047843933,2.073415994644165,1137544
2003-08-08,1.9767181873321533,2.0931689739227295,2.057612895965576,2.058929920196533,121500
2003-08-11,1.949535608291626,2.084609031677246,2.0128400325775146,2.0306169986724854,551306
2003-08-12,2.022233009338379,2.1168720722198486,2.006913900375366,2.106337070465088,516375
2003-08-13,2.0001070499420166,2.1596710681915283,2.0793418884277344,2.083292007446289,741150
2003-08-14,2.0456223487854004,2.1596710681915283,2.096461057662964,2.13070011138916,622688
2003-08-15,2.0468854904174805,2.1596710681915283,2.098436117172241,2.1320159435272217,144281
2003-08-18,2.0797576904296875,2.172840118408203,2.0892179012298584,2.166254997253418,774563
2003-08-19,2.152454137802124,2.246583938598633,2.1623051166534424,2.2419750690460205,1442813
2003-08-20,2.1594078540802,2.2788479328155518,2.2215640544891357,2.249217987060547,549788
2003-08-21,2.1865901947021484,2.2775309085845947,2.2255139350891113,2.2775309085845947,566494
2003-08-22,2.145501136779785,2.3137450218200684,2.22419810295105,2.2347331047058105,665213
2003-08-25,2.1600403785705566,2.295309066772461,2.232757091522217,2.2498769760131836,927956
2003-08-26,2.172050952911377,2.2775309085845947,2.238682985305786,2.2623870372772217,533081
2003-08-27,2.1796371936798096,2.3018929958343506,2.249217987060547,2.2702879905700684,461700
2003-08-28,2.243483543395996,2.349958896636963,2.2590949535369873,2.336790084838867,405506
2003-08-29,2.2580223083496094,2.381563901901245,2.3427159786224365,2.3519339561462402,809494
2003-09-02,2.2308402061462402,2.344691038131714,2.20444393157959,2.3236210346221924,1688850
2003-09-03,2.218830108642578,2.3479840755462646,2.2893829345703125,2.3111109733581543,587756
2003-09-04,2.188486099243164,2.324280023574829,2.279505968093872,2.279505968093872,1331944
2003-09-05,2.172050952911377,2.3111109733581543,2.2419750690460205,2.2623870372772217,1395731
2003-09-08,2.214405059814453,2.324280023574829,2.2584359645843506,2.306502103805542,1467113
2003-09-09,2.2112436294555664,2.3302059173583984,2.280164957046509,2.3032100200653076,1444331
2003-09-10,2.1796371936798096,2.295309066772461,2.2663369178771973,2.2702879905700684,842906
2003-09-11,2.1575119495391846,2.297283887863159,2.245266914367676,2.2472429275512695,630281
2003-09-12,2.14739727973938,2.2426340579986572,2.1925930976867676,2.236707925796509,722925
2003-09-15,2.125272750854492,2.238682985305786,2.190617084503174,2.213663101196289,678881
2003-09-16,2.105044364929199,2.224855899810791,2.166254997253418,2.1925930976867676,1110206
2003-09-17,2.105674982070923,2.251852035522461,2.1478190422058105,2.193250894546509,1131469
2003-09-18,2.1284337043762207,2.2189300060272217,2.1682300567626953,2.2169549465179443,1892363
2003-09-19,2.0228641033172607,2.191934108734131,2.041152000427246,2.1069960594177246,2958525
2003-09-22,2.0001070499420166,2.1629629135131836,2.058271884918213,2.083292007446289,1696444
2003-09-23,1.9963148832321167,2.0879011154174805,2.054979085922241,2.0793418884277344,1240819
2003-09-24,1.9722930192947388,2.0931689739227295,2.0444440841674805,2.054321050643921,1318275
2003-09-25,1.9166648387908936,2.0609049797058105,1.9871599674224854,1.996379017829895,2238638
2003-09-26,1.8939069509506226,2.024691104888916,1.9660910367965698,1.9726749658584595,1866544
2003-09-29,1.8629324436187744,1.9759670495986938,1.9213169813156128,1.9404120445251465,1465594
2003-09-30,1.856610655784607,1.965432047843933,1.9127570390701294,1.9338270425796509,2032088
2003-10-01,1.8907461166381836,1.9812350273132324,1.9384360313415527,1.9693830013275146,1406363
2003-10-02,1.8629324436187744,1.9818929433822632,1.9404120445251465,1.9404120445251465,1416994
2003-10-03,1.8787351846694946,1.9805760383605957,1.9199999570846558,1.9568719863891602,2501381
2003-10-06,1.8452318906784058,1.9772839546203613,1.918025016784668,1.921975016593933,1529381
2003-10-07,1.8705178499221802,1.951604962348938,1.8969550132751465,1.9483129978179932,3660188
2003-10-08,2.038036346435547,2.145843982696533,1.9226340055465698,2.122797966003418,3323025
2003-10-09,2.0867114067077637,2.1761319637298584,2.068147897720337,2.1734979152679443,2802094
2003-10-10,2.0506792068481445,2.178765058517456,2.1346499919891357,2.1359670162200928,1116281
2003-10-13,2.1556143760681152,2.245266914367676,2.1333329677581787,2.245266914367676,900619
2003-10-14,2.173947334289551,2.294650077819824,2.2130041122436523,2.264362096786499,569531
2003-10-15,2.143604278564453,2.2867488861083984,2.232757091522217,2.232757091522217,847463
2003-10-16,2.105044364929199,2.2334160804748535,2.184032917022705,2.1925930976867676,912769
2003-10-17,2.0810225009918213,2.205760955810547,2.1201651096343994,2.167572021484375,1286381
2003-10-20,2.048149824142456,2.182058095932007,2.102386951446533,2.1333329677581787,909731
2003-10-21,1.9887288808822632,2.143209934234619,2.0648560523986816,2.0714399814605713,507263
2003-10-22,1.9090782403945923,2.1069960594177246,1.9832099676132202,1.9884769916534424,1096538
2003-10-23,1.9539607763290405,2.112921953201294,1.9680659770965576,2.0352261066436768,824681
2003-10-24,1.9387892484664917,2.0213990211486816,1.964115023612976,2.0194239616394043,838350
2003-10-27,1.9887288808822632,2.0780251026153564,2.002305030822754,2.0714399814605713,832275
2003-10-28,2.060793399810791,2.1590120792388916,2.0562961101531982,2.1465020179748535,1081350
2003-10-29,2.1214797496795654,2.2103700637817383,2.13728404045105,2.209712028503418,1512675
2003-10-30,2.0551044940948486,2.213663101196289,2.1333329677581787,2.140575885772705,648506
2003-10-31,2.027289390563965,2.1557199954986572,2.084609031677246,2.111604928970337,1512675
2003-11-03,2.069643974304199,2.184032917022705,2.1017279624938965,2.1557199954986572,558900
2003-11-04,2.051311492919922,2.172840118408203,2.1069960594177246,2.1366260051727295,762413
2003-11-05,2.0133819580078125,2.13728404045105,2.095802068710327,2.097119092941284,763931
2003-11-06,2.0247607231140137,2.1181890964508057,2.0727570056915283,2.108971118927002,285525
2003-11-07,2.0133819580078125,2.13070011138916,2.0826339721679688,2.097119092941284,328050
2003-11-10,1.9906253814697266,2.0826339721679688,2.04312801361084,2.073415994644165,437400
2003-11-11,1.9792476892471313,2.0628809928894043,2.047736883163452,2.0615639686584473,359944
2003-11-12,1.9925215244293213,2.083950996398926,2.039834976196289,2.0753910541534424,716850
2003-11-13,1.9792476892471313,2.0865840911865234,2.0510289669036865,2.0615639686584473,580163
2003-11-14,1.9817757606506348,2.0905349254608154,2.047736883163452,2.0641980171203613,618131
2003-11-17,1.9912567138671875,2.0892179012298584,2.047736883163452,2.0740740299224854,590794
2003-11-18,1.9596501588821411,2.0753910541534424,2.041152000427246,2.041152000427246,331088
2003-11-19,1.9640748500823975,2.0793418884277344,2.041152000427246,2.0457611083984375,403988
2003-11-20,1.9602829217910767,2.053004026412964,2.0292999744415283,2.041810989379883,517894
2003-11-21,1.9602829217910767,2.05036997795105,1.9753090143203735,2.041810989379883,287044
2003-11-24,2.0228641033172607,2.147160053253174,2.014815092086792,2.1069960594177246,704700
2003-11-25,2.002635955810547,2.1162140369415283,2.054979085922241,2.085926055908203,786713
2003-11-26,2.0658512115478516,2.1557199954986572,2.0641980171203613,2.1517701148986816,293119
2003-11-28,2.015279531478882,2.147160053253174,2.0865840911865234,2.099095106124878,180731
2003-12-01,2.0652174949645996,2.1623051166534424,2.1069960594177246,2.151110887527466,400950
2003-12-02,2.08481502532959,2.189300060272217,2.153085947036743,2.171523094177246,739631
2003-12-03,2.108203649520874,2.2169549465179443,2.1603291034698486,2.195884943008423,704700
2003-12-04,2.0892398357391357,2.2202470302581787,2.1425509452819824,2.1761319637298584,636356
2003-12-05,2.1372830867767334,2.226172924041748,2.20444393157959,2.226172924041748,314381
2003-12-08,2.185957670211792,2.290040969848633,2.211029052734375,2.276871919631958,452588
2003-12-09,2.165097236633301,2.310452938079834,2.2406580448150635,2.255143880844116,473850
2003-12-10,2.127169370651245,2.2485599517822266,2.1998350620269775,2.2156379222869873,812531
2003-12-11,2.08481502532959,2.2156379222869873,2.1603291034698486,2.171523094177246,1245375
2003-12-12,2.0374040603637695,2.1761319637298584,2.0911929607391357,2.1221399307250977,2390513
2003-12-15,2.0228641033172607,2.171523094177246,2.1056790351867676,2.1069960594177246,2054869
2003-12-16,2.038036346435547,2.145843982696533,2.0931689739227295,2.122797966003418,1773900
2003-12-17,2.0728039741516113,2.1623051166534424,2.099752902984619,2.1590120792388916,665213
2003-12-18,2.1176860332489014,2.2130041122436523,2.153085947036743,2.205760955810547,1158806
2003-12-19,2.0987210273742676,2.2143208980560303,2.1616458892822266,2.1860079765319824,571050
2003-12-22,2.167625665664673,2.2590949535369873,2.168889045715332,2.2577779293060303,1028194
2003-12-23,2.2074508666992188,2.2992589473724365,2.236048936843872,2.2992589473724365,566494
2003-12-24,2.1777398586273193,2.296626091003418,2.251852035522461,2.268312931060791,274894
2003-12-26,2.176475763320923,2.288723945617676,2.2604119777679443,2.266995906829834,77456
2003-12-29,2.261183261871338,2.362468957901001,2.2827980518341064,2.3552260398864746,962888
2003-12-30,2.243483543395996,2.3631279468536377,2.317694902420044,2.336790084838867,407025
2003-12-31,2.1543519496917725,2.33547306060791,2.2439510822296143,2.2439510822296143,598388
2004-01-02,2.167625665664673,2.2814810276031494,2.238682985305786,2.2577779293060303,188325
2004-01-05,2.1910150051116943,2.293333053588867,2.236707925796509,2.282140016555786,522450
2004-01-06,2.181532621383667,2.3045270442962646,2.2663369178771973,2.2722630500793457,273375
2004-01-07,2.229576826095581,2.3308639526367188,2.268312931060791,2.3223049640655518,391838
2004-01-08,2.2441160678863525,2.348642110824585,2.2847740650177,2.337449073791504,300713
2004-01-09,2.2276787757873535,2.3236210346221924,2.295309066772461,2.320328950881958,709256
2004-01-12,2.2498042583465576,2.3532509803771973,2.3045270442962646,2.343374013900757,598388
2004-01-13,2.2554938793182373,2.350616931915283,2.3111109733581543,2.349299907684326,379688
2004-01-14,2.211876153945923,2.359834909439087,2.2689709663391113,2.303868055343628,912769
2004-01-15,2.234001636505127,2.3618109226226807,2.2906999588012695,2.326914072036743,405506
2004-01-16,2.1398117542266846,2.336132049560547,2.228806972503662,2.228806972503662,1268156
2004-01-20,2.2447476387023926,2.3578600883483887,2.2525100708007812,2.338107109069824,1287900
2004-01-21,2.1941757202148438,2.3387649059295654,2.2320990562438965,2.2854321002960205,1131469
2004-01-22,2.1379146575927734,2.29135799407959,2.2090530395507812,2.2268309593200684,1403325
2004-01-23,2.1783721446990967,2.2742390632629395,2.2024691104888916,2.2689709663391113,1491413
2004-01-26,2.168257236480713,2.270946979522705,2.1925930976867676,2.2584359645843506,1474706
2004-01-27,2.0626893043518066,2.2716050148010254,2.1478190422058105,2.148477077484131,1927294
2004-01-28,1.9912567138671875,2.172840118408203,2.046420097351074,2.0740740299224854,4070250
2004-01-29,1.969132900238037,2.126749038696289,2.042469024658203,2.0510289669036865,2474044
2004-01-30,1.9590184688568115,2.080657958984375,2.0319340229034424,2.040493965148926,4471200
2004-02-02,1.949535608291626,2.0510289669036865,2.0049378871917725,2.0306169986724854,2671481
2004-02-03,1.9596501588821411,2.0490529537200928,2.0181069374084473,2.041152000427246,3196969
2004-02-04,1.9286751747131348,2.05036997795105,1.9786009788513184,2.0088889598846436,1638731
2004-02-05,1.9786145687103271,2.1201651096343994,2.040493965148926,2.0609049797058105,7221656
2004-02-06,1.9786145687103271,2.0892179012298584,2.047736883163452,2.0609049797058105,2310019
2004-02-09,2.035508394241333,2.1333329677581787,2.0688068866729736,2.1201651096343994,1612913
2004-02-10,2.0639541149139404,2.149794101715088,2.1069960594177246,2.149794101715088,897581
2004-02-11,2.0924015045166016,2.180082082748413,2.115556001663208,2.1794240474700928,683438
2004-02-12,2.054471969604492,2.1846909523010254,2.139918088912964,2.139918088912964,1180069
2004-02-13,2.077228546142578,2.1833739280700684,2.126749038696289,2.163620948791504,979594
2004-02-17,2.1044111251831055,2.2228810787200928,2.1544029712677,2.191934108734131,806456
2004-02-18,2.1025149822235107,2.2004940509796143,2.1708641052246094,2.1899590492248535,736594
2004-02-19,2.1044111251831055,2.205760955810547,2.1748149394989014,2.191934108734131,964406
2004-02-20,2.120846748352051,2.2090530395507812,2.171523094177246,2.2090530395507812,988706
2004-02-23,2.0987210273742676,2.212346076965332,2.170206069946289,2.1860079765319824,1325869
2004-02-24,2.1132607460021973,2.212346076965332,2.172840118408203,2.2011520862579346,1544569
2004-02-25,2.0803894996643066,2.208395004272461,2.144526958465576,2.1669139862060547,970481
2004-02-26,2.0658512115478516,2.1754729747772217,2.125432014465332,2.1517701148986816,596869
2004-02-27,2.11199688911438,2.2051029205322266,2.13794207572937,2.1998350620269775,604463
2004-03-01,2.116421699523926,2.2268309593200684,2.190617084503174,2.20444393157959,472331
2004-03-02,2.122744083404541,2.2169549465179443,2.1912760734558105,2.211029052734375,1088944
2004-03-03,2.0690114498138428,2.191934108734131,2.139918088912964,2.155061960220337,355388
2004-03-04,2.0437252521514893,2.1570370197296143,2.102386951446533,2.1287240982055664,599906
2004-03-05,2.075965642929077,2.219588041305542,2.122797966003418,2.1623051166534424,687994
2004-03-08,2.0671145915985107,2.1767899990081787,2.125432014465332,2.153085947036743,455625
2004-03-09,2.035508394241333,2.1655969619750977,2.1201651096343994,2.1201651096343994,370575
2004-03-10,2.064586639404297,2.193250894546509,2.1069960594177246,2.1504530906677246,763931
2004-03-11,2.076597213745117,2.1978600025177,2.1083130836486816,2.1629629135131836,1840725
2004-03-12,2.0987210273742676,2.193250894546509,2.1576950550079346,2.1860079765319824,1424588
2004-03-15,2.0595290660858154,2.193250894546509,2.1201651096343994,2.1451849937438965,589275
2004-03-16,1.9798789024353027,2.1451849937438965,2.0622220039367676,2.0622220039367676,2554538
2004-03-17,2.0987210273742676,2.2202470302581787,2.0615639686584473,2.1860079765319824,1638731
2004-03-18,2.0797576904296875,2.1925930976867676,2.1590120792388916,2.166254997253418,662175
2004-03-19,2.060793399810791,2.1925930976867676,2.1353089809417725,2.1465020179748535,645469
2004-03-22,1.9944177865982056,2.147160053253174,2.072098970413208,2.0773661136627197,674325
2004-03-23,1.9912567138671875,2.089876890182495,2.069464921951294,2.0740740299224854,510300
2004-03-24,2.0216007232666016,2.106337070465088,2.0615639686584473,2.1056790351867676,917325
2004-03-25,2.1126291751861572,2.2024691104888916,2.0879011154174805,2.2004940509796143,704700
2004-03-26,2.0740675926208496,2.2004940509796143,2.1603291034698486,2.1603291034698486,446513
2004-03-29,2.192279815673828,2.2854321002960205,2.1353089809417725,2.283457040786743,1096538
2004-03-30,2.15055775642395,2.2880659103393555,2.212346076965332,2.240000009536743,990225
2004-03-31,2.1366500854492188,2.245266914367676,2.2162959575653076,2.2255139350891113,683438
2004-04-01,2.2358977794647217,2.367737054824829,2.2992589473724365,2.3288888931274414,2622881
2004-04-02,2.3117551803588867,2.4283130168914795,2.3236210346221924,2.4079010486602783,976556
2004-04-05,2.2757222652435303,2.4151439666748047,2.3558850288391113,2.3703699111938477,513338
2004-04-06,2.20997953414917,2.3631279468536377,2.3012349605560303,2.3018929958343506,691031
2004-04-07,2.192279815673828,2.3315229415893555,2.279505968093872,2.283457040786743,630281
2004-04-08,2.1941757202148438,2.336790084838867,2.268312931060791,2.2854321002960205,735075
2004-04-12,2.1783721446990967,2.3413989543914795,2.2426340579986572,2.2689709663391113,540675
2004-04-13,2.176475763320923,2.321645975112915,2.2590949535369873,2.266995906829834,763931
2004-04-14,2.209348440170288,2.3308639526367188,2.261728048324585,2.3012349605560303,534600
2004-04-15,2.180900812149048,2.361151933670044,2.222222089767456,2.2716050148010254,940106
2004-04-16,2.2485413551330566,2.3440330028533936,2.2748970985412598,2.342057943344116,1063125
2004-04-19,2.211876153945923,2.3282299041748047,2.2228810787200928,2.303868055343628,908213
2004-04-20,2.2820441722869873,2.376955032348633,2.3170371055603027,2.376955032348633,952256
2004-04-21,2.3294551372528076,2.4263370037078857,2.3427159786224365,2.4263370037078857,868725
2004-04-22,2.388876438140869,2.5507819652557373,2.4144859313964844,2.488229990005493,4109738
2004-04-23,2.3977274894714355,2.5771191120147705,2.479671001434326,2.4974489212036133,3233419
2004-04-26,2.3895092010498047,2.5277369022369385,2.479671001434326,2.48888897895813,736594
2004-04-27,2.4242773056030273,2.5349791049957275,2.4961318969726562,2.5251030921936035,1622025
2004-04-28,2.3566372394561768,2.540904998779297,2.4546499252319336,2.4546499252319336,2802094
2004-04-29,2.314283609390259,2.492840051651001,2.3953909873962402,2.4105350971221924,1922738
2004-04-30,2.354740858078003,2.487571954727173,2.420412063598633,2.4526751041412354,1143619
2004-05-03,2.386348247528076,2.4981069564819336,2.448065996170044,2.4855968952178955,3169631
2004-05-04,2.4046802520751953,2.53958797454834,2.474402904510498,2.5046908855438232,985669
2004-05-05,2.339568853378296,2.5185189247131348,2.432921886444092,2.4368720054626465,1723781
2004-05-06,2.317444324493408,2.4684770107269287,2.347325086593628,2.4138269424438477,1659994
2004-05-07,2.250437021255493,2.425020933151245,2.3440330028533936,2.3440330028533936,592313
2004-05-10,2.2308402061462402,2.3427159786224365,2.3045270442962646,2.3236210346221924,1655438
2004-05-11,2.3048007488250732,2.4276540279388428,2.320328950881958,2.400657892227173,1697963
2004-05-12,2.296584367752075,2.409877061843872,2.376955032348633,2.392098903656006,1095019
2004-05-13,2.362959623336792,2.4724280834198,2.400657892227173,2.4612350463867188,940106
2004-05-14,2.366119384765625,2.48888897895813,2.434896945953369,2.464526891708374,2721600
2004-05-17,2.354740858078003,2.476378917694092,2.420412063598633,2.4526751041412354,896063
2004-05-18,2.3484201431274414,2.4612350463867188,2.430288076400757,2.4460909366607666,697106
2004-05-19,2.3338804244995117,2.449383020401001,2.4283130168914795,2.4309470653533936,835313
2004-05-20,2.345259189605713,2.442797899246216,2.425020933151245,2.442797899246216,812531
2004-05-21,2.320289373397827,2.444443941116333,2.3644440174102783,2.416790008544922,854550
2004-05-24,2.443556785583496,2.559011936187744,2.4395060539245605,2.545185089111328,2122200
2004-05-25,2.7337119579315186,2.8592588901519775,2.553086042404175,2.847407102584839,4403363
2004-05-26,2.74224591255188,2.8602468967437744,2.772346019744873,2.8562960624694824,1776938
2004-05-27,2.7498321533203125,2.9283950328826904,2.8138270378112793,2.8641979694366455,3513375
2004-05-28,2.6332004070281982,2.8641979694366455,2.6923460960388184,2.742716073989868,3477938
2004-06-01,2.5876870155334473,2.7308640480041504,2.657778024673462,2.6953089237213135,1800225
2004-06-02,2.5753602981567383,2.7209880352020264,2.6656789779663086,2.682468891143799,1470150
2004-06-03,2.5563952922821045,2.724937915802002,2.6597530841827393,2.6627159118652344,989213
2004-06-04,2.5706193447113037,2.7229630947113037,2.6518518924713135,2.6775310039520264,1319288
2004-06-07,2.650268793106079,2.79703688621521,2.6874070167541504,2.7604939937591553,1268663
2004-06-08,2.6881983280181885,2.8414809703826904,2.740741014480591,2.799999952316284,2047275
2004-06-09,2.6294078826904297,2.812839984893799,2.727900981903076,2.738765001296997,1346625
2004-06-10,2.577255964279175,2.750617027282715,2.668642044067383,2.684443950653076,969975
2004-06-14,2.460624933242798,2.6666669845581055,2.5481479167938232,2.5629630088806152,2054363
2004-06-15,2.536482095718384,2.7269139289855957,2.5777781009674072,2.641974925994873,2473538
2004-06-16,2.548809766769409,2.696295976638794,2.5876541137695312,2.6548149585723877,1699988
2004-06-17,2.5573441982269287,2.6804940700531006,2.6370370388031006,2.6637039184570312,1784025
2004-06-18,2.6057024002075195,2.794074058532715,2.629136085510254,2.714073896408081,1722263
2004-06-21,2.6142358779907227,2.7920989990234375,2.7022221088409424,2.7229630947113037,841388
2004-06-22,2.644580125808716,2.8049380779266357,2.7061729431152344,2.754568099975586,1569375
2004-06-23,2.744143009185791,2.8898770809173584,2.767406940460205,2.858272075653076,3463763
2004-06-24,2.7071621417999268,2.88395094871521,2.798024892807007,2.8197529315948486,2269013
2004-06-25,2.7450904846191406,2.893826961517334,2.822715997695923,2.8592588901519775,1963238
2004-06-28,2.824740171432495,2.9787650108337402,2.8612349033355713,2.9422221183776855,1635188
2004-06-29,2.7593135833740234,2.9708640575408936,2.8740739822387695,2.8740739822387695,1241325
2004-06-30,2.795346260070801,2.9451849460601807,2.869136095046997,2.911604881286621,584213
2004-07-01,2.743194818496704,2.951111078262329,2.8345680236816406,2.8572840690612793,776588
2004-07-02,2.788708448410034,2.933332920074463,2.829629898071289,2.904690980911255,559913
2004-07-06,2.6929380893707275,2.962963104248047,2.8049380779266357,2.8049380779266357,1131975
2004-07-07,2.7062132358551025,2.8898770809173584,2.799999952316284,2.8187649250030518,699638
2004-07-08,2.71569561958313,2.8493831157684326,2.798024892807007,2.828641891479492,1269675
2004-07-09,2.6720781326293945,2.865185022354126,2.7160489559173584,2.783210039138794,1937925
2004-07-12,2.7052650451660156,2.850369930267334,2.7664198875427246,2.8177781105041504,643950
2004-07-13,2.8105177879333496,2.9718520641326904,2.8177781105041504,2.9274070262908936,2177888
2004-07-14,2.7849159240722656,2.9422221183776855,2.850369930267334,2.9007411003112793,1614938
2004-07-15,2.6929380893707275,2.9748148918151855,2.79703688621521,2.8049380779266357,3106350
2004-07-16,2.687248706817627,2.843456983566284,2.7901229858398438,2.7990119457244873,1326375
2004-07-19,2.666388750076294,2.8325929641723633,2.769382953643799,2.7772839069366455,1147163
2004-07-20,2.788708448410034,2.908642053604126,2.8039510250091553,2.904690980911255,1766813
2004-07-21,2.717592716217041,2.9037039279937744,2.8049380779266357,2.8306169509887695,18677588
2004-07-22,2.716644287109375,2.839505910873413,2.7851850986480713,2.829629898071289,3066863
2004-07-23,2.683457136154175,2.847407102584839,2.7901229858398438,2.7950620651245117,1804275
2004-07-26,2.675870180130005,2.8237040042877197,2.769382953643799,2.7871599197387695,1305113
2004-07-27,2.7223339080810547,2.8632099628448486,2.771358013153076,2.8355560302734375,1411425
2004-07-28,2.679663896560669,2.8641979694366455,2.7654318809509277,2.7911109924316406,1313213
2004-07-29,2.77827787399292,2.9343209266662598,2.796049118041992,2.893826961517334,2187000
2004-07-30,2.7517282962799072,2.912592887878418,2.8641979694366455,2.866173028945923,571050
2004-08-02,2.765003204345703,2.9017279148101807,2.8167901039123535,2.880000114440918,661163
2004-08-03,2.782071352005005,2.9165430068969727,2.8306169509887695,2.897778034210205,1409400
2004-08-04,2.735609292984009,2.9135799407958984,2.814815044403076,2.8493831157684326,817088
2004-08-05,2.6815600395202637,2.8997530937194824,2.793086051940918,2.793086051940918,959850
2004-08-06,2.5175187587738037,2.67061710357666,2.4009881019592285,2.6222219467163086,5400675
2004-08-09,2.5146734714508057,2.667654037475586,2.5679008960723877,2.6192591190338135,1714163
2004-08-10,2.638890266418457,2.7654318809509277,2.6241979598999023,2.7486419677734375,736088
2004-08-11,2.7469871044158936,2.8641979694366455,2.6666669845581055,2.8612349033355713,1819463
2004-08-12,2.668285369873047,2.829629898071289,2.7614810466766357,2.779258966445923,3075975
2004-08-13,2.602858066558838,2.799999952316284,2.6765429973602295,2.711111068725586,4161375
2004-08-16,2.5725152492523193,2.7160489559173584,2.6508638858795166,2.6795060634613037,945675
2004-08-17,2.582944869995117,2.715061902999878,2.656790018081665,2.6903700828552246,1331438
2004-08-18,2.640787124633789,2.7525930404663086,2.646914005279541,2.750617027282715,836325
2004-08-19,2.5886340141296387,2.756542921066284,2.6903700828552246,2.696295976638794,744188
2004-08-20,2.655010223388672,2.786173105239868,2.6627159118652344,2.7654318809509277,748238
2004-08-23,2.5032944679260254,2.7456789016723633,2.5797529220581055,2.6074070930480957,2535300
2004-08-24,2.5080366134643555,2.6617279052734375,2.557037115097046,2.6123459339141846,3067875
2004-08-25,2.545964479446411,2.6656789779663086,2.588641881942749,2.6518518924713135,955800
2004-08-26,2.581049680709839,2.707159996032715,2.646914005279541,2.6883950233459473,1278788
2004-08-27,2.67397403717041,2.8138270378112793,2.667654037475586,2.7851850986480713,1402313
2004-08-30,2.6085474491119385,2.779258966445923,2.682468891143799,2.7170369625091553,1028700
2004-08-31,2.665440082550049,2.8019750118255615,2.681480884552002,2.7762959003448486,823163
2004-09-01,2.640787124633789,2.8493831157684326,2.750617027282715,2.750617027282715,1229175
2004-09-02,2.7213850021362305,2.853332996368408,2.757530927658081,2.8345680236816406,347288
2004-09-03,2.7232825756073,2.8493831157684326,2.7664198875427246,2.836543083190918,234900
2004-09-07,2.7716410160064697,2.9570369720458984,2.854321002960205,2.886914014816284,1414463
2004-09-08,2.7536251544952393,2.940247058868408,2.8602468967437744,2.8681480884552,436388
2004-09-09,2.7621586322784424,2.9283950328826904,2.8325929641723633,2.8770370483398438,1078313
2004-09-10,2.7659521102905273,2.8888890743255615,2.8306169509887695,2.8809878826141357,385763
2004-09-13,2.7830190658569336,2.922468900680542,2.8197529315948486,2.8987650871276855,401963
2004-09-14,2.7479348182678223,2.915555953979492,2.814815044403076,2.8622219562530518,903150
2004-09-15,2.736555814743042,2.8641979694366455,2.8098769187927246,2.850369930267334,1041863
2004-09-16,2.7242302894592285,2.869136095046997,2.798024892807007,2.837531089782715,786713
2004-09-17,2.6825079917907715,2.8641979694366455,2.793086051940918,2.794074058532715,1183613
2004-09-20,2.667336940765381,2.822715997695923,2.7664198875427246,2.7782719135284424,957825
2004-09-21,2.7479348182678223,2.8740739822387695,2.779258966445923,2.8622219562530518,768488
2004-09-22,2.6294078826904297,2.8681480884552,2.715061902999878,2.738765001296997,1041863
2004-09-23,2.6341500282287598,2.7762959003448486,2.7239511013031006,2.743704080581665,761400
2004-09-24,2.6493208408355713,2.7891359329223633,2.7456789016723633,2.7595059871673584,634838
2004-09-27,2.5801010131835938,2.7525930404663086,2.682468891143799,2.6874070167541504,1504575
2004-09-28,2.6995761394500732,2.8167901039123535,2.711111068725586,2.811851978302002,609525
2004-09-29,2.7308669090270996,2.8483951091766357,2.768394947052002,2.8444440364837646,432338
2004-09-30,2.7318155765533447,2.8711109161376953,2.799999952316284,2.8454320430755615,457650
2004-10-01,2.7593135833740234,2.8997530937194824,2.829629898071289,2.8740739822387695,2610225
2004-10-04,2.7725889682769775,2.937283992767334,2.880000114440918,2.8879010677337646,594338
2004-10-05,2.793450355529785,2.9204940795898438,2.8612349033355713,2.909630060195923,412088
2004-10-06,2.7811222076416016,2.9135799407958984,2.8444440364837646,2.896790027618408,559913
2004-10-07,2.704317331314087,2.8750619888305664,2.8049380779266357,2.8167901039123535,1547100
2004-10-08,2.678715229034424,2.8523459434509277,2.772346019744873,2.7901229858398438,598388
2004-10-11,2.7280218601226807,2.8493831157684326,2.779258966445923,2.8414809703826904,1010475
2004-10-12,2.7137997150421143,2.8493831157684326,2.7802469730377197,2.826667070388794,1805288
2004-10-13,2.6436312198638916,2.8701229095458984,2.7456789016723633,2.753580093383789,3150900
2004-10-14,2.7119028568267822,2.8444440364837646,2.7456789016723633,2.8246910572052,1602788
2004-10-15,2.834223508834839,2.987653970718384,2.8187649250030518,2.952099084854126,3850538
2004-10-18,2.801035165786743,3.031111001968384,2.908642053604126,2.9175310134887695,4085438
2004-10-19,2.776381492614746,2.9609880447387695,2.8701229095458984,2.8918519020080566,1522800
2004-10-20,2.788708448410034,2.940247058868408,2.850369930267334,2.904690980911255,1706063
2004-10-21,2.7498321533203125,2.955061912536621,2.799999952316284,2.8641979694366455,2564663
2004-10-22,2.624666929244995,2.7881479263305664,2.724937915802002,2.7338271141052246,3461738
2004-10-25,2.6569063663482666,2.767406940460205,2.7061729431152344,2.767406940460205,1033763
2004-10-26,2.673027276992798,2.7871599197387695,2.7190120220184326,2.784198045730591,1970325
2004-10-27,2.7185399532318115,2.836543083190918,2.74666690826416,2.8316049575805664,932513
2004-10-28,2.666388750076294,2.836543083190918,2.757530927658081,2.7772839069366455,428288
2004-10-29,2.657855272293091,2.8029630184173584,2.7476539611816406,2.768394947052002,466763
2004-11-01,2.663543939590454,2.8237040042877197,2.7733330726623535,2.7743210792541504,752288
2004-11-02,2.624666929244995,2.7901229858398438,2.725925922393799,2.7338271141052246,1329413
2004-11-03,2.6208748817443848,2.822715997695923,2.724937915802002,2.72987699508667,1161338
2004-11-04,2.6929380893707275,2.8069140911102295,2.725925922393799,2.8049380779266357,998325
2004-11-05,2.67397403717041,2.8316049575805664,2.768394947052002,2.7851850986480713,1396238
2004-11-08,2.655010223388672,2.7911109924316406,2.7456789016723633,2.7654318809509277,1167413
2004-11-09,2.7005252838134766,2.8158020973205566,2.7604939937591553,2.812839984893799,1511663
2004-11-10,2.819999933242798,2.9570369720458984,2.814815044403076,2.937283992767334,1569375
2004-11-11,2.8266379833221436,2.9451849460601807,2.908642053604126,2.9441978931427,374625
2004-11-12,2.8674113750457764,2.9866669178009033,2.896790027618408,2.9866669178009033,576113
2004-11-15,2.8474979400634766,2.991605043411255,2.933332920074463,2.965925931930542,1018575
2004-11-16,2.782071352005005,2.998518943786621,2.896790027618408,2.897778034210205,453600
2004-11-17,2.905339241027832,3.0281479358673096,2.915555953979492,3.0261731147766113,892013
2004-11-18,2.9337849617004395,3.058764934539795,2.9718520641326904,3.0558021068573,843413
2004-11-19,2.866462469100952,3.0548150539398193,2.9639511108398438,2.9856789112091064,1827563
2004-11-22,2.9091312885284424,3.040987968444824,2.9580249786376953,3.030122995376587,708750
2004-11-23,2.9271485805511475,3.074568033218384,3.0034570693969727,3.048888921737671,1107675
2004-11-24,2.93947434425354,3.0716049671173096,3.0034570693969727,3.061728000640869,1066163
2004-11-26,2.960336208343506,3.0962960720062256,3.059752941131592,3.0834569931030273,320963
2004-11-29,2.930941104888916,3.103209972381592,3.0251851081848145,3.052839994430542,938588
2004-11-30,2.9726622104644775,3.1012349128723145,3.0419750213623047,3.0962960720062256,1483313
2004-12-01,3.1404974460601807,3.2790119647979736,3.0725929737091064,3.271111011505127,3021300
2004-12-02,3.1660990715026855,3.3333330154418945,3.228641986846924,3.2977778911590576,2863350
2004-12-03,3.053260564804077,3.3382720947265625,3.171358108520508,3.1802470684051514,2184975
2004-12-06,3.073174476623535,3.259258985519409,3.160494089126587,3.2009880542755127,1780988
2004-12-07,3.0655877590179443,3.259258985519409,3.177284002304077,3.1930859088897705,1664550
2004-12-08,3.174633741378784,3.3076539039611816,3.201975107192993,3.3066670894622803,1115775
2004-12-09,3.1404974460601807,3.3353090286254883,3.267159938812256,3.271111011505127,991238
2004-12-10,3.161358118057251,3.325432062149048,3.2365429401397705,3.292840003967285,1186650
2004-12-13,3.1660990715026855,3.3481481075286865,3.2582719326019287,3.2977778911590576,734063
2004-12-14,3.1300668716430664,3.3096299171447754,3.243457078933716,3.260246992111206,927450
2004-12-15,3.1386005878448486,3.3639509677886963,3.227653980255127,3.2691359519958496,841388
2004-12-16,3.1167919635772705,3.2977778911590576,3.2217280864715576,3.246419906616211,908213
2004-12-17,3.110154390335083,3.2829630374908447,3.187160015106201,3.2395060062408447,840375
2004-12-20,3.111103057861328,3.2938270568847656,3.1970369815826416,3.2404940128326416,392850
2004-12-21,3.2286815643310547,3.3758020401000977,3.227653980255127,3.3629629611968994,1507613
2004-12-22,3.3301401138305664,3.5209879875183105,3.3481481075286865,3.468641996383667,2426963
2004-12-23,3.299797773361206,3.5130860805511475,3.4212350845336914,3.4370369911193848,528525
2004-12-27,3.2381644248962402,3.49432110786438,3.3639509677886963,3.37283992767334,1069200
2004-12-28,3.3396246433258057,3.479506015777588,3.3906168937683105,3.4785189628601074,1065150
2004-12-29,3.31876277923584,3.500247001647949,3.4459259510040283,3.456789970397949,823163
2004-12-30,3.2808332443237305,3.497283935546875,3.4162960052490234,3.4172840118408203,330075
2004-12-31,3.299797773361206,3.456789970397949,3.4123458862304688,3.4370369911193848,317925
2005-01-03,3.341519594192505,3.5348150730133057,3.4222218990325928,3.4804940223693848,1009463
2005-01-04,3.317812919616699,3.60493803024292,3.4222218990325928,3.4558019638061523,2998013
2005-01-05,3.1262738704681396,3.501235008239746,3.2296299934387207,3.256295919418335,2483663
2005-01-06,3.1414451599121094,3.287900924682617,3.200000047683716,3.272099018096924,3466800
2005-01-07,3.0817089080810547,3.318519115447998,3.160494089126587,3.2098770141601562,3245063
2005-01-10,3.2182509899139404,3.378765106201172,3.171358108520508,3.3520989418029785,2128275
2005-01-11,3.2334227561950684,3.418272018432617,3.318519115447998,3.367901086807251,1807313
2005-01-12,3.1945455074310303,3.426172971725464,3.292840003967285,3.327406883239746,1277775
2005-01-13,3.240060567855835,3.4271600246429443,3.3353090286254883,3.374814987182617,1741500
2005-01-14,3.253335475921631,3.399506092071533,3.327406883239746,3.3886420726776123,1186650
2005-01-18,3.253335475921631,3.4518520832061768,3.360987901687622,3.3886420726776123,1164375
2005-01-19,3.2343714237213135,3.4320991039276123,3.324444055557251,3.368889093399048,951750
2005-01-20,3.1604106426239014,3.354074001312256,3.2770369052886963,3.2918519973754883,432338
2005-01-21,3.135756015777588,3.358025074005127,3.2266669273376465,3.2661728858947754,596363
2005-01-24,3.152824640274048,3.35703706741333,3.213826894760132,3.2839510440826416,966938
2005-01-25,3.146185874938965,3.3619749546051025,3.249382972717285,3.2770369052886963,867713
2005-01-26,3.1575658321380615,3.3412349224090576,3.2474069595336914,3.288888931274414,1035788
2005-01-27,3.1575658321380615,3.384690999984741,3.2790119647979736,3.288888931274414,1362825
2005-01-28,3.2779881954193115,3.4706170558929443,3.300740957260132,3.414320945739746,2770200
2005-01-31,3.35194993019104,3.5713579654693604,3.415308952331543,3.4913580417633057,3923438
2005-02-01,3.3576390743255615,3.5061728954315186,3.428148031234741,3.497283935546875,2447213
2005-02-02,3.3424673080444336,3.5249381065368652,3.4380249977111816,3.4814810752868652,1415475
2005-02-03,3.3462600708007812,3.5239510536193848,3.4301230907440186,3.4854319095611572,1787063
2005-02-04,3.375655174255371,3.5753090381622314,3.4637041091918945,3.5160489082336426,1656450
2005-02-07,3.378499746322632,3.540740966796875,3.4992589950561523,3.519011974334717,1272713
2005-02-08,3.4894416332244873,3.6533329486846924,3.5249381065368652,3.634567975997925,1312200
2005-02-09,3.3851375579833984,3.680988073348999,3.5160489082336426,3.525926113128662,1003388
2005-02-10,3.4022066593170166,3.5565431118011475,3.4765429496765137,3.543704032897949,426263
2005-02-11,3.48659610748291,3.647407054901123,3.5239510536193848,3.6316049098968506,830250
2005-02-14,3.3955676555633545,3.649383068084717,3.479506015777588,3.536789894104004,583200
2005-02-15,3.380397319793701,3.568394899368286,3.496295928955078,3.5209879875183105,476888
2005-02-16,3.3747072219848633,3.5239510536193848,3.456789970397949,3.515062093734741,1795163
2005-02-17,3.387033224105835,3.56148099899292,3.496295928955078,3.5279009342193604,773550
2005-02-18,3.388930559158325,3.550616979598999,3.508147954940796,3.529876947402954,1272713
2005-02-22,3.1945455074310303,3.5160489082336426,3.3046910762786865,3.327406883239746,1389150
2005-02-23,3.1755805015563965,3.399506092071533,3.303704023361206,3.3076539039611816,1510650
2005-02-24,3.1585140228271484,3.3214809894561768,3.2523460388183594,3.289876937866211,1770863
2005-02-25,3.2144582271575928,3.3481481075286865,3.275062084197998,3.3481481075286865,1031738
2005-02-28,3.331089735031128,3.49432110786438,3.32938289642334,3.469630002975464,4205925
2005-03-01,3.413583755493164,3.579258918762207,3.456789970397949,3.555556058883667,1192725
2005-03-02,3.4344441890716553,3.611851930618286,3.486419916152954,3.577284097671509,1158300
2005-03-03,3.4448750019073486,3.709630012512207,3.56148099899292,3.5881481170654297,768488
2005-03-04,3.508406162261963,3.6641979217529297,3.60493803024292,3.6543209552764893,483975
2005-03-07,3.578573703765869,3.791604995727539,3.673085927963257,3.7274069786071777,1981463
2005-03-08,3.452460289001465,3.803457021713257,3.5782721042633057,3.5960490703582764,1580513
2005-03-09,3.4448750019073486,3.622715950012207,3.5209879875183105,3.5881481170654297,669263
2005-03-10,3.391775608062744,3.6039509773254395,3.493333101272583,3.5328400135040283,993263
2005-03-11,3.429704189300537,3.6246910095214844,3.543704032897949,3.5723459720611572,481950
2005-03-14,3.3955676555633545,3.6355559825897217,3.5160489082336426,3.536789894104004,957825
2005-03-15,3.3946192264556885,3.6148149967193604,3.501235008239746,3.535801887512207,805950
2005-03-16,3.2305777072906494,3.5130860805511475,3.346173048019409,3.3649380207061768,1289925
2005-03-17,3.3121249675750732,3.4666669368743896,3.3412349224090576,3.4498770236968994,1446863
2005-03-18,3.235319137573242,3.4765429496765137,3.3669140338897705,3.3698770999908447,1332450
2005-03-21,3.204977035522461,3.35703706741333,3.284938097000122,3.3382720947265625,424238
2005-03-22,3.31876277923584,3.469630002975464,3.358025074005127,3.456789970397949,1132988
2005-03-23,3.1025686264038086,3.469630002975464,3.1950619220733643,3.231605052947998,962888
2005-03-24,3.1044647693634033,3.2622220516204834,3.178272008895874,3.2335801124572754,1600763
2005-03-28,3.1765296459198,3.3303699493408203,3.2237040996551514,3.3086419105529785,738113
2005-03-29,2.984041690826416,3.3264200687408447,3.1012349128723145,3.1081480979919434,1855913
2005-03-30,2.8019843101501465,3.127901077270508,2.8711109161376953,2.9185190200805664,4676738
2005-03-31,2.95369815826416,3.1190121173858643,3.012346029281616,3.076543092727661,3093188
2005-04-01,2.95369815826416,3.1150619983673096,3.0567901134490967,3.076543092727661,1739475
2005-04-04,2.9081852436065674,3.077531099319458,2.938271999359131,3.0291359424591064,2078663
2005-04-05,3.1442906856536865,3.281975030899048,3.0034570693969727,3.275062084197998,4645350
2005-04-06,3.1433420181274414,3.37283992767334,3.2395060062408447,3.274074077606201,1441800
2005-04-07,3.034297466278076,3.292840003967285,3.146667003631592,3.160494089126587,1571400
2005-04-08,2.787760019302368,3.118025064468384,2.8780250549316406,2.9037039279937744,9097313
2005-04-11,2.8712029457092285,3.033086061477661,2.923456907272339,2.990617036819458,4600800
2005-04-12,2.937579393386841,3.059752941131592,2.966913938522339,3.059752941131592,2273063
2005-04-13,2.7868127822875977,3.0646910667419434,2.8987650871276855,2.9027159214019775,537638
2005-04-14,2.678715229034424,2.9175310134887695,2.769382953643799,2.7901229858398438,1606838
2005-04-15,2.6199262142181396,2.8602468967437744,2.724937915802002,2.728888988494873,1562288
2005-04-18,2.616133213043213,2.798024892807007,2.6953089237213135,2.724937915802002,1905525
2005-04-19,2.777329206466675,2.907654047012329,2.727900981903076,2.8928399085998535,1811363
2005-04-20,2.7109549045562744,2.869136095046997,2.7871599197387695,2.8237040042877197,1004400
2005-04-21,2.7744860649108887,2.923456907272339,2.8237040042877197,2.8898770809173584,1666575
2005-04-22,2.624666929244995,2.893826961517334,2.674567937850952,2.7338271141052246,4163400
2005-04-25,2.7469871044158936,2.941235065460205,2.771358013153076,2.8612349033355713,2598075
2005-04-26,2.6313047409057617,2.9570369720458984,2.6804940700531006,2.740741014480591,2502900
2005-04-27,2.6863017082214355,2.865185022354126,2.732840061187744,2.798024892807007,839363
2005-04-28,2.5668256282806396,2.798024892807007,2.657778024673462,2.6735799312591553,1556213
2005-04-29,2.6644928455352783,2.779258966445923,2.6785190105438232,2.7753090858459473,1331438
2005-05-02,2.6199262142181396,2.7851850986480713,2.6883950233459473,2.728888988494873,1757700
2005-05-03,2.641735315322876,2.771358013153076,2.6903700828552246,2.7516050338745117,1288913
2005-05-04,2.6720781326293945,2.7851850986480713,2.7170369625091553,2.783210039138794,1519763
2005-05-05,2.635097026824951,2.8197529315948486,2.7032101154327393,2.7446908950805664,1509638
2005-05-06,2.7119028568267822,2.8414809703826904,2.755556106567383,2.8246910572052,1163363
2005-05-09,2.7242302894592285,2.8780250549316406,2.793086051940918,2.837531089782715,1642275
2005-05-10,2.6995761394500732,2.869136095046997,2.7525930404663086,2.811851978302002,1299038
2005-05-11,2.6474246978759766,2.853332996368408,2.7456789016723633,2.757530927658081,1261575
2005-05-12,2.5469131469726562,2.76444411277771,2.615309000015259,2.6528398990631104,1078313
2005-05-13,2.5402750968933105,2.7496299743652344,2.6123459339141846,2.645925998687744,1050975
2005-05-16,2.6436312198638916,2.7624690532684326,2.6883950233459473,2.753580093383789,3047625
2005-05-17,2.6398394107818604,2.7762959003448486,2.7269139289855957,2.7496299743652344,2524163
2005-05-18,2.684404134750366,2.811851978302002,2.7239511013031006,2.796049118041992,1416488
2005-05-19,2.7185399532318115,2.836543083190918,2.767406940460205,2.8316049575805664,1360800
2005-05-20,2.8531877994537354,2.9718520641326904,2.9007411003112793,2.9718520641326904,4342613
2005-05-23,2.8892195224761963,3.0291359424591064,2.959012031555176,3.009382963180542,4013550
2005-05-24,2.9157698154449463,3.0558021068573,2.9925930500030518,3.037036895751953,21806213
2005-05-25,2.8541359901428223,3.035062074661255,2.9609880447387695,2.9728400707244873,3032438
2005-05-26,2.9233553409576416,3.0567901134490967,2.987653970718384,3.044938087463379,1521788
2005-05-27,2.942319631576538,3.091357946395874,2.995556116104126,3.0646910667419434,1717200
2005-05-31,2.890167236328125,3.084444046020508,3.008394956588745,3.0103700160980225,1458000
2005-06-01,2.9138736724853516,3.0429630279541016,2.997530937194824,3.035062074661255,1462050
2005-06-02,2.984989881515503,3.1091361045837402,3.001481056213379,3.1091361045837402,2148525
2005-06-03,2.9802494049072266,3.133826971054077,3.0686419010162354,3.1041979789733887,1417500
2005-06-06,2.9736111164093018,3.117037057876587,3.0795059204101562,3.0972840785980225,736088
2005-06-07,2.9205102920532227,3.1387650966644287,3.040987968444824,3.0419750213623047,796838
2005-06-08,2.6938862800598145,3.034074068069458,2.794074058532715,2.8059260845184326,4593713
2005-06-09,2.6768181324005127,2.8246910572052,2.7802469730377197,2.7881479263305664,1162350
2005-06-10,2.6123404502868652,2.7753090858459473,2.7022221088409424,2.7209880352020264,3006113
2005-06-13,2.585789442062378,2.732840061187744,2.6696300506591797,2.6933329105377197,2301413
2005-06-14,2.5251028537750244,2.711111068725586,2.615309000015259,2.6301229000091553,2539350
2005-06-15,2.579152822494507,2.699259042739868,2.6162960529327393,2.68641996383667,2838038
2005-06-16,2.6104443073272705,2.750617027282715,2.6913580894470215,2.7190120220184326,2208263
2005-06-17,2.5573441982269287,2.7762959003448486,2.6548149585723877,2.6637039184570312,4807350
2005-06-20,2.56872296333313,2.696295976638794,2.6360490322113037,2.675555944442749,3454650
2005-06-21,2.6398394107818604,2.793086051940918,2.6785190105438232,2.7496299743652344,4380075
2005-06-22,2.630356550216675,2.767406940460205,2.684443950653076,2.739753007888794,4299075
2005-06-23,2.6047534942626953,2.754568099975586,2.7051849365234375,2.713085889816284,2126250
2005-06-24,2.545964479446411,2.753580093383789,2.641974925994873,2.6518518924713135,1863000
2005-06-27,2.55165433883667,2.724937915802002,2.632098913192749,2.657778024673462,1823513
2005-06-28,2.579152822494507,2.696295976638794,2.6449379920959473,2.68641996383667,1087425
2005-06-29,2.579152822494507,2.724937915802002,2.6765429973602295,2.68641996383667,2252813
2005-06-30,2.544069290161133,2.7318520545959473,2.639012098312378,2.6498770713806152,2242688
2005-07-01,2.6597509384155273,2.7772839069366455,2.6548149585723877,2.7703700065612793,2557575
2005-07-05,2.765003204345703,2.880000114440918,2.7525930404663086,2.880000114440918,2167763
2005-07-06,2.7555201053619385,2.8987650871276855,2.850369930267334,2.8701229095458984,1051988
2005-07-07,2.769744396209717,2.9017279148101807,2.7990119457244873,2.8849380016326904,1492425
2005-07-08,2.8863751888275146,3.0064198970794678,2.8730859756469727,3.0064198970794678,1801238
2005-07-11,2.8892195224761963,3.0469141006469727,2.9777779579162598,3.009382963180542,825188
2005-07-12,2.9043920040130615,3.031111001968384,2.96197509765625,3.0251851081848145,1204875
2005-07-13,2.897754669189453,3.031111001968384,2.9866669178009033,3.0182719230651855,1463063
2005-07-14,2.956542491912842,3.145678997039795,3.040987968444824,3.0795059204101562,2224463
2005-07-15,2.8882715702056885,3.059752941131592,2.9708640575408936,3.008394956588745,785700
2005-07-18,2.83137845993042,3.031111001968384,2.9283950328826904,2.9491360187530518,1027688
2005-07-19,2.7735373973846436,2.9738268852233887,2.8809878826141357,2.8888890743255615,1616963
2005-07-20,2.9043920040130615,3.0251851081848145,2.8997530937194824,3.0251851081848145,2657813
2005-07-21,2.8996500968933105,3.0607409477233887,2.962963104248047,3.020246982574463,1231200
2005-07-22,3.0674848556518555,3.2108640670776367,3.0696299076080322,3.1950619220733643,3204563
2005-07-25,3.0817089080810547,3.2148149013519287,3.1585190296173096,3.2098770141601562,1801238
2005-07-26,3.056105852127075,3.2345681190490723,3.1762959957122803,3.1832098960876465,1591650
2005-07-27,3.1158437728881836,3.2770369052886963,3.189136028289795,3.245431900024414,969975
2005-07-28,3.2125625610351562,3.3629629611968994,3.1822218894958496,3.346173048019409,1722263
2005-07-29,3.1404974460601807,3.3639509677886963,3.261234998703003,3.271111011505127,1595700
2005-08-01,3.1803231239318848,3.3738269805908203,3.271111011505127,3.3125929832458496,617625
2005-08-02,3.2277331352233887,3.3649380207061768,3.2770369052886963,3.3619749546051025,1101600
2005-08-03,3.152824640274048,3.35703706741333,3.259258985519409,3.2839510440826416,521438
2005-08-04,3.149980068206787,3.358025074005127,3.2760488986968994,3.2809879779815674,1060088
2005-08-05,3.099724531173706,3.318519115447998,3.2148149013519287,3.228641986846924,446513
2005-08-08,3.0817089080810547,3.299752950668335,3.188148021697998,3.2098770141601562,773550
2005-08-09,3.0324013233184814,3.2227160930633545,3.1328399181365967,3.1585190296173096,838350
2005-08-10,3.0361928939819336,3.271111011505127,3.11604905128479,3.162468910217285,1111725
2005-08-11,3.0722262859344482,3.2395060062408447,3.1140739917755127,3.200000047683716,1356750
2005-08-12,3.0798115730285645,3.228641986846924,3.1318519115448,3.2079010009765625,1254488
2005-08-15,3.1423933506011963,3.288888931274414,3.1753089427948,3.2730860710144043,1539000
2005-08-16,3.04567551612854,3.27012300491333,3.1723461151123047,3.1723461151123047,1175513
2005-08-17,3.058001756668091,3.205925941467285,3.1229629516601562,3.185184955596924,589275
2005-08-18,3.0921385288238525,3.2375309467315674,3.118025064468384,3.220741033554077,1030725
2005-08-19,3.10351824760437,3.27012300491333,3.1940739154815674,3.232593059539795,1656450
2005-08-22,3.113947868347168,3.2799999713897705,3.2118520736694336,3.243457078933716,549788
2005-08-23,2.990679979324341,3.243457078933716,3.077531099319458,3.1150619983673096,1865025
2005-08-24,3.002058506011963,3.1970369815826416,3.0498769283294678,3.1269140243530273,1335488
2005-08-25,2.996368408203125,3.1377780437469482,3.0972840785980225,3.120987892150879,623700
2005-08-26,2.9584383964538574,3.1219749450683594,3.0360488891601562,3.0814809799194336,1699988
2005-08-29,3.006798505783081,3.1437039375305176,3.0646910667419434,3.1318519115448,1331438
2005-08-30,3.0418825149536133,3.200000047683716,3.148642063140869,3.1683950424194336,1142100
2005-08-31,3.0324013233184814,3.199012041091919,3.1041979789733887,3.1585190296173096,887963
2005-09-01,3.0722262859344482,3.2108640670776367,3.130863904953003,3.200000047683716,1847813
2005-09-02,3.0162806510925293,3.2582719326019287,3.1387650966644287,3.141727924346924,486000
2005-09-06,3.0798115730285645,3.2523460388183594,3.134814977645874,3.2079010009765625,854550
2005-09-07,3.0826563835144043,3.2187650203704834,3.1545679569244385,3.2108640670776367,676350
2005-09-08,3.0570547580718994,3.228641986846924,3.1387650966644287,3.1841979026794434,958838
2005-09-09,2.93947434425354,3.146667003631592,3.0133330821990967,3.061728000640869,2902838
2005-09-12,2.8778419494628906,3.061728000640869,2.997530937194824,2.997530937194824,2612250
2005-09-13,2.803879976272583,2.9866669178009033,2.894814968109131,2.9204940795898438,2660850
2005-09-14,2.9081852436065674,3.058764934539795,2.9204940795898438,3.0291359424591064,1722263
2005-09-15,2.9508535861968994,3.088395118713379,3.034074068069458,3.073580026626587,1649363
2005-09-16,3.0845530033111572,3.243457078933716,3.063704013824463,3.2128400802612305,2933213
2005-09-19,3.0058512687683105,3.2118520736694336,3.102221965789795,3.130863904953003,988200
2005-09-20,2.983093023300171,3.146667003631592,3.084444046020508,3.1071600914001465,1905525
2005-09-21,2.8617217540740967,3.1111109256744385,2.9728400707244873,2.980741024017334,2013863
2005-09-22,2.873100996017456,3.0153090953826904,2.9165430068969727,2.9925930500030518,861638
2005-09-23,2.9015467166900635,3.030122995376587,2.9293830394744873,3.0222220420837402,844425
2005-09-26,3.1186888217926025,3.288888931274414,3.1861729621887207,3.2483949661254883,3138750
2005-09-27,3.061795473098755,3.2651851177215576,3.189136028289795,3.189136028289795,1073250
2005-09-28,3.0494678020477295,3.2197530269622803,3.11604905128479,3.1762959957122803,1021613
2005-09-29,3.167046070098877,3.3303699493408203,3.134814977645874,3.298764944076538,1400288
2005-09-30,3.1755805015563965,3.317531108856201,3.2227160930633545,3.3076539039611816,1204875
2005-10-03,3.1907527446746826,3.37283992767334,3.287900924682617,3.3234570026397705,1020600
2005-10-04,3.163254976272583,3.3511109352111816,3.2385189533233643,3.2948150634765625,1368900
2005-10-05,3.0674848556518555,3.302716016769409,3.1762959957122803,3.1950619220733643,922388
2005-10-06,3.0324013233184814,3.274074077606201,3.133826971054077,3.1585190296173096,2096888
2005-10-07,3.09687876701355,3.257283926010132,3.1693830490112305,3.2256789207458496,808988
2005-10-10,3.088345766067505,3.260246992111206,3.1960489749908447,3.216789960861206,624713
2005-10-11,3.0722262859344482,3.281975030899048,3.1901230812072754,3.200000047683716,1697963
2005-10-12,3.0011098384857178,3.217777967453003,3.091357946395874,3.1259260177612305,1391175
2005-10-13,2.984989881515503,3.141727924346924,3.051851987838745,3.1091361045837402,893025
2005-10-14,3.0646402835845947,3.203950881958008,3.1012349128723145,3.192099094390869,852525
2005-10-17,3.0361928939819336,3.205925941467285,3.0864200592041016,3.162468910217285,879863
2005-10-18,2.9982640743255615,3.1575310230255127,3.080493927001953,3.1229629516601562,738113
2005-10-19,3.0845530033111572,3.228641986846924,3.0686419010162354,3.2128400802612305,1182600
2005-10-20,3.0049030780792236,3.2256789207458496,3.061728000640869,3.1298770904541016,1642275
2005-10-21,3.1414451599121094,3.3698770999908447,3.1802470684051514,3.272099018096924,4561313
2005-10-24,3.22394061088562,3.374814987182617,3.2977778911590576,3.358025074005127,2422913
2005-10-25,3.2552313804626465,3.4232099056243896,3.3076539039611816,3.3906168937683105,2106000
2005-10-26,3.2011826038360596,3.411358118057251,3.259258985519409,3.3343210220336914,1563300
2005-10-27,3.099724531173706,3.356049060821533,3.2217280864715576,3.228641986846924,1059075
2005-10-28,3.22678542137146,3.3698770999908447,3.2237040996551514,3.360987901687622,2190038
2005-10-31,3.355742931365967,3.500247001647949,3.3659260272979736,3.4953091144561768,2285213
2005-11-01,3.4448750019073486,3.666172981262207,3.5041980743408203,3.5881481170654297,3593363
2005-11-02,3.593745708465576,3.7570369243621826,3.6276540756225586,3.7432100772857666,3367575
2005-11-03,3.5121991634368896,3.7787649631500244,3.6286420822143555,3.6582720279693604,7842825
2005-11-04,3.4609951972961426,3.7570369243621826,3.5604939460754395,3.60493803024292,3101288
2005-11-07,3.574781656265259,3.738271951675415,3.6029629707336426,3.723457098007202,4585613
2005-11-08,3.584263563156128,3.749135971069336,3.612839937210083,3.733333110809326,2057400
2005-11-09,3.578573703765869,3.7609879970550537,3.6987650394439697,3.7274069786071777,1664550
2005-11-10,3.6620171070098877,3.817284107208252,3.6533329486846924,3.8143210411071777,2747925
2005-11-11,3.7416670322418213,3.946666955947876,3.780740976333618,3.8972840309143066,3122550
2005-11-14,3.7359778881073,3.9506170749664307,3.8676540851593018,3.891357898712158,2409750
2005-11-15,3.712272882461548,3.9239509105682373,3.801481008529663,3.8666670322418213,3066863
2005-11-16,3.745460033416748,3.9081480503082275,3.84592604637146,3.9012351036071777,1772888
2005-11-17,3.5927975177764893,3.803457021713257,3.7214810848236084,3.7422220706939697,4617000
2005-11-18,3.639259099960327,3.7945680618286133,3.7185189723968506,3.790616989135742,2754000
2005-11-21,3.703739643096924,3.8804941177368164,3.693826913833618,3.8577780723571777,2762100
2005-11-22,3.6620171070098877,3.849877119064331,3.806420087814331,3.8143210411071777,1326375
2005-11-23,3.669602632522583,3.8370370864868164,3.7945680618286133,3.8222219944000244,749250
2005-11-25,3.6440019607543945,3.832098960876465,3.7787649631500244,3.79555606842041,150863
2005-11-28,3.569091796875,3.8439509868621826,3.6849379539489746,3.7175309658050537,1636200
2005-11-29,3.635467767715454,3.788641929626465,3.704690933227539,3.7866671085357666,778613
2005-11-30,3.6136586666107178,3.7935800552368164,3.6681480407714844,3.763951063156128,1884263
2005-12-01,3.568617582321167,3.875555992126465,3.7051849365234375,3.7170369625091553,2364525
2005-12-02,3.5757293701171875,3.7511110305786133,3.5185189247131348,3.7244439125061035,3642300
2005-12-05,3.5572385787963867,3.74666690826416,3.625185012817383,3.7051849365234375,1918350
2005-12-06,3.518836259841919,3.733333110809326,3.6296300888061523,3.66518497467041,1918350
2005-12-07,3.4718992710113525,3.684443950653076,3.5807409286499023,3.6162960529327393,1083375
2005-12-08,3.416429281234741,3.6414809226989746,3.5155560970306396,3.558518886566162,720900
2005-12-09,3.480433464050293,3.6533329486846924,3.5362958908081055,3.625185012817383,1539000
2005-12-12,3.520258903503418,3.677037000656128,3.6148149967193604,3.6666669845581055,1840725
2005-12-13,3.662492036819458,3.8399999141693115,3.631110906600952,3.814815044403076,3428325
2005-12-14,3.656801223754883,3.8444440364837646,3.7718520164489746,3.8088889122009277,2053350
2005-12-15,3.7364518642425537,3.985184907913208,3.8251850605010986,3.8918519020080566,3624075
2005-12-16,3.787655830383301,3.997036933898926,3.887407064437866,3.9451849460601807,4122225
2005-12-19,3.698050022125244,3.997036933898926,3.8518519401550293,3.8518519401550293,3593700
2005-12-20,3.656801223754883,3.880000114440918,3.8074069023132324,3.8088889122009277,1026000
2005-12-21,3.7478315830230713,3.970370054244995,3.8222219944000244,3.9037039279937744,1975050
2005-12-22,3.80472469329834,3.967406988143921,3.884443998336792,3.962963104248047,1183950
2005-12-23,3.958336114883423,4.179258823394775,3.962963104248047,4.122962951660156,2873475
2005-12-27,3.8303260803222656,4.1777777671813965,3.985184907913208,3.9896299839019775,1910925
2005-12-28,3.8644614219665527,4.047407150268555,3.9422221183776855,4.0251851081848145,835650
2005-12-29,3.8929078578948975,4.102221965789795,4.016295909881592,4.05481481552124,843075
2005-12-30,3.834592819213867,4.038518905639648,3.970370054244995,3.9940741062164307,834975
2006-01-03,3.858771324157715,4.0577778816223145,3.8370370864868164,4.019258975982666,3224475
2006-01-04,3.8914856910705566,4.0770368576049805,3.9733328819274902,4.053332805633545,1981125
2006-01-05,3.9170870780944824,4.127407073974609,4.034073829650879,4.079999923706055,1600425
2006-01-06,3.9682910442352295,4.207406997680664,4.068148136138916,4.133333206176758,2217375
2006-01-09,3.9782488346099854,4.195556163787842,4.122962951660156,4.143703937530518,1606500
2006-01-10,3.9384233951568604,4.161480903625488,4.093332767486572,4.102221965789795,1950750
2006-01-11,3.898597478866577,4.140740871429443,4.0251851081848145,4.060740947723389,1611225
2006-01-12,3.8673064708709717,4.082962989807129,3.967406988143921,4.028148174285889,907200
2006-01-13,3.904287099838257,4.081480979919434,3.9748148918151855,4.066667079925537,1101600
2006-01-17,3.80472469329834,4.05481481552124,3.9392590522766113,3.962963104248047,1462050
2006-01-18,3.7933452129364014,3.9925930500030518,3.8696300983428955,3.951111078262329,2131650
2006-01-19,3.882951259613037,4.050370216369629,3.9007411003112793,4.0444440841674805,2877525
2006-01-20,3.848816394805908,4.088889122009277,4.007407188415527,4.008889198303223,3554550
2006-01-23,3.777700901031494,4.028148174285889,3.9007411003112793,3.934814929962158,1410750
2006-01-24,3.929887533187866,4.131852149963379,3.9303700923919678,4.093332767486572,1394550
2006-01-25,3.875839948654175,4.111111164093018,4.013332843780518,4.037036895751953,2909250
2006-01-26,3.882951259613037,4.148148059844971,4.004444122314453,4.0444440841674805,2512350
2006-01-27,3.900019884109497,4.151111125946045,3.914073944091797,4.062222003936768,5173875
2006-01-30,4.002427577972412,4.170370101928711,4.013332843780518,4.168889045715332,3831975
2006-01-31,4.059321403503418,4.302221775054932,4.168889045715332,4.228147983551025,3863700
2006-02-01,4.030874729156494,4.288888931274414,4.179258823394775,4.198519229888916,2794500
2006-02-02,3.9569127559661865,4.222221851348877,4.090370178222656,4.121480941772461,1683450
2006-02-03,3.92704439163208,4.210370063781738,4.0725932121276855,4.090370178222656,1310850
2006-02-06,3.9810938835144043,4.1748151779174805,4.090370178222656,4.146667003631592,1077300
2006-02-07,3.928467035293579,4.15259313583374,4.081480979919434,4.091852188110352,893700
2006-02-08,3.902864933013916,4.108148097991943,3.970370054244995,4.065185070037842,1570050
2006-02-09,3.8872196674346924,4.148148059844971,4.038518905639648,4.04888916015625,992925
2006-02-10,3.894331216812134,4.079999923706055,3.962963104248047,4.056295871734619,720225
2006-02-13,3.8303260803222656,4.062222003936768,3.962963104248047,3.9896299839019775,1678725
2006-02-14,3.838860034942627,4.0444440841674805,3.8770370483398438,3.998518943786621,1797525
2006-02-15,3.8601951599121094,4.042963027954102,3.9555559158325195,4.020740985870361,1022625
2006-02-16,3.925621271133423,4.102221965789795,4.02222204208374,4.088889122009277,982125
2006-02-17,3.8801069259643555,4.109630107879639,3.9777779579162598,4.041481018066406,965250
2006-02-21,3.843127489089966,4.059258937835693,3.970370054244995,4.002963066101074,1611225
2006-02-22,3.8545050621032715,4.037036895751953,3.9259259700775146,4.014814853668213,1848825
2006-02-23,3.885796308517456,4.068148136138916,3.962963104248047,4.047407150268555,1526850
2006-02-24,3.8217921257019043,4.062222003936768,3.965925931930542,3.980741024017334,1251450
2006-02-27,3.838860034942627,4.037036895751953,3.962963104248047,3.998518943786621,974025
2006-02-28,3.749253749847412,3.997036933898926,3.9051849842071533,3.9051849842071533,1196100
2006-03-01,3.8303260803222656,4.007407188415527,3.9185190200805664,3.9896299839019775,1385775
2006-03-02,3.8161025047302246,3.9940741062164307,3.9422221183776855,3.9748148918151855,1449225
2006-03-03,3.837437629699707,4.042963027954102,3.9407410621643066,3.997036933898926,1667925
2006-03-06,3.7990336418151855,4.005926132202148,3.9407410621643066,3.9570369720458984,1757025
2006-03-07,3.6994714736938477,3.965925931930542,3.8074069023132324,3.853332996368408,3056400
2006-03-08,3.5743069648742676,3.84592604637146,3.660741090774536,3.7229630947113037,1642275
2006-03-09,3.5927975177764893,3.8370370864868164,3.6859259605407715,3.7422220706939697,1573425
2006-03-10,3.6383118629455566,3.814815044403076,3.725925922393799,3.7896299362182617,1019250
2006-03-13,3.631200075149536,3.8592588901519775,3.7185189723968506,3.782222032546997,2719575
2006-03-14,3.662492036819458,3.81925892829895,3.6874070167541504,3.814815044403076,1315575
2006-03-15,3.6909375190734863,3.848889112472534,3.7851850986480713,3.8444440364837646,1771875
2006-03-16,3.7179627418518066,3.9392590522766113,3.8399999141693115,3.8725929260253906,3395250
2006-03-17,3.686671733856201,3.8725929260253906,3.7896299362182617,3.8399999141693115,3040875
2006-03-20,3.70942759513855,3.880000114440918,3.814815044403076,3.863703966140747,1566000
2006-03-21,3.6710259914398193,3.8696300983428955,3.814815044403076,3.8237040042877197,1025325
2006-03-22,3.6141316890716553,3.850369930267334,3.745184898376465,3.76444411277771,2586600
2006-03-23,3.607020616531372,3.774815082550049,3.647407054901123,3.7570369243621826,6100650
2006-03-24,3.77058744430542,3.936295986175537,3.762963056564331,3.9274070262908936,2241675
2006-03-27,3.8559274673461914,4.038518905639648,3.902221918106079,4.016295909881592,1661175
2006-03-28,3.8175251483917236,4.050370216369629,3.9644439220428467,3.9762959480285645,1302750
2006-03-29,3.861617088317871,4.04888916015625,3.912592887878418,4.02222204208374,2602125
2006-03-30,3.789078950881958,4.060740947723389,3.936295986175537,3.946666955947876,1179225
2006-03-31,3.8331708908081055,3.998518943786621,3.934814929962158,3.9925930500030518,811350
2006-04-03,3.7919228076934814,4.019258975982666,3.9244439601898193,3.94963002204895,1485675
2006-04-04,3.8146800994873047,4.02666711807251,3.9229629039764404,3.9733328819274902,1080675
2006-04-05,3.868730068206787,4.047407150268555,3.9614810943603516,4.029630184173584,490050
2006-04-06,3.890064001083374,4.053332805633545,3.962963104248047,4.051852226257324,600750
2006-04-07,3.874418258666992,4.074073791503906,3.983704090118408,4.035555839538574,1072575
2006-04-10,3.8033010959625244,4.037036895751953,3.921480894088745,3.9614810943603516,1338525
2006-04-11,3.6809816360473633,3.995556116104126,3.811851978302002,3.834074020385742,765450
2006-04-12,3.6952059268951416,3.882962942123413,3.7837040424346924,3.848889112472534,1230525
2006-04-13,3.700895071029663,3.8681480884552,3.8074069023132324,3.8548150062561035,546075
2006-04-17,3.7563655376434326,3.9200000762939453,3.799999952316284,3.912592887878418,2517750
2006-04-18,3.985358476638794,4.170370101928711,3.860740900039673,4.151111125946045,2878200
2006-04-19,4.065010070800781,4.296296119689941,4.111111164093018,4.234074115753174,1476900
2006-04-20,4.303962230682373,4.574814796447754,4.192593097686768,4.4829630851745605,4081050
2006-04-21,4.208665370941162,4.524444103240967,4.3333330154418945,4.38370418548584,2544750
2006-04-24,4.171684741973877,4.376296043395996,4.2459259033203125,4.345184803009033,2953800
2006-04-25,4.309648513793945,4.488889217376709,4.297778129577637,4.488889217376709,2366550
2006-04-26,4.303962230682373,4.562963008880615,4.41185188293457,4.4829630851745605,1561275
2006-04-27,4.461838245391846,4.71999979019165,4.410369873046875,4.647407054901123,2877525
2006-04-28,4.579891681671143,4.840000152587891,4.629630088806152,4.770370006561279,2393550
2006-05-01,4.623982906341553,4.8355560302734375,4.770370006561279,4.816296100616455,2200500
2006-05-02,4.567091464996338,4.863704204559326,4.662221908569336,4.757037162780762,1389825
2006-05-03,4.622561454772949,4.881481170654297,4.761480808258057,4.814815044403076,1769175
2006-05-04,4.81884241104126,5.0725932121276855,4.8251848220825195,5.019258975982666,2515050
2006-05-05,4.851554870605469,5.198519229888916,5.02666711807251,5.053332805633545,3095550
2006-05-08,4.756260395050049,5.082962989807129,4.948147773742676,4.954073905944824,2126250
2006-05-09,4.717857837677002,4.988148212432861,4.871110916137695,4.914073944091797,1849500
2006-05-10,4.760527610778809,5.0577778816223145,4.888888835906982,4.958518981933594,1589625
2006-05-11,4.7832841873168945,5.019258975982666,4.760000228881836,4.982222080230713,2984175
2006-05-12,4.5486016273498535,4.962963104248047,4.737778186798096,4.737778186798096,1533600
2006-05-15,4.511620998382568,4.783703804016113,4.586667060852051,4.699258804321289,1145475
2006-05-16,4.423435211181641,4.712593078613281,4.557036876678467,4.607407093048096,1864350
2006-05-17,4.356586456298828,4.6148152351379395,4.376296043395996,4.537777900695801,1505925
2006-05-18,4.393565654754639,4.679999828338623,4.530370235443115,4.576295852661133,1404000
2006-05-19,4.467529296875,4.7540740966796875,4.548148155212402,4.6533331871032715,2222775
2006-05-22,4.6182942390441895,4.875555992126465,4.639999866485596,4.810369968414307,2637225
2006-05-23,4.508777141571045,4.994073867797852,4.688889026641846,4.696296215057373,1992600
2006-05-24,4.457571506500244,4.767406940460205,4.505185127258301,4.64296293258667,2692575
2006-05-25,4.484596252441406,4.709630012512207,4.599999904632568,4.671111106872559,1605825
2006-05-26,4.550022125244141,4.7733330726623535,4.62074089050293,4.739258766174316,1556550
2006-05-30,4.303962230682373,4.7540740966796875,4.477036952972412,4.4829630851745605,1088100
2006-05-31,4.382187843322754,4.582221984863281,4.468148231506348,4.564444065093994,1277775
2006-06-01,4.564246654510498,4.770370006561279,4.525926113128662,4.7540740966796875,1360125
2006-06-02,4.598382949829102,4.860741138458252,4.728888988494873,4.789629936218262,1136025
2006-06-05,4.393565654754639,4.868147850036621,4.555555820465088,4.576295852661133,1785375
2006-06-06,4.382187843322754,4.607407093048096,4.351110935211182,4.564444065093994,2442825
2006-06-07,4.434814453125,4.826666831970215,4.607407093048096,4.619258880615234,3537000
2006-06-08,4.313918113708496,4.61037015914917,4.352592945098877,4.493332862854004,3317625
2006-06-09,4.399256706237793,4.66963005065918,4.505185127258301,4.582221984863281,1613250
2006-06-12,4.204397201538086,4.619258880615234,4.377778053283691,4.37925910949707,1300050
2006-06-13,4.158882141113281,4.499258995056152,4.306666851043701,4.331851959228516,1991925
2006-06-14,4.200130939483643,4.441481113433838,4.2755560874938965,4.374814987182617,1759050
2006-06-15,4.346629619598389,4.5362958908081055,4.352592945098877,4.527407169342041,3183975
2006-06-16,4.380766868591309,4.619258880615234,4.5155558586120605,4.562963008880615,4236975
2006-06-19,4.424860000610352,4.650370121002197,4.5362958908081055,4.608889102935791,1460025
2006-06-20,4.466106414794922,4.731852054595947,4.574814796447754,4.651852130889893,1338525
2006-06-21,4.675187110900879,4.899259090423584,4.635556221008301,4.869629859924316,1722600
2006-06-22,4.65954065322876,4.940741062164307,4.804443836212158,4.853332996368408,1830600
2006-06-23,5.006589889526367,5.376296043395996,5.084444046020508,5.214815139770508,7972425
2006-06-26,5.1246442794799805,5.398519039154053,5.229629993438721,5.337778091430664,4303800
2006-06-27,4.8842692375183105,5.3659257888793945,5.037036895751953,5.087407112121582,3877875
2006-06-28,4.96960973739624,5.189630031585693,5.004444122314453,5.176296234130859,2406375
2006-06-29,5.204293251037598,5.462222099304199,5.199999809265137,5.420741081237793,4706775
2006-06-30,5.346524715423584,5.717037200927734,5.485926151275635,5.568889141082764,6243750
2006-07-03,5.5115156173706055,5.851851940155029,5.613333225250244,5.740740776062012,3001725
2006-07-05,5.380661487579346,5.733333110809326,5.540740966796875,5.6044440269470215,3081375
2006-07-06,5.2967448234558105,5.7362961769104,5.488889217376709,5.5170369148254395,3419550
2006-07-07,5.164469242095947,5.528889179229736,5.239999771118164,5.37925910949707,4312575
2006-07-10,5.1246442794799805,5.447406768798828,5.299259185791016,5.337778091430664,2366550
2006-07-11,5.143133640289307,5.370369911193848,5.162962913513184,5.35703706741333,4240350
2006-07-12,5.047836780548096,5.391110897064209,5.239999771118164,5.257778167724609,2292975
2006-07-13,4.779018402099609,5.202962875366211,4.868147850036621,4.97777795791626,6205275
2006-07-14,4.6794538497924805,4.965926170349121,4.788147926330566,4.8740739822387695,5603850
2006-07-17,4.6794538497924805,4.985185146331787,4.801480770111084,4.8740739822387695,2292975
2006-07-18,4.871468544006348,5.087407112121582,4.888888835906982,5.074073791503906,4532625
2006-07-19,5.035037517547607,5.2637038230896,5.081480979919434,5.244443893432617,5263650
2006-07-20,4.6353631019592285,5.337778091430664,4.8222222328186035,4.828147888183594,3878550
2006-07-21,4.545756816864014,4.8059258460998535,4.540740966796875,4.7348151206970215,4262625
2006-07-24,4.751993656158447,4.970369815826416,4.748147964477539,4.949629783630371,2323350
2006-07-25,4.683722019195557,4.961481094360352,4.79555606842041,4.878519058227539,2777625
2006-07-26,4.3779215812683105,4.8414812088012695,4.508148193359375,4.559999942779541,4242375
2006-07-27,4.353741645812988,5.037036895751953,4.494814872741699,4.534814834594727,6639300
2006-07-28,4.599804401397705,4.8222222328186035,4.4844441413879395,4.791110992431641,3235275
2006-07-31,4.633939266204834,4.872592926025391,4.697778224945068,4.826666831970215,3628125
2006-08-01,4.5486016273498535,4.783703804016113,4.597036838531494,4.737778186798096,2780325
2006-08-02,4.544333457946777,4.829629898071289,4.699258804321289,4.733333110809326,2635200
2006-08-03,4.689411163330078,4.92888879776001,4.628148078918457,4.884444236755371,3150900
2006-08-04,4.616872787475586,5.131852149963379,4.717037200927734,4.808888912200928,3263625
2006-08-07,4.500242233276367,4.800000190734863,4.6666669845581055,4.68740701675415,1816425
2006-08-08,4.427703857421875,4.776296138763428,4.592593193054199,4.611852169036865,2719575
2006-08-09,4.265557289123535,4.742221832275391,4.423704147338867,4.442963123321533,2973375
2006-08-10,4.386456489562988,4.579258918762207,4.355556011199951,4.568889141082764,2397600
2006-08-11,4.242800235748291,4.5851850509643555,4.413332939147949,4.419259071350098,2228175
2006-08-14,4.349475860595703,4.733333110809326,4.462222099304199,4.530370235443115,2646000
2006-08-15,4.616872787475586,4.828147888183594,4.592593193054199,4.808888912200928,2013525
2006-08-16,4.76337194442749,5.011851787567139,4.816296100616455,4.961481094360352,2557575
2006-08-17,4.771905899047852,5.0251851081848145,4.912592887878418,4.970369815826416,1825875
2006-08-18,4.63820743560791,4.9555559158325195,4.800000190734863,4.831110954284668,1840725
2006-08-21,4.480330944061279,4.785184860229492,4.663703918457031,4.6666669845581055,2384775
2006-08-22,4.456148624420166,4.745184898376465,4.62074089050293,4.641480922698975,1935225
2006-08-23,4.399256706237793,4.7362961769104,4.534814834594727,4.582221984863281,1825875
2006-08-24,4.295425891876221,4.639999866485596,4.4340739250183105,4.474073886871338,1804275
2006-08-25,4.265557289123535,4.4844441413879395,4.408888816833496,4.442963123321533,2502900
2006-08-28,4.488863945007324,4.745184898376465,4.465185165405273,4.675556182861328,2342250
2006-08-29,4.5912699699401855,4.800000190734863,4.628148078918457,4.782221794128418,2500875
2006-08-30,4.476061820983887,4.800000190734863,4.654815196990967,4.662221908569336,1117125
2006-08-31,4.540066242218018,4.771852016448975,4.66518497467041,4.728888988494873,1239300
2006-09-01,4.503086090087891,4.8059258460998535,4.682962894439697,4.690370082855225,2268000
2006-09-05,4.4362359046936035,4.690370082855225,4.583703994750977,4.62074089050293,2868075
2006-09-06,4.251335144042969,4.6044440269470215,4.428147792816162,4.428147792816162,2293650
2006-09-07,4.268402099609375,4.496295928955078,4.376296043395996,4.445926189422607,2776950
2006-09-08,4.230000019073486,4.5170369148254395,4.355556011199951,4.40592622756958,2122875
2006-09-11,4.38787841796875,4.573332786560059,4.325925827026367,4.570370197296143,4019625
2006-09-12,4.552867889404297,4.758519172668457,4.552593231201172,4.742221832275391,1813050
2006-09-13,4.643896579742432,4.863704204559326,4.693333148956299,4.837037086486816,1969650
2006-09-14,4.456148624420166,4.831110954284668,4.62074089050293,4.641480922698975,1584900
2006-09-15,4.329563617706299,4.697778224945068,4.499258995056152,4.50963020324707,3197475
2006-09-18,4.318182468414307,4.521481037139893,4.4340739250183105,4.497777938842773,2085075
2006-09-19,4.414902210235596,4.626667022705078,4.398519039154053,4.5985188484191895,4216050
2006-09-20,4.493129253387451,4.808888912200928,4.595555782318115,4.679999828338623,3040200
2006-09-21,4.394989967346191,4.71999979019165,4.552593231201172,4.577777862548828,2041875
2006-09-22,4.333830833435059,4.5985188484191895,4.456295967102051,4.514073848724365,2319975
2006-09-25,4.302538871765137,4.558518886566162,4.404444217681885,4.481481075286865,2184975
2006-09-26,4.43196964263916,4.659258842468262,4.468148231506348,4.61629581451416,2068875
2006-09-27,4.332407474517822,4.629630088806152,4.500741004943848,4.512592792510986,3011175
2006-09-28,4.369388580322266,4.579258918762207,4.468148231506348,4.551111221313477,1763100
2006-09-29,4.271246433258057,4.5362958908081055,4.4014811515808105,4.448888778686523,2470500
2006-10-02,4.160306453704834,4.457777976989746,4.290369987487793,4.3333330154418945,2919375
2006-10-03,4.239955902099609,4.419259071350098,4.257778167724609,4.416296005249023,3181950
2006-10-04,4.520153522491455,4.728888988494873,4.324443817138672,4.708148002624512,3306150
2006-10-05,4.658120632171631,4.865184783935547,4.700740814208984,4.851851940155029,2608875
2006-10-06,4.608338832855225,4.865184783935547,4.742221832275391,4.800000190734863,3497850
2006-10-09,4.69225549697876,4.957036972045898,4.725925922393799,4.887406826019287,2915325
2006-10-10,4.791817665100098,5.041481018066406,4.909629821777344,4.991110801696777,2023650
2006-10-11,4.660964012145996,4.958518981933594,4.8059258460998535,4.8548150062561035,1707750
2006-10-12,4.699368000030518,4.9274067878723145,4.8548150062561035,4.894814968109131,2140425
2006-10-13,4.672343730926514,4.940741062164307,4.801480770111084,4.866666793823242,1827900
2006-10-16,4.788973808288574,4.994073867797852,4.859259128570557,4.988148212432861,1786725
2006-10-17,4.554289817810059,4.937777996063232,4.722962856292725,4.743703842163086,2153250
2006-10-18,4.312494277954102,4.798519134521484,4.456295967102051,4.491851806640625,6445575
2006-10-19,4.434814453125,4.632593154907227,4.397037029266357,4.619258880615234,3076650
2006-10-20,4.393565654754639,4.632593154907227,4.508148193359375,4.576295852661133,1750950
2006-10-23,4.302538871765137,4.5985188484191895,4.40592622756958,4.481481075286865,4356450
2006-10-24,4.313918113708496,4.514073848724365,4.214815139770508,4.493332862854004,9781425
2006-10-25,4.093457221984863,4.508148193359375,4.239999771118164,4.2637038230896,5966325
2006-10-26,3.9810938835144043,4.278519153594971,4.010369777679443,4.146667003631592,12930975
2006-10-27,4.0465192794799805,4.348147869110107,4.05481481552124,4.214815139770508,6936975
2006-10-30,3.986781120300293,4.1940741539001465,4.088889122009277,4.15259313583374,5149575
2006-10-31,3.9341564178466797,4.216296195983887,4.074073791503906,4.097777843475342,4435425
2006-11-01,4.013805866241455,4.2948150634765625,4.179258823394775,4.180740833282471,5647725
2006-11-02,3.902864933013916,4.176296234130859,4.060740947723389,4.065185070037842,3726000
2006-11-03,3.7933452129364014,4.100740909576416,3.915555953979492,3.951111078262329,7275825
2006-11-06,3.914242744445801,4.142221927642822,4.011851787567139,4.0770368576049805,3795525
2006-11-07,3.8929078578948975,4.130370140075684,4.0444440841674805,4.05481481552124,1910250
2006-11-08,3.9313106536865234,4.108148097991943,3.9896299839019775,4.094814777374268,3438450
2006-11-09,3.9128212928771973,4.112593173980713,4.042963027954102,4.075555801391602,2801250
2006-11-10,3.982513427734375,4.15259313583374,4.0725932121276855,4.148148059844971,1339200
2006-11-13,4.018072605133057,4.191111087799072,4.112593173980713,4.185184955596924,2198475
2006-11-14,4.0963006019592285,4.272593021392822,4.165925979614258,4.266666889190674,1975725
2006-11-15,4.1574602127075195,4.340741157531738,4.247406959533691,4.33036994934082,2191050
2006-11-16,4.158882141113281,4.351110935211182,4.290369987487793,4.331851959228516,1227150
2006-11-17,4.114790439605713,4.33036994934082,4.251852035522461,4.28592586517334,1282500
2006-11-20,4.026606559753418,4.28592586517334,4.173333168029785,4.1940741539001465,1746900
2006-11-21,4.052209377288818,4.2266669273376465,4.1644439697265625,4.220740795135498,1905525
2006-11-22,4.018072605133057,4.232593059539795,4.127407073974609,4.185184955596924,1597050
2006-11-24,3.954069137573242,4.15259313583374,4.085926055908203,4.118518829345703,1044900
2006-11-27,3.870150089263916,4.10370397567749,4.010369777679443,4.031110763549805,3196800
2006-11-28,3.8929078578948975,4.078518867492676,3.9896299839019775,4.05481481552124,2410425
2006-11-29,3.7193846702575684,4.097777843475342,3.829629898071289,3.8740739822387695,3759075
2006-11-30,3.813258409500122,4.0237040519714355,3.8429629802703857,3.9718520641326904,4023000
2006-12-01,3.8331708908081055,4.02222204208374,3.894814968109131,3.9925930500030518,3951450
2006-12-04,3.8843743801116943,4.112593173980713,3.997036933898926,4.045926094055176,2622375
2006-12-05,3.8274810314178467,4.081480979919434,3.962963104248047,3.9866669178009033,2414475
2006-12-06,3.8260586261749268,4.004444122314453,3.9585189819335938,3.985184907913208,3381750
2006-12-07,3.823214530944824,4.02666711807251,3.954073905944824,3.982222080230713,3188700
2006-12-08,3.7364518642425537,3.985184907913208,3.8770370483398438,3.8918519020080566,3423600
2006-12-11,3.810413360595703,4.004444122314453,3.8725929260253906,3.968888998031616,2772225
2006-12-12,3.632622718811035,3.9911110401153564,3.728888988494873,3.7837040424346924,5061825
2006-12-13,3.6141316890716553,3.811851978302002,3.711111068725586,3.76444411277771,2102625
2006-12-14,3.7208073139190674,3.884443998336792,3.759999990463257,3.875555992126465,2226825
2006-12-15,3.6127097606658936,4.005926132202148,3.758518934249878,3.762963056564331,3746250
2006-12-18,3.543015480041504,3.777777910232544,3.6696300506591797,3.6903700828552246,1985850
2006-12-19,3.5899529457092285,3.7511110305786133,3.650369882583618,3.7392590045928955,2040525
2006-12-20,3.558661937713623,3.8281478881835938,3.699259042739868,3.706666946411133,2413800
2006-12-21,3.48754620552063,3.709630012512207,3.613332986831665,3.6325929164886475,1963575
2006-12-22,3.484700918197632,3.6696300506591797,3.589629888534546,3.6296300888061523,1481625
2006-12-26,3.540170907974243,3.699259042739868,3.591110944747925,3.6874070167541504,1065825
2006-12-27,3.518836259841919,3.7318520545959473,3.625185012817383,3.66518497467041,1644300
2006-12-28,3.461944103240967,3.680000066757202,3.5733330249786377,3.605926036834717,2108025
2006-12-29,3.4235403537750244,3.638519048690796,3.56148099899292,3.5659260749816895,2224800
2007-01-03,3.669602632522583,4.0237040519714355,3.6222219467163086,3.8222219944000244,6442875
2007-01-04,3.8217921257019043,3.9881479740142822,3.780740976333618,3.980741024017334,5119875
2007-01-05,3.686671733856201,3.9718520641326904,3.8103699684143066,3.8399999141693115,2322675
2007-01-08,3.6880929470062256,3.8859260082244873,3.7837040424346924,3.8414809703826904,1319625
2007-01-09,3.6966264247894287,3.8859260082244873,3.8177781105041504,3.850369930267334,1848825
2007-01-10,3.725074291229248,3.9051849842071533,3.81925892829895,3.880000114440918,2663550
2007-01-11,3.7833900451660156,3.9896299839019775,3.8622219562530518,3.9407410621643066,2554875
2007-01-12,3.8843743801116943,4.050370216369629,3.9377779960632324,4.045926094055176,2735775
2007-01-16,3.914242744445801,4.15259313583374,4.005926132202148,4.0770368576049805,2685150
2007-01-17,3.848816394805908,4.093332767486572,3.983704090118408,4.008889198303223,2825550
2007-01-18,3.8559274673461914,4.031110763549805,3.9792590141296387,4.016295909881592,2242350
2007-01-19,3.8331708908081055,4.034073829650879,3.9733328819274902,3.9925930500030518,1113750
2007-01-22,3.7449870109558105,4.051852226257324,3.880000114440918,3.9007411003112793,1995975
2007-01-23,3.762054443359375,3.9407410621643066,3.8355560302734375,3.9185190200805664,1935900
2007-01-24,3.7862343788146973,3.9600000381469727,3.8444440364837646,3.9437038898468018,2593350
2007-01-25,3.7435641288757324,3.9600000381469727,3.8918519020080566,3.899259090423584,2932875
2007-01-26,3.7449870109558105,3.933332920074463,3.8385190963745117,3.9007411003112793,4064850
2007-01-29,3.8146800994873047,3.9777779579162598,3.884443998336792,3.9733328819274902,1584900
2007-01-30,3.9626026153564453,4.142221927642822,3.9600000381469727,4.127407073974609,4865400
2007-01-31,3.951223850250244,4.185184955596924,4.085926055908203,4.115555763244629,2917350
2007-02-01,4.587003707885742,4.783703804016113,4.355556011199951,4.777778148651123,11597850
2007-02-02,4.508777141571045,4.792593002319336,4.688889026641846,4.696296215057373,3406725
2007-02-05,4.429126262664795,4.677036762237549,4.59407377243042,4.613333225250244,3106350
2007-02-06,4.5486016273498535,4.777778148651123,4.6177778244018555,4.737778186798096,2523150
2007-02-07,4.569935321807861,4.785184860229492,4.725925922393799,4.760000228881836,1504575
2007-02-08,4.490283489227295,4.771852016448975,4.657777786254883,4.677036762237549,1449225
2007-02-09,4.453304767608643,4.71851921081543,4.602962970733643,4.638518810272217,1606500
2007-02-12,4.407789707183838,4.6340742111206055,4.542222023010254,4.591111183166504,1298025
2007-02-13,4.486018180847168,4.678518772125244,4.577777862548828,4.672593116760254,1288575
2007-02-14,4.676610946655273,4.882963180541992,4.6666669845581055,4.871110916137695,2905875
2007-02-15,4.6794538497924805,4.887406826019287,4.802962779998779,4.8740739822387695,2107350
2007-02-16,4.606916427612305,4.8740739822387695,4.758519172668457,4.798519134521484,1391850
2007-02-20,4.700789451599121,4.921481132507324,4.743703842163086,4.89629602432251,1355400
2007-02-21,4.76621675491333,5.004444122314453,4.857778072357178,4.964444160461426,1770525
2007-02-22,4.709323883056641,4.991110801696777,4.877037048339844,4.905185222625732,1941975
2007-02-23,4.740615367889404,4.95111083984375,4.859259128570557,4.937777996063232,1640925
2007-02-26,4.609761714935303,4.943704128265381,4.777778148651123,4.801480770111084,2122200
2007-02-27,4.433391571044922,4.749629974365234,4.554073810577393,4.6177778244018555,3969000
2007-02-28,4.424860000610352,4.66963005065918,4.503704071044922,4.608889102935791,2720925
2007-03-01,4.382187843322754,4.6177778244018555,4.4637041091918945,4.564444065093994,1844775
2007-03-02,4.275513172149658,4.562963008880615,4.451851844787598,4.453332901000977,3098250
2007-03-05,4.138970375061035,4.445926189422607,4.277037143707275,4.311110973358154,2908575
2007-03-06,4.133281707763672,4.364443778991699,4.271111011505127,4.305184841156006,2830275
2007-03-07,4.1119465827941895,4.309629917144775,4.242962837219238,4.282962799072266,2741175
2007-03-08,4.1574602127075195,4.388147830963135,4.300741195678711,4.33036994934082,1756350
2007-03-09,4.174529075622559,4.392592906951904,4.309629917144775,4.348147869110107,1590300
2007-03-12,4.1830620765686035,4.40592622756958,4.328888893127441,4.35703706741333,1256175
2007-03-13,4.018072605133057,4.3333330154418945,4.185184955596924,4.185184955596924,1929150
2007-03-14,4.079233646392822,4.250370025634766,4.081480979919434,4.248888969421387,3159675
2007-03-15,4.113369464874268,4.30814790725708,4.229629993438721,4.2844438552856445,1256850
2007-03-16,4.009538650512695,4.2844438552856445,4.1451849937438965,4.176296234130859,2790450
2007-03-19,3.9384233951568604,4.197037220001221,4.0725932121276855,4.102221965789795,2979450
2007-03-20,4.090611934661865,4.260741233825684,4.084444046020508,4.260741233825684,1316250
2007-03-21,4.147505283355713,4.322963237762451,4.189630031585693,4.320000171661377,1553175
2007-03-22,4.138970375061035,4.325925827026367,4.195556163787842,4.311110973358154,3036825
2007-03-23,4.2385334968566895,4.420741081237793,4.299259185791016,4.4148149490356445,1654425
2007-03-26,4.202976226806641,4.420741081237793,4.327406883239746,4.377778053283691,2049975
2007-03-27,4.1574602127075195,4.3659257888793945,4.299259185791016,4.33036994934082,1090125
2007-03-28,4.087767124176025,4.355556011199951,4.232593059539795,4.257778167724609,1277100
2007-03-29,4.074965476989746,4.293333053588867,4.180740833282471,4.244443893432617,1586250
2007-03-30,4.097723484039307,4.300741195678711,4.222221851348877,4.268147945404053,893700
2007-04-02,4.113369464874268,4.318519115447998,4.247406959533691,4.2844438552856445,965925
2007-04-03,4.165992736816406,4.374814987182617,4.293333053588867,4.339259147644043,1366875
2007-04-04,4.0465192794799805,4.336296081542969,4.207406997680664,4.214815139770508,1115100
2007-04-05,4.110523700714111,4.288888931274414,4.154074192047119,4.28148078918457,720900
2007-04-09,4.114790439605713,4.354074001312256,4.2637038230896,4.28592586517334,729000
2007-04-10,4.110523700714111,4.299259185791016,4.260741233825684,4.28148078918457,583200
2007-04-11,4.008116722106934,4.197037220001221,4.099258899688721,4.1748151779174805,6749325
2007-04-12,4.137549877166748,4.31259298324585,4.112593173980713,4.309629917144775,2620350
2007-04-13,4.0963006019592285,4.318519115447998,4.2133331298828125,4.266666889190674,823500
2007-04-16,4.23142147064209,4.422222137451172,4.28000020980835,4.407406806945801,1784700
2007-04-17,4.288316249847412,4.505185127258301,4.410369873046875,4.466667175292969,2250450
2007-04-18,4.272669792175293,4.4844441413879395,4.397037029266357,4.450369834899902,1156275
2007-04-19,4.350898742675781,4.554073810577393,4.35703706741333,4.531851768493652,2172150
2007-04-20,4.535799503326416,4.7540740966796875,4.525926113128662,4.7244439125061035,5420250
2007-04-23,4.550022125244141,4.765925884246826,4.725925922393799,4.739258766174316,2392875
2007-04-24,4.59696102142334,4.789629936218262,4.639999866485596,4.788147926330566,2855250
2007-04-25,4.723546981811523,4.985185146331787,4.863704204559326,4.920000076293945,4423950
2007-04-26,4.439081192016602,4.740740776062012,4.579258918762207,4.623703956604004,5555925
2007-04-27,4.350898742675781,4.597036838531494,4.497777938842773,4.531851768493652,2276775
2007-04-30,4.204397201538086,4.533332824707031,4.355556011199951,4.37925910949707,3013875
2007-05-01,4.082078456878662,4.373332977294922,4.217778205871582,4.251852035522461,3634200
2007-05-02,4.218620300292969,4.451851844787598,4.256296157836914,4.394073963165283,3380400
2007-05-03,4.2982707023620605,4.481481075286865,4.377778053283691,4.477036952972412,1956825
2007-05-04,4.308228492736816,4.491851806640625,4.408888816833496,4.487407207489014,3566700
2007-05-07,4.272669792175293,4.494814872741699,4.413332939147949,4.450369834899902,1885950
2007-05-08,4.346629619598389,4.530370235443115,4.402963161468506,4.527407169342041,2199825
2007-05-09,4.3252949714660645,4.519999980926514,4.423704147338867,4.505185127258301,1694250
2007-05-10,4.22430944442749,4.485926151275635,4.371851921081543,4.400000095367432,2417850
2007-05-11,4.252758502960205,4.4637041091918945,4.394073963165283,4.429629802703857,912600
2007-05-14,4.168840408325195,4.444444179534912,4.300741195678711,4.342222213745117,1143450
2007-05-15,4.205820083618164,4.426667213439941,4.2844438552856445,4.380741119384766,1931175
2007-05-16,4.315339088439941,4.499258995056152,4.358519077301025,4.494814872741699,1308150
2007-05-17,4.31107234954834,4.56148099899292,4.478518962860107,4.49036979675293,2819475
2007-05-18,4.403523921966553,4.605926036834717,4.494814872741699,4.586667060852051,2398950
2007-05-21,4.443349838256836,4.675556182861328,4.554073810577393,4.628148078918457,1713150
2007-05-22,4.476061820983887,4.677036762237549,4.591111183166504,4.662221908569336,2456325
2007-05-23,4.471795558929443,4.730370044708252,4.6340742111206055,4.657777786254883,1979775
2007-05-24,4.346629619598389,4.645925998687744,4.518518924713135,4.527407169342041,2150550
2007-05-25,4.316760540008545,4.607407093048096,4.478518962860107,4.496295928955078,1491075
2007-05-29,4.312494277954102,4.521481037139893,4.426667213439941,4.491851806640625,2244375
2007-05-30,4.424860000610352,4.619258880615234,4.445926189422607,4.608889102935791,2137725
2007-05-31,4.441925525665283,4.693333148956299,4.605926036834717,4.626667022705078,1531575
2007-06-01,4.441925525665283,4.712593078613281,4.5985188484191895,4.626667022705078,897075
2007-06-04,4.402100563049316,4.623703956604004,4.570370197296143,4.5851850509643555,777600
2007-06-05,4.383611679077148,4.631111145019531,4.525926113128662,4.5659260749816895,1368900
2007-06-06,4.302538871765137,4.574814796447754,4.407406806945801,4.481481075286865,1651725
2007-06-07,4.156039237976074,4.457777976989746,4.318519115447998,4.328888893127441,2421900
2007-06-08,4.259868621826172,4.43851900100708,4.303703784942627,4.437036991119385,1426275
2007-06-11,4.241378307342529,4.43851900100708,4.371851921081543,4.417778015136719,1597050
2007-06-12,4.163149833679199,4.404444217681885,4.321481227874756,4.336296081542969,1125225
2007-06-13,4.23142147064209,4.423704147338867,4.336296081542969,4.407406806945801,1072575
2007-06-14,4.3281402587890625,4.528889179229736,4.397037029266357,4.508148193359375,838350
2007-06-15,4.404944896697998,4.605926036834717,4.528889179229736,4.58814811706543,3140100
2007-06-18,4.28120231628418,4.599999904632568,4.444444179534912,4.459259033203125,2017575
2007-06-19,4.275513172149658,4.496295928955078,4.408888816833496,4.453332901000977,1288575
2007-06-20,4.218620300292969,4.554073810577393,4.38962984085083,4.394073963165283,1590300
2007-06-21,4.268402099609375,4.457777976989746,4.3437042236328125,4.445926189422607,2006775
2007-06-22,4.212931156158447,4.472592830657959,4.380741119384766,4.388147830963135,2636550
2007-06-25,4.302538871765137,4.592593193054199,4.388147830963135,4.481481075286865,2363850
2007-06-26,4.248490810394287,4.494814872741699,4.380741119384766,4.425185203552246,2019600
2007-06-27,4.406369686126709,4.59407377243042,4.370369911193848,4.589630126953125,2095875
2007-06-28,4.318182468414307,4.554073810577393,4.468148231506348,4.497777938842773,2116125
2007-06-29,4.288316249847412,4.549630165100098,4.453332901000977,4.466667175292969,2143800
2007-07-02,4.375077247619629,4.5659260749816895,4.459259033203125,4.557036876678467,1339200
2007-07-03,4.419167995452881,4.6666669845581055,4.543704032897949,4.602962970733643,1071225
2007-07-05,4.38503360748291,4.644443988800049,4.521481037139893,4.567407131195068,1399275
2007-07-06,4.434814453125,4.660740852355957,4.534814834594727,4.619258880615234,1140075
2007-07-09,4.443349838256836,4.662221908569336,4.5985188484191895,4.628148078918457,1960200
2007-07-10,4.321028709411621,4.629630088806152,4.488889217376709,4.500741004943848,1250775
2007-07-11,4.409213542938232,4.5985188484191895,4.49036979675293,4.592593193054199,2971350
2007-07-12,4.487440586090088,4.688889026641846,4.6044440269470215,4.674074172973633,1547775
2007-07-13,4.481750965118408,4.68740701675415,4.602962970733643,4.668148040771484,755325
2007-07-16,4.535799503326416,4.8251848220825195,4.706666946411133,4.7244439125061035,4861350
2007-07-17,4.490283489227295,4.742221832275391,4.605926036834717,4.677036762237549,2322000
2007-07-18,4.477485656738281,4.721480846405029,4.571852207183838,4.663703918457031,1317600
2007-07-19,4.481750965118408,4.733333110809326,4.625185012817383,4.668148040771484,1794825
2007-07-20,4.36085319519043,4.6666669845581055,4.457777976989746,4.542222023010254,1617300
2007-07-23,4.067854881286621,4.471110820770264,4.139258861541748,4.237037181854248,8154675
2007-07-24,3.858771324157715,4.222221851348877,3.9777779579162598,4.019258975982666,7904250
2007-07-25,3.9113972187042236,4.186666965484619,3.9792590141296387,4.074073791503906,3373650
2007-07-26,3.9896271228790283,4.202962875366211,3.9866669178009033,4.1555562019348145,8463150
2007-07-27,4.0465192794799805,4.355556011199951,4.159999847412109,4.214815139770508,6126975
2007-07-30,4.101990699768066,4.325925827026367,4.201480865478516,4.272593021392822,2829600
2007-07-31,4.10483455657959,4.377778053283691,4.199999809265137,4.2755560874938965,4220100
2007-08-01,4.126170635223389,4.33481502532959,4.154074192047119,4.297778129577637,3998025
2007-08-02,4.185907363891602,4.46074104309082,4.2651848793029785,4.360000133514404,4131000
2007-08-03,4.008116722106934,4.35703706741333,4.154074192047119,4.1748151779174805,5578875
2007-08-06,4.123323917388916,4.309629917144775,4.105185031890869,4.2948150634765625,3618000
2007-08-07,4.1432390213012695,4.325925827026367,4.197037220001221,4.315556049346924,2286900
2007-08-08,4.315339088439941,4.605926036834717,4.297778129577637,4.494814872741699,6129000
2007-08-09,4.202976226806641,4.4844441413879395,4.31259298324585,4.377778053283691,5065875
2007-08-10,4.207241535186768,4.478518962860107,4.297778129577637,4.3822221755981445,3978450
2007-08-13,4.05363130569458,4.475555896759033,4.191111087799072,4.222221851348877,2207250
2007-08-14,3.888640880584717,4.2755560874938965,4.042963027954102,4.050370216369629,1136700
2007-08-15,3.813258409500122,4.219258785247803,3.962963104248047,3.9718520641326904,2614275
2007-08-16,3.9384233951568604,4.165925979614258,3.894814968109131,4.102221965789795,3663900
2007-08-17,4.066432952880859,4.410369873046875,4.134815216064453,4.235556125640869,3493800
2007-08-20,4.165992736816406,4.367406845092773,4.225184917449951,4.339259147644043,967950
2007-08-21,4.097723484039307,4.361481189727783,4.208889007568359,4.268147945404053,967950
2007-08-22,4.180217742919922,4.407406806945801,4.305184841156006,4.354074001312256,963900
2007-08-23,4.062164783477783,4.392592906951904,4.222221851348877,4.2311110496521,2868750
2007-08-24,4.121902942657471,4.337778091430664,4.180740833282471,4.293333053588867,2263950
2007-08-27,4.050785064697266,4.271111011505127,4.189630031585693,4.219258785247803,2085750
2007-08-28,3.982513427734375,4.202962875366211,4.137777805328369,4.148148059844971,1984500
2007-08-29,4.093457221984863,4.28148078918457,4.136295795440674,4.2637038230896,1070550
2007-08-30,4.0123820304870605,4.268147945404053,4.1644439697265625,4.179258823394775,1206900
2007-08-31,4.0963006019592285,4.2948150634765625,4.201480865478516,4.266666889190674,799875
2007-09-04,4.074965476989746,4.322963237762451,4.207406997680664,4.244443893432617,1183275
2007-09-05,3.945535898208618,4.250370025634766,4.090370178222656,4.109630107879639,2480625
2007-09-06,3.9384233951568604,4.1585187911987305,4.053332805633545,4.102221965789795,1054350
2007-09-07,3.8459718227386475,4.122962951660156,3.968888998031616,4.005926132202148,1640925
2007-09-10,3.712272882461548,4.050370216369629,3.765925884246826,3.8666670322418213,4085775
2007-09-11,3.7577879428863525,3.9748148918151855,3.8562960624694824,3.914073944091797,1530900
2007-09-12,3.6539578437805176,3.921480894088745,3.7911109924316406,3.8059260845184326,1082025
2007-09-13,3.656801223754883,3.882962942123413,3.7422220706939697,3.8088889122009277,1487025
2007-09-14,3.7520976066589355,3.909630060195923,3.7496299743652344,3.9081480503082275,2437425
2007-09-17,3.8417041301727295,4.029630184173584,3.8859260082244873,4.001481056213379,3236625
2007-09-18,3.8957529067993164,4.105185031890869,3.9570369720458984,4.0577778816223145,3555900
2007-09-19,3.796189785003662,4.191111087799072,3.9422221183776855,3.954073905944824,3502575
2007-09-20,3.5515494346618652,3.9570369720458984,3.69185209274292,3.699259042739868,5414850
2007-09-21,3.53021502494812,3.79703688621521,3.672593116760254,3.677037000656128,2986200
2007-09-24,3.5103015899658203,3.728888988494873,3.644443988800049,3.6562960147857666,3157650
2007-09-25,3.461944103240967,3.6888890266418457,3.542222023010254,3.605926036834717,2268675
2007-09-26,3.4775891304016113,3.6533329486846924,3.608889102935791,3.6222219467163086,1670625
2007-09-27,3.443453073501587,3.6711111068725586,3.586667060852051,3.586667060852051,2123550
2007-09-28,3.4093170166015625,3.6074070930480957,3.5288889408111572,3.5511109828948975,2109375
2007-10-01,3.508880138397217,3.677037000656128,3.5525929927825928,3.6548149585723877,4700025
2007-10-02,3.527369260787964,3.684443950653076,3.628148078918457,3.6740739345550537,2074950
2007-10-03,3.4775891304016113,3.672593116760254,3.6148149967193604,3.6222219467163086,2443500
2007-10-04,3.4647881984710693,3.659259080886841,3.555556058883667,3.608889102935791,1970325
2007-10-05,3.5871071815490723,3.7866671085357666,3.6296300888061523,3.7362959384918213,4160025
2007-10-08,3.5387494564056396,3.765925884246826,3.625185012817383,3.6859259605407715,1716525
2007-10-09,3.494657516479492,3.7348148822784424,3.56148099899292,3.640000104904175,2257875
2007-10-10,3.4818570613861084,3.6533329486846924,3.5807409286499023,3.626667022705078,2576475
2007-10-11,3.4334962368011475,3.6711111068725586,3.555556058883667,3.576296091079712,1376325
2007-10-12,3.4505653381347656,3.6148149967193604,3.5288889408111572,3.594074010848999,954450
2007-10-15,3.3979384899139404,3.6148149967193604,3.5392589569091797,3.5392589569091797,2125575
2007-10-16,3.4249627590179443,3.594074010848999,3.527406930923462,3.5674068927764893,2823525
2007-10-17,3.3581130504608154,3.650369882583618,3.4459259510040283,3.4977779388427734,2310525
2007-10-18,3.1945455074310303,3.4607410430908203,3.2844440937042236,3.327406883239746,5223150
2007-10-19,3.1675209999084473,3.444443941116333,3.2962958812713623,3.2992589473724365,3374325
2007-10-22,3.274195671081543,3.4296300411224365,3.2266669273376465,3.410370111465454,4371975
2007-10-23,3.3140218257904053,3.493333101272583,3.3777780532836914,3.4518520832061768,2170800
2007-10-24,3.2315258979797363,3.4296300411224365,3.318519115447998,3.3659260272979736,2313225
2007-10-25,3.1063623428344727,3.2622220516204834,3.0948150157928467,3.23555588722229,4465125
2007-10-26,3.211613655090332,3.3703699111938477,3.217777967453003,3.3451850414276123,3123225
2007-10-29,3.161831855773926,3.3659260272979736,3.2162959575653076,3.293333053588867,3189375
2007-10-30,3.149030923843384,3.3096299171447754,3.207406997680664,3.2799999713897705,2216700
2007-10-31,3.21303653717041,3.413332939147949,3.2103700637817383,3.3466670513153076,3281175
2007-11-01,3.13623046875,3.3022220134735107,3.185184955596924,3.266666889190674,3456000
2007-11-02,3.2286815643310547,3.3674070835113525,3.240000009536743,3.3629629611968994,3210975
2007-11-05,3.1988141536712646,3.389630079269409,3.271111011505127,3.3318519592285156,2205225
2007-11-06,3.2244157791137695,3.3837039470672607,3.2385189533233643,3.3585190773010254,1903500
2007-11-07,3.164677143096924,3.35703706741333,3.274074077606201,3.2962958812713623,3433050
2007-11-08,3.3581130504608154,3.5022220611572266,3.259258985519409,3.4977779388427734,4411125
2007-11-09,3.274195671081543,3.4607410430908203,3.361480951309204,3.410370111465454,4567050
2007-11-12,3.34104585647583,3.5688889026641846,3.4029629230499268,3.4800000190734863,3682125
2007-11-13,3.5728843212127686,3.733333110809326,3.496295928955078,3.7214810848236084,3858975
2007-11-14,3.504612684249878,3.730370044708252,3.5881481170654297,3.650369882583618,3672675
2007-11-15,3.4093170166015625,3.6859259605407715,3.5051848888397217,3.5511109828948975,2888325
2007-11-16,3.201657295227051,3.524444103240967,3.285926103591919,3.33481502532959,5219775
2007-11-19,3.0779149532318115,3.2918519973754883,3.1762959957122803,3.205925941467285,3880575
2007-11-20,3.0636913776397705,3.256295919418335,3.0918519496917725,3.1911110877990723,2730375
2007-11-21,3.05942440032959,3.244443893432617,3.112592935562134,3.186666965484619,2940300
2007-11-23,3.058001756668091,3.254815101623535,3.1718521118164062,3.185184955596924,832275
2007-11-26,2.9584383964538574,3.2474069595336914,3.0770370960235596,3.0814809799194336,1695600
2007-11-27,2.94279408454895,3.1259260177612305,3.0237040519714355,3.065185070037842,2893050
2007-11-28,3.1433420181274414,3.2799999713897705,3.0577778816223145,3.274074077606201,3553200
2007-11-29,3.058001756668091,3.25333309173584,3.1644439697265625,3.185184955596924,1605150
2007-11-30,3.204503059387207,3.3674070835113525,3.2296299934387207,3.337778091430664,2387475
2007-12-03,3.254284381866455,3.43851900100708,3.2637040615081787,3.389630079269409,3310875
2007-12-04,3.1291189193725586,3.3585190773010254,3.237036943435669,3.259258985519409,4322025
2007-12-05,3.2101919651031494,3.355556011199951,3.259258985519409,3.3437039852142334,2513700
2007-12-06,3.45340895652771,3.6014809608459473,3.318519115447998,3.5970370769500732,2942325
2007-12-07,3.5487043857574463,3.7377779483795166,3.574815034866333,3.696295976638794,3420900
2007-12-10,3.595641613006592,3.7703700065612793,3.662221908569336,3.745184898376465,5100300
2007-12-11,3.4377639293670654,3.799999952316284,3.574815034866333,3.5807409286499023,3615975
2007-12-12,3.400783061981201,3.7392590045928955,3.4859259128570557,3.542222023010254,3564675
2007-12-13,3.5074567794799805,3.675555944442749,3.4948151111602783,3.6533329486846924,2434050
2007-12-14,3.3367786407470703,3.5970370769500732,3.469630002975464,3.475555896759033,2206575
2007-12-17,3.3837151527404785,3.662221908569336,3.435555934906006,3.524444103240967,2168100
2007-12-18,3.365225076675415,3.564444065093994,3.3985190391540527,3.5051848888397217,2402325
2007-12-19,3.271350145339966,3.51111102104187,3.389630079269409,3.40740704536438,1871100
2007-12-20,3.3225560188293457,3.4607410430908203,3.359999895095825,3.4607410430908203,1589625
2007-12-21,3.3950929641723633,3.5985190868377686,3.444443941116333,3.5362958908081055,2960550
2007-12-24,3.4519872665405273,3.6014809608459473,3.51111102104187,3.5955560207366943,387450
2007-12-26,3.4320738315582275,3.5999999046325684,3.4666669368743896,3.574815034866333,1100250
2007-12-27,3.3382010459899902,3.5881481170654297,3.4266669750213623,3.477036952972412,1131975
2007-12-28,3.366647481918335,3.5970370769500732,3.4977779388427734,3.506666898727417,780300
2007-12-31,3.286997079849243,3.571851968765259,3.315556049346924,3.423703908920288,2976075
2008-01-02,3.1589877605438232,3.408889055252075,3.2281479835510254,3.290369987487793,4072950
2008-01-03,3.0935604572296143,3.3466670513153076,3.2148149013519287,3.222222089767456,2830950
2008-01-04,3.100672721862793,3.266666889190674,3.085926055908203,3.2296299934387207,4155975
2008-01-07,3.124852418899536,3.3303699493408203,3.1585190296173096,3.254815101623535,2223450
2008-01-08,2.966973066329956,3.3214809894561768,3.082962989807129,3.090369939804077,2236950
2008-01-09,3.036668062210083,3.1762959957122803,3.037036895751953,3.1629629135131836,1987875
2008-01-10,3.1433420181274414,3.3259260654449463,3.045926094055176,3.274074077606201,3038175
2008-01-11,2.9655513763427734,3.241481065750122,3.082962989807129,3.0888888835906982,3541050
2008-01-14,3.149030923843384,3.3140740394592285,3.115556001663208,3.2799999713897705,1878525
2008-01-15,3.0807600021362305,3.2977778911590576,3.1407411098480225,3.2088890075683594,2816100
2008-01-16,3.217303991317749,3.4044439792633057,3.1333329677581787,3.3511109352111816,3599100
2008-01-17,3.1789004802703857,3.4681479930877686,3.3111109733581543,3.3111109733581543,5719275
2008-01-18,3.0665364265441895,3.389630079269409,3.139259099960327,3.1940739154815674,6619725
2008-01-22,3.107783555984497,3.3111109733581543,3.0088889598846436,3.237036943435669,3697650
2008-01-23,3.53021502494812,3.733333110809326,3.1111109256744385,3.677037000656128,5987925
2008-01-24,3.543015480041504,3.7570369243621826,3.6222219467163086,3.6903700828552246,5215050
2008-01-25,3.6440019607543945,3.915555953979492,3.74666690826416,3.79555606842041,8122275
2008-01-28,3.658224105834961,3.8207409381866455,3.6666669845581055,3.8103699684143066,4637250
2008-01-29,3.7762765884399414,3.9733328819274902,3.7985188961029053,3.933332920074463,4512375
2008-01-30,3.7976131439208984,4.065185070037842,3.8592588901519775,3.9555559158325195,5703075
2008-01-31,4.146082878112793,4.444444179534912,4.005926132202148,4.318519115447998,21469050
2008-02-01,4.178797721862793,4.442963123321533,4.237037181854248,4.352592945098877,7967700
2008-02-04,4.197287082672119,4.437036991119385,4.305184841156006,4.371851921081543,3966975
2008-02-05,4.1005682945251465,4.442963123321533,4.259259223937988,4.271111011505127,4887675
2008-02-06,4.144659996032715,4.386666774749756,4.257778167724609,4.317037105560303,3611250
2008-02-07,4.292580604553223,4.558518886566162,4.277037143707275,4.471110820770264,7273125
2008-02-08,4.352318286895752,4.647407054901123,4.370369911193848,4.533332824707031,4496175
2008-02-11,4.217197895050049,4.540740966796875,4.3629631996154785,4.392592906951904,4710825
2008-02-12,4.26129150390625,4.5155558586120605,4.402963161468506,4.43851900100708,2542050
2008-02-13,4.426280975341797,4.629630088806152,4.429629802703857,4.61037015914917,5077350
2008-02-14,4.3252949714660645,4.762962818145752,4.503704071044922,4.505185127258301,5189400
2008-02-15,4.222889423370361,4.512592792510986,4.370369911193848,4.398519039154053,3718575
2008-02-19,4.133281707763672,4.514073848724365,4.266666889190674,4.305184841156006,4179600
2008-02-20,4.244222164154053,4.454814910888672,4.291851997375488,4.420741081237793,3056400
2008-02-21,4.23142147064209,4.537777900695801,4.40592622756958,4.407406806945801,4047300
2008-02-22,4.126170635223389,4.442963123321533,4.198519229888916,4.297778129577637,2552850
2008-02-25,4.153194427490234,4.419259071350098,4.225184917449951,4.325925827026367,1973025
2008-02-26,4.211509704589844,4.444444179534912,4.2844438552856445,4.386666774749756,2304450
2008-02-27,4.140392303466797,4.422222137451172,4.269629955291748,4.31259298324585,2818800
2008-02-28,4.029451847076416,4.423704147338867,4.186666965484619,4.197037220001221,1900125
2008-02-29,3.875839948654175,4.180740833282471,4.0237040519714355,4.037036895751953,2317275
2008-03-03,3.9782488346099854,4.1585187911987305,4.007407188415527,4.143703937530518,1903500
2008-03-04,4.163149833679199,4.3466668128967285,4.017777919769287,4.336296081542969,4413150
2008-03-05,4.153194427490234,4.450369834899902,4.244443893432617,4.325925827026367,2743875
2008-03-06,4.0123820304870605,4.293333053588867,4.15259313583374,4.179258823394775,2430675
2008-03-07,4.035141468048096,4.269629955291748,4.038518905639648,4.202962875366211,2567700
2008-03-10,4.010961532592773,4.306666851043701,4.1777777671813965,4.1777777671813965,3404025
2008-03-11,4.359431266784668,4.542222023010254,4.288888931274414,4.540740966796875,4387500
2008-03-12,4.222889423370361,4.599999904632568,4.38962984085083,4.398519039154053,3015225
2008-03-13,4.420592308044434,4.64296293258667,4.315556049346924,4.6044440269470215,6363900
2008-03-14,4.335251331329346,4.684443950653076,4.445926189422607,4.5155558586120605,2288250
2008-03-17,4.276937961578369,4.564444065093994,4.397037029266357,4.454814910888672,4728375
2008-03-18,4.404944896697998,4.6562957763671875,4.426667213439941,4.58814811706543,5438475
2008-03-19,4.05363130569458,4.675556182861328,4.222221851348877,4.222221851348877,6068925
2008-03-20,4.276937961578369,4.518518924713135,4.180740833282471,4.454814910888672,7719975
2008-03-24,4.628252029418945,4.868147850036621,4.46074104309082,4.820741176605225,6648750
2008-03-25,4.680877208709717,4.980741024017334,4.761480808258057,4.875555992126465,4804650
2008-03-26,4.535799503326416,4.848888874053955,4.708148002624512,4.7244439125061035,3888675
2008-03-27,4.544333457946777,4.81777811050415,4.674074172973633,4.733333110809326,3527550
2008-03-28,4.551445484161377,4.8414812088012695,4.706666946411133,4.740740776062012,3582225
2008-03-31,4.527266025543213,4.765925884246826,4.631111145019531,4.7155561447143555,3225150
2008-04-01,4.76763916015625,4.968889236450195,4.739258766174316,4.965926170349121,4442175
2008-04-02,4.715013027191162,4.9748148918151855,4.837037086486816,4.911110877990723,3536325
2008-04-03,4.67092227935791,4.880000114440918,4.71999979019165,4.865184783935547,3653100
2008-04-04,4.460416793823242,4.81777811050415,4.589630126953125,4.645925998687744,4705425
2008-04-07,4.5486016273498535,4.785184860229492,4.645925998687744,4.737778186798096,2053350
2008-04-08,4.439081192016602,4.71851921081543,4.555555820465088,4.623703956604004,5101650
2008-04-09,4.309648513793945,4.573332786560059,4.466667175292969,4.488889217376709,4276800
2008-04-10,4.403523921966553,4.622221946716309,4.355556011199951,4.586667060852051,3239325
2008-04-11,4.345208644866943,4.6148152351379395,4.500741004943848,4.525926113128662,2438100
2008-04-14,4.335251331329346,4.6370368003845215,4.511110782623291,4.5155558586120605,2575800
2008-04-15,4.396411418914795,4.579258918762207,4.468148231506348,4.579258918762207,2731050
2008-04-16,4.588425159454346,4.831110954284668,4.5851850509643555,4.779259204864502,3268350
2008-04-17,4.195864200592041,4.525926113128662,4.296296119689941,4.370369911193848,8135775
2008-04-18,4.413479328155518,4.61037015914917,4.408888816833496,4.597036838531494,4473900
2008-04-21,4.321028709411621,4.577777862548828,4.429629802703857,4.500741004943848,3671325
2008-04-22,4.202976226806641,4.485926151275635,4.299259185791016,4.377778053283691,3489075
2008-04-23,4.090611934661865,4.328888893127441,4.014814853668213,4.260741233825684,10081125
2008-04-24,4.185907363891602,4.397037029266357,4.090370178222656,4.360000133514404,6139125
2008-04-25,4.22430944442749,4.441481113433838,4.317037105560303,4.400000095367432,3026700
2008-04-28,4.323874473571777,4.506667137145996,4.30814790725708,4.503704071044922,3238650
2008-04-29,4.343786716461182,4.542222023010254,4.340741157531738,4.524444103240967,2177550
2008-04-30,4.366544246673584,4.645925998687744,4.454814910888672,4.548148155212402,3126600
2008-05-01,4.564246654510498,4.814815044403076,4.512592792510986,4.7540740966796875,3919050
2008-05-02,4.528687477111816,4.888888835906982,4.577777862548828,4.717037200927734,4606200
2008-05-05,4.498819351196289,4.749629974365234,4.657777786254883,4.6859259605407715,2205225
2008-05-06,4.532954692840576,4.752593040466309,4.6044440269470215,4.721480846405029,2062800
2008-05-07,4.358009338378906,4.79555606842041,4.521481037139893,4.53925895690918,2816100
2008-05-08,4.372231483459473,4.622221946716309,4.503704071044922,4.554073810577393,2234250
2008-05-09,4.285470485687256,4.555555820465088,4.440000057220459,4.4637041091918945,2315925
2008-05-12,4.379342555999756,4.589630126953125,4.444444179534912,4.56148099899292,2143800
2008-05-13,4.4447712898254395,4.6859259605407715,4.493332862854004,4.629630088806152,2153925
2008-05-14,4.497397422790527,4.751111030578613,4.583703994750977,4.684443950653076,1806975
2008-05-15,4.55855655670166,4.760000228881836,4.622221946716309,4.748147964477539,2000025
2008-05-16,4.466106414794922,4.779259204864502,4.562963008880615,4.651852130889893,2562975
2008-05-19,4.419167995452881,4.725925922393799,4.549630165100098,4.602962970733643,2430675
2008-05-20,4.237112045288086,4.583703994750977,4.38962984085083,4.413332939147949,2724300
2008-05-21,3.9782488346099854,4.462222099304199,4.112593173980713,4.143703937530518,6763500
2008-05-22,4.136125564575195,4.309629917144775,4.146667003631592,4.30814790725708,4315275
2008-05-23,3.99104905128479,4.30814790725708,4.133333206176758,4.157036781311035,3244725
2008-05-27,4.037985801696777,4.214815139770508,4.0,4.205925941467285,3314250
2008-05-28,4.003849029541016,4.260741233825684,4.131852149963379,4.170370101928711,2795175
2008-05-29,4.083499908447266,4.327406883239746,4.149630069732666,4.25333309173584,2166750
2008-05-30,4.292580604553223,4.474073886871338,4.198519229888916,4.471110820770264,5080725
2008-06-02,4.215777397155762,4.465185165405273,4.351110935211182,4.391110897064209,4428675
2008-06-03,4.188751697540283,4.497777938842773,4.30814790725708,4.3629631996154785,2961900
2008-06-04,4.332407474517822,4.59407377243042,4.336296081542969,4.512592792510986,3370950
2008-06-05,4.488863945007324,4.679999828338623,4.453332901000977,4.675556182861328,2754000
2008-06-06,4.147505283355713,4.62074089050293,4.309629917144775,4.320000171661377,3321675
2008-06-09,4.185907363891602,4.454814910888672,4.278519153594971,4.360000133514404,2250450
2008-06-10,4.1119465827941895,4.3333330154418945,4.237037181854248,4.282962799072266,3245400
2008-06-11,3.9498019218444824,4.288888931274414,4.0962958335876465,4.114074230194092,3602475
2008-06-12,3.902864933013916,4.186666965484619,4.0325927734375,4.065185070037842,2982825
2008-06-13,4.117636203765869,4.413332939147949,4.1644439697265625,4.288888931274414,7946775
2008-06-16,4.134703636169434,4.35703706741333,4.2651848793029785,4.306666851043701,3980475
2008-06-17,4.17595100402832,4.3822221755981445,4.287406921386719,4.349629878997803,3020625
2008-06-18,4.266979694366455,4.494814872741699,4.2266669273376465,4.444444179534912,6876900
2008-06-19,4.458993911743164,4.6666669845581055,4.40592622756958,4.644443988800049,6061500
2008-06-20,4.419167995452881,4.6666669845581055,4.521481037139893,4.602962970733643,5435775
2008-06-23,4.2982707023620605,4.629630088806152,4.465185165405273,4.477036952972412,2443500
2008-06-24,4.158882141113281,4.478518962860107,4.317037105560303,4.331851959228516,3593700
2008-06-25,4.279780864715576,4.518518924713135,4.287406921386719,4.457777976989746,3360825
2008-06-26,4.163149833679199,4.445926189422607,4.306666851043701,4.336296081542969,2146500
2008-06-27,4.214354515075684,4.451851844787598,4.271111011505127,4.38962984085083,3197475
2008-06-30,4.2698235511779785,4.528889179229736,4.288888931274414,4.447406768798828,3384450
2008-07-01,4.251335144042969,4.480000019073486,4.28148078918457,4.428147792816162,4585950
2008-07-02,4.113369464874268,4.506667137145996,4.271111011505127,4.2844438552856445,3121875
2008-07-03,4.0493645668029785,4.3140740394592285,4.207406997680664,4.217778205871582,2596725
2008-07-07,3.961179733276367,4.28148078918457,4.094814777374268,4.1259260177612305,4803300
2008-07-08,4.2556023597717285,4.441481113433838,4.091852188110352,4.432592868804932,5318325
2008-07-09,4.204397201538086,4.5170369148254395,4.337778091430664,4.37925910949707,3569400
2008-07-10,4.234267234802246,4.497777938842773,4.339259147644043,4.410369873046875,2488050
2008-07-11,4.066432952880859,4.3629631996154785,4.118518829345703,4.235556125640869,4438800
2008-07-14,4.05363130569458,4.364443778991699,4.140740871429443,4.222221851348877,2584575
2008-07-15,4.0251851081848145,4.318519115447998,4.059258937835693,4.192593097686768,3381075
2008-07-16,4.982410430908203,5.250370025634766,4.552593231201172,5.189630031585693,20567925
2008-07-17,5.157358169555664,5.474073886871338,5.105185031890869,5.371851921081543,11482425
2008-07-18,5.34794807434082,5.619258880615234,5.410369873046875,5.570370197296143,10237725
2008-07-21,5.118955135345459,5.597036838531494,5.293333053588867,5.331851959228516,6413175
2008-07-22,5.416219234466553,5.703703880310059,5.377778053283691,5.641480922698975,7320375
2008-07-23,5.019390106201172,5.644443988800049,5.108148097991943,5.228147983551025,14945850
2008-07-24,4.9568071365356445,5.626667022705078,5.041481018066406,5.162962913513184,10318050
2008-07-25,5.066328525543213,5.28592586517334,5.1451849937438965,5.277037143707275,5668650
2008-07-28,4.980987548828125,5.31259298324585,5.130370140075684,5.188148021697998,4711500
2008-07-29,5.261186599731445,5.493332862854004,5.207406997680664,5.480000019073486,4741200
2008-07-30,5.219939231872559,5.528889179229736,5.272593021392822,5.437036991119385,4826250
2008-07-31,5.219939231872559,5.534814834594727,5.33481502532959,5.437036991119385,4568400
2008-08-01,5.072015285491943,5.511110782623291,5.202962875366211,5.282962799072266,4953825
2008-08-04,5.05637264251709,5.337778091430664,5.142221927642822,5.266666889190674,4054725
2008-08-05,5.286788463592529,5.525926113128662,5.266666889190674,5.506667137145996,5770575
2008-08-06,5.246964454650879,5.514073848724365,5.397037029266357,5.465185165405273,4217400
2008-08-07,5.147398948669434,5.448888778686523,5.305184841156006,5.361481189727783,3162375
2008-08-08,5.440399169921875,5.771852016448975,5.35703706741333,5.6666669845581055,8452350
2008-08-11,5.5058274269104,5.939259052276611,5.558518886566162,5.7348151206970215,4941000
2008-08-12,5.211404800415039,5.7244439125061035,5.3851847648620605,5.428147792816162,5565375
2008-08-13,5.171579837799072,5.471110820770264,5.271111011505127,5.386666774749756,3588975
2008-08-14,5.288211345672607,5.540740966796875,5.339259147644043,5.508148193359375,3782025
2008-08-15,5.376396656036377,5.66518497467041,5.518518924713135,5.599999904632568,3967650
2008-08-18,5.120376110076904,5.487407207489014,5.259259223937988,5.3333330154418945,4626450
2008-08-19,4.907026767730713,5.2844438552856445,4.985185146331787,5.111111164093018,4926825
2008-08-20,4.844445705413818,5.183703899383545,5.017777919769287,5.045926094055176,2717550
2008-08-21,4.73919153213501,5.042963027954102,4.890369892120361,4.936295986175537,2936250
2008-08-22,4.9098734855651855,5.154074192047119,4.9555559158325195,5.114074230194092,1858950
2008-08-25,4.6865668296813965,5.085926055908203,4.831110954284668,4.881481170654297,2536650
2008-08-26,4.577044486999512,4.831110954284668,4.703703880310059,4.767406940460205,3792150
2008-08-27,4.601226806640625,4.891851902008057,4.752593040466309,4.792593002319336,3042900
2008-08-28,4.806042671203613,5.063704013824463,4.785184860229492,5.005926132202148,3358800
2008-08-29,4.732081890106201,5.066667079925537,4.911110877990723,4.92888879776001,2641275
2008-09-02,4.96960973739624,5.186666965484619,5.007407188415527,5.176296234130859,6792525
2008-09-03,4.821687698364258,5.216296195983887,4.94518518447876,5.02222204208374,5253525
2008-09-04,4.579891681671143,5.051852226257324,4.697778224945068,4.770370006561279,4604850
2008-09-05,4.507355213165283,4.808888912200928,4.605926036834717,4.694815158843994,5670675
2008-09-08,4.5229997634887695,4.92888879776001,4.595555782318115,4.711111068725586,5535675
2008-09-09,4.386456489562988,4.774815082550049,4.537777900695801,4.568889141082764,4278150
2008-09-10,4.5813140869140625,4.851851940155029,4.485926151275635,4.771852016448975,6013575
2008-09-11,4.771905899047852,4.983704090118408,4.696296215057373,4.970369815826416,6180300
2008-09-12,4.815998554229736,5.039999961853027,4.8251848220825195,5.016295909881592,4369275
2008-09-15,4.97245454788208,5.277037143707275,4.785184860229492,5.179258823394775,6096600
2008-09-16,4.871468544006348,5.244443893432617,4.912592887878418,5.074073791503906,6744600
2008-09-17,4.871468544006348,5.167407035827637,4.828147888183594,5.074073791503906,7505325
2008-09-18,5.264030456542969,5.635556221008301,4.954073905944824,5.4829630851745605,8347725
2008-09-19,4.862935543060303,5.668148040771484,5.028148174285889,5.065185070037842,10253925
2008-09-22,4.564246654510498,5.111111164093018,4.675556182861328,4.7540740966796875,7944075
2008-09-23,4.363697528839111,4.802962779998779,4.518518924713135,4.545185089111328,3277800
2008-09-24,4.254178047180176,4.733333110809326,4.419259071350098,4.431110858917236,3770550
2008-09-25,4.23142147064209,4.607407093048096,4.377778053283691,4.407406806945801,3126600
2008-09-26,4.106256484985352,4.33481502532959,4.148148059844971,4.277037143707275,5121225
2008-09-29,3.8317487239837646,4.1777777671813965,3.9614810943603516,3.9911110401153564,4884975
2008-09-30,4.030874729156494,4.247406959533691,3.983704090118408,4.198519229888916,3788100
2008-10-01,4.015228271484375,4.201480865478516,3.998518943786621,4.18222188949585,3211650
2008-10-02,3.4192733764648438,4.0770368576049805,3.4637041091918945,3.56148099899292,10359225
2008-10-03,3.32397723197937,3.696295976638794,3.4474070072174072,3.462222099304199,4951800
2008-10-06,3.429229974746704,3.5970370769500732,3.2977778911590576,3.571851968765259,8951850
2008-10-07,3.3609583377838135,3.6888890266418457,3.4711110591888428,3.5007410049438477,7578900
2008-10-08,3.4647881984710693,3.709630012512207,3.342221975326538,3.608889102935791,5670675
2008-10-09,3.134807586669922,3.7037041187286377,3.2637040615081787,3.2651851177215576,3408075
2008-10-10,3.4505653381347656,3.6711111068725586,3.0429630279541016,3.594074010848999,5326425
2008-10-13,3.7350292205810547,4.105185031890869,3.5318520069122314,3.8903698921203613,3991950
2008-10-14,3.6539578437805176,4.128889083862305,3.777777910232544,3.8059260845184326,4189050
2008-10-15,3.289841890335083,3.9229629039764404,3.4222218990325928,3.4266669750213623,3697650
2008-10-16,3.6255099773406982,3.8103699684143066,3.374814987182617,3.7762959003448486,5600475
2008-10-17,3.6994714736938477,4.060740947723389,3.574815034866333,3.853332996368408,4874850
2008-10-20,3.847393751144409,4.074073791503906,3.8414809703826904,4.007407188415527,2406375
2008-10-21,3.6297783851623535,4.0725932121276855,3.7703700065612793,3.780740976333618,2265300
2008-10-22,3.4349193572998047,3.829629898071289,3.51111102104187,3.5777781009674072,4898475
2008-10-23,3.416429281234741,3.9896299839019775,3.509629964828491,3.558518886566162,6955875
2008-10-24,3.2656617164611816,3.6740739345550537,3.259258985519409,3.4014809131622314,6027750
2008-10-27,3.5728843212127686,3.917037010192871,3.274074077606201,3.7214810848236084,5939325
2008-10-28,3.813258409500122,3.9762959480285645,3.524444103240967,3.9718520641326904,5372325
2008-10-29,3.847393751144409,4.211852073669434,3.8770370483398438,4.007407188415527,5919750
2008-10-30,3.983937978744507,4.220740795135498,4.0,4.149630069732666,4035825
2008-10-31,4.315339088439941,4.530370235443115,4.059258937835693,4.494814872741699,4094550
2008-11-03,4.249910831451416,4.453332901000977,4.234074115753174,4.426667213439941,3777975
2008-11-04,4.1830620765686035,4.533332824707031,4.277037143707275,4.35703706741333,3729375
2008-11-05,3.763476848602295,4.349629878997803,3.8918519020080566,3.9200000762939453,4515075
2008-11-06,3.570040225982666,4.124444007873535,3.7170369625091553,3.7185189723968506,3350700
2008-11-07,3.6525344848632812,3.902221918106079,3.6903700828552246,3.8044440746307373,2129625
2008-11-10,3.700895071029663,3.968888998031616,3.7244439125061035,3.8548150062561035,3256200
2008-11-11,3.582841634750366,3.813333034515381,3.631110906600952,3.7318520545959473,2938950
2008-11-12,3.3495795726776123,3.7511110305786133,3.475555896759033,3.48888897895813,2900475
2008-11-13,3.6027538776397705,3.7718520164489746,3.33481502532959,3.7525930404663086,4234950
2008-11-14,3.3950929641723633,3.709630012512207,3.51111102104187,3.5362958908081055,3798900
2008-11-17,3.275618076324463,3.574815034866333,3.371851921081543,3.4118518829345703,3053700
2008-11-18,3.0636913776397705,3.4711110591888428,3.090369939804077,3.1911110877990723,5159700
2008-11-19,2.774959087371826,3.315556049346924,2.8725929260253906,2.8903698921203613,4795875
2008-11-20,2.7081100940704346,3.0281479358673096,2.7511110305786133,2.8207409381866455,5662575
2008-11-21,3.056580066680908,3.1925930976867676,2.7362959384918213,3.183703899383545,5771250
2008-11-24,3.2571287155151367,3.4325931072235107,3.1970369815826416,3.3925929069519043,2653425
2008-11-25,3.19739031791687,3.410370111465454,3.183703899383545,3.3303699493408203,3451950
2008-11-26,3.413583755493164,3.559999942779541,3.2429630756378174,3.555556058883667,2215350
2008-11-28,3.3851375579833984,3.557037115097046,3.456295967102051,3.525926113128662,947025
2008-12-01,3.163254976272583,3.503704071044922,3.2622220516204834,3.2948150634765625,4709475
2008-12-02,3.275618076324463,3.469630002975464,3.2637040615081787,3.4118518829345703,3943350
2008-12-03,3.3467350006103516,3.559999942779541,3.3096299171447754,3.4859259128570557,3917700
2008-12-04,3.183168649673462,3.56148099899292,3.259258985519409,3.315556049346924,4918050
2008-12-05,3.335355758666992,3.506666898727417,2.9525930881500244,3.474073886871338,10628550
2008-12-08,3.5913751125335693,3.865185022354126,3.5466670989990234,3.740741014480591,6929550
2008-12-09,3.275618076324463,3.5659260749816895,3.3140740394592285,3.4118518829345703,7915050
2008-12-10,3.3723371028900146,3.571851968765259,3.3437039852142334,3.5125930309295654,4868775
2008-12-11,2.9271485805511475,3.5333330631256104,3.0118520259857178,3.048888921737671,7009200
2008-12-12,2.9513282775878906,3.1274070739746094,2.9896299839019775,3.0740740299224854,5591700
2008-12-15,2.974085807800293,3.1570370197296143,3.034074068069458,3.097778081893921,3590325
2008-12-16,3.2798855304718018,3.4325931072235107,3.1555559635162354,3.4162960052490234,4498200
2008-12-17,3.5657739639282227,3.782222032546997,3.352592945098877,3.714073896408081,8895150
2008-12-18,3.45625376701355,3.709630012512207,3.5511109828948975,3.5999999046325684,5125950
2008-12-19,3.5927975177764893,3.863703966140747,3.5392589569091797,3.7422220706939697,7241400
2008-12-22,3.5444390773773193,3.774815082550049,3.5807409286499023,3.69185209274292,3852900
2008-12-23,3.3979384899139404,3.677037000656128,3.40740704536438,3.5392589569091797,6569775
2008-12-24,3.4718992710113525,3.647407054901123,3.51111102104187,3.6162960529327393,2006100
2008-12-26,3.540170907974243,3.7022221088409424,3.5970370769500732,3.6874070167541504,1112400
2008-12-29,3.528791904449463,3.7185189723968506,3.613332986831665,3.675555944442749,1948725
2008-12-30,3.8445494174957275,4.0237040519714355,3.6562960147857666,4.004444122314453,3591675
2008-12-31,4.047940254211426,4.327406883239746,4.014814853668213,4.216296195983887,6781050
2009-01-02,4.161728382110596,4.370369911193848,4.130370140075684,4.33481502532959,4185675
2009-01-05,3.8530826568603516,4.349629878997803,3.9407410621643066,4.013332843780518,5946750
2009-01-06,3.952646017074585,4.1644439697265625,4.0325927734375,4.117036819458008,3775950
2009-01-07,3.8530826568603516,4.162962913513184,4.001481056213379,4.013332843780518,10544175
2009-01-08,3.7293410301208496,4.051852226257324,3.8325929641723633,3.884443998336792,5606550
2009-01-09,3.5245254039764404,3.8711109161376953,3.6192591190338135,3.6711111068725586,7688925
2009-01-12,3.3339343070983887,3.7570369243621826,3.4488890171051025,3.472593069076538,4291650
2009-01-13,3.3140218257904053,3.5170369148254395,3.40740704536438,3.4518520832061768,4488750
2009-01-14,3.1291189193725586,3.555556058883667,3.2385189533233643,3.259258985519409,3923100
2009-01-15,3.2955315113067627,3.4829630851745605,3.200000047683716,3.4325931072235107,3415500
2009-01-16,3.2059237957000732,3.5199999809265137,3.1911110877990723,3.339258909225464,3514050
2009-01-20,3.0110654830932617,3.3214809894561768,3.1259260177612305,3.136296033859253,5537025
2009-01-21,3.2144582271575928,3.371851921081543,3.165925979614258,3.3481481075286865,5706450
2009-01-22,3.174633741378784,3.373332977294922,3.1896300315856934,3.3066670894622803,3282525
2009-01-23,3.1020941734313965,3.3481481075286865,3.1970369815826416,3.2311110496520996,2691225
2009-01-26,3.0537359714508057,3.3288888931274414,3.100740909576416,3.18074107170105,2466450
2009-01-27,3.0807600021362305,3.2874069213867188,3.1600000858306885,3.2088890075683594,5674725
2009-01-28,3.3538460731506348,3.558518886566162,3.2429630756378174,3.493333101272583,4335525
2009-01-29,3.7762765884399414,3.9437038898468018,3.493333101272583,3.933332920074463,12282300
2009-01-30,3.567195177078247,3.9925930500030518,3.6977779865264893,3.7155559062957764,8675100
2009-02-02,3.624089241027832,3.792593002319336,3.545185089111328,3.774815082550049,4870800
2009-02-03,3.787655830383301,3.9733328819274902,3.762963056564331,3.9451849460601807,3285225
2009-02-04,3.6923599243164062,4.068148136138916,3.8429629802703857,3.84592604637146,3822525
2009-02-05,3.7691657543182373,4.011851787567139,3.782222032546997,3.9259259700775146,4140450
2009-02-06,3.914242744445801,4.10370397567749,3.912592887878418,4.0770368576049805,6562350
2009-02-09,3.7464089393615723,4.07111120223999,3.8666670322418213,3.902221918106079,4377375
2009-02-10,3.6297783851623535,3.9525930881500244,3.7496299743652344,3.780740976333618,4825575
2009-02-11,3.631200075149536,3.8814809322357178,3.7170369625091553,3.782222032546997,4366575
2009-02-12,3.698050022125244,3.8592588901519775,3.631110906600952,3.8518519401550293,5597100
2009-02-13,3.6681807041168213,3.8622219562530518,3.709630012512207,3.8207409381866455,7273800
2009-02-17,3.4861221313476562,3.7511110305786133,3.6074070930480957,3.631110906600952,5821200
2009-02-18,3.48754620552063,3.7274069786071777,3.6044440269470215,3.6325929164886475,4504950
2009-02-19,3.484700918197632,3.7762959003448486,3.6044440269470215,3.6296300888061523,3380400
2009-02-20,3.4320738315582275,3.6414809226989746,3.537777900695801,3.574815034866333,3956175
2009-02-23,3.3069093227386475,3.7896299362182617,3.4266669750213623,3.444443941116333,3150900
2009-02-24,3.45340895652771,3.6340739727020264,3.441481113433838,3.5970370769500732,4393575
2009-02-25,3.215881109237671,3.4311110973358154,3.2266669273376465,3.349630117416382,10809450
2009-02-26,3.10351824760437,3.4488890171051025,3.20296311378479,3.232593059539795,6580575
2009-02-27,3.099249839782715,3.300740957260132,3.0933330059051514,3.2281479835510254,4411800
2009-03-02,2.8759453296661377,3.219259023666382,2.985184907913208,2.995556116104126,5812425
2009-03-03,2.8375420570373535,3.0548150539398193,2.954073905944824,2.9555559158325195,4468500
2009-03-04,2.9257259368896484,3.136296033859253,2.997036933898926,3.0474069118499756,6669000
2009-03-05,2.8602991104125977,3.053333044052124,2.9066669940948486,2.9792590141296387,7308225
2009-03-06,2.7209110260009766,3.032593011856079,2.779258966445923,2.834074020385742,4979475
2009-03-09,2.7081100940704346,3.0088889598846436,2.7866671085357666,2.8207409381866455,4701375
2009-03-10,2.8617217540740967,3.078519105911255,2.7688889503479004,2.980741024017334,5933250
2009-03-11,3.0764923095703125,3.3096299171447754,2.962963104248047,3.20444393157959,10776375
2009-03-12,3.2628180980682373,3.4296300411224365,3.0622220039367676,3.3985190391540527,8478000
2009-03-13,3.1988141536712646,3.4814810752868652,3.285926103591919,3.3318519592285156,4379400
2009-03-16,3.2599732875823975,3.555556058883667,3.2237040996551514,3.3955559730529785,5987925
2009-03-17,3.413583755493164,3.555556058883667,3.3318519592285156,3.555556058883667,3487050
2009-03-18,3.4377639293670654,3.5822219848632812,3.4044439792633057,3.5807409286499023,4149900
2009-03-19,3.3538460731506348,3.6325929164886475,3.459259033203125,3.493333101272583,4081725
2009-03-20,3.1433420181274414,3.545185089111328,3.266666889190674,3.274074077606201,4481325
2009-03-23,3.4960789680480957,3.6533329486846924,3.388148069381714,3.6414809226989746,4617675
2009-03-24,3.3495795726776123,3.59259295463562,3.4370369911193848,3.48888897895813,3490425
2009-03-25,3.4064722061157227,3.6933329105377197,3.413332939147949,3.5481479167938232,3009150
2009-03-26,3.6880929470062256,3.8518519401550293,3.5777781009674072,3.8414809703826904,8653500
2009-03-27,3.4975013732910156,3.7614810466766357,3.5837039947509766,3.64296293258667,4849875
2009-03-30,3.2955315113067627,3.5481479167938232,3.3451850414276123,3.4325931072235107,3509325
2009-03-31,3.34104585647583,3.5674068927764893,3.359999895095825,3.4800000190734863,3320325
2009-04-01,3.469054698944092,3.626667022705078,3.3481481075286865,3.613332986831665,6018300
2009-04-02,3.6681807041168213,3.9274070262908936,3.6074070930480957,3.8207409381866455,7528275
2009-04-03,3.6966264247894287,3.897778034210205,3.7688889503479004,3.850369930267334,3636900
2009-04-06,3.570040225982666,3.848889112472534,3.644443988800049,3.7185189723968506,4507650
2009-04-07,3.4462974071502686,3.714073896408081,3.559999942779541,3.589629888534546,4575150
2009-04-08,3.676715135574341,3.847407102584839,3.6044440269470215,3.829629898071289,6256575
2009-04-09,3.9398458003997803,4.136295795440674,3.9451849460601807,4.10370397567749,6918075
2009-04-13,3.8843743801116943,4.079999923706055,3.9585189819335938,4.045926094055176,2944350
2009-04-14,3.858771324157715,4.142221927642822,3.934814929962158,4.019258975982666,3823875
2009-04-15,3.9113972187042236,4.1259260177612305,3.9748148918151855,4.074073791503906,3264300
2009-04-16,4.080655097961426,4.28592586517334,4.039999961853027,4.250370025634766,5427675
2009-04-17,4.114790439605713,4.302221775054932,4.148148059844971,4.28592586517334,3584925
2009-04-20,3.749253749847412,4.146667003631592,3.897778034210205,3.9051849842071533,5633550
2009-04-21,3.851660966873169,4.02666711807251,3.8088889122009277,4.011851787567139,3991275
2009-04-22,3.964026689529419,4.291851997375488,3.880000114440918,4.128889083862305,7041600
2009-04-23,3.8971750736236572,4.216296195983887,3.9733328819274902,4.059258937835693,9228600
2009-04-24,4.020917892456055,4.235556125640869,4.002963066101074,4.188148021697998,5625450
2009-04-27,3.863039970397949,4.173333168029785,3.9762959480285645,4.0237040519714355,5502600
2009-04-28,3.8417041301727295,4.085926055908203,3.9200000762939453,4.001481056213379,2196450
2009-04-29,4.016650199890137,4.251852035522461,3.995556116104126,4.183703899383545,2787750
2009-04-30,4.003849029541016,4.370369911193848,4.161480903625488,4.170370101928711,4434075
2009-05-01,4.013805866241455,4.251852035522461,4.0444440841674805,4.180740833282471,2302425
2009-05-04,4.160306453704834,4.342222213745117,4.180740833282471,4.3333330154418945,6651450
2009-05-05,4.073544025421143,4.339259147644043,4.133333206176758,4.242962837219238,3352050
2009-05-06,4.195864200592041,4.3822221755981445,4.1777777671813965,4.370369911193848,3080025
2009-05-07,4.130434989929199,4.5155558586120605,4.225184917449951,4.302221775054932,7549200
2009-05-08,4.121902942657471,4.398519039154053,4.20444393157959,4.293333053588867,2824875
2009-05-11,3.9313106536865234,4.189630031585693,4.0237040519714355,4.094814777374268,3037500
2009-05-12,3.8545050621032715,4.162962913513184,3.8859260082244873,4.014814853668213,3726675
2009-05-13,3.6952059268951416,3.9422221183776855,3.8044440746307373,3.848889112472534,3975750
2009-05-14,3.877262592315674,4.161480903625488,3.853332996368408,4.038518905639648,6430725
2009-05-15,4.194441795349121,4.505185127258301,4.017777919769287,4.368888854980469,16764975
2009-05-18,4.131859302520752,4.496295928955078,4.260741233825684,4.303703784942627,6868800
2009-05-19,4.212931156158447,4.419259071350098,4.33036994934082,4.388147830963135,6315300
2009-05-20,3.969714641571045,4.488889217376709,4.1259260177612305,4.134815216064453,6563025
2009-05-21,3.7905001640319824,4.133333206176758,3.8888890743255615,3.948148012161255,7916400
2009-05-22,3.762054443359375,4.007407188415527,3.8666670322418213,3.9185190200805664,5065200
2009-05-26,4.036563873291016,4.211852073669434,3.8562960624694824,4.20444393157959,5495850
2009-05-27,4.019495964050293,4.391110897064209,4.136295795440674,4.186666965484619,3768525
2009-05-28,4.018072605133057,4.269629955291748,4.10370397567749,4.185184955596924,4472550
2009-05-29,4.188751697540283,4.3659257888793945,4.149630069732666,4.3629631996154785,5083425
2009-06-01,4.350898742675781,4.557036876678467,4.394073963165283,4.531851768493652,4575825
2009-06-02,4.308228492736816,4.567407131195068,4.456295967102051,4.487407207489014,3393225
2009-06-03,4.282627105712891,4.503704071044922,4.336296081542969,4.46074104309082,2850525
2009-06-04,4.289737701416016,4.500741004943848,4.3466668128967285,4.468148231506348,2273400
2009-06-05,4.302538871765137,4.537777900695801,4.429629802703857,4.481481075286865,1740825
2009-06-08,4.333830833435059,4.564444065093994,4.360000133514404,4.514073848724365,3510675
2009-06-09,4.458993911743164,4.668148040771484,4.497777938842773,4.644443988800049,5254200
2009-06-10,4.423435211181641,4.804443836212158,4.4844441413879395,4.607407093048096,6823575
2009-06-11,4.508777141571045,4.782221794128418,4.61629581451416,4.696296215057373,5775975
2009-06-12,4.416324615478516,4.71407413482666,4.531851768493652,4.599999904632568,2577825
2009-06-15,4.393565654754639,4.696296215057373,4.527407169342041,4.576295852661133,5930550
2009-06-16,4.2982707023620605,4.721480846405029,4.451851844787598,4.477036952972412,3495150
2009-06-17,4.335251331329346,4.611852169036865,4.317037105560303,4.5155558586120605,6278175
2009-06-18,4.541490077972412,4.9555559158325195,4.506667137145996,4.730370044708252,9079425
2009-06-19,4.736348628997803,4.989630222320557,4.798519134521484,4.933332920074463,8612325
2009-06-22,4.5059332847595215,4.908147811889648,4.6666669845581055,4.693333148956299,3144150
2009-06-23,4.481750965118408,4.808888912200928,4.650370121002197,4.668148040771484,3676050
2009-06-24,4.528687477111816,4.8251848220825195,4.622221946716309,4.717037200927734,2185650
2009-06-25,4.690833568572998,4.89629602432251,4.623703956604004,4.885925769805908,2961900
2009-06-26,4.73919153213501,4.986667156219482,4.7688889503479,4.936295986175537,6278850
2009-06-29,4.7690606117248535,4.971851825714111,4.851851940155029,4.9674072265625,3670650
2009-06-30,4.774750232696533,5.008889198303223,4.894814968109131,4.97333288192749,4939650
2009-07-01,4.874314308166504,5.165925979614258,4.97333288192749,5.0770368576049805,3495150
2009-07-02,4.830221176147461,5.051852226257324,4.9555559158325195,5.031110763549805,3836700
2009-07-06,4.901337623596191,5.115555763244629,4.960000038146973,5.105185031890869,3549825
2009-07-07,4.949697971343994,5.345184803009033,5.028148174285889,5.1555562019348145,7654500
2009-07-08,5.000900745391846,5.229629993438721,5.0251851081848145,5.208889007568359,6630525
2009-07-09,4.7690606117248535,5.271111011505127,4.946667194366455,4.9674072265625,9645075
2009-07-10,4.824531555175781,5.053332805633545,4.934814929962158,5.0251851081848145,3376350
2009-07-13,4.834489345550537,5.050370216369629,4.792593002319336,5.035555839538574,3321675
2009-07-14,4.588425159454346,5.078518867492676,4.755556106567383,4.779259204864502,10424700
2009-07-15,4.588425159454346,4.81777811050415,4.644443988800049,4.779259204864502,6517800
2009-07-16,4.611183166503906,4.851851940155029,4.645925998687744,4.802962779998779,4824225
2009-07-17,4.641052722930908,4.8548150062561035,4.711111068725586,4.834074020385742,3922425
2009-07-20,4.76337194442749,4.97333288192749,4.776296138763428,4.961481094360352,3960225
2009-07-21,4.722125053405762,4.994073867797852,4.894814968109131,4.918519020080566,6419250
2009-07-22,4.788973808288574,5.069630146026611,4.740740776062012,4.988148212432861,5807025
2009-07-23,4.800352573394775,5.007407188415527,4.765925884246826,5.0,6055425
2009-07-24,4.658120632171631,5.205925941467285,4.761480808258057,4.851851940155029,10159425
2009-07-27,4.689411163330078,4.897778034210205,4.782221794128418,4.884444236755371,3541725
2009-07-28,4.592693328857422,4.8933329582214355,4.722962856292725,4.783703804016113,2752650
2009-07-29,4.561401844024658,4.752593040466309,4.639999866485596,4.751111030578613,2361150
2009-07-30,4.675187110900879,4.921481132507324,4.7733330726623535,4.869629859924316,2720925
2009-07-31,5.067750930786133,5.309629917144775,4.758519172668457,5.278519153594971,8191800
2009-08-03,5.2355852127075195,5.453332901000977,5.262221813201904,5.453332901000977,5269050
2009-08-04,5.255496501922607,5.546667098999023,5.370369911193848,5.474073886871338,5603850
2009-08-05,5.120376110076904,5.493332862854004,5.327406883239746,5.3333330154418945,4069575
2009-08-06,5.012279033660889,5.348147869110107,5.220740795135498,5.220740795135498,3549150
2009-08-07,5.222783088684082,5.525926113128662,5.237037181854248,5.440000057220459,4041225
2009-08-10,5.157358169555664,5.408888816833496,5.251852035522461,5.371851921081543,3746925
2009-08-11,5.261186599731445,5.505185127258301,5.3333330154418945,5.480000019073486,2947050
2009-08-12,5.421908855438232,5.699258804321289,5.444444179534912,5.647407054901123,3671325
2009-08-13,5.302434921264648,5.688889026641846,5.503704071044922,5.522963047027588,3293325
2009-08-14,5.155934810638428,5.551111221313477,5.3333330154418945,5.370369911193848,2733750
2009-08-17,5.008012771606445,5.336296081542969,5.173333168029785,5.216296195983887,2898450
2009-08-18,5.164469242095947,5.40592622756958,5.242962837219238,5.37925910949707,2076300
2009-08-19,5.17584753036499,5.413332939147949,5.208889007568359,5.391110897064209,1517400
2009-08-20,5.130332946777344,5.43851900100708,5.299259185791016,5.3437042236328125,1904850
2009-08-21,5.225627422332764,5.5170369148254395,5.355556011199951,5.442963123321533,2123550
2009-08-24,5.266875743865967,5.496295928955078,5.371851921081543,5.485926151275635,2149200
2009-08-25,5.407686710357666,5.703703880310059,5.499258995056152,5.632593154907227,2687850
2009-08-26,5.35648250579834,5.740740776062012,5.546667098999023,5.579258918762207,2584575
2009-08-27,5.301011085510254,5.651852130889893,5.358519077301025,5.521481037139893,1383075
2009-08-28,5.209981918334961,5.628148078918457,5.422222137451172,5.426667213439941,1337850
2009-08-31,5.089085578918457,5.404444217681885,5.266666889190674,5.300741195678711,3377025
2009-09-01,5.054948806762695,5.417778015136719,5.259259223937988,5.2651848793029785,3804300
2009-09-02,5.043571949005127,5.306666851043701,5.211852073669434,5.25333309173584,978075
2009-09-03,5.170156955718994,5.386666774749756,5.217778205871582,5.3851847648620605,853875
2009-09-04,5.239852428436279,5.480000019073486,5.277037143707275,5.457777976989746,1341900
2009-09-08,5.140288352966309,5.542222023010254,5.30814790725708,5.354074001312256,2865375
2009-09-09,5.067750930786133,5.349629878997803,5.244443893432617,5.278519153594971,3796875
2009-09-10,5.005166530609131,5.31259298324585,5.171852111816406,5.2133331298828125,4641300
2009-09-11,5.064906120300293,5.317037105560303,5.228147983551025,5.2755560874938965,3658500
2009-09-14,5.046414852142334,5.297778129577637,5.222221851348877,5.256296157836914,1236600
2009-09-15,4.992366313934326,5.259259223937988,5.159999847412109,5.199999809265137,1594350
2009-09-16,4.830221176147461,5.257778167724609,4.872592926025391,5.031110763549805,5088150
2009-09-17,4.874314308166504,5.188148021697998,4.995555877685547,5.0770368576049805,4026375
2009-09-18,4.780439853668213,5.201480865478516,4.958518981933594,4.979259014129639,2886300
2009-09-21,4.727814674377441,4.980741024017334,4.866666793823242,4.924444198608398,1564650
2009-09-22,4.770484447479248,5.005926132202148,4.914073944091797,4.968889236450195,1656450
2009-09-23,4.574200630187988,5.02666711807251,4.751111030578613,4.764443874359131,3494475
2009-09-24,4.352318286895752,4.828147888183594,4.46074104309082,4.533332824707031,6876900
2009-09-25,4.319606304168701,4.558518886566162,4.38962984085083,4.499258995056152,3575475
2009-09-28,4.329563617706299,4.602962970733643,4.456295967102051,4.50963020324707,2160000
2009-09-29,4.292580604553223,4.558518886566162,4.457777976989746,4.471110820770264,2415150
2009-09-30,4.3281402587890625,4.597036838531494,4.392592906951904,4.508148193359375,4259925
2009-10-01,4.200130939483643,4.531851768493652,4.364443778991699,4.374814987182617,3440475
2009-10-02,4.22430944442749,4.480000019073486,4.309629917144775,4.400000095367432,2758050
2009-10-05,4.276937961578369,4.4637041091918945,4.349629878997803,4.454814910888672,3159000
2009-10-06,4.292580604553223,4.5659260749816895,4.459259033203125,4.471110820770264,2497500
2009-10-07,4.335251331329346,4.558518886566162,4.4340739250183105,4.5155558586120605,1773225
2009-10-08,4.266979694366455,4.592593193054199,4.440000057220459,4.444444179534912,4094550
2009-10-09,4.239955902099609,4.514073848724365,4.4014811515808105,4.416296005249023,5621400
2009-10-12,4.271246433258057,4.459259033203125,4.394073963165283,4.448888778686523,3309525
2009-10-13,4.259868621826172,4.494814872741699,4.407406806945801,4.437036991119385,2941650
2009-10-14,4.333830833435059,4.537777900695801,4.444444179534912,4.514073848724365,3906225
2009-10-15,4.252758502960205,4.49036979675293,4.420741081237793,4.429629802703857,6306525
2009-10-16,4.278358459472656,4.469629764556885,4.3629631996154785,4.456295967102051,4544775
2009-10-19,4.23142147064209,4.496295928955078,4.38370418548584,4.407406806945801,2810025
2009-10-20,4.200130939483643,4.453332901000977,4.35703706741333,4.374814987182617,2430000
2009-10-21,4.131859302520752,4.445926189422607,4.296296119689941,4.303703784942627,2841075
2009-10-22,4.028030872344971,4.25333309173584,4.038518905639648,4.195556163787842,10595475
2009-10-23,3.882951259613037,4.2755560874938965,4.019258975982666,4.0444440841674805,4998375
2009-10-26,3.8360157012939453,4.079999923706055,3.9437038898468018,3.995556116104126,5026050
2009-10-27,3.820369243621826,4.042963027954102,3.9392590522766113,3.9792590141296387,4851900
2009-10-28,3.7520976066589355,4.0,3.8385190963745117,3.9081480503082275,5540400
2009-10-29,3.840282440185547,4.035555839538574,3.933332920074463,4.0,4411125
2009-10-30,3.6966264247894287,4.028148174285889,3.8325929641723633,3.850369930267334,4743225
2009-11-02,3.555816888809204,3.8088889122009277,3.631110906600952,3.7037041187286377,7836075
2009-11-03,3.6411566734313965,3.8044440746307373,3.6933329105377197,3.792593002319336,3989925
2009-11-04,3.4590988159179688,3.850369930267334,3.594074010848999,3.6029629707336426,5333175
2009-11-05,3.4633655548095703,3.6977779865264893,3.5807409286499023,3.6074070930480957,6606225
2009-11-06,3.5117242336273193,3.6829628944396973,3.5703699588775635,3.657778024673462,2618325
2009-11-09,3.669602632522583,3.8355560302734375,3.6696300506591797,3.8222219944000244,6327450
2009-11-10,3.732184410095215,3.9051849842071533,3.8207409381866455,3.887407064437866,4787100
2009-11-11,4.124746799468994,4.321481227874756,3.914073944091797,4.296296119689941,8655525
2009-11-12,4.032296657562256,4.322963237762451,4.188148021697998,4.199999809265137,4938975
2009-11-13,4.018072605133057,4.214815139770508,4.068148136138916,4.185184955596924,3271725
2009-11-16,4.107680320739746,4.309629917144775,4.222221851348877,4.278519153594971,1614600
2009-11-17,4.0493645668029785,4.251852035522461,4.192593097686768,4.217778205871582,1290600
2009-11-18,4.065010070800781,4.266666889190674,4.191111087799072,4.234074115753174,1238625
2009-11-19,3.951223850250244,4.25333309173584,4.082962989807129,4.115555763244629,3179250
2009-11-20,3.9327330589294434,4.1555562019348145,4.065185070037842,4.0962958335876465,1803600
2009-11-23,3.921354293823242,4.20444393157959,4.050370216369629,4.084444046020508,2272725
2009-11-24,3.8957529067993164,4.082962989807129,4.0251851081848145,4.0577778816223145,1318275
2009-11-25,3.8559274673461914,4.118518829345703,4.013332843780518,4.016295909881592,1419525
2009-11-27,3.7905001640319824,4.002963066101074,3.8740739822387695,3.948148012161255,1229850
2009-11-30,3.7663214206695557,3.9437038898468018,3.816296100616455,3.9229629039764404,2681100
2009-12-01,3.7791213989257812,4.008889198303223,3.9185190200805664,3.936295986175537,3632850
2009-12-02,3.898597478866577,4.075555801391602,3.9259259700775146,4.060740947723389,5260275
2009-12-03,3.9327330589294434,4.159999847412109,4.016295909881592,4.0962958335876465,1927125
2009-12-04,4.079233646392822,4.288888931274414,4.122962951660156,4.248888969421387,1516725
2009-12-07,4.019495964050293,4.291851997375488,4.133333206176758,4.186666965484619,2443500
2009-12-08,4.18448543548584,4.3659257888793945,4.108148097991943,4.358519077301025,2799900
2009-12-09,4.394989967346191,4.597036838531494,4.394073963165283,4.577777862548828,5755725
2009-12-10,4.355163097381592,4.623703956604004,4.49036979675293,4.5362958908081055,2947050
2009-12-11,4.312494277954102,4.61629581451416,4.471110820770264,4.491851806640625,2241000
2009-12-14,4.28120231628418,4.522963047027588,4.370369911193848,4.459259033203125,3015225
2009-12-15,4.265557289123535,4.558518886566162,4.388147830963135,4.442963123321533,2762775
2009-12-16,4.23142147064209,4.545185089111328,4.3955559730529785,4.407406806945801,2442825
2009-12-17,4.660964012145996,4.897778034210205,4.242962837219238,4.8548150062561035,10242450
2009-12-18,4.6268310546875,5.1777777671813965,4.739258766174316,4.819259166717529,14464575
2009-12-21,4.705056667327881,4.986667156219482,4.7866668701171875,4.900741100311279,3321675
2009-12-22,4.604072093963623,4.811851978302002,4.554073810577393,4.79555606842041,6851925
2009-12-23,4.6936774253845215,4.930369853973389,4.699258804321289,4.888888835906982,3993975
2009-12-24,4.606916427612305,5.0,4.7733330726623535,4.798519134521484,2341575
2009-12-28,4.559980869293213,4.789629936218262,4.66963005065918,4.749629974365234,1846125
2009-12-29,4.794661998748779,5.0251851081848145,4.748147964477539,4.994073867797852,3358125
2009-12-30,4.756260395050049,4.979259014129639,4.81777811050415,4.954073905944824,2625750
2009-12-31,4.366544246673584,4.6148152351379395,4.46074104309082,4.548148155212402,8995050
2010-01-04,4.165992736816406,4.61037015914917,4.296296119689941,4.339259147644043,7144875
2010-01-05,4.2556023597717285,4.447406768798828,4.222221851348877,4.432592868804932,8021700
2010-01-06,4.333830833435059,4.62074089050293,4.423704147338867,4.514073848724365,5136075
2010-01-07,4.124746799468994,4.555555820465088,4.293333053588867,4.296296119689941,6231600
2010-01-08,4.181641101837158,4.422222137451172,4.287406921386719,4.355556011199951,6259275
2010-01-11,4.1574602127075195,4.397037029266357,4.293333053588867,4.33036994934082,2703375
2010-01-12,4.136125564575195,4.392592906951904,4.247406959533691,4.30814790725708,4515075
2010-01-13,4.158882141113281,4.358519077301025,4.257778167724609,4.331851959228516,2709450
2010-01-14,4.148925304412842,4.453332901000977,4.217778205871582,4.321481227874756,3558600
2010-01-15,4.0422515869140625,4.33481502532959,4.154074192047119,4.210370063781738,5808375
2010-01-19,3.965447187423706,4.225184917449951,4.079999923706055,4.130370140075684,4876200
2010-01-20,3.9156665802001953,4.119999885559082,4.02222204208374,4.078518867492676,3229200
2010-01-21,3.820369243621826,4.146667003631592,3.962963104248047,3.9792590141296387,4507650
2010-01-22,3.774855613708496,4.010369777679443,3.9081480503082275,3.931852102279663,3165075
2010-01-25,3.796189785003662,3.995556116104126,3.902221918106079,3.954073905944824,2849850
2010-01-26,3.840282440185547,4.02666711807251,3.9259259700775146,4.0,2963925
2010-01-27,3.874418258666992,4.0444440841674805,3.9925930500030518,4.035555839538574,5975775
2010-01-28,3.928467035293579,4.305184841156006,4.056295871734619,4.091852188110352,10279575
2010-01-29,3.9113972187042236,4.1451849937438965,4.050370216369629,4.074073791503906,4669650
2010-02-01,3.998159885406494,4.1940741539001465,4.074073791503906,4.1644439697265625,4393575
2010-02-02,3.986781120300293,4.188148021697998,4.117036819458008,4.15259313583374,3885300
2010-02-03,4.035141468048096,4.223703861236572,4.109630107879639,4.202962875366211,2743875
2010-02-04,3.9554898738861084,4.188148021697998,4.119999885559082,4.119999885559082,2812050
2010-02-05,3.925621271133423,4.173333168029785,4.014814853668213,4.088889122009277,4041225
2010-02-08,3.924199342727661,4.191111087799072,4.031110763549805,4.087407112121582,3578175
2010-02-09,4.0223388671875,4.211852073669434,4.094814777374268,4.189630031585693,2758725
2010-02-10,4.005271911621094,4.189630031585693,4.0962958335876465,4.171852111816406,3163725
2010-02-11,4.0394086837768555,4.235556125640869,4.074073791503906,4.207406997680664,3864375
2010-02-12,4.056474685668945,4.2266669273376465,4.112593173980713,4.225184917449951,2459025
2010-02-16,4.028030872344971,4.232593059539795,4.139258861541748,4.195556163787842,2876175
2010-02-17,4.114790439605713,4.290369987487793,4.202962875366211,4.28592586517334,4243725
2010-02-18,4.1005682945251465,4.354074001312256,4.259259223937988,4.271111011505127,4145175
2010-02-19,4.146082878112793,4.328888893127441,4.259259223937988,4.318519115447998,2720250
2010-02-22,4.239955902099609,4.429629802703857,4.305184841156006,4.416296005249023,3437100
2010-02-23,4.208665370941162,4.41185188293457,4.305184841156006,4.38370418548584,3773925
2010-02-24,4.279780864715576,4.474073886871338,4.37925910949707,4.457777976989746,3014550
2010-02-25,4.335251331329346,4.524444103240967,4.398519039154053,4.5155558586120605,2447550
2010-02-26,4.372231483459473,4.568889141082764,4.462222099304199,4.554073810577393,1454625
2010-03-01,4.330984115600586,4.5659260749816895,4.485926151275635,4.511110782623291,2933550
2010-03-02,4.313918113708496,4.521481037139893,4.465185165405273,4.493332862854004,1842075
2010-03-03,4.359431266784668,4.571852207183838,4.46074104309082,4.540740966796875,1779300
2010-03-04,4.36085319519043,4.574814796447754,4.519999980926514,4.542222023010254,1289925
2010-03-05,4.429126262664795,4.6370368003845215,4.511110782623291,4.613333225250244,2242350
2010-03-08,4.557136535644531,4.816296100616455,4.6533331871032715,4.74666690826416,3931200
2010-03-09,4.73919153213501,5.031110763549805,4.755556106567383,4.936295986175537,6169500
2010-03-10,4.740615367889404,5.078518867492676,4.848888874053955,4.937777996063232,3856275
2010-03-11,4.773327827453613,5.001481056213379,4.905185222625732,4.971851825714111,1460025
2010-03-12,4.76763916015625,5.004444122314453,4.8548150062561035,4.965926170349121,2269350
2010-03-15,4.764794826507568,4.992592811584473,4.8933329582214355,4.962963104248047,1599075
2010-03-16,4.9027605056762695,5.111111164093018,4.962963104248047,5.1066670417785645,2148525
2010-03-17,4.835910320281982,5.1259260177612305,5.008889198303223,5.037036895751953,2237625
2010-03-18,4.7875518798828125,5.037036895751953,4.9274067878723145,4.986667156219482,2884275
2010-03-19,4.740615367889404,5.010369777679443,4.912592887878418,4.937777996063232,2283525
2010-03-22,4.76763916015625,5.0,4.8740739822387695,4.965926170349121,1657800
2010-03-23,4.777595043182373,5.014814853668213,4.954073905944824,4.9762959480285645,1704375
2010-03-24,4.720701694488525,4.989630222320557,4.906667232513428,4.917037010192871,1244025
2010-03-25,4.7135910987854,5.02666711807251,4.9037041664123535,4.909629821777344,1219050
2010-03-26,4.706479072570801,4.957036972045898,4.831110954284668,4.902222156524658,1497825
2010-03-29,4.696521759033203,4.979259014129639,4.866666793823242,4.891851902008057,1046925
2010-03-30,4.751993656158447,4.954073905944824,4.877037048339844,4.949629783630371,1127250
2010-03-31,4.749149322509766,5.010369777679443,4.871110916137695,4.946667194366455,2214000
2010-04-01,4.707902908325195,5.062222003936768,4.871110916137695,4.9037041664123535,4833675
2010-04-05,4.800352573394775,5.0,4.877037048339844,5.0,1407375
2010-04-06,4.889958381652832,5.1644439697265625,4.964444160461426,5.093332767486572,3521475
2010-04-07,4.929784297943115,5.136295795440674,5.014814853668213,5.134815216064453,2627100
2010-04-08,4.965343475341797,5.180740833282471,5.063704013824463,5.171852111816406,2101275
2010-04-09,4.945429801940918,5.161480903625488,5.105185031890869,5.151111125946045,2072925
2010-04-12,4.938317775726318,5.216296195983887,5.122962951660156,5.143703937530518,2031075
2010-04-13,4.914139270782471,5.157036781311035,5.07111120223999,5.118518829345703,1807650
2010-04-14,5.110418796539307,5.328888893127441,5.133333206176758,5.322963237762451,6199875
2010-04-15,5.302434921264648,5.6562957763671875,5.336296081542969,5.522963047027588,4776300
2010-04-16,5.279677867889404,5.527407169342041,5.4148149490356445,5.499258995056152,1993275
2010-04-19,5.217094898223877,5.499258995056152,5.349629878997803,5.4340739250183105,1582875
2010-04-20,5.161624908447266,5.514073848724365,5.299259185791016,5.376296043395996,1964250
2010-04-21,5.201450347900391,5.429629802703857,5.299259185791016,5.417778015136719,2028375
2010-04-22,5.2355852127075195,5.474073886871338,5.290369987487793,5.453332901000977,2754675
2010-04-23,5.31381368637085,5.573332786560059,5.435555934906006,5.534814834594727,1995300
2010-04-26,5.401997089385986,5.6533331871032715,5.488889217376709,5.626667022705078,2349675
2010-04-27,5.333725929260254,5.7540740966796875,5.505185127258301,5.555555820465088,3813750
2010-04-28,5.070594787597656,5.595555782318115,5.225184917449951,5.28148078918457,7113825
2010-04-29,5.264030456542969,5.506667137145996,5.325925827026367,5.4829630851745605,3395250
2010-04-30,5.10330867767334,5.592593193054199,5.30814790725708,5.315556049346924,2452950
2010-05-03,5.23274040222168,5.531851768493652,5.315556049346924,5.450369834899902,1754325
2010-05-04,5.15024471282959,5.425185203552246,5.278519153594971,5.364443778991699,3299400
2010-05-05,5.160202980041504,5.4340739250183105,5.288888931274414,5.374814987182617,2122875
2010-05-06,5.019390106201172,5.5659260749816895,5.028148174285889,5.228147983551025,3680775
2010-05-07,4.851554870605469,5.266666889190674,5.008889198303223,5.053332805633545,3117825
2010-05-10,5.194337368011475,5.41185188293457,5.219258785247803,5.410369873046875,2342250
2010-05-11,5.3635945320129395,5.597036838531494,5.354074001312256,5.586667060852051,3009150
2010-05-12,5.403419494628906,5.7348151206970215,5.559999942779541,5.628148078918457,2986875
2010-05-13,5.276832103729248,5.6370368003845215,5.432592868804932,5.496295928955078,4224825
2010-05-14,5.278255939483643,5.527407169342041,5.410369873046875,5.497777938842773,2066175
2010-05-17,5.352215766906738,5.580740928649902,5.41185188293457,5.574814796447754,2518425
2010-05-18,5.288211345672607,5.696296215057373,5.496295928955078,5.508148193359375,2568375
2010-05-19,5.301011085510254,5.568889141082764,5.398519039154053,5.521481037139893,2042550
2010-05-20,4.915560722351074,5.407406806945801,5.119999885559082,5.119999885559082,3326400
2010-05-21,5.009435653686523,5.259259223937988,4.998518943786621,5.217778205871582,3713850
2010-05-24,4.918405532836914,5.244443893432617,5.115555763244629,5.122962951660156,1907550
2010-05-25,4.912716388702393,5.1259260177612305,4.917037010192871,5.117036819458008,1769850
2010-05-26,4.936893939971924,5.28000020980835,5.131852149963379,5.142221927642822,1613250
2010-05-27,5.148822784423828,5.373332977294922,5.134815216064453,5.3629631996154785,2898450
2010-05-28,5.069172382354736,5.392592906951904,5.248888969421387,5.28000020980835,1479600
2010-06-01,4.959653854370117,5.297778129577637,5.165925979614258,5.165925979614258,1543725
2010-06-02,5.097619533538818,5.339259147644043,5.143703937530518,5.309629917144775,1871100
2010-06-03,5.231318473815918,5.456295967102051,5.311110973358154,5.448888778686523,1858275
2010-06-04,4.915560722351074,5.397037029266357,5.111111164093018,5.119999885559082,1747575
2010-06-07,4.673765659332275,5.1451849937438965,4.856296062469482,4.868147850036621,2311200
2010-06-08,4.636785507202148,4.880000114440918,4.671111106872559,4.829629898071289,3754350
2010-06-09,4.823110103607178,5.111111164093018,4.81777811050415,5.0237040519714355,4370625
2010-06-10,5.019390106201172,5.238519191741943,5.091852188110352,5.228147983551025,1461375
2010-06-11,5.1232218742370605,5.336296081542969,5.140740871429443,5.336296081542969,985500
2010-06-14,5.215672492980957,5.50963020324707,5.374814987182617,5.432592868804932,1318950
2010-06-15,5.279677867889404,5.518518924713135,5.3822221755981445,5.499258995056152,2091825
2010-06-16,5.225627422332764,5.50963020324707,5.38962984085083,5.442963123321533,1013175
2010-06-17,5.181536674499512,5.474073886871338,5.302221775054932,5.397037029266357,846450
2010-06-18,5.281100273132324,5.527407169342041,5.355556011199951,5.500741004943848,2033775
2010-06-21,5.238430023193359,5.5659260749816895,5.426667213439941,5.456295967102051,1526175
2010-06-22,4.9027605056762695,5.518518924713135,5.088889122009277,5.1066670417785645,2658150
2010-06-23,4.976720809936523,5.262221813201904,5.082962989807129,5.183703899383545,1408050
2010-06-24,4.929784297943115,5.220740795135498,5.1066670417785645,5.134815216064453,1119150
2010-06-25,4.9440083503723145,5.250370025634766,5.127407073974609,5.149630069732666,7344000
2010-06-28,5.042148590087891,5.290369987487793,5.1451849937438965,5.251852035522461,1345950
2010-06-29,5.006589889526367,5.290369987487793,5.1555562019348145,5.214815139770508,2422575
2010-06-30,4.998054504394531,5.31259298324585,5.183703899383545,5.205925941467285,1526175
2010-07-01,4.952540874481201,5.256296157836914,4.994073867797852,5.1585187911987305,2500200
2010-07-02,4.96818733215332,5.20444393157959,5.105185031890869,5.1748151779174805,1972350
2010-07-06,4.806042671203613,5.318519115447998,4.989630222320557,5.005926132202148,2498175
2010-07-07,4.999478340148926,5.216296195983887,4.998518943786621,5.207406997680664,1364850
2010-07-08,5.060639381408691,5.299259185791016,5.211852073669434,5.271111011505127,1015875
2010-07-09,5.104730129241943,5.328888893127441,5.220740795135498,5.317037105560303,689850
2010-07-12,5.086240291595459,5.416296005249023,5.247406959533691,5.297778129577637,888300
2010-07-13,5.219939231872559,5.453332901000977,5.293333053588867,5.437036991119385,1554525
2010-07-14,5.259764671325684,5.530370235443115,5.397037029266357,5.478518962860107,1137375
2010-07-15,5.133177280426025,5.494814872741699,5.282962799072266,5.3466668128967285,1058400
2010-07-16,5.097619533538818,5.348147869110107,5.274074077606201,5.309629917144775,1746225
2010-07-19,5.168735027313232,5.407406806945801,5.271111011505127,5.38370418548584,1397250
2010-07-20,5.207138538360596,5.440000057220459,5.257778167724609,5.423704147338867,1110375
2010-07-21,5.025081157684326,5.457777976989746,5.198519229888916,5.234074115753174,1494450
2010-07-22,5.197183132171631,5.423704147338867,5.303703784942627,5.413332939147949,2937600
2010-07-23,5.3849287033081055,5.623703956604004,5.380741119384766,5.608889102935791,1730700
2010-07-26,5.487337112426758,5.8059258460998535,5.577777862548828,5.7155561447143555,3215025
2010-07-27,5.407686710357666,5.810369968414307,5.591111183166504,5.632593154907227,2294325
2010-07-28,5.720599174499512,6.065185070037842,5.733333110809326,5.958518981933594,9883350
2010-07-29,5.618192195892334,5.9555559158325195,5.765925884246826,5.851851940155029,4593375
2010-07-30,5.60823392868042,5.888888835906982,5.703703880310059,5.8414812088012695,1732050
2010-08-02,5.5399627685546875,6.014814853668213,5.7244439125061035,5.770370006561279,2660850
2010-08-03,5.389196395874023,5.776296138763428,5.6044440269470215,5.613333225250244,3209625
2010-08-04,5.5115156173706055,5.782221794128418,5.579258918762207,5.740740776062012,2496825
2010-08-05,5.326613903045654,5.675556182861328,5.425185203552246,5.548148155212402,5439150
2010-08-06,5.336571216583252,5.579258918762207,5.367406845092773,5.558518886566162,2463075
2010-08-09,5.406264305114746,5.650370121002197,5.537777900695801,5.631111145019531,969975
2010-08-10,5.241275310516357,5.591111183166504,5.407406806945801,5.459259033203125,1053675
2010-08-11,5.086240291595459,5.397037029266357,5.242962837219238,5.297778129577637,3051675
2010-08-12,5.158779144287109,5.407406806945801,5.185184955596924,5.373332977294922,2543400
2010-08-13,5.0620622634887695,5.435555934906006,5.268147945404053,5.272593021392822,1002375
2010-08-16,5.1232218742370605,5.444444179534912,5.202962875366211,5.336296081542969,1383075
2010-08-17,5.289632797241211,5.552593231201172,5.388147830963135,5.50963020324707,2427975
2010-08-18,5.434710502624512,5.71407413482666,5.451851844787598,5.660740852355957,2345625
2010-08-19,5.259764671325684,5.6533331871032715,5.376296043395996,5.478518962860107,2162025
2010-08-20,5.2967448234558105,5.545185089111328,5.351110935211182,5.5170369148254395,2332800
2010-08-23,5.2355852127075195,5.639999866485596,5.445926189422607,5.453332901000977,1740150
2010-08-24,5.069172382354736,5.402222156524658,5.184443950653076,5.28000020980835,3595050
2010-08-25,5.158779144287109,5.433332920074463,5.222221851348877,5.373332977294922,2790900
2010-08-26,5.137444972991943,5.553332805633545,5.3333330154418945,5.351110935211182,1346850
2010-08-27,5.346524715423584,5.608889102935791,5.384444236755371,5.568889141082764,1773900
2010-08-30,5.1459784507751465,5.559999942779541,5.357778072357178,5.360000133514404,2113650
2010-08-31,4.9582295417785645,5.384444236755371,5.142221927642822,5.1644439697265625,5499900
2010-09-01,5.3315911293029785,5.5577778816223145,5.199999809265137,5.553332805633545,3211200
2010-09-02,5.346524715423584,5.602221965789795,5.482222080230713,5.568889141082764,1276650
2010-09-03,5.340126991271973,5.7155561447143555,5.531110763549805,5.562222003936768,1276200
2010-09-07,5.303855895996094,5.599999904632568,5.460000038146973,5.524444103240967,1308150
2010-09-08,5.433998107910156,5.7311110496521,5.553332805633545,5.659999847412109,1530450
2010-09-09,5.340126991271973,5.760000228881836,5.54888916015625,5.562222003936768,1409850
2010-09-10,5.303855895996094,5.644443988800049,5.491110801696777,5.524444103240967,1764900
2010-09-13,5.4041314125061035,5.6666669845581055,5.559999942779541,5.628889083862305,2025900
2010-09-14,5.387062072753906,5.722221851348877,5.593332767486572,5.611111164093018,2034000
2010-09-15,5.3998637199401855,5.651111125946045,5.555555820465088,5.624444007873535,2184750
2010-09-16,5.5065388679504395,5.824443817138672,5.624444007873535,5.735556125640869,3645450
2010-09-17,5.547074794769287,5.840000152587891,5.611111164093018,5.777778148651123,3205800
2010-09-20,5.525740623474121,5.828888893127441,5.684443950653076,5.755556106567383,2214450
2010-09-21,5.525740623474121,5.8355560302734375,5.679999828338623,5.755556106567383,3339000
2010-09-22,5.470268726348877,5.782221794128418,5.659999847412109,5.697778224945068,2078100
2010-09-23,5.314525127410889,5.695556163787842,5.511110782623291,5.535555839538574,2005200
2010-09-24,5.500137805938721,5.771111011505127,5.579999923706055,5.728888988494873,1561050
2010-09-27,5.510804653167725,5.777778148651123,5.619999885559082,5.739999771118164,1708200
2010-09-28,5.5214715003967285,5.7733330726623535,5.619999885559082,5.751111030578613,2290950
2010-09-29,5.508672714233398,5.7866668701171875,5.577777862548828,5.737778186798096,2688750
2010-09-30,5.423333644866943,5.802221775054932,5.642221927642822,5.648889064788818,1879650
2010-10-01,5.33799409866333,5.735556125640869,5.506667137145996,5.559999942779541,1839150
2010-10-04,5.2590532302856445,5.6066670417785645,5.413332939147949,5.47777795791626,2115900
2010-10-05,5.425464153289795,5.693333148956299,5.52222204208374,5.651111125946045,1297800
2010-10-06,5.352927207946777,5.6644439697265625,5.54888916015625,5.575555801391602,1206450
2010-10-07,5.376396656036377,5.662221908569336,5.542222023010254,5.599999904632568,2119950
2010-10-08,5.391330242156982,5.695556163787842,5.531110763549805,5.615555763244629,3393450
2010-10-11,5.352927207946777,5.626667022705078,5.5577778816223145,5.575555801391602,3113550
2010-10-12,5.429732322692871,5.686666965484619,5.511110782623291,5.6555562019348145,1341900
2010-10-13,5.54920768737793,5.848888874053955,5.6666669845581055,5.78000020980835,2072700
2010-10-14,5.508672714233398,5.7844438552856445,5.706666946411133,5.737778186798096,1545750
2010-10-15,5.532138347625732,5.81777811050415,5.70444393157959,5.762221813201904,2115450
2010-10-18,5.538541793823242,5.791110992431641,5.742221832275391,5.7688889503479,1271250
2010-10-19,5.448935031890869,5.742221832275391,5.633333206176758,5.675556182861328,2016900
2010-10-20,5.58334493637085,5.877778053283691,5.695556163787842,5.815556049346924,1913400
2010-10-21,5.559875011444092,5.848888874053955,5.6777777671813965,5.791110992431641,1799550
2010-10-22,5.617480278015137,5.873332977294922,5.764443874359131,5.851110935211182,1810800
2010-10-25,5.647347927093506,5.944444179534912,5.851110935211182,5.8822221755981445,983700
2010-10-26,5.551340103149414,5.917778015136719,5.78000020980835,5.782221794128418,1614150
2010-10-27,5.960970878601074,6.228888988494873,5.79555606842041,6.208889007568359,7986600
2010-10-28,5.967372894287109,6.3355560302734375,6.1666669845581055,6.2155561447143555,4051350
2010-10-29,5.984439849853516,6.28000020980835,6.146667003631592,6.233333110809326,2387250
2010-11-01,5.8606953620910645,6.266666889190674,6.02222204208374,6.1044440269470215,2572650
2010-11-02,5.937502384185791,6.21999979019165,6.1066670417785645,6.184443950653076,2701350
2010-11-03,6.039909839630127,6.308888912200928,6.1777777671813965,6.291110992431641,5742900
2010-11-04,6.120983600616455,6.444444179534912,6.3222222328186035,6.375555992126465,2366100
2010-11-05,6.086847305297852,6.424444198608398,6.300000190734863,6.340000152587891,1407600
2010-11-08,6.061244964599609,6.380000114440918,6.211111068725586,6.313333034515381,715500
2010-11-09,5.916168689727783,6.340000152587891,6.126667022705078,6.162221908569336,1307250
2010-11-10,5.935369491577148,6.222221851348877,6.113333225250244,6.18222188949585,1495350
2010-11-11,5.952437877655029,6.20444393157959,6.1066670417785645,6.199999809265137,1276650
2010-11-12,5.939635276794434,6.235556125640869,6.115555763244629,6.186666965484619,1223550
2010-11-15,5.88843297958374,6.25333309173584,6.126667022705078,6.133333206176758,1143000
2010-11-16,5.856429576873779,6.133333206176758,6.0,6.099999904632568,1291950
2010-11-17,5.946037292480469,6.25333309173584,6.086667060852051,6.193333148956299,1826100
2010-11-18,5.980172634124756,6.353332996368408,6.202221870422363,6.228888988494873,1319850
2010-11-19,6.086847305297852,6.5,6.193333148956299,6.340000152587891,3041550
2010-11-22,6.120983600616455,6.388888835906982,6.266666889190674,6.375555992126465,1719900
2010-11-23,6.1700544357299805,6.437777996063232,6.2866668701171875,6.426667213439941,3154500
2010-11-24,6.330063819885254,6.6044440269470215,6.466667175292969,6.593332767486572,2506050
2010-11-26,6.2660603523254395,6.595555782318115,6.513332843780518,6.52666711807251,568800
2010-11-29,6.2340569496154785,6.524444103240967,6.373332977294922,6.493332862854004,1487700
2010-11-30,6.161520004272461,6.462222099304199,6.364443778991699,6.417778015136719,1847250
2010-12-01,6.298061847686768,6.635556221008301,6.519999980926514,6.559999942779541,1268100
2010-12-02,6.421804904937744,6.717778205871582,6.5155558586120605,6.688889026641846,2334150
2010-12-03,6.539145469665527,6.915555953979492,6.6177778244018555,6.811110973358154,2642850
2010-12-06,6.58181619644165,6.888888835906982,6.744443893432617,6.855556011199951,1995750
2010-12-07,6.675691604614258,7.0444440841674805,6.886666774749756,6.953332901000977,1812600
2010-12-08,6.560482501983643,6.988889217376709,6.824443817138672,6.8333330154418945,1980900
2010-12-09,6.532747268676758,6.897778034210205,6.793333053588867,6.804443836212158,1634400
2010-12-10,6.605285167694092,6.886666774749756,6.762221813201904,6.880000114440918,928800
2010-12-13,6.466608047485352,6.931110858917236,6.728888988494873,6.735556125640869,1707300
2010-12-14,6.498610973358154,6.842222213745117,6.6666669845581055,6.7688889503479,1829700
2010-12-15,6.490077018737793,6.8444437980651855,6.7311110496521,6.760000228881836,1808100
2010-12-16,6.57968282699585,6.913332939147949,6.735556125640869,6.853332996368408,1846800
2010-12-17,6.532747268676758,6.8822221755981445,6.735556125640869,6.804443836212158,2570400
2010-12-20,6.55408239364624,6.860000133514404,6.737778186798096,6.826666831970215,1034550
2010-12-21,6.752496719360352,7.055555820465088,6.866666793823242,7.033332824707031,1294200
2010-12-22,6.741828918457031,7.099999904632568,6.97333288192749,7.02222204208374,599400
2010-12-23,6.761031150817871,7.075555801391602,6.97777795791626,7.042222023010254,591300
2010-12-27,6.793033123016357,7.122221946716309,6.982222080230713,7.075555801391602,583200
2010-12-28,6.729027271270752,7.088889122009277,6.968889236450195,7.008889198303223,657450
2010-12-29,6.750362396240234,7.073332786560059,7.006667137145996,7.031110763549805,346950
2010-12-30,6.835701942443848,7.1555562019348145,7.0444440841674805,7.119999885559082,715050
2010-12-31,6.825034141540527,7.1644439697265625,7.084444046020508,7.108889102935791,952650
2011-01-03,6.929576396942139,7.337778091430664,7.144443988800049,7.217778205871582,874800
2011-01-04,6.929576396942139,7.497777938842773,6.97777795791626,7.217778205871582,8187300
2011-01-05,6.918907165527344,7.326666831970215,7.133333206176758,7.206666946411133,2298600
2011-01-06,6.965845108032227,7.388888835906982,7.208889007568359,7.255556106567383,2028600
2011-01-07,6.982912540435791,7.351110935211182,7.148889064788818,7.2733330726623535,1154250
2011-01-10,6.97011137008667,7.304443836212158,7.144443988800049,7.260000228881836,1084050
2011-01-11,6.916774749755859,7.302221775054932,7.137777805328369,7.20444393157959,1117350
2011-01-12,6.978647232055664,7.293333053588867,7.1777777671813965,7.2688889503479,1466550
2011-01-13,7.042651176452637,7.3933329582214355,7.064444065093994,7.3355560302734375,1788300
2011-01-14,7.085322380065918,7.404444217681885,7.228888988494873,7.380000114440918,1597050
2011-01-18,7.053319454193115,7.448888778686523,7.2688889503479,7.3466668128967285,1513350
2011-01-19,6.889040470123291,7.360000133514404,7.144443988800049,7.175556182861328,1875150
2011-01-20,6.807967662811279,7.168889045715332,7.039999961853027,7.091111183166504,915750
2011-01-21,6.788765907287598,7.1644439697265625,7.055555820465088,7.07111120223999,873450
2011-01-24,6.850637435913086,7.21999979019165,7.04888916015625,7.135556221008301,1207350
2011-01-25,6.901840686798096,7.211111068725586,7.084444046020508,7.188889026641846,889650
2011-01-26,6.97011137008667,7.406667232513428,7.148889064788818,7.260000228881836,2556900
2011-01-27,7.119457244873047,7.466667175292969,7.228888988494873,7.415555953979492,1236150
2011-01-28,6.867705821990967,7.388888835906982,7.151111125946045,7.1533331871032715,1342800
2011-01-31,6.863438129425049,7.199999809265137,7.055555820465088,7.148889064788818,1139400
2011-02-01,6.974377155303955,7.300000190734863,7.191111087799072,7.264443874359131,1093050
2011-02-02,6.566883087158203,7.137777805328369,6.304443836212158,6.840000152587891,9990000
2011-02-03,6.419671535491943,6.8466668128967285,6.595555782318115,6.686666965484619,4199400
2011-02-04,6.505012035369873,6.8222222328186035,6.611111164093018,6.7755560874938965,3020850
2011-02-07,6.441007137298584,6.7755560874938965,6.633333206176758,6.708889007568359,3338100
2011-02-08,6.458074569702148,6.777778148651123,6.6666669845581055,6.7266669273376465,1125450
2011-02-09,6.413270473480225,6.862222194671631,6.608889102935791,6.679999828338623,2032200
2011-02-10,6.547680377960205,6.880000114440918,6.622221946716309,6.820000171661377,2101050
2011-02-11,6.630887985229492,6.908888816833496,6.760000228881836,6.906667232513428,3124350
2011-02-14,6.71835994720459,7.033332824707031,6.848888874053955,6.997777938842773,1442700
2011-02-15,6.735428333282471,7.1066670417785645,6.95111083984375,7.0155558586120605,2180700
2011-02-16,6.756763458251953,7.088889122009277,6.975555896759033,7.037777900695801,2319750
2011-02-17,6.803699970245361,7.1555562019348145,6.97333288192749,7.086667060852051,1350000
2011-02-18,6.891173362731934,7.193333148956299,7.033332824707031,7.1777777671813965,1590750
2011-02-22,6.6671552658081055,7.088889122009277,6.920000076293945,6.944444179534912,1525500
2011-02-23,6.4943437576293945,6.937777996063232,6.671111106872559,6.764443874359131,1380150
2011-02-24,6.460207462310791,6.848888874053955,6.642221927642822,6.728888988494873,1507500
2011-02-25,6.5882182121276855,6.9844441413879395,6.728888988494873,6.862222194671631,1118700
2011-02-28,6.564749240875244,6.97333288192749,6.800000190734863,6.837778091430664,819000
2011-03-01,6.460207462310791,6.880000114440918,6.679999828338623,6.728888988494873,811350
2011-03-02,6.468742847442627,6.840000152587891,6.679999828338623,6.737778186798096,2018250
2011-03-03,6.839970111846924,7.148889064788818,6.804443836212158,7.124444007873535,3351150
2011-03-04,6.8783721923828125,7.2133331298828125,7.086667060852051,7.1644439697265625,1804500
2011-03-07,6.837836742401123,7.257778167724609,6.971110820770264,7.122221946716309,2486250
2011-03-08,7.019183158874512,7.31777811050415,7.07111120223999,7.311110973358154,1105650
2011-03-09,6.991446018218994,7.4555559158325195,7.2266669273376465,7.282221794128418,3774600
2011-03-10,6.901840686798096,7.2844438552856445,7.113333225250244,7.188889026641846,2170800
2011-03-11,7.0213165283203125,7.386666774749756,7.191111087799072,7.313333034515381,6663600
2011-03-14,6.982912540435791,7.386666774749756,7.191111087799072,7.2733330726623535,1254600
2011-03-15,7.00424861907959,7.391110897064209,6.960000038146973,7.29555606842041,2228850
2011-03-16,7.057582855224609,7.575555801391602,7.25333309173584,7.351110935211182,3100050
2011-03-17,7.1855950355529785,7.6644439697265625,7.47333288192749,7.4844441413879395,2448450
2011-03-18,7.24746561050415,7.722221851348877,7.5,7.54888916015625,2214900
2011-03-21,7.339205265045166,7.668889045715332,7.582221984863281,7.644443988800049,1428750
2011-03-22,7.251732349395752,7.644443988800049,7.524444103240967,7.553332805633545,734400
2011-03-23,7.268800735473633,7.613333225250244,7.482222080230713,7.57111120223999,1046700
2011-03-24,7.317870140075684,7.706666946411133,7.555555820465088,7.622221946716309,1182600
2011-03-25,7.320004463195801,7.702221870422363,7.588889122009277,7.624444007873535,1802700
2011-03-28,7.294403076171875,7.662221908569336,7.555555820465088,7.597777843475342,1300500
2011-03-29,7.313602447509766,7.684443950653076,7.537777900695801,7.6177778244018555,1669500
2011-03-30,7.467216491699219,7.826666831970215,7.593332767486572,7.777778148651123,1807200
2011-03-31,7.486416816711426,7.8466668128967285,7.757778167724609,7.797778129577637,2070000
2011-04-01,7.524820327758789,7.971110820770264,7.815556049346924,7.837778091430664,1216350
2011-04-04,7.622960567474365,8.01111125946045,7.8444437980651855,7.940000057220459,1078650
2011-04-05,7.6570963859558105,8.04444408416748,7.8466668128967285,7.975555896759033,879750
2011-04-06,7.723234176635742,8.119999885559082,7.917778015136719,8.04444408416748,2966400
2011-04-07,7.635760307312012,8.102222442626953,7.944444179534912,7.953332901000977,2050200
2011-04-08,7.512017250061035,8.022221565246582,7.7755560874938965,7.824443817138672,1852200
2011-04-11,7.448013782501221,7.8822221755981445,7.708889007568359,7.757778167724609,1221300
2011-04-12,7.401076316833496,7.7866668701171875,7.673333168029785,7.708889007568359,999450
2011-04-13,7.332806587219238,7.797778129577637,7.591111183166504,7.637777805328369,1071450
2011-04-14,7.422411918640137,7.782221794128418,7.6044440269470215,7.7311110496521,1858500
2011-04-15,7.386141300201416,7.78000020980835,7.637777805328369,7.693333148956299,1730700
2011-04-18,7.279468059539795,7.6666669845581055,7.537777900695801,7.582221984863281,815850
2011-04-19,7.268800735473633,7.6533331871032715,7.52222204208374,7.57111120223999,933750
2011-04-20,7.332806587219238,7.662221908569336,7.539999961853027,7.637777805328369,958500
2011-04-21,7.398943901062012,7.788888931274414,7.651111125946045,7.706666946411133,584550
2011-04-25,7.226130962371826,7.679999828338623,7.471110820770264,7.52666711807251,1545300
2011-04-26,7.36267614364624,7.840000152587891,7.528889179229736,7.668889045715332,2723400
2011-04-27,8.026185989379883,8.54888916015625,8.015556335449219,8.359999656677246,6396300
2011-04-28,8.10726261138916,8.468889236450195,8.359999656677246,8.444443702697754,2344950
2011-04-29,7.98351526260376,8.484443664550781,8.286666870117188,8.315555572509766,1674000
2011-05-02,7.9664506912231445,8.386667251586914,8.271110534667969,8.297778129577637,1601550
2011-05-03,7.902446746826172,8.277777671813965,8.173333168029785,8.231110572814941,1397700
2011-05-04,7.855510234832764,8.29555606842041,8.073332786560059,8.182222366333008,1988550
2011-05-05,7.928053379058838,8.355555534362793,8.035555839538574,8.25777816772461,1500750
2011-05-06,7.91524600982666,8.399999618530273,8.220000267028809,8.244443893432617,1242000
2011-05-09,7.981386184692383,8.34000015258789,8.168889045715332,8.313332557678223,1368900
2011-05-10,8.060327529907227,8.417778015136719,8.317777633666992,8.395556449890137,1482300
2011-05-11,7.908845901489258,8.391111373901367,8.175556182861328,8.237777709960938,1734300
2011-05-12,7.874711990356445,8.342222213745117,8.0377779006958,8.202221870422363,1854000
2011-05-13,7.763769149780273,8.19777774810791,8.04888916015625,8.08666706085205,1336500
2011-05-16,7.680564880371094,8.11111068725586,7.962222099304199,8.0,1538550
2011-05-17,7.571755886077881,7.97777795791626,7.880000114440918,7.886666774749756,1375200
2011-05-18,7.701898574829102,8.035555839538574,7.837778091430664,8.022221565246582,1816200
2011-05-19,7.738169193267822,8.137778282165527,7.924444198608398,8.0600004196167,1527300
2011-05-20,7.772304534912109,8.113332748413086,7.937777996063232,8.095556259155273,1599300
2011-05-23,7.748835563659668,8.113332748413086,7.926667213439941,8.071110725402832,2039850
2011-05-24,7.627224922180176,8.09333324432373,7.917778015136719,7.944444179534912,1225350
2011-05-25,7.7061662673950195,8.064443588256836,7.917778015136719,8.026666641235352,756000
2011-05-26,7.913112163543701,8.251111030578613,8.004444122314453,8.24222183227539,1416150
2011-05-27,7.868312835693359,8.30666732788086,8.153332710266113,8.195555686950684,837450
2011-05-31,7.964318752288818,8.342222213745117,8.117777824401855,8.29555606842041,1494450
2011-06-01,7.4714813232421875,8.277777671813965,7.7755560874938965,7.782221794128418,3878550
2011-06-02,7.561090469360352,7.997777938842773,7.831110954284668,7.875555992126465,2254050
2011-06-03,7.366942405700684,7.802221775054932,7.646667003631592,7.673333168029785,1598850
2011-06-06,7.281601428985596,7.728888988494873,7.564444065093994,7.584444046020508,2151450
2011-06-07,7.317870140075684,7.800000190734863,7.4844441413879395,7.622221946716309,2068650
2011-06-08,7.268800735473633,7.691111087799072,7.495555877685547,7.57111120223999,1788300
2011-06-09,7.407479286193848,7.924444198608398,7.706666946411133,7.7155561447143555,2066850
2011-06-10,7.3498735427856445,7.739999771118164,7.619999885559082,7.6555562019348145,1667250
2011-06-13,7.334938049316406,7.757778167724609,7.628889083862305,7.639999866485596,1299600
2011-06-14,7.597357273101807,7.948888778686523,7.673333168029785,7.913332939147949,1502550
2011-06-15,7.435213088989258,7.888888835906982,7.70444393157959,7.744443893432617,1291500
2011-06-16,7.4970831871032715,7.891110897064209,7.706666946411133,7.808888912200928,1619550
2011-06-17,7.501350402832031,7.980000019073486,7.748888969421387,7.813333034515381,1955250
2011-06-20,7.548288345336914,7.933332920074463,7.755556106567383,7.862222194671631,1362600
2011-06-21,7.770172595977783,8.106666564941406,7.922222137451172,8.09333324432373,1462500
2011-06-22,7.725368499755859,8.220000267028809,8.028888702392578,8.046667098999023,1041300
2011-06-23,7.759505748748779,8.100000381469727,7.933332920074463,8.082221984863281,1063350
2011-06-24,7.7083001136779785,8.162221908569336,7.966667175292969,8.028888702392578,4298850
2011-06-27,7.684831142425537,8.008889198303223,7.886666774749756,8.004444122314453,1419750
2011-06-28,7.800039768218994,8.124444007873535,7.948888778686523,8.124444007873535,814050
2011-06-29,7.793638229370117,8.188888549804688,8.031110763549805,8.117777824401855,1532250
2011-06-30,7.957920074462891,8.375555992126465,8.168889045715332,8.288888931274414,1777950
2011-07-01,8.090195655822754,8.508889198303223,8.25333309173584,8.426667213439941,1776150
2011-07-05,8.098729133605957,8.504444122314453,8.319999694824219,8.435556411743164,1306800
2011-07-06,8.408084869384766,8.886667251586914,8.382222175598145,8.75777816772461,4099050
2011-07-07,8.480624198913574,8.915555953979492,8.715556144714355,8.833333015441895,2232450
2011-07-08,8.420886039733887,8.782221794128418,8.606666564941406,8.771110534667969,1084500
2011-07-11,8.237405776977539,8.755556106567383,8.5,8.579999923706055,1265400
2011-07-12,8.235272407531738,8.633333206176758,8.484443664550781,8.577777862548828,989550
2011-07-13,8.282209396362305,8.733332633972168,8.56222152709961,8.626667022705078,1173150
2011-07-14,8.15633487701416,8.691110610961914,8.415555953979492,8.495555877685547,1817100
2011-07-15,8.149931907653809,8.520000457763672,8.366666793823242,8.48888874053955,1157850
2011-07-18,8.00058650970459,8.457777976989746,8.297778129577637,8.333333015441895,1054350
2011-07-19,8.036856651306152,8.446666717529297,8.311111450195312,8.371110916137695,1480950
2011-07-20,8.049654006958008,8.417778015136719,8.313332557678223,8.384444236755371,1296450
2011-07-21,7.996320724487305,8.54444408416748,8.311111450195312,8.328888893127441,1493100
2011-07-22,8.043256759643555,8.415555953979492,8.29555606842041,8.377778053283691,1075950
2011-07-25,7.97925329208374,8.35777759552002,8.260000228881836,8.311111450195312,896400
2011-07-26,7.742434978485107,8.231110572814941,8.017778396606445,8.064443588256836,2374200
2011-07-27,7.531219959259033,8.122221946716309,7.815556049346924,7.8444437980651855,2338650
2011-07-28,7.8043084144592285,8.431111335754395,8.102222442626953,8.128889083862305,4365450
2011-07-29,7.904582977294922,8.29555606842041,7.940000057220459,8.233332633972168,2172150
2011-08-01,7.825641632080078,8.395556449890137,8.106666564941406,8.151110649108887,1559700
2011-08-02,7.386141300201416,8.175556182861328,7.679999828338623,7.693333148956299,2996550
2011-08-03,7.396810531616211,7.728888988494873,7.440000057220459,7.70444393157959,3004650
2011-08-04,6.908241271972656,7.613333225250244,7.193333148956299,7.195556163787842,2816100
2011-08-05,6.839970111846924,7.4422221183776855,6.935555934906006,7.124444007873535,2715300
2011-08-08,6.1700544357299805,7.0,6.415555953979492,6.426667213439941,4307400
2011-08-09,6.526345252990723,6.860000133514404,6.29555606842041,6.797778129577637,4417200
2011-08-10,6.3044633865356445,6.8333330154418945,6.480000019073486,6.566667079925537,3099600
2011-08-11,6.613819599151611,6.982222080230713,6.591111183166504,6.888888835906982,3936150
2011-08-12,6.901840686798096,7.271111011505127,6.8822221755981445,7.188889026641846,3587400
2011-08-15,6.854903697967529,7.306666851043701,7.04888916015625,7.139999866485596,2015100
2011-08-16,6.68209171295166,7.137777805328369,6.915555953979492,6.960000038146973,1850400
2011-08-17,6.603152275085449,7.039999961853027,6.7866668701171875,6.877778053283691,1989000
2011-08-18,6.103914737701416,6.684443950653076,6.320000171661377,6.357778072357178,2266650
2011-08-19,5.980172634124756,6.453332901000977,6.1666669845581055,6.228888988494873,2772450
2011-08-22,6.110316753387451,6.504444122314453,6.28000020980835,6.364443778991699,2434500
2011-08-23,6.3983354568481445,6.671111106872559,6.320000171661377,6.6644439697265625,2083950
2011-08-24,6.434607982635498,6.766666889190674,6.562222003936768,6.702221870422363,1893600
2011-08-25,6.242591381072998,6.820000171661377,6.464444160461426,6.502222061157227,1779750
2011-08-26,6.505012035369873,6.7866668701171875,6.297778129577637,6.7755560874938965,1797750
2011-08-29,6.820767879486084,7.113333225250244,6.762221813201904,7.1044440269470215,1836000
2011-08-30,6.918907165527344,7.277778148651123,6.97333288192749,7.206666946411133,2579400
2011-08-31,6.852770805358887,7.488889217376709,7.091111183166504,7.137777805328369,2129850
2011-09-01,6.675691604614258,7.2688889503479,6.915555953979492,6.953332901000977,1883700
2011-09-02,6.547680377960205,6.997777938842773,6.7755560874938965,6.820000171661377,2124000
2011-09-06,6.473008155822754,6.7866668701171875,6.486667156219482,6.742221832275391,2531250
2011-09-07,6.754629611968994,7.051111221313477,6.706666946411133,7.035555839538574,3801600
2011-09-08,6.684225559234619,7.228888988494873,6.933332920074463,6.962222099304199,3568500
2011-09-09,6.509278297424316,6.971110820770264,6.695556163787842,6.78000020980835,2882700
2011-09-12,6.511411666870117,6.800000190734863,6.519999980926514,6.782221794128418,2456100
2011-09-13,6.731161117553711,7.1066670417785645,6.831110954284668,7.011110782623291,1999350
2011-09-14,6.9679789543151855,7.366666793823242,6.904444217681885,7.257778167724609,1876500
2011-09-15,7.049050807952881,7.362222194671631,7.162221908569336,7.342222213745117,1310400
2011-09-16,7.089588165283203,7.404444217681885,7.244443893432617,7.384444236755371,4145400
2011-09-19,6.955178260803223,7.311110973358154,7.148889064788818,7.244443893432617,1167300
2011-09-20,6.743961811065674,7.426667213439941,7.02222204208374,7.024444103240967,1480950
2011-09-21,6.272459983825684,7.008889198303223,6.511110782623291,6.533332824707031,2378700
2011-09-22,6.08258056640625,6.504444122314453,6.20444393157959,6.3355560302734375,4338450
2011-09-23,6.225524425506592,6.533332824707031,6.217778205871582,6.4844441413879395,1656900
2011-09-26,6.283128261566162,6.599999904632568,6.342222213745117,6.5444440841674805,1793700
2011-09-27,6.5412797927856445,6.997777938842773,6.631111145019531,6.813333034515381,2449800
2011-09-28,6.248992443084717,6.908888816833496,6.457777976989746,6.508889198303223,2296350
2011-09-29,6.293795108795166,6.7244439125061035,6.311110973358154,6.555555820465088,1971900
2011-09-30,6.180720329284668,6.566667079925537,6.397778034210205,6.437777996063232,2615850
2011-10-03,5.933236122131348,6.626667022705078,6.168889045715332,6.179999828338623,2361150
2011-10-04,6.464473247528076,6.739999771118164,6.088889122009277,6.733333110809326,2856150
2011-10-05,6.502878189086914,6.853332996368408,6.626667022705078,6.7733330726623535,1553850
2011-10-06,6.724759101867676,7.008889198303223,6.757778167724609,7.004444122314453,2407500
2011-10-07,6.509278297424316,7.082221984863281,6.760000228881836,6.78000020980835,2140200
2011-10-10,6.837836742401123,7.131111145019531,6.8933329582214355,7.122221946716309,1418400
2011-10-11,6.863438129425049,7.2688889503479,7.011110782623291,7.148889064788818,2309400
2011-10-12,7.066118240356445,7.437777996063232,7.1777777671813965,7.360000133514404,1691550
2011-10-13,7.06185245513916,7.380000114440918,7.142221927642822,7.355556011199951,1368000
2011-10-14,7.275200366973877,7.624444007873535,7.47777795791626,7.577777862548828,1797300
2011-10-17,7.034117221832275,7.566667079925537,7.2866668701171875,7.326666831970215,1429650
2011-10-18,7.24746561050415,7.626667022705078,7.2755560874938965,7.54888916015625,1172250
2011-10-19,7.091721534729004,7.597777843475342,7.3355560302734375,7.386666774749756,1497150
2011-10-20,7.3008036613464355,7.6177778244018555,7.366666793823242,7.6044440269470215,1838250
2011-10-21,7.35413932800293,7.760000228881836,7.464444160461426,7.659999847412109,2171250
2011-10-24,7.601624965667725,8.042222023010254,7.657777786254883,7.917778015136719,2240550
2011-10-25,7.454413890838623,7.9555559158325195,7.624444007873535,7.764443874359131,1611450
2011-10-26,7.554687023162842,7.968889236450195,7.673333168029785,7.868888854980469,3016350
2011-10-27,8.088062286376953,8.579999923706055,7.611111164093018,8.424444198608398,3646800
2011-10-28,7.936583042144775,8.4399995803833,8.122221946716309,8.266667366027832,3676500
2011-10-31,7.797905921936035,8.315555572509766,8.079999923706055,8.122221946716309,1055700
2011-11-01,7.561090469360352,8.020000457763672,7.70444393157959,7.875555992126465,3570300
2011-11-02,7.806440830230713,8.168889045715332,7.935555934906006,8.131111145019531,1904400
2011-11-03,7.994190216064453,8.337778091430664,7.982222080230713,8.326666831970215,1448100
2011-11-04,7.951519012451172,8.326666831970215,8.088889122009277,8.282221794128418,1001250
2011-11-07,7.957920074462891,8.38888931274414,8.108888626098633,8.288888931274414,2011500
2011-11-08,8.047523498535156,8.40666675567627,8.215556144714355,8.382222175598145,2075400
2011-11-09,7.910979747772217,8.34000015258789,8.119999885559082,8.239999771118164,2322450
2011-11-10,7.906713008880615,8.422222137451172,8.175556182861328,8.235555648803711,2610000
2011-11-11,8.239538192749023,8.591111183166504,8.353333473205566,8.582221984863281,1894950
2011-11-14,8.201136589050293,8.637778282165527,8.395556449890137,8.542222023010254,2046600
2011-11-15,8.33554458618164,8.768889427185059,8.45111083984375,8.682222366333008,1516950
2011-11-16,8.186202049255371,8.75777816772461,8.520000457763672,8.526666641235352,1844100
2011-11-17,8.036856651306152,8.633333206176758,8.308889389038086,8.371110916137695,1640250
2011-11-18,8.049654006958008,8.56222152709961,8.331110954284668,8.384444236755371,1494900
2011-11-21,7.913112163543701,8.328888893127441,8.1355562210083,8.24222183227539,685350
2011-11-22,7.725368499755859,8.284443855285645,8.04444408416748,8.046667098999023,1300950
2011-11-23,7.576021671295166,8.04444408416748,7.828888893127441,7.891110897064209,1394100
2011-11-25,7.47788143157959,7.957777976989746,7.788888931274414,7.788888931274414,423450
2011-11-28,7.874711990356445,8.271110534667969,8.008889198303223,8.202221870422363,1548900
2011-11-29,7.898183822631836,8.333333015441895,8.155555725097656,8.226667404174805,1187100
2011-11-30,8.280076026916504,8.717778205871582,8.493332862854004,8.624444007873535,2433600
2011-12-01,8.1285982131958,8.58666706085205,8.4622220993042,8.466667175292969,1034550
2011-12-02,8.231001853942871,8.664443969726562,8.526666641235352,8.573332786560059,1532250
2011-12-05,8.40168571472168,8.819999694824219,8.626667022705078,8.751111030578613,1421550
2011-12-06,8.501961708068848,8.88888931274414,8.651110649108887,8.855555534362793,1836900
2011-12-07,8.416620254516602,8.855555534362793,8.644444465637207,8.766667366027832,1452150
2011-12-08,8.169133186340332,8.688888549804688,8.48888874053955,8.508889198303223,1326150
2011-12-09,8.523292541503906,8.911110877990723,8.526666641235352,8.877778053283691,1492650
2011-12-12,8.423018455505371,8.782221794128418,8.64888858795166,8.773332595825195,1229850
2011-12-13,8.318476676940918,8.944443702697754,8.631111145019531,8.664443969726562,2149200
2011-12-14,8.098729133605957,8.606666564941406,8.428889274597168,8.435556411743164,1644300
2011-12-15,8.252341270446777,8.662221908569336,8.477778434753418,8.595556259155273,1012050
2011-12-16,8.339816093444824,8.880000114440918,8.666666984558105,8.686667442321777,2767500
2011-12-19,8.207536697387695,8.9022216796875,8.524443626403809,8.54888916015625,1538100
2011-12-20,8.621431350708008,9.035555839538574,8.74222183227539,8.979999542236328,1650150
2011-12-21,8.69397258758545,9.084444046020508,8.844444274902344,9.055556297302246,832950
2011-12-22,8.689704895019531,9.155555725097656,8.891111373901367,9.051111221313477,1317150
2011-12-23,8.76651382446289,9.180000305175781,8.975556373596191,9.131111145019531,607050
2011-12-27,8.824112892150879,9.244443893432617,9.039999961853027,9.191110610961914,675900
2011-12-28,8.6470365524292,9.228889465332031,8.960000038146973,9.006667137145996,788400
2011-12-29,8.792112350463867,9.195555686950684,8.995555877685547,9.157777786254883,817650
2011-12-30,8.6470365524292,9.144444465637207,9.004444122314453,9.006667137145996,1240650
2012-01-03,8.708907127380371,9.279999732971191,9.046667098999023,9.071110725402832,2506500
2012-01-04,8.585161209106445,9.084444046020508,8.91333293914795,8.942221641540527,2528550
2012-01-05,8.416620254516602,8.90666675567627,8.688888549804688,8.766667366027832,3224250
2012-01-06,8.305678367614746,8.848889350891113,8.644444465637207,8.651110649108887,2873700
2012-01-09,8.26940631866455,8.722222328186035,8.513333320617676,8.613332748413086,2520900
2012-01-10,8.450753211975098,8.804444313049316,8.706666946411133,8.80222225189209,1371600
2012-01-11,8.644898414611816,9.017778396606445,8.744443893432617,9.004444122314453,1744650
2012-01-12,8.670501708984375,9.071110725402832,8.9399995803833,9.031110763549805,971100
2012-01-13,8.578765869140625,9.008889198303223,8.824443817138672,8.935556411743164,821700
2012-01-17,8.593698501586914,9.082221984863281,8.882222175598145,8.95111083984375,995850
2012-01-18,8.659836769104004,9.068888664245605,8.953332901000977,9.020000457763672,737100
2012-01-19,8.807046890258789,9.24666690826416,9.024443626403809,9.173333168029785,1204650
2012-01-20,8.738777160644531,9.19333267211914,8.995555877685547,9.102222442626953,1002150
2012-01-23,8.713172912597656,9.108888626098633,8.948888778686523,9.075555801391602,677250
2012-01-24,8.749442100524902,9.162221908569336,8.9622220993042,9.113332748413086,2016900
2012-01-25,8.800644874572754,9.260000228881836,9.057778358459473,9.166666984558105,808200
2012-01-26,8.96279239654541,9.3644437789917,9.166666984558105,9.335556030273438,1144800
2012-01-27,8.977726936340332,9.366666793823242,9.217778205871582,9.35111141204834,1629450
2012-01-30,8.853983879089355,9.408888816833496,9.220000267028809,9.222222328186035,1519650
2012-01-31,9.092935562133789,9.493332862854004,9.146666526794434,9.471111297607422,2882700
2012-02-01,9.131340026855469,9.833333015441895,9.435556411743164,9.51111125946045,6895800
2012-02-02,9.297748565673828,9.928889274597168,9.417778015136719,9.684444427490234,3444750
2012-02-03,9.523900032043457,10.0,9.722222328186035,9.920000076293945,2031750
2012-02-06,9.470562934875488,9.928889274597168,9.79555606842041,9.8644437789917,763200
2012-02-07,9.408692359924316,9.920000076293945,9.695555686950684,9.800000190734863,1805850
2012-02-08,9.37028980255127,9.859999656677246,9.608888626098633,9.760000228881836,929250
2012-02-09,9.366021156311035,9.831110954284668,9.70888900756836,9.755556106567383,796050
2012-02-10,9.355352401733398,9.817777633666992,9.555556297302246,9.744443893432617,1209150
2012-02-13,9.515363693237305,10.0377779006958,9.808889389038086,9.911110877990723,1927350
2012-02-14,9.359622955322266,9.882222175598145,9.680000305175781,9.748888969421387,1486350
2012-02-15,9.255082130432129,9.835556030273438,9.595556259155273,9.640000343322754,1002150
2012-02-16,9.549501419067383,9.957777976989746,9.64222240447998,9.946666717529297,2344950
2012-02-17,9.487630844116211,10.04444408416748,9.800000190734863,9.882222175598145,1140300
2012-02-21,9.355352401733398,10.028888702392578,9.65999984741211,9.744443893432617,1815300
2012-02-22,9.280680656433105,9.779999732971191,9.595556259155273,9.666666984558105,1104750
2012-02-23,9.440693855285645,9.880000114440918,9.608888626098633,9.833333015441895,1505250
2012-02-24,9.447093963623047,9.960000038146973,9.75333309173584,9.84000015258789,1672650
2012-02-27,9.436424255371094,9.917778015136719,9.64222240447998,9.828888893127441,1225800
2012-02-28,9.321218490600586,9.877778053283691,9.651110649108887,9.70888900756836,1723500
2012-02-29,9.28281307220459,9.828888893127441,9.6355562210083,9.668889045715332,1433700
2012-03-01,9.651907920837402,10.11111068725586,9.720000267028809,10.053333282470703,2194200
2012-03-02,9.60070514678955,10.084444046020508,9.911110877990723,10.0,2063250
2012-03-05,9.705245971679688,10.119999885559082,9.915555953979492,10.108888626098633,1067400
2012-03-06,9.498297691345215,10.164443969726562,9.831110954284668,9.893333435058594,2675250
2012-03-07,9.60070514678955,10.028888702392578,9.855555534362793,10.0,949500
2012-03-08,9.841790199279785,10.288888931274414,9.80666732788086,10.251111030578613,1538100
2012-03-09,10.06367301940918,10.551111221313477,10.24222183227539,10.482221603393555,2517300
2012-03-12,10.08287239074707,10.657777786254883,10.399999618530273,10.502222061157227,1186650
2012-03-13,10.245017051696777,10.682222366333008,10.491110801696777,10.671111106872559,1894950
2012-03-14,10.159680366516113,10.682222366333008,10.5,10.582221984863281,1479150
2012-03-15,10.49036979675293,10.95555591583252,10.59333324432373,10.926667213439941,1993050
2012-03-16,10.178882598876953,10.924444198608398,10.584444046020508,10.602222442626953,3517650
2012-03-19,10.328226089477539,10.831110954284668,10.61111068725586,10.75777816772461,2856150
2012-03-20,10.17674732208252,10.760000228881836,10.555556297302246,10.600000381469727,1669500
2012-03-21,10.285553932189941,10.79555606842041,10.631111145019531,10.713333129882812,1647900
2012-03-22,10.123408317565918,10.662221908569336,10.45111083984375,10.54444408416748,1424700
2012-03-23,10.204482078552246,10.644444465637207,10.40666675567627,10.628889083862305,1046250
2012-03-26,10.311158180236816,10.880000114440918,10.668889045715332,10.739999771118164,1373850
2012-03-27,10.23648738861084,10.828888893127441,10.640000343322754,10.662221908569336,2721150
2012-03-28,10.191681861877441,10.722222328186035,10.482221603393555,10.615555763244629,1489500
2012-03-29,10.189547538757324,10.64888858795166,10.484443664550781,10.613332748413086,1172700
2012-03-30,10.17034912109375,10.804444313049316,10.564443588256836,10.59333324432373,1519200
2012-04-02,10.302620887756348,10.764444351196289,10.513333320617676,10.731110572814941,1734300
2012-04-03,10.277022361755371,10.804444313049316,10.624444007873535,10.70444393157959,650700
2012-04-04,10.151147842407227,10.664443969726562,10.457777976989746,10.573332786560059,938250
2012-04-05,10.20875072479248,10.69777774810791,10.491110801696777,10.633333206176758,1119150
2012-04-09,10.008201599121094,10.506667137145996,10.377778053283691,10.424444198608398,928800
2012-04-10,9.852457046508789,10.362221717834473,10.184444427490234,10.262222290039062,2162250
2012-04-11,10.003934860229492,10.457777976989746,10.262222290039062,10.420000076293945,1561050
2012-04-12,10.193817138671875,10.677778244018555,10.375555992126465,10.617777824401855,1446300
2012-04-13,10.09354305267334,10.640000343322754,10.513333320617676,10.513333320617676,1448100
2012-04-16,10.266353607177734,10.777777671813965,10.426667213439941,10.69333267211914,1097550
2012-04-17,10.362358093261719,10.924444198608398,10.713333129882812,10.793333053588867,1137600
2012-04-18,10.390095710754395,10.835556030273438,10.691110610961914,10.822221755981445,983250
2012-04-19,10.114875793457031,10.85777759552002,10.433333396911621,10.535555839538574,1779750
2012-04-20,10.191681861877441,10.684444427490234,10.471111297607422,10.615555763244629,1390500
2012-04-23,10.18741226196289,10.65999984741211,10.264444351196289,10.61111068725586,2138400
2012-04-24,10.251419067382812,10.722222328186035,10.51111125946045,10.677778244018555,1304550
2012-04-25,10.392226219177246,10.908888816833496,10.75777816772461,10.824443817138672,2202750
2012-04-26,9.709515571594238,10.464444160461426,9.771110534667969,10.113332748413086,7371450
2012-04-27,9.617774963378906,10.222222328186035,9.744443893432617,10.017778396606445,2907000
2012-04-30,9.487630844116211,10.017778396606445,9.853333473205566,9.882222175598145,2502000
2012-05-01,9.711647033691406,10.191110610961914,9.79555606842041,10.115555763244629,2873250
2012-05-02,9.944199562072754,10.411110877990723,10.0,10.35777759552002,2005650
2012-05-03,9.728714942932129,10.313332557678223,10.04444408416748,10.133333206176758,3569400
2012-05-04,9.562300682067871,10.104443550109863,9.811111450195312,9.960000038146973,2170350
2012-05-07,9.553768157958984,10.055556297302246,9.875555992126465,9.95111083984375,1467900
2012-05-08,9.528162956237793,9.973333358764648,9.79555606842041,9.924444198608398,1193400
2012-05-09,9.346819877624512,9.882222175598145,9.680000305175781,9.735555648803711,1710450
2012-05-10,9.259346008300781,9.882222175598145,9.506667137145996,9.644444465637207,2866500
2012-05-11,9.316950798034668,9.748888969421387,9.54444408416748,9.70444393157959,2101500
2012-05-14,9.267877578735352,9.733332633972168,9.3644437789917,9.653332710266113,1331100
2012-05-15,9.517498970031738,10.035555839538574,9.51111125946045,9.91333293914795,2542950
2012-05-16,9.619908332824707,10.11111068725586,9.893333435058594,10.020000457763672,2428650
2012-05-17,9.144137382507324,10.082221984863281,9.484443664550781,9.524443626403809,3935250
2012-05-18,9.020395278930664,9.653332710266113,9.348889350891113,9.395556449890137,1622700
2012-05-21,9.31268310546875,9.766667366027832,9.397777557373047,9.699999809265137,2276550
2012-05-22,9.220942497253418,9.779999732971191,9.539999961853027,9.604443550109863,1075500
2012-05-23,9.385223388671875,9.824443817138672,9.424444198608398,9.775555610656738,1485000
2012-05-24,9.500432968139648,9.908888816833496,9.720000267028809,9.895556449890137,1089900
2012-05-25,9.398022651672363,9.924444198608398,9.737777709960938,9.788888931274414,709650
2012-05-29,9.53030014038086,9.977778434753418,9.837778091430664,9.926667213439941,764550
2012-05-30,9.250813484191895,9.904443740844727,9.626667022705078,9.6355562210083,1173150
2012-05-31,9.293487548828125,9.737777709960938,9.497777938842773,9.680000305175781,2361600
2012-06-01,8.915857315063477,9.5,9.224444389343262,9.286666870117188,2676150
2012-06-04,8.768644332885742,9.382222175598145,9.077777862548828,9.133333206176758,1869300
2012-06-05,8.738777160644531,9.180000305175781,9.013333320617676,9.102222442626953,2336400
2012-06-06,9.022528648376465,9.433333396911621,9.144444465637207,9.397777557373047,2371950
2012-06-07,8.971328735351562,9.588889122009277,9.319999694824219,9.344444274902344,1386450
2012-06-08,9.086530685424805,9.495555877685547,9.311111450195312,9.464444160461426,940950
2012-06-11,8.890254020690918,9.579999923706055,9.25333309173584,9.260000228881836,1449900
2012-06-12,8.992661476135254,9.395556449890137,9.175556182861328,9.366666793823242,1436400
2012-06-13,8.937188148498535,9.460000038146973,9.266667366027832,9.308889389038086,1818900
2012-06-14,9.097203254699707,9.557778358459473,9.255556106567383,9.475556373596191,2145600
2012-06-15,9.223077774047852,9.64888858795166,9.435556411743164,9.606666564941406,2089800
2012-06-18,9.380958557128906,9.797778129577637,9.433333396911621,9.771110534667969,1983150
2012-06-19,9.5046968460083,10.04888916015625,9.737777709960938,9.899999618530273,1975050
2012-06-20,9.321218490600586,9.877778053283691,9.646666526794434,9.70888900756836,1239750
2012-06-21,9.020395278930664,9.728889465332031,9.344444274902344,9.395556449890137,1862550
2012-06-22,9.105735778808594,9.524443626403809,9.313332557678223,9.484443664550781,1594350
2012-06-25,8.960660934448242,9.5,9.19333267211914,9.333333015441895,964800
2012-06-26,8.954257011413574,9.420000076293945,9.251111030578613,9.326666831970215,1692000
2012-06-27,8.947857856750488,9.397777557373047,9.239999771118164,9.319999694824219,695250
2012-06-28,8.992661476135254,9.424444198608398,9.184444427490234,9.366666793823242,767700
2012-06-29,9.235879898071289,9.717778205871582,9.45111083984375,9.619999885559082,1415250
2012-07-02,9.476961135864258,9.871110916137695,9.468889236450195,9.871110916137695,2187450
2012-07-03,9.508965492248535,9.91333293914795,9.777777671813965,9.904443740844727,558900
2012-07-05,9.502565383911133,9.95555591583252,9.793333053588867,9.897777557373047,579600
2012-07-06,9.378823280334473,9.873332977294922,9.680000305175781,9.768889427185059,478350
2012-07-09,9.393758773803711,9.800000190734863,9.662221908569336,9.784443855285645,1073700
2012-07-10,9.092935562133789,9.811111450195312,9.41333293914795,9.471111297607422,1437750
2012-07-11,8.851848602294922,9.495555877685547,9.133333206176758,9.220000267028809,2496150
2012-07-12,8.821981430053711,9.237777709960938,9.084444046020508,9.188888549804688,2612700
2012-07-13,9.035332679748535,9.424444198608398,9.19777774810791,9.411110877990723,2164950
2012-07-16,8.922255516052246,9.417778015136719,9.244443893432617,9.293333053588867,1349100
2012-07-17,8.798513412475586,9.288888931274414,9.04888916015625,9.164443969726562,1316700
2012-07-18,8.894521713256836,9.317777633666992,9.11111068725586,9.264444351196289,2116800
2012-07-19,8.926525115966797,9.399999618530273,9.20444393157959,9.297778129577637,916200
2012-07-20,8.762243270874023,9.235555648803711,9.115555763244629,9.126667022705078,879300
2012-07-23,8.683304786682129,9.126667022705078,8.931111335754395,9.04444408416748,1291050
2012-07-24,8.529693603515625,9.066666603088379,8.762222290039062,8.884444236755371,2506050
2012-07-25,8.6022310256958,8.975556373596191,8.824443817138672,8.960000038146973,1271250
2012-07-26,8.651305198669434,9.164443969726562,8.920000076293945,9.01111125946045,1405800
2012-07-27,9.075867652893066,9.479999542236328,9.095556259155273,9.453332901000977,3979800
2012-07-30,9.05880069732666,9.571110725402832,9.397777557373047,9.435556411743164,1263150
2012-07-31,9.045999526977539,9.595556259155273,9.397777557373047,9.422222137451172,2205000
2012-08-01,8.359014511108398,9.533332824707031,8.706666946411133,8.706666946411133,4198950
2012-08-02,9.440693855285645,9.960000038146973,8.822221755981445,9.833333015441895,4773150
2012-08-03,9.444960594177246,10.11111068725586,9.775555610656738,9.837778091430664,1891800
2012-08-06,9.479096412658691,9.98888874053955,9.80222225189209,9.873332977294922,1968750
2012-08-07,9.613505363464355,10.053333282470703,9.920000076293945,10.013333320617676,2097900
2012-08-08,9.479096412658691,10.053333282470703,9.866666793823242,9.873332977294922,1524150
2012-08-09,9.476961135864258,9.928889274597168,9.828888893127441,9.871110916137695,1023750
2012-08-10,9.415092468261719,9.886667251586914,9.739999771118164,9.80666732788086,1035000
2012-08-13,9.462026596069336,9.90666675567627,9.733332633972168,9.855555534362793,932400
2012-08-14,9.451359748840332,9.948888778686523,9.793333053588867,9.844444274902344,1537650
2012-08-15,9.560168266296387,9.973333358764648,9.784443855285645,9.957777976989746,1572300
2012-08-16,9.79911994934082,10.255556106567383,9.908888816833496,10.206666946411133,1801800
2012-08-17,9.875926971435547,10.288888931274414,10.066666603088379,10.286666870117188,1475100
2012-08-20,9.707377433776855,10.29555606842041,10.055556297302246,10.11111068725586,1623600
2012-08-21,9.824723243713379,10.300000190734863,10.09333324432373,10.233332633972168,1731600
2012-08-22,9.86525821685791,10.362221717834473,10.131111145019531,10.275555610656738,1744200
2012-08-23,9.77778148651123,10.279999732971191,10.164443969726562,10.184444427490234,1541700
2012-08-24,9.745782852172852,10.231110572814941,10.122221946716309,10.151110649108887,1031400
2012-08-27,9.683910369873047,10.25333309173584,10.033332824707031,10.08666706085205,1234350
2012-08-28,9.63484001159668,10.133333206176758,10.006667137145996,10.035555839538574,1508850
2012-08-29,9.643375396728516,10.0977783203125,9.9399995803833,10.04444408416748,1560600
2012-08-30,9.523900032043457,10.100000381469727,9.91333293914795,9.920000076293945,1587150
2012-08-31,9.553768157958984,10.0,9.79555606842041,9.95111083984375,1399050
2012-09-04,9.739384651184082,10.220000267028809,9.777777671813965,10.144444465637207,1800000
2012-09-05,9.65617561340332,10.215556144714355,9.971111297607422,10.057778358459473,2596050
2012-09-06,9.728714942932129,10.277777671813965,9.966667175292969,10.133333206176758,1707750
2012-09-07,9.76925277709961,10.25333309173584,10.11111068725586,10.175556182861328,2289150
2012-09-10,9.87272834777832,10.420000076293945,10.130000114440918,10.283332824707031,1984200
2012-09-11,10.09354305267334,10.563332557678223,10.266667366027832,10.513333320617676,2259000
2012-09-12,10.17674732208252,10.626667022705078,10.383333206176758,10.600000381469727,2085600
2012-09-13,10.138344764709473,10.686667442321777,10.416666984558105,10.5600004196167,1380900
2012-09-14,9.885528564453125,10.489999771118164,10.283332824707031,10.296667098999023,1681500
2012-09-17,9.658312797546387,10.239999771118164,10.029999732971191,10.0600004196167,1563000
2012-09-18,9.549501419067383,10.053333282470703,9.893333435058594,9.946666717529297,1671300
2012-09-19,9.741517066955566,10.236666679382324,9.923333168029785,10.146666526794434,1740000
2012-09-20,9.456694602966309,10.166666984558105,9.786666870117188,9.850000381469727,2402100
2012-09-21,9.42789077758789,9.986666679382324,9.793333053588867,9.819999694824219,2626200
2012-09-24,9.597509384155273,10.013333320617676,9.75333309173584,9.99666690826416,1139100
2012-09-25,9.408692359924316,10.09000015258789,9.766667366027832,9.800000190734863,1648800
2012-09-26,9.655112266540527,10.063332557678223,9.803333282470703,10.05666732788086,2592000
2012-09-27,9.789519309997559,10.229999542236328,9.970000267028809,10.196666717529297,1571700
2012-09-28,9.64870834350586,10.183333396911621,9.930000305175781,10.050000190734863,1281000
2012-10-01,9.642308235168457,10.136667251586914,9.899999618530273,10.043333053588867,1304400
2012-10-02,9.319082260131836,9.946666717529297,9.583333015441895,9.706666946411133,2719800
2012-10-03,9.31268310546875,9.75333309173584,9.613332748413086,9.699999809265137,2492700
2012-10-04,9.472698211669922,9.899999618530273,9.646666526794434,9.866666793823242,1736400
2012-10-05,9.48549747467041,10.010000228881836,9.833333015441895,9.880000114440918,1505400
2012-10-08,9.424691200256348,9.883333206176758,9.789999961853027,9.816666603088379,1128300
2012-10-09,9.37028980255127,9.916666984558105,9.710000038146973,9.760000228881836,1624800
2012-10-10,9.459895133972168,9.953332901000977,9.763333320617676,9.853333473205566,1065000
2012-10-11,9.434293746948242,9.976667404174805,9.80666732788086,9.826666831970215,817800
2012-10-12,9.520702362060547,10.033332824707031,9.84000015258789,9.916666984558105,2018100
2012-10-15,9.578306198120117,10.029999732971191,9.846667289733887,9.976667404174805,1455000
2012-10-16,9.773520469665527,10.25333309173584,9.956666946411133,10.180000305175781,2129700
2012-10-17,9.875926971435547,10.293333053588867,10.106666564941406,10.286666870117188,884400
2012-10-18,9.859925270080566,10.303333282470703,10.143333435058594,10.270000457763672,1164600
2012-10-19,9.719114303588867,10.279999732971191,10.066666603088379,10.123332977294922,921000
2012-10-22,9.642308235168457,10.123332977294922,10.0,10.043333053588867,725400
2012-10-23,9.904728889465332,10.323332786560059,9.923333168029785,10.316666603088379,1469400
2012-10-24,9.87272834777832,10.463333129882812,10.223333358764648,10.283332824707031,1986600
2012-10-25,10.167147636413574,10.666666984558105,10.16333293914795,10.59000015258789,2064000
2012-10-26,10.288755416870117,10.760000228881836,10.449999809265137,10.716667175292969,2344500
2012-10-31,10.746389389038086,11.24666690826416,10.670000076293945,11.19333267211914,3947700
2012-11-01,10.890401840209961,11.34333324432373,11.113332748413086,11.34333324432373,3207000
2012-11-02,10.810394287109375,11.456666946411133,11.25333309173584,11.260000228881836,1359900
2012-11-05,10.899998664855957,11.416666984558105,11.236666679382324,11.353333473205566,1333500
2012-11-06,11.15281867980957,11.710000038146973,11.34333324432373,11.616666793823242,1078500
2012-11-07,10.948004722595215,11.550000190734863,11.356666564941406,11.403332710266113,1458300
2012-11-08,10.845600128173828,11.466667175292969,11.286666870117188,11.296667098999023,1552200
2012-11-09,10.768794059753418,11.303333282470703,11.106666564941406,11.216667175292969,1152300
2012-11-12,10.93520450592041,11.510000228881836,11.1899995803833,11.390000343322754,742500
2012-11-13,10.842397689819336,11.510000228881836,11.283332824707031,11.293333053588867,1214100
2012-11-14,10.54477310180664,11.423333168029785,10.973333358764648,10.983332633972168,1195500
2012-11-15,10.477571487426758,11.039999961853027,10.800000190734863,10.91333293914795,1730700
2012-11-16,10.631179809570312,11.146666526794434,10.760000228881836,11.073332786560059,1581600
2012-11-19,10.68558120727539,11.196666717529297,11.026666641235352,11.130000114440918,1363800
2012-11-20,10.576778411865234,11.166666984558105,10.99666690826416,11.016667366027832,1565700
2012-11-21,10.68238639831543,11.143333435058594,10.880000114440918,11.126667022705078,714300
2012-11-23,10.717586517333984,11.19333267211914,11.026666641235352,11.16333293914795,375600
2012-11-26,10.717586517333984,11.323332786560059,11.096667289733887,11.16333293914795,1052100
2012-11-27,10.733591079711914,11.319999694824219,11.133333206176758,11.180000305175781,990600
2012-11-28,10.759191513061523,11.236666679382324,11.00333309173584,11.206666946411133,1176300
2012-11-29,10.723987579345703,11.313332557678223,11.066666603088379,11.170000076293945,1126800
2012-11-30,10.701584815979004,11.24666690826416,11.113332748413086,11.146666526794434,1435200
2012-12-03,10.487171173095703,11.213333129882812,10.829999923706055,10.923333168029785,1594200
2012-12-04,10.46796989440918,10.979999542236328,10.766667366027832,10.903332710266113,1785900
2012-12-05,10.535173416137695,11.076666831970215,10.850000381469727,10.973333358764648,1740000
2012-12-06,10.618378639221191,11.116666793823242,10.976667404174805,11.0600004196167,783600
2012-12-07,10.666383743286133,11.15999984741211,11.0,11.109999656677246,1045800
2012-12-10,10.68558120727539,11.293333053588867,11.036666870117188,11.130000114440918,1222200
2012-12-11,10.663183212280273,11.25,11.029999732971191,11.106666564941406,1054500
2012-12-12,10.509574890136719,11.1899995803833,10.936667442321777,10.946666717529297,1344600
2012-12-13,10.442365646362305,11.103333473205566,10.83666706085205,10.876667022705078,889200
2012-12-14,10.551178932189941,11.076666831970215,10.893333435058594,10.989999771118164,1148400
2012-12-17,10.621578216552734,11.136667251586914,10.966667175292969,11.063332557678223,1580700
2012-12-18,10.775193214416504,11.300000190734863,11.05666732788086,11.223333358764648,1486800
2012-12-19,10.839194297790527,11.396666526794434,11.166666984558105,11.289999961853027,1319400
2012-12-20,10.948004722595215,11.430000305175781,11.199999809265137,11.403332710266113,847200
2012-12-21,10.97040843963623,11.513333320617676,11.136667251586914,11.426667213439941,3627600
2012-12-24,10.99600601196289,11.466667175292969,11.356666564941406,11.453332901000977,292500
2012-12-26,10.925604820251465,11.479999542236328,11.300000190734863,11.380000114440918,969300
2012-12-27,10.96080493927002,11.489999771118164,11.25,11.416666984558105,1009200
2012-12-28,10.896801948547363,11.59000015258789,11.289999961853027,11.350000381469727,931200
2012-12-31,10.97040843963623,11.456666946411133,11.34000015258789,11.426667213439941,1546200
2013-01-02,11.370433807373047,11.896666526794434,11.633333206176758,11.84333324432373,1848300
2013-01-03,11.248827934265137,11.963333129882812,11.673333168029785,11.716667175292969,1250400
2013-01-04,11.373638153076172,11.920000076293945,11.723333358764648,11.846667289733887,1190100
2013-01-07,11.44724178314209,12.00333309173584,11.716667175292969,11.923333168029785,1251000
2013-01-08,11.248827934265137,12.069999694824219,11.66333293914795,11.716667175292969,1657800
2013-01-09,11.370433807373047,11.960000038146973,11.703332901000977,11.84333324432373,1550700
2013-01-10,11.421640396118164,12.083333015441895,11.83666706085205,11.896666526794434,1961100
2013-01-11,11.424837112426758,11.979999542236328,11.859999656677246,11.899999618530273,921300
2013-01-14,11.31282901763916,11.826666831970215,11.573332786560059,11.783332824707031,3129300
2013-01-15,11.232823371887207,11.766667366027832,11.65999984741211,11.699999809265137,1986600
2013-01-16,11.344834327697754,11.859999656677246,11.653332710266113,11.816666603088379,1702200
2013-01-17,11.652055740356445,12.210000038146973,11.83666706085205,12.136667251586914,1622700
2013-01-18,11.629654884338379,12.126667022705078,11.903332710266113,12.113332748413086,1553100
2013-01-22,11.757662773132324,12.25,12.103333473205566,12.24666690826416,1369500
2013-01-23,11.751264572143555,12.34000015258789,12.126667022705078,12.239999771118164,1824300
2013-01-24,12.084088325500488,12.636667251586914,12.34000015258789,12.58666706085205,2708400
2013-01-25,12.023284912109375,12.633333206176758,12.433333396911621,12.523332595825195,1846500
2013-01-28,12.109687805175781,12.636667251586914,12.483332633972168,12.613332748413086,1173000
2013-01-29,12.026484489440918,12.633333206176758,12.463333129882812,12.526666641235352,1594500
2013-01-30,11.866472244262695,12.539999961853027,12.276666641235352,12.359999656677246,1794900
2013-01-31,11.9304780960083,12.536666870117188,12.283332824707031,12.426667213439941,2257500
2013-02-01,12.023284912109375,12.649999618530273,12.426667213439941,12.523332595825195,861600
2013-02-04,11.8728666305542,12.526666641235352,12.229999542236328,12.366666793823242,1358100
2013-02-05,11.943278312683105,12.516667366027832,12.34000015258789,12.4399995803833,856800
2013-02-06,11.856870651245117,12.430000305175781,12.279999732971191,12.350000381469727,2615100
2013-02-07,11.229626655578613,12.05666732788086,11.550000190734863,11.696666717529297,6417900
2013-02-08,11.344834327697754,11.880000114440918,11.630000114440918,11.816666603088379,3543300
2013-02-11,11.392839431762695,11.869999885559082,11.716667175292969,11.866666793823242,2268000
2013-02-12,11.396038055419922,11.91333293914795,11.819999694824219,11.869999885559082,2237400
2013-02-13,11.578450202941895,12.0600004196167,11.856666564941406,12.0600004196167,1786800
2013-02-14,11.616854667663574,12.213333129882812,11.983332633972168,12.100000381469727,1824300
2013-02-15,11.540046691894531,12.24666690826416,12.010000228881836,12.020000457763672,2158800
2013-02-19,11.540046691894531,12.053333282470703,11.933333396911621,12.020000457763672,2087700
2013-02-20,11.402436256408691,12.15666675567627,11.800000190734863,11.876667022705078,2203800
2013-02-21,11.120814323425293,11.876667022705078,11.526666641235352,11.583333015441895,2008200
2013-02-22,11.29362678527832,11.766667366027832,11.553333282470703,11.763333320617676,1467000
2013-02-25,11.08881664276123,11.819999694824219,11.543333053588867,11.550000190734863,2733900
2013-02-26,11.200824737548828,11.696666717529297,11.573332786560059,11.666666984558105,3276600
2013-02-27,11.402436256408691,11.983332633972168,11.666666984558105,11.876667022705078,2916000
2013-02-28,11.514444351196289,12.043333053588867,11.803333282470703,11.993332862854004,1536900
2013-03-01,11.332035064697266,11.94333267211914,11.713333129882812,11.803333282470703,1694700
2013-03-04,11.396038055419922,11.899999618530273,11.74666690826416,11.869999885559082,1685400
2013-03-05,11.655255317687988,12.233332633972168,11.956666946411133,12.140000343322754,2160600
2013-03-06,11.527246475219727,12.25333309173584,11.956666946411133,12.006667137145996,1914000
2013-03-07,11.463240623474121,12.006667137145996,11.859999656677246,11.9399995803833,1506600
2013-03-08,11.648856163024902,12.133333206176758,11.920000076293945,12.133333206176758,1829100
2013-03-11,11.549649238586426,12.113332748413086,11.986666679382324,12.029999732971191,912600
2013-03-12,11.530445098876953,12.05666732788086,11.903332710266113,12.010000228881836,966000
2013-03-13,11.946478843688965,12.483332633972168,12.010000228881836,12.44333267211914,2778600
2013-03-14,12.0936918258667,12.596667289733887,12.33666706085205,12.596667289733887,1713000
2013-03-15,12.010481834411621,12.59000015258789,12.376667022705078,12.510000228881836,2685300
2013-03-18,11.965681076049805,12.5600004196167,12.346667289733887,12.463333129882812,1239600
2013-03-19,11.863273620605469,12.489999771118164,12.229999542236328,12.356666564941406,1315200
2013-03-20,11.933674812316895,12.523332595825195,12.260000228881836,12.430000305175781,2058900
2013-03-21,11.620054244995117,12.423333168029785,12.036666870117188,12.103333473205566,1376700
2013-03-22,12.237696647644043,12.850000381469727,12.363332748413086,12.74666690826416,3856800
2013-03-25,12.180092811584473,12.920000076293945,12.523332595825195,12.686667442321777,1714500
2013-03-26,12.135293006896973,12.863332748413086,12.59000015258789,12.640000343322754,1876800
2013-03-27,12.212098121643066,12.733332633972168,12.460000038146973,12.720000267028809,1507800
2013-03-28,12.224895477294922,12.84000015258789,12.683333396911621,12.733332633972168,1248900
2013-04-01,11.991280555725098,12.773332595825195,12.423333168029785,12.489999771118164,1462200
2013-04-02,11.860072135925293,12.726667404174805,12.333333015441895,12.353333473205566,1209600
2013-04-03,11.684059143066406,12.403332710266113,12.013333320617676,12.170000076293945,2409000
2013-04-04,11.687260627746582,12.196666717529297,12.05666732788086,12.173333168029785,822300
2013-04-05,11.943278312683105,12.483332633972168,11.723333358764648,12.4399995803833,2340900
2013-04-08,11.956077575683594,12.493332862854004,12.359999656677246,12.453332901000977,907800
2013-04-09,11.892075538635254,12.493332862854004,12.316666603088379,12.386667251586914,1062900
2013-04-10,12.292102813720703,12.84333324432373,12.390000343322754,12.803333282470703,1624500
2013-04-11,12.221695899963379,12.896666526794434,12.676667213439941,12.729999542236328,1623900
2013-04-12,12.231297492980957,12.75,12.59000015258789,12.739999771118164,1162800
2013-04-15,11.552850723266602,12.696666717529297,11.986666679382324,12.033332824707031,2498700
2013-04-16,12.061686515808105,12.643333435058594,12.373332977294922,12.563332557678223,3288300
2013-04-17,11.949681282043457,12.553333282470703,12.216667175292969,12.446666717529297,2332500
2013-04-18,11.7832670211792,12.550000190734863,12.19333267211914,12.273332595825195,2667000
2013-04-19,11.869669914245605,12.466667175292969,12.213333129882812,12.363332748413086,1539600
2013-04-22,11.914475440979004,12.523332595825195,12.173333168029785,12.40999984741211,1046700
2013-04-23,11.924076080322266,12.533332824707031,12.25333309173584,12.420000076293945,1017900
2013-04-24,11.892075538635254,12.523332595825195,12.3100004196167,12.386667251586914,2182200
2013-04-25,12.19289493560791,12.966667175292969,12.386667251586914,12.699999809265137,2521200
2013-04-26,12.212098121643066,12.793333053588867,12.636667251586914,12.720000267028809,1260600
2013-04-29,12.327303886413574,12.859999656677246,12.706666946411133,12.84000015258789,1087200
2013-04-30,12.320902824401855,12.90666675567627,12.713333129882812,12.833333015441895,2454900
2013-05-01,11.856870651245117,12.833333015441895,12.350000381469727,12.350000381469727,1735500
2013-05-02,12.03288459777832,12.743332862854004,12.396666526794434,12.533332824707031,1513500
2013-05-03,12.464914321899414,13.0,12.613332748413086,12.983332633972168,2131200
2013-05-06,12.727335929870605,13.333333015441895,12.899999618530273,13.256667137145996,2802900
2013-05-07,12.848943710327148,13.446666717529297,13.186667442321777,13.383333206176758,1260600
2013-05-08,12.810542106628418,13.479999542236328,13.206666946411133,13.34333324432373,1511100
2013-05-09,12.60572624206543,13.396666526794434,13.08666706085205,13.130000114440918,1101000
2013-05-10,12.70813274383545,13.256667137145996,13.100000381469727,13.236666679382324,870000
2013-05-13,12.669731140136719,13.260000228881836,13.09333324432373,13.196666717529297,709500
2013-05-14,12.999356269836426,13.583333015441895,13.229999542236328,13.539999961853027,1528500
2013-05-15,13.111364364624023,13.686667442321777,13.493332862854004,13.65666675567627,1138500
2013-05-16,12.957754135131836,13.699999809265137,13.456666946411133,13.49666690826416,962400
2013-05-17,13.19456958770752,13.743332862854004,13.510000228881836,13.743332862854004,1137600
2013-05-20,13.418586730957031,13.986666679382324,13.649999618530273,13.976667404174805,2243700
2013-05-21,13.722607612609863,14.300000190734863,13.933333396911621,14.293333053588867,4189200
2013-05-22,13.725809097290039,14.493332862854004,14.270000457763672,14.296667098999023,6243900
2013-05-23,13.719407081604004,14.300000190734863,14.046667098999023,14.289999961853027,1953300
2013-05-24,13.693806648254395,14.399999618530273,14.069999694824219,14.263333320617676,1483500
2013-05-28,13.94022274017334,14.666666984558105,14.386667251586914,14.520000457763672,1948800
2013-05-29,13.821816444396973,14.533332824707031,14.293333053588867,14.396666526794434,1659600
2013-05-30,13.860219955444336,14.516667366027832,14.333333015441895,14.436667442321777,1370700
2013-05-31,13.780211448669434,14.579999923706055,14.323332786560059,14.353333473205566,1983300
2013-06-03,13.674607276916504,14.373332977294922,13.983332633972168,14.243332862854004,3114000
2013-06-04,13.495393753051758,14.396666526794434,13.970000267028809,14.05666732788086,1675500
2013-06-05,13.29377555847168,14.100000381469727,13.729999542236328,13.846667289733887,1837800
2013-06-06,13.434587478637695,13.993332862854004,13.729999542236328,13.993332862854004,1740600
2013-06-07,13.783411979675293,14.50333309173584,14.126667022705078,14.356666564941406,1151700
2013-06-10,13.959428787231445,14.666666984558105,14.346667289733887,14.539999961853027,2334600
2013-06-11,13.767409324645996,14.493332862854004,14.260000228881836,14.34000015258789,1025400
2013-06-12,13.68100643157959,14.516667366027832,14.1899995803833,14.25,1001100
2013-06-13,13.809016227722168,14.470000267028809,14.08666706085205,14.383333206176758,1419600
2013-06-14,13.748211860656738,14.460000038146973,14.263333320617676,14.319999694824219,1116300
2013-06-17,13.617000579833984,14.486666679382324,14.106666564941406,14.183333396911621,1878300
2013-06-18,13.809016227722168,14.433333396911621,14.079999923706055,14.383333206176758,1144200
2013-06-19,13.73541259765625,14.473333358764648,14.263333320617676,14.30666732788086,768600
2013-06-20,13.466588973999023,14.329999923706055,13.930000305175781,14.026666641235352,1064100
2013-06-21,13.51138973236084,14.15666675567627,13.823332786560059,14.073332786560059,2092800
2013-06-24,13.19456958770752,14.023332595825195,13.670000076293945,13.743332862854004,1300800
2013-06-25,13.319378852844238,14.013333320617676,13.773332595825195,13.873332977294922,1454700
2013-06-26,13.26817512512207,14.09333324432373,13.813332557678223,13.819999694824219,1287900
2013-06-27,13.520992279052734,14.126667022705078,13.826666831970215,14.083333015441895,1341300
2013-06-28,13.319378852844238,14.236666679382324,13.853333473205566,13.873332977294922,25421100
2013-07-01,13.690605163574219,14.33666706085205,13.976667404174805,14.260000228881836,2247900
2013-07-02,13.671403884887695,14.369999885559082,14.15999984741211,14.239999771118164,1184700
2013-07-03,13.719407081604004,14.313332557678223,14.100000381469727,14.289999961853027,1214700
2013-07-05,14.01063060760498,14.596667289733887,14.353333473205566,14.59333324432373,715500
2013-07-08,14.087430000305176,14.793333053588867,14.58666706085205,14.673333168029785,1279200
2013-07-09,14.20584774017334,14.876667022705078,14.729999542236328,14.796667098999023,1457700
2013-07-10,14.03623104095459,14.856666564941406,14.576666831970215,14.619999885559082,1225800
2013-07-11,14.183442115783691,14.90999984741211,14.666666984558105,14.773332595825195,1381500
2013-07-12,14.13863754272461,14.829999923706055,14.619999885559082,14.726667404174805,732300
2013-07-15,14.177043914794922,14.84333324432373,14.666666984558105,14.766667366027832,764400
2013-07-16,13.895421028137207,14.876667022705078,14.396666526794434,14.473333358764648,1472100
2013-07-17,13.802613258361816,14.633333206176758,14.346667289733887,14.376667022705078,1492800
2013-07-18,14.084236145019531,14.776666641235352,14.436667442321777,14.670000076293945,1484700
2013-07-19,14.042634010314941,14.739999771118164,14.513333320617676,14.626667022705078,595500
2013-07-22,14.029828071594238,14.726667404174805,14.489999771118164,14.613332748413086,631800
2013-07-23,13.770613670349121,14.66333293914795,14.323332786560059,14.34333324432373,1452000
2013-07-24,13.623404502868652,14.430000305175781,14.146666526794434,14.1899995803833,2990400
2013-07-25,13.847415924072266,14.930000305175781,14.303333282470703,14.423333168029785,3874500
2013-07-26,14.20584774017334,14.84000015258789,14.353333473205566,14.796667098999023,1774500
2013-07-29,13.985028266906738,14.760000228881836,14.553333282470703,14.566666603088379,1301700
2013-07-30,13.93382453918457,14.643333435058594,14.4399995803833,14.513333320617676,1438200
2013-07-31,13.978630065917969,14.640000343322754,14.476667404174805,14.5600004196167,1420800
2013-08-01,14.46826457977295,15.103333473205566,14.600000381469727,15.069999694824219,3650400
2013-08-02,14.30825138092041,15.05666732788086,14.83666706085205,14.903332710266113,1191900
2013-08-05,14.356256484985352,15.029999732971191,14.826666831970215,14.953332901000977,1204200
2013-08-06,14.317852973937988,15.166666984558105,14.890000343322754,14.91333293914795,1741200
2013-08-07,14.180240631103516,14.863332748413086,14.609999656677246,14.770000457763672,1405800
2013-08-08,14.32425308227539,15.010000228881836,14.866666793823242,14.920000076293945,1374600
2013-08-09,14.439462661743164,15.09000015258789,14.793333053588867,15.039999961853027,1375200
2013-08-12,14.42345905303955,15.066666603088379,14.90666675567627,15.023332595825195,1267200
2013-08-13,14.609071731567383,15.220000267028809,14.899999618530273,15.216667175292969,1785000
2013-08-14,14.538668632507324,15.270000457763672,15.096667289733887,15.143333435058594,1531500
2013-08-15,14.333854675292969,15.25,14.800000190734863,14.930000305175781,1042800
2013-08-16,14.282652854919434,15.053333282470703,14.800000190734863,14.876667022705078,713100
2013-08-19,14.218645095825195,14.899999618530273,14.800000190734863,14.8100004196167,969000
2013-08-20,14.298650741577148,14.966667175292969,14.75333309173584,14.893333435058594,1087200
2013-08-21,14.420257568359375,15.079999923706055,14.84333324432373,15.020000457763672,1174800
2013-08-22,14.561070442199707,15.223333358764648,15.029999732971191,15.166666984558105,1112700
2013-08-23,14.46506118774414,15.229999542236328,15.00333309173584,15.066666603088379,1306500
2013-08-26,14.429859161376953,15.166666984558105,14.993332862854004,15.029999732971191,869700
2013-08-27,14.065031051635742,14.873332977294922,14.613332748413086,14.649999618530273,1204200
2013-08-28,14.007428169250488,14.703332901000977,14.476667404174805,14.59000015258789,1096200
2013-08-29,14.042634010314941,14.773332595825195,14.579999923706055,14.626667022705078,836700
2013-08-30,13.895421028137207,14.676667213439941,14.436667442321777,14.473333358764648,608100
2013-09-03,13.988227844238281,14.8100004196167,14.416666984558105,14.569999694824219,1164600
2013-09-04,14.321053504943848,14.923333168029785,14.546667098999023,14.916666984558105,1905600
2013-09-05,14.289051055908203,15.0,14.796667098999023,14.883333206176758,914100
2013-09-06,14.279447555541992,14.949999809265137,14.623332977294922,14.873332977294922,1463400
2013-09-09,14.385056495666504,15.046667098999023,14.896666526794434,14.983332633972168,513300
2013-09-10,14.717883110046387,15.333333015441895,15.013333320617676,15.329999923706055,914700
2013-09-11,14.85869312286377,15.493332862854004,15.170000076293945,15.476667404174805,902100
2013-09-12,14.78188705444336,15.5,15.260000228881836,15.396666526794434,855000
2013-09-13,14.76268196105957,15.466667175292969,15.213333129882812,15.376667022705078,648600
2013-09-16,14.6378755569458,15.59333324432373,14.58666706085205,15.24666690826416,5858400
2013-09-17,14.506667137145996,15.289999961853027,14.99666690826416,15.109999656677246,1988700
2013-09-18,14.442659378051758,15.180000305175781,14.890000343322754,15.043333053588867,2068500
2013-09-19,14.724284172058105,15.433333396911621,15.066666603088379,15.33666706085205,1388400
2013-09-20,14.759483337402344,15.456666946411133,15.226667404174805,15.373332977294922,1792200
2013-09-23,14.721081733703613,15.376667022705078,15.196666717529297,15.333333015441895,769500
2013-09-24,14.721081733703613,15.886667251586914,15.213333129882812,15.333333015441895,915900
2013-09-25,14.449061393737793,15.34000015258789,14.973333358764648,15.050000190734863,1799400
2013-09-26,14.615469932556152,15.283332824707031,15.100000381469727,15.223333358764648,928800
2013-09-27,14.500267028808594,15.25333309173584,15.05666732788086,15.103333473205566,1045800
2013-09-30,14.717883110046387,15.34000015258789,14.866666793823242,15.329999923706055,2437500
2013-10-01,14.980301856994629,15.616666793823242,15.316666603088379,15.603333473205566,1608000
2013-10-02,15.057106018066406,15.683333396911621,15.41333293914795,15.683333396911621,1809600
2013-10-03,14.954695701599121,15.686667442321777,15.456666946411133,15.576666831970215,1134600
2013-10-04,15.092310905456543,15.773332595825195,15.520000457763672,15.720000267028809,960000
2013-10-07,14.970697402954102,15.666666984558105,15.510000228881836,15.59333324432373,834000
2013-10-08,14.778687477111816,15.676667213439941,15.33666706085205,15.393333435058594,1560600
2013-10-09,14.682680130004883,15.416666984558105,15.216667175292969,15.293333053588867,1367400
2013-10-10,14.932295799255371,15.583333015441895,15.366666793823242,15.553333282470703,899100
2013-10-11,15.10831069946289,15.739999771118164,15.59333324432373,15.736666679382324,963900
2013-10-14,15.143510818481445,15.833333015441895,15.619999885559082,15.773332595825195,770400
2013-10-15,14.989900588989258,15.83666706085205,15.550000190734863,15.613332748413086,1800900
2013-10-16,15.223519325256348,15.880000114440918,15.65999984741211,15.856666564941406,1238100
2013-10-17,15.348328590393066,16.00666618347168,15.670000076293945,15.986666679382324,1103100
2013-10-18,15.300323486328125,16.09666633605957,15.819999694824219,15.936667442321777,1421100
2013-10-21,15.441133499145508,16.126667022705078,15.893333435058594,16.083332061767578,787200
2013-10-22,15.329127311706543,16.22333335876465,15.956666946411133,15.966667175292969,999900
2013-10-23,15.277923583984375,16.053333282470703,15.776666641235352,15.91333293914795,1394100
2013-10-24,15.20431900024414,15.866666793823242,15.050000190734863,15.83666706085205,2711400
2013-10-25,15.10831069946289,15.916666984558105,15.670000076293945,15.736666679382324,1351200
2013-10-28,15.07310676574707,15.84333324432373,15.69333267211914,15.699999809265137,818400
2013-10-29,15.117910385131836,15.823332786560059,15.680000305175781,15.74666690826416,701400
2013-10-30,15.0379056930542,15.9399995803833,15.569999694824219,15.66333293914795,2041200
2013-10-31,15.009101867675781,15.713333129882812,15.136667251586914,15.633333206176758,1646400
2013-11-01,15.012304306030273,15.823332786560059,15.609999656677246,15.636667251586914,1020300
2013-11-04,15.290724754333496,15.926667213439941,15.643333435058594,15.926667213439941,1227600
2013-11-05,15.258722305297852,15.983332633972168,15.833333015441895,15.893333435058594,929700
2013-11-06,15.05390739440918,15.983332633972168,15.653332710266113,15.680000305175781,1301400
2013-11-07,14.874691009521484,15.826666831970215,15.476667404174805,15.493332862854004,722400
2013-11-08,15.226716995239258,15.869999885559082,15.470000267028809,15.859999656677246,1133100
2013-11-11,15.405933380126953,16.059999465942383,15.796667098999023,16.046667098999023,1367700
2013-11-12,15.38672924041748,16.15999984741211,15.953332901000977,16.02666664123535,1364700
2013-11-13,15.425132751464844,16.100000381469727,15.869999885559082,16.066667556762695,1108800
2013-11-14,15.581944465637207,16.253332138061523,15.986666679382324,16.229999542236328,806100
2013-11-15,15.841160774230957,16.536666870117188,16.233333587646484,16.5,1459200
2013-11-18,15.866768836975098,16.713333129882812,16.453332901000977,16.52666664123535,1971300
2013-11-19,15.741958618164062,16.540000915527344,16.343332290649414,16.39666748046875,1267500
2013-11-20,15.818765640258789,16.536666870117188,16.333332061767578,16.476667404174805,967800
2013-11-21,16.08757972717285,16.76333236694336,16.450000762939453,16.75666618347168,1142700
2013-11-22,16.205984115600586,16.90999984741211,16.713333129882812,16.8799991607666,1099800
2013-11-25,16.410804748535156,17.15333366394043,16.860000610351562,17.093332290649414,1885800
2013-11-26,16.410804748535156,17.156667709350586,16.99333381652832,17.093332290649414,1022400
2013-11-27,16.490814208984375,17.206666946411133,17.073333740234375,17.176666259765625,597300
2013-11-29,16.490814208984375,17.303333282470703,17.156667709350586,17.176666259765625,893700
2013-12-02,16.458810806274414,17.273332595825195,17.083332061767578,17.143333435058594,1102800
2013-12-03,16.244394302368164,17.14666748046875,16.760000228881836,16.920000076293945,1912800
2013-12-04,16.442811965942383,17.200000762939453,16.803333282470703,17.126667022705078,1516800
2013-12-05,16.436410903930664,17.296667098999023,17.093332290649414,17.1200008392334,1607100
2013-12-06,16.42680549621582,17.293333053588867,17.066667556762695,17.110000610351562,2550900
2013-12-09,16.30519676208496,17.233333587646484,16.92333221435547,16.983333587646484,2033400
2013-12-10,15.9403715133667,17.023332595825195,16.579999923706055,16.60333251953125,2461200
2013-12-11,15.764352798461914,16.68000030517578,16.389999389648438,16.420000076293945,1213800
2013-12-12,15.997977256774902,16.696666717529297,16.456666946411133,16.663333892822266,2049300
2013-12-13,16.27959632873535,16.96666717529297,16.593332290649414,16.956666946411133,2387100
2013-12-16,16.56761360168457,17.296667098999023,17.10333251953125,17.25666618347168,1839300
2013-12-17,16.692428588867188,17.433332443237305,17.133333206176758,17.386667251586914,2091900
2013-12-18,16.67002296447754,17.469999313354492,17.156667709350586,17.363332748413086,2273400
2013-12-19,16.558012008666992,17.3700008392334,17.1299991607666,17.246667861938477,1830900
2013-12-20,16.855640411376953,17.706666946411133,17.196666717529297,17.55666732788086,27023700
2013-12-23,16.964441299438477,17.780000686645508,17.510000228881836,17.670000076293945,2061300
2013-12-24,16.791637420654297,17.690000534057617,17.47333335876465,17.489999771118164,849300
2013-12-26,16.874839782714844,17.663333892822266,17.510000228881836,17.57666778564453,929400
2013-12-27,16.929241180419922,17.65999984741211,17.516666412353516,17.633333206176758,800100
2013-12-30,16.93564224243164,17.69333267211914,17.553333282470703,17.639999389648438,956700
2013-12-31,16.967649459838867,17.733333587646484,17.60333251953125,17.67333221435547,773400
2014-01-02,16.714828491210938,17.670000076293945,17.34666633605957,17.40999984741211,1378800
2014-01-03,16.814029693603516,17.583332061767578,17.389999389648438,17.51333236694336,1022700
2014-01-06,16.663625717163086,17.65333366394043,17.34666633605957,17.356666564941406,1222500
2014-01-07,16.874839782714844,17.633333206176758,17.34666633605957,17.57666778564453,1045800
2014-01-08,16.916444778442383,17.67333221435547,17.43666648864746,17.6200008392334,1316700
2014-01-09,17.18206214904785,17.90999984741211,17.626667022705078,17.89666748046875,1756500
2014-01-10,17.687698364257812,18.84666633605957,18.17333221435547,18.42333221435547,3861900
2014-01-13,17.601287841796875,18.566667556762695,18.25,18.333332061767578,2583000
2014-01-14,17.72610092163086,18.483333587646484,18.31333351135254,18.463333129882812,1929300
2014-01-15,17.860506057739258,18.60333251953125,18.446666717529297,18.60333251953125,843900
2014-01-16,17.790102005004883,18.586666107177734,18.376667022705078,18.530000686645508,1233600
2014-01-17,17.722900390625,18.489999771118164,18.183332443237305,18.459999084472656,1296000
2014-01-21,17.966121673583984,18.713333129882812,18.5,18.713333129882812,951600
2014-01-22,18.241336822509766,19.0,18.666667938232422,19.0,951900
2014-01-23,18.036527633666992,18.94333267211914,18.666667938232422,18.786666870117188,1420200
2014-01-24,17.652498245239258,18.866666793823242,18.286666870117188,18.386667251586914,1296300
2014-01-27,16.910036087036133,18.476667404174805,17.59666633605957,17.613332748413086,3830100
2014-01-28,17.063650131225586,17.84000015258789,17.613332748413086,17.773332595825195,2442900
2014-01-29,17.105260848999023,17.89666748046875,17.583332061767578,17.816667556762695,1563300
2014-01-30,17.377275466918945,18.1200008392334,17.906667709350586,18.100000381469727,995400
2014-01-31,17.358076095581055,18.229999542236328,17.82666778564453,18.079999923706055,1331400
2014-02-03,16.647619247436523,18.19333267211914,17.116666793823242,17.34000015258789,3983400
2014-02-04,16.868444442749023,17.626667022705078,17.226667404174805,17.56999969482422,1854900
2014-02-05,16.85243797302246,17.649999618530273,17.286666870117188,17.553333282470703,3083700
2014-02-06,16.801239013671875,17.68666648864746,16.586666107177734,17.5,5798100
2014-02-07,16.82683563232422,17.850000381469727,17.356666564941406,17.52666664123535,1767300
2014-02-10,16.762834548950195,17.52666664123535,17.270000457763672,17.459999084472656,1551600
2014-02-11,16.91963768005371,17.709999084472656,17.406667709350586,17.623332977294922,1337400
2014-02-12,17.034854888916016,17.75,17.520000457763672,17.74333381652832,1344000
2014-02-13,17.09246253967285,17.873332977294922,17.56333351135254,17.803333282470703,846900
2014-02-14,17.268476486206055,17.996667861938477,17.75,17.98666763305664,832800
2014-02-18,17.07645034790039,18.079999923706055,17.753332138061523,17.786666870117188,1408800
2014-02-19,16.737232208251953,17.893333435058594,17.42333221435547,17.433332443237305,1648500
2014-02-20,16.942045211791992,17.649999618530273,17.296667098999023,17.64666748046875,1255200
2014-02-21,16.948450088500977,17.829999923706055,17.55666732788086,17.65333366394043,1253700
2014-02-24,16.89723777770996,17.80666732788086,17.593332290649414,17.600000381469727,1076700
2014-02-25,16.945241928100586,17.68000030517578,17.446666717529297,17.649999618530273,1299300
2014-02-26,17.194860458374023,17.933332443237305,17.719999313354492,17.90999984741211,1744500
2014-02-27,16.89723777770996,17.989999771118164,17.540000915527344,17.600000381469727,1796100
2014-02-28,17.038055419921875,17.860000610351562,17.59000015258789,17.746667861938477,1478700
2014-03-03,16.91963768005371,17.77666664123535,17.44333267211914,17.623332977294922,1270200
2014-03-04,17.214067459106445,17.979999542236328,17.73666763305664,17.93000030517578,1362900
2014-03-05,17.569284439086914,18.386667251586914,17.816667556762695,18.299999237060547,1926000
2014-03-06,17.937314987182617,18.696666717529297,18.31333351135254,18.683332443237305,1677900
2014-03-07,18.05571746826172,18.850000381469727,18.670000076293945,18.80666732788086,1650900
2014-03-10,18.170930862426758,19.0,18.670000076293945,18.926666259765625,2566800
2014-03-11,17.998119354248047,18.983333587646484,18.703332901000977,18.746667861938477,1315200
2014-03-12,18.06532859802246,18.8700008392334,18.59666633605957,18.816667556762695,1184400
2014-03-13,17.895715713500977,18.956666946411133,18.50666618347168,18.639999389648438,946200
2014-03-14,18.116533279418945,18.933332443237305,18.463333129882812,18.8700008392334,1501800
2014-03-17,18.247739791870117,19.15999984741211,18.899999618530273,19.00666618347168,2423400
2014-03-18,18.244537353515625,19.133333206176758,18.886667251586914,19.003332138061523,1651500
2014-03-19,18.238140106201172,19.110000610351562,18.8700008392334,18.996667861938477,1653900
2014-03-20,18.094127655029297,18.996667861938477,18.770000457763672,18.84666633605957,949800
2014-03-21,18.142139434814453,19.106666564941406,18.799999237060547,18.89666748046875,2528700
2014-03-24,17.969318389892578,19.06999969482422,18.546667098999023,18.71666717529297,1658400
2014-03-25,17.85731315612793,18.94333267211914,18.546667098999023,18.600000381469727,1177200
2014-03-26,17.49568748474121,18.709999084472656,18.21666717529297,18.22333335876465,1475100
2014-03-27,17.42207908630371,18.260000228881836,18.086666107177734,18.14666748046875,1461600
2014-03-28,17.732500076293945,18.520000457763672,18.086666107177734,18.469999313354492,1485300
2014-03-31,18.158132553100586,18.940000534057617,18.516666412353516,18.913333892822266,1890300
2014-04-01,18.167734146118164,19.073333740234375,18.773332595825195,18.92333221435547,1287600
2014-04-02,18.167734146118164,19.046667098999023,18.823333740234375,18.92333221435547,1592400
2014-04-03,18.170930862426758,19.083332061767578,18.84000015258789,18.926666259765625,925500
2014-04-04,17.934110641479492,19.136667251586914,18.579999923706055,18.68000030517578,617100
2014-04-07,17.681303024291992,18.786666870117188,18.3799991607666,18.416667938232422,1365900
2014-04-08,17.527685165405273,18.489999771118164,18.239999771118164,18.25666618347168,1836600
2014-04-09,17.825315475463867,18.56999969482422,18.23666763305664,18.566667556762695,798000
2014-04-10,17.450881958007812,18.65333366394043,18.133333206176758,18.176666259765625,1530000
2014-04-11,17.434886932373047,18.280000686645508,17.893333435058594,18.15999984741211,1387800
2014-04-14,17.441280364990234,18.469999313354492,18.030000686645508,18.166667938232422,1532100
2014-04-15,17.361268997192383,18.290000915527344,17.876667022705078,18.083332061767578,1614600
2014-04-16,17.614093780517578,18.393333435058594,18.093332290649414,18.34666633605957,1326000
2014-04-17,17.697296142578125,18.520000457763672,18.25666618347168,18.433332443237305,1320300
2014-04-21,17.8701171875,18.656667709350586,18.40333366394043,18.613332748413086,1702500
2014-04-22,18.238140106201172,19.02666664123535,18.623332977294922,18.996667861938477,1554000
2014-04-23,18.068525314331055,19.03333282470703,18.786666870117188,18.81999969482422,1683000
2014-04-24,18.769378662109375,19.790000915527344,18.983333587646484,19.549999237060547,2945700
2014-04-25,18.967792510986328,19.850000381469727,19.566667556762695,19.75666618347168,1936200
2014-04-28,19.04140281677246,20.059999465942383,19.636667251586914,19.833332061767578,1927800
2014-04-29,18.887784957885742,19.979999542236328,19.636667251586914,19.67333221435547,1692000
2014-04-30,19.403024673461914,20.219999313354492,19.670000076293945,20.209999084472656,2001000
2014-05-01,19.30061149597168,20.35333251953125,19.786666870117188,20.10333251953125,1953600
2014-05-02,19.43502426147461,20.456666946411133,20.05666732788086,20.24333381652832,1679100
2014-05-05,19.19180679321289,20.24333381652832,19.916667938232422,19.989999771118164,1548000
2014-05-06,19.1566104888916,20.053333282470703,19.82666778564453,19.953332901000977,2713800
2014-05-07,19.198217391967773,20.163333892822266,19.843332290649414,19.996667861938477,2445600
2014-05-08,19.233407974243164,20.32666778564453,19.920000076293945,20.03333282470703,1523100
2014-05-09,19.131004333496094,20.030000686645508,19.809999465942383,19.926666259765625,1928700
2014-05-12,19.531036376953125,20.393333435058594,20.016666412353516,20.343332290649414,1627800
2014-05-13,19.716650009155273,20.57666778564453,20.363332748413086,20.536666870117188,1156500
2014-05-14,19.588640213012695,20.586666107177734,20.34666633605957,20.40333366394043,865800
2014-05-15,19.550233840942383,20.399999618530273,20.0,20.363332748413086,1401000
2014-05-16,19.684646606445312,20.510000228881836,20.286666870117188,20.503332138061523,985800
2014-05-19,19.969465255737305,20.873332977294922,20.416667938232422,20.799999237060547,1629600
2014-05-20,19.799854278564453,20.883333206176758,20.399999618530273,20.623332977294922,1366500
2014-05-21,19.937469482421875,20.77666664123535,20.553333282470703,20.766666412353516,1201200
2014-05-22,19.931066513061523,20.856666564941406,20.666667938232422,20.760000228881836,1400100
2014-05-23,20.014266967773438,20.860000610351562,20.666667938232422,20.84666633605957,971400
2014-05-27,20.219091415405273,21.200000762939453,20.850000381469727,21.059999465942383,1910400
2014-05-28,20.18708610534668,21.303333282470703,21.003332138061523,21.02666664123535,2340600
2014-05-29,20.35349464416504,21.213333129882812,20.933332443237305,21.200000762939453,1388700
2014-05-30,20.468706130981445,21.40999984741211,21.203332901000977,21.31999969482422,1476300
2014-06-02,20.41750144958496,21.510000228881836,21.139999389648438,21.266666412353516,1090200
2014-06-03,20.17108154296875,21.229999542236328,20.989999771118164,21.010000228881836,1464300
2014-06-04,20.19988441467285,21.14666748046875,20.953332901000977,21.040000915527344,966600
2014-06-05,20.478309631347656,21.35333251953125,21.046667098999023,21.329999923706055,728400
2014-06-06,20.667123794555664,21.60333251953125,21.299999237060547,21.52666664123535,1334700
2014-06-09,20.638322830200195,21.78333282470703,21.433332443237305,21.496667861938477,1248300
2014-06-10,20.63511848449707,21.536666870117188,21.219999313354492,21.49333381652832,1395000
2014-06-11,20.692720413208008,21.583332061767578,21.356666564941406,21.553333282470703,969000
2014-06-12,20.42709732055664,21.47333335876465,21.156667709350586,21.27666664123535,939600
2014-06-13,20.286287307739258,21.316667556762695,21.02666664123535,21.1299991607666,1009500
2014-06-16,20.174287796020508,21.166667938232422,20.893333435058594,21.01333236694336,1455600
2014-06-17,20.16468048095703,21.260000228881836,20.916667938232422,21.003332138061523,1414800
2014-06-18,20.235090255737305,21.24333381652832,20.979999542236328,21.07666778564453,1362900
2014-06-19,20.25749397277832,21.1200008392334,20.996667861938477,21.100000381469727,939900
2014-06-20,20.41750144958496,21.350000381469727,21.113332748413086,21.266666412353516,1377600
2014-06-23,20.116676330566406,21.296667098999023,20.93000030517578,20.953332901000977,1383000
2014-06-24,19.947065353393555,21.246667861938477,20.770000457763672,20.77666664123535,1301400
2014-06-25,20.08148193359375,20.920000076293945,20.72333335876465,20.916667938232422,1371300
2014-06-26,20.17748260498047,21.066667556762695,20.77666664123535,21.016666412353516,1518900
2014-06-27,20.084672927856445,21.07666778564453,20.85333251953125,20.920000076293945,3514800
2014-06-30,20.37909698486328,21.26333236694336,20.76333236694336,21.226667404174805,1749900
2014-07-01,20.59990882873535,21.6299991607666,21.21666717529297,21.456666946411133,1456200
2014-07-02,20.555112838745117,21.663333892822266,21.399999618530273,21.40999984741211,810300
2014-07-03,20.663915634155273,21.573333740234375,21.360000610351562,21.523332595825195,526200
2014-07-07,20.292695999145508,21.309999465942383,20.860000610351562,21.136667251586914,1550100
2014-07-08,20.078277587890625,21.209999084472656,20.80666732788086,20.913333892822266,1337700
2014-07-09,20.119874954223633,21.030000686645508,20.81333351135254,20.956666946411133,964500
2014-07-10,19.895858764648438,20.906667709350586,20.59666633605957,20.72333335876465,1018200
2014-07-11,19.729448318481445,20.713333129882812,20.510000228881836,20.549999237060547,1403700
2014-07-14,19.88306427001953,20.746667861938477,20.579999923706055,20.709999084472656,1576500
2014-07-15,19.9278621673584,20.8799991607666,20.703332901000977,20.75666618347168,1146900
2014-07-16,19.806257247924805,20.8799991607666,20.546667098999023,20.6299991607666,1297200
2014-07-17,19.64304542541504,20.766666412353516,20.433332443237305,20.459999084472656,1680900
2014-07-18,19.783855438232422,20.700000762939453,20.389999389648438,20.606666564941406,940500
2014-07-21,19.82545280456543,21.06999969482422,20.42333221435547,20.649999618530273,1590000
2014-07-22,20.241485595703125,21.170000076293945,20.64666748046875,21.083332061767578,1473600
2014-07-23,20.222286224365234,21.209999084472656,20.969999313354492,21.06333351135254,983100
2014-07-24,20.372695922851562,21.296667098999023,20.866666793823242,21.219999313354492,1318200
2014-07-25,20.25749397277832,21.22333335876465,20.976667404174805,21.100000381469727,1364700
2014-07-28,20.084672927856445,21.143333435058594,20.733333587646484,20.920000076293945,1335600
2014-07-29,19.748659133911133,20.98666763305664,20.566667556762695,20.56999969482422,1236600
2014-07-30,20.078277587890625,21.023332595825195,20.616666793823242,20.913333892822266,1500000
2014-07-31,20.315093994140625,21.246667861938477,20.530000686645508,21.15999984741211,3327300
2014-08-01,20.363094329833984,21.366666793823242,21.03333282470703,21.209999084472656,2163000
2014-08-04,20.411102294921875,21.450000762939453,21.116666793823242,21.260000228881836,1349100
2014-08-05,20.311885833740234,21.34666633605957,21.06333351135254,21.156667709350586,1072200
2014-08-06,20.238285064697266,21.170000076293945,20.933332443237305,21.079999923706055,1068900
2014-08-07,20.35349464416504,21.273332595825195,21.036666870117188,21.200000762939453,1925400
2014-08-08,20.49750518798828,21.376667022705078,21.1299991607666,21.350000381469727,861300
2014-08-11,20.667123794555664,21.770000457763672,21.40999984741211,21.52666664123535,859200
2014-08-12,20.68631935119629,21.700000762939453,21.47333335876465,21.546667098999023,1071000
2014-08-13,20.71192169189453,21.746667861938477,21.540000915527344,21.573333740234375,933300
2014-08-14,20.900733947753906,21.80666732788086,21.546667098999023,21.770000457763672,778500
2014-08-15,20.79192352294922,21.950000762939453,21.483333587646484,21.656667709350586,962700
2014-08-18,21.316768646240234,22.343332290649414,21.700000762939453,22.203332901000977,1243800
2014-08-19,21.559980392456055,22.459999084472656,22.22333335876465,22.456666946411133,1222500
2014-08-20,21.470375061035156,22.503332138061523,22.23666763305664,22.363332748413086,982800
2014-08-21,21.28156852722168,22.40333366394043,22.133333206176758,22.166667938232422,1056600
2014-08-22,21.332767486572266,22.34000015258789,21.963333129882812,22.219999313354492,773100
2014-08-25,21.59518051147461,22.523332595825195,22.22333335876465,22.49333381652832,1351500
2014-08-26,21.361574172973633,22.606666564941406,22.190000534057617,22.25,1504800
2014-08-27,21.332767486572266,22.360000610351562,22.10333251953125,22.219999313354492,705000
2014-08-28,21.27836799621582,22.24333381652832,22.079999923706055,22.163333892822266,566100
2014-08-29,21.335968017578125,22.329999923706055,22.083332061767578,22.22333335876465,766800
2014-09-02,21.803207397460938,22.760000228881836,22.266666412353516,22.709999084472656,1731900
2014-09-03,22.0432186126709,23.049999237060547,22.80666732788086,22.959999084472656,1367400
2014-09-04,22.334447860717773,23.293333053588867,22.926666259765625,23.26333236694336,1296000
2014-09-05,22.321640014648438,23.333332061767578,23.1200008392334,23.25,1244400
2014-09-08,22.385639190673828,23.996667861938477,23.093332290649414,23.316667556762695,1486500
2014-09-09,22.276832580566406,23.426666259765625,23.136667251586914,23.203332901000977,1348200
2014-09-10,22.302444458007812,23.286666870117188,23.03333282470703,23.229999542236328,836100
2014-09-11,22.475250244140625,23.450000762939453,23.126667022705078,23.40999984741211,920100
2014-09-12,22.57125473022461,23.67333221435547,23.420000076293945,23.510000228881836,1196400
2014-09-15,22.360044479370117,23.626667022705078,23.266666412353516,23.290000915527344,937200
2014-09-16,22.526458740234375,23.573333740234375,23.106666564941406,23.463333129882812,1641600
2014-09-17,22.87848663330078,23.889999389648438,23.453332901000977,23.829999923706055,1915500
2014-09-18,23.08970069885254,24.106666564941406,23.719999313354492,24.049999237060547,1552800
2014-09-19,22.891281127929688,24.209999084472656,23.739999771118164,23.843332290649414,2560500
2014-09-22,22.555261611938477,23.866666793823242,23.42333221435547,23.49333381652832,970800
2014-09-23,22.440052032470703,23.6299991607666,23.366666793823242,23.373332977294922,1222500
2014-09-24,22.42725372314453,23.489999771118164,23.183332443237305,23.360000610351562,925200
2014-09-25,22.06562042236328,23.299999237060547,22.8700008392334,22.983333587646484,1401600
2014-09-26,22.58405876159668,23.566667556762695,22.94333267211914,23.523332595825195,1548600
2014-09-29,22.79527473449707,23.760000228881836,23.323333740234375,23.74333381652832,1395900
2014-09-30,22.606464385986328,23.96666717529297,23.5,23.546667098999023,1663800
2014-10-01,21.905614852905273,23.579999923706055,22.78333282470703,22.816667556762695,2277600
2014-10-02,22.06562042236328,23.043333053588867,22.770000457763672,22.983333587646484,1408800
2014-10-03,22.347240447998047,23.44333267211914,23.040000915527344,23.27666664123535,1092000
2014-10-06,22.17763328552246,23.523332595825195,23.046667098999023,23.100000381469727,1308900
2014-10-07,21.787199020385742,23.136667251586914,22.68666648864746,22.69333267211914,1230900
2014-10-08,21.947214126586914,22.876667022705078,22.190000534057617,22.860000610351562,1463100
2014-10-09,21.518383026123047,22.926666259765625,22.39666748046875,22.413333892822266,1234500
2014-10-10,20.833534240722656,22.51333236694336,21.68000030517578,21.700000762939453,2345700
2014-10-13,20.020666122436523,21.99333381652832,20.72333335876465,20.85333251953125,3230700
2014-10-14,20.487897872924805,21.636667251586914,20.85333251953125,21.34000015258789,3471000
2014-10-15,20.8431339263916,21.950000762939453,20.790000915527344,21.709999084472656,2649600
2014-10-16,21.220754623413086,22.170000076293945,21.246667861938477,22.10333251953125,2022600
2014-10-17,21.735992431640625,23.0,22.433332443237305,22.639999389648438,1708500
2014-10-20,21.809602737426758,22.78333282470703,22.459999084472656,22.71666717529297,1370100
2014-10-21,22.609661102294922,23.606666564941406,22.913333892822266,23.549999237060547,1809000
2014-10-22,22.1296329498291,23.67333221435547,23.03333282470703,23.049999237060547,1084500
2014-10-23,22.449647903442383,23.68666648864746,23.22333335876465,23.383333206176758,1350900
2014-10-24,22.484848022460938,23.726667404174805,23.239999771118164,23.420000076293945,1035000
2014-10-27,22.692869186401367,23.67333221435547,23.28333282470703,23.636667251586914,948300
2014-10-28,22.888080596923828,23.996667861938477,23.68666648864746,23.84000015258789,1428000
2014-10-29,22.756874084472656,24.036666870117188,23.643333435058594,23.703332901000977,1994400
2014-10-30,23.15690040588379,24.72333335876465,23.239999771118164,24.1200008392334,2900400
2014-10-31,23.320110321044922,24.746667861938477,24.183332443237305,24.290000915527344,1859400
2014-11-03,23.547325134277344,24.64666748046875,24.170000076293945,24.52666664123535,1788000
2014-11-04,23.889753341674805,25.170000076293945,24.489999771118164,24.883333206176758,1956900
2014-11-05,23.748945236206055,25.14666748046875,24.683332443237305,24.73666763305664,1534200
2014-11-06,24.081771850585938,25.093332290649414,24.73666763305664,25.083332061767578,1271100
2014-11-07,24.040164947509766,25.316667556762695,24.920000076293945,25.040000915527344,1147800
2014-11-10,24.561803817749023,25.683332443237305,25.110000610351562,25.583332061767578,1965000
2014-11-11,24.60980987548828,25.99333381652832,25.5,25.633333206176758,1814700
2014-11-12,24.468997955322266,25.643333435058594,25.34000015258789,25.48666763305664,1774200
2014-11-13,24.74102210998535,25.81999969482422,25.406667709350586,25.770000457763672,2005200
2014-11-14,24.63861656188965,26.03333282470703,25.57666778564453,25.663333892822266,1398900
2014-11-17,24.35698699951172,25.663333892822266,25.299999237060547,25.3700008392334,1287900
2014-11-18,24.5714054107666,25.760000228881836,25.25666618347168,25.593332290649414,1544700
2014-11-19,24.510604858398438,25.643333435058594,25.309999465942383,25.530000686645508,1085100
2014-11-20,24.84022331237793,25.8799991607666,25.333332061767578,25.873332977294922,1483800
2014-11-21,25.064239501953125,26.389999389648438,26.053333282470703,26.106666564941406,2191500
2014-11-24,25.419466018676758,26.510000228881836,26.106666564941406,26.476667404174805,1804200
2014-11-25,25.27225685119629,26.65999984741211,26.266666412353516,26.323333740234375,1216500
2014-11-26,25.246654510498047,26.49333381652832,26.226667404174805,26.296667098999023,830100
2014-11-28,25.93470573425293,27.059999465942383,26.376667022705078,27.01333236694336,1256100
2014-12-01,25.19224739074707,27.15999984741211,26.156667709350586,26.239999771118164,2135700
2014-12-02,25.397066116333008,26.67333221435547,26.246667861938477,26.453332901000977,1143600
2014-12-03,25.550676345825195,26.739999771118164,26.459999084472656,26.613332748413086,888000
2014-12-04,25.710689544677734,26.803333282470703,26.5,26.780000686645508,1141500
2014-12-05,25.589080810546875,26.956666946411133,26.516666412353516,26.65333366394043,1259700
2014-12-08,25.21145248413086,26.796667098999023,26.163333892822266,26.260000228881836,1346700
2014-12-09,24.90422821044922,25.956666946411133,25.476667404174805,25.940000534057617,2167500
2014-12-10,24.821022033691406,26.17333221435547,25.67333221435547,25.85333251953125,1459500
2014-12-11,25.153854370117188,26.399999618530273,25.969999313354492,26.200000762939453,1291800
2014-12-12,24.910629272460938,26.363332748413086,25.873332977294922,25.946666717529297,1309200
2014-12-15,24.769817352294922,26.316667556762695,25.503332138061523,25.799999237060547,1529100
2014-12-16,24.388992309570312,25.98666763305664,25.3799991607666,25.40333366394043,1382100
2014-12-17,24.651411056518555,25.709999084472656,24.78333282470703,25.676666259765625,2450700
2014-12-18,24.99383544921875,26.190000534057617,25.760000228881836,26.03333282470703,1259700
2014-12-19,24.71861457824707,26.286666870117188,25.72333335876465,25.746667861938477,2406300
2014-12-22,24.881824493408203,26.016666412353516,25.719999313354492,25.916667938232422,1970400
2014-12-23,25.163448333740234,26.229999542236328,25.906667709350586,26.209999084472656,1212000
2014-12-24,25.390663146972656,26.56333351135254,26.213333129882812,26.446666717529297,480900
2014-12-26,25.22745132446289,26.613332748413086,26.253332138061523,26.27666664123535,810000
2014-12-29,25.128244400024414,26.433332443237305,25.976667404174805,26.17333221435547,919500
2014-12-30,24.99383544921875,26.260000228881836,25.906667709350586,26.03333282470703,903600
2014-12-31,24.846630096435547,26.316667556762695,25.836666107177734,25.8799991607666,1232700
2015-01-02,24.805023193359375,26.203332901000977,25.420000076293945,25.836666107177734,1058700
2015-01-05,24.17457389831543,25.77666664123535,25.156667709350586,25.18000030517578,1560600
2015-01-06,23.720144271850586,25.453332901000977,24.46666717529297,24.706666946411133,2261400
2015-01-07,23.592132568359375,25.036666870117188,24.399999618530273,24.573333740234375,1884000
2015-01-08,24.212974548339844,25.356666564941406,24.696666717529297,25.219999313354492,1724400
2015-01-09,23.723339080810547,25.43666648864746,24.676666259765625,24.709999084472656,1949700
2015-01-12,23.46733283996582,24.889999389648438,24.426666259765625,24.44333267211914,1571400
2015-01-13,23.46733283996582,24.82666778564453,24.260000228881836,24.44333267211914,2249400
2015-01-14,23.25931167602539,24.50666618347168,24.040000915527344,24.226667404174805,1865100
2015-01-15,23.073688507080078,24.5,23.969999313354492,24.03333282470703,1734900
2015-01-16,23.166494369506836,24.213333129882812,23.916667938232422,24.1299991607666,1719600
2015-01-20,23.27850914001465,24.350000381469727,23.760000228881836,24.246667861938477,1926600
2015-01-21,22.99048614501953,24.299999237060547,23.68000030517578,23.946666717529297,2261400
2015-01-22,23.636932373046875,24.75,23.983333587646484,24.6200008392334,2243400
2015-01-23,23.956958770751953,25.066667556762695,24.53333282470703,24.953332901000977,2414100
2015-01-26,23.76174545288086,25.166667938232422,24.703332901000977,24.75,1686900
2015-01-27,23.489727020263672,24.67333221435547,24.27666664123535,24.46666717529297,2219100
2015-01-28,23.243309020996094,24.97333335876465,24.143333435058594,24.209999084472656,1709100
2015-01-29,22.814468383789062,24.373332977294922,23.676666259765625,23.76333236694336,2536500
2015-01-30,22.440052032470703,23.746667861938477,23.34000015258789,23.373332977294922,3251700
2015-02-02,22.80487060546875,23.770000457763672,23.166667938232422,23.753332138061523,3351300
2015-02-03,23.04489517211914,24.049999237060547,23.773332595825195,24.003332138061523,3400500
2015-02-04,22.836877822875977,24.0,23.523332595825195,23.786666870117188,2653800
2015-02-05,23.57613754272461,25.323333740234375,24.166667938232422,24.55666732788086,4446900
2015-02-06,23.742542266845703,24.946666717529297,23.843332290649414,24.729999542236328,2309400
2015-02-09,23.518531799316406,24.790000915527344,24.329999923706055,24.496667861938477,2402700
2015-02-10,23.742542266845703,24.803333282470703,24.420000076293945,24.729999542236328,1539300
2015-02-11,23.854551315307617,24.913333892822266,24.610000610351562,24.84666633605957,1467300
2015-02-12,24.09457015991211,25.156667709350586,24.850000381469727,25.09666633605957,1770000
2015-02-13,24.40499496459961,25.489999771118164,24.946666717529297,25.420000076293945,1461000
2015-02-17,24.478605270385742,25.546667098999023,25.273332595825195,25.496667861938477,1479900
2015-02-18,24.61301040649414,25.67333221435547,25.440000534057617,25.636667251586914,1441800
2015-02-19,24.865827560424805,26.02666664123535,25.496667861938477,25.899999618530273,2100900
2015-02-20,24.891429901123047,25.933332443237305,25.393333435058594,25.926666259765625,1353600
2015-02-23,24.897829055786133,26.126667022705078,25.76333236694336,25.933332443237305,1456500
2015-02-24,25.099445343017578,26.200000762939453,25.790000915527344,26.143333435058594,1681500
2015-02-25,25.137849807739258,26.293333053588867,26.110000610351562,26.183332443237305,1437300
2015-02-26,25.077041625976562,26.266666412353516,26.0,26.1200008392334,1443900
2015-02-27,25.0002384185791,26.133333206176758,26.003332138061523,26.040000915527344,1213800
2015-03-02,25.397066116333008,26.48666763305664,26.086666107177734,26.453332901000977,1318500
2015-03-03,24.971435546875,26.44333267211914,25.940000534057617,26.010000228881836,1891200
2015-03-04,24.849822998046875,26.106666564941406,25.72333335876465,25.883333206176758,1063800
2015-03-05,24.849822998046875,25.93666648864746,25.67333221435547,25.883333206176758,1062600
2015-03-06,24.805023193359375,26.083332061767578,25.73666763305664,25.836666107177734,1281900
2015-03-09,24.881824493408203,26.01333236694336,25.80666732788086,25.916667938232422,778800
2015-03-10,24.581003189086914,25.833332061767578,25.479999542236328,25.60333251953125,1641900
2015-03-11,24.926633834838867,25.97333335876465,25.503332138061523,25.963333129882812,1394700
2015-03-12,25.093048095703125,26.25,25.953332901000977,26.136667251586914,822900
2015-03-13,25.02263832092285,26.23666763305664,25.899999618530273,26.06333351135254,778500
2015-03-16,25.3714656829834,26.46666717529297,26.06333351135254,26.426666259765625,959700
2015-03-17,25.531475067138672,26.663333892822266,26.433332443237305,26.593332290649414,1406400
2015-03-18,25.723491668701172,26.856666564941406,26.293333053588867,26.793333053588867,1313700
2015-03-19,25.720293045043945,26.98666763305664,26.67333221435547,26.790000915527344,1425600
2015-03-20,25.64348602294922,26.78333282470703,26.523332595825195,26.709999084472656,3126600
2015-03-23,25.3714656829834,26.683332443237305,26.40999984741211,26.426666259765625,1545600
2015-03-24,25.019433975219727,26.53333282470703,26.020000457763672,26.059999465942383,1435800
2015-03-25,24.5714054107666,26.1299991607666,25.583332061767578,25.593332290649414,1612200
2015-03-26,24.635412216186523,25.760000228881836,25.26333236694336,25.65999984741211,1453500
2015-03-27,24.66420555114746,25.753332138061523,25.540000915527344,25.690000534057617,1360500
2015-03-30,24.795421600341797,25.93666648864746,25.696666717529297,25.82666778564453,1270800
2015-03-31,24.737817764282227,25.82666778564453,25.65333366394043,25.766666412353516,1854900
2015-04-01,24.180978775024414,25.65999984741211,24.99333381652832,25.18666648864746,3066000
2015-04-02,23.49612808227539,25.190000534057617,24.399999618530273,24.47333335876465,4524600
2015-04-06,23.169700622558594,24.56999969482422,24.110000610351562,24.133333206176758,2702700
2015-04-07,23.208106994628906,24.3799991607666,24.083332061767578,24.17333221435547,1744500
2015-04-08,23.006488800048828,24.163333892822266,23.81999969482422,23.963333129882812,2816100
2015-04-09,22.939289093017578,24.116666793823242,23.833332061767578,23.893333435058594,1752000
2015-04-10,23.08649444580078,24.083332061767578,23.860000610351562,24.046667098999023,2091000
2015-04-13,23.041702270507812,24.31333351135254,23.96666717529297,24.0,1369200
2015-04-14,23.105703353881836,24.106666564941406,23.770000457763672,24.066667556762695,1478700
2015-04-15,23.227306365966797,24.299999237060547,24.010000228881836,24.19333267211914,1639500
2015-04-16,23.361713409423828,24.376667022705078,24.00666618347168,24.333332061767578,1769700
2015-04-17,23.291311264038086,24.336666107177734,24.110000610351562,24.260000228881836,1863000
2015-04-20,23.758541107177734,24.843332290649414,24.293333053588867,24.746667861938477,1362000
2015-04-21,23.93455696105957,25.06999969482422,24.75666618347168,24.93000030517578,1863600
2015-04-22,23.84174919128418,24.976667404174805,24.68000030517578,24.833332061767578,1542300
2015-04-23,24.09457015991211,25.209999084472656,24.636667251586914,25.09666633605957,1596600
2015-04-24,23.790550231933594,25.163333892822266,24.700000762939453,24.780000686645508,1472400
2015-04-27,23.838552474975586,25.170000076293945,24.75,24.829999923706055,3371100
2015-04-28,23.966556549072266,25.09000015258789,24.739999771118164,24.963333129882812,1644900
2015-04-29,23.406518936157227,24.8700008392334,24.260000228881836,24.3799991607666,3293100
2015-04-30,22.76327133178711,24.530000686645508,23.643333435058594,23.709999084472656,3417000
2015-05-01,23.04489517211914,24.030000686645508,23.553333282470703,24.003332138061523,2780700
2015-05-04,23.000089645385742,24.21666717529297,23.78333282470703,23.956666946411133,2056500
2015-05-05,22.561662673950195,24.023332595825195,23.459999084472656,23.5,2514600
2015-05-06,22.6480655670166,23.616666793823242,23.31333351135254,23.59000015258789,1244400
2015-05-07,22.96168327331543,23.99333381652832,23.593332290649414,23.916667938232422,1180200
2015-05-08,23.166494369506836,24.3799991607666,24.09666633605957,24.1299991607666,1371600
2015-05-11,23.08649444580078,24.190000534057617,23.963333129882812,24.046667098999023,1461000
2015-05-12,23.04489517211914,24.023332595825195,23.706666946411133,24.003332138061523,1340400
2015-05-13,22.79527473449707,24.046667098999023,23.6200008392334,23.74333381652832,2165400
2015-05-14,22.67367172241211,24.010000228881836,23.583332061767578,23.616666793823242,3336300
2015-05-15,22.70886993408203,23.81333351135254,23.55666732788086,23.65333366394043,1412400
2015-05-18,23.137699127197266,24.170000076293945,23.57666778564453,24.100000381469727,1636200
2015-05-19,23.012889862060547,24.266666412353516,23.93000030517578,23.969999313354492,1855800
2015-05-20,22.6480655670166,24.163333892822266,23.57666778564453,23.59000015258789,1691400
2015-05-21,23.05449104309082,24.079999923706055,23.453332901000977,24.01333236694336,2738400
2015-05-22,22.79527473449707,24.10333251953125,23.643333435058594,23.74333381652832,1529700
2015-05-26,22.46885108947754,23.873332977294922,23.32666778564453,23.40333366394043,1401000
2015-05-27,22.907285690307617,23.893333435058594,23.393333435058594,23.860000610351562,1778100
2015-05-28,22.849674224853516,23.863332748413086,23.639999389648438,23.799999237060547,1768500
2015-05-29,21.764799118041992,23.729999542236328,22.503332138061523,22.670000076293945,5897700
2015-06-01,21.89600944519043,22.850000381469727,22.453332901000977,22.80666732788086,3634500
2015-06-02,21.601587295532227,22.770000457763672,22.416667938232422,22.5,4424700
2015-06-03,21.796798706054688,22.956666946411133,22.440000534057617,22.703332901000977,2559000
2015-06-04,21.947214126586914,22.93666648864746,22.523332595825195,22.860000610351562,2037900
2015-06-05,22.520057678222656,23.610000610351562,22.786666870117188,23.456666946411133,2587500
2015-06-08,22.120025634765625,23.43666648864746,23.03333282470703,23.040000915527344,1418700
2015-06-09,22.08802604675293,23.25666618347168,22.8799991607666,23.00666618347168,1522500
2015-06-10,22.28004264831543,23.28333282470703,22.926666259765625,23.206666946411133,2433900
2015-06-11,22.577655792236328,23.546667098999023,23.229999542236328,23.516666412353516,1085700
2015-06-12,22.484848022460938,23.55666732788086,23.31333351135254,23.420000076293945,1397100
2015-06-15,22.356843948364258,23.39666748046875,22.953332901000977,23.286666870117188,1926300
2015-06-16,22.337642669677734,23.43000030517578,23.17333221435547,23.266666412353516,1720800
2015-06-17,22.57445526123047,23.546667098999023,23.07666778564453,23.51333236694336,2328300
2015-06-18,22.868881225585938,24.09666633605957,23.48666763305664,23.81999969482422,2297700
2015-06-19,22.94888687133789,24.036666870117188,23.68666648864746,23.90333366394043,2558400
2015-06-22,22.87848663330078,24.0,23.75,23.829999923706055,1903500
2015-06-23,22.68326187133789,23.876667022705078,23.573333740234375,23.626667022705078,2662800
2015-06-24,22.19683074951172,23.64666748046875,22.96666717529297,23.1200008392334,3560100
2015-06-25,22.091222763061523,23.286666870117188,22.983333587646484,23.010000228881836,2120700
2015-06-26,22.040019989013672,23.053333282470703,22.790000915527344,22.956666946411133,2250900
2015-06-29,21.77760124206543,23.219999313354492,22.666667938232422,22.683332443237305,1846500
2015-06-30,21.956809997558594,23.149999618530273,22.803333282470703,22.8700008392334,1703700
2015-07-01,22.084827423095703,23.200000762939453,22.44333267211914,23.003332138061523,1982100
2015-07-02,21.98561668395996,23.139999389648438,22.73666763305664,22.899999618530273,1243800
2015-07-06,21.68799591064453,22.98666763305664,22.523332595825195,22.59000015258789,1583700
2015-07-07,21.684795379638672,22.65333366394043,22.239999771118164,22.586666107177734,2442600
2015-07-08,21.35197639465332,22.523332595825195,22.06999969482422,22.239999771118164,2039400
2015-07-09,21.569581985473633,22.68000030517578,22.426666259765625,22.46666717529297,1085400
2015-07-10,21.659191131591797,22.746667861938477,22.52666664123535,22.559999465942383,1862400
2015-07-13,21.77760124206543,22.866666793823242,22.60333251953125,22.683332443237305,3014100
2015-07-14,21.559980392456055,22.726667404174805,22.420000076293945,22.456666946411133,2601000
2015-07-15,21.310365676879883,22.57666778564453,22.18666648864746,22.196666717529297,1989900
2015-07-16,21.742399215698242,22.696666717529297,22.299999237060547,22.64666748046875,2459400
2015-07-17,21.726398468017578,22.93666648864746,22.503332138061523,22.6299991607666,1854600
2015-07-20,21.93441390991211,23.066667556762695,22.73666763305664,22.84666633605957,1643400
2015-07-21,22.212833404541016,23.290000915527344,22.829999923706055,23.136667251586914,2421600
2015-07-22,22.068822860717773,23.166667938232422,22.876667022705078,22.98666763305664,1497000
2015-07-23,21.65599250793457,23.066667556762695,22.516666412353516,22.55666732788086,1264200
2015-07-24,21.46397590637207,22.676666259765625,22.303333282470703,22.356666564941406,1117500
2015-07-27,21.355167388916016,22.413333892822266,22.07666778564453,22.24333381652832,1182000
2015-07-28,21.7615966796875,22.739999771118164,22.143333435058594,22.666667938232422,2059200
2015-07-29,22.58405876159668,23.706666946411133,22.656667709350586,23.523332595825195,3900000
2015-07-30,23.275314331054688,24.31999969482422,22.96666717529297,24.24333381652832,4275000
2015-07-31,23.40972137451172,24.78333282470703,24.209999084472656,24.383333206176758,3615900
2015-08-03,23.700939178466797,24.75,24.18000030517578,24.68666648864746,2062500
2015-08-04,23.595340728759766,24.873332977294922,24.5,24.57666778564453,1939500
2015-08-05,23.720144271850586,24.953332901000977,24.53333282470703,24.706666946411133,1580400
2015-08-06,23.48012924194336,24.803333282470703,24.42333221435547,24.456666946411133,1460400
2015-08-07,23.147294998168945,24.453332901000977,23.916667938232422,24.110000610351562,2474100
2015-08-10,23.38732147216797,24.413333892822266,24.073333740234375,24.360000610351562,1857600
2015-08-11,23.38090705871582,24.453332901000977,24.10333251953125,24.35333251953125,1421700
2015-08-12,23.240108489990234,24.266666412353516,23.873332977294922,24.206666946411133,1420800
2015-08-13,23.201704025268555,24.363332748413086,24.100000381469727,24.166667938232422,820500
2015-08-14,23.406518936157227,24.450000762939453,24.016666412353516,24.3799991607666,622200
2015-08-17,23.46733283996582,24.446666717529297,24.02666664123535,24.44333267211914,1089600
2015-08-18,23.332910537719727,24.523332595825195,24.24333381652832,24.303333282470703,718500
2015-08-19,22.977693557739258,24.19333267211914,23.836666107177734,23.933332443237305,1463100
2015-08-20,22.600059509277344,23.906667709350586,23.523332595825195,23.540000915527344,2279400
2015-08-21,21.825603485107422,23.376667022705078,22.616666793823242,22.733333587646484,2634600
2015-08-24,21.083148956298828,22.729999542236328,20.84666633605957,21.959999084472656,2622300
2015-08-25,20.68952178955078,22.89666748046875,21.540000915527344,21.549999237060547,2372700
2015-08-26,21.19515609741211,22.203332901000977,21.536666870117188,22.07666778564453,1774800
2015-08-27,21.5535888671875,22.56333351135254,22.083332061767578,22.450000762939453,1266300
2015-08-28,21.56317901611328,22.610000610351562,22.309999465942383,22.459999084472656,1425300
2015-08-31,21.27836799621582,22.433332443237305,22.139999389648438,22.163333892822266,1979400
2015-09-01,20.60311508178711,21.883333206176758,21.426666259765625,21.459999084472656,3319200
2015-09-02,20.932735443115234,21.81999969482422,21.5,21.803333282470703,2394600
2015-09-03,21.214359283447266,22.24333381652832,21.81999969482422,22.09666633605957,2243100
2015-09-04,21.143953323364258,22.21666717529297,21.760000228881836,22.023332595825195,2065800
2015-09-08,21.630393981933594,22.766666412353516,22.280000686645508,22.530000686645508,2697000
2015-09-09,21.364770889282227,22.65333366394043,22.19333267211914,22.253332138061523,1728900
2015-09-10,21.803207397460938,23.00666618347168,22.329999923706055,22.709999084472656,2156700
2015-09-11,21.700796127319336,22.836666107177734,22.50666618347168,22.60333251953125,1103400
2015-09-14,21.53118133544922,22.626667022705078,22.386667251586914,22.426666259765625,747300
2015-09-15,21.90241050720215,22.886667251586914,22.35333251953125,22.81333351135254,1120800
2015-09-16,21.854402542114258,22.82666778564453,22.453332901000977,22.76333236694336,2331900
2015-09-17,21.700796127319336,22.856666564941406,22.56333351135254,22.60333251953125,1245300
2015-09-18,20.92953872680664,22.543333053588867,21.78333282470703,21.799999237060547,3192600
2015-09-21,21.121551513671875,22.280000686645508,21.81333351135254,22.0,1743900
2015-09-22,20.49750518798828,21.916667938232422,21.25666618347168,21.350000381469727,1776000
2015-09-23,20.347095489501953,21.416667938232422,21.10333251953125,21.19333267211914,1726200
2015-09-24,19.46383285522461,21.03333282470703,20.219999313354492,20.273332595825195,3638100
2015-09-25,19.665441513061523,20.719999313354492,20.3799991607666,20.483333587646484,2513700
2015-09-28,19.46062660217285,20.489999771118164,20.260000228881836,20.270000457763672,2308200
2015-09-29,19.604642868041992,20.540000915527344,20.133333206176758,20.420000076293945,2000400
2015-09-30,19.52143096923828,20.709999084472656,20.270000457763672,20.333332061767578,2795100
2015-10-01,19.55983543395996,20.50666618347168,20.31333351135254,20.373332977294922,1829400
2015-10-02,19.889463424682617,20.726667404174805,20.206666946411133,20.71666717529297,1419300
2015-10-05,20.21268653869629,21.113332748413086,20.753332138061523,21.053333282470703,1325400
2015-10-06,20.087873458862305,21.239999771118164,20.866666793823242,20.92333221435547,1344300
2015-10-07,19.9278621673584,20.920000076293945,20.523332595825195,20.75666618347168,2217000
2015-10-08,19.799854278564453,20.75,20.219999313354492,20.623332977294922,3743400
2015-10-09,20.21588706970215,21.106666564941406,20.663333892822266,21.05666732788086,1636500
2015-10-12,20.094274520874023,21.113332748413086,20.84666633605957,20.93000030517578,2357400
2015-10-13,19.59823989868164,20.8700008392334,20.393333435058594,20.413333892822266,2512200
2015-10-14,19.72624969482422,20.84000015258789,20.239999771118164,20.546667098999023,1300500
2015-10-15,19.870256423950195,20.81333351135254,20.559999465942383,20.696666717529297,1084200
2015-10-16,19.892662048339844,20.84000015258789,20.5,20.719999313354492,1218600
2015-10-19,19.9406681060791,20.809999465942383,20.549999237060547,20.770000457763672,1670100
2015-10-20,20.4143009185791,21.28333282470703,20.489999771118164,21.26333236694336,2214300
2015-10-21,20.54551124572754,21.579999923706055,21.25666618347168,21.399999618530273,1733100
2015-10-22,20.69912338256836,21.57666778564453,21.163333892822266,21.559999465942383,2462100
2015-10-23,20.753528594970703,21.77666664123535,21.456666946411133,21.616666793823242,1332900
2015-10-26,20.913537979125977,21.90999984741211,21.553333282470703,21.78333282470703,1190400
2015-10-27,20.04306983947754,21.086666107177734,19.773332595825195,20.876667022705078,10287600
2015-10-28,19.441431045532227,20.786666870117188,20.07666778564453,20.25,10542600
2015-10-29,20.17108154296875,21.479999542236328,20.49333381652832,21.010000228881836,4798800
2015-10-30,19.82225227355957,21.066667556762695,20.5,20.64666748046875,2889900
2015-11-02,19.985469818115234,20.876667022705078,20.613332748413086,20.816667556762695,1931700
2015-11-03,20.40790557861328,21.27666664123535,20.780000686645508,21.25666618347168,2479500
2015-11-04,20.587108612060547,21.48666763305664,21.226667404174805,21.44333267211914,1958700
2015-11-05,20.718318939208984,21.746667861938477,21.483333587646484,21.579999923706055,2263200
2015-11-06,20.977540969848633,21.926666259765625,21.39666748046875,21.850000381469727,1679700
2015-11-09,20.436704635620117,21.850000381469727,21.059999465942383,21.286666870117188,2385900
2015-11-10,20.70871353149414,21.690000534057617,21.270000457763672,21.56999969482422,1652700
2015-11-11,20.849531173706055,21.729999542236328,21.386667251586914,21.71666717529297,1666500
2015-11-12,20.183881759643555,21.90333366394043,21.020000457763672,21.023332595825195,1257300
2015-11-13,20.103879928588867,21.073333740234375,20.72333335876465,20.940000534057617,1409100
2015-11-16,20.359891891479492,21.22333335876465,20.293333053588867,21.206666946411133,1737300
2015-11-17,20.324689865112305,21.453332901000977,21.09000015258789,21.170000076293945,2062800
2015-11-18,20.359891891479492,21.399999618530273,21.020000457763672,21.206666946411133,2853300
2015-11-19,20.641515731811523,21.56999969482422,21.233333587646484,21.5,1796700
2015-11-20,20.65751838684082,21.906667709350586,21.48666763305664,21.516666412353516,1845000
2015-11-23,20.4143009185791,21.573333740234375,21.21666717529297,21.26333236694336,912600
2015-11-24,20.60311508178711,21.770000457763672,21.040000915527344,21.459999084472656,930900
2015-11-25,20.651113510131836,21.549999237060547,21.28333282470703,21.510000228881836,745200
2015-11-27,20.92633056640625,21.816667556762695,21.413333892822266,21.796667098999023,460800
2015-11-30,20.38869857788086,21.833332061767578,21.17333221435547,21.23666763305664,3226800
2015-12-01,20.263885498046875,21.30666732788086,20.809999465942383,21.106666564941406,2300100
2015-12-02,20.148683547973633,21.219999313354492,20.14666748046875,20.98666763305664,3576600
2015-12-03,20.03986930847168,21.253332138061523,20.760000228881836,20.873332977294922,2518500
2015-12-04,20.167882919311523,21.02666664123535,20.616666793823242,21.00666618347168,2030100
2015-12-07,19.815855026245117,21.1299991607666,20.496667861938477,20.639999389648438,2033400
2015-12-08,19.476633071899414,20.643333435058594,20.083332061767578,20.286666870117188,2668200
2015-12-09,19.527835845947266,20.633333206176758,20.0,20.34000015258789,2069400
2015-12-10,19.563037872314453,20.610000610351562,20.293333053588867,20.376667022705078,1691400
2015-12-11,18.894187927246094,20.273332595825195,19.573333740234375,19.68000030517578,2352600
2015-12-14,18.660572052001953,19.753332138061523,19.23666763305664,19.43666648864746,1921800
2015-12-15,18.958194732666016,19.843332290649414,19.42333221435547,19.746667861938477,2114100
2015-12-16,19.547040939331055,20.406667709350586,19.833332061767578,20.360000610351562,1832700
2015-12-17,19.236610412597656,20.51333236694336,20.023332595825195,20.036666870117188,2414100
2015-12-18,18.32134437561035,19.809999465942383,18.983333587646484,19.083332061767578,5992200
2015-12-21,18.388545989990234,19.28333282470703,18.933332443237305,19.15333366394043,2661600
2015-12-22,18.79178237915039,19.636667251586914,19.196666717529297,19.573333740234375,1950900
2015-12-23,18.810983657836914,19.816667556762695,19.48666763305664,19.593332290649414,1258500
2015-12-24,18.78858184814453,19.626667022705078,19.450000762939453,19.56999969482422,560700
2015-12-28,18.785385131835938,19.643333435058594,19.270000457763672,19.566667556762695,1062900
2015-12-29,18.932586669921875,19.829999923706055,19.593332290649414,19.719999313354492,1307700
2015-12-30,18.785385131835938,19.75,19.520000457763672,19.566667556762695,1613400
2015-12-31,18.903793334960938,19.90999984741211,19.399999618530273,19.690000534057617,2386200
2016-01-04,18.69577407836914,19.48666763305664,19.110000610351562,19.47333335876465,2829600
2016-01-05,18.858985900878906,19.719999313354492,19.366666793823242,19.643333435058594,2094900
2016-01-06,18.40775489807129,19.586666107177734,19.133333206176758,19.17333221435547,2659500
2016-01-07,17.70050048828125,18.76333236694336,18.309999465942383,18.43666648864746,2879100
2016-01-08,17.569284439086914,18.889999389648438,18.266666412353516,18.299999237060547,3462900
2016-01-11,17.441280364990234,18.386667251586914,17.969999313354492,18.166667938232422,2194800
2016-01-12,17.71650505065918,18.64666748046875,17.96666717529297,18.453332901000977,4041600
2016-01-13,16.958049774169922,18.623332977294922,17.48666763305664,17.663333892822266,3482100
2016-01-14,16.926044464111328,17.81999969482422,17.139999389648438,17.6299991607666,6571800
2016-01-15,16.641225814819336,17.389999389648438,16.81999969482422,17.333332061767578,3407700
2016-01-19,16.298799514770508,17.683332443237305,16.889999389648438,16.976667404174805,2775000
2016-01-20,16.189985275268555,17.020000457763672,16.30666732788086,16.863332748413086,3258000
2016-01-21,16.449201583862305,17.363332748413086,16.530000686645508,17.133333206176758,3375900
2016-01-22,16.83323860168457,17.656667709350586,17.32666778564453,17.53333282470703,2008800
2016-01-25,16.42680549621582,17.616666793823242,17.040000915527344,17.110000610351562,1459500
2016-01-26,17.038055419921875,18.023332595825195,17.110000610351562,17.746667861938477,2871000
2016-01-27,16.842838287353516,18.073333740234375,17.459999084472656,17.543333053588867,1887300
2016-01-28,16.721227645874023,17.82666778564453,17.239999771118164,17.416667938232422,1667100
2016-01-29,17.546890258789062,18.303333282470703,17.446666717529297,18.27666664123535,3617700
2016-02-01,18.13572883605957,18.916667938232422,17.913333892822266,18.889999389648438,4230600
2016-02-02,17.703697204589844,18.989999771118164,18.329999923706055,18.440000534057617,4403400
2016-02-03,17.72610092163086,18.713333129882812,18.116666793823242,18.463333129882812,5389500
2016-02-04,19.220613479614258,20.18000030517578,17.440000534057617,20.020000457763672,6429900
2016-02-05,19.05740737915039,20.066667556762695,19.440000534057617,19.850000381469727,4300500
2016-02-08,19.163009643554688,19.976667404174805,19.083332061767578,19.959999084472656,4684800
2016-02-09,19.52143096923828,20.433332443237305,19.440000534057617,20.333332061767578,4142400
2016-02-10,19.163009643554688,20.633333206176758,19.953332901000977,19.959999084472656,1725600
2016-02-11,18.85578155517578,19.933332443237305,19.343332290649414,19.639999389648438,1851600
2016-02-12,19.505430221557617,20.510000228881836,19.73666763305664,20.316667556762695,1659000
2016-02-16,19.991870880126953,20.963333129882812,20.1200008392334,20.823333740234375,1767000
2016-02-17,20.00147247314453,21.34666633605957,20.68666648864746,20.833332061767578,3082200
2016-02-18,20.110279083251953,20.996667861938477,20.6299991607666,20.946666717529297,1737300
2016-02-19,20.167882919311523,21.023332595825195,20.323333740234375,21.00666618347168,2085000
2016-02-22,20.430299758911133,21.6299991607666,21.09000015258789,21.280000686645508,2258400
2016-02-23,20.315093994140625,21.5,21.016666412353516,21.15999984741211,1591200
2016-02-24,20.29589080810547,21.18000030517578,20.406667709350586,21.139999389648438,1554900
2016-02-25,20.385498046875,21.479999542236328,20.793333053588867,21.233333587646484,1135500
2016-02-26,20.740726470947266,21.67333221435547,21.253332138061523,21.60333251953125,1723200
2016-02-29,20.660715103149414,21.649999618530273,21.239999771118164,21.520000457763672,1886100
2016-03-01,21.505586624145508,22.479999542236328,21.540000915527344,22.399999618530273,3430800
2016-03-02,21.358366012573242,22.760000228881836,22.100000381469727,22.246667861938477,3751800
2016-03-03,21.518383026123047,22.413333892822266,21.586666107177734,22.413333892822266,4049700
2016-03-04,21.796798706054688,22.81333351135254,22.27666664123535,22.703332901000977,2514600
2016-03-07,21.988815307617188,22.98666763305664,22.546667098999023,22.90333366394043,1982400
2016-03-08,21.550386428833008,22.866666793823242,22.43666648864746,22.446666717529297,1339800
2016-03-09,21.53438377380371,22.68000030517578,22.34666633605957,22.43000030517578,2009400
2016-03-10,21.713600158691406,22.803333282470703,22.40333366394043,22.616666793823242,2571900
2016-03-11,22.020814895629883,22.956666946411133,22.546667098999023,22.93666648864746,1587600
2016-03-14,21.633586883544922,22.93000030517578,22.293333053588867,22.53333282470703,2321700
2016-03-15,21.53438377380371,22.496667861938477,22.03333282470703,22.43000030517578,1225500
2016-03-16,21.684795379638672,22.703332901000977,22.110000610351562,22.586666107177734,1180200
2016-03-17,22.24163055419922,23.280000686645508,22.586666107177734,23.166667938232422,2605800
2016-03-18,22.350444793701172,23.50666618347168,23.01333236694336,23.280000686645508,3533400
2016-03-21,22.193635940551758,23.463333129882812,22.333332061767578,23.116666793823242,1532100
2016-03-22,22.036819458007812,23.083332061767578,22.790000915527344,22.953332901000977,1589700
2016-03-23,21.905614852905273,23.17333221435547,22.803333282470703,22.816667556762695,1099800
2016-03-24,21.918413162231445,22.863332748413086,22.336666107177734,22.829999923706055,1403400
2016-03-28,21.691198348999023,23.043333053588867,22.30666732788086,22.593332290649414,1558800
2016-03-29,22.308839797973633,23.26333236694336,22.47333335876465,23.23666763305664,2051400
2016-03-30,22.28643226623535,23.39666748046875,23.1200008392334,23.213333129882812,1233600
2016-03-31,22.28004264831543,23.336666107177734,22.803333282470703,23.206666946411133,1921500
2016-04-01,22.228830337524414,23.156667709350586,22.666667938232422,23.15333366394043,1666800
2016-04-04,22.030420303344727,23.496667861938477,22.80666732788086,22.946666717529297,1314900
2016-04-05,21.7615966796875,23.02666664123535,22.639999389648438,22.666667938232422,1513500
2016-04-06,21.7455997467041,22.71666717529297,22.203332901000977,22.649999618530273,1484700
2016-04-07,21.47997283935547,22.709999084472656,22.170000076293945,22.373332977294922,1479300
2016-04-08,21.457571029663086,23.010000228881836,22.27666664123535,22.350000381469727,1745700
2016-04-11,21.646387100219727,22.77666664123535,22.406667709350586,22.546667098999023,1534200
2016-04-12,21.751995086669922,22.913333892822266,22.086666107177734,22.656667709350586,984600
2016-04-13,22.049623489379883,23.09000015258789,22.74333381652832,22.96666717529297,2176200
2016-04-14,21.979217529296875,23.073333740234375,22.713333129882812,22.893333435058594,1335600
2016-04-15,22.17763328552246,23.17333221435547,22.899999618530273,23.100000381469727,1523700
2016-04-18,22.24803924560547,23.31999969482422,22.899999618530273,23.17333221435547,850500
2016-04-19,22.392047882080078,23.6299991607666,23.196666717529297,23.323333740234375,975000
2016-04-20,22.577655792236328,23.593332290649414,23.18666648864746,23.516666412353516,884100
2016-04-21,21.815998077392578,23.286666870117188,22.633333206176758,22.72333335876465,2727900
2016-04-22,22.07842254638672,23.06333351135254,22.18000030517578,22.996667861938477,3150600
2016-04-25,21.71039390563965,23.1200008392334,22.476667404174805,22.613332748413086,1579800
2016-04-26,22.318437576293945,23.266666412353516,22.696666717529297,23.246667861938477,1654200
2016-04-27,23.08970069885254,24.149999618530273,23.343332290649414,24.049999237060547,3804000
2016-04-28,21.316768646240234,22.81999969482422,21.5,22.203332901000977,7527900
2016-04-29,21.13755226135254,22.303333282470703,21.90999984741211,22.016666412353516,3883500
2016-05-02,21.121551513671875,22.253332138061523,21.81333351135254,22.0,1879800
2016-05-03,20.859134674072266,21.933332443237305,21.456666946411133,21.726667404174805,2671200
2016-05-04,20.430299758911133,21.709999084472656,21.226667404174805,21.280000686645508,1842900
2016-05-05,20.135881423950195,21.459999084472656,20.956666946411133,20.97333335876465,1628100
2016-05-06,20.430299758911133,21.31999969482422,20.68666648864746,21.280000686645508,2573100
2016-05-09,20.70871353149414,21.833332061767578,21.149999618530273,21.56999969482422,2737200
2016-05-10,20.88153648376465,21.85333251953125,21.57666778564453,21.75,1920900
2016-05-11,20.619115829467773,21.766666412353516,21.446666717529297,21.476667404174805,1560000
2016-05-12,20.401500701904297,21.713333129882812,20.93666648864746,21.25,1945800
2016-05-13,19.899057388305664,21.299999237060547,20.57666778564453,20.726667404174805,1415100
2016-05-16,19.806257247924805,21.030000686645508,20.59000015258789,20.6299991607666,1590600
2016-05-17,19.911861419677734,21.260000228881836,20.433332443237305,20.739999771118164,2250600
2016-05-18,19.716650009155273,20.913333892822266,20.47333335876465,20.536666870117188,1125900
2016-05-19,19.96306800842285,20.920000076293945,20.290000915527344,20.793333053588867,1726200
2016-05-20,20.254287719726562,21.200000762939453,20.899999618530273,21.09666633605957,1435800
2016-05-23,20.363094329833984,21.420000076293945,21.18666648864746,21.209999084472656,1953600
2016-05-24,20.443105697631836,21.39666748046875,21.21666717529297,21.293333053588867,2256000
2016-05-25,20.51990509033203,21.56333351135254,21.30666732788086,21.373332977294922,1828800
2016-05-26,20.462303161621094,21.616666793823242,21.183332443237305,21.31333351135254,1435800
2016-05-27,20.580711364746094,21.583332061767578,21.239999771118164,21.43666648864746,1057800
2016-05-31,20.59351348876953,21.71666717529297,21.376667022705078,21.450000762939453,1273200
2016-06-01,20.327896118164062,21.26333236694336,21.020000457763672,21.17333221435547,1978800
2016-06-02,20.052669525146484,20.976667404174805,20.47333335876465,20.886667251586914,1716300
2016-06-03,20.00467300415039,20.89666748046875,20.530000686645508,20.836666107177734,1007100
2016-06-06,20.132678985595703,21.079999923706055,20.78333282470703,20.969999313354492,1480800
2016-06-07,20.020666122436523,21.07666778564453,20.82666778564453,20.85333251953125,1023600
2016-06-08,20.12947654724121,21.016666412353516,20.790000915527344,20.96666717529297,1305900
2016-06-09,19.591838836669922,20.916667938232422,20.393333435058594,20.406667709350586,1657200
2016-06-10,19.21741485595703,20.273332595825195,19.93666648864746,20.016666412353516,2033400
2016-06-13,19.022197723388672,20.030000686645508,19.780000686645508,19.81333351135254,2280600
2016-06-14,18.638164520263672,19.90999984741211,19.26333236694336,19.413333892822266,2434800
2016-06-15,18.69577407836914,19.73666763305664,19.32666778564453,19.47333335876465,1813500
2016-06-16,18.71497917175293,19.540000915527344,19.079999923706055,19.49333381652832,1339500
2016-06-17,18.967792510986328,19.823333740234375,19.453332901000977,19.75666618347168,3863100
2016-06-20,19.64944839477539,20.666667938232422,20.06999969482422,20.46666717529297,2359500
2016-06-21,19.1566104888916,20.100000381469727,19.3700008392334,19.953332901000977,2313000
2016-06-22,19.220613479614258,20.10333251953125,19.713333129882812,20.020000457763672,1660500
2016-06-23,19.531036376953125,20.366666793823242,20.136667251586914,20.343332290649414,1174800
2016-06-24,18.833383560180664,19.90999984741211,19.469999313354492,19.616666793823242,3665400
2016-06-27,18.289342880249023,19.440000534057617,18.913333892822266,19.049999237060547,2014800
2016-06-28,18.478164672851562,19.516666412353516,18.983333587646484,19.246667861938477,2459700
2016-06-29,19.012596130371094,19.893333435058594,19.32666778564453,19.803333282470703,1536600
2016-06-30,19.30061149597168,20.10333251953125,19.406667709350586,20.10333251953125,1924200
2016-07-01,19.6174373626709,20.48666763305664,20.066667556762695,20.433332443237305,1080300
2016-07-05,19.32621955871582,20.356666564941406,20.00666618347168,20.1299991607666,1090200
2016-07-06,19.255813598632812,20.139999389648438,19.850000381469727,20.05666732788086,1541400
2016-07-07,19.223812103271484,20.336666107177734,19.860000610351562,20.023332595825195,1629900
2016-07-08,19.892662048339844,20.73666763305664,20.176666259765625,20.719999313354492,1551000
2016-07-11,20.145484924316406,21.053333282470703,20.856666564941406,20.983333587646484,1365300
2016-07-12,20.331096649169922,21.270000457763672,20.996667861938477,21.176666259765625,1070400
2016-07-13,20.35669708251953,21.270000457763672,20.953332901000977,21.203332901000977,1362900
2016-07-14,20.827125549316406,21.719999313354492,21.420000076293945,21.69333267211914,1829100
2016-07-15,20.87513542175293,21.78333282470703,21.386667251586914,21.74333381652832,2799300
2016-07-18,20.811128616333008,21.799999237060547,21.43000030517578,21.676666259765625,1367400
2016-07-19,20.75672721862793,21.709999084472656,21.516666412353516,21.6200008392334,943500
2016-07-20,20.731121063232422,21.860000610351562,21.546667098999023,21.593332290649414,1391100
2016-07-21,20.75992774963379,21.68666648864746,21.393333435058594,21.623332977294922,2003700
2016-07-22,21.550386428833008,22.510000228881836,21.663333892822266,22.446666717529297,2313300
2016-07-25,21.483179092407227,22.416667938232422,22.07666778564453,22.376667022705078,1858500
2016-07-26,21.774396896362305,22.68666648864746,22.32666778564453,22.68000030517578,1782000
2016-07-27,21.684795379638672,22.863332748413086,22.48666763305664,22.586666107177734,2769900
2016-07-28,22.28963851928711,23.229999542236328,22.253332138061523,23.21666717529297,2545800
2016-07-29,22.29283905029297,23.28333282470703,22.823333740234375,23.219999313354492,1810500
2016-08-01,22.206422805786133,23.273332595825195,23.020000457763672,23.1299991607666,1641600
2016-08-02,21.9824161529541,23.15333366394043,22.50666618347168,22.89666748046875,1533000
2016-08-03,22.107227325439453,23.1299991607666,22.766666412353516,23.02666664123535,1516500
2016-08-04,22.180830001831055,23.17333221435547,22.946666717529297,23.10333251953125,1344900
2016-08-05,22.609661102294922,23.610000610351562,23.229999542236328,23.549999237060547,1271100
2016-08-08,22.67367172241211,23.719999313354492,23.553333282470703,23.616666793823242,1042800
2016-08-09,22.481657028198242,23.666667938232422,23.206666946411133,23.416667938232422,2348400
2016-08-10,22.321640014648438,23.479999542236328,23.15999984741211,23.25,1689600
2016-08-11,22.430448532104492,23.406667709350586,23.23666763305664,23.363332748413086,1409100
2016-08-12,22.20003318786621,23.373332977294922,23.1200008392334,23.123332977294922,1327500
2016-08-15,22.32484245300293,23.406667709350586,23.06999969482422,23.253332138061523,957900
2016-08-16,22.28963851928711,23.316667556762695,23.083332061767578,23.21666717529297,1135200
2016-08-17,22.244844436645508,23.333332061767578,23.046667098999023,23.170000076293945,942300
2016-08-18,22.232036590576172,23.299999237060547,23.01333236694336,23.156667709350586,1122000
2016-08-19,22.392047882080078,23.389999389648438,22.969999313354492,23.323333740234375,1119000
2016-08-22,22.232036590576172,23.309999465942383,23.036666870117188,23.156667709350586,877800
2016-08-23,22.337642669677734,23.336666107177734,23.21666717529297,23.266666412353516,885900
2016-08-24,22.478450775146484,23.666667938232422,23.203332901000977,23.413333892822266,1313400
2016-08-25,22.232036590576172,23.43000030517578,23.110000610351562,23.156667709350586,911400
2016-08-26,22.132822036743164,23.31333351135254,22.926666259765625,23.053333282470703,691500
2016-08-29,22.334447860717773,23.273332595825195,23.003332138061523,23.26333236694336,898800
2016-08-30,22.6480655670166,23.666667938232422,23.25666618347168,23.59000015258789,1274100
2016-08-31,22.76327133178711,23.739999771118164,23.44333267211914,23.709999084472656,1768800
2016-09-01,22.740867614746094,23.916667938232422,23.463333129882812,23.68666648864746,1005900
2016-09-02,22.689668655395508,23.850000381469727,23.316667556762695,23.633333206176758,1723200
2016-09-06,22.430448532104492,23.696666717529297,23.26333236694336,23.363332748413086,1545600
2016-09-07,22.58405876159668,23.546667098999023,23.06999969482422,23.523332595825195,1320900
2016-09-08,22.452850341796875,23.496667861938477,23.333332061767578,23.386667251586914,1341000
2016-09-09,21.556785583496094,23.336666107177734,22.446666717529297,22.453332901000977,1826700
2016-09-12,21.992013931274414,22.953332901000977,22.299999237060547,22.906667709350586,1266000
2016-09-13,21.556785583496094,22.799999237060547,22.356666564941406,22.453332901000977,962700
2016-09-14,21.662385940551758,22.6299991607666,22.35333251953125,22.56333351135254,1038900
2016-09-15,22.068822860717773,23.05666732788086,22.483333587646484,22.98666763305664,1111500
2016-09-16,21.988815307617188,23.1200008392334,22.81333351135254,22.90333366394043,2990400
2016-09-19,22.104021072387695,23.239999771118164,22.976667404174805,23.023332595825195,1429800
2016-09-20,21.649587631225586,23.1200008392334,22.463333129882812,22.549999237060547,1770000
2016-09-21,21.82240104675293,22.833332061767578,22.440000534057617,22.729999542236328,1153500
2016-09-22,21.66878890991211,22.913333892822266,22.503332138061523,22.56999969482422,2454600
2016-09-23,21.441572189331055,22.540000915527344,22.213333129882812,22.333332061767578,1541100
2016-09-26,21.495983123779297,22.510000228881836,22.110000610351562,22.389999389648438,1258800
2016-09-27,21.4351749420166,22.450000762939453,22.190000534057617,22.32666778564453,1085100
2016-09-28,21.53118133544922,22.44333267211914,22.166667938232422,22.426666259765625,853500
2016-09-29,21.543983459472656,22.65999984741211,22.226667404174805,22.440000534057617,866100
2016-09-30,21.956809997558594,22.989999771118164,22.53333282470703,22.8700008392334,2031000
2016-10-03,22.097625732421875,23.079999923706055,22.73666763305664,23.016666412353516,1329900
2016-10-04,22.12322425842285,23.203332901000977,22.89666748046875,23.043333053588867,1227000
2016-10-05,22.459253311157227,23.40999984741211,23.020000457763672,23.393333435058594,1247700
2016-10-06,22.58405876159668,23.57666778564453,23.226667404174805,23.523332595825195,1183500
2016-10-07,22.593656539916992,23.613332748413086,23.15333366394043,23.53333282470703,1933800
2016-10-10,22.913684844970703,23.89666748046875,23.606666564941406,23.866666793823242,1456500
2016-10-11,22.73447036743164,23.856666564941406,23.583332061767578,23.68000030517578,2371500
2016-10-12,22.68006706237793,23.719999313354492,23.43000030517578,23.623332977294922,1345500
2016-10-13,22.312042236328125,23.389999389648438,23.079999923706055,23.239999771118164,1327200
2016-10-14,22.25763702392578,23.413333892822266,23.05666732788086,23.183332443237305,2031600
2016-10-17,22.331247329711914,23.286666870117188,22.976667404174805,23.260000228881836,1524600
2016-10-18,22.40484619140625,23.496667861938477,23.19333267211914,23.336666107177734,1131000
2016-10-19,22.481657028198242,23.489999771118164,23.253332138061523,23.416667938232422,1094400
2016-10-20,22.315244674682617,23.540000915527344,23.190000534057617,23.24333381652832,2093100
2016-10-21,22.430448532104492,23.383333206176758,22.940000534057617,23.363332748413086,1433700
2016-10-24,22.724872589111328,23.69333267211914,23.49333381652832,23.670000076293945,1147500
2016-10-25,22.79527473449707,23.816667556762695,23.540000915527344,23.74333381652832,1338900
2016-10-26,23.572935104370117,24.64666748046875,23.82666778564453,24.553333282470703,4290000
2016-10-27,24.53620147705078,25.709999084472656,24.860000610351562,25.55666732788086,4493100
2016-10-28,24.072166442871094,25.56999969482422,24.920000076293945,25.073333740234375,4063800
2016-10-31,23.899362564086914,25.40999984741211,24.889999389648438,24.893333435058594,2997000
2016-11-01,23.649744033813477,25.139999389648438,24.6200008392334,24.633333206176758,2679900
2016-11-02,23.512121200561523,24.906667709350586,24.483333587646484,24.489999771118164,2104800
2016-11-03,23.52812385559082,24.68666648864746,24.469999313354492,24.50666618347168,1669800
2016-11-04,23.371315002441406,24.68666648864746,24.329999923706055,24.343332290649414,1550100
2016-11-07,23.921756744384766,24.920000076293945,24.670000076293945,24.916667938232422,1849200
2016-11-08,24.081771850585938,25.23666763305664,24.773332595825195,25.083332061767578,2298000
2016-11-09,24.75062370300293,25.790000915527344,24.336666107177734,25.780000686645508,3735300
2016-11-10,25.905906677246094,27.239999771118164,26.040000915527344,26.983333587646484,3819900
2016-11-11,26.270732879638672,27.530000686645508,26.450000762939453,27.363332748413086,3963000
2016-11-14,27.093191146850586,28.416667938232422,27.366666793823242,28.219999313354492,4291200
2016-11-15,27.269203186035156,28.546667098999023,27.916667938232422,28.40333366394043,2013900
2016-11-16,27.445215225219727,28.626667022705078,28.30666732788086,28.586666107177734,2142300
2016-11-17,27.78124237060547,28.99333381652832,28.510000228881836,28.93666648864746,1417200
2016-11-18,27.58922576904297,29.07666778564453,28.516666412353516,28.73666763305664,2140500
2016-11-21,27.72684097290039,29.1200008392334,28.69333267211914,28.8799991607666,1954800
2016-11-22,27.73003578186035,29.0,28.57666778564453,28.883333206176758,1852500
2016-11-23,28.235679626464844,29.433332443237305,28.889999389648438,29.40999984741211,1199100
2016-11-25,28.510896682739258,29.700000762939453,28.956666946411133,29.696666717529297,614700
2016-11-28,27.845245361328125,29.616666793823242,28.963333129882812,29.003332138061523,2197500
2016-11-29,27.70123863220215,29.26333236694336,28.829999923706055,28.85333251953125,1856400
2016-11-30,27.938053131103516,29.286666870117188,28.96666717529297,29.100000381469727,1855800
2016-12-01,28.597301483154297,29.80666732788086,28.899999618530273,29.786666870117188,2761800
2016-12-02,28.206872940063477,30.066667556762695,29.270000457763672,29.3799991607666,3019500
2016-12-05,28.149267196655273,29.85333251953125,29.17333221435547,29.31999969482422,1703100
2016-12-06,28.446889877319336,29.68666648864746,29.17333221435547,29.6299991607666,1269900
2016-12-07,29.14453887939453,30.48666763305664,29.440000534057617,30.356666564941406,1817100
2016-12-08,29.272554397583008,30.523332595825195,30.083332061767578,30.489999771118164,1464900
2016-12-09,28.523696899414062,30.56333351135254,29.559999465942383,29.709999084472656,2284800
2016-12-12,28.386089324951172,30.016666412353516,29.389999389648438,29.566667556762695,1446900
2016-12-13,28.110864639282227,29.703332901000977,28.97333335876465,29.280000686645508,1892100
2016-12-14,27.957260131835938,29.56333351135254,29.020000457763672,29.1200008392334,1227900
2016-12-15,28.094867706298828,29.516666412353516,28.8799991607666,29.26333236694336,1363200
2016-12-16,28.01165771484375,29.360000610351562,28.93666648864746,29.176666259765625,3100800
2016-12-19,28.053260803222656,29.389999389648438,29.046667098999023,29.219999313354492,1043100
2016-12-20,28.344482421875,29.656667709350586,29.196666717529297,29.523332595825195,1254300
2016-12-21,28.02765655517578,29.42333221435547,29.170000076293945,29.19333267211914,851100
2016-12-22,27.819643020629883,29.26333236694336,28.670000076293945,28.976667404174805,1004100
2016-12-23,27.80364418029785,29.149999618530273,28.803333282470703,28.959999084472656,680100
2016-12-27,27.90604591369629,29.253332138061523,28.59000015258789,29.066667556762695,648000
2016-12-28,27.419614791870117,29.100000381469727,28.433332443237305,28.559999465942383,990600
2016-12-29,27.59562873840332,28.770000457763672,28.520000457763672,28.74333381652832,804900
2016-12-30,27.454814910888672,28.98666763305664,28.540000915527344,28.59666633605957,1050000
2017-01-03,27.771642684936523,29.28333282470703,28.6200008392334,28.926666259765625,1187100
2017-01-04,27.886852264404297,29.333332061767578,28.979999542236328,29.046667098999023,1786200
2017-01-05,27.557228088378906,29.25,28.600000381469727,28.703332901000977,1216200
2017-01-06,27.554027557373047,29.093332290649414,28.649999618530273,28.700000762939453,1639500
2017-01-09,27.403614044189453,28.729999542236328,28.290000915527344,28.543333053588867,992700
2017-01-10,27.74283790588379,29.06999969482422,28.450000762939453,28.89666748046875,1287900
2017-01-11,27.86764907836914,29.233333587646484,28.8700008392334,29.02666664123535,1416900
2017-01-12,27.842042922973633,29.020000457763672,28.540000915527344,29.0,803700
2017-01-13,28.235679626464844,29.483333587646484,29.040000915527344,29.40999984741211,1099800
2017-01-17,27.69163703918457,29.30666732788086,28.73666763305664,28.843332290649414,825900
2017-01-18,28.152467727661133,29.363332748413086,28.68666648864746,29.323333740234375,1219500
2017-01-19,27.800447463989258,29.540000915527344,28.809999465942383,28.956666946411133,1026300
2017-01-20,28.02126121520996,29.213333129882812,28.916667938232422,29.18666648864746,1181700
2017-01-23,27.92844581604004,29.226667404174805,28.873332977294922,29.09000015258789,623100
2017-01-24,28.46929359436035,29.690000534057617,29.053333282470703,29.65333366394043,1016100
2017-01-25,29.227746963500977,30.59000015258789,29.69333267211914,30.44333267211914,1733700
2017-01-26,28.850116729736328,30.28333282470703,29.81999969482422,30.049999237060547,1249500
2017-01-27,28.974933624267578,30.21666717529297,29.75,30.18000030517578,774000
2017-01-30,28.638904571533203,30.073333740234375,29.413333892822266,29.829999923706055,1111200
2017-01-31,28.25167465209961,29.746667861938477,29.139999389648438,29.426666259765625,1849200
2017-02-01,28.075666427612305,29.90333366394043,28.89666748046875,29.24333381652832,2466900
2017-02-02,27.70123863220215,30.110000610351562,27.663333892822266,28.85333251953125,3480600
2017-02-03,28.517292022705078,29.706666946411133,28.916667938232422,29.703332901000977,1784700
2017-02-06,28.62610626220703,30.00666618347168,29.670000076293945,29.816667556762695,1874700
2017-02-07,28.149267196655273,29.940000534057617,29.143333435058594,29.31999969482422,1712100
2017-02-08,28.456491470336914,29.75,28.97333335876465,29.639999389648438,1731600
2017-02-09,29.000534057617188,30.52666664123535,29.663333892822266,30.206666946411133,1496100
2017-02-10,29.538175582885742,30.833332061767578,30.25,30.766666412353516,1293900
2017-02-13,29.630977630615234,31.053333282470703,30.713333129882812,30.863332748413086,1505400
2017-02-14,29.3941593170166,30.8700008392334,30.46666717529297,30.616666793823242,1151700
2017-02-15,29.656578063964844,31.040000915527344,30.57666778564453,30.889999389648438,1117500
2017-02-16,29.57977867126465,31.163333892822266,30.55666732788086,30.809999465942383,1038300
2017-02-17,29.557374954223633,30.82666778564453,30.5,30.786666870117188,635400
2017-02-21,29.515775680541992,30.953332901000977,30.663333892822266,30.74333381652832,879900
2017-02-22,29.339752197265625,30.953332901000977,30.39666748046875,30.559999465942383,928500
2017-02-23,29.029340744018555,30.633333206176758,30.053333282470703,30.23666763305664,942300
2017-02-24,29.355756759643555,30.57666778564453,30.030000686645508,30.57666778564453,975900
2017-02-27,29.5861759185791,30.82666778564453,30.489999771118164,30.816667556762695,1450800
2017-02-28,29.365360260009766,30.84666633605957,30.56333351135254,30.586666107177734,1243800
2017-03-01,30.261423110961914,31.656667709350586,30.579999923706055,31.520000457763672,1482900
2017-03-02,29.514972686767578,31.53333282470703,30.56999969482422,30.709999084472656,1338900
2017-03-03,29.25227928161621,30.753332138061523,30.229999542236328,30.43666648864746,1828200
2017-03-06,29.108116149902344,30.49333381652832,30.136667251586914,30.286666870117188,1525200
2017-03-07,28.84862518310547,30.31999969482422,30.0,30.016666412353516,851100
2017-03-08,28.723684310913086,30.139999389648438,29.823333740234375,29.886667251586914,866100
2017-03-09,28.380901336669922,30.0,29.413333892822266,29.530000686645508,865800
2017-03-10,28.65641212463379,29.876667022705078,29.483333587646484,29.816667556762695,1108500
2017-03-13,28.611557006835938,29.996667861938477,29.719999313354492,29.770000457763672,720000
2017-03-14,28.156644821166992,29.709999084472656,29.09000015258789,29.296667098999023,1192200
2017-03-15,28.304012298583984,29.543333053588867,29.24333381652832,29.450000762939453,1948200
2017-03-16,28.131010055541992,29.60333251953125,29.18000030517578,29.270000457763672,1060500
2017-03-17,27.983646392822266,29.31999969482422,28.950000762939453,29.116666793823242,2380200
2017-03-20,27.7081298828125,29.156667709350586,28.793333053588867,28.829999923706055,1283100
2017-03-21,27.195552825927734,28.946666717529297,28.00666618347168,28.296667098999023,1370400
2017-03-22,27.224390029907227,28.479999542236328,27.99333381652832,28.32666778564453,1882800
2017-03-23,27.32050132751465,28.760000228881836,28.196666717529297,28.426666259765625,1588800
2017-03-24,27.14430046081543,28.616666793823242,27.996667861938477,28.24333381652832,955200
2017-03-27,27.08343505859375,28.233333587646484,27.643333435058594,28.18000030517578,1337700
2017-03-28,27.554359436035156,28.90999984741211,27.99333381652832,28.670000076293945,1582800
2017-03-29,27.365346908569336,28.649999618530273,28.079999923706055,28.47333335876465,1252500
2017-03-30,27.515913009643555,28.700000762939453,28.43000030517578,28.6299991607666,843600
2017-03-31,27.41339874267578,28.73666763305664,28.479999542236328,28.523332595825195,1005600
2017-04-03,27.0642032623291,28.703332901000977,28.149999618530273,28.15999984741211,1428600
2017-04-04,27.096242904663086,28.3799991607666,28.079999923706055,28.19333267211914,1215600
2017-04-05,26.80471420288086,28.520000457763672,27.829999923706055,27.889999389648438,2249700
2017-04-06,26.891216278076172,28.06333351135254,27.729999542236328,27.979999542236328,1242000
2017-04-07,26.66695785522461,27.99333381652832,27.676666259765625,27.746667861938477,909000
2017-04-10,27.061002731323242,28.376667022705078,27.84666633605957,28.156667709350586,1493700
2017-04-11,26.89762306213379,28.156667709350586,27.583332061767578,27.98666763305664,1131300
2017-04-12,26.288928985595703,27.94333267211914,27.299999237060547,27.35333251953125,1093800
2017-04-13,25.821195602416992,27.426666259765625,26.85333251953125,26.866666793823242,1827300
2017-04-17,26.33698844909668,27.433332443237305,26.940000534057617,27.40333366394043,1347300
2017-04-18,26.170392990112305,27.336666107177734,27.100000381469727,27.229999542236328,901500
2017-04-19,26.20884132385254,27.536666870117188,27.219999313354492,27.270000457763672,881700
2017-04-20,26.759862899780273,27.913333892822266,27.350000381469727,27.843332290649414,1241400
2017-04-21,27.016149520874023,28.18666648864746,27.803333282470703,28.110000610351562,1355700
2017-04-24,27.644065856933594,28.92333221435547,28.510000228881836,28.76333236694336,1434300
2017-04-25,27.570383071899414,29.01333236694336,28.25666618347168,28.68666648864746,1135800
2017-04-26,27.91316795349121,29.110000610351562,28.536666870117188,29.043333053588867,1837500
2017-04-27,28.903087615966797,30.363332748413086,29.516666412353516,30.073333740234375,2139000
2017-04-28,28.358470916748047,30.25,29.5,29.50666618347168,1319400
2017-05-01,28.26557159423828,29.69333267211914,29.350000381469727,29.40999984741211,1150800
2017-05-02,28.30080223083496,29.536666870117188,29.059999465942383,29.446666717529297,805800
2017-05-03,28.10538673400879,29.399999618530273,29.016666412353516,29.24333381652832,769800
2017-05-04,27.948406219482422,29.52666664123535,28.953332901000977,29.079999923706055,895200
2017-05-05,27.68891716003418,29.190000534057617,28.690000534057617,28.809999465942383,1312500
2017-05-08,27.35894012451172,28.80666732788086,28.40999984741211,28.46666717529297,1113000
2017-05-09,27.278844833374023,28.67333221435547,28.30666732788086,28.383333206176758,1086000
2017-05-10,27.192352294921875,28.393333435058594,28.066667556762695,28.293333053588867,1052700
2017-05-11,26.910436630249023,28.203332901000977,27.793333053588867,28.0,764100
2017-05-12,26.90723419189453,28.113332748413086,27.746667861938477,27.996667861938477,1515000
2017-05-15,27.073814392089844,28.32666778564453,28.03333282470703,28.170000076293945,783600
2017-05-16,27.326904296875,28.456666946411133,28.049999237060547,28.433332443237305,889200
2017-05-17,26.70539665222168,28.266666412353516,27.5,27.786666870117188,2864700
2017-05-18,27.288461685180664,28.75666618347168,27.583332061767578,28.393333435058594,1462800
2017-05-19,27.547956466674805,28.940000534057617,28.290000915527344,28.663333892822266,2143800
2017-05-22,27.804248809814453,29.040000915527344,28.546667098999023,28.93000030517578,1167000
2017-05-23,28.131010055541992,29.329999923706055,28.760000228881836,29.270000457763672,1165200
2017-05-24,28.499431610107422,29.81999969482422,29.246667861938477,29.65333366394043,1509900
2017-05-25,28.75252342224121,29.98666763305664,29.616666793823242,29.916667938232422,1620600
2017-05-26,28.531465530395508,29.93666648864746,29.59000015258789,29.68666648864746,834900
2017-05-30,28.67242431640625,29.996667861938477,29.489999771118164,29.833332061767578,1056300
2017-05-31,28.61475944519043,30.0,29.59666633605957,29.773332595825195,1367700
2017-06-01,28.832609176635742,30.0,29.639999389648438,30.0,1003200
2017-06-02,28.954479217529297,30.5,29.94333267211914,30.093332290649414,952500
2017-06-05,29.307273864746094,30.56333351135254,30.10333251953125,30.459999084472656,1292700
2017-06-06,29.48045539855957,31.106666564941406,30.176666259765625,30.639999389648438,1334400
2017-06-07,30.009639739990234,31.246667861938477,30.656667709350586,31.190000534057617,1735200
2017-06-08,30.0673770904541,31.613332748413086,31.15999984741211,31.25,1224300
2017-06-09,30.112274169921875,31.44333267211914,30.8700008392334,31.296667098999023,1205700
2017-06-12,30.439409255981445,31.8700008392334,31.30666732788086,31.636667251586914,1397100
2017-06-13,30.61580467224121,32.1533317565918,31.656667709350586,31.81999969482422,1287300
2017-06-14,30.205278396606445,31.84000015258789,31.09666633605957,31.393333435058594,1226400
2017-06-15,30.218111038208008,31.413333892822266,30.913333892822266,31.406667709350586,1039500
2017-06-16,30.372055053710938,31.59666633605957,31.25666618347168,31.566667556762695,2104500
2017-06-19,30.439409255981445,31.780000686645508,31.31333351135254,31.636667251586914,1125000
2017-06-20,29.720996856689453,31.56999969482422,30.823333740234375,30.889999389648438,965100
2017-06-21,29.554222106933594,31.126667022705078,30.6200008392334,30.71666717529297,926100
2017-06-22,29.326513290405273,30.883333206176758,30.206666946411133,30.479999542236328,1072800
2017-06-23,29.551013946533203,30.823333740234375,30.40999984741211,30.713333129882812,2497200
2017-06-26,29.65685272216797,30.959999084472656,30.71666717529297,30.823333740234375,735000
2017-06-27,29.781936645507812,31.253332138061523,30.713333129882812,30.953332901000977,1122600
2017-06-28,30.705598831176758,31.963333129882812,31.15999984741211,31.913333892822266,1669200
2017-06-29,30.471481323242188,32.11333465576172,31.386667251586914,31.670000076293945,1558800
2017-06-30,30.54524803161621,31.889999389648438,31.133333206176758,31.746667861938477,1178700
2017-07-03,31.04556655883789,32.43333435058594,31.81999969482422,32.266666412353516,570600
2017-07-05,31.30533790588379,32.7400016784668,31.996667861938477,32.53666687011719,1389300
2017-07-06,31.068012237548828,32.62333297729492,32.16999816894531,32.290000915527344,1314000
2017-07-07,31.379117965698242,32.689998626708984,31.753332138061523,32.61333465576172,1422000
2017-07-10,31.478532791137695,33.01333236694336,32.64666748046875,32.71666717529297,1377300
2017-07-11,31.29572105407715,32.790000915527344,32.35333251953125,32.526668548583984,952200
2017-07-12,31.757564544677734,33.0966682434082,32.66999816894531,33.00666809082031,798300
2017-07-13,31.828109741210938,33.15999984741211,32.709999084472656,33.08000183105469,935100
2017-07-14,32.068660736083984,33.46333312988281,33.09333419799805,33.33000183105469,782700
2017-07-17,31.869813919067383,33.53666687011719,33.02000045776367,33.12333297729492,786600
2017-07-18,31.529844284057617,33.086666107177734,32.74333190917969,32.77000045776367,862500
2017-07-19,31.47213363647461,32.82666778564453,32.46333312988281,32.709999084472656,591600
2017-07-20,31.154611587524414,32.79666519165039,32.36000061035156,32.380001068115234,1464600
2017-07-21,31.2540340423584,32.56999969482422,32.133331298828125,32.483333587646484,1407600
2017-07-24,31.635696411132812,33.04999923706055,32.456668853759766,32.880001068115234,1566300
2017-07-25,32.04621505737305,33.56999969482422,33.0966682434082,33.30666732788086,3541500
2017-07-26,32.20015335083008,33.543331146240234,33.28666687011719,33.46666717529297,2347200
2017-07-27,30.917272567749023,34.503334045410156,31.90999984741211,32.133331298828125,2315700
2017-07-28,31.44646644592285,32.79999923706055,32.13999938964844,32.68333435058594,1537800
2017-07-31,30.76011848449707,32.68000030517578,31.696666717529297,31.969999313354492,1531800
2017-08-01,30.288671493530273,32.086666107177734,31.24333381652832,31.479999542236328,1330200
2017-08-02,30.23735237121582,31.65333366394043,31.15333366394043,31.426666259765625,1027800
2017-08-03,30.33677864074707,31.71666717529297,31.329999923706055,31.530000686645508,795900
2017-08-04,30.85954475402832,32.279998779296875,31.600000381469727,32.073333740234375,1466400
2017-08-07,30.917272567749023,32.1966667175293,31.683332443237305,32.133331298828125,876600
2017-08-08,31.029537200927734,32.57666778564453,31.950000762939453,32.25,1404900
2017-08-09,31.128948211669922,32.38666534423828,31.82666778564453,32.35333251953125,720900
2017-08-10,30.558076858520508,32.383331298828125,31.71666717529297,31.760000228881836,924900
2017-08-11,30.878793716430664,32.23666763305664,31.753332138061523,32.09333419799805,1135800
2017-08-14,31.347036361694336,32.7599983215332,32.25,32.58000183105469,870300
2017-08-15,31.302139282226562,32.87666702270508,32.51333236694336,32.53333282470703,870300
2017-08-16,31.071224212646484,33.116668701171875,32.27000045776367,32.293331146240234,1757700
2017-08-17,30.606178283691406,32.25666809082031,31.786666870117188,31.809999465942383,1092300
2017-08-18,30.400920867919922,31.84666633605957,31.573333740234375,31.59666633605957,969900
2017-08-21,30.089818954467773,31.68666648864746,31.10333251953125,31.273332595825195,1728300
2017-08-22,30.48751449584961,31.75666618347168,31.203332901000977,31.68666648864746,1204200
2017-08-23,30.070581436157227,31.56999969482422,31.246667861938477,31.253332138061523,970800
2017-08-24,30.016061782836914,31.496667861938477,31.09666633605957,31.196666717529297,987900
2017-08-25,30.60297393798828,32.026668548583984,31.323333740234375,31.80666732788086,1013100
2017-08-28,31.180265426635742,32.436668395996094,31.799999237060547,32.40666580200195,1477500
2017-08-29,31.799243927001953,33.16666793823242,32.11000061035156,33.04999923706055,1762200
2017-08-30,32.116764068603516,33.65666580200195,33.043331146240234,33.380001068115234,2083500
2017-08-31,32.039798736572266,33.49333190917969,32.96666717529297,33.29999923706055,1506600
2017-09-01,32.16822052001953,33.58000183105469,33.13666534423828,33.400001525878906,1082700
2017-09-05,32.181053161621094,33.52000045776367,33.106666564941406,33.413333892822266,1321500
2017-09-06,32.139312744140625,33.70000076293945,33.150001525878906,33.369998931884766,1134000
2017-09-07,32.174625396728516,33.63666534423828,33.246665954589844,33.40666580200195,864300
2017-09-08,32.723609924316406,34.119998931884766,33.130001068115234,33.97666549682617,1297800
2017-09-11,32.7364387512207,34.163333892822266,33.83000183105469,33.9900016784668,1073700
2017-09-12,32.688297271728516,34.143333435058594,33.79666519165039,33.939998626708984,1255800
2017-09-13,32.30305480957031,33.956668853759766,33.38666534423828,33.540000915527344,1071600
2017-09-14,32.09757995605469,33.63666534423828,33.22999954223633,33.32666778564453,1219500
2017-09-15,32.209938049316406,33.57666778564453,33.16666793823242,33.44333267211914,2118600
2017-09-18,32.57914733886719,33.939998626708984,33.540000915527344,33.82666778564453,1242300
2017-09-19,32.89054489135742,34.3033332824707,33.8466682434082,34.150001525878906,1597500
2017-09-20,33.35927200317383,35.09000015258789,34.21666717529297,34.63666534423828,1809300
2017-09-21,33.51337432861328,34.9033317565918,34.503334045410156,34.79666519165039,1159800
2017-09-22,33.966026306152344,35.28666687011719,34.753334045410156,35.266666412353516,1261500
2017-09-25,34.28385925292969,35.650001525878906,35.21333312988281,35.5966682434082,1466100
2017-09-26,34.5278434753418,35.93333435058594,35.496665954589844,35.849998474121094,1017300
2017-09-27,34.941986083984375,36.436668395996094,35.83333206176758,36.279998779296875,1458900
2017-09-28,34.91309356689453,36.37333297729492,36.08333206176758,36.25,1141800
2017-09-29,35.349727630615234,36.81666564941406,36.30666732788086,36.70333480834961,1748100
2017-10-02,35.208473205566406,36.81666564941406,36.28666687011719,36.55666732788086,1355100
2017-10-03,34.99015426635742,36.779998779296875,36.20000076293945,36.33000183105469,1253100
2017-10-04,34.68516540527344,36.44333267211914,35.983333587646484,36.01333236694336,1629900
2017-10-05,34.66911315917969,36.01333236694336,35.483333587646484,35.996665954589844,1783800
2017-10-06,34.92272186279297,36.380001068115234,36.029998779296875,36.2599983215332,1312500
2017-10-09,34.92915344238281,36.599998474121094,36.0,36.266666412353516,1229700
2017-10-10,34.79111099243164,36.18333435058594,35.83333206176758,36.12333297729492,2347800
2017-10-11,34.80394744873047,36.36000061035156,36.06666564941406,36.13666534423828,1348200
2017-10-12,35.12499237060547,36.59333419799805,36.11000061035156,36.470001220703125,2036100
2017-10-13,34.50538635253906,36.52000045776367,35.746665954589844,35.82666778564453,1684800
2017-10-16,34.75257873535156,36.12333297729492,35.400001525878906,36.08333206176758,1851300
2017-10-17,34.656272888183594,36.163333892822266,35.893333435058594,35.983333587646484,1294800
2017-10-18,35.202030181884766,36.630001068115234,36.10333251953125,36.54999923706055,1257000
2017-10-19,35.51665115356445,36.936668395996094,36.05666732788086,36.87666702270508,1240200
2017-10-20,36.117000579833984,37.5,36.970001220703125,37.5,1184400
2017-10-23,35.89226531982422,37.6533317565918,37.20333480834961,37.266666412353516,1219200
2017-10-24,36.05601501464844,37.71333312988281,37.366668701171875,37.436668395996094,1251300
2017-10-25,35.64507293701172,37.78666687011719,36.563331604003906,37.0099983215332,2491200
2017-10-26,37.63552474975586,39.3033332824707,37.13666534423828,39.07666778564453,3285900
2017-10-27,39.757598876953125,41.37666702270508,39.02333450317383,41.279998779296875,3201900
2017-10-30,38.720638275146484,41.25,40.130001068115234,40.20333480834961,2130900
2017-10-31,38.8875846862793,40.53333282470703,40.07666778564453,40.37666702270508,2182800
2017-11-01,38.51518249511719,40.86333465576172,39.81666564941406,39.9900016784668,1738800
2017-11-02,38.98389434814453,40.65666580200195,39.38666534423828,40.47666549682617,1533000
2017-11-03,38.8554801940918,40.606666564941406,40.143333435058594,40.34333419799805,962400
2017-11-06,38.73027038574219,40.5533332824707,40.086666107177734,40.21333312988281,1216800
2017-11-07,38.91647720336914,40.48666763305664,39.939998626708984,40.40666580200195,1102500
2017-11-08,38.82978820800781,40.46333312988281,39.81999969482422,40.31666564941406,2687400
2017-11-09,38.239078521728516,40.3033332824707,39.473331451416016,39.70333480834961,1381800
2017-11-10,38.17165756225586,39.869998931884766,39.40999984741211,39.633331298828125,1737900
2017-11-13,37.95976638793945,39.78666687011719,39.26333236694336,39.413333892822266,2390700
2017-11-14,38.2133903503418,39.83000183105469,38.869998931884766,39.676666259765625,2235300
2017-11-15,37.6644172668457,39.643333435058594,38.956668853759766,39.106666564941406,1438800
2017-11-16,38.2326545715332,39.87666702270508,39.10333251953125,39.6966667175293,997500
2017-11-17,38.194129943847656,39.869998931884766,39.290000915527344,39.65666580200195,1866900
2017-11-20,38.662845611572266,40.15999984741211,39.619998931884766,40.143333435058594,827700
2017-11-21,39.55854797363281,41.09000015258789,40.1533317565918,41.073333740234375,1695000
2017-11-22,39.57139205932617,41.2400016784668,40.733333587646484,41.086666107177734,1148700
2017-11-24,39.507179260253906,41.52000045776367,40.856666564941406,41.02000045776367,568500
2017-11-27,39.59708023071289,41.33000183105469,40.84333419799805,41.11333465576172,1445100
2017-11-28,40.08827590942383,41.663333892822266,40.9900016784668,41.62333297729492,1839600
2017-11-29,40.78813934326172,42.37666702270508,41.650001525878906,42.349998474121094,2334600
2017-11-30,41.49122619628906,43.28666687011719,41.996665954589844,43.08000183105469,10765200
2017-12-01,40.903709411621094,43.189998626708984,41.26333236694336,42.470001220703125,2054100
2017-12-04,41.0096549987793,43.56999969482422,41.93333435058594,42.58000183105469,2337300
2017-12-05,40.90040969848633,43.323333740234375,41.93333435058594,42.43333435058594,2164200
2017-12-06,41.31488037109375,43.01333236694336,42.33333206176758,42.86333465576172,2918700
2017-12-07,41.649024963378906,43.246665954589844,42.68000030517578,43.209999084472656,3238800
2017-12-08,41.92853546142578,43.79666519165039,43.163333892822266,43.5,2294400
2017-12-11,41.32131576538086,43.540000915527344,42.68333435058594,42.869998931884766,1678800
2017-12-12,41.46909713745117,43.189998626708984,42.79666519165039,43.02333450317383,1380600
2017-12-13,41.44660186767578,43.51333236694336,42.95333480834961,43.0,1941600
2017-12-14,41.1606559753418,43.29999923706055,42.563331604003906,42.70333480834961,1503000
2017-12-15,41.584754943847656,43.48666763305664,42.723331451416016,43.143333435058594,2114400
2017-12-18,41.546199798583984,43.560001373291016,42.81999969482422,43.10333251953125,1866300
2017-12-19,41.69721603393555,43.28666687011719,42.689998626708984,43.2599983215332,1428900
2017-12-20,41.555850982666016,43.52000045776367,43.06666564941406,43.11333465576172,2256000
2017-12-21,41.629737854003906,43.413333892822266,42.456668853759766,43.189998626708984,2512200
2017-12-22,42.628963470458984,44.4033317565918,43.043331146240234,44.22666549682617,2237400
2017-12-26,42.60326385498047,44.33000183105469,44.016666412353516,44.20000076293945,1324800
2017-12-27,42.92776107788086,44.689998626708984,44.24333190917969,44.53666687011719,1392900
2017-12-28,42.6642951965332,44.54666519165039,43.75666809082031,44.26333236694336,1274400
2017-12-29,42.265899658203125,44.49333190917969,43.80666732788086,43.849998474121094,928500
2018-01-02,43.194435119628906,44.83000183105469,43.849998474121094,44.813331604003906,1587600
2018-01-03,43.23941421508789,45.0,44.66666793823242,44.86000061035156,1880400
2018-01-04,43.49323272705078,45.383331298828125,44.733333587646484,45.12333297729492,2076600
2018-01-05,43.888423919677734,45.630001068115234,45.06666564941406,45.53333282470703,1057200
2018-01-08,44.32539749145508,46.08333206176758,45.503334045410156,45.98666763305664,1644000
2018-01-09,44.810543060302734,46.69333267211914,45.92333221435547,46.4900016784668,1921200
2018-01-10,44.302886962890625,46.41999816894531,45.68000030517578,45.96333312988281,2781000
2018-01-11,45.23784637451172,47.0,45.970001220703125,46.93333435058594,1323000
2018-01-12,45.80974578857422,47.58000183105469,46.79999923706055,47.526668548583984,1107300
2018-01-16,45.68124008178711,48.143333435058594,47.13666534423828,47.393333435058594,2685600
2018-01-17,46.45876693725586,48.24333190917969,47.54999923706055,48.20000076293945,1407600
2018-01-18,46.869998931884766,48.790000915527344,48.043331146240234,48.62666702270508,1460700
2018-01-19,47.54150390625,49.3466682434082,48.616668701171875,49.323333740234375,1299900
2018-01-22,47.904563903808594,49.70000076293945,48.78666687011719,49.70000076293945,1920600
2018-01-23,47.94632339477539,50.0,49.413333892822266,49.74333190917969,1465800
2018-01-24,47.64753723144531,49.913333892822266,49.11000061035156,49.43333435058594,2494800
2018-01-25,47.763206481933594,49.99333190917969,49.150001525878906,49.5533332824707,1585200
2018-01-26,48.16802215576172,50.05666732788086,49.253334045410156,49.973331451416016,1135500
2018-01-29,47.54150390625,50.10333251953125,49.150001525878906,49.323333740234375,1597500
2018-01-30,47.16559600830078,49.233333587646484,48.37666702270508,48.93333435058594,1211400
2018-01-31,47.05314254760742,49.98666763305664,48.686668395996094,48.81666564941406,1704900
2018-02-01,47.3101692199707,49.27333450317383,48.23666763305664,49.08333206176758,1409400
2018-02-02,46.61619186401367,49.293331146240234,47.9466667175293,48.36333465576172,1811700
2018-02-05,44.7430534362793,48.66999816894531,46.16666793823242,46.41999816894531,2822400
2018-02-06,45.10612487792969,46.936668395996094,44.336666107177734,46.79666519165039,4912800
2018-02-07,45.6265983581543,47.633331298828125,46.496665954589844,47.336666107177734,1782600
2018-02-08,42.31731033325195,47.33000183105469,43.82666778564453,43.9033317565918,3500700
2018-02-09,41.81288528442383,44.97999954223633,42.82666778564453,43.380001068115234,4769400
2018-02-12,42.42976379394531,44.313331604003906,43.20000076293945,44.02000045776367,1754700
2018-02-13,43.567134857177734,45.28666687011719,43.48666763305664,45.20000076293945,2024700
2018-02-14,44.505306243896484,46.33000183105469,44.63666534423828,46.17333221435547,1809600
2018-02-15,43.84022903442383,46.599998474121094,44.80666732788086,45.483333587646484,1807800
2018-02-16,43.90127944946289,45.900001525878906,45.133331298828125,45.54666519165039,1413300
2018-02-20,43.4482536315918,45.83000183105469,44.973331451416016,45.07666778564453,1524000
2018-02-21,43.888423919677734,46.380001068115234,45.07666778564453,45.53333282470703,1999800
2018-02-22,44.7012939453125,46.97666549682617,45.573333740234375,46.37666702270508,1414800
2018-02-23,44.82338333129883,46.723331451416016,45.08000183105469,46.503334045410156,1232400
2018-02-26,45.23784637451172,47.133331298828125,46.71333312988281,46.93333435058594,1480800
2018-02-27,44.608116149902344,47.529998779296875,46.253334045410156,46.279998779296875,1057800
2018-02-28,44.63382339477539,47.086666107177734,46.23666763305664,46.30666732788086,2066400
2018-03-01,44.28361129760742,46.9900016784668,45.40666580200195,45.94333267211914,1788000
2018-03-02,44.59204864501953,46.34333419799805,44.776668548583984,46.26333236694336,2177700
2018-03-05,44.47627639770508,46.380001068115234,45.3033332824707,46.099998474121094,1768800
2018-03-06,44.85254669189453,47.0099983215332,46.19333267211914,46.4900016784668,1924500
2018-03-07,45.67583084106445,47.413333892822266,46.0099983215332,47.34333419799805,2662500
2018-03-08,45.83018112182617,47.8033332824707,46.83333206176758,47.503334045410156,1660800
2018-03-09,47.46388244628906,49.51333236694336,47.97666549682617,49.1966667175293,1827000
2018-03-12,47.56035232543945,50.18000030517578,49.029998779296875,49.29666519165039,1144200
2018-03-13,47.740440368652344,49.97999954223633,49.176666259765625,49.483333587646484,2247300
2018-03-14,46.93646240234375,49.81666564941406,48.61000061035156,48.650001525878906,1432200
2018-03-15,47.3127326965332,49.38666534423828,48.46666717529297,49.040000915527344,1705500
2018-03-16,47.29986572265625,49.58333206176758,48.90999984741211,49.026668548583984,3381900
2018-03-19,47.553924560546875,49.56999969482422,48.77000045776367,49.290000915527344,1799100
2018-03-20,48.226051330566406,50.46333312988281,49.233333587646484,49.98666763305664,1788300
2018-03-21,48.422218322753906,50.83333206176758,49.6966667175293,50.189998626708984,1585200
2018-03-22,47.15837478637695,50.16999816894531,48.82666778564453,48.880001068115234,1484400
2018-03-23,46.22574234008789,48.93333435058594,47.78333282470703,47.913333892822266,1457400
2018-03-26,47.483177185058594,49.41666793823242,48.07666778564453,49.21666717529297,1692900
2018-03-27,45.9073600769043,49.58000183105469,47.426666259765625,47.58333206176758,1705800
2018-03-28,45.7015380859375,47.9033317565918,46.439998626708984,47.369998931884766,1568400
2018-03-29,47.26447677612305,49.46333312988281,47.503334045410156,48.9900016784668,1600200
2018-04-02,45.52788543701172,49.48666763305664,46.7599983215332,47.189998626708984,1850400
2018-04-03,46.486244201660156,48.63666534423828,47.4900016784668,48.18333435058594,2177400
2018-04-04,47.03938293457031,48.84333419799805,47.063331604003906,48.75666809082031,2271600
2018-04-05,46.64381790161133,49.06999969482422,47.61000061035156,48.3466682434082,1885800
2018-04-06,45.29312515258789,48.150001525878906,46.426666259765625,46.9466667175293,1678200
2018-04-09,45.077659606933594,47.72666549682617,46.62666702270508,46.723331451416016,1727700
2018-04-10,45.84947967529297,47.996665954589844,47.14666748046875,47.52333450317383,1735500
2018-04-11,45.95561218261719,47.93333435058594,47.220001220703125,47.633331298828125,976200
2018-04-12,46.75636672973633,48.59333419799805,47.529998779296875,48.46333312988281,1683300
2018-04-13,46.325439453125,48.9033317565918,47.79999923706055,48.016666412353516,1082700
2018-04-16,47.49282455444336,49.483333587646484,48.08000183105469,49.22666549682617,1546500
2018-04-17,48.10063171386719,50.0,49.133331298828125,49.856666564941406,1099200
2018-04-18,48.55729293823242,50.60333251953125,49.94333267211914,50.33000183105469,1124100
2018-04-19,48.20353698730469,50.336666107177734,49.76333236694336,49.96333312988281,549900
2018-04-20,47.759735107421875,50.133331298828125,49.27333450317383,49.503334045410156,1233600
2018-04-23,47.75008773803711,49.95000076293945,49.34333419799805,49.49333190917969,1259700
2018-04-24,45.781951904296875,50.413333892822266,47.13666534423828,47.45333480834961,2460600
2018-04-25,45.605072021484375,48.0,46.67333221435547,47.27000045776367,2625900
2018-04-26,42.74932861328125,46.79999923706055,43.29999923706055,44.310001373291016,4499400
2018-04-27,43.09020233154297,44.79999923706055,43.66999816894531,44.663333892822266,1814400
2018-04-30,43.04841232299805,45.5533332824707,44.606666564941406,44.619998931884766,2457000
2018-05-01,42.36983871459961,44.793331146240234,43.630001068115234,43.91666793823242,2207700
2018-05-02,42.78470993041992,44.81999969482422,43.41999816894531,44.3466682434082,2161200
2018-05-03,42.82651138305664,44.66666793823242,43.616668701171875,44.38999938964844,2196300
2018-05-04,43.19313430786133,45.13666534423828,44.026668548583984,44.77000045776367,1286400
2018-05-07,44.3572883605957,46.189998626708984,45.02000045776367,45.97666549682617,1921500
2018-05-08,45.479644775390625,48.45333480834961,46.08333206176758,47.13999938964844,6260100
2018-05-09,46.55698776245117,48.276668548583984,47.12333297729492,48.25666809082031,2286000
2018-05-10,46.653465270996094,48.64666748046875,48.21666717529297,48.356666564941406,1615500
2018-05-11,47.303070068359375,49.31666564941406,48.526668548583984,49.029998779296875,1451700
2018-05-14,47.0425910949707,49.439998626708984,48.650001525878906,48.7599983215332,1317000
2018-05-15,46.52161407470703,48.81666564941406,48.05666732788086,48.220001220703125,1595700
2018-05-16,46.83677673339844,48.96333312988281,48.246665954589844,48.54666519165039,1098300
2018-05-17,47.068328857421875,49.29666519165039,48.400001525878906,48.78666687011719,1147800
2018-05-18,47.35775375366211,49.27000045776367,48.686668395996094,49.086666107177734,1737600
2018-05-21,48.59587860107422,50.58000183105469,49.356666564941406,50.369998931884766,1606800
2018-05-22,47.6857795715332,50.619998931884766,49.37333297729492,49.426666259765625,864000
2018-05-23,48.209983825683594,50.0099983215332,48.74333190917969,49.970001220703125,1317000
2018-05-24,49.37736129760742,51.380001068115234,50.05666732788086,51.18000030517578,1996200
2018-05-25,49.58638000488281,51.663333892822266,50.66666793823242,51.39666748046875,1235100
2018-05-29,49.75040054321289,51.77333450317383,50.95333480834961,51.56666564941406,1694400
2018-05-30,50.946720123291016,53.253334045410156,51.790000915527344,52.80666732788086,1844700
2018-05-31,50.155616760253906,53.21666717529297,51.723331451416016,51.98666763305664,1757700
2018-06-01,51.249019622802734,53.21333312988281,52.116668701171875,53.119998931884766,1744800
2018-06-04,49.563873291015625,53.45333480834961,51.13666534423828,51.37333297729492,1968300
2018-06-05,49.692623138427734,52.62666702270508,50.34000015258789,51.46333312988281,1924800
2018-06-06,50.7097053527832,52.56999969482422,50.96333312988281,52.516666412353516,1602900
2018-06-07,50.9189338684082,52.96666717529297,52.0,52.733333587646484,1080900
2018-06-08,51.70427322387695,53.68000030517578,52.586666107177734,53.54666519165039,1232400
2018-06-11,52.04222869873047,54.34000015258789,53.59000015258789,53.89666748046875,1722600
2018-06-12,52.53146743774414,54.70000076293945,53.91666793823242,54.4033317565918,1295100
2018-06-13,52.125919342041016,54.62666702270508,53.96333312988281,53.983333587646484,1785600
2018-06-14,51.588409423828125,54.106666564941406,52.849998474121094,53.426666259765625,2297700
2018-06-15,52.016475677490234,54.01333236694336,52.64666748046875,53.869998931884766,3028800
2018-06-18,51.8137092590332,54.356666564941406,53.26333236694336,53.65999984741211,1795200
2018-06-19,51.36953353881836,53.5,52.366668701171875,53.20000076293945,2086800
2018-06-20,52.48638916015625,54.45000076293945,52.836666107177734,54.356666564941406,1268400
2018-06-21,51.75577163696289,54.38999938964844,53.176666259765625,53.599998474121094,979200
2018-06-22,50.79017639160156,54.150001525878906,52.5533332824707,52.599998474121094,3552000
2018-06-25,49.33534622192383,52.33333206176758,50.74333190917969,51.09333419799805,1847400
2018-06-26,49.21304702758789,51.560001373291016,50.689998626708984,50.96666717529297,1830900
2018-06-27,48.31825637817383,51.48666763305664,49.983333587646484,50.040000915527344,1328100
2018-06-28,48.2474479675293,50.1966667175293,49.24333190917969,49.96666717529297,1290600
2018-06-29,47.94490051269531,50.85333251953125,49.606666564941406,49.6533317565918,1904400
2018-07-02,47.99638748168945,50.12333297729492,49.13666534423828,49.706668853759766,2501400
2018-07-03,47.45566177368164,50.336666107177734,48.959999084472656,49.14666748046875,950100
2018-07-05,47.09839630126953,49.913333892822266,48.2400016784668,48.776668548583984,1955700
2018-07-06,47.43958282470703,49.91999816894531,48.650001525878906,49.130001068115234,1248300
2018-07-09,48.8943977355957,50.663333892822266,49.413333892822266,50.63666534423828,1399500
2018-07-10,47.642337799072266,51.369998931884766,49.003334045410156,49.34000015258789,1865700
2018-07-11,46.9567756652832,48.88999938964844,47.973331451416016,48.630001068115234,2557800
2018-07-12,47.4653205871582,49.28666687011719,48.4466667175293,49.15666580200195,1565400
2018-07-13,47.729248046875,49.83000183105469,48.970001220703125,49.43000030517578,1650900
2018-07-16,46.010501861572266,49.956668853759766,46.8033332824707,47.650001525878906,3088800
2018-07-17,46.92136764526367,48.85333251953125,47.40999984741211,48.59333419799805,1982700
2018-07-18,47.72281265258789,49.83333206176758,48.529998779296875,49.42333221435547,2529000
2018-07-19,48.00605773925781,50.133331298828125,48.53333282470703,49.71666717529297,2097300
2018-07-20,47.989959716796875,50.12666702270508,49.34000015258789,49.70000076293945,1599300
2018-07-23,48.60472869873047,50.686668395996094,49.6533317565918,50.336666107177734,1348500
2018-07-24,45.872093200683594,50.82666778564453,46.560001373291016,47.50666809082031,3571500
2018-07-25,47.62302780151367,49.436668395996094,47.356666564941406,49.31999969482422,2518800
2018-07-26,46.40317153930664,49.80666732788086,44.63999938964844,48.05666732788086,5472000
2018-07-27,46.3001708984375,49.483333587646484,47.15999984741211,47.95000076293945,2151000
2018-07-30,46.023372650146484,48.40666580200195,47.47666549682617,47.663333892822266,1299300
2018-07-31,47.24966812133789,49.27000045776367,47.709999084472656,48.93333435058594,1423500
2018-08-01,46.42892074584961,49.28666687011719,47.310001373291016,48.08333206176758,1912200
2018-08-02,47.58440017700195,49.413333892822266,47.81999969482422,49.279998779296875,1627800
2018-08-03,46.90850067138672,49.36333465576172,48.16666793823242,48.58000183105469,1508400
2018-08-06,47.146671295166016,48.93000030517578,48.15666580200195,48.82666778564453,1620900
2018-08-07,47.17241668701172,49.220001220703125,48.48666763305664,48.85333251953125,1590600
2018-08-08,47.3784065246582,49.209999084472656,48.33333206176758,49.06666564941406,1164000
2018-08-09,47.34623336791992,49.65999984741211,48.630001068115234,49.03333282470703,810900
2018-08-10,47.17885971069336,49.25666809082031,48.383331298828125,48.86000061035156,648600
2018-08-13,46.4321403503418,48.96666717529297,47.9900016784668,48.086666107177734,1077300
2018-08-14,46.77330780029297,48.83000183105469,48.060001373291016,48.439998626708984,1286700
2018-08-15,46.651004791259766,48.56999969482422,46.836666107177734,48.313331604003906,1423200
2018-08-16,47.050113677978516,49.56666564941406,48.48666763305664,48.72666549682617,961200
2018-08-17,47.24966812133789,49.02000045776367,48.1966667175293,48.93333435058594,1203600
2018-08-20,47.822601318359375,49.81999969482422,48.66666793823242,49.526668548583984,1458600
2018-08-21,48.144447326660156,50.40666580200195,49.5,49.86000061035156,1283100
2018-08-22,47.935237884521484,49.893333435058594,49.41999816894531,49.643333435058594,777000
2018-08-23,47.55222702026367,49.793331146240234,49.060001373291016,49.246665954589844,816900
2018-08-24,47.20461654663086,49.54999923706055,48.866668701171875,48.88666534423828,1003200
2018-08-27,48.01571273803711,49.936668395996094,49.133331298828125,49.72666549682617,2024400
2018-08-28,48.01571273803711,50.15999984741211,49.529998779296875,49.72666549682617,1177200
2018-08-29,49.23235321044922,51.1966667175293,49.58333206176758,50.98666763305664,1711500
2018-08-30,49.29994583129883,51.56999969482422,50.663333892822266,51.05666732788086,1216500
2018-08-31,49.0521125793457,51.106666564941406,49.03333282470703,50.79999923706055,2046900
2018-09-04,49.72480773925781,51.67333221435547,50.55666732788086,51.496665954589844,1351500
2018-09-05,51.14864730834961,53.12666702270508,51.3033332824707,52.926666259765625,2280900
2018-09-06,53.26507568359375,55.29666519165039,51.06666564941406,55.116668701171875,3124500
2018-09-07,53.2103157043457,56.313331604003906,54.63999938964844,55.060001373291016,1917900
2018-09-10,53.983436584472656,56.676666259765625,55.456668853759766,55.86000061035156,2559300
2018-09-11,54.1284065246582,56.7400016784668,55.46333312988281,56.0099983215332,2315100
2018-09-12,53.670963287353516,56.040000915527344,54.383331298828125,55.53666687011719,1577100
2018-09-13,53.59687042236328,56.00666809082031,54.6966667175293,55.459999084472656,1205400
2018-09-14,53.43902587890625,56.233333587646484,54.893333435058594,55.29666519165039,1695600
2018-09-17,52.22779083251953,56.650001525878906,53.35333251953125,54.043331146240234,2120700
2018-09-18,52.45973587036133,54.75666809082031,53.540000915527344,54.28333282470703,1789200
2018-09-19,51.91532516479492,54.67333221435547,53.22666549682617,53.720001220703125,2316000
2018-09-20,50.95858383178711,53.95333480834961,52.59333419799805,52.72999954223633,2619600
2018-09-21,50.501163482666016,53.060001373291016,51.92333221435547,52.25666809082031,4052700
2018-09-24,50.942481994628906,52.75666809082031,51.356666564941406,52.71333312988281,2555700
2018-09-25,51.541656494140625,53.38666534423828,52.20000076293945,53.33333206176758,2758800
2018-09-26,52.028076171875,54.560001373291016,53.029998779296875,53.836666107177734,1332600
2018-09-27,51.75748062133789,54.290000915527344,53.366668701171875,53.55666732788086,1109100
2018-09-28,51.94755172729492,53.88999938964844,53.13666534423828,53.753334045410156,1029900
2018-10-01,52.0538444519043,54.503334045410156,53.560001373291016,53.86333465576172,1056900
2018-10-02,50.3561897277832,53.8033332824707,52.073333740234375,52.106666564941406,1452000
2018-10-03,50.507591247558594,52.73666763305664,51.94333267211914,52.26333236694336,1251900
2018-10-04,49.7602424621582,52.63666534423828,51.133331298828125,51.4900016784668,1131000
2018-10-05,48.92268753051758,51.606666564941406,49.69333267211914,50.62333297729492,2041200
2018-10-08,48.56190490722656,50.823333740234375,49.5533332824707,50.25,1462500
2018-10-09,47.80488586425781,50.66666793823242,49.34000015258789,49.46666717529297,1752600
2018-10-10,44.77680587768555,49.606666564941406,46.21333312988281,46.33333206176758,4171500
2018-10-11,43.91026306152344,46.95333480834961,45.37333297729492,45.436668395996094,1983900
2018-10-12,43.994022369384766,46.586666107177734,45.003334045410156,45.52333450317383,2394300
2018-10-15,43.675106048583984,45.93000030517578,44.84333419799805,45.19333267211914,2022600
2018-10-16,44.77680587768555,46.393333435058594,45.206668853759766,46.33333206176758,2271900
2018-10-17,43.68476104736328,46.29999923706055,45.01333236694336,45.20333480834961,1580400
2018-10-18,42.570186614990234,45.456668853759766,43.970001220703125,44.04999923706055,1976100
2018-10-19,42.54118728637695,44.8033332824707,43.77333450317383,44.02000045776367,2171400
2018-10-22,42.24482345581055,44.0099983215332,42.650001525878906,43.71333312988281,2375100
2018-10-23,41.36861801147461,43.31999969482422,42.05666732788086,42.80666732788086,1866300
2018-10-24,39.786930084228516,43.4033317565918,41.01333236694336,41.16999816894531,2779200
2018-10-25,40.17671203613281,43.64666748046875,40.38666534423828,41.573333740234375,4705200
2018-10-26,40.07041931152344,41.71666717529297,40.03333282470703,41.46333312988281,2293500
2018-10-29,38.85274887084961,42.49333190917969,39.57666778564453,40.20333480834961,1665300
2018-10-30,40.65668869018555,42.276668548583984,40.70000076293945,42.06999969482422,2341500
2018-10-31,42.012882232666016,43.65999984741211,42.473331451416016,43.473331451416016,3456600
2018-11-01,43.03084182739258,44.723331451416016,43.220001220703125,44.526668548583984,2524500
2018-11-02,43.0340576171875,45.62333297729492,43.926666259765625,44.529998779296875,1982700
2018-11-05,43.085594177246094,44.98666763305664,43.53666687011719,44.58333206176758,1739400
2018-11-06,44.05200958251953,45.790000915527344,44.43333435058594,45.58333206176758,2188500
2018-11-07,45.20524978637695,47.11333465576172,46.06666564941406,46.776668548583984,2215800
2018-11-08,44.43534851074219,47.4466667175293,45.459999084472656,45.97999954223633,1776900
2018-11-09,43.485050201416016,45.689998626708984,44.220001220703125,44.996665954589844,2688300
2018-11-12,42.66038513183594,45.30666732788086,44.04666519165039,44.143333435058594,1719900
2018-11-13,42.36723327636719,44.97999954223633,43.5966682434082,43.84000015258789,1690500
2018-11-14,42.9180908203125,44.86000061035156,43.95000076293945,44.40999984741211,1379700
2018-11-15,43.84262466430664,45.66666793823242,44.01333236694336,45.366668701171875,1523400
2018-11-16,43.375526428222656,45.540000915527344,44.48666763305664,44.883331298828125,1244700
2018-11-19,43.26599884033203,45.43333435058594,44.0099983215332,44.77000045776367,1612500
2018-11-20,40.89507293701172,44.119998931884766,42.279998779296875,42.31666564941406,1954800
2018-11-21,41.77450180053711,43.540000915527344,42.106666564941406,43.22666549682617,1486500
2018-11-23,41.578006744384766,43.563331604003906,42.66666793823242,43.02333450317383,693600
2018-11-26,42.96319580078125,44.62666702270508,43.37333297729492,44.456668853759766,1958700
2018-11-27,42.73124313354492,44.51333236694336,43.65666580200195,44.21666717529297,2539800
2018-11-28,44.23240661621094,45.82666778564453,44.15999984741211,45.77000045776367,1295700
2018-11-29,43.49148941040039,45.66666793823242,44.78666687011719,45.003334045410156,1353900
2018-11-30,44.045562744140625,46.26333236694336,44.823333740234375,45.57666778564453,2456700
2018-12-03,43.646114349365234,46.66666793823242,44.93333435058594,45.163333892822266,1272900
2018-12-04,41.77129364013672,44.86333465576172,41.900001525878906,43.223331451416016,3018900
2018-12-06,43.270721435546875,44.866668701171875,41.97666549682617,44.72999954223633,3108900
2018-12-07,41.51655197143555,45.40666580200195,42.64666748046875,42.91666793823242,2372400
2018-12-10,41.83900833129883,43.5533332824707,42.1533317565918,43.25,2499900
2018-12-11,41.8228874206543,44.380001068115234,42.87333297729492,43.233333587646484,1817100
2018-12-12,41.9937858581543,44.27333450317383,43.400001525878906,43.40999984741211,1719900
2018-12-13,40.79745864868164,43.53666687011719,41.91666793823242,42.17333221435547,1212000
2018-12-14,39.801063537597656,42.630001068115234,40.970001220703125,41.143333435058594,1669500
2018-12-17,40.12029266357422,42.02000045776367,40.573333740234375,41.473331451416016,1654200
2018-12-18,40.426639556884766,42.53666687011719,41.279998779296875,41.790000915527344,1275000
2018-12-19,39.304473876953125,42.44333267211914,40.436668395996094,40.630001068115234,1415100
2018-12-20,38.94009780883789,41.23666763305664,39.74333190917969,40.253334045410156,1451400
2018-12-21,38.478981018066406,41.233333587646484,39.586666107177734,39.776668548583984,3051600
2018-12-24,37.26976013183594,39.526668548583984,38.46666717529297,38.526668548583984,780600
2018-12-26,38.8433723449707,40.206668853759766,38.33333206176758,40.1533317565918,1452000
2018-12-27,39.74947738647461,41.11000061035156,39.50666809082031,41.09000015258789,1419900
2018-12-28,39.53664016723633,41.5966682434082,40.470001220703125,40.869998931884766,942000
2018-12-31,39.82042694091797,41.45000076293945,40.74333190917969,41.163333892822266,1583700
2019-01-02,39.797828674316406,41.51333236694336,40.279998779296875,41.13999938964844,1368000
2019-01-03,38.33710861206055,40.90666580200195,39.33000183105469,39.630001068115234,1034100
2019-01-04,39.65918731689453,41.15666580200195,39.68000030517578,40.996665954589844,1251900
2019-01-07,40.1170768737793,41.81999969482422,40.61000061035156,41.470001220703125,1003200
2019-01-08,41.306941986083984,42.76333236694336,41.78666687011719,42.70000076293945,1530000
2019-01-09,41.32630157470703,43.133331298828125,42.116668701171875,42.720001220703125,1471800
2019-01-10,41.29727554321289,43.043331146240234,41.753334045410156,42.689998626708984,1479000
2019-01-11,41.22311019897461,43.09000015258789,42.0099983215332,42.61333465576172,1148700
2019-01-14,40.60398483276367,42.51333236694336,41.7599983215332,41.973331451416016,1539000
2019-01-15,40.58464050292969,42.253334045410156,41.36000061035156,41.95333480834961,1017900
2019-01-16,40.85551071166992,42.71333312988281,41.48666763305664,42.233333587646484,1124400
2019-01-17,41.9937858581543,43.62666702270508,41.91999816894531,43.40999984741211,1719300
2019-01-18,44.05751419067383,45.63666534423828,43.9466667175293,45.543331146240234,1855800
2019-01-22,42.85474395751953,44.900001525878906,42.35333251953125,44.29999923706055,2760600
2019-01-23,42.22273254394531,44.58000183105469,43.189998626708984,43.64666748046875,1070700
2019-01-24,42.42909240722656,44.206668853759766,43.55666732788086,43.86000061035156,1137900
2019-01-25,43.390037536621094,45.0966682434082,44.15666580200195,44.85333251953125,833400
2019-01-28,43.74795150756836,45.38666534423828,44.26333236694336,45.223331451416016,1105800
2019-01-29,44.0317268371582,45.71333312988281,45.04999923706055,45.516666412353516,969900
2019-01-30,44.986209869384766,46.560001373291016,45.11333465576172,46.503334045410156,1502700
2019-01-31,43.83180236816406,46.540000915527344,45.220001220703125,45.310001373291016,1558500
2019-02-01,44.50251770019531,46.38666534423828,45.276668548583984,46.003334045410156,1049100
2019-02-04,45.59242248535156,47.18000030517578,45.54999923706055,47.130001068115234,1258500
2019-02-05,45.70527267456055,47.54999923706055,46.599998474121094,47.246665954589844,1506300
2019-02-06,44.818519592285156,47.65999984741211,46.16999816894531,46.33000183105469,1685400
2019-02-07,46.108360290527344,48.3466682434082,46.856666564941406,47.663333892822266,2864700
2019-02-08,45.70851516723633,48.13999938964844,46.56666564941406,47.25,1882200
2019-02-11,45.33445358276367,47.86000061035156,46.356666564941406,46.86333465576172,1589400
2019-02-12,45.74721145629883,47.78333282470703,46.856666564941406,47.290000915527344,4778400
2019-02-13,46.43404769897461,48.5533332824707,47.3466682434082,48.0,2023800
2019-02-14,46.714576721191406,48.64666748046875,47.34000015258789,48.290000915527344,1609800
2019-02-15,47.198280334472656,48.913333892822266,48.176666259765625,48.790000915527344,1291800
2019-02-19,48.217247009277344,50.08000183105469,48.56999969482422,49.84333419799805,1786800
2019-02-20,49.1749382019043,50.973331451416016,49.74333190917969,50.83333206176758,1424100
2019-02-21,49.013710021972656,51.0,50.206668853759766,50.66666793823242,2446200
2019-02-22,48.96855545043945,50.8466682434082,50.073333740234375,50.619998931884766,1736400
2019-02-25,49.004032135009766,50.97666549682617,50.5,50.65666580200195,1771200
2019-02-26,48.69124984741211,50.643333435058594,50.176666259765625,50.33333206176758,1348200
2019-02-27,48.517120361328125,50.529998779296875,49.97666549682617,50.1533317565918,1829100
2019-02-28,48.61707305908203,50.28666687011719,49.61333465576172,50.25666809082031,1369200
2019-03-01,49.21040344238281,51.30666732788086,50.18333435058594,50.869998931884766,1837800
2019-03-04,47.92702102661133,51.12666702270508,49.290000915527344,49.543331146240234,1677300
2019-03-05,47.09413528442383,49.753334045410156,48.58000183105469,48.62666702270508,1164300
2019-03-06,46.622802734375,48.79999923706055,48.05666732788086,48.13999938964844,1106100
2019-03-07,45.47676086425781,48.11333465576172,46.69333267211914,46.956668853759766,1673100
2019-03-08,46.07075881958008,47.616668701171875,46.21333312988281,47.56999969482422,1559100
2019-03-11,47.22649002075195,48.98666763305664,47.30666732788086,48.76333236694336,1441800
2019-03-12,47.24909591674805,49.13666534423828,48.1966667175293,48.78666687011719,1358700
2019-03-13,47.97221755981445,50.26333236694336,49.0,49.53333282470703,1611000
2019-03-14,47.681678771972656,49.720001220703125,49.1966667175293,49.233333587646484,1352700
2019-03-15,47.4912109375,49.68333435058594,48.83333206176758,49.03666687011719,2041800
2019-03-18,48.19820022583008,49.766666412353516,48.97999954223633,49.766666412353516,1104900
2019-03-19,46.50334167480469,49.97666549682617,47.926666259765625,48.016666412353516,1232700
2019-03-20,46.125640869140625,48.4033317565918,47.209999084472656,47.62666702270508,1219500
2019-03-21,47.07475280761719,48.793331146240234,47.099998474121094,48.606666564941406,884400
2019-03-22,46.07398223876953,48.46666717529297,47.49333190917969,47.573333740234375,1419000
2019-03-25,45.90289306640625,48.279998779296875,47.3466682434082,47.39666748046875,1219800
2019-03-26,46.62926483154297,48.28666687011719,47.483333587646484,48.14666748046875,1042800
2019-03-27,46.45170211791992,48.66666793823242,47.766666412353516,47.96333312988281,1047000
2019-03-28,46.96822738647461,48.663333892822266,47.73666763305664,48.496665954589844,1221000
2019-03-29,46.613121032714844,48.900001525878906,48.01333236694336,48.130001068115234,1380300
2019-04-01,48.188514709472656,49.90999984741211,48.15666580200195,49.75666809082031,1231500
2019-04-02,47.968990325927734,49.983333587646484,49.14666748046875,49.529998779296875,1339500
2019-04-03,48.40481185913086,50.959999084472656,49.61333465576172,49.97999954223633,1673100
2019-04-04,49.1053466796875,50.96666717529297,50.029998779296875,50.70333480834961,1330200
2019-04-05,48.98912048339844,51.33333206176758,50.439998626708984,50.58333206176758,1350000
2019-04-08,49.2925910949707,50.90666580200195,50.0,50.89666748046875,577500
2019-04-09,48.63400650024414,50.77333450317383,50.119998931884766,50.21666717529297,830100
2019-04-10,48.524253845214844,50.47666549682617,49.8466682434082,50.10333251953125,1146300
2019-04-11,49.48627853393555,51.323333740234375,50.233333587646484,51.0966682434082,1435500
2019-04-12,49.63155746459961,51.79999923706055,50.94333267211914,51.246665954589844,1140600
2019-04-15,49.22156524658203,51.72666549682617,50.61333465576172,50.823333740234375,1378200
2019-04-16,49.98343276977539,51.776668548583984,50.38666534423828,51.61000061035156,1355700
2019-04-17,50.709800720214844,52.616668701171875,51.65999984741211,52.36000061035156,1511700
2019-04-18,50.112571716308594,53.06666564941406,51.560001373291016,51.74333190917969,1408500
2019-04-22,50.319175720214844,52.163333892822266,51.26333236694336,51.956668853759766,1120500
2019-04-23,49.98021697998047,52.28666687011719,51.47999954223633,51.606666564941406,1380900
2019-04-24,51.310264587402344,53.10333251953125,51.650001525878906,52.97999954223633,2243700
2019-04-25,49.15053176879883,54.33000183105469,49.81999969482422,50.75,4652700
2019-04-26,49.673526763916016,51.72999954223633,50.33333206176758,51.290000915527344,1280100
2019-04-29,48.35639190673828,50.869998931884766,49.633331298828125,49.93000030517578,2177400
2019-04-30,48.191741943359375,49.89666748046875,48.53333282470703,49.7599983215332,1619700
2019-05-01,48.088436126708984,49.75,48.563331604003906,49.6533317565918,2437800
2019-05-02,48.4403190612793,50.293331146240234,49.08333206176758,50.016666412353516,1279800
2019-05-03,49.48627853393555,51.53333282470703,50.29666519165039,51.0966682434082,1025700
2019-05-06,49.6186408996582,51.4900016784668,49.723331451416016,51.233333587646484,1217700
2019-05-07,47.69136047363281,51.12666702270508,48.72999954223633,49.24333190917969,2195400
2019-05-08,47.00373458862305,49.619998931884766,48.45000076293945,48.53333282470703,1475400
2019-05-09,47.197425842285156,49.07666778564453,47.790000915527344,48.733333587646484,1048800
2019-05-10,47.25554275512695,49.08000183105469,47.51333236694336,48.793331146240234,1581900
2019-05-13,45.79636001586914,48.116668701171875,46.959999084472656,47.28666687011719,1697700
2019-05-14,46.58083724975586,48.709999084472656,47.383331298828125,48.0966682434082,1283700
2019-05-15,46.83586502075195,48.57666778564453,47.38999938964844,48.36000061035156,1443600
2019-05-16,47.20389175415039,49.223331451416016,48.5966682434082,48.7400016784668,1117200
2019-05-17,47.174835205078125,49.22999954223633,48.31666564941406,48.709999084472656,1803900
2019-05-20,47.42987060546875,49.5533332824707,48.10333251953125,48.973331451416016,1561800
2019-05-21,47.097354888916016,49.380001068115234,48.45333480834961,48.630001068115234,1238400
2019-05-22,46.400047302246094,48.813331604003906,47.04666519165039,47.90999984741211,1836000
2019-05-23,45.09259796142578,47.253334045410156,46.32666778564453,46.560001373291016,1508100
2019-05-24,44.7052116394043,47.0,45.81666564941406,46.15999984741211,1748700
2019-05-28,44.25324249267578,46.573333740234375,45.51333236694336,45.69333267211914,2264700
2019-05-29,43.342864990234375,45.6533317565918,44.5966682434082,44.753334045410156,1644600
2019-05-30,43.32672882080078,45.246665954589844,44.0,44.73666763305664,1732200
2019-05-31,42.755332946777344,44.85333251953125,43.869998931884766,44.14666748046875,1695600
2019-06-03,42.500301361083984,45.13666534423828,43.62333297729492,43.883331298828125,2046900
2019-06-04,43.71245574951172,45.17333221435547,44.43000030517578,45.07666778564453,1491600
2019-06-05,43.864383697509766,45.72999954223633,44.80666732788086,45.233333587646484,1034700
2019-06-06,43.760948181152344,45.22999954223633,44.3033332824707,45.12666702270508,1221600
2019-06-07,44.01308059692383,45.72999954223633,45.099998474121094,45.38666534423828,847200
2019-06-10,44.95372009277344,46.83333206176758,45.439998626708984,46.356666564941406,986700
2019-06-11,45.49353790283203,47.2599983215332,46.54999923706055,46.913333892822266,1325400
2019-06-12,45.90082931518555,47.4900016784668,46.61000061035156,47.33333206176758,1289100
2019-06-13,45.7359733581543,47.88999938964844,47.0099983215332,47.163333892822266,1160700
2019-06-14,45.91376495361328,47.46333312988281,46.336666107177734,47.3466682434082,946200
2019-06-17,44.892303466796875,47.540000915527344,46.1533317565918,46.293331146240234,901800
2019-06-18,45.52263641357422,47.5,46.34333419799805,46.94333267211914,907500
2019-06-19,45.910518646240234,47.64666748046875,46.869998931884766,47.34333419799805,1087200
2019-06-20,47.05804443359375,48.573333740234375,47.75666809082031,48.526668548583984,1062600
2019-06-21,47.184120178222656,49.4033317565918,48.206668853759766,48.65666580200195,2071500
2019-06-24,46.068912506103516,49.14666748046875,47.439998626708984,47.50666809082031,1075200
2019-06-25,45.92021942138672,48.19333267211914,46.996665954589844,47.35333251953125,1008600
2019-06-26,46.3889274597168,47.88999938964844,47.369998931884766,47.836666107177734,819600
2019-06-27,47.60109329223633,49.12666702270508,48.10333251953125,49.086666107177734,1016700
2019-06-28,48.247589111328125,50.310001373291016,49.5,49.753334045410156,4197000
2019-07-01,48.47710037231445,50.880001068115234,49.49333190917969,49.9900016784668,1128000
2019-07-02,48.024539947509766,50.459999084472656,49.33333206176758,49.52333450317383,914400
2019-07-03,48.334861755371094,50.08000183105469,49.529998779296875,49.84333419799805,580200
2019-07-05,48.49972152709961,50.11000061035156,49.276668548583984,50.01333236694336,494100
2019-07-08,47.5526123046875,49.59333419799805,48.790000915527344,49.03666687011719,1454700
2019-07-09,47.30048751831055,48.973331451416016,48.46333312988281,48.776668548583984,1122900
2019-07-10,46.085079193115234,49.246665954589844,47.426666259765625,47.52333450317383,1259100
2019-07-11,46.15941619873047,48.10333251953125,46.66999816894531,47.599998474121094,1303500
2019-07-12,48.47063064575195,50.36333465576172,47.55666732788086,49.983333587646484,1470900
2019-07-15,48.056880950927734,50.60333251953125,49.290000915527344,49.55666732788086,1055400
2019-07-16,49.605220794677734,52.233333587646484,49.56999969482422,51.1533317565918,2265300
2019-07-17,49.65046691894531,51.313331604003906,50.04999923706055,51.20000076293945,1778400
2019-07-18,49.6860237121582,51.563331604003906,50.75666809082031,51.23666763305664,1616700
2019-07-19,50.16766357421875,52.10333251953125,51.54999923706055,51.733333587646484,1249200
2019-07-22,50.48444747924805,52.46666717529297,51.66666793823242,52.060001373291016,1572000
2019-07-23,51.9616813659668,53.59333419799805,52.150001525878906,53.58333206176758,1911900
2019-07-24,53.02192687988281,54.813331604003906,53.33000183105469,54.676666259765625,3434700
2019-07-25,52.69544219970703,56.33000183105469,53.560001373291016,54.34000015258789,3884700
2019-07-26,53.283756256103516,55.32666778564453,54.43000030517578,54.9466667175293,1637100
2019-07-29,53.18354415893555,55.31666564941406,54.313331604003906,54.84333419799805,1123500
2019-07-30,53.4227409362793,55.133331298828125,53.926666259765625,55.09000015258789,1677600
2019-07-31,53.975494384765625,56.25,55.04666519165039,55.65999984741211,2256300
2019-08-01,53.804176330566406,56.45333480834961,55.12666702270508,55.483333587646484,3176100
2019-08-02,53.67811584472656,55.616668701171875,54.790000915527344,55.35333251953125,1880700
2019-08-05,52.39805221557617,54.85333251953125,53.616668701171875,54.03333282470703,3008400
2019-08-06,53.31931686401367,55.12666702270508,53.813331604003906,54.983333587646484,1560000
2019-08-07,53.82680892944336,55.66666793823242,53.866668701171875,55.50666809082031,2848200
2019-08-08,54.55409622192383,56.52000045776367,55.290000915527344,56.25666809082031,2958000
2019-08-09,53.358097076416016,55.586666107177734,54.900001525878906,55.02333450317383,1648200
2019-08-12,53.67811584472656,55.42333221435547,54.413333892822266,55.35333251953125,1646100
2019-08-13,55.52707290649414,57.290000915527344,55.223331451416016,57.2599983215332,1677000
2019-08-14,53.70397186279297,57.13999938964844,55.03666687011719,55.380001068115234,1701600
2019-08-15,52.43362808227539,56.029998779296875,53.84000015258789,54.06999969482422,2439300
2019-08-16,53.558509826660156,55.4033317565918,54.38666534423828,55.22999954223633,2094600
2019-08-19,53.60699462890625,56.473331451416016,55.25,55.279998779296875,1692300
2019-08-20,53.083343505859375,55.810001373291016,54.68000030517578,54.7400016784668,1882800
2019-08-21,53.50679016113281,55.57666778564453,54.95000076293945,55.176666259765625,1476900
2019-08-22,53.27082824707031,55.48666763305664,54.46333312988281,54.93333435058594,1210500
2019-08-23,51.37337112426758,54.79666519165039,52.80666732788086,52.97666549682617,1409700
2019-08-26,52.02309799194336,53.793331146240234,52.793331146240234,53.64666748046875,1246200
2019-08-27,51.560848236083984,54.040000915527344,53.060001373291016,53.16999816894531,854100
2019-08-28,51.86470031738281,54.18333435058594,52.30666732788086,53.483333587646484,1500000
2019-08-29,52.388370513916016,54.8033332824707,53.66666793823242,54.02333450317383,1408500
2019-08-30,52.93464279174805,54.91999816894531,54.20333480834961,54.586666107177734,1393200
2019-09-03,51.5853157043457,56.206668853759766,52.69333267211914,53.13999938964844,1716000
2019-09-04,52.19688415527344,54.186668395996094,53.233333587646484,53.77000045776367,1454700
2019-09-05,53.28736114501953,55.31666564941406,54.31666564941406,54.893333435058594,2013000
2019-09-06,53.310001373291016,55.11000061035156,54.560001373291016,54.91666793823242,893100
2019-09-09,54.04129409790039,55.7599983215332,54.41999816894531,55.66999816894531,2268300
2019-09-10,55.78539276123047,57.52000045776367,53.52000045776367,57.46666717529297,1903500
2019-09-11,56.503753662109375,58.336666107177734,57.040000915527344,58.206668853759766,1441500
2019-09-12,56.20928955078125,58.7400016784668,57.4033317565918,57.9033317565918,1280700
2019-09-13,56.27723693847656,58.32666778564453,57.62666702270508,57.973331451416016,747300
2019-09-16,56.38078689575195,58.18333435058594,56.720001220703125,58.08000183105469,950400
2019-09-17,56.303138732910156,58.150001525878906,57.349998474121094,58.0,1038900
2019-09-18,56.26753616333008,58.099998474121094,56.75,57.96333312988281,1043700
2019-09-19,55.374446868896484,58.293331146240234,56.92333221435547,57.043331146240234,1221900
2019-09-20,54.89554977416992,57.29999923706055,56.41666793823242,56.54999923706055,2534700
2019-09-23,55.10588455200195,57.01333236694336,56.470001220703125,56.766666412353516,966600
2019-09-24,54.2872200012207,57.439998626708984,55.8466682434082,55.92333221435547,1066200
2019-09-25,56.05720520019531,58.073333740234375,55.790000915527344,57.746665954589844,1466700
2019-09-26,56.47140121459961,58.52333450317383,57.46333312988281,58.17333221435547,1440600
2019-09-27,55.67538070678711,57.64666748046875,56.606666564941406,57.35333251953125,1427400
2019-09-30,54.99909973144531,57.810001373291016,56.323333740234375,56.65666580200195,1729500
2019-10-01,53.559165954589844,57.59333419799805,55.03333282470703,55.17333221435547,1248600
2019-10-02,52.339263916015625,54.93333435058594,53.52000045776367,53.91666793823242,1813200
2019-10-03,52.708133697509766,54.44333267211914,52.73666763305664,54.29666519165039,1379400
2019-10-04,52.66606903076172,55.099998474121094,53.97999954223633,54.253334045410156,1087500
2019-10-07,53.26145553588867,55.186668395996094,53.733333587646484,54.866668701171875,1761000
2019-10-08,52.34896469116211,54.96333312988281,53.83333206176758,53.926666259765625,1167300
2019-10-09,53.5171012878418,55.44333267211914,54.3466682434082,55.130001068115234,966300
2019-10-10,53.9442138671875,56.323333740234375,55.02000045776367,55.56999969482422,732900
2019-10-11,55.3323860168457,57.563331604003906,56.14666748046875,57.0,1392900
2019-10-14,55.410037994384766,57.59000015258789,56.573333740234375,57.08000183105469,657000
2019-10-15,55.998966217041016,58.18333435058594,56.51333236694336,57.686668395996094,1439400
2019-10-16,56.80791091918945,59.06999969482422,57.526668548583984,58.52000045776367,1651800
2019-10-17,57.079734802246094,59.400001525878906,58.400001525878906,58.79999923706055,1213500
2019-10-18,57.768943786621094,59.8033332824707,58.709999084472656,59.5099983215332,1495500
2019-10-21,58.20901870727539,60.606666564941406,59.56999969482422,59.96333312988281,1342500
2019-10-22,58.581146240234375,60.36000061035156,59.37333297729492,60.3466682434082,1222200
2019-10-23,59.20888137817383,61.029998779296875,59.810001373291016,60.99333190917969,1903200
2019-10-24,59.48716354370117,62.20000076293945,58.996665954589844,61.279998779296875,2748300
2019-10-25,60.38025665283203,62.543331146240234,60.09000015258789,62.20000076293945,1805400
2019-10-28,60.62941360473633,63.02333450317383,61.92333221435547,62.456668853759766,1237800
2019-10-29,61.21185302734375,63.7599983215332,62.22666549682617,63.05666732788086,1583100
2019-10-30,59.99195861816406,62.88666534423828,61.016666412353516,61.79999923706055,1609800
2019-10-31,58.917667388916016,61.58333206176758,60.369998931884766,60.69333267211914,1484100
2019-11-01,60.872093200683594,62.75,60.71666717529297,62.706668853759766,1029900
2019-11-04,61.58720397949219,63.73666763305664,62.4033317565918,63.44333267211914,1414500
2019-11-05,62.214942932128906,64.22666931152344,63.62666702270508,64.08999633789062,1103100
2019-11-06,62.496482849121094,64.4366683959961,63.586666107177734,64.37999725341797,1243200
2019-11-07,62.91065216064453,65.60333251953125,64.51667022705078,64.8066635131836,1366200
2019-11-08,62.83300018310547,65.24333190917969,64.56999969482422,64.72666931152344,703500
2019-11-11,63.22128677368164,65.21333312988281,63.95000076293945,65.12666320800781,940800
2019-11-12,63.3054313659668,65.75,64.90666961669922,65.21333312988281,907800
2019-11-13,62.952720642089844,64.9800033569336,64.0,64.8499984741211,1116300
2019-11-14,63.120975494384766,65.06666564941406,64.47000122070312,65.02333068847656,809400
2019-11-15,62.42527770996094,65.44999694824219,64.13333129882812,64.3066635131836,1480200
2019-11-18,62.48029708862305,64.61333465576172,63.77000045776367,64.36333465576172,1291200
2019-11-19,62.771522521972656,65.05999755859375,64.13666534423828,64.663330078125,1304400
2019-11-20,61.839599609375,64.73332977294922,63.52000045776367,63.70333480834961,1158900
2019-11-21,61.6163330078125,64.36666870117188,63.07666778564453,63.473331451416016,1203900
2019-11-22,61.34128189086914,63.88666534423828,63.163333892822266,63.189998626708984,1263900
2019-11-25,62.06610870361328,64.6066665649414,63.233333587646484,63.936668395996094,1333500
2019-11-26,62.794166564941406,64.94667053222656,63.71333312988281,64.6866683959961,1750200
2019-11-27,63.28925323486328,65.22666931152344,64.61333465576172,65.19667053222656,1822800
2019-11-29,61.99491882324219,65.02333068847656,63.8033332824707,63.86333465576172,549000
2019-12-02,60.276710510253906,64.0,61.939998626708984,62.09333419799805,1915200
2019-12-03,58.88402557373047,61.99333190917969,60.33333206176758,60.60333251953125,4092600
2019-12-04,58.87431335449219,61.823333740234375,60.1533317565918,60.59333419799805,3894300
2019-12-05,59.5479850769043,61.313331604003906,59.94333267211914,61.28666687011719,3447600
2019-12-06,59.6937255859375,62.723331451416016,60.93000030517578,61.436668395996094,46467600
2019-12-09,60.519615173339844,62.52000045776367,61.52333450317383,62.28666687011719,2321700
2019-12-10,60.73336410522461,62.650001525878906,61.84333419799805,62.50666809082031,1386000
2019-12-11,60.14391326904297,62.63666534423828,61.5099983215332,61.900001525878906,1863600
2019-12-12,60.72041320800781,62.59333419799805,61.52000045776367,62.49333190917969,1681800
2019-12-13,60.373863220214844,63.28666687011719,61.90999984741211,62.13666534423828,1411200
2019-12-16,60.244327545166016,62.95333480834961,61.96333312988281,62.003334045410156,1664700
2019-12-17,60.4613151550293,62.9900016784668,61.880001068115234,62.22666549682617,1511400
2019-12-18,60.124481201171875,62.40999984741211,61.349998474121094,61.880001068115234,1186200
2019-12-19,60.192501068115234,62.206668853759766,61.65999984741211,61.95000076293945,1000200
2019-12-20,60.95037078857422,62.91999816894531,61.53333282470703,62.72999954223633,3498900
2019-12-23,60.675071716308594,63.323333740234375,62.323333740234375,62.4466667175293,1177200
2019-12-24,60.88560104370117,62.8033332824707,62.336666107177734,62.663333892822266,447000
2019-12-26,60.969810485839844,62.8466682434082,62.459999084472656,62.75,543000
2019-12-27,61.190040588378906,63.2400016784668,62.61000061035156,62.97666549682617,648000
2019-12-30,61.024864196777344,63.040000915527344,62.336666107177734,62.80666732788086,792300
2019-12-31,61.46533203125,63.606666564941406,62.709999084472656,63.2599983215332,1273500
2020-01-02,62.194061279296875,64.01333618164062,62.89666748046875,64.01000213623047,1959000
2020-01-03,61.45237731933594,63.5966682434082,62.92333221435547,63.246665954589844,1860000
2020-01-06,60.966556549072266,63.026668548583984,62.02333450317383,62.746665954589844,1934700
2020-01-07,61.141456604003906,63.12333297729492,62.56666564941406,62.926666259765625,1421400
2020-01-08,61.42971420288086,63.619998931884766,62.823333740234375,63.223331451416016,1310700
2020-01-09,62.838565826416016,64.72333526611328,63.336666107177734,64.67333221435547,1816200
2020-01-10,63.79402160644531,65.99666595458984,64.61000061035156,65.65666961669922,2302200
2020-01-13,64.9729232788086,66.91666412353516,65.51667022705078,66.87000274658203,2274300
2020-01-14,66.07086181640625,68.46333312988281,66.77333068847656,68.0,2179500
2020-01-15,66.74130249023438,68.81999969482422,67.86333465576172,68.69000244140625,1368000
2020-01-16,67.68701934814453,69.74333190917969,68.9566650390625,69.663330078125,1440900
2020-01-17,67.50886535644531,70.05999755859375,68.663330078125,69.4800033569336,1460400
2020-01-21,66.53077697753906,69.73332977294922,68.3933334350586,68.47333526611328,1472400
2020-01-22,65.68220520019531,68.913330078125,67.52999877929688,67.5999984741211,1206300
2020-01-23,66.51457214355469,68.56999969482422,66.98999786376953,68.4566650390625,1251600
2020-01-24,66.22309875488281,69.01667022705078,67.58000183105469,68.15666961669922,853800
2020-01-27,64.99884796142578,67.66999816894531,66.33000183105469,66.89666748046875,1338000
2020-01-28,65.22230529785156,67.4800033569336,66.69000244140625,67.12666320800781,967500
2020-01-29,65.72105407714844,68.55000305175781,67.14666748046875,67.63999938964844,879600
2020-01-30,65.94454956054688,68.22333526611328,66.6866683959961,67.87000274658203,1122300
2020-01-31,63.55432891845703,67.7933349609375,65.21666717529297,65.41000366210938,1711200
2020-02-03,64.40290069580078,66.84333038330078,65.41666412353516,66.28333282470703,1304400
2020-02-04,66.17772674560547,68.24666595458984,67.19999694824219,68.11000061035156,1263600
2020-02-05,67.02628326416016,69.07333374023438,68.33000183105469,68.98332977294922,1478700
2020-02-06,70.55654907226562,73.27666473388672,68.52666473388672,72.61666870117188,2429400
2020-02-07,71.44398498535156,73.76667022705078,72.27999877929688,73.52999877929688,1655100
2020-02-10,71.32091522216797,73.82333374023438,72.83000183105469,73.40333557128906,1244700
2020-02-11,71.07149505615234,73.75666809082031,72.57333374023438,73.14666748046875,1073400
2020-02-12,72.18243408203125,74.58333587646484,72.90333557128906,74.29000091552734,789900
2020-02-13,72.21805572509766,74.58333587646484,73.91666412353516,74.32666778564453,631500
2020-02-14,71.87150573730469,74.5433349609375,73.76667022705078,73.97000122070312,645300
2020-02-18,72.07554626464844,74.37999725341797,73.54666900634766,74.18000030517578,580200
2020-02-19,72.88521575927734,75.3933334350586,74.02666473388672,75.01333618164062,870300
2020-02-20,73.1054458618164,75.73666381835938,74.64666748046875,75.23999786376953,995400
2020-02-21,72.0787582397461,75.07333374023438,73.6066665649414,74.18333435058594,872400
2020-02-24,70.0869369506836,72.69667053222656,70.55000305175781,72.13333129882812,1320600
2020-02-25,67.66756439208984,72.663330078125,69.29000091552734,69.6433334350586,1098000
2020-02-26,66.80929565429688,71.03666687011719,68.59333038330078,68.76000213623047,1251300
2020-02-27,64.19237518310547,69.1933364868164,66.04000091552734,66.06666564941406,1813200
2020-02-28,62.76730728149414,64.83333587646484,62.33333206176758,64.5999984741211,3190800
2020-03-02,64.80126190185547,67.01000213623047,63.143333435058594,66.6933364868164,2835600
2020-03-03,62.96923828125,68.28666687011719,64.27666473388672,64.73332977294922,1840800
2020-03-04,66.80512237548828,68.95333099365234,64.78666687011719,68.67666625976562,2055600
2020-03-05,65.35250091552734,68.07666778564453,66.1933364868164,67.18333435058594,1685100
2020-03-06,64.34407043457031,66.69667053222656,64.87666320800781,66.14666748046875,2079000
2020-03-09,58.916133880615234,64.79000091552734,60.459999084472656,60.56666564941406,3285600
2020-03-10,61.85383605957031,63.586666107177734,60.383331298828125,63.586666107177734,3502200
2020-03-11,58.36491394042969,63.2599983215332,59.64666748046875,60.0,2160300
2020-03-12,54.27287673950195,59.96333312988281,54.72666549682617,55.793331146240234,3890700
2020-03-13,57.6937141418457,60.810001373291016,57.06999969482422,59.310001373291016,3057000
2020-03-16,52.20092010498047,56.686668395996094,52.900001525878906,53.663333892822266,2236500
2020-03-17,55.23590087890625,59.856666564941406,53.959999084472656,56.78333282470703,3038700
2020-03-18,54.80140686035156,58.66666793823242,53.1966667175293,56.336666107177734,2808900
2020-03-19,52.56083679199219,56.723331451416016,53.383331298828125,54.03333282470703,2205300
2020-03-20,54.69440841674805,59.28333282470703,54.313331604003906,56.22666549682617,3456900
2020-03-23,55.725521087646484,59.0,55.01333236694336,57.28666687011719,1995900
2020-03-24,60.916748046875,63.0966682434082,59.130001068115234,62.62333297729492,2355600
2020-03-25,65.91828918457031,69.92500305175781,60.17499923706055,67.76499938964844,2781800
2020-03-26,68.38423156738281,70.80999755859375,67.05500030517578,70.30000305175781,2155400
2020-03-27,62.416412353515625,68.48999786376953,63.900001525878906,64.16500091552734,2970800
2020-03-30,65.50001525878906,68.46499633789062,64.56500244140625,67.33499908447266,2828800
2020-03-31,63.84148025512695,67.98500061035156,65.00499725341797,65.62999725341797,2912000
2020-04-01,59.4981689453125,64.38999938964844,60.7400016784668,61.165000915527344,1588200
2020-04-02,60.41254425048828,62.79499816894531,59.505001068115234,62.10499954223633,2406600
2020-04-03,59.58572006225586,62.755001068115234,60.78499984741211,61.255001068115234,1286000
2020-04-06,67.20719909667969,69.66999816894531,63.095001220703125,69.08999633789062,1977000
2020-04-07,69.37642669677734,73.49500274658203,70.08000183105469,71.31999969482422,2546800
2020-04-08,67.26554870605469,72.19999694824219,68.50499725341797,69.1500015258789,1779400
2020-04-09,65.73345947265625,70.12999725341797,67.23999786376953,67.57499694824219,2638400
2020-04-13,63.175148010253906,67.1050033569336,64.37999725341797,64.94499969482422,1639800
2020-04-14,64.93096160888672,67.88999938964844,66.08999633789062,66.75,1882200
2020-04-15,64.57105255126953,67.06500244140625,65.16999816894531,66.37999725341797,1419000
2020-04-16,66.2295913696289,68.45500183105469,66.13999938964844,68.08499908447266,1456400
2020-04-17,66.46305084228516,70.0,67.66999816894531,68.32499694824219,1370600
2020-04-20,63.175148010253906,67.79000091552734,64.58000183105469,64.94499969482422,1438200
2020-04-21,60.39309310913086,64.26499938964844,61.75,62.084999084472656,2027000
2020-04-22,62.37749099731445,64.79499816894531,62.494998931884766,64.125,2072600
2020-04-23,68.70038604736328,71.05999755859375,64.67500305175781,70.625,3288800
2020-04-24,68.88516998291016,71.76499938964844,69.0,70.81500244140625,2464800
2020-04-27,69.35698699951172,71.90499877929688,70.31999969482422,71.30000305175781,1284800
2020-04-28,70.2762222290039,73.84500122070312,71.79499816894531,72.24500274658203,1227800
2020-04-29,72.28008270263672,75.09500122070312,72.71499633789062,74.30500030517578,1726400
2020-04-30,70.66532135009766,73.91999816894531,72.19999694824219,72.6449966430664,1225400
2020-05-01,71.5115966796875,74.98999786376953,71.05000305175781,73.51499938964844,1857000
2020-05-04,72.01744079589844,74.03500366210938,72.23500061035156,74.03500366210938,1196600
2020-05-05,74.72655487060547,77.13999938964844,74.16000366210938,76.81999969482422,1603400
2020-05-06,74.06995391845703,77.2699966430664,75.4749984741211,76.1449966430664,1634600
2020-05-07,72.81510162353516,77.43499755859375,74.54000091552734,74.8550033569336,2734600
2020-05-08,74.29853057861328,77.32499694824219,75.57499694824219,76.37999725341797,1370800
2020-05-11,75.75279998779297,78.69999694824219,75.80999755859375,77.875,1655400
2020-05-12,75.16426086425781,78.8499984741211,76.67500305175781,77.2699966430664,1407600
2020-05-13,72.74214172363281,77.7249984741211,73.7249984741211,74.77999877929688,1456000
2020-05-14,72.05633544921875,74.3550033569336,72.20500183105469,74.07499694824219,2707000
2020-05-15,72.49406433105469,75.23500061035156,73.9749984741211,74.5250015258789,1904600
2020-05-18,75.12052154541016,77.7300033569336,75.92500305175781,77.2249984741211,1822400
2020-05-19,74.58063507080078,78.5250015258789,76.625,76.66999816894531,1324400
2020-05-20,75.63607788085938,79.23500061035156,77.08000183105469,77.75499725341797,1392400
2020-05-21,75.83060455322266,78.68499755859375,76.83000183105469,77.95500183105469,960800
2020-05-22,77.23137664794922,79.94999694824219,77.5999984741211,79.3949966430664,1250200
2020-05-26,79.8626480102539,82.45500183105469,80.78500366210938,82.0999984741211,2256400
2020-05-27,81.12236022949219,83.625,81.27999877929688,83.3949966430664,2015600
2020-05-28,80.631103515625,84.53500366210938,82.30500030517578,82.88999938964844,1621400
2020-05-29,83.21376037597656,85.88500213623047,82.83499908447266,85.54499816894531,2374000
2020-06-01,81.71086883544922,85.58000183105469,83.87999725341797,84.0,1334000
2020-06-02,80.6058120727539,85.75499725341797,82.58000183105469,82.79000091552734,1947400
2020-06-03,81.0537109375,83.87999725341797,82.29000091552734,83.25,1683400
2020-06-04,80.78105926513672,83.20999908447266,82.09500122070312,82.97000122070312,1553600
2020-06-05,82.57740020751953,85.34500122070312,83.16000366210938,84.81500244140625,1786600
2020-06-08,81.23379516601562,85.2750015258789,83.42500305175781,83.43499755859375,1550400
2020-06-09,79.77824401855469,83.25,81.63500213623047,81.94000244140625,1878800
2020-06-10,80.47439575195312,83.76000213623047,81.73999786376953,82.65499877929688,2037800
2020-06-11,76.55071258544922,82.49500274658203,78.5,78.625,1435800
2020-06-12,76.85738372802734,80.58000183105469,77.58000183105469,78.94000244140625,1574600
2020-06-15,78.95067596435547,81.1449966430664,76.78500366210938,81.08999633789062,1506800
2020-06-16,78.9944839477539,83.7699966430664,80.68499755859375,81.13500213623047,1271600
2020-06-17,79.52509307861328,82.3499984741211,80.53500366210938,81.68000030517578,988600
2020-06-18,80.16769409179688,82.91999816894531,81.32499694824219,82.33999633789062,1048800
2020-06-19,81.88612365722656,84.32499694824219,80.9800033569336,84.1050033569336,3621200
2020-06-22,79.59326934814453,84.70500183105469,81.55999755859375,81.75,2200400
2020-06-23,80.30885314941406,83.62000274658203,82.19000244140625,82.48500061035156,1104000
2020-06-24,79.5153579711914,83.15499877929688,81.08999633789062,81.66999816894531,1155600
2020-06-25,79.35469818115234,81.76499938964844,80.6500015258789,81.50499725341797,1190200
2020-06-26,79.34986114501953,82.2750015258789,80.8949966430664,81.5,3259000
2020-06-29,80.1628189086914,83.06999969482422,80.80999755859375,82.33499908447266,1559000
2020-06-30,82.55791473388672,85.32499694824219,82.37999725341797,84.79499816894531,1796000
2020-07-01,81.95913696289062,85.78500366210938,83.51499938964844,84.18000030517578,1731600
2020-07-02,83.1810531616211,86.62000274658203,84.65499877929688,85.43499755859375,1744600
2020-07-06,85.61996459960938,88.48500061035156,86.28500366210938,87.94000244140625,1810600
2020-07-07,85.4982681274414,89.45500183105469,87.08999633789062,87.81500244140625,1206600
2020-07-08,86.10189056396484,89.28500366210938,87.88500213623047,88.43499755859375,1349800
2020-07-09,85.8828125,89.25499725341797,87.95999908447266,88.20999908447266,1330800
2020-07-10,86.10676574707031,89.04000091552734,87.625,88.44000244140625,1029600
2020-07-13,83.87232208251953,89.2750015258789,85.93000030517578,86.1449966430664,1237400
2020-07-14,86.52055358886719,89.03500366210938,85.78500366210938,88.86499786376953,1146800
2020-07-15,87.31405639648438,89.91000366210938,87.79499816894531,89.68000030517578,972800
2020-07-16,88.09782409667969,91.72000122070312,89.83999633789062,90.48500061035156,1035000
2020-07-17,90.75578308105469,93.41999816894531,91.08000183105469,93.21499633789062,1336000
2020-07-20,91.32046508789062,94.04499816894531,92.4749984741211,93.79499816894531,939200
2020-07-21,91.24747467041016,94.54000091552734,93.20999908447266,93.72000122070312,933400
2020-07-22,90.66815948486328,95.06500244140625,92.9000015258789,93.125,1102600
2020-07-23,89.63124084472656,93.97000122070312,91.83999633789062,92.05999755859375,1370600
2020-07-24,88.716064453125,93.44000244140625,90.8550033569336,91.12000274658203,1771400
2020-07-27,90.2008285522461,93.04000091552734,91.01000213623047,92.6449966430664,2098800
2020-07-28,88.7939453125,93.12999725341797,91.0199966430664,91.19999694824219,1375200
2020-07-29,88.75499725341797,93.08999633789062,91.05500030517578,91.16000366210938,2500600
2020-07-30,87.72785186767578,90.75,88.49500274658203,90.1050033569336,2162200
2020-07-31,88.99842834472656,92.48999786376953,89.27999877929688,91.41000366210938,1528800
2020-08-03,88.8036880493164,93.22000122070312,90.875,91.20999908447266,1198800
2020-08-04,90.06450653076172,92.58499908447266,91.0,92.50499725341797,1271800
2020-08-05,90.25437927246094,93.36499786376953,91.30500030517578,92.69999694824219,1183400
2020-08-06,91.12576293945312,93.98999786376953,92.69499969482422,93.59500122070312,1130400
2020-08-07,90.53672790527344,94.68000030517578,92.45500183105469,92.98999786376953,1261600
2020-08-10,91.0235366821289,93.82499694824219,92.37999725341797,93.48999786376953,1372000
2020-08-11,91.4957275390625,95.13999938964844,93.6050033569336,93.9749984741211,1469600
2020-08-12,93.6376953125,97.73999786376953,94.70999908447266,96.17500305175781,1944400
2020-08-13,93.71073150634766,97.30000305175781,95.37000274658203,96.25,1380800
2020-08-14,93.25312042236328,97.46499633789062,95.45500183105469,95.77999877929688,915200
2020-08-17,94.0855484008789,96.97000122070312,95.93000030517578,96.63500213623047,1359400
2020-08-18,95.12245178222656,98.30500030517578,96.88500213623047,97.69999694824219,2105600
2020-08-19,95.40967559814453,98.72000122070312,97.84500122070312,97.99500274658203,1414200
2020-08-20,95.32693481445312,98.77999877929688,96.83999633789062,97.91000366210938,1059200
2020-08-21,96.02306365966797,99.04000091552734,97.53500366210938,98.625,1482800
2020-08-24,96.79222106933594,100.4749984741211,98.78500366210938,99.41500091552734,851000
2020-08-25,96.22752380371094,98.93000030517578,96.44499969482422,98.83499908447266,1205200
2020-08-26,96.87496948242188,99.82499694824219,98.13999938964844,99.5,811400
2020-08-27,96.90907287597656,100.30999755859375,98.30500030517578,99.53500366210938,1635200
2020-08-28,97.517578125,100.75,99.30000305175781,100.16000366210938,1115400
2020-08-31,98.42301177978516,102.22000122070312,100.76499938964844,101.08999633789062,1779000
2020-09-01,99.44609069824219,102.48500061035156,100.18499755859375,102.06500244140625,1253000
2020-09-02,99.1927490234375,103.72000122070312,101.3499984741211,101.80500030517578,1579200
2020-09-03,96.81047058105469,101.18499755859375,97.58999633789062,99.36000061035156,1701600
2020-09-04,95.612060546875,100.44499969482422,95.30000305175781,98.12999725341797,1742200
2020-09-08,94.64745330810547,98.7300033569336,96.1500015258789,97.13999938964844,2294600
2020-09-09,96.96638488769531,100.86000061035156,98.01000213623047,99.5199966430664,2331600
2020-09-10,94.78874969482422,99.75499725341797,96.51499938964844,97.28500366210938,1376000
2020-09-11,95.31002044677734,98.91999816894531,96.62999725341797,97.81999969482422,1361600
2020-09-14,94.09693908691406,98.8499984741211,96.03500366210938,96.57499694824219,1598600
2020-09-15,96.19666290283203,99.0,96.2300033569336,98.7300033569336,2432800
2020-09-16,92.60135650634766,99.375,94.8949966430664,95.04000091552734,1911800
2020-09-17,92.80594635009766,96.12000274658203,92.57499694824219,95.25,1625800
2020-09-18,89.67344665527344,95.20500183105469,91.05500030517578,92.03500366210938,3200400
2020-09-21,87.01350402832031,91.24500274658203,88.17500305175781,89.30500030517578,3587200
2020-09-22,88.04145050048828,91.08499908447266,88.16999816894531,90.36000061035156,2562400
2020-09-23,88.75269317626953,92.7249984741211,90.0250015258789,91.08999633789062,2150000
2020-09-24,89.60523986816406,92.86499786376953,90.16000366210938,91.96499633789062,2306600
2020-09-25,88.86475372314453,92.58000183105469,90.54000091552734,91.20500183105469,1558000
2020-09-28,91.27136993408203,93.8949966430664,92.2300033569336,93.67500305175781,1587800
2020-09-29,90.18012237548828,94.1449966430664,92.44999694824219,92.55500030517578,2621400
2020-09-30,88.13884735107422,93.5,89.91000366210938,90.45999908447266,2012800
2020-10-01,89.04013061523438,92.45500183105469,90.25,91.38500213623047,1854800
2020-10-02,89.91215515136719,93.58000183105469,90.34500122070312,92.27999877929688,1190400
2020-10-05,91.81212615966797,94.78500366210938,92.56999969482422,94.2300033569336,1414800
2020-10-06,92.12876892089844,96.08999633789062,92.9800033569336,94.55500030517578,1529200
2020-10-07,93.98978424072266,97.06999969482422,95.01499938964844,96.46499633789062,1516000
2020-10-08,96.02615356445312,98.63999938964844,96.5,98.55500030517578,1281000
2020-10-09,97.31715393066406,100.25499725341797,98.44499969482422,99.87999725341797,1733800
2020-10-12,97.80431365966797,101.75,100.23999786376953,100.37999725341797,1153000
2020-10-13,97.73124694824219,101.26000213623047,99.94000244140625,100.30500030517578,1003200
2020-10-14,98.6568603515625,102.5,100.66999816894531,101.25499725341797,885000
2020-10-15,99.38761901855469,102.55500030517578,100.0,102.00499725341797,761400
2020-10-16,97.71662139892578,102.13500213623047,100.20999908447266,100.29000091552734,1120800
2020-10-19,95.92383575439453,100.9800033569336,97.93000030517578,98.44999694824219,1184200
2020-10-20,97.00535583496094,100.86000061035156,98.98500061035156,99.55999755859375,794800
2020-10-21,95.62179565429688,100.80999755859375,98.07499694824219,98.13999938964844,1175200
2020-10-22,95.5633316040039,99.5250015258789,96.84500122070312,98.08000183105469,1172400
2020-10-23,97.73612213134766,100.48500061035156,98.45999908447266,100.30999755859375,1285400
2020-10-26,96.65947723388672,99.69000244140625,98.04000091552734,99.20500183105469,1641600
2020-10-27,92.36262512207031,100.99500274658203,94.5,94.79499816894531,1822000
2020-10-28,90.93521881103516,94.76000213623047,92.6050033569336,93.33000183105469,1652600
2020-10-29,92.73287963867188,95.51000213623047,92.5999984741211,95.17500305175781,1571800
2020-10-30,92.74261474609375,96.69999694824219,94.22000122070312,95.18499755859375,1606400
2020-11-02,94.38927459716797,97.45500183105469,95.61499786376953,96.875,1372000
2020-11-03,96.52793884277344,99.94999694824219,97.44000244140625,99.06999969482422,1006800
2020-11-04,97.62892150878906,102.11499786376953,99.94000244140625,100.19999694824219,1219000
2020-11-05,100.4399185180664,103.68499755859375,100.5250015258789,103.08499908447266,1122000
2020-11-06,100.85401153564453,104.43499755859375,102.67500305175781,103.51000213623047,848600
2020-11-09,97.08818817138672,106.83000183105469,99.46499633789062,99.6449966430664,2020800
2020-11-10,96.2063980102539,100.75,97.1050033569336,98.73999786376953,1734400
2020-11-11,96.4597396850586,100.63500213623047,98.04499816894531,99.0,1704200
2020-11-12,96.10411834716797,99.7699966430664,97.48500061035156,98.63500213623047,1551200
2020-11-13,98.77376556396484,101.87999725341797,99.36000061035156,101.375,1258200
2020-11-16,100.4106674194336,103.70500183105469,100.70500183105469,103.05500030517578,1552200
2020-11-17,100.32298278808594,103.38999938964844,100.94499969482422,102.96499633789062,1068400
2020-11-18,99.6263427734375,103.83999633789062,102.18499755859375,102.25,1034800
2020-11-19,100.12812042236328,103.02999877929688,101.1449966430664,102.76499938964844,1077400
2020-11-20,100.17198944091797,103.625,102.1449966430664,102.80999755859375,856400
2020-11-23,98.52532958984375,104.6500015258789,100.8499984741211,101.12000274658203,1453800
2020-11-24,99.1245346069336,102.79499816894531,100.61499786376953,101.73500061035156,1451000
2020-11-25,98.85175323486328,102.5,100.12000274658203,101.45500183105469,1029000
2020-11-27,98.40352630615234,101.43499755859375,100.11000061035156,100.99500274658203,484200
2020-11-30,99.07096099853516,102.16500091552734,99.6449966430664,101.68000030517578,1931000
2020-12-01,102.88832092285156,105.7249984741211,101.33499908447266,105.5199966430664,2685200
2020-12-02,99.86077880859375,105.31999969482422,101.79000091552734,102.41500091552734,1607400
2020-12-03,100.923583984375,104.20999908447266,101.59500122070312,103.50499725341797,1190200
2020-12-04,102.0156478881836,106.29000091552734,104.16000366210938,104.625,1345200
2020-12-07,101.44524383544922,104.7249984741211,103.19499969482422,104.04000091552734,1027800
2020-12-08,102.44953155517578,105.11499786376953,103.43000030517578,105.06999969482422,1024400
2020-12-09,98.8564453125,105.4800033569336,101.02999877929688,101.38500213623047,1352200
2020-12-10,96.87220764160156,100.75,98.21499633789062,99.3499984741211,1508400
2020-12-11,97.8911361694336,101.44000244140625,98.75,100.3949966430664,1179400
2020-12-14,95.23896789550781,101.16000366210938,97.4749984741211,97.67500305175781,1614000
2020-12-15,96.66743469238281,100.16000366210938,97.90499877929688,99.13999938964844,1026400
2020-12-16,95.06834411621094,99.375,97.43000030517578,97.5,1141800
2020-12-17,95.5851058959961,98.37999725341797,97.05000305175781,98.02999877929688,1884600
2020-12-18,97.28173065185547,100.06500244140625,96.67500305175781,99.7699966430664,3163000
2020-12-21,96.44318389892578,99.79000091552734,98.00499725341797,98.91000366210938,1078600
2020-12-22,96.85269927978516,99.91000366210938,98.88500213623047,99.33000183105469,928200
2020-12-23,95.96053314208984,100.21499633789062,98.36000061035156,98.41500091552734,695200
2020-12-24,96.65279388427734,99.5,98.2750015258789,99.125,293800
2020-12-28,95.02445983886719,99.94499969482422,97.3949966430664,97.45500183105469,791400
2020-12-29,94.64417266845703,98.51000213623047,96.09500122070312,97.06500244140625,857400
2020-12-30,94.39554595947266,97.63999938964844,95.9800033569336,96.80999755859375,992200
2020-12-31,95.15608215332031,97.80999755859375,96.45500183105469,97.58999633789062,995400
2021-01-04,92.96708679199219,98.26000213623047,95.13500213623047,95.34500122070312,2079600
2021-01-05,93.4838638305664,96.73500061035156,94.7249984741211,95.875,2725000
2021-01-06,94.23954772949219,97.86499786376953,95.3499984741211,96.6500015258789,2098200
2021-01-07,98.4615478515625,101.56500244140625,97.4800033569336,100.9800033569336,2042000
2021-01-08,100.21666717529297,103.5,101.08999633789062,102.77999877929688,1281800
2021-01-11,98.64681243896484,103.01000213623047,100.98500061035156,101.16999816894531,1203600
2021-01-12,99.13923645019531,102.91500091552734,100.41000366210938,101.67500305175781,752000
2021-01-13,97.97402954101562,101.6449966430664,100.06999969482422,100.4800033569336,1079400
2021-01-14,101.16735076904297,104.88500213623047,101.44499969482422,103.75499725341797,1350200
2021-01-15,101.10884094238281,104.29000091552734,101.2300033569336,103.69499969482422,1554600
2021-01-19,101.16735076904297,106.69999694824219,103.70500183105469,103.75499725341797,1075000
2021-01-20,101.874267578125,104.8949966430664,102.05999755859375,104.4800033569336,1578600
2021-01-21,101.26972961425781,105.99500274658203,103.81500244140625,103.86000061035156,1196600
2021-01-22,99.75352478027344,103.7249984741211,101.6050033569336,102.30500030517578,996400
2021-01-25,102.92732238769531,105.76499938964844,101.94999694824219,105.55999755859375,1216800
2021-01-26,101.18193817138672,106.2750015258789,103.29000091552734,103.7699966430664,1244200
2021-01-27,94.74169921875,102.30500030517578,96.37999725341797,97.16500091552734,1511800
2021-01-28,97.02821350097656,100.23999786376953,97.05999755859375,99.51000213623047,1414400
2021-01-29,94.58082580566406,99.33499908447266,96.86000061035156,97.0,1480200
2021-02-01,97.06721496582031,99.91500091552734,97.2249984741211,99.55000305175781,1525800
2021-02-02,99.73402404785156,103.1050033569336,100.16999816894531,102.28500366210938,1000200
2021-02-03,96.4090347290039,103.0,98.80999755859375,98.875,1470600
2021-02-04,99.63162231445312,102.99500274658203,98.47000122070312,102.18000030517578,2493000
2021-02-05,102.11314392089844,105.9800033569336,102.79499816894531,104.7249984741211,1558200
2021-02-08,103.47821807861328,107.0,104.30500030517578,106.125,1263800
2021-02-09,105.07244110107422,108.15499877929688,105.83000183105469,107.76000213623047,1301200
2021-02-10,101.88888549804688,108.57499694824219,103.98999786376953,104.49500274658203,1861400
2021-02-11,101.42572784423828,105.69999694824219,102.47000122070312,104.0199966430664,1361200
2021-02-12,103.458740234375,106.37000274658203,103.3499984741211,106.1050033569336,632400
2021-02-16,102.47391510009766,106.52999877929688,104.6449966430664,105.09500122070312,933400
2021-02-17,101.4013671875,105.01000213623047,101.94000244140625,103.99500274658203,737400
2021-02-18,103.25396728515625,106.79000091552734,103.29000091552734,105.8949966430664,975200
2021-02-19,105.1309585571289,108.41999816894531,106.51499938964844,107.81999969482422,1269800
2021-02-22,103.23934173583984,107.27999877929688,105.2699966430664,105.87999725341797,962200
2021-02-23,103.17109680175781,106.3499984741211,103.51000213623047,105.80999755859375,1242200
2021-02-24,105.94512176513672,109.24500274658203,105.07499694824219,108.65499877929688,1274400
2021-02-25,105.07734680175781,110.31999969482422,107.40499877929688,107.76499938964844,1099800
2021-02-26,104.70681762695312,109.375,107.01000213623047,107.38500213623047,1445600
2021-03-01,107.60759735107422,111.0199966430664,108.4749984741211,110.36000061035156,1945800
2021-03-02,108.5298843383789,111.65499877929688,108.9000015258789,111.20500183105469,1272200
2021-03-03,108.7006607055664,113.56999969482422,109.87999725341797,111.37999725341797,1475200
2021-03-04,104.92375946044922,111.80000305175781,107.06500244140625,107.51000213623047,2063000
2021-03-05,107.28068542480469,111.41999816894531,105.88500213623047,109.92500305175781,2158800
2021-03-08,106.69509887695312,111.97000122070312,109.13999938964844,109.32499694824219,1503600
2021-03-09,109.21791076660156,113.22000122070312,110.8550033569336,111.91000366210938,1368200
2021-03-10,110.2475357055664,114.41999816894531,112.41000366210938,112.96499633789062,1279600
2021-03-11,112.07254791259766,115.31500244140625,112.83499908447266,114.83499908447266,908600
2021-03-12,114.09275817871094,117.58000183105469,114.45999908447266,116.90499877929688,1236200
2021-03-15,113.20462799072266,117.00499725341797,114.56999969482422,115.99500274658203,1018800
2021-03-16,111.73584747314453,117.13999938964844,114.18000030517578,114.48999786376953,824400
2021-03-17,111.21859741210938,115.99500274658203,112.80500030517578,113.95999908447266,1238800
2021-03-18,112.28238677978516,116.52999877929688,113.5,115.05000305175781,2018000
2021-03-19,112.53124237060547,116.41000366210938,113.125,115.30500030517578,2666200
2021-03-22,112.84355926513672,116.5250015258789,114.3949966430664,115.625,1564400
2021-03-23,113.03874206542969,117.37999725341797,115.29499816894531,115.82499694824219,1748200
2021-03-24,114.2391586303711,118.08000183105469,115.79499816894531,117.05500030517578,1644000
2021-03-25,113.09242248535156,116.99500274658203,114.125,115.87999725341797,1724400
2021-03-26,115.03942108154297,118.48999786376953,115.17500305175781,117.875,1384600
2021-03-29,114.83934020996094,119.19499969482422,116.59500122070312,117.66999816894531,1336400
2021-03-30,117.41097259521484,120.91999816894531,117.61499786376953,120.30500030517578,1691400
2021-03-31,117.3133773803711,121.75499725341797,118.91000366210938,120.20500183105469,1336200
2021-04-01,118.91392517089844,121.90499877929688,120.13500213623047,121.84500122070312,1058800
2021-04-05,120.18753814697266,124.3499984741211,122.28500366210938,123.1500015258789,1254800
2021-04-06,119.35308074951172,124.43000030517578,122.125,122.29499816894531,992000
2021-04-07,118.77239990234375,122.97000122070312,121.68000030517578,121.69999694824219,952800
2021-04-08,119.54341125488281,123.12000274658203,121.15499877929688,122.48999786376953,1139200
2021-04-09,121.64168548583984,125.55500030517578,123.66500091552734,124.63999938964844,1318400
2021-04-12,121.51482391357422,125.24500274658203,123.41999816894531,124.51000213623047,1343400
2021-04-13,121.1781234741211,124.91999816894531,122.81999969482422,124.16500091552734,1305000
2021-04-14,120.9634017944336,124.76000213623047,123.38999938964844,123.94499969482422,1034800
2021-04-15,122.03694152832031,125.68499755859375,123.6050033569336,125.04499816894531,1113400
2021-04-16,122.66154479980469,126.69000244140625,125.59500122070312,125.68499755859375,1512800
2021-04-19,120.9731674194336,125.70500183105469,123.50499725341797,123.95500183105469,1216800
2021-04-20,120.84141540527344,125.74500274658203,122.82499694824219,123.81999969482422,1200000
2021-04-21,120.38272094726562,125.05000305175781,122.54499816894531,123.3499984741211,2034200
2021-04-22,122.3590087890625,127.55500030517578,123.5,125.375,2113400
2021-04-23,125.77971649169922,129.6300048828125,126.3550033569336,128.8800048828125,1575400
2021-04-26,123.69606018066406,129.73500061035156,126.04499816894531,126.74500274658203,1251200
2021-04-27,126.07246398925781,129.3300018310547,127.05000305175781,129.17999267578125,1026600
2021-04-28,125.51619720458984,129.33999633789062,127.72000122070312,128.61000061035156,992200
2021-04-29,126.53604888916016,130.0500030517578,128.05999755859375,129.65499877929688,666000
2021-04-30,125.80409240722656,130.5850067138672,128.375,128.90499877929688,936600
2021-05-03,127.68769836425781,131.4550018310547,129.11000061035156,130.8350067138672,1039600
2021-05-04,129.1906280517578,132.80499267578125,130.02499389648438,132.375,1160800
2021-05-05,128.88809204101562,133.17999267578125,131.27999877929688,132.06500244140625,745600
2021-05-06,129.29306030273438,132.56500244140625,130.67999267578125,132.47999572753906,833000
2021-05-07,131.54263305664062,134.9550018310547,131.89500427246094,134.78500366210938,722000
2021-05-10,131.81594848632812,138.0449981689453,134.8699951171875,135.06500244140625,1138200
2021-05-11,128.8929443359375,134.0,130.74000549316406,132.07000732421875,1591000
2021-05-12,125.1063003540039,131.68499755859375,128.1300048828125,128.19000244140625,1745000
2021-05-13,128.8099822998047,132.25999450683594,128.24000549316406,131.98500061035156,1222200
2021-05-14,131.54263305664062,135.3300018310547,132.2100067138672,134.78500366210938,763600
2021-05-17,131.8647003173828,135.77499389648438,134.14999389648438,135.11500549316406,1010400
2021-05-18,129.32235717773438,135.72500610351562,132.4250030517578,132.50999450683594,1358600
2021-05-19,128.8978729248047,132.4199981689453,129.25999450683594,132.0749969482422,1562600
2021-05-20,129.11741638183594,133.65499877929688,132.2100067138672,132.3000030517578,898400
2021-05-21,128.30740356445312,133.73500061035156,131.2899932861328,131.47000122070312,1484400
2021-05-24,129.16136169433594,132.625,131.08999633789062,132.34500122070312,1581800
2021-05-25,127.521728515625,134.25,130.4550018310547,130.6649932861328,1415400
2021-05-26,128.17564392089844,131.7100067138672,129.3000030517578,131.3350067138672,1117800
2021-05-27,128.9807891845703,134.2100067138672,130.84500122070312,132.16000366210938,5651000
2021-05-28,129.5321807861328,132.9250030517578,130.91000366210938,132.72500610351562,1233200
2021-06-01,130.80189514160156,134.625,133.46499633789062,133.9250030517578,1271000
2021-06-02,128.63851928710938,134.5399932861328,130.92999267578125,131.7100067138672,1396600
2021-06-03,129.0096893310547,133.09500122070312,129.7449951171875,132.08999633789062,1731200
2021-06-04,127.10025787353516,132.9550018310547,128.02000427246094,130.13499450683594,1443200
2021-06-07,124.17997741699219,130.97500610351562,126.17500305175781,127.1449966430664,1704200
2021-06-08,124.72203826904297,128.1999969482422,126.12999725341797,127.69999694824219,1393800
2021-06-09,121.97270965576172,128.0800018310547,124.6050033569336,124.88500213623047,2082800
2021-06-10,121.30855560302734,125.95500183105469,123.80500030517578,124.20500183105469,1385400
2021-06-11,122.5880126953125,126.12999725341797,124.58000183105469,125.51499938964844,1315000
2021-06-14,122.14849090576172,126.63500213623047,124.51000213623047,125.06500244140625,1062000
2021-06-15,123.75025939941406,127.21499633789062,124.91000366210938,126.70500183105469,1033800
2021-06-16,123.27656555175781,126.92500305175781,125.06500244140625,126.22000122070312,934200
2021-06-17,121.68946075439453,126.66999816894531,122.94499969482422,124.59500122070312,1083000
2021-06-18,120.30255126953125,124.37000274658203,122.77999877929688,123.17500305175781,1751200
2021-06-21,122.76869201660156,126.03500366210938,123.7249984741211,125.69999694824219,995000
2021-06-22,123.51583862304688,127.79000091552734,125.4749984741211,126.46499633789062,993000
2021-06-23,123.53050231933594,127.56999969482422,125.58499908447266,126.4800033569336,642200
2021-06-24,123.11052703857422,127.87999725341797,125.66999816894531,126.05000305175781,1045800
2021-06-25,123.8479232788086,127.9749984741211,125.91500091552734,126.80500030517578,2427600
2021-06-28,124.80994415283203,127.8550033569336,125.55500030517578,127.79000091552734,1065200
2021-06-29,124.54136657714844,128.22999572753906,127.04000091552734,127.51499938964844,1208800
2021-06-30,123.94071197509766,127.94999694824219,126.54499816894531,126.9000015258789,1778200
2021-07-01,125.9917221069336,129.30499267578125,126.67500305175781,129.0,1513400
2021-07-02,125.9917221069336,129.80499267578125,128.69000244140625,129.0,981000
2021-07-06,124.29718780517578,129.42999267578125,125.75,127.26499938964844,1382400
2021-07-07,126.56309509277344,129.7949981689453,127.2699966430664,129.5850067138672,1305000
2021-07-08,125.22991943359375,129.52000427246094,125.73999786376953,128.22000122070312,1200200
2021-07-09,127.25165557861328,130.56500244140625,128.9199981689453,130.2899932861328,1277400
2021-07-12,125.8061752319336,130.2949981689453,128.02999877929688,128.80999755859375,1311600
2021-07-13,125.78661346435547,129.6649932861328,127.91000366210938,128.7899932861328,1004400
2021-07-14,126.36287689208984,130.02499389648438,127.9749984741211,129.3800048828125,996200
2021-07-15,126.38729858398438,130.6699981689453,127.80999755859375,129.40499877929688,826600
2021-07-16,124.00907135009766,130.02000427246094,126.7300033569336,126.97000122070312,1499600
2021-07-19,122.15825653076172,125.47000122070312,123.33999633789062,125.07499694824219,1166400
2021-07-20,123.56954956054688,127.6449966430664,125.0250015258789,126.5199966430664,1144400
2021-07-21,124.23858642578125,127.44499969482422,125.44000244140625,127.20500183105469,865600
2021-07-22,124.6927490234375,128.21499633789062,127.0999984741211,127.66999816894531,580600
2021-07-23,127.49581909179688,130.75,127.21499633789062,130.5399932861328,833600
2021-07-26,126.3726577758789,131.53500366210938,129.0850067138672,129.38999938964844,900600
2021-07-27,126.61190795898438,131.22500610351562,128.1649932861328,129.63499450683594,1573600
2021-07-28,126.4947280883789,129.6699981689453,125.1500015258789,129.51499938964844,1652000
2021-07-29,130.8702850341797,136.69000244140625,129.875,133.9949951171875,1346200
2021-07-30,131.4367218017578,134.90499877929688,132.84500122070312,134.5749969482422,1014000
2021-08-02,130.28427124023438,135.1999969482422,133.16000366210938,133.39500427246094,885400
2021-08-03,133.71725463867188,136.97000122070312,132.65499877929688,136.91000366210938,1061400
2021-08-04,132.02760314941406,137.06500244140625,134.86000061035156,135.17999267578125,979600
2021-08-05,132.9212646484375,137.39500427246094,135.44500732421875,136.09500122070312,776800
2021-08-06,133.18006896972656,136.94000244140625,135.60000610351562,136.36000061035156,525800
2021-08-09,132.9212646484375,136.61000061035156,134.9600067138672,136.09500122070312,585800
2021-08-10,133.0287322998047,137.7100067138672,135.875,136.2050018310547,829800
2021-08-11,134.94297790527344,138.2899932861328,136.0,138.1649932861328,824200
2021-08-12,136.2713165283203,140.0800018310547,137.76499938964844,139.52499389648438,635600
2021-08-13,137.22354125976562,140.83999633789062,138.77999877929688,140.5,658400
2021-08-16,137.5556182861328,140.9250030517578,138.5050048828125,140.83999633789062,683400
2021-08-17,136.63754272460938,140.4250030517578,137.60499572753906,139.89999389648438,667800
2021-08-18,135.01136779785156,141.07000732421875,138.00999450683594,138.23500061035156,1126800
2021-08-19,136.4958953857422,139.9149932861328,136.36500549316406,139.7550048828125,1001200
2021-08-20,137.9609375,141.9949951171875,139.65499877929688,141.2550048828125,783800
2021-08-23,138.7569122314453,143.46499633789062,141.42999267578125,142.07000732421875,710400
2021-08-24,139.43572998046875,143.5399932861328,141.9550018310547,142.76499938964844,533200
2021-08-25,139.69456481933594,143.68499755859375,142.36500549316406,143.02999877929688,701000
2021-08-26,139.71405029296875,143.8350067138672,141.875,143.0500030517578,883800
2021-08-27,141.5111541748047,146.28500366210938,142.5749969482422,144.88999938964844,876400
2021-08-30,143.49383544921875,147.2449951171875,143.8800048828125,146.9199981689453,859600
2021-08-31,141.089599609375,147.38499450683594,144.0749969482422,144.36000061035156,2022400
2021-09-01,143.1273193359375,146.9550018310547,142.94000244140625,146.44500732421875,1131200
2021-09-02,146.5480499267578,150.00999450683594,146.5850067138672,149.94500732421875,1272400
2021-09-03,147.16372680664062,152.11000061035156,148.85499572753906,150.5749969482422,913800
2021-09-07,147.55958557128906,151.97500610351562,149.8699951171875,150.97999572753906,1366400
2021-09-08,146.46981811523438,150.75,147.85000610351562,149.86500549316406,1207000
2021-09-09,141.5440673828125,148.39500427246094,142.72999572753906,144.8249969482422,2359400
2021-09-10,142.42849731445312,147.03500366210938,145.41000366210938,145.72999572753906,1379200
2021-09-13,141.6515350341797,147.125,143.67999267578125,144.93499755859375,1242600
2021-09-14,141.0602569580078,145.5500030517578,143.9600067138672,144.3300018310547,1138000
2021-09-15,142.09625244140625,146.7100067138672,142.6199951171875,145.38999938964844,1424200
2021-09-16,142.44808959960938,146.41000366210938,145.0800018310547,145.75,861400
2021-09-17,141.5440673828125,145.97999572753906,144.0,144.8249969482422,1978200
2021-09-20,142.4431610107422,145.84500122070312,141.9149932861328,145.7449951171875,1287400
2021-09-21,145.7222137451172,150.0399932861328,146.4199981689453,149.10000610351562,1834200
2021-09-22,145.00384521484375,150.4550018310547,147.97000122070312,148.36500549316406,1122200
2021-09-23,146.4405517578125,151.27499389648438,149.1300048828125,149.8350067138672,1046200
2021-09-24,148.05313110351562,151.59500122070312,148.6999969482422,151.48500061035156,805000
2021-09-27,145.8834228515625,152.0399932861328,148.88999938964844,149.26499938964844,917600
2021-09-28,143.4302978515625,148.31500244140625,146.0749969482422,146.7550048828125,930000
2021-09-29,143.26416015625,148.61500549316406,145.52499389648438,146.5850067138672,914600
2021-09-30,139.75064086914062,148.63499450683594,142.6699981689453,142.99000549316406,1729200
2021-10-01,139.53070068359375,143.97000122070312,139.5050048828125,142.76499938964844,1021400
2021-10-04,138.47032165527344,143.5,141.2550048828125,141.67999267578125,1085800
2021-10-05,141.5196075439453,145.49000549316406,142.08999633789062,144.8000030517578,1440000
2021-10-06,143.10289001464844,146.56500244140625,143.32000732421875,146.4199981689453,675400
2021-10-07,143.53294372558594,148.76499938964844,146.35000610351562,146.86000061035156,1162800
2021-10-08,140.57650756835938,147.9149932861328,142.77499389648438,143.8350067138672,1072600
2021-10-11,140.2246551513672,144.96499633789062,143.3300018310547,143.47500610351562,556200
2021-10-12,139.64797973632812,144.4949951171875,141.8350067138672,142.88499450683594,745400
2021-10-13,139.1593017578125,143.52000427246094,141.19000244140625,142.38499450683594,776000
2021-10-14,144.44186401367188,147.97500610351562,143.27499389648438,147.7899932861328,1079800
2021-10-15,147.82839965820312,152.39500427246094,148.875,151.2550048828125,1243400
2021-10-18,150.3499298095703,153.96499633789062,151.2550048828125,153.8350067138672,874000
2021-10-19,150.52581787109375,155.72000122070312,152.66000366210938,154.01499938964844,619800
2021-10-20,153.04248046875,157.0,154.0,156.58999633789062,977600
2021-10-21,155.73507690429688,160.0,156.8000030517578,159.34500122070312,1116400
2021-10-22,157.2206573486328,161.9199981689453,160.0,160.86500549316406,1081400
2021-10-25,158.67201232910156,164.08999633789062,160.9499969482422,162.35000610351562,1085600
2021-10-26,159.19000244140625,164.75,162.0749969482422,162.8800048828125,1129000
2021-10-27,158.27618408203125,164.625,152.55999755859375,161.94500732421875,1261400
2021-10-28,163.71505737304688,167.93499755859375,163.22000122070312,167.50999450683594,843800
2021-10-29,166.8084259033203,172.0800018310547,166.39999389648438,170.6750030517578,1046400
2021-11-01,168.557861328125,173.1199951171875,170.2050018310547,172.46499633789062,1051000
2021-11-02,169.52545166015625,174.7050018310547,169.6750030517578,173.4550018310547,952400
2021-11-03,170.2193603515625,174.59500122070312,171.125,174.1649932861328,1091200
2021-11-04,173.6058807373047,179.27000427246094,173.2949981689453,177.6300048828125,1311400
2021-11-05,170.46368408203125,180.32000732421875,169.75999450683594,174.4149932861328,1689400
2021-11-08,171.74398803710938,176.0,172.22999572753906,175.72500610351562,1047800
2021-11-09,171.9834747314453,176.77000427246094,173.42999267578125,175.97000122070312,1409200
2021-11-10,168.5969696044922,176.3699951171875,171.5749969482422,172.5050048828125,999600
2021-11-11,170.72755432128906,174.84500122070312,172.52999877929688,174.68499755859375,594600
2021-11-12,174.64181518554688,180.8000030517578,174.8800048828125,178.69000244140625,1044800
2021-11-15,175.7658233642578,180.25999450683594,177.7050018310547,179.83999633789062,985600
2021-11-16,176.5818634033203,182.03500366210938,178.0399932861328,180.6750030517578,1151400
2021-11-17,176.3766632080078,181.52000427246094,177.3249969482422,180.46499633789062,978000
2021-11-18,172.01275634765625,181.2550048828125,175.85499572753906,176.0,1588600
2021-11-19,171.9248504638672,177.16000366210938,174.58999633789062,175.91000366210938,1492800
2021-11-22,173.17091369628906,179.97000122070312,176.51499938964844,177.18499755859375,960400
2021-11-23,173.45436096191406,178.7899932861328,174.77000427246094,177.47500610351562,1110400
2021-11-24,175.3504180908203,179.71499633789062,174.8300018310547,179.4149932861328,885600
2021-11-26,172.0420684814453,179.52000427246094,175.0050048828125,176.02999877929688,744800
2021-11-29,174.5636749267578,182.4149932861328,178.1999969482422,178.61000061035156,1376200
2021-11-30,173.6591033935547,179.72000122070312,176.47999572753906,177.5850067138672,2610200
2021-12-01,171.3366241455078,181.61000061035156,175.17999267578125,175.2100067138672,1873600
2021-12-02,174.57826232910156,179.2949981689453,173.0050048828125,178.52499389648438,1261600
2021-12-03,175.52198791503906,181.72999572753906,176.2949981689453,179.49000549316406,1267400
2021-12-06,172.66165161132812,180.97000122070312,174.1750030517578,176.56500244140625,1617400
2021-12-07,177.97650146484375,186.7899932861328,177.7949981689453,182.0,2010000
2021-12-08,174.46095275878906,185.13999938964844,178.02999877929688,178.40499877929688,1531000
2021-12-09,173.45375061035156,180.83999633789062,177.18499755859375,177.375,1324400
2021-12-10,174.2067108154297,180.13499450683594,177.3800048828125,178.14500427246094,1311800
2021-12-13,175.49264526367188,180.7100067138672,174.3350067138672,179.4600067138672,1771000
2021-12-14,172.1482391357422,179.0050048828125,173.125,176.0399932861328,1176800
2021-12-15,172.8767852783203,178.22000122070312,174.99000549316406,176.78500366210938,1142200
2021-12-16,171.71798706054688,179.875,175.0850067138672,175.60000610351562,1483400
2021-12-17,166.54490661621094,175.03500366210938,169.28500366210938,170.30999755859375,2370600
2021-12-20,163.23480224609375,169.25,163.59500122070312,166.9250030517578,1572800
2021-12-21,165.96791076660156,169.94500732421875,165.9250030517578,169.72000122070312,1091000
2021-12-22,168.21221923828125,172.31500244140625,169.1999969482422,172.01499938964844,1192000
2021-12-23,170.30490112304688,174.6699981689453,172.3249969482422,174.15499877929688,787800
2021-12-27,173.86935424804688,177.93499755859375,174.6649932861328,177.8000030517578,601200
2021-12-28,174.37786865234375,179.2550048828125,177.50999450683594,178.32000732421875,741200
2021-12-29,176.41676330566406,180.8350067138672,177.8800048828125,180.40499877929688,541800
2021-12-30,174.19688415527344,181.4600067138672,177.9600067138672,178.13499450683594,488200
2021-12-31,175.22862243652344,179.84500122070312,176.77999877929688,179.19000244140625,589600
2022-01-03,169.35638427734375,180.0,171.05499267578125,173.18499755859375,1576800
2022-01-04,173.566162109375,178.2100067138672,172.03500366210938,177.49000549316406,1725800
2022-01-05,167.35655212402344,177.47000122070312,170.72000122070312,171.13999938964844,1783200
2022-01-06,167.3125762939453,171.7550048828125,168.75999450683594,171.09500122070312,1536200
2022-01-07,162.62356567382812,170.86500549316406,165.63499450683594,166.3000030517578,2020600
2022-01-10,161.4354248046875,165.30499267578125,161.0399932861328,165.0850067138672,1920400
2022-01-11,159.1373748779297,163.50999450683594,159.09500122070312,162.73500061035156,1766000
2022-01-12,158.5653076171875,164.16000366210938,159.19500732421875,162.14999389648438,2267800
2022-01-13,155.40182495117188,163.6300048828125,158.22500610351562,158.9149932861328,1835600
2022-01-14,154.56573486328125,162.86500549316406,154.9949951171875,158.05999755859375,3026200
2022-01-18,153.4118194580078,158.72000122070312,155.2050018310547,156.8800048828125,1937800
2022-01-19,152.76153564453125,158.9949951171875,155.52999877929688,156.21499633789062,1537800
2022-01-20,150.1016387939453,159.3000030517578,153.25,153.4949951171875,2691200
2022-01-21,145.12417602539062,153.56500244140625,148.0399932861328,148.40499877929688,13531000
2022-01-24,151.10887145996094,155.11000061035156,146.52999877929688,154.52499389648438,2863000
2022-01-25,146.66925048828125,152.85000610351562,148.4949951171875,149.98500061035156,1713000
2022-01-26,142.80657958984375,152.7449951171875,145.0,146.03500366210938,2019800
2022-01-27,139.82891845703125,149.1750030517578,142.5,142.99000549316406,1822400
2022-01-28,143.50086975097656,146.7550048828125,140.53500366210938,146.7449951171875,1642200
2022-01-31,147.62757873535156,151.02499389648438,145.9499969482422,150.96499633789062,1797800
2022-02-01,149.71051025390625,155.89999389648438,149.55999755859375,153.09500122070312,2454800
2022-02-02,158.52621459960938,162.43499755859375,152.2899932861328,162.11000061035156,3053800
2022-02-03,160.20327758789062,166.85499572753906,160.76499938964844,163.8249969482422,2519600
2022-02-04,151.3680419921875,163.52000427246094,153.94000244140625,154.7899932861328,1841800
2022-02-07,149.56381225585938,156.34500122070312,152.4600067138672,152.94500732421875,1229000
2022-02-08,151.85206604003906,156.9499969482422,152.4149932861328,155.28500366210938,1421800
2022-02-09,154.4581298828125,158.72000122070312,155.72500610351562,157.9499969482422,1147600
2022-02-10,150.18963623046875,158.22999572753906,152.4250030517578,153.5850067138672,1345000
2022-02-11,144.5570068359375,154.1199951171875,146.88999938964844,147.8249969482422,1722800
2022-02-14,143.72576904296875,149.0399932861328,145.93499755859375,146.97500610351562,1377600
2022-02-15,145.5153350830078,151.19500732421875,147.38999938964844,148.80499267578125,1174200
2022-02-16,145.34906005859375,148.91000366210938,144.7100067138672,148.63499450683594,1148000
2022-02-17,141.66732788085938,147.8249969482422,144.5449981689453,144.8699951171875,1372000
2022-02-18,140.7969970703125,146.6199951171875,143.5850067138672,143.97999572753906,1186600
2022-02-22,140.13206481933594,146.5449981689453,141.61500549316406,143.3000030517578,1671000
2022-02-23,138.11758422851562,144.69500732421875,140.875,141.24000549316406,1592400
2022-02-24,144.0680389404297,147.6999969482422,138.7899932861328,147.3249969482422,1674000
2022-02-25,148.54678344726562,152.52999877929688,146.125,151.90499877929688,1666800
2022-02-28,153.54385375976562,157.75999450683594,150.15499877929688,157.01499938964844,2895000
2022-03-01,151.77703857421875,157.58999633789062,152.85499572753906,155.05999755859375,2952400
2022-03-02,155.6189727783203,160.1699981689453,155.28500366210938,158.98500061035156,1457400
2022-03-03,158.79037475585938,163.5850067138672,159.11500549316406,162.22500610351562,1945600
2022-03-04,155.78536987304688,164.17999267578125,158.69000244140625,159.15499877929688,1360600
2022-03-07,147.8079071044922,159.73500061035156,150.64999389648438,151.0050048828125,1859600
2022-03-08,146.506103515625,153.94500732421875,148.11500549316406,149.6750030517578,1804600
2022-03-09,150.18646240234375,154.56500244140625,149.97999572753906,153.43499755859375,1761400
2022-03-10,151.591064453125,155.7100067138672,150.40499877929688,154.8699951171875,1175000
2022-03-11,149.9466552734375,158.76499938964844,152.55499267578125,153.19000244140625,1239400
2022-03-14,146.11944580078125,153.72999572753906,148.05999755859375,149.27999877929688,1392600
2022-03-15,151.2142333984375,155.16000366210938,148.8350067138672,154.48500061035156,1797600
2022-03-16,158.27647399902344,161.7100067138672,155.4550018310547,161.6999969482422,1480600
2022-03-17,157.97303771972656,161.61500549316406,158.47000122070312,161.38999938964844,935200
2022-03-18,160.67457580566406,164.51499938964844,158.6699981689453,164.14999389648438,1919400
2022-03-21,156.50970458984375,163.4949951171875,157.51499938964844,159.89500427246094,1310000
2022-03-22,158.04156494140625,162.61500549316406,159.2550048828125,161.4600067138672,955800
2022-03-23,154.013671875,160.47500610351562,156.7050018310547,157.34500122070312,898800
2022-03-24,154.98272705078125,159.09500122070312,156.8699951171875,158.3350067138672,771200
2022-03-25,153.5585174560547,159.06500244140625,152.60499572753906,156.8800048828125,1276400
2022-03-28,154.62054443359375,159.60499572753906,154.67999267578125,157.96499633789062,1329600
2022-03-29,156.68588256835938,160.2899932861328,156.0,160.0749969482422,1510200
2022-03-30,152.3643798828125,159.4250030517578,154.4550018310547,155.66000366210938,1239200
2022-03-31,146.1781463623047,158.80999755859375,149.13999938964844,149.33999633789062,2295400
2022-04-01,136.30181884765625,150.1649932861328,138.3699951171875,139.25,3912800
2022-04-04,135.91517639160156,140.42999267578125,136.27999877929688,138.85499572753906,2872400
2022-04-05,131.80899047851562,140.81500244140625,133.47999572753906,134.66000366210938,4405600
2022-04-06,128.50050354003906,134.49000549316406,129.39999389648438,131.27999877929688,2753200
2022-04-07,129.2003936767578,132.8350067138672,128.60000610351562,131.9949951171875,1966200
2022-04-08,127.20356750488281,131.31500244140625,128.6649932861328,129.9550018310547,3582400
2022-04-11,126.3177490234375,131.35000610351562,128.66000366210938,129.0500030517578,1887800
2022-04-12,127.24762725830078,132.5050048828125,128.5050048828125,130.0,2331600
2022-04-13,130.46795654296875,134.02999877929688,130.26499938964844,133.2899932861328,2440000
2022-04-14,129.5723419189453,134.21499633789062,131.22999572753906,132.375,3177000
2022-04-18,129.88555908203125,133.69500732421875,130.64999389648438,132.69500732421875,1881400
2022-04-19,134.01133728027344,137.5749969482422,132.5,136.91000366210938,2647400
2022-04-20,135.51876831054688,140.47500610351562,137.30499267578125,138.4499969482422,2629200
2022-04-21,134.62796020507812,142.2899932861328,136.9250030517578,137.5399932861328,2195000
2022-04-22,131.66705322265625,137.6199951171875,134.27999877929688,134.51499938964844,1544400
2022-04-25,136.9478302001953,140.05999755859375,133.9949951171875,139.91000366210938,2643400
2022-04-26,133.17440795898438,140.61500549316406,136.0399932861328,136.05499267578125,2784800
2022-04-27,133.11569213867188,140.59500122070312,131.77000427246094,135.9949951171875,4109000
2022-04-28,143.0361328125,147.22000122070312,137.4499969482422,146.1300048828125,2972200
2022-04-29,137.09461975097656,146.875,139.59500122070312,140.05999755859375,2189200
2022-05-02,137.05548095703125,142.72500610351562,136.68499755859375,140.02000427246094,1859000
2022-05-03,137.78961181640625,142.0749969482422,138.5399932861328,140.77000427246094,1381200
2022-05-04,142.4292449951172,146.80999755859375,140.56500244140625,145.50999450683594,1665200
2022-05-05,138.6509552001953,143.77499389648438,138.64500427246094,141.64999389648438,2018000
2022-05-06,137.20230102539062,142.02000427246094,135.5449981689453,140.1699981689453,1624600
2022-05-09,132.72909545898438,138.9499969482422,134.84500122070312,135.60000610351562,2104600
2022-05-10,134.17771911621094,139.4499969482422,133.1750030517578,137.0800018310547,2065400
2022-05-11,132.5479736328125,139.36500549316406,134.44000244140625,135.4149932861328,1507600
2022-05-12,131.970458984375,136.6699981689453,130.69000244140625,134.8249969482422,2269400
2022-05-13,133.66873168945312,139.0850067138672,135.24000549316406,136.55999755859375,1668200
2022-05-16,128.46141052246094,135.88499450683594,130.91000366210938,131.24000549316406,1526800
2022-05-17,132.98353576660156,136.03500366210938,132.19000244140625,135.86000061035156,1252200
2022-05-18,115.73172760009766,133.2050018310547,117.40499877929688,118.23500061035156,3704400
2022-05-19,116.7105484008789,122.62999725341797,115.65499877929688,119.23500061035156,3008400
2022-05-20,119.01568603515625,122.16999816894531,116.95999908447266,121.58999633789062,2142400
2022-05-23,122.38286590576172,125.55999755859375,121.625,125.02999877929688,2041400
2022-05-24,120.6307373046875,124.04499816894531,120.51000213623047,123.23999786376953,1538800
2022-05-25,123.01910400390625,126.65499877929688,121.81500244140625,125.68000030517578,1664800
2022-05-26,127.71747589111328,131.56500244140625,126.31999969482422,130.47999572753906,1518000
2022-05-27,129.27378845214844,133.1699981689453,130.80999755859375,132.07000732421875,1852400
2022-05-31,126.52994537353516,131.02000427246094,126.69999694824219,129.1199951171875,4180600
2022-06-01,126.12820434570312,131.57000732421875,127.69499969482422,128.7100067138672,2236000
2022-06-02,131.05731201171875,134.22000122070312,128.71499633789062,133.74000549316406,1339200
2022-06-03,131.40518188476562,135.40499877929688,131.43499755859375,134.09500122070312,1618600
2022-06-06,131.82656860351562,135.18499755859375,130.0850067138672,134.52499389648438,1974200
2022-06-07,130.8417205810547,136.0500030517578,129.69500732421875,133.52000427246094,1559800
2022-06-08,124.39371490478516,132.3249969482422,126.29000091552734,126.94000244140625,1659800
2022-06-09,123.60484313964844,129.36500549316406,125.67500305175781,126.13500213623047,1364000
2022-06-10,121.11089324951172,125.49500274658203,121.74500274658203,123.58999633789062,1697200
2022-06-13,117.44591522216797,122.79000091552734,119.01000213623047,119.8499984741211,2137800
2022-06-14,117.33323669433594,122.9800033569336,118.29000091552734,119.73500061035156,1552200
2022-06-15,118.69534301757812,123.45999908447266,119.1500015258789,121.125,1400800
2022-06-16,115.11856079101562,119.33499908447266,116.25,117.4749984741211,2044800
2022-06-17,113.7221450805664,119.0999984741211,115.8499984741211,116.05000305175781,2964400
2022-06-21,116.78447723388672,120.13500213623047,117.5199966430664,119.17500305175781,1490600
2022-06-22,115.48602294921875,119.13500213623047,116.91000366210938,117.8499984741211,1247600
2022-06-23,121.32646942138672,124.01499938964844,117.7750015258789,123.80999755859375,1696400
2022-06-24,126.27518463134766,131.21499633789062,125.0,128.86000061035156,2610000
2022-06-27,127.4217300415039,132.97500610351562,129.25,130.02999877929688,1746800
2022-06-28,122.84539794921875,132.34500122070312,125.01000213623047,125.36000061035156,1391800
2022-06-29,125.08454895019531,128.4149932861328,122.94000244140625,127.6449966430664,1418800
2022-06-30,125.56963348388672,129.85499572753906,124.55500030517578,128.13999938964844,1955200
2022-07-01,127.88719940185547,130.81500244140625,126.0,130.5050048828125,1622000
2022-07-05,126.91214752197266,129.82000732421875,126.19999694824219,129.50999450683594,1426200
2022-07-06,129.4453125,133.38999938964844,129.27000427246094,132.09500122070312,1174000
2022-07-07,134.1000213623047,137.06500244140625,132.75999450683594,136.84500122070312,1597800
2022-07-08,133.771728515625,137.9550018310547,133.44000244140625,136.50999450683594,1338200
2022-07-11,132.06175231933594,135.68499755859375,133.97500610351562,134.76499938964844,1158200
2022-07-12,128.76914978027344,135.69000244140625,131.10499572753906,131.40499877929688,1914200
2022-07-13,122.15943908691406,129.67999267578125,123.77999877929688,124.66000366210938,2029800
2022-07-14,122.93357849121094,125.9000015258789,121.75,125.44999694824219,1340200
2022-07-15,125.09435272216797,129.41000366210938,126.44499969482422,127.65499877929688,1457600
2022-07-18,128.12730407714844,132.0399932861328,128.4499969482422,130.75,1479800
2022-07-19,132.61050415039062,135.94500732421875,130.8300018310547,135.3249969482422,990800
2022-07-20,135.53561401367188,138.49000549316406,134.39999389648438,138.30999755859375,1252600
2022-07-21,138.25987243652344,142.36500549316406,137.94000244140625,141.08999633789062,2172200
2022-07-22,136.68214416503906,142.0449981689453,138.75999450683594,139.47999572753906,1770200
2022-07-25,135.0113525390625,140.2449951171875,136.46499633789062,137.77499389648438,1619800
2022-07-26,133.81094360351562,139.0500030517578,134.69000244140625,136.5500030517578,1831800
2022-07-27,133.99713134765625,137.0449981689453,131.3000030517578,136.74000549316406,3534000
2022-07-28,143.63973999023438,147.25999450683594,138.03500366210938,146.5800018310547,2346200
2022-07-29,148.71096801757812,152.1699981689453,145.48500061035156,151.7550048828125,2632800
2022-08-01,148.84814453125,153.1750030517578,149.47000122070312,151.89500427246094,1748600
2022-08-02,144.1296844482422,151.61500549316406,146.94000244140625,147.0800018310547,2263400
2022-08-03,144.88426208496094,148.74000549316406,146.0449981689453,147.85000610351562,1455000
2022-08-04,146.54037475585938,149.60499572753906,146.6300048828125,149.5399932861328,1059800
2022-08-05,148.54432678222656,151.6699981689453,147.13999938964844,151.5850067138672,1303000
2022-08-08,150.3768310546875,154.90499877929688,151.5749969482422,153.4550018310547,1504800
2022-08-09,147.93186950683594,153.74000549316406,149.63999938964844,150.9600067138672,1737800
2022-08-10,154.52685546875,158.56500244140625,153.3350067138672,157.69000244140625,1779600
2022-08-11,154.53182983398438,161.86000061035156,157.38999938964844,157.69500732421875,1704200
2022-08-12,154.0026092529297,159.5,155.80999755859375,157.15499877929688,1448000
2022-08-15,153.01287841796875,158.10000610351562,154.65499877929688,156.14500427246094,1390400
2022-08-16,151.92514038085938,156.7449951171875,154.15499877929688,155.03500366210938,1039600
2022-08-17,148.56883239746094,152.9250030517578,148.1999969482422,151.61000061035156,1902400
2022-08-18,148.61293029785156,153.4149932861328,151.05499267578125,151.65499877929688,1019000
2022-08-19,145.54083251953125,150.27000427246094,147.52999877929688,148.52000427246094,1337000
2022-08-22,143.02728271484375,147.47999572753906,144.97000122070312,145.9550018310547,1603600
2022-08-23,143.046875,147.27999877929688,145.0850067138672,145.97500610351562,957600
2022-08-24,142.7626953125,147.47999572753906,145.2449951171875,145.68499755859375,1173600
2022-08-25,147.43698120117188,150.49000549316406,145.80499267578125,150.4550018310547,1221400
2022-08-26,139.96002197265625,151.3300018310547,142.5800018310547,142.8249969482422,1637400
2022-08-29,137.08883666992188,142.2949981689453,139.6300048828125,139.89500427246094,1248200
2022-08-30,135.3788604736328,140.8800048828125,136.4199981689453,138.14999389648438,1830200
2022-08-31,132.98289489746094,139.375,134.42999267578125,135.7050018310547,2195000
2022-09-01,136.0697021484375,138.97000122070312,133.625,138.85499572753906,1839000
2022-09-02,133.38465881347656,140.65499877929688,134.94500732421875,136.11500549316406,1284000
2022-09-06,133.41897583007812,138.38499450683594,135.17999267578125,136.0,1656400
2022-09-07,129.485107421875,136.21499633789062,129.8249969482422,131.99000549316406,2714600
2022-09-08,127.42495727539062,131.22999572753906,127.90499877929688,129.88999938964844,2370000
2022-09-09,131.844482421875,134.52999877929688,130.72999572753906,134.39500427246094,1510800
2022-09-12,135.38101196289062,139.27499389648438,134.60499572753906,138.0,1621800
2022-09-13,127.82717895507812,134.69500732421875,129.8249969482422,130.3000030517578,2176600
2022-09-14,127.40039825439453,130.92999267578125,128.57000732421875,129.86500549316406,1232200
2022-09-15,125.74739837646484,131.14999389648438,127.45999908447266,128.17999267578125,1562000
2022-09-16,124.6045150756836,127.5,122.2699966430664,127.01499938964844,3983000
2022-09-19,126.68917846679688,129.47500610351562,125.70500183105469,129.13999938964844,1634800
2022-09-20,124.38379669189453,128.5800018310547,125.43499755859375,126.79000091552734,1469600
2022-09-21,123.4125747680664,129.84500122070312,125.75,125.80000305175781,1468800
2022-09-22,119.87107849121094,125.2300033569336,121.77999877929688,122.19000244140625,1346800
2022-09-23,121.66143798828125,124.12999725341797,120.0,124.01499938964844,2225400
2022-09-26,121.5878677368164,126.5199966430664,123.21499633789062,123.94000244140625,1367400
2022-09-27,122.50511932373047,126.68499755859375,123.43000030517578,124.875,1855800
2022-09-28,125.65911865234375,128.84500122070312,124.2699966430664,128.08999633789062,1391400
2022-09-29,124.67809295654297,127.65499877929688,125.93499755859375,127.08999633789062,1351600
2022-09-30,122.02442932128906,128.49000549316406,124.26000213623047,124.38500213623047,1591400
2022-10-03,128.45010375976562,131.74000549316406,125.52999877929688,130.93499755859375,2030600
2022-10-04,133.9879913330078,136.97999572753906,133.30999755859375,136.5800018310547,2773400
2022-10-05,133.6593475341797,137.8000030517578,131.55999755859375,136.2449951171875,1541000
2022-10-06,135.9598388671875,139.46499633789062,135.375,138.58999633789062,1924800
2022-10-07,127.55248260498047,136.19000244140625,129.57000732421875,130.02000427246094,2307600
2022-10-10,131.38339233398438,134.53500366210938,129.41000366210938,133.9250030517578,2605800
2022-10-11,131.3392333984375,135.6999969482422,132.09500122070312,133.8800048828125,2746800
2022-10-12,134.7188262939453,137.9550018310547,133.0399932861328,137.3249969482422,2040000
2022-10-13,131.72674560546875,136.69500732421875,128.40499877929688,134.27499389648438,3249400
2022-10-14,127.30724334716797,137.0850067138672,129.60000610351562,129.77000427246094,1608400
2022-10-17,131.02040100097656,135.8350067138672,133.19000244140625,133.55499267578125,1922600
2022-10-18,131.7659912109375,138.72500610351562,133.21499633789062,134.31500244140625,1710400
2022-10-19,127.9056396484375,133.80999755859375,129.36500549316406,130.3800048828125,1585800
2022-10-20,126.38015747070312,132.5399932861328,125.19000244140625,128.8249969482422,2215800
2022-10-21,127.7437744140625,130.38999938964844,126.63500213623047,130.21499633789062,2422400
2022-10-24,132.05535888671875,135.4550018310547,130.22999572753906,134.61000061035156,1699200
2022-10-25,134.4147186279297,139.03500366210938,134.64500427246094,137.01499938964844,2140600
2022-10-26,134.64527893066406,143.32000732421875,131.7550048828125,137.25,3189600
2022-10-27,129.69602966308594,138.3699951171875,130.60499572753906,132.2050018310547,2465600
2022-10-28,132.73228454589844,135.90499877929688,131.42999267578125,135.3000030517578,1352200
2022-10-31,134.6943359375,138.89999389648438,132.0050048828125,137.3000030517578,1758400
2022-11-01,133.84571838378906,140.7949981689453,134.64500427246094,136.43499755859375,2200000
2022-11-02,127.72415161132812,137.2449951171875,129.93499755859375,130.19500732421875,2120800
2022-11-03,129.01910400390625,132.8249969482422,126.30999755859375,131.51499938964844,1665800
2022-11-04,133.3748779296875,136.00999450683594,132.3350067138672,135.9550018310547,1469000
2022-11-07,138.3142852783203,142.00999450683594,136.55999755859375,140.99000549316406,1671400
2022-11-08,142.2776336669922,145.77000427246094,141.10499572753906,145.02999877929688,2857000
2022-11-09,138.25540161132812,145.71499633789062,140.38999938964844,140.92999267578125,1801800
2022-11-10,149.91490173339844,153.125,148.15499877929688,152.81500244140625,2880800
2022-11-11,154.07443237304688,159.5,153.97999572753906,157.05499267578125,2533200
2022-11-14,154.1529083251953,160.59500122070312,155.4149932861328,157.13499450683594,1734400
2022-11-15,156.0266876220703,161.6649932861328,157.5,159.0449981689453,1774200
2022-11-16,150.67027282714844,157.89500427246094,153.30499267578125,153.5850067138672,1505800
2022-11-17,146.54998779296875,150.5,145.8350067138672,149.38499450683594,2101400
2022-11-18,146.3390655517578,151.94500732421875,147.06500244140625,149.1699981689453,1933200
2022-11-21,146.46658325195312,150.1999969482422,147.99000549316406,149.3000030517578,1003400
2022-11-22,145.1422119140625,150.85000610351562,147.1300048828125,147.9499969482422,1712800
2022-11-23,145.6964569091797,150.25999450683594,146.35499572753906,148.51499938964844,1186600
2022-11-25,144.205322265625,148.7899932861328,146.86000061035156,146.9949951171875,454200
2022-11-28,141.42413330078125,148.2550048828125,143.9499969482422,144.16000366210938,1358200
2022-11-29,143.26356506347656,146.4149932861328,143.59500122070312,146.03500366210938,1184400
2022-11-30,148.4335479736328,151.7899932861328,143.4149932861328,151.30499267578125,2237400
2022-12-01,147.58985900878906,151.15499877929688,146.80999755859375,150.44500732421875,1711000
2022-12-02,148.55123901367188,152.52000427246094,146.52499389648438,151.4250030517578,1112400
2022-12-05,142.13046264648438,150.5500030517578,143.88499450683594,144.8800048828125,1405400
2022-12-06,140.9814910888672,144.36000061035156,142.0050048828125,143.55999755859375,1181200
2022-12-07,140.7506866455078,144.72000122070312,142.4499969482422,143.3249969482422,687000
2022-12-08,141.05517578125,144.875,142.5,143.63499450683594,1069200
2022-12-09,143.49061584472656,146.9600067138672,142.5,146.11500549316406,2107400
2022-12-12,148.1896209716797,152.09500122070312,145.4949951171875,150.89999389648438,1826000
2022-12-13,149.58905029296875,160.89500427246094,151.11500549316406,152.3249969482422,2373600
2022-12-14,151.92140197753906,156.46499633789062,151.80999755859375,154.6999969482422,2565800
2022-12-15,146.88357543945312,152.89500427246094,148.4949951171875,149.57000732421875,2242600
2022-12-16,144.79180908203125,150.97500610351562,146.19000244140625,147.44000244140625,4261600
2022-12-19,142.48892211914062,147.52999877929688,143.97500610351562,145.09500122070312,1623800
2022-12-20,139.55262756347656,144.52499389648438,141.1999969482422,142.10499572753906,1313600
2022-12-21,141.07476806640625,145.375,141.53500366210938,143.65499877929688,1564000
2022-12-22,138.45274353027344,142.44500732421875,138.7449951171875,140.98500061035156,1183800
2022-12-23,140.4806365966797,143.65499877929688,140.5,143.0500030517578,861000
2022-12-27,140.80966186523438,144.34500122070312,142.3000030517578,143.38499450683594,1053400
2022-12-28,138.5902099609375,144.25,141.0,141.125,658800
2022-12-29,140.71632385253906,145.3000030517578,142.13999938964844,143.2899932861328,863200
2022-12-30,139.34149169921875,143.2899932861328,140.08999633789062,141.88999938964844,1032200
2023-01-03,138.72280883789062,143.25,139.9949951171875,141.25999450683594,882200
2023-01-04,141.80149841308594,145.1699981689453,142.10499572753906,144.39500427246094,1457400
2023-01-05,138.21212768554688,142.9550018310547,140.1199951171875,140.74000549316406,1178400
2023-01-06,147.64955139160156,151.02000427246094,142.40499877929688,150.35000610351562,2110200
2023-01-09,150.43359375,156.3699951171875,151.38999938964844,153.18499755859375,2109400
2023-01-10,150.54656982421875,153.4250030517578,150.72500610351562,153.3000030517578,923200
2023-01-11,153.7283172607422,157.49000549316406,154.28500366210938,156.5399932861328,1220800
2023-01-12,153.81182861328125,156.99000549316406,153.0500030517578,156.625,1012600
2023-01-13,154.84295654296875,158.27999877929688,154.52499389648438,157.6750030517578,1352800
2023-01-17,154.4648895263672,159.75,156.14500427246094,157.2899932861328,1381800
2023-01-18,154.9951934814453,164.88499450683594,157.72000122070312,157.8300018310547,1732000
2023-01-19,152.57937622070312,158.98500061035156,155.14500427246094,155.3699951171875,1471800
2023-01-20,155.6629638671875,158.5850067138672,154.61500549316406,158.50999450683594,1290400
2023-01-23,158.53050231933594,163.75999450683594,158.22000122070312,161.42999267578125,1474200
2023-01-24,157.568115234375,161.76499938964844,159.25,160.4499969482422,929000
2023-01-25,157.4011688232422,161.3300018310547,157.02999877929688,160.27999877929688,1105800
2023-01-26,156.7579345703125,162.8249969482422,157.25,159.625,1456000
2023-01-27,163.89736938476562,168.98500061035156,158.64500427246094,166.89500427246094,2239000
2023-01-30,158.04930114746094,164.86500549316406,160.52999877929688,160.94000244140625,1652800
2023-01-31,163.62728881835938,166.83999633789062,160.88999938964844,166.6199951171875,1916800
2023-02-01,180.508544921875,187.06500244140625,174.0449981689453,183.80999755859375,5320200
2023-02-02,182.3695068359375,190.90499877929688,184.3800048828125,185.7050018310547,3808800
2023-02-03,182.17311096191406,187.90499877929688,178.85499572753906,185.5050048828125,2037800
2023-02-06,181.46604919433594,186.57000732421875,183.3300018310547,184.78500366210938,1841800
2023-02-07,179.56581115722656,185.44000244140625,180.28500366210938,182.85000610351562,3117200
2023-02-08,179.66397094726562,185.1649932861328,181.0,182.9499969482422,1406400
2023-02-09,174.31185913085938,183.9499969482422,176.72999572753906,177.5,1835000
2023-02-10,171.36575317382812,177.0850067138672,173.66000366210938,174.5,1778200
2023-02-13,174.7832794189453,178.06500244140625,173.0050048828125,177.97999572753906,1926800
2023-02-14,176.12376403808594,179.8000030517578,175.11000061035156,179.34500122070312,1217600
2023-02-15,175.3970489501953,179.25,176.13499450683594,178.60499572753906,1157600
2023-02-16,172.80445861816406,177.90499877929688,173.8800048828125,175.96499633789062,1434600
2023-02-17,174.2333221435547,177.86000061035156,173.94500732421875,177.4199981689453,1304200
2023-02-21,168.27236938476562,175.90499877929688,170.8800048828125,171.35000610351562,1285200
2023-02-22,167.93356323242188,173.9949951171875,170.47500610351562,171.0050048828125,1311000
2023-02-23,169.53916931152344,173.80499267578125,170.31500244140625,172.63999938964844,878000
2023-02-24,166.72073364257812,171.4550018310547,167.60000610351562,169.77000427246094,1428000
2023-02-27,168.12013244628906,173.18499755859375,170.68499755859375,171.19500732421875,948200
2023-02-28,166.778076171875,172.77000427246094,169.22999572753906,169.6300048828125,1748600
2023-03-01,166.45852661132812,171.86000061035156,168.86500549316406,169.30499267578125,1167400
2023-03-02,174.4027099609375,178.5749969482422,167.63499450683594,177.38499450683594,1981800
2023-03-03,174.5452423095703,178.875,174.84500122070312,177.52999877929688,2052600
2023-03-06,173.5079803466797,179.25999450683594,175.97000122070312,176.47500610351562,1422800
2023-03-07,171.95944213867188,177.3249969482422,174.1999969482422,174.89999389648438,1188600
2023-03-08,172.2740936279297,175.97000122070312,172.60000610351562,175.22000122070312,1029800
2023-03-09,168.60191345214844,177.19500732421875,171.25999450683594,171.48500061035156,1146200
2023-03-10,165.3573760986328,172.64999389648438,166.80499267578125,168.18499755859375,1286200
2023-03-13,161.84246826171875,167.14999389648438,161.6699981689453,164.61000061035156,2253200
2023-03-14,163.99073791503906,170.9199981689453,162.9949951171875,166.7949981689453,1671600
2023-03-15,163.4401397705078,166.63499450683594,162.59500122070312,166.23500061035156,1209000
2023-03-16,165.9177703857422,169.99000549316406,164.5,168.7550048828125,1595800
2023-03-17,162.99278259277344,169.69500732421875,165.02499389648438,165.77999877929688,2515600
2023-03-20,163.91207885742188,167.8350067138672,163.19000244140625,166.71499633789062,1302800
2023-03-21,165.24920654296875,170.94000244140625,167.42999267578125,168.0749969482422,1032400
2023-03-22,162.6290283203125,169.9199981689453,165.35499572753906,165.41000366210938,1215200
2023-03-23,161.9801025390625,169.5399932861328,164.02499389648438,164.75,1277800
2023-03-24,161.9801025390625,165.14500427246094,160.4250030517578,164.75,1303800
2023-03-27,164.43316650390625,168.32000732421875,165.43499755859375,167.2449951171875,1328000
2023-03-28,163.22384643554688,168.26499938964844,165.125,166.01499938964844,791000
2023-03-29,162.904296875,168.2050018310547,164.8249969482422,165.69000244140625,1031000
2023-03-30,164.00054931640625,167.7449951171875,166.0850067138672,166.80499267578125,962200
2023-03-31,167.5547637939453,170.6699981689453,165.90499877929688,170.4199981689453,1539600
2023-04-03,164.29551696777344,170.4499969482422,164.07000732421875,167.10499572753906,1403000
2023-04-04,161.59669494628906,167.8300018310547,163.44000244140625,164.36000061035156,1399200
2023-04-05,159.75323486328125,163.49000549316406,160.38499450683594,162.48500061035156,1443200
2023-04-06,160.146484375,164.51499938964844,160.39999389648438,162.88499450683594,978000
2023-04-10,164.5806427001953,167.5749969482422,160.6999969482422,167.39500427246094,1142400
2023-04-11,167.136962890625,170.75,167.78500366210938,169.9949951171875,1060000
2023-04-12,167.17137145996094,172.82000732421875,168.97000122070312,170.02999877929688,969800
2023-04-13,163.5876007080078,170.69000244140625,163.53500366210938,166.38499450683594,1617000
2023-04-14,166.48800659179688,170.30499267578125,165.4600067138672,169.3350067138672,1090400
2023-04-17,167.54495239257812,170.86500549316406,168.08999633789062,170.41000366210938,796000
2023-04-18,168.81324768066406,175.19500732421875,170.2449951171875,171.6999969482422,1143000
2023-04-19,170.0963592529297,173.38499450683594,170.50999450683594,173.0050048828125,878000
2023-04-20,170.52896118164062,175.5,171.0,173.44500732421875,1246800
2023-04-21,171.49244689941406,176.66000366210938,173.17999267578125,174.4250030517578,1412000
2023-04-24,174.240478515625,178.35000610351562,174.08999633789062,177.22000122070312,1536600
2023-04-25,166.83216857910156,174.09500122070312,169.31500244140625,169.68499755859375,1491200
2023-04-26,150.1916961669922,162.82000732421875,149.2100067138672,152.75999450683594,4978200
2023-04-27,153.97206115722656,157.98500061035156,151.61500549316406,156.60499572753906,2157800
2023-04-28,157.501708984375,162.1649932861328,156.8249969482422,160.19500732421875,2221000
2023-05-01,156.19895935058594,160.875,157.86500549316406,158.8699951171875,1618200
2023-05-02,155.13221740722656,159.50999450683594,154.84500122070312,157.78500366210938,1275200
2023-05-03,157.6393585205078,163.5449981689453,158.3249969482422,160.3350067138672,1494200
2023-05-04,153.4952392578125,160.35000610351562,155.85499572753906,156.1199951171875,1543000
2023-05-05,155.82046508789062,159.56500244140625,156.41000366210938,158.48500061035156,1194800
2023-05-08,153.20025634765625,160.19500732421875,155.0800018310547,155.82000732421875,1398800
2023-05-09,153.4509735107422,157.0449981689453,153.1750030517578,156.0749969482422,1240000
2023-05-10,154.5619659423828,159.44000244140625,155.69000244140625,157.2050018310547,1328200
2023-05-11,152.60052490234375,157.5050048828125,154.2100067138672,155.2100067138672,1239200
2023-05-12,151.44528198242188,156.97500610351562,152.22999572753906,154.03500366210938,1263800
2023-05-15,150.66366577148438,154.6300048828125,152.44000244140625,153.24000549316406,1160200
2023-05-16,146.70626831054688,152.21499633789062,149.1699981689453,149.21499633789062,1413600
2023-05-17,149.3264923095703,152.61000061035156,149.90499877929688,151.8800048828125,1435200
2023-05-18,150.63902282714844,154.63499450683594,150.4949951171875,153.21499633789062,1374600
2023-05-19,148.1712646484375,154.44500732421875,150.07000732421875,150.7050018310547,1188600
2023-05-22,148.53501892089844,153.19500732421875,149.44500732421875,151.0749969482422,1185200
2023-05-23,148.11715698242188,150.78500366210938,148.6750030517578,150.64999389648438,1591600
2023-05-24,147.71408081054688,151.08999633789062,147.89999389648438,150.24000549316406,1798600
2023-05-25,152.48744201660156,155.63999938964844,150.76499938964844,155.09500122070312,2173600
2023-05-26,155.26004028320312,159.42999267578125,154.64999389648438,157.9149932861328,1898200
2023-05-30,156.12030029296875,159.9199981689453,157.3699951171875,158.7899932861328,1513000
2023-05-31,152.61036682128906,158.5800018310547,153.31500244140625,155.22000122070312,4858200
2023-06-01,156.1547393798828,159.07000732421875,154.13499450683594,158.8249969482422,1539600
2023-06-02,157.1477813720703,162.30999755859375,158.09500122070312,159.8350067138672,1855400
2023-06-05,154.1637725830078,160.53500366210938,156.6999969482422,156.8000030517578,1644400
2023-06-06,151.37289428710938,156.5050048828125,149.0,153.76499938964844,2736000
2023-06-07,155.59124755859375,158.69000244140625,153.60499572753906,158.0500030517578,2408800
2023-06-08,155.9751739501953,159.27999877929688,155.86000061035156,158.44000244140625,1702200
2023-06-09,150.71331787109375,158.50999450683594,152.55499267578125,153.09500122070312,1493400
2023-06-12,150.68873596191406,153.27000427246094,149.44500732421875,153.07000732421875,1917800
2023-06-13,153.622314453125,156.36500549316406,153.1699981689453,156.0500030517578,1524800
2023-06-14,157.8653106689453,161.1750030517578,155.11500549316406,160.36000061035156,1781200
2023-06-15,161.63076782226562,164.75,159.8300018310547,164.18499755859375,1586200
2023-06-16,160.1984100341797,167.89500427246094,162.5800018310547,162.72999572753906,2666600
2023-06-20,157.81112670898438,162.9250030517578,159.57000732421875,160.30499267578125,1159400
2023-06-21,160.7841796875,163.8350067138672,158.59500122070312,163.3249969482422,1741600
2023-06-22,162.8810272216797,167.4499969482422,162.77000427246094,165.4550018310547,1560000
2023-06-23,160.77432250976562,166.33999633789062,163.13999938964844,163.31500244140625,1735400
2023-06-26,164.6678009033203,168.61000061035156,163.3000030517578,167.27000427246094,1522000
2023-06-27,176.8404083251953,179.89500427246094,168.42999267578125,179.63499450683594,3144200
2023-06-28,182.2647247314453,186.52999877929688,180.1699981689453,185.14500427246094,2674600
2023-06-29,184.95223999023438,188.36500549316406,184.11500549316406,187.875,1828000
2023-06-30,181.99888610839844,188.64999389648438,181.4600067138672,184.875,2281800
2023-07-03,181.0735321044922,184.91000366210938,182.0399932861328,183.93499755859375,837200
2023-07-05,181.00460815429688,186.0,181.25,183.86500549316406,1433400
2023-07-06,180.1826171875,183.8300018310547,180.9600067138672,183.02999877929688,1320400
2023-07-07,182.0924530029297,189.2899932861328,184.47999572753906,184.97000122070312,1893800
2023-07-10,184.46005249023438,188.86000061035156,183.90499877929688,187.375,1356200
2023-07-11,186.0154266357422,189.55999755859375,185.98500061035156,188.9550018310547,1815200
2023-07-12,184.95716857910156,190.875,185.57000732421875,187.8800048828125,1429600
2023-07-13,185.73487854003906,189.8249969482422,186.76499938964844,188.6699981689453,1404200
2023-07-14,185.94650268554688,189.5800018310547,187.9199981689453,188.88499450683594,1041200
2023-07-17,188.65866088867188,192.9550018310547,186.8699951171875,191.63999938964844,1738200
2023-07-18,194.03375244140625,205.78500366210938,196.8000030517578,197.10000610351562,3142600
2023-07-19,194.52598571777344,199.68499755859375,195.9149932861328,197.60000610351562,2407200
2023-07-20,196.0813751220703,203.14500427246094,196.68499755859375,199.17999267578125,2580800
2023-07-21,194.17649841308594,202.1649932861328,196.0800018310547,197.2449951171875,4589200
2023-07-24,191.7006072998047,195.3699951171875,188.27000427246094,194.72999572753906,1803800
2023-07-25,194.609619140625,199.5850067138672,194.71499633789062,197.68499755859375,1749600
2023-07-26,207.10220336914062,211.6699981689453,200.60000610351562,210.375,2647800
2023-07-27,202.85926818847656,212.22500610351562,204.4499969482422,206.06500244140625,1983600
2023-07-28,210.46900939941406,214.39999389648438,207.14999389648438,213.7949981689453,2082200
2023-07-31,206.4820098876953,214.6199951171875,207.5449981689453,209.7449951171875,1483800
2023-08-01,203.10536193847656,210.3300018310547,199.6750030517578,206.31500244140625,2181600
2023-08-02,201.11187744140625,206.98500061035156,203.22000122070312,204.2899932861328,1409000
2023-08-03,203.30718994140625,208.7050018310547,203.11000061035156,206.52000427246094,1756200
2023-08-04,200.3883056640625,208.88999938964844,201.75,203.55499267578125,1595000
2023-08-07,201.4958038330078,208.7050018310547,200.94000244140625,204.67999267578125,1254800
2023-08-08,201.3678436279297,204.8350067138672,201.3350067138672,204.5500030517578,1002200
2023-08-09,197.59739685058594,204.2949981689453,200.02999877929688,200.72000122070312,1362800
2023-08-10,199.81736755371094,204.8249969482422,200.30499267578125,202.97500610351562,935600
2023-08-11,202.19476318359375,206.22999572753906,201.80999755859375,205.38999938964844,1155800
2023-08-14,204.7592315673828,209.3000030517578,203.47999572753906,207.9949951171875,1180000
2023-08-15,201.6336212158203,208.99000549316406,204.36000061035156,204.82000732421875,1116600
2023-08-16,200.3833770751953,212.1699981689453,202.64999389648438,203.5500030517578,1433600
2023-08-17,194.0189666748047,205.02000427246094,196.80499267578125,197.0850067138672,1463400
2023-08-18,193.68421936035156,197.81500244140625,194.125,196.7449951171875,1740200
2023-08-21,198.4193878173828,204.78500366210938,198.46499633789062,201.55499267578125,1448800
2023-08-22,199.3497314453125,203.07000732421875,199.9199981689453,202.5,1425200
2023-08-23,203.11520385742188,206.7050018310547,200.73500061035156,206.3249969482422,1177000
2023-08-24,201.1709747314453,207.6649932861328,204.2449951171875,204.35000610351562,1139600
2023-08-25,201.33831787109375,206.2550048828125,201.26499938964844,204.52000427246094,778400
2023-08-28,204.95616149902344,210.10000610351562,205.47000122070312,208.19500732421875,1053600
2023-08-29,210.57235717773438,214.6999969482422,206.88499450683594,213.89999389648438,1253600
2023-08-30,211.80783081054688,216.1999969482422,213.2949981689453,215.15499877929688,1040000
2023-08-31,210.36073303222656,215.0050048828125,211.3350067138672,213.68499755859375,1694000
2023-09-01,214.5446014404297,219.02499389648438,214.2899932861328,217.93499755859375,1022200
2023-09-05,208.61773681640625,216.76499938964844,209.1699981689453,211.72000122070312,1383400
2023-09-06,208.82464599609375,215.72500610351562,210.1649932861328,211.92999267578125,1036400
2023-09-07,213.20452880859375,218.5399932861328,210.97999572753906,216.375,1904600
2023-09-08,207.53880310058594,216.39500427246094,210.36500549316406,210.625,1134800
2023-09-11,209.898681640625,213.69000244140625,210.26499938964844,213.02000427246094,971400
2023-09-12,207.8343963623047,214.2449951171875,210.36500549316406,210.9250030517578,1042800
2023-09-13,204.82415771484375,213.22000122070312,207.4149932861328,207.8699951171875,1567000
2023-09-14,200.5083465576172,210.72999572753906,201.86000061035156,203.49000549316406,1856600
2023-09-15,201.79916381835938,204.97500610351562,200.02499389648438,204.8000030517578,3254600
2023-09-18,201.91737365722656,206.49000549316406,203.5,204.9199981689453,1041600
2023-09-19,200.16343688964844,204.89999389648438,200.63499450683594,203.13999938964844,1045600
2023-09-20,200.9517364501953,206.5399932861328,203.77999877929688,203.94000244140625,880400
2023-09-21,197.13351440429688,203.3300018310547,198.58999633789062,200.06500244140625,1109600
2023-09-22,197.3946075439453,203.94000244140625,199.69500732421875,200.3300018310547,840000
2023-09-25,201.26211547851562,205.6750030517578,200.16000366210938,204.2550048828125,678800
2023-09-26,196.58175659179688,203.06500244140625,198.89500427246094,199.5050048828125,675800
2023-09-27,197.01528930664062,202.52000427246094,198.4600067138672,199.94500732421875,1242200
2023-09-28,200.0501251220703,204.5399932861328,198.3300018310547,203.02499389648438,1501200
2023-09-29,201.57252502441406,207.3699951171875,203.61000061035156,204.57000732421875,1517800
2023-10-02,198.64109802246094,203.93499755859375,198.9250030517578,201.59500122070312,1200200
2023-10-03,197.00543212890625,204.47000122070312,198.47000122070312,199.93499755859375,1045200
2023-10-04,198.62632751464844,202.47999572753906,199.5050048828125,201.5800018310547,1298400
2023-10-05,198.6854705810547,203.9600067138672,199.43499755859375,201.63999938964844,1001200
2023-10-06,203.68115234375,207.72999572753906,200.61000061035156,206.7100067138672,1202600
2023-10-09,207.9920654296875,211.72000122070312,203.75999450683594,211.0850067138672,908400
2023-10-10,209.44049072265625,214.85000610351562,210.5850067138672,212.55499267578125,823800
2023-10-11,209.7607421875,213.49000549316406,210.86500549316406,212.8800048828125,757600
2023-10-12,208.92811584472656,214.09500122070312,209.91000366210938,212.03500366210938,664200
2023-10-13,199.572265625,214.0,201.22000122070312,202.5399932861328,1187600
2023-10-16,203.18846130371094,212.0449981689453,203.99000549316406,206.2100067138672,1283200
2023-10-17,205.51390075683594,210.35000610351562,205.68499755859375,208.57000732421875,819800
2023-10-18,197.98582458496094,207.65499877929688,200.73500061035156,200.92999267578125,1401200
2023-10-19,195.3204803466797,203.72999572753906,197.25,198.22500610351562,1374200
2023-10-20,193.63552856445312,202.125,193.33999633789062,196.51499938964844,1404400
2023-10-23,190.9898681640625,197.75,193.625,193.8300018310547,1291600
2023-10-24,190.12277221679688,196.08999633789062,190.03500366210938,192.9499969482422,1934400
2023-10-25,182.786865234375,198.7050018310547,178.5,185.5050048828125,3089400
2023-10-26,182.18580627441406,187.4149932861328,180.65499877929688,184.89500427246094,2459800
2023-10-27,181.53053283691406,192.1300048828125,181.80499267578125,184.22999572753906,1871600
2023-10-30,186.79229736328125,189.93499755859375,183.0399932861328,189.57000732421875,1600400
2023-10-31,185.57046508789062,191.4550018310547,187.02499389648438,188.3300018310547,1175800
2023-11-01,192.46298217773438,195.89999389648438,188.47000122070312,195.3249969482422,1903000
2023-11-02,191.56629943847656,198.88499450683594,193.1649932861328,194.4149932861328,1630200
2023-11-03,193.29559326171875,197.63999938964844,194.39999389648438,196.1699981689453,1029000
2023-11-06,194.1331329345703,197.06500244140625,192.40499877929688,197.02000427246094,981400
2023-11-07,195.27615356445312,200.58999633789062,195.2050018310547,198.17999267578125,1286200
2023-11-08,192.2166290283203,199.9600067138672,194.71499633789062,195.0749969482422,1940800
2023-11-09,189.97499084472656,197.6199951171875,190.1199951171875,192.8000030517578,1435000
2023-11-10,193.43849182128906,196.63499450683594,192.68499755859375,196.31500244140625,1167000
2023-11-13,192.64035034179688,196.21499633789062,193.36500549316406,195.5050048828125,926400
2023-11-14,199.44908142089844,203.61500549316406,198.4149932861328,202.4149932861328,1411200
2023-11-15,198.4193878173828,205.66000366210938,201.0800018310547,201.3699951171875,1240400
2023-11-16,195.9806671142578,202.97500610351562,197.30999755859375,198.89500427246094,1086800
2023-11-17,197.02020263671875,201.30999755859375,198.93499755859375,199.9499969482422,1047800
2023-11-20,198.18783569335938,201.875,198.94000244140625,201.13499450683594,691600
2023-11-21,199.47372436523438,202.97500610351562,200.2100067138672,202.44000244140625,590600
2023-11-22,198.91700744628906,205.71499633789062,201.5749969482422,201.875,800200
2023-11-24,199.19781494140625,203.22999572753906,201.43499755859375,202.16000366210938,299000
2023-11-27,196.4043426513672,200.34500122070312,196.05999755859375,199.3249969482422,840200
2023-11-28,190.85191345214844,198.96499633789062,190.00999450683594,193.69000244140625,1559200
2023-11-29,189.142333984375,196.5,191.07000732421875,191.9550018310547,1395200
2023-11-30,191.6796417236328,194.88499450683594,188.4499969482422,194.52999877929688,2585200
2023-12-01,199.8974151611328,203.92999267578125,193.11000061035156,202.8699951171875,1637800
2023-12-04,198.9908905029297,203.61000061035156,199.19500732421875,201.9499969482422,1077400
2023-12-05,194.69546508789062,201.66000366210938,197.13999938964844,197.39500427246094,1554200
2023-12-06,183.89520263671875,198.24000549316406,185.2550048828125,186.44500732421875,2349000
2023-12-07,184.93081665039062,187.80499267578125,183.52499389648438,187.4949951171875,2211600
2023-12-08,182.19874572753906,190.27000427246094,184.50999450683594,184.72500610351562,2066000
2023-12-11,186.8492431640625,191.51499938964844,185.8699951171875,189.44000244140625,2280000
2023-12-12,188.50624084472656,192.33999633789062,189.0050048828125,191.1199951171875,2082400
2023-12-13,189.4038543701172,192.0449981689453,187.4250030517578,192.02999877929688,1621200
2023-12-14,188.6443634033203,194.86500549316406,190.125,191.25999450683594,2194400
2023-12-15,193.83734130859375,199.02999877929688,191.98500061035156,196.52499389648438,2914200
2023-12-18,193.85215759277344,200.0050048828125,194.5850067138672,196.5399932861328,1079200
2023-12-19,197.79249572753906,202.10499572753906,197.3350067138672,200.53500366210938,933000
2023-12-20,198.26593017578125,207.97500610351562,197.57000732421875,201.01499938964844,1627000
2023-12-21,201.80686950683594,205.4499969482422,201.4949951171875,204.60499572753906,1031600
2023-12-22,203.66110229492188,207.68499755859375,204.3000030517578,206.48500061035156,811000
2023-12-26,205.1554412841797,208.97999572753906,206.6699981689453,208.0,625400
2023-12-27,203.97183227539062,209.46499633789062,205.61000061035156,206.8000030517578,682000
2023-12-28,202.7191925048828,208.0500030517578,204.22000122070312,205.52999877929688,639400
2023-12-29,199.89337158203125,206.5500030517578,201.80999755859375,202.6649932861328,775000
2024-01-02,196.15028381347656,203.52499389648438,197.10499572753906,198.8699951171875,1171200
2024-01-03,189.92657470703125,196.9949951171875,192.10499572753906,192.55999755859375,1776200
2024-01-04,191.96826171875,195.08999633789062,190.01499938964844,194.6300048828125,1423200
2024-01-05,189.2608184814453,194.65499877929688,191.23500061035156,191.88499450683594,1093800
2024-01-08,193.66966247558594,196.77000427246094,192.40499877929688,196.35499572753906,1090400
2024-01-09,192.70802307128906,197.36500549316406,193.01499938964844,195.3800048828125,1060800
2024-01-10,192.83624267578125,195.60000610351562,191.4550018310547,195.50999450683594,1195200
2024-01-11,191.76112365722656,196.41000366210938,191.83999633789062,194.4199981689453,1334600
2024-01-12,191.77593994140625,195.6750030517578,191.5500030517578,194.43499755859375,1116000
2024-01-16,188.78244018554688,194.0399932861328,190.125,191.39999389648438,934600
2024-01-17,186.34622192382812,189.53500366210938,187.19000244140625,188.92999267578125,957000
2024-01-18,188.58517456054688,191.9550018310547,188.7449951171875,191.1999969482422,1294800
2024-01-19,190.96713256835938,194.36500549316406,190.41000366210938,193.61500549316406,1675000
2024-01-22,198.10813903808594,200.97500610351562,194.97500610351562,200.85499572753906,1730200
2024-01-23,194.4241943359375,202.64999389648438,196.61000061035156,197.1199951171875,1311200
2024-01-24,193.16171264648438,199.2100067138672,195.6649932861328,195.83999633789062,1101800
2024-01-25,195.01602172851562,199.7100067138672,195.7100067138672,197.72000122070312,1043600
2024-01-26,193.64996337890625,199.5,194.4600067138672,196.3350067138672,901000
2024-01-29,195.8987579345703,198.72500610351562,194.1300048828125,198.61500549316406,1169800
2024-01-30,195.22808837890625,199.80999755859375,196.3800048828125,197.93499755859375,1463800
2024-01-31,192.83624267578125,206.27999877929688,190.01499938964844,195.50999450683594,2933000
2024-02-01,193.41323852539062,196.8000030517578,188.08999633789062,196.09500122070312,2317200
2024-02-02,201.55039978027344,205.47999572753906,192.8350067138672,204.34500122070312,2262400
2024-02-05,204.38607788085938,207.77999877929688,201.38999938964844,207.22000122070312,1772800
2024-02-06,209.86512756347656,213.82000732421875,207.5,212.77499389648438,1645600
2024-02-07,213.26795959472656,224.22500610351562,215.28500366210938,216.22500610351562,2334200
2024-02-08,214.60438537597656,218.66000366210938,214.30499267578125,217.5800018310547,1351600
2024-02-09,214.68824768066406,218.94000244140625,214.3350067138672,217.6649932861328,1610200
2024-02-12,211.61585998535156,218.5500030517578,213.8249969482422,214.5500030517578,1296600
2024-02-13,209.0711212158203,214.39500427246094,209.4199981689453,211.97000122070312,1883800
2024-02-14,212.61695861816406,216.375,211.97999572753906,215.56500244140625,1422800
2024-02-15,213.20872497558594,217.4600067138672,212.51499938964844,216.1649932861328,1015800
2024-02-16,208.82948303222656,217.22500610351562,211.58999633789062,211.72500610351562,1150800
2024-02-20,206.83712768554688,211.93499755859375,206.13499450683594,209.7050018310547,1258800
2024-02-21,209.307861328125,212.7550048828125,208.75999450683594,212.2100067138672,1000400
2024-02-22,215.47732543945312,218.72999572753906,214.38999938964844,218.46499633789062,1029800
2024-02-23,217.09982299804688,222.6999969482422,218.88999938964844,220.11000061035156,1027400
2024-02-26,219.89602661132812,223.64500427246094,219.01499938964844,222.94500732421875,1776600
2024-02-27,217.51405334472656,223.4250030517578,218.38499450683594,220.52999877929688,1787400
2024-02-28,213.48985290527344,219.25999450683594,215.7899932861328,216.4499969482422,1037000
2024-02-29,218.21435546875,221.9600067138672,217.0749969482422,221.24000549316406,1938000
2024-03-01,219.10205078125,223.68499755859375,219.4949951171875,222.13999938964844,2127600
2024-03-04,220.06370544433594,226.1699981689453,222.56500244140625,223.11500549316406,1386200
2024-03-05,212.34657287597656,222.96499633789062,212.2899932861328,215.0399932861328,2101600
2024-03-06,215.00289916992188,219.88999938964844,214.09500122070312,217.72999572753906,1293200
2024-03-07,218.76025390625,223.28500366210938,219.7949981689453,221.53500366210938,1078600
2024-03-08,211.4628143310547,222.44500732421875,214.02000427246094,214.14500427246094,990600
2024-03-11,213.72906494140625,217.1750030517578,213.8350067138672,216.44000244140625,1128800
2024-03-12,217.7530059814453,221.4499969482422,215.5,220.51499938964844,855800
2024-03-13,214.1931915283203,221.6699981689453,216.48500061035156,216.91000366210938,858600
2024-03-14,210.61358642578125,218.6750030517578,210.0050048828125,213.28500366210938,1946600
2024-03-15,207.91775512695312,214.33999633789062,210.13499450683594,210.55499267578125,3263600
2024-03-18,206.74761962890625,213.56500244140625,209.15499877929688,209.3699951171875,1057600
2024-03-19,209.37925720214844,212.47500610351562,208.3249969482422,212.03500366210938,1066000
2024-03-20,214.4104461669922,217.21499633789062,210.94500732421875,217.1300048828125,883200
2024-03-21,219.62429809570312,223.60499572753906,219.33999633789062,222.41000366210938,926000
2024-03-22,217.7727813720703,222.44500732421875,218.8249969482422,220.53500366210938,860200
2024-03-25,214.79058837890625,220.32000732421875,216.30499267578125,217.51499938964844,801400
2024-03-26,213.94630432128906,219.73500061035156,216.13499450683594,216.66000366210938,701400
2024-03-27,211.29495239257812,219.66000366210938,211.875,213.97500610351562,1017600
2024-03-28,216.5631103515625,220.7100067138672,213.2100067138672,219.30999755859375,1213300
2024-04-01,215.3880157470703,221.0,216.5800018310547,218.1199951171875,1071900
2024-04-02,213.85743713378906,217.47999572753906,213.89999389648438,216.57000732421875,932900
2024-04-03,217.0864715576172,222.1300048828125,216.5800018310547,219.83999633789062,1017400
2024-04-04,215.32875061035156,224.8000030517578,216.5800018310547,218.05999755859375,894300
2024-04-05,221.7572479248047,224.99000549316406,219.63999938964844,224.57000732421875,740700
2024-04-08,221.87571716308594,227.8000030517578,224.5,224.69000244140625,749600
2024-04-09,219.73292541503906,224.7100067138672,216.2100067138672,222.52000427246094,886100
2024-04-10,212.34657287597656,219.1999969482422,214.02000427246094,215.0399932861328,974100
2024-04-11,217.037109375,220.94000244140625,213.5399932861328,219.7899932861328,856300
2024-04-12,218.3603515625,221.6300048828125,216.7100067138672,221.1300048828125,1612700
2024-04-15,217.19509887695312,225.77999877929688,218.7899932861328,219.9499969482422,1102700
2024-04-16,217.71844482421875,221.47000122070312,218.17999267578125,220.47999572753906,1481000
2024-04-17,208.1695556640625,217.94000244140625,207.1199951171875,210.80999755859375,2480700
2024-04-18,205.217041015625,213.6300048828125,207.6699981689453,207.82000732421875,1071900
2024-04-19,209.1669158935547,212.86000061035156,208.82000732421875,211.82000732421875,1540000
2024-04-22,208.93980407714844,215.0500030517578,208.61000061035156,211.58999633789062,1052800
2024-04-23,216.5334930419922,220.32000732421875,210.99000549316406,219.27999877929688,1437800
2024-04-24,192.61685180664062,216.94000244140625,188.99000549316406,195.05999755859375,4479500
2024-04-25,194.1968231201172,198.77999877929688,192.3000030517578,196.66000366210938,2605000
2024-04-26,180.13516235351562,191.49000549316406,181.3000030517578,182.4199981689453,3473800
2024-04-29,181.932373046875,186.97999572753906,180.72000122070312,184.24000549316406,2372600
2024-04-30,179.43408203125,184.6999969482422,180.80999755859375,181.7100067138672,1822700
2024-05-01,180.2042999267578,186.19000244140625,179.1999969482422,182.49000549316406,2267900
2024-05-02,181.10289001464844,185.25999450683594,181.7899932861328,183.39999389648438,1452200
2024-05-03,182.74209594726562,189.60000610351562,184.3300018310547,185.05999755859375,1640300
2024-05-06,177.9232177734375,185.77000427246094,179.77000427246094,180.17999267578125,2069200
2024-05-07,182.47547912597656,185.60000610351562,181.19000244140625,184.7899932861328,1749300
2024-05-08,179.4241943359375,186.7899932861328,181.67999267578125,181.6999969482422,1208300
2024-05-09,180.8659210205078,187.3699951171875,181.9199981689453,183.16000366210938,1643900
2024-05-10,182.72232055664062,186.64999389648438,183.41000366210938,185.0399932861328,1112400
2024-05-13,179.7401885986328,185.91000366210938,181.8699951171875,182.02000427246094,1522500
2024-05-14,179.6612091064453,185.9600067138672,180.4199981689453,181.94000244140625,2206300
2024-05-15,181.61639404296875,185.75,182.3699951171875,183.9199981689453,2406600
2024-05-16,179.8883056640625,184.32000732421875,180.8699951171875,182.1699981689453,1924800
2024-05-17,180.77703857421875,184.92999267578125,181.19000244140625,183.07000732421875,2175200
2024-05-20,176.72837829589844,183.0,178.69000244140625,178.97000122070312,1458500
2024-05-21,173.26234436035156,179.1699981689453,174.7100067138672,175.4600067138672,2666800
2024-05-22,170.3295440673828,175.7899932861328,172.25,172.49000549316406,2957400
2024-05-23,169.4210662841797,172.49000549316406,169.75999450683594,171.57000732421875,1995200
2024-05-24,170.89239501953125,173.9600067138672,170.9600067138672,173.05999755859375,1852300
2024-05-28,171.13925170898438,173.75,170.33999633789062,173.30999755859375,2523600
2024-05-29,169.1544647216797,173.10000610351562,170.55999755859375,171.3000030517578,2285300
2024-05-30,170.8726348876953,174.0800018310547,170.57000732421875,173.0399932861328,1654400
2024-05-31,173.05496215820312,175.41000366210938,171.99000549316406,175.25,2655800
2024-06-03,167.20912170410156,177.99000549316406,168.25,169.3300018310547,2440400
2024-06-04,169.98391723632812,182.0,171.9600067138672,172.13999938964844,2962000
2024-06-05,173.76177978515625,177.5800018310547,172.6699981689453,175.6999969482422,1572800
2024-06-06,167.96641540527344,171.2899932861328,165.49000549316406,169.83999633789062,2684300
2024-06-07,166.67086791992188,170.25,165.88999938964844,168.52999877929688,1502900
2024-06-10,169.23231506347656,171.97000122070312,167.22000122070312,171.1199951171875,1842100
2024-06-11,171.99151611328125,174.1300048828125,168.77999877929688,173.91000366210938,1809600
2024-06-12,172.86181640625,178.35000610351562,173.88999938964844,174.7899932861328,1467400
2024-06-13,171.0025634765625,173.67999267578125,169.82000732421875,172.91000366210938,1121400
2024-06-14,170.83444213867188,173.1199951171875,166.8300018310547,172.74000549316406,2149000
2024-06-17,172.00140380859375,174.11000061035156,170.92999267578125,173.9199981689453,1664600
2024-06-18,171.3882598876953,174.69000244140625,172.02000427246094,173.3000030517578,1516500
2024-06-20,172.7233428955078,176.80999755859375,173.30999755859375,174.64999389648438,1689000
2024-06-21,172.96070861816406,176.47999572753906,173.11000061035156,174.88999938964844,2173400
2024-06-24,174.12770080566406,178.83999633789062,174.0500030517578,176.07000732421875,1524400
2024-06-25,172.92115783691406,175.72000122070312,172.4499969482422,174.85000610351562,1251000
2024-06-26,174.09800720214844,178.6199951171875,174.97999572753906,176.0399932861328,1456000
2024-06-27,172.44647216796875,177.1999969482422,173.64999389648438,174.3699951171875,1150600
2024-06-28,174.65184020996094,178.4199981689453,174.97000122070312,176.60000610351562,3118700
2024-07-01,176.7286834716797,180.58999633789062,175.64999389648438,178.6999969482422,1863000
2024-07-02,180.16041564941406,182.69000244140625,178.3000030517578,182.1699981689453,2515200
2024-07-03,179.86370849609375,184.2100067138672,181.25999450683594,181.8699951171875,919800
2024-07-05,180.75381469726562,183.67999267578125,180.8699951171875,182.77000427246094,1195400
2024-07-08,179.06265258789062,183.10000610351562,177.99000549316406,181.05999755859375,1595900
2024-07-09,176.44189453125,181.5,177.4199981689453,178.41000366210938,1188700
2024-07-10,180.11093139648438,182.32000732421875,177.83999633789062,182.1199951171875,1375400
2024-07-11,184.6997833251953,187.6999969482422,182.63999938964844,186.75999450683594,1569900
2024-07-12,188.12161254882812,193.57000732421875,187.4600067138672,190.22000122070312,1876600
2024-07-15,193.0961151123047,197.77000427246094,190.0,195.25,2008800
2024-07-16,201.59136962890625,204.1199951171875,195.77000427246094,203.83999633789062,2009600
2024-07-17,196.48826599121094,204.35000610351562,198.6699981689453,198.67999267578125,2325100
2024-07-18,193.30381774902344,200.0399932861328,193.88999938964844,195.4600067138672,1581400
2024-07-19,193.31370544433594,197.3800048828125,193.61000061035156,195.47000122070312,1228300
2024-07-22,193.15545654296875,199.2899932861328,192.8800048828125,195.30999755859375,1341200
2024-07-23,191.71156311035156,196.14999389648438,192.66000366210938,193.85000610351562,1826000
2024-07-24,192.47305297851562,200.55999755859375,182.86000061035156,194.6199951171875,3328700
2024-07-25,203.43084716796875,210.52000427246094,194.64999389648438,205.6999969482422,3154100
2024-07-26,200.69140625,206.97000122070312,199.4199981689453,202.92999267578125,2484000
2024-07-29,199.27716064453125,206.8000030517578,200.49000549316406,201.5,1270500
2024-07-30,202.76824951171875,208.0,203.2899932861328,205.02999877929688,1209900
2024-07-31,207.8614044189453,214.22999572753906,205.61000061035156,210.17999267578125,1643600
2024-08-01,200.95840454101562,216.5399932861328,202.57000732421875,203.1999969482422,2034300
2024-08-02,192.96755981445312,200.0,191.10000610351562,195.1199951171875,2107000
2024-08-05,192.11705017089844,198.3699951171875,187.0,194.25999450683594,1645800
2024-08-06,195.67730712890625,202.64999389648438,194.5,197.86000061035156,1537400
2024-08-07,191.01927185058594,199.22999572753906,193.1199951171875,193.14999389648438,2497000
2024-08-08,193.83782958984375,197.8800048828125,192.6999969482422,196.0,2529200
2024-08-09,191.098388671875,197.47000122070312,190.7899932861328,193.22999572753906,2169900
2024-08-12,188.51718139648438,193.83999633789062,189.2100067138672,190.6199951171875,1500900
2024-08-13,192.86866760253906,195.2899932861328,190.85000610351562,195.02000427246094,1086900
2024-08-14,190.87094116210938,197.77999877929688,192.08999633789062,193.0,820000
2024-08-15,194.9652557373047,201.55999755859375,196.63999938964844,197.13999938964844,1304900
2024-08-16,197.9618377685547,200.49000549316406,194.77999877929688,200.1699981689453,1194000
2024-08-19,197.9519500732422,200.9199981689453,198.3000030517578,200.16000366210938,755100
2024-08-20,196.55751037597656,201.9600067138672,198.52999877929688,198.75,911000
2024-08-21,200.66171264648438,203.22000122070312,199.35000610351562,202.89999389648438,913300
2024-08-22,198.6837921142578,205.11000061035156,199.6999969482422,200.89999389648438,860600
2024-08-23,201.5221405029297,204.77000427246094,201.02999877929688,203.77000427246094,589000
2024-08-26,196.92343139648438,205.08999633789062,198.7100067138672,199.1199951171875,873400
2024-08-27,190.7324981689453,198.97000122070312,191.5399932861328,192.86000061035156,1035600
2024-08-28,192.0576934814453,195.42999267578125,192.0800018310547,194.1999969482422,742700
2024-08-29,190.00064086914062,195.6300048828125,191.1199951171875,192.1199951171875,873500
2024-08-30,190.6731414794922,193.10000610351562,188.60000610351562,192.8000030517578,1451600
2024-09-03,192.6313018798828,196.3800048828125,189.9600067138672,194.77999877929688,1400200
2024-09-04,193.74041748046875,199.39999389648438,194.3000030517578,195.63999938964844,1103800
2024-09-05,184.2534637451172,187.77999877929688,179.82000732421875,186.05999755859375,2693700
2024-09-06,183.02549743652344,187.4199981689453,182.86000061035156,184.82000732421875,1429800
2024-09-09,187.9373321533203,190.99000549316406,185.77000427246094,189.77999877929688,1445200
2024-09-10,189.30392456054688,191.72000122070312,188.27999877929688,191.16000366210938,1001900
2024-09-11,187.01637268066406,190.5500030517578,182.8000030517578,188.85000610351562,1310100
2024-09-12,189.4029541015625,191.69000244140625,187.33999633789062,191.25999450683594,887600
2024-09-13,190.73985290527344,193.8000030517578,190.0800018310547,192.61000061035156,989200
2024-09-16,190.05654907226562,195.17999267578125,190.33999633789062,191.9199981689453,863800
2024-09-17,192.7699737548828,197.19000244140625,192.5399932861328,194.66000366210938,840900
2024-09-18,194.83966064453125,201.19000244140625,194.42999267578125,196.75,1245400
2024-09-19,202.53421020507812,206.5399932861328,201.9600067138672,204.52000427246094,2148100
2024-09-20,192.08665466308594,202.25999450683594,192.6199951171875,193.97000122070312,3753500
2024-09-23,194.26528930664062,196.27000427246094,193.8800048828125,196.1699981689453,981400
2024-09-24,196.49343872070312,199.94000244140625,197.10000610351562,198.4199981689453,1019800
2024-09-25,197.52334594726562,204.25,198.27999877929688,199.4600067138672,1387400
2024-09-26,193.4334259033203,203.0800018310547,193.91000366210938,195.3300018310547,1338600
2024-09-27,194.800048828125,200.89999389648438,195.82000732421875,196.7100067138672,1773900
2024-09-30,196.71128845214844,200.2899932861328,195.52000427246094,198.63999938964844,1386900
2024-10-01,192.85906982421875,197.30999755859375,192.27000427246094,194.75,1236600
2024-10-02,191.62120056152344,195.9600067138672,193.07000732421875,193.5,813100
2024-10-03,189.07614135742188,192.8000030517578,190.05999755859375,190.92999267578125,1250300
2024-10-04,189.99713134765625,195.99000549316406,190.39999389648438,191.86000061035156,1173500
2024-10-07,186.74900817871094,189.82000732421875,185.3699951171875,188.5800018310547,1273000
2024-10-08,190.2942352294922,192.44000244140625,188.24000549316406,192.16000366210938,1065900
2024-10-09,192.55209350585938,195.19000244140625,191.85000610351562,194.44000244140625,990800
2024-10-10,192.7006378173828,194.8000030517578,191.63999938964844,194.58999633789062,753300
2024-10-11,197.6421661376953,200.47999572753906,196.0,199.5800018310547,1047700
2024-10-14,200.48428344726562,202.52000427246094,197.8699951171875,202.4499969482422,935500
2024-10-15,199.50393676757812,204.11000061035156,200.8800048828125,201.4600067138672,1302500
2024-10-16,201.5142059326172,208.60000610351562,202.97999572753906,203.49000549316406,1190800
2024-10-17,199.5633544921875,203.86000061035156,200.33999633789062,201.52000427246094,1265600
2024-10-18,197.6025390625,201.97000122070312,198.1300048828125,199.5399932861328,1450600
2024-10-21,196.12701416015625,198.49000549316406,196.10000610351562,198.0500030517578,1245000
2024-10-22,197.61245727539062,200.94000244140625,195.0,199.5500030517578,1547500
2024-10-23,186.83810424804688,198.0,186.11000061035156,188.6699981689453,3890600
2024-10-24,189.94761657714844,193.08999633789062,188.82000732421875,191.80999755859375,1758700
2024-10-25,195.8695526123047,199.32000732421875,193.36000061035156,197.7899932861328,1949300
2024-10-28,198.9295654296875,201.0800018310547,197.82000732421875,200.8800048828125,1635800
2024-10-29,199.3553466796875,203.36000061035156,198.85000610351562,201.30999755859375,1733500
2024-10-30,201.84100341796875,208.82000732421875,201.5,203.82000732421875,1418900
2024-10-31,199.3652801513672,204.52999877929688,201.24000549316406,201.32000732421875,1268400
2024-11-01,199.02859497070312,203.02999877929688,200.30999755859375,200.97999572753906,936500
2024-11-04,202.0093536376953,205.33999633789062,200.60000610351562,203.99000549316406,917600
2024-11-05,205.00001525878906,207.1699981689453,202.6699981689453,207.00999450683594,1265700
2024-11-06,227.94505310058594,231.36000061035156,215.75999450683594,230.17999267578125,3077100
2024-11-07,220.7456512451172,230.9199981689453,222.30999755859375,222.91000366210938,1696600
2024-11-08,223.91456604003906,226.39999389648438,220.55999755859375,226.11000061035156,1092600
2024-11-11,229.58892822265625,233.25999450683594,227.92999267578125,231.83999633789062,1886200
2024-11-12,224.12254333496094,231.24000549316406,226.05999755859375,226.32000732421875,1637000
2024-11-13,223.40953063964844,227.44000244140625,223.35000610351562,225.60000610351562,1308800
2024-11-14,221.26060485839844,226.77000427246094,222.5,223.42999267578125,1156500
2024-11-15,213.47694396972656,223.14999389648438,215.0800018310547,215.57000732421875,1683200
2024-11-18,211.9122772216797,219.67999267578125,213.91000366210938,213.99000549316406,1292400
2024-11-19,209.74351501464844,213.55999755859375,211.14999389648438,211.8000030517578,926800
2024-11-20,212.2489471435547,214.63999938964844,210.36000061035156,214.3300018310547,675600
2024-11-21,216.26954650878906,219.77999877929688,214.1199951171875,218.38999938964844,1229500
2024-11-22,218.11148071289062,221.7100067138672,218.02999877929688,220.25,774000
2024-11-25,222.92428588867188,227.44000244140625,221.8800048828125,225.11000061035156,1888200
2024-11-26,223.77593994140625,226.2100067138672,221.8300018310547,225.97000122070312,1069800
2024-11-27,221.9340057373047,228.72000122070312,222.3300018310547,224.11000061035156,1319100
2024-11-29,222.95399475097656,227.0,224.02000427246094,225.13999938964844,639800
2024-12-02,222.66680908203125,226.42999267578125,223.55999755859375,224.85000610351562,1294900
2024-12-03,216.46759033203125,222.99000549316406,217.4199981689453,218.58999633789062,1184900
2024-12-04,209.2298583984375,218.00999450683594,207.64999389648438,211.02999877929688,2008100
2024-12-05,201.23863220214844,211.3300018310547,202.49000549316406,202.97000122070312,1609500
2024-12-06,201.26837158203125,206.6199951171875,202.8800048828125,203.0,1313100
2024-12-09,202.19044494628906,205.10000610351562,202.85000610351562,203.92999267578125,1305900
2024-12-10,203.3405303955078,206.86000061035156,200.47999572753906,205.08999633789062,1454300
2024-12-11,203.0629425048828,206.33999633789062,203.36000061035156,204.80999755859375,1874900
2024-12-12,201.3080291748047,204.5800018310547,200.22999572753906,203.0399932861328,1083400
2024-12-13,198.9780731201172,203.47999572753906,200.5800018310547,200.69000244140625,849100
2024-12-16,197.1934356689453,200.3800048828125,197.38999938964844,198.88999938964844,1852200
2024-12-17,197.2826690673828,199.83999633789062,196.83999633789062,198.97999572753906,1632300
2024-12-18,190.13417053222656,199.89999389648438,191.4199981689453,191.77000427246094,1166500
2024-12-19,186.13853454589844,194.3300018310547,187.63999938964844,187.74000549316406,1679000
2024-12-20,179.8228759765625,186.83999633789062,176.02999877929688,181.3699951171875,5024100
2024-12-23,178.62319946289062,182.0,179.35000610351562,180.16000366210938,1597100
2024-12-24,180.0211944580078,182.07000732421875,179.0,181.57000732421875,576000
2024-12-26,179.8922882080078,182.8300018310547,179.42999267578125,181.44000244140625,756700
2024-12-27,178.69261169433594,182.39999389648438,177.83999633789062,180.22999572753906,1080500
2024-12-30,175.76776123046875,179.42999267578125,174.8000030517578,177.27999877929688,1404800
2024-12-31,174.89524841308594,179.47999572753906,176.33999633789062,176.39999389648438,845700
2025-01-02,174.23098754882812,180.41000366210938,174.85000610351562,175.72999572753906,903300
2025-01-03,179.36680603027344,181.30999755859375,176.58999633789062,180.91000366210938,1090600
2025-01-06,181.11178588867188,184.3800048828125,181.11000061035156,182.6699981689453,1149800
2025-01-07,179.09910583496094,182.33999633789062,178.55999755859375,180.63999938964844,1498500
2025-01-08,178.0481719970703,181.8300018310547,178.8699951171875,179.5800018310547,1483600
2025-01-10,174.90518188476562,177.89999389648438,175.27000427246094,176.41000366210938,1045700
2025-01-13,179.12884521484375,180.8300018310547,175.33999633789062,180.6699981689453,1229700
2025-01-14,182.05368041992188,183.86000061035156,181.07000732421875,183.6199951171875,1175100
2025-01-15,185.2660369873047,189.89999389648438,186.0399932861328,186.86000061035156,1956900
2025-01-16,188.29994201660156,190.5500030517578,185.35000610351562,189.9199981689453,1083400
2025-01-17,187.93309020996094,191.25999450683594,186.4600067138672,189.5500030517578,1307500
2025-01-21,188.8055877685547,191.64999389648438,188.8800048828125,190.42999267578125,1440200
2025-01-22,187.17958068847656,191.39999389648438,188.63999938964844,188.7899932861328,1410200
2025-01-23,189.9061279296875,192.60000610351562,190.1999969482422,191.5399932861328,1178000
2025-01-24,189.18234252929688,192.0500030517578,189.80999755859375,190.80999755859375,870200
2025-01-27,193.04908752441406,195.72999572753906,189.4199981689453,194.7100067138672,1852500
2025-01-28,188.36936950683594,194.3800048828125,189.6699981689453,189.99000549316406,1522700
2025-01-29,184.25474548339844,190.69000244140625,185.5800018310547,185.83999633789062,1556200
2025-01-30,185.1867218017578,187.22999572753906,183.19000244140625,186.77999877929688,1587900
2025-01-31,184.02671813964844,188.92999267578125,184.3699951171875,185.61000061035156,1556600
2025-02-03,180.49708557128906,189.00999450683594,181.97999572753906,182.0500030517578,2165800
2025-02-04,182.0933380126953,183.9199981689453,181.05999755859375,183.66000366210938,1996200
2025-02-05,191.9981231689453,199.2899932861328,192.64999389648438,193.64999389648438,2772300
2025-02-06,194.20912170410156,201.08999633789062,193.77999877929688,195.8800048828125,1851500
2025-02-07,195.51783752441406,198.02999877929688,193.6199951171875,197.1999969482422,1871000
2025-02-10,200.0587615966797,201.97999572753906,198.0,201.77999877929688,1984600
2025-02-11,204.01473999023438,206.49000549316406,199.97999572753906,205.77000427246094,1956900
2025-02-12,201.28819274902344,203.97999572753906,198.67999267578125,203.02000427246094,1444800
2025-02-13,204.6294403076172,206.67999267578125,202.58999633789062,206.38999938964844,1287500
2025-02-14,204.57989501953125,209.49000549316406,206.00999450683594,206.33999633789062,1274100
2025-02-18,207.50469970703125,209.61000061035156,206.36000061035156,209.2899932861328,1865700
2025-02-19,203.36036682128906,208.50999450683594,204.92999267578125,205.11000061035156,1284900
2025-02-20,195.5674285888672,204.86000061035156,196.22999572753906,197.25,1366400
2025-02-21,178.86114501953125,197.22999572753906,170.0,180.39999389648438,5679600
2025-02-24,180.41775512695312,185.41000366210938,181.47999572753906,181.97000122070312,2225600
2025-02-25,178.34559631347656,182.72999572753906,178.0500030517578,179.8800048828125,2099400
2025-02-26,174.19134521484375,181.27999877929688,175.52000427246094,175.69000244140625,2414600
2025-02-27,173.2791748046875,178.19000244140625,174.07000732421875,174.77000427246094,1494600
2025-02-28,174.99441528320312,179.1199951171875,175.19000244140625,176.5,2123300
2025-03-03,170.81040954589844,178.77000427246094,171.44000244140625,172.27999877929688,2410400
2025-03-04,173.50721740722656,177.3000030517578,165.82000732421875,175.0,3026000
2025-03-05,175.2947235107422,176.86000061035156,171.6999969482422,176.52000427246094,2217500
2025-03-06,176.34735107421875,178.7100067138672,173.5500030517578,177.5800018310547,2027100
2025-03-07,178.30368041992188,181.47000122070312,176.63999938964844,179.5500030517578,2667000
2025-03-10,176.73468017578125,181.75999450683594,177.24000549316406,177.97000122070312,2021800
2025-03-11,165.87059020996094,177.75999450683594,166.4199981689453,167.02999877929688,2507300
2025-03-12,163.39785766601562,169.83999633789062,164.05999755859375,164.5399932861328,2344400
2025-03-13,161.84869384765625,167.0500030517578,159.35000610351562,162.97999572753906,2044300
2025-03-14,161.37203979492188,164.4600067138672,161.75999450683594,162.5,1412300
2025-03-17,164.96690368652344,167.08999633789062,159.11000061035156,166.1199951171875,1602600
2025-03-18,160.95497131347656,166.3699951171875,160.49000549316406,162.0800018310547,1148200
2025-03-19,161.3124542236328,163.4199981689453,159.5,162.44000244140625,1646500
2025-03-20,160.0115509033203,163.41000366210938,160.3699951171875,161.1300048828125,1585700
2025-03-21,164.07318115234375,165.3699951171875,157.6699981689453,165.22000122070312,3630700
2025-03-24,168.86964416503906,170.66000366210938,167.47999572753906,170.0500030517578,1302600
2025-03-25,166.43666076660156,170.72000122070312,167.08999633789062,167.60000610351562,1478600
2025-03-26,167.49920654296875,169.47999572753906,166.9199981689453,168.6699981689453,1423100
2025-03-27,169.0483856201172,171.5399932861328,168.36000061035156,170.22999572753906,1260200
2025-03-28,163.7057342529297,169.92999267578125,164.72000122070312,164.85000610351562,1285800
2025-03-31,164.30157470703125,166.6199951171875,162.0500030517578,165.4499969482422,1608300
2025-04-01,165.93017578125,168.0,163.02000427246094,167.08999633789062,1219200
2025-04-02,168.91928100585938,170.5800018310547,164.47000122070312,170.10000610351562,904900
2025-04-03,154.6688995361328,165.6199951171875,153.02000427246094,155.75,2683400
2025-04-04,151.00450134277344,155.77999877929688,147.05999755859375,152.05999755859375,3326300
2025-04-07,150.3590087890625,159.86000061035156,145.9600067138672,151.41000366210938,2779500
2025-04-08,147.31031799316406,157.4499969482422,146.32000732421875,148.33999633789062,1877800
2025-04-09,164.34129333496094,166.2100067138672,145.7899932861328,165.49000549316406,3158600
2025-04-10,155.66195678710938,161.9600067138672,152.22999572753906,156.75,2180900
2025-04-11,151.17332458496094,154.82000732421875,146.13999938964844,152.22999572753906,2640800
2025-04-14,154.03334045410156,155.85000610351562,151.9499969482422,155.11000061035156,1189200
2025-04-15,151.78903198242188,156.47999572753906,151.47000122070312,152.85000610351562,1001800
2025-04-16,146.82374572753906,151.88999938964844,145.89999389648438,147.85000610351562,1928000
2025-04-17,152.6827850341797,154.82000732421875,149.0500030517578,153.75,1456500
2025-04-21,148.8297119140625,152.74000549316406,147.0500030517578,149.8699951171875,1791100
2025-04-22,151.0144500732422,153.1699981689453,148.63999938964844,152.07000732421875,1840300
2025-04-23,152.1663818359375,167.88999938964844,151.60000610351562,153.22999572753906,3069700
2025-04-24,157.79702758789062,159.17999267578125,150.89999389648438,158.89999389648438,1834800
2025-04-25,145.721435546875,151.52000427246094,144.89999389648438,146.74000549316406,4094900
2025-04-28,147.96575927734375,149.52999877929688,145.7899932861328,149.0,2699000
2025-04-29,148.61123657226562,150.0399932861328,146.57000732421875,149.64999389648438,2026000
2025-04-30,152.21604919433594,153.66000366210938,146.3699951171875,153.27999877929688,2958800
2025-05-01,149.51490783691406,154.19000244140625,149.61000061035156,150.55999755859375,2153700
2025-05-02,156.9132080078125,160.82000732421875,152.25,158.00999450683594,2628100
2025-05-05,155.1455535888672,158.72999572753906,156.05999755859375,156.22999572753906,1272100
2025-05-06,152.28555297851562,155.63999938964844,152.52000427246094,153.35000610351562,1012300
2025-05-07,154.50999450683594,156.5,153.9600067138672,155.58999633789062,1173900
2025-05-08,159.00856018066406,161.42999267578125,155.5399932861328,160.1199951171875,1733900
2025-05-09,157.18133544921875,160.2899932861328,157.33999633789062,158.27999877929688,1058000
2025-05-12,174.84783935546875,176.85000610351562,168.0,176.07000732421875,3596800
2025-05-13,170.1506805419922,176.3699951171875,171.24000549316406,171.33999633789062,1841000
2025-05-14,170.45851135253906,172.0,168.3699951171875,171.64999389648438,1470400
2025-05-15,168.75045776367188,171.3300018310547,168.8000030517578,169.92999267578125,1652400
2025-05-16,170.09109497070312,171.5399932861328,168.9499969482422,171.27999877929688,1098200
2025-05-19,170.41879272460938,172.38999938964844,167.83999633789062,171.61000061035156,2107100
2025-05-20,168.42276000976562,171.72000122070312,168.80999755859375,169.60000610351562,1886500
2025-05-21,163.05030822753906,168.64999389648438,164.16000366210938,164.19000244140625,2048800
2025-05-22,162.46441650390625,164.55999755859375,162.33999633789062,163.60000610351562,1264400
2025-05-23,160.43856811523438,162.64999389648438,158.57000732421875,161.55999755859375,896100
2025-05-27,163.07017517089844,164.7100067138672,161.07000732421875,164.2100067138672,2223400
2025-05-28,161.30250549316406,165.1300048828125,162.16000366210938,162.42999267578125,1015800
2025-05-29,160.8854522705078,164.0800018310547,160.91000366210938,162.00999450683594,1301800
2025-05-30,159.0582275390625,162.4499969482422,158.9600067138672,160.1699981689453,2898000
2025-06-02,158.88938903808594,161.9600067138672,157.25999450683594,160.0,1563500
2025-06-03,161.8983612060547,163.52999877929688,158.27999877929688,163.02999877929688,1367600
2025-06-04,160.64495849609375,163.19000244140625,160.00999450683594,161.49000549316406,1318200
2025-06-05,158.8444061279297,161.52999877929688,157.94000244140625,159.67999267578125,1320100
2025-06-06,159.49102783203125,163.32000732421875,159.74000549316406,160.3300018310547,1232600
2025-06-09,161.36119079589844,163.88999938964844,159.4199981689453,162.2100067138672,1198900
2025-06-10,167.01145935058594,168.13999938964844,162.92999267578125,167.88999938964844,1916500
2025-06-11,161.26170349121094,170.25999450683594,161.57000732421875,162.11000061035156,1710500
2025-06-12,161.56015014648438,163.0500030517578,159.4199981689453,162.41000366210938,1305900
2025-06-13,159.34181213378906,161.99000549316406,159.64999389648438,160.17999267578125,1530700
2025-06-16,158.61563110351562,161.39999389648438,158.25,159.4499969482422,1998300
2025-06-17,155.8501739501953,160.5,156.05999755859375,156.6699981689453,1298800
2025-06-18,155.21351623535156,158.91000366210938,155.72000122070312,156.02999877929688,1281200
2025-06-20,155.64129638671875,159.30999755859375,155.5500030517578,156.4600067138672,2545800
2025-06-23,160.51564025878906,161.44000244140625,155.0500030517578,161.36000061035156,1256400
2025-06-24,161.1224365234375,163.77000427246094,161.4600067138672,161.97000122070312,1177300
2025-06-25,159.51092529296875,162.0800018310547,159.1300048828125,160.35000610351562,1400600
2025-06-26,160.1475830078125,162.16000366210938,159.92999267578125,160.99000549316406,1672000
2025-06-27,162.823486328125,164.16000366210938,161.36000061035156,163.67999267578125,6623100
2025-06-30,161.45071411132812,164.4499969482422,161.32000732421875,162.3000030517578,1884800
2025-07-01,167.5685272216797,172.24000549316406,160.57000732421875,168.4499969482422,2076800
2025-07-02,168.96121215820312,171.05999755859375,166.9499969482422,169.85000610351562,1465200
2025-07-03,170.13502502441406,172.6199951171875,169.77000427246094,171.02999877929688,1369300
2025-07-07,163.4501953125,170.6699981689453,163.6300048828125,164.30999755859375,1496900
2025-07-08,166.50413513183594,169.38999938964844,163.86000061035156,167.3800048828125,1971000
2025-07-09,167.13082885742188,169.1199951171875,166.3000030517578,168.00999450683594,896600
2025-07-10,170.22454833984375,173.25999450683594,167.35000610351562,171.1199951171875,1262300
2025-07-11,166.85231018066406,170.52999877929688,167.27000427246094,167.72999572753906,1137600
2025-07-14,164.86277770996094,167.60000610351562,164.47999572753906,165.72999572753906,1017200
2025-07-15,160.5056915283203,166.80999755859375,161.1999969482422,161.35000610351562,1142200
2025-07-16,159.9884033203125,164.5,159.1999969482422,160.8300018310547,1452400
2025-07-17,161.38107299804688,163.88999938964844,160.8300018310547,162.22999572753906,1770100
2025-07-18,161.24180603027344,165.67999267578125,160.4499969482422,162.08999633789062,1548700
2025-07-21,162.39573669433594,165.86000061035156,162.25,163.25,1080100
2025-07-22,166.01669311523438,167.3000030517578,162.6699981689453,166.88999938964844,1229000
2025-07-23,165.1214141845703,169.0,165.83999633789062,165.99000549316406,1577600
2025-07-24,166.91197204589844,168.07000732421875,164.49000549316406,167.7899932861328,1315600
2025-07-25,166.2156524658203,174.7899932861328,163.77999877929688,167.08999633789062,1747300
2025-07-28,163.46014404296875,167.55999755859375,164.16000366210938,164.32000732421875,1634000
2025-07-29,161.27163696289062,165.4499969482422,161.5500030517578,162.1199951171875,2771600
2025-07-30,145.69361877441406,152.5,144.5,146.4600067138672,5557100
2025-07-31,148.468994140625,151.52999877929688,147.5,149.25,4285100
2025-08-01,141.10772705078125,148.16000366210938,141.72999572753906,141.85000610351562,2653900
2025-08-04,143.60459899902344,145.14999389648438,141.8800048828125,144.36000061035156,1694100
2025-08-05,146.37998962402344,147.97000122070312,144.0800018310547,147.14999389648438,1790600
2025-08-06,149.1454315185547,150.91000366210938,146.8000030517578,149.92999267578125,2849200
2025-08-07,144.56951904296875,152.49000549316406,144.7100067138672,145.3300018310547,1806100
2025-08-08,143.70408630371094,146.69000244140625,143.77999877929688,144.4600067138672,1440300
2025-08-11,142.27159118652344,146.0800018310547,140.91000366210938,143.02000427246094,2071000
2025-08-12,148.44911193847656,149.67999267578125,143.0399932861328,149.22999572753906,1568100
2025-08-13,152.656982421875,153.5500030517578,148.61000061035156,153.4600067138672,1983100
2025-08-14,150.31927490234375,152.72000122070312,149.30999755859375,151.11000061035156,1662200
2025-08-15,150.34912109375,153.32000732421875,151.02000427246094,151.13999938964844,1499700
2025-08-18,149.6726837158203,152.38999938964844,149.9600067138672,150.4600067138672,1136000
2025-08-19,153.98997497558594,157.6300048828125,151.3300018310547,154.8000030517578,2958900
2025-08-20,149.45382690429688,154.4199981689453,150.1300048828125,150.24000549316406,1512200
2025-08-21,148.9663848876953,149.97999572753906,147.1699981689453,149.75,2050000
2025-08-22,158.2973175048828,160.05999755859375,149.99000549316406,159.1300048828125,1962300
2025-08-25,154.6564483642578,158.8699951171875,154.69000244140625,155.47000122070312,1721300
2025-08-26,153.671630859375,156.58999633789062,153.82000732421875,154.47999572753906,2155600
2025-08-27,153.0150909423828,155.99000549316406,152.5500030517578,153.82000732421875,1975000
2025-08-28,148.91664123535156,154.39999389648438,147.44000244140625,149.6999969482422,1977600
2025-08-29,150.1800079345703,151.1300048828125,148.1999969482422,150.97000122070312,1679400
2025-09-02,149.11558532714844,151.25999450683594,148.02999877929688,149.89999389648438,1794000
2025-09-03,147.61068725585938,150.5399932861328,147.77000427246094,148.11000061035156,1485900
2025-09-04,148.30831909179688,148.97000122070312,140.7100067138672,148.80999755859375,3284600
2025-09-05,150.20191955566406,154.14999389648438,148.7899932861328,150.7100067138672,1891900
2025-09-08,150.6005859375,151.2899932861328,147.6199951171875,151.11000061035156,1603200
2025-09-09,147.72032165527344,150.64999389648438,147.74000549316406,148.22000122070312,1311000
2025-09-10,145.81674194335938,148.67999267578125,144.8800048828125,146.30999755859375,1199200
2025-09-11,148.89633178710938,150.83999633789062,145.58999633789062,149.39999389648438,1682400
2025-09-12,144.4015350341797,149.38999938964844,144.47000122070312,144.88999938964844,1864000
2025-09-15,144.7603302001953,147.00999450683594,143.80999755859375,145.25,1582400
2025-09-16,146.5243682861328,147.38999938964844,144.6300048828125,147.02000427246094,1707700
2025-09-17,141.31199645996094,149.8800048828125,141.5399932861328,141.7899932861328,1977500
2025-09-18,141.90997314453125,144.47999572753906,141.1199951171875,142.38999938964844,2222600
2025-09-19,140.3651885986328,142.9600067138672,140.08999633789062,140.83999633789062,4264100
2025-09-22,138.4616241455078,140.8300018310547,138.66000366210938,138.92999267578125,2093100
2025-09-23,138.87025451660156,141.6199951171875,138.66000366210938,139.33999633789062,1541300
2025-09-24,140.58444213867188,142.2100067138672,139.07000732421875,141.05999755859375,1667200
2025-09-25,139.95657348632812,142.2100067138672,139.66000366210938,140.42999267578125,1923300
2025-09-26,138.12277221679688,143.39999389648438,133.69000244140625,138.58999633789062,3893900
2025-09-29,140.56451416015625,141.5,136.60000610351562,141.0399932861328,2682000
2025-09-30,140.30540466308594,141.1999969482422,138.07000732421875,140.77999877929688,2368000
2025-10-01,138.77059936523438,140.63999938964844,136.82000732421875,139.24000549316406,2305600
2025-10-02,140.12600708007812,141.60000610351562,137.99000549316406,140.60000610351562,1502500
2025-10-03,140.85354614257812,145.2100067138672,141.08999633789062,141.3300018310547,1806600
2025-10-06,142.33851623535156,145.0800018310547,140.0399932861328,142.82000732421875,1477400
2025-10-07,140.88345336914062,144.61000061035156,140.2899932861328,141.36000061035156,1478000
2025-10-08,144.2919158935547,146.94000244140625,139.5399932861328,144.77999877929688,2244200
2025-10-09,140.8037109375,144.8800048828125,140.10000610351562,141.27999877929688,2049400
2025-10-10,133.85720825195312,142.69000244140625,134.1999969482422,134.30999755859375,2136300
2025-10-13,135.7209014892578,137.89999389648438,135.25,136.17999267578125,1282300
2025-10-14,134.9734344482422,137.47999572753906,134.02999877929688,135.42999267578125,2628600
2025-10-15,134.58474731445312,137.8699951171875,134.77999877929688,135.0399932861328,1884600
2025-10-16,137.6344451904297,140.49000549316406,135.5,138.10000610351562,2326800
2025-10-17,137.5746307373047,138.9499969482422,136.0,138.0399932861328,1870200
2025-10-20,140.2356414794922,142.30999755859375,137.67999267578125,140.7100067138672,2009100
2025-10-21,143.8733367919922,145.0,139.74000549316406,144.36000061035156,1862700
2025-10-22,140.5446014404297,144.91000366210938,140.72000122070312,141.02000427246094,1603000
2025-10-23,135.40199279785156,141.25,134.42999267578125,135.86000061035156,2090700
2025-10-24,135.66110229492188,138.13999938964844,135.86000061035156,136.1199951171875,1145600
2025-10-27,136.26904296875,137.74000549316406,134.33999633789062,136.72999572753906,2082600
2025-10-28,135.63121032714844,138.24000549316406,135.77000427246094,136.08999633789062,2065700
2025-10-29,135.67108154296875,146.99000549316406,134.02999877929688,136.1300048828125,4290600
2025-10-30,136.7873077392578,140.1999969482422,134.83999633789062,137.25,2762400
2025-10-31,139.9466094970703,141.27000427246094,134.5800018310547,140.4199981689453,2377200
2025-11-03,137.04641723632812,140.5,135.1199951171875,137.50999450683594,2462700
2025-11-04,140.88345336914062,141.9600067138672,135.2100067138672,141.36000061035156,2588100
2025-11-05,140.30540466308594,143.3699951171875,138.25999450683594,140.77999877929688,2351400
2025-11-06,137.22581481933594,140.4199981689453,137.4600067138672,137.69000244140625,3031300
2025-11-07,139.42835998535156,140.19000244140625,135.91000366210938,139.89999389648438,2065600
2025-11-10,137.2955780029297,140.25,135.58999633789062,137.75999450683594,1639400
2025-11-11,139.0396728515625,140.00999450683594,136.25999450683594,139.50999450683594,1560300
2025-11-12,138.3819122314453,141.52000427246094,138.69000244140625,138.85000610351562,1487800
2025-11-13,134.9933624267578,139.6300048828125,134.6699981689453,135.4499969482422,1870000
2025-11-14,131.84400939941406,135.67999267578125,131.4600067138672,132.2899932861328,1936200
2025-11-17,129.4521026611328,132.77000427246094,129.3699951171875,129.88999938964844,1991000
2025-11-18,130.2195281982422,132.49000549316406,128.50999450683594,130.66000366210938,2030700
2025-11-19,127.08013916015625,130.9499969482422,126.56999969482422,127.51000213623047,1963600
2025-11-20,125.86425018310547,130.52000427246094,126.01000213623047,126.29000091552734,2257500
2025-11-21,133.8273162841797,136.66000366210938,126.83999633789062,134.27999877929688,3335800
2025-11-24,131.88388061523438,134.0500030517578,131.75,132.3300018310547,2663200
2025-11-25,133.87713623046875,135.0800018310547,132.32000732421875,134.3300018310547,2066300
2025-11-26,134.45518493652344,136.13999938964844,133.44000244140625,134.91000366210938,1460200
2025-11-28,134.8339080810547,136.3800048828125,134.39999389648438,135.2899932861328,587600
2025-12-01,139.19912719726562,143.27000427246094,136.0,139.6699981689453,2628400
2025-12-02,140.98312377929688,142.4499969482422,137.9600067138672,141.4600067138672,2293900
2025-12-03,150.73947143554688,151.0500030517578,141.5,150.9499969482422,4491200
2025-12-04,153.2958984375,154.02999877929688,150.89999389648438,153.50999450683594,4582700
2025-12-05,154.93362426757812,156.72999572753906,153.02999877929688,155.14999389648438,2833500
2025-12-08,151.4684600830078,157.02999877929688,151.1999969482422,151.67999267578125,3444700
2025-12-09,148.68235778808594,151.8699951171875,147.86000061035156,148.88999938964844,1674500
2025-12-10,157.10060119628906,158.7899932861328,148.49000549316406,157.32000732421875,2991400
2025-12-11,158.6983642578125,163.19000244140625,157.1300048828125,158.9199981689453,3657400
2025-12-12,159.267578125,161.24000549316406,158.02000427246094,159.49000549316406,2264000
2025-12-15,157.2404022216797,160.89999389648438,154.8800048828125,157.4600067138672,2593400
2025-12-16,156.72113037109375,159.3000030517578,154.86000061035156,156.94000244140625,2208500
2025-12-17,155.5128173828125,159.0399932861328,154.82000732421875,155.72999572753906,2272500
2025-12-18,158.32888793945312,160.10000610351562,156.30999755859375,158.5500030517578,2631400
2025-12-19,157.17050170898438,158.14999389648438,153.88999938964844,157.38999938964844,5049000
2025-12-22,159.0778350830078,160.4600067138672,157.0,159.3000030517578,1564300
2025-12-23,158.39877319335938,159.4499969482422,158.1699981689453,158.6199951171875,1175400
2025-12-24,159.13775634765625,159.8800048828125,158.32000732421875,159.36000061035156,795100
2025-12-26,159.267578125,159.6199951171875,158.0399932861328,159.49000549316406,702500
2025-12-29,159.33746337890625,161.5,158.5500030517578,159.55999755859375,1523500
2025-12-30,159.0878143310547,160.77999877929688,158.35000610351562,159.30999755859375,1427600
