Date,day_trading_volume,day_trading_volume_pct,day_trading_buy_value,day_trading_buy_value_pct,day_trading_sell_value,day_trading_sell_value_pct,day_trading_value_pct,day_trading_value
2014-01-06,16472000.0,0.0036,663391020.0,0.0069,660500520.0,0.0068000000000000005,0.00685,661945770.0
2014-01-07,21425000.0,0.004699999999999999,845193230.0,0.0086,846203190.0,0.0087,0.00865,845698210.0
2014-01-08,37120000.0,0.0068000000000000005,1346194510.0,0.011399999999999999,1347766360.0,0.011399999999999999,0.011399999999999999,1346980435.0
2014-01-09,64749000.0,0.0103,2126627100.0,0.015700000000000002,2124190780.0,0.015600000000000001,0.01565,2125408940.0
2014-01-10,38053000.0,0.0079,1493728640.0,0.0148,1491889010.0,0.0148,0.0148,1492808825.0
2014-01-13,31559000.0,0.0068000000000000005,1273956200.0,0.013500000000000002,1268744320.0,0.0134,0.01345,1271350260.0
2014-01-14,30346000.0,0.0070999999999999995,1304773130.0,0.0155,1311967670.0,0.015600000000000001,0.015550000000000001,1308370400.0
2014-01-15,48122000.0,0.009000000000000001,2191165000.0,0.018600000000000002,2198041370.0,0.0187,0.01865,2194603185.0
2014-01-16,45322000.0,0.0089,1866115210.0,0.017,1854901190.0,0.0169,0.01695,1860508200.0
2014-01-17,33869000.0,0.0074,1800773990.0,0.0168,1810413990.0,0.0169,0.016849999999999997,1805593990.0
2014-01-20,33502000.0,0.0076,2201399740.0,0.0226,2227648580.0,0.022799999999999997,0.022699999999999998,2214524160.0
2014-01-21,37127000.0,0.0077,2693068770.0,0.025099999999999997,2696807970.0,0.0252,0.02515,2694938370.0
2014-01-22,28498000.0,0.0067,2292319120.0,0.024700000000000003,2293379100.0,0.024700000000000003,0.024700000000000003,2292849110.0
2014-01-23,26758000.0,0.0066,2045250610.0,0.023,2034401220.0,0.0229,0.022949999999999998,2039825915.0
2014-01-24,27955000.0,0.0078000000000000005,1991932920.0,0.023700000000000002,1988083000.0,0.023700000000000002,0.023700000000000002,1990007960.0
2014-01-27,43082000.0,0.010700000000000001,2344809310.0,0.0233,2344908270.0,0.0233,0.0233,2344858790.0
2014-02-05,40006000.0,0.008199999999999999,2294553020.0,0.0168,2303189660.0,0.0169,0.016849999999999997,2298871340.0
2014-02-06,37761000.0,0.0086,2209373810.0,0.021099999999999997,2213710870.0,0.0212,0.02115,2211542340.0
2014-02-07,47544000.0,0.0109,2433631080.0,0.024900000000000002,2446908680.0,0.025,0.02495,2440269880.0
2014-02-10,36035000.0,0.009000000000000001,1813166170.0,0.0226,1805212770.0,0.0225,0.02255,1809189470.0
2014-02-11,26381000.0,0.0067,1749050780.0,0.0217,1756389040.0,0.0217,0.0217,1752719910.0
2014-02-12,39815000.0,0.0085,2358704450.0,0.0241,2367149210.0,0.0242,0.024149999999999998,2362926830.0
2014-02-13,40499000.0,0.009899999999999999,1799946080.0,0.023399999999999997,1794028370.0,0.0233,0.02335,1796987225.0
2014-02-14,32123000.0,0.0074,1780402980.0,0.0195,1757779560.0,0.019299999999999998,0.0194,1769091270.0
2014-02-17,25444000.0,0.0069,1405019730.0,0.0191,1404998690.0,0.0191,0.0191,1405009210.0
2014-02-18,18595000.0,0.0049,1325532130.0,0.018000000000000002,1329179030.0,0.018000000000000002,0.018000000000000002,1327355580.0
2014-02-19,18264000.0,0.0043,1217467160.0,0.013999999999999999,1214673740.0,0.013999999999999999,0.013999999999999999,1216070450.0
2014-02-20,25338000.0,0.0055000000000000005,1686976660.0,0.0175,1692954340.0,0.0176,0.017550000000000003,1689965500.0
2014-02-21,52148000.0,0.011000000000000001,1903580040.0,0.02,1899925410.0,0.02,0.02,1901752725.0
2014-02-24,45184000.0,0.01,1429925380.0,0.0165,1426530050.0,0.0165,0.0165,1428227715.0
2014-02-25,35257000.0,0.0079,1730656030.0,0.0187,1731176700.0,0.018799999999999997,0.01875,1730916365.0
2014-02-26,43552000.0,0.0087,2239647940.0,0.0213,2255122780.0,0.0215,0.0214,2247385360.0
2014-02-27,40572000.0,0.0089,2238376120.0,0.0216,2238182990.0,0.0215,0.02155,2238279555.0
2014-03-03,38425000.0,0.0087,1900058190.0,0.0187,1911898040.0,0.018799999999999997,0.01875,1905978115.0
2014-03-04,33082000.0,0.0078000000000000005,1725428210.0,0.0187,1722922430.0,0.018600000000000002,0.01865,1724175320.0
2014-03-05,29537000.0,0.006500000000000001,1960070550.0,0.0187,1955229450.0,0.0187,0.0187,1957650000.0
2014-03-06,28225000.0,0.0054,2088253430.0,0.0174,2094224870.0,0.0175,0.01745,2091239150.0
2014-03-07,43571000.0,0.0077,2405097890.0,0.0183,2388743600.0,0.0182,0.018250000000000002,2396920745.0
2014-03-10,21207000.0,0.0053,1389276420.0,0.0158,1388258570.0,0.0158,0.0158,1388767495.0
2014-03-11,25134000.0,0.0059,1631841190.0,0.0184,1633325020.0,0.018500000000000003,0.01845,1632583105.0
2014-03-12,23970000.0,0.0055000000000000005,1631351720.0,0.0192,1632387300.0,0.0192,0.0192,1631869510.0
2014-03-13,44375000.0,0.0089,2268138820.0,0.019799999999999998,2269288890.0,0.019799999999999998,0.019799999999999998,2268713855.0
2014-03-14,27285000.0,0.006500000000000001,1404770650.0,0.0152,1407193800.0,0.015300000000000001,0.01525,1405982225.0
2014-03-17,38194000.0,0.0092,1543353980.0,0.0178,1551377330.0,0.0179,0.017849999999999998,1547365655.0
2014-03-18,33094000.0,0.0070999999999999995,1757028150.0,0.0176,1740895370.0,0.0174,0.0175,1748961760.0
2014-03-19,25114000.0,0.0053,1843217790.0,0.0182,1839424810.0,0.0182,0.0182,1841321300.0
2014-03-20,23650000.0,0.0052,1474441890.0,0.015600000000000001,1475465760.0,0.015600000000000001,0.015600000000000001,1474953825.0
2014-03-21,34874000.0,0.0079,1769134690.0,0.018500000000000003,1757781400.0,0.0183,0.0184,1763458045.0
2014-03-24,31630000.0,0.008,1689334540.0,0.021099999999999997,1699366170.0,0.0212,0.02115,1694350355.0
2014-03-25,31197000.0,0.0076,1820059140.0,0.0217,1825119190.0,0.0217,0.0217,1822589165.0
2014-03-26,37969000.0,0.008100000000000001,1982143050.0,0.021099999999999997,1991197310.0,0.0212,0.02115,1986670180.0
2014-03-27,38013000.0,0.008,1980202640.0,0.019799999999999998,1980459860.0,0.019799999999999998,0.019799999999999998,1980331250.0
2014-03-28,34445000.0,0.0075,1968853420.0,0.0195,1957445470.0,0.0194,0.019450000000000002,1963149445.0
2014-03-31,28376000.0,0.0069,1450784710.0,0.016399999999999998,1455356940.0,0.0165,0.01645,1453070825.0
2014-04-01,40609000.0,0.0088,2011430310.0,0.022000000000000002,2019183450.0,0.022099999999999998,0.02205,2015306880.0
2014-04-02,45420000.0,0.0088,2819326630.0,0.0263,2828267460.0,0.0264,0.02635,2823797045.0
2014-04-03,59533000.0,0.0123,2140426820.0,0.0216,2137344130.0,0.0216,0.0216,2138885475.0
2014-04-07,61355000.0,0.013500000000000002,2308701500.0,0.0241,2318221420.0,0.0242,0.024149999999999998,2313461460.0
2014-04-08,39569000.0,0.0087,2303763560.0,0.0241,2300905000.0,0.0241,0.0241,2302334280.0
2014-04-09,43545000.0,0.009300000000000001,2135772650.0,0.023,2143141190.0,0.023,0.023,2139456920.0
2014-04-10,50448000.0,0.009399999999999999,2620540830.0,0.0241,2603090150.0,0.0239,0.024,2611815490.0
2014-04-11,30371000.0,0.006500000000000001,2110239100.0,0.0217,2123271210.0,0.0218,0.02175,2116755155.0
2014-04-14,28139000.0,0.0073,1990937880.0,0.0252,1990640860.0,0.0252,0.0252,1990789370.0
2014-04-15,37400000.0,0.0084,2959636270.0,0.0327,2983592790.0,0.0329,0.032799999999999996,2971614530.0
2014-04-16,43837000.0,0.009399999999999999,3138690560.0,0.033,3146139430.0,0.0331,0.033049999999999996,3142414995.0
2014-04-17,66966000.0,0.013600000000000001,3195779460.0,0.0333,3205199960.0,0.0334,0.033350000000000005,3200489710.0
2014-04-18,56731000.0,0.013999999999999999,2487237530.0,0.035,2475603850.0,0.0348,0.0349,2481420690.0
2014-04-21,50204000.0,0.0129,1908675760.0,0.028399999999999998,1916862900.0,0.0285,0.02845,1912769330.0
2014-04-22,70022000.0,0.0146,3213055250.0,0.0364,3224605650.0,0.0365,0.036449999999999996,3218830450.0
2014-04-23,59383000.0,0.0109,3288178530.0,0.0311,3285925650.0,0.031,0.03105,3287052090.0
2014-04-24,78529000.0,0.0158,3258791190.0,0.0338,3242354250.0,0.0337,0.03375,3250572720.0
2014-04-25,73398000.0,0.0115,3574175580.0,0.0264,3539050860.0,0.0262,0.0263,3556613220.0
2014-04-28,71240000.0,0.014499999999999999,3502168810.0,0.0355,3544903440.0,0.036000000000000004,0.035750000000000004,3523536125.0
2014-04-29,70482000.0,0.0149,4026837730.0,0.0432,4038493530.0,0.0433,0.04325,4032665630.0
2014-04-30,77396000.0,0.0155,3761092480.0,0.0339,3722683560.0,0.0336,0.03375,3741888020.0
2014-05-02,77530000.0,0.0174,3456147710.0,0.035,3471519990.0,0.0352,0.035100000000000006,3463833850.0
2014-05-05,62725000.0,0.0134,3484821530.0,0.037000000000000005,3504264680.0,0.037200000000000004,0.03710000000000001,3494543105.0
2014-05-06,91461000.0,0.0175,4526332210.0,0.0446,4554922020.0,0.0449,0.04475,4540627115.0
2014-05-07,105038000.0,0.0209,3871915930.0,0.0385,3878835030.0,0.0385,0.0385,3875375480.0
2014-05-08,89900000.0,0.0178,3924069790.0,0.0387,3928937870.0,0.0388,0.03875,3926503830.0
2014-05-09,95294000.0,0.0197,3774005150.0,0.0397,3749929140.0,0.0395,0.039599999999999996,3761967145.0
2014-05-12,50936000.0,0.011699999999999999,2410511830.0,0.028300000000000002,2400620530.0,0.0282,0.02825,2405566180.0
2014-05-13,55709000.0,0.012199999999999999,2925694670.0,0.032799999999999996,2897219170.0,0.0325,0.03265,2911456920.0
2014-05-14,46491000.0,0.0103,2474266050.0,0.028300000000000002,2486331980.0,0.028399999999999998,0.02835,2480299015.0
2014-05-15,48467000.0,0.012199999999999999,2290792210.0,0.0316,2295466670.0,0.0316,0.0316,2293129440.0
2014-05-16,39655000.0,0.009899999999999999,2441259370.0,0.0317,2450309570.0,0.0318,0.03175,2445784470.0
2014-05-19,39446000.0,0.0097,2042357940.0,0.027200000000000002,2045232280.0,0.027200000000000002,0.027200000000000002,2043795110.0
2014-05-20,39669000.0,0.0096,4108138890.0,0.0516,4087724210.0,0.051399999999999994,0.0515,4097931550.0
2014-05-21,41431000.0,0.0109,1997056140.0,0.0291,1995031020.0,0.028999999999999998,0.02905,1996043580.0
2014-05-22,50909000.0,0.011200000000000002,2470133690.0,0.0282,2485030960.0,0.028399999999999998,0.0283,2477582325.0
2014-05-23,56195000.0,0.0116,3269378410.0,0.0335,3286802480.0,0.0337,0.033600000000000005,3278090445.0
2014-05-26,55813000.0,0.0121,2398241920.0,0.0274,2401448000.0,0.0275,0.027450000000000002,2399844960.0
2014-05-27,64616000.0,0.014499999999999999,2439360720.0,0.0292,2431282650.0,0.0291,0.029150000000000002,2435321685.0
2014-05-28,59667000.0,0.011399999999999999,2796091690.0,0.0271,2804056980.0,0.027200000000000002,0.02715,2800074335.0
2014-05-29,58637000.0,0.011399999999999999,3255158920.0,0.0313,3255326260.0,0.0313,0.0313,3255242590.0
2014-05-30,115132000.0,0.0196,3970542730.0,0.028999999999999998,3983819190.0,0.0291,0.02905,3977180960.0
2014-06-03,57903000.0,0.0121,3083069880.0,0.029900000000000003,3084821170.0,0.029900000000000003,0.029900000000000003,3083945525.0
2014-06-04,94716000.0,0.0179,3702354290.0,0.0371,3742948020.0,0.0375,0.0373,3722651155.0
2014-06-05,83357000.0,0.0148,3789006760.0,0.0336,3823322680.0,0.0339,0.03375,3806164720.0
2014-06-06,116935000.0,0.0208,5251044470.0,0.0463,5160367870.0,0.0455,0.045899999999999996,5205706170.0
2014-06-09,77525000.0,0.015,3683289320.0,0.0361,3706927070.0,0.0363,0.036199999999999996,3695108195.0
2014-06-10,47949000.0,0.0092,3053955340.0,0.029300000000000003,3060523380.0,0.029300000000000003,0.029300000000000003,3057239360.0
2014-06-11,48888000.0,0.0095,3050541920.0,0.029900000000000003,3059769450.0,0.03,0.02995,3055155685.0
2014-06-12,79413000.0,0.0149,3254383940.0,0.0322,3242419820.0,0.0321,0.03215,3248401880.0
2014-06-13,51056000.0,0.0109,2924753280.0,0.0317,2932339150.0,0.0318,0.03175,2928546215.0
2014-06-16,77497000.0,0.0161,3984823370.0,0.0408,4021600170.0,0.0412,0.041,4003211770.0
2014-06-17,74019000.0,0.0146,3941342450.0,0.0385,3953571080.0,0.0387,0.038599999999999995,3947456765.0
2014-06-18,81077000.0,0.0134,4329747620.0,0.0331,4295506090.0,0.032799999999999996,0.03294999999999999,4312626855.0
2014-06-19,53988000.0,0.0111,3078390130.0,0.031400000000000004,3080459080.0,0.031400000000000004,0.031400000000000004,3079424605.0
2014-06-20,37151000.0,0.008,2704275770.0,0.0276,2690339930.0,0.0275,0.027549999999999998,2697307850.0
2014-06-23,61131000.0,0.011399999999999999,3474624890.0,0.030699999999999998,3455245610.0,0.0305,0.0306,3464935250.0
2014-06-24,44678000.0,0.01,3364185880.0,0.0369,3355350750.0,0.0368,0.03685,3359768315.0
2014-06-25,37523000.0,0.008199999999999999,2696462240.0,0.0308,2696126510.0,0.0308,0.0308,2696294375.0
2014-06-26,93114000.0,0.017,2993102070.0,0.030299999999999997,3005523840.0,0.0305,0.030399999999999996,2999312955.0
2014-06-27,61625000.0,0.013000000000000001,3152588800.0,0.0331,3147551570.0,0.033,0.033049999999999996,3150070185.0
2014-06-30,82255000.0,0.016,4096943020.0,0.0397,4133506250.0,0.0401,0.0399,4115224635.0
2014-07-01,118251000.0,0.0195,4654236360.0,0.0403,4652824370.0,0.04019999999999999,0.040249999999999994,4653530365.0
2014-07-02,190688000.0,0.024399999999999998,7321458310.0,0.047599999999999996,7318189120.0,0.0475,0.047549999999999995,7319823715.0
2014-07-03,147793000.0,0.0233,5991863820.0,0.049100000000000005,6043601440.0,0.0495,0.049300000000000004,6017732630.0
2014-07-04,123664000.0,0.0202,5280589520.0,0.0446,5262653220.0,0.044500000000000005,0.044550000000000006,5271621370.0
2014-07-07,132665000.0,0.0219,5183894530.0,0.04650000000000001,5206116390.0,0.0467,0.0466,5195005460.0
2014-07-08,110307000.0,0.0187,4169873330.0,0.0406,4164584680.0,0.0406,0.0406,4167229005.0
2014-07-09,86390000.0,0.0154,3702496140.0,0.0361,3685452320.0,0.0359,0.036000000000000004,3693974230.0
2014-07-10,107082000.0,0.015700000000000002,4651498020.0,0.0329,4669139650.0,0.033,0.03295,4660318835.0
2014-07-11,104173000.0,0.0154,5424415900.0,0.04019999999999999,5403504470.0,0.0401,0.04014999999999999,5413960185.0
2014-07-14,115144000.0,0.0197,4231577550.0,0.0377,4244661690.0,0.0378,0.03775,4238119620.0
2014-07-15,105169000.0,0.0173,4299885410.0,0.0373,4293788550.0,0.037200000000000004,0.037250000000000005,4296836980.0
2014-07-16,80292000.0,0.0127,3946187030.0,0.0336,3938469460.0,0.0336,0.0336,3942328245.0
2014-07-17,93997000.0,0.0143,5028258060.0,0.0392,4996643630.0,0.039,0.039099999999999996,5012450845.0
2014-07-18,69936000.0,0.0128,4419329700.0,0.043,4425789480.0,0.043,0.043,4422559590.0
2014-07-21,53740000.0,0.0108,3339478230.0,0.0362,3332338820.0,0.0361,0.03615,3335908525.0
2014-07-22,80130000.0,0.0152,4017706530.0,0.0408,4038159640.0,0.040999999999999995,0.0409,4027933085.0
2014-07-24,92923000.0,0.0152,5010585300.0,0.0414,4987006330.0,0.0412,0.0413,4998795815.0
2014-07-25,64213000.0,0.0109,3436364530.0,0.0317,3419613830.0,0.0316,0.03165,3427989180.0
2014-07-28,83566000.0,0.0141,4983404830.0,0.0452,4990484840.0,0.0452,0.0452,4986944835.0
2014-07-29,150838000.0,0.020099999999999996,6355192490.0,0.0472,6319195560.0,0.046900000000000004,0.04705,6337194025.0
2014-07-30,124628000.0,0.020099999999999996,6360603840.0,0.0596,6371120110.0,0.059699999999999996,0.059649999999999995,6365861975.0
2014-07-31,91703000.0,0.0151,4799701360.0,0.045,4789150550.0,0.0449,0.044950000000000004,4794425955.0
2014-08-01,104049000.0,0.0174,4791396400.0,0.0461,4827761190.0,0.0464,0.04625,4809578795.0
2014-08-04,79348000.0,0.0149,3580831280.0,0.0394,3592266910.0,0.039599999999999996,0.03949999999999999,3586549095.0
2014-08-05,95070000.0,0.0154,5052870370.0,0.0462,5015125270.0,0.0458,0.046,5033997820.0
2014-08-06,108740000.0,0.0166,5907249680.0,0.0541,5914546040.0,0.0542,0.054150000000000004,5910897860.0
2014-08-07,78629000.0,0.0148,4148556670.0,0.049100000000000005,4121406480.0,0.0487,0.0489,4134981575.0
2014-08-08,74770000.0,0.0141,4143449050.0,0.0466,4149124000.0,0.0466,0.0466,4146286525.0
2014-08-11,83470000.0,0.0161,3959089090.0,0.0466,3989403030.0,0.046900000000000004,0.04675,3974246060.0
2014-08-12,72777000.0,0.013600000000000001,4489265990.0,0.0504,4494425740.0,0.050499999999999996,0.050449999999999995,4491845865.0
2014-08-13,61786000.0,0.0116,3431794360.0,0.039599999999999996,3443423020.0,0.0398,0.0397,3437608690.0
2014-08-14,63343000.0,0.0115,3576169510.0,0.0391,3561853740.0,0.038900000000000004,0.03900000000000001,3569011625.0
2014-08-15,57223000.0,0.012,3116968800.0,0.0415,3118401250.0,0.0415,0.0415,3117685025.0
2014-08-18,49519000.0,0.0105,2635062680.0,0.0355,2636416670.0,0.0355,0.0355,2635739675.0
2014-08-19,69132000.0,0.0125,4326088940.0,0.048,4352696640.0,0.0483,0.04815,4339392790.0
2014-08-20,64100000.0,0.012,3854191030.0,0.0424,3848024200.0,0.042300000000000004,0.04235,3851107615.0
2014-08-21,65341000.0,0.0128,3688264810.0,0.044500000000000005,3693583810.0,0.0446,0.044550000000000006,3690924310.0
2014-08-22,84089000.0,0.0148,4305981040.0,0.041100000000000005,4330290500.0,0.0414,0.04125,4318135770.0
2014-08-25,57400000.0,0.011699999999999999,2811594330.0,0.036000000000000004,2822912220.0,0.0361,0.03605,2817253275.0
2014-08-26,55143000.0,0.0103,3782841330.0,0.04019999999999999,3789729910.0,0.0403,0.040249999999999994,3786285620.0
2014-08-27,130580000.0,0.0202,4777825870.0,0.0408,4797757850.0,0.040999999999999995,0.0409,4787791860.0
2014-08-28,116773000.0,0.0182,4112106940.0,0.04019999999999999,4116828970.0,0.04019999999999999,0.04019999999999999,4114467955.0
2014-08-29,85219000.0,0.0163,3701399980.0,0.040999999999999995,3704954400.0,0.040999999999999995,0.040999999999999995,3703177190.0
2014-09-01,59833000.0,0.0115,3150509570.0,0.0355,3150410090.0,0.0355,0.0355,3150459830.0
2014-09-02,55952000.0,0.0101,2973969480.0,0.0332,2960341050.0,0.033,0.033100000000000004,2967155265.0
2014-09-03,80111000.0,0.015,4403346170.0,0.0493,4396793940.0,0.0492,0.04925,4400070055.0
2014-09-04,61552000.0,0.0132,2935065980.0,0.0391,2936046760.0,0.0392,0.039150000000000004,2935556370.0
2014-09-05,43731000.0,0.0102,2962887530.0,0.04019999999999999,2960906950.0,0.04019999999999999,0.04019999999999999,2961897240.0
2014-09-09,49616000.0,0.0111,3128828280.0,0.0392,3122997390.0,0.0391,0.039150000000000004,3125912835.0
2014-09-10,55822000.0,0.0116,3331864000.0,0.042300000000000004,3343696340.0,0.0424,0.04235,3337780170.0
2014-09-11,54884000.0,0.012,2962744110.0,0.0407,2955514880.0,0.0406,0.04065,2959129495.0
2014-09-12,56817000.0,0.0111,3994743400.0,0.049100000000000005,3976429870.0,0.048799999999999996,0.04895,3985586635.0
2014-09-15,54423000.0,0.0129,3373727710.0,0.050300000000000004,3371076340.0,0.050300000000000004,0.050300000000000004,3372402025.0
2014-09-16,77223000.0,0.016399999999999998,3444690740.0,0.0496,3439104560.0,0.0495,0.04955,3441897650.0
2014-09-17,66675000.0,0.013000000000000001,3604679450.0,0.0438,3611224070.0,0.043899999999999995,0.04385,3607951760.0
2014-09-18,47329000.0,0.0108,3082607230.0,0.044000000000000004,3087356650.0,0.0441,0.044050000000000006,3084981940.0
2014-09-19,55834000.0,0.0123,2996191600.0,0.0371,2994654320.0,0.0371,0.0371,2995422960.0
2014-09-22,65239000.0,0.013999999999999999,3239690970.0,0.0409,3240128030.0,0.0409,0.0409,3239909500.0
2014-09-23,54819000.0,0.0111,3321226170.0,0.0397,3319341190.0,0.0397,0.0397,3320283680.0
2014-09-24,46168000.0,0.0092,3568967470.0,0.044500000000000005,3559091740.0,0.0444,0.04445,3564029605.0
2014-09-25,73410000.0,0.0129,4555963570.0,0.049100000000000005,4531119020.0,0.048799999999999996,0.04895,4543541295.0
2014-09-26,64317000.0,0.0127,4587533320.0,0.0536,4606050860.0,0.0538,0.0537,4596792090.0
2014-09-29,49386000.0,0.0111,3693685120.0,0.044000000000000004,3698201160.0,0.0441,0.044050000000000006,3695943140.0
2014-09-30,100912000.0,0.016200000000000003,5925116400.0,0.0575,5952877020.0,0.057699999999999994,0.0576,5938996710.0
2014-10-01,72913000.0,0.014199999999999999,4639931690.0,0.058600000000000006,4657737300.0,0.0588,0.0587,4648834495.0
2014-10-02,94211000.0,0.0192,4661588660.0,0.0611,4687189110.0,0.061399999999999996,0.06125,4674388885.0
2014-10-03,71433000.0,0.0138,4248268970.0,0.0512,4266207650.0,0.051399999999999994,0.0513,4257238310.0
2014-10-06,68021000.0,0.0146,4226205180.0,0.0526,4214531580.0,0.0524,0.052500000000000005,4220368380.0
2014-10-07,59338000.0,0.013000000000000001,3802646330.0,0.0501,3808202890.0,0.050199999999999995,0.05015,3805424610.0
2014-10-08,58191000.0,0.0127,3492561280.0,0.046900000000000004,3487366550.0,0.046799999999999994,0.04685,3489963915.0
2014-10-09,69136000.0,0.014199999999999999,4804718170.0,0.0562,4781224650.0,0.055999999999999994,0.0561,4792971410.0
2014-10-13,75242000.0,0.0131,4967803030.0,0.0483,4994615000.0,0.048600000000000004,0.04845000000000001,4981209015.0
2014-10-14,78293000.0,0.0168,4138288560.0,0.0556,4149099020.0,0.0557,0.05565,4143693790.0
2014-10-15,80890000.0,0.0134,5694166790.0,0.053399999999999996,5689640570.0,0.053399999999999996,0.053399999999999996,5691903680.0
2014-10-16,128587000.0,0.0191,7016944420.0,0.06480000000000001,7075644730.0,0.0653,0.06505,7046294575.0
2014-10-17,91403000.0,0.0137,5734425790.0,0.0463,5706120450.0,0.0461,0.046200000000000005,5720273120.0
2014-10-20,67916000.0,0.013500000000000002,5299835810.0,0.0673,5307129340.0,0.0674,0.06735,5303482575.0
2014-10-21,57309000.0,0.0131,4135975650.0,0.0642,4147991530.0,0.0644,0.0643,4141983590.0
2014-10-22,99177000.0,0.0182,5171439860.0,0.062400000000000004,5144396130.0,0.0621,0.06225,5157917995.0
2014-10-23,73979000.0,0.0159,4334381790.0,0.0693,4334601650.0,0.0693,0.0693,4334491720.0
2014-10-24,74864000.0,0.0171,4319301760.0,0.0637,4313113640.0,0.0636,0.06365000000000001,4316207700.0
2014-10-27,56717000.0,0.0131,4141924240.0,0.0616,4140177460.0,0.0616,0.0616,4141050850.0
2014-10-28,73648000.0,0.0137,5015379620.0,0.0583,5049937350.0,0.0587,0.058499999999999996,5032658485.0
2014-10-29,104816000.0,0.0171,5391344990.0,0.0562,5421530040.0,0.0565,0.05635,5406437515.0
2014-10-30,121783000.0,0.0223,4943981720.0,0.0605,4950383970.0,0.060599999999999994,0.06054999999999999,4947182845.0
2014-10-31,104032000.0,0.018600000000000002,5319138200.0,0.061200000000000004,5336867780.0,0.061399999999999996,0.0613,5328002990.0
2014-11-03,92607000.0,0.016,5086306060.0,0.056100000000000004,5091888900.0,0.0562,0.056150000000000005,5089097480.0
2014-11-04,89265000.0,0.0171,4935683200.0,0.06509999999999999,4935675320.0,0.06509999999999999,0.06509999999999999,4935679260.0
2014-11-05,83955000.0,0.0169,4494498230.0,0.0633,4484049450.0,0.0632,0.06325,4489273840.0
2014-11-06,84806000.0,0.016200000000000003,4380423530.0,0.059800000000000006,4357991020.0,0.059500000000000004,0.05965000000000001,4369207275.0
2014-11-07,89078000.0,0.0179,4695168410.0,0.0682,4711429780.0,0.0684,0.0683,4703299095.0
2014-11-10,86176000.0,0.0152,4765646440.0,0.0554,4768656140.0,0.0554,0.0554,4767151290.0
2014-11-11,90165000.0,0.0163,4449246170.0,0.0574,4446995640.0,0.0574,0.0574,4448120905.0
2014-11-12,84036000.0,0.0154,4842344180.0,0.061399999999999996,4833912930.0,0.0613,0.06135,4838128555.0
2014-11-13,61837000.0,0.0124,4649375460.0,0.0662,4656013230.0,0.0663,0.06625,4652694345.0
2014-11-14,88816000.0,0.0183,4811035330.0,0.0641,4821186260.0,0.0643,0.06420000000000001,4816110795.0
2014-11-17,71580000.0,0.0147,4131814420.0,0.0558,4118393360.0,0.0556,0.0557,4125103890.0
2014-11-18,87693000.0,0.016399999999999998,4180850990.0,0.0525,4172172660.0,0.0524,0.05245,4176511825.0
2014-11-19,89155000.0,0.0161,4811172050.0,0.051399999999999994,4822406530.0,0.051500000000000004,0.051449999999999996,4816789290.0
2014-11-20,99854000.0,0.017,5180730070.0,0.055999999999999994,5197305660.0,0.0562,0.0561,5189017865.0
2014-11-21,71372000.0,0.0146,4189763590.0,0.0525,4191921190.0,0.0526,0.05255,4190842390.0
2014-11-24,77228000.0,0.0165,3805557080.0,0.0496,3793541400.0,0.0495,0.04955,3799549240.0
2014-11-25,67747000.0,0.013600000000000001,4143080620.0,0.04650000000000001,4151725030.0,0.0466,0.04655000000000001,4147402825.0
2014-11-26,69911000.0,0.013999999999999999,4400170110.0,0.0582,4403568390.0,0.0583,0.058249999999999996,4401869250.0
2014-11-27,64235000.0,0.0118,4636453590.0,0.0553,4637683290.0,0.0553,0.0553,4637068440.0
2014-11-28,60073000.0,0.013500000000000002,3081756020.0,0.0431,3082683550.0,0.0431,0.0431,3082219785.0
2014-12-01,93248000.0,0.0175,5009960080.0,0.0555,5040675600.0,0.0559,0.0557,5025317840.0
2014-12-02,67116000.0,0.011699999999999999,4027702780.0,0.040999999999999995,4030258580.0,0.041100000000000005,0.04105,4028980680.0
2014-12-03,126029000.0,0.0183,5867896510.0,0.0506,5900869240.0,0.0509,0.05075,5884382875.0
2014-12-04,111966000.0,0.0167,5273603740.0,0.0504,5286548670.0,0.050499999999999996,0.050449999999999995,5280076205.0
2014-12-05,67303000.0,0.011200000000000002,4535433420.0,0.0454,4543119380.0,0.0455,0.045450000000000004,4539276400.0
2014-12-08,73893000.0,0.0134,4224897010.0,0.045599999999999995,4207684280.0,0.0454,0.0455,4216290645.0
2014-12-09,73903000.0,0.0137,3718367800.0,0.042199999999999994,3717609450.0,0.042199999999999994,0.042199999999999994,3717988625.0
2014-12-10,81724000.0,0.0138,4007090340.0,0.0432,3999993490.0,0.0431,0.04315,4003541915.0
2014-12-11,78763000.0,0.0148,4488218070.0,0.0552,4500617270.0,0.0553,0.05525,4494417670.0
2014-12-12,54025000.0,0.011399999999999999,3671193290.0,0.0473,3670826920.0,0.0473,0.0473,3671010105.0
2014-12-15,50105000.0,0.0113,3151235390.0,0.0408,3161495370.0,0.0409,0.04085,3156365380.0
2014-12-16,56528000.0,0.0111,3889831450.0,0.0444,3878278120.0,0.044199999999999996,0.0443,3884054785.0
2014-12-17,79363000.0,0.0132,4660208740.0,0.0424,4656160790.0,0.0424,0.0424,4658184765.0
2014-12-18,74977000.0,0.0137,4193252650.0,0.0466,4184717270.0,0.04650000000000001,0.04655000000000001,4188984960.0
2014-12-19,102015000.0,0.015600000000000001,5652562220.0,0.0512,5648107450.0,0.0512,0.0512,5650334835.0
2014-12-22,91157000.0,0.016200000000000003,3830328760.0,0.0472,3840094720.0,0.0473,0.04725,3835211740.0
2014-12-23,76104000.0,0.0151,3209986890.0,0.0455,3209046420.0,0.0455,0.0455,3209516655.0
2014-12-24,125009000.0,0.021,3922315730.0,0.0464,3931366810.0,0.04650000000000001,0.046450000000000005,3926841270.0
2014-12-25,100240000.0,0.0229,2732225630.0,0.0489,2732131710.0,0.0489,0.0489,2732178670.0
2014-12-26,70213000.0,0.0176,2364623690.0,0.0414,2367195120.0,0.0414,0.0414,2365909405.0
2014-12-27,42412000.0,0.013500000000000002,1192010930.0,0.030299999999999997,1192443780.0,0.030299999999999997,0.030299999999999997,1192227355.0
2014-12-29,81972000.0,0.0168,3293512790.0,0.0397,3300066430.0,0.0398,0.03975,3296789610.0
2014-12-30,90982000.0,0.021,3436092380.0,0.047599999999999996,3436444000.0,0.047599999999999996,0.047599999999999996,3436268190.0
2014-12-31,66809000.0,0.0192,2787216470.0,0.046,2789293050.0,0.046,0.046,2788254760.0
2015-01-05,120887000.0,0.024900000000000002,3904005130.0,0.0479,3927619400.0,0.0482,0.048049999999999995,3915812265.0
2015-01-06,120922000.0,0.0194,4464411040.0,0.0401,4449774390.0,0.04,0.04005,4457092715.0
2015-01-07,143972000.0,0.0262,5402469220.0,0.0557,5430604870.0,0.055999999999999994,0.05585,5416537045.0
2015-01-08,133446000.0,0.0209,5008050470.0,0.0461,5028078190.0,0.0463,0.046200000000000005,5018064330.0
2015-01-09,112825000.0,0.0207,4564530180.0,0.0461,4552573620.0,0.046,0.04605,4558551900.0
2015-01-12,103527000.0,0.0207,3576069910.0,0.0424,3577452860.0,0.0424,0.0424,3576761385.0
2015-01-13,93517000.0,0.0173,3777407130.0,0.0407,3784043750.0,0.0408,0.04075,3780725440.0
2015-01-14,90335000.0,0.0167,3897931380.0,0.0417,3902382560.0,0.0417,0.0417,3900156970.0
2015-01-15,101543000.0,0.018799999999999997,4023790190.0,0.0449,4018824810.0,0.044800000000000006,0.04485,4021307500.0
2015-01-16,112282000.0,0.018600000000000002,5380173710.0,0.0464,5366366650.0,0.0463,0.04635,5373270180.0
2015-01-19,81070000.0,0.015600000000000001,3628182910.0,0.0405,3625333350.0,0.0404,0.04045,3626758130.0
2015-01-20,93615000.0,0.0176,4969443160.0,0.0571,4997127150.0,0.0574,0.057249999999999995,4983285155.0
2015-01-21,91927000.0,0.016200000000000003,4376035780.0,0.0436,4376905770.0,0.0436,0.0436,4376470775.0
2015-01-22,111996000.0,0.019299999999999998,4519166900.0,0.045599999999999995,4530124050.0,0.045700000000000005,0.045649999999999996,4524645475.0
2015-01-23,82630000.0,0.0132,5157248250.0,0.043,5155875660.0,0.043,0.043,5156561955.0
2015-01-26,74860000.0,0.0152,4011708000.0,0.044199999999999996,4017526370.0,0.044199999999999996,0.044199999999999996,4014617185.0
2015-01-27,72009000.0,0.0144,3654015680.0,0.04,3654610190.0,0.04,0.04,3654312935.0
2015-01-28,82523000.0,0.0175,4011507560.0,0.0481,4023211450.0,0.0482,0.04815,4017359505.0
2015-01-29,82219000.0,0.0168,3926255100.0,0.047,3929609000.0,0.047,0.047,3927932050.0
2015-01-30,86268000.0,0.0184,3822269340.0,0.0437,3814087770.0,0.0436,0.04365,3818178555.0
2015-02-02,70121000.0,0.0167,3383023540.0,0.0463,3390392200.0,0.0464,0.04635,3386707870.0
2015-02-03,73357000.0,0.0161,3914934520.0,0.050199999999999995,3924612000.0,0.0504,0.0503,3919773260.0
2015-02-04,80883000.0,0.015300000000000001,3785915230.0,0.0385,3786522510.0,0.0385,0.0385,3786218870.0
2015-02-05,48911000.0,0.0113,2837436480.0,0.0381,2841840170.0,0.0381,0.0381,2839638325.0
2015-02-06,46851000.0,0.011899999999999999,3125987770.0,0.042800000000000005,3121088980.0,0.042800000000000005,0.042800000000000005,3123538375.0
2015-02-09,41424000.0,0.0116,2613670240.0,0.0393,2616811510.0,0.0394,0.039349999999999996,2615240875.0
2015-02-10,51252000.0,0.013000000000000001,2993106370.0,0.0393,2994720240.0,0.0393,0.0393,2993913305.0
2015-02-11,75031000.0,0.0166,5750039460.0,0.059000000000000004,5785284050.0,0.0593,0.05915,5767661755.0
2015-02-12,66725000.0,0.0182,3680663000.0,0.0478,3690038580.0,0.0479,0.047850000000000004,3685350790.0
2015-02-13,47496000.0,0.0139,3018209860.0,0.038900000000000004,3018731830.0,0.038900000000000004,0.038900000000000004,3018470845.0
2015-02-24,57189000.0,0.0137,3249562290.0,0.028300000000000002,3259483630.0,0.028300000000000002,0.028300000000000002,3254522960.0
2015-02-25,69101000.0,0.014499999999999999,3239187040.0,0.0333,3245516870.0,0.0333,0.0333,3242351955.0
2015-02-26,64495000.0,0.014499999999999999,3245413790.0,0.0329,3254639540.0,0.033,0.03295,3250026665.0
2015-03-02,70420000.0,0.015700000000000002,3090635030.0,0.0332,3091391520.0,0.0333,0.03325,3091013275.0
2015-03-03,57136000.0,0.0128,3193838360.0,0.0371,3198697580.0,0.0371,0.0371,3196267970.0
2015-03-04,54580000.0,0.012,2708061260.0,0.0318,2710803230.0,0.0318,0.0318,2709432245.0
2015-03-05,61813000.0,0.013300000000000001,3187415350.0,0.037000000000000005,3192616060.0,0.0371,0.03705,3190015705.0
2015-03-06,57109000.0,0.011899999999999999,3672354910.0,0.0383,3686296720.0,0.0384,0.038349999999999995,3679325815.0
2015-03-09,42399000.0,0.0096,2575388580.0,0.0296,2579463420.0,0.0297,0.029650000000000003,2577426000.0
2015-03-10,58077000.0,0.012199999999999999,3513441430.0,0.0377,3512144970.0,0.0377,0.0377,3512793200.0
2015-03-11,74211000.0,0.0147,4049833970.0,0.0417,4055848760.0,0.0417,0.0417,4052841365.0
2015-03-12,100122000.0,0.0178,3812594130.0,0.0392,3830502630.0,0.0394,0.0393,3821548380.0
2015-03-13,53744000.0,0.011200000000000002,2844058100.0,0.0321,2840656620.0,0.0321,0.0321,2842357360.0
2015-03-16,49802000.0,0.0116,2363335380.0,0.0281,2361151280.0,0.0281,0.0281,2362243330.0
2015-03-17,59757000.0,0.011699999999999999,3469390670.0,0.0353,3467044590.0,0.0352,0.035250000000000004,3468217630.0
2015-03-18,61312000.0,0.011000000000000001,3676186280.0,0.0341,3692284450.0,0.034300000000000004,0.0342,3684235365.0
2015-03-19,66370000.0,0.0105,4086969570.0,0.0345,4100041270.0,0.0346,0.03455,4093505420.0
2015-03-20,61550000.0,0.0106,4191111700.0,0.0342,4203491520.0,0.034300000000000004,0.03425,4197301610.0
2015-03-23,69030000.0,0.012199999999999999,3788855920.0,0.0361,3794825170.0,0.0361,0.0361,3791840545.0
2015-03-24,60217000.0,0.0109,3165726210.0,0.032400000000000005,3166726250.0,0.032400000000000005,0.032400000000000005,3166226230.0
2015-03-25,50811000.0,0.0097,2931884010.0,0.0302,2921049190.0,0.0301,0.03015,2926466600.0
2015-03-26,58143000.0,0.010700000000000001,3438966470.0,0.0286,3448023260.0,0.0286,0.0286,3443494865.0
2015-03-27,60953000.0,0.011699999999999999,3900462470.0,0.034,3884067830.0,0.0339,0.03395,3892265150.0
2015-03-30,48707000.0,0.0102,3604314120.0,0.038900000000000004,3604299380.0,0.038900000000000004,0.038900000000000004,3604306750.0
2015-03-31,68382000.0,0.012199999999999999,4543833590.0,0.0424,4545160960.0,0.0424,0.0424,4544497275.0
2015-04-01,56202000.0,0.011699999999999999,3625521720.0,0.0415,3634399410.0,0.0416,0.041550000000000004,3629960565.0
2015-04-02,63722000.0,0.0143,4515963850.0,0.04769999999999999,4520550490.0,0.0478,0.04775,4518257170.0
2015-04-07,59796000.0,0.013300000000000001,3283298240.0,0.0352,3296090900.0,0.0354,0.0353,3289694570.0
2015-04-08,65765000.0,0.0132,3469714160.0,0.036699999999999997,3461441680.0,0.0366,0.03665,3465577920.0
2015-04-09,69044000.0,0.0125,3792795870.0,0.037599999999999995,3785715690.0,0.0375,0.03755,3789255780.0
2015-04-10,60908000.0,0.0124,3329581400.0,0.0359,3330382610.0,0.0359,0.0359,3329982005.0
2015-04-13,56585000.0,0.012,2923589480.0,0.0336,2932396510.0,0.0337,0.03365,2927992995.0
2015-04-14,76722000.0,0.014199999999999999,3391100970.0,0.035699999999999996,3398615180.0,0.0358,0.03575,3394858075.0
2015-04-15,72094000.0,0.0124,3899139260.0,0.034,3894182660.0,0.034,0.034,3896660960.0
2015-04-16,64556000.0,0.0118,3413025550.0,0.0326,3418418900.0,0.0326,0.0326,3415722225.0
2015-04-17,46724000.0,0.009000000000000001,2686572580.0,0.0271,2683786200.0,0.027000000000000003,0.02705,2685179390.0
2015-04-20,63845000.0,0.0129,4171391320.0,0.045599999999999995,4187993830.0,0.045700000000000005,0.045649999999999996,4179692575.0
2015-04-21,81841000.0,0.0158,4339205700.0,0.045899999999999996,4333448080.0,0.0458,0.04585,4336326890.0
2015-04-22,74542000.0,0.0129,4591644250.0,0.0438,4612818490.0,0.044000000000000004,0.0439,4602231370.0
2015-04-23,159549000.0,0.0202,6632386950.0,0.0458,6668378460.0,0.0461,0.045950000000000005,6650382705.0
2015-04-24,152064000.0,0.0192,6926500240.0,0.040999999999999995,6937333970.0,0.041100000000000005,0.04105,6931917105.0
2015-04-27,134686000.0,0.019299999999999998,5141323140.0,0.038900000000000004,5158630150.0,0.039,0.03895,5149976645.0
2015-04-28,115605000.0,0.0179,4918989210.0,0.0416,4920040110.0,0.0416,0.0416,4919514660.0
2015-04-29,101176000.0,0.0161,4422494580.0,0.0384,4415700900.0,0.0383,0.038349999999999995,4419097740.0
2015-04-30,88424000.0,0.0166,4737140700.0,0.0417,4749107990.0,0.0418,0.041749999999999995,4743124345.0
2015-05-04,77295000.0,0.0144,3956027460.0,0.039900000000000005,3967012080.0,0.04,0.03995,3961519770.0
2015-05-05,71071000.0,0.013600000000000001,3877343130.0,0.0421,3877299740.0,0.0421,0.0421,3877321435.0
2015-05-06,105068000.0,0.0182,4663830270.0,0.04769999999999999,4688170400.0,0.0479,0.047799999999999995,4676000335.0
2015-05-07,99810000.0,0.0169,3842392220.0,0.04019999999999999,3846390950.0,0.0403,0.040249999999999994,3844391585.0
2015-05-08,68937000.0,0.013999999999999999,3560604600.0,0.042,3554528540.0,0.04190000000000001,0.04195,3557566570.0
2015-05-11,79762000.0,0.013999999999999999,3905255970.0,0.0405,3899740490.0,0.0405,0.0405,3902498230.0
2015-05-12,80115000.0,0.015300000000000001,3930508650.0,0.044000000000000004,3945398860.0,0.044199999999999996,0.0441,3937953755.0
2015-05-13,88190000.0,0.015700000000000002,4549864810.0,0.0471,4569021400.0,0.0473,0.047200000000000006,4559443105.0
2015-05-14,79640000.0,0.0139,4137388220.0,0.0417,4130590240.0,0.0417,0.0417,4133989230.0
2015-05-15,74675000.0,0.0152,4132550440.0,0.049,4126985230.0,0.0489,0.04895,4129767835.0
2015-05-18,76378000.0,0.0147,3786468480.0,0.0405,3792397960.0,0.0405,0.0405,3789433220.0
2015-05-19,98197000.0,0.0149,4449944970.0,0.040999999999999995,4467091650.0,0.041100000000000005,0.04105,4458518310.0
2015-05-20,84302000.0,0.013999999999999999,3635537110.0,0.036699999999999997,3641332590.0,0.0368,0.03675,3638434850.0
2015-05-21,85882000.0,0.015600000000000001,3886527410.0,0.0401,3893421350.0,0.04019999999999999,0.04014999999999999,3889974380.0
2015-05-22,112541000.0,0.0197,4950730470.0,0.0496,4963590490.0,0.049699999999999994,0.04965,4957160480.0
2015-05-25,61443000.0,0.0129,3329044490.0,0.0432,3336160860.0,0.0433,0.04325,3332602675.0
2015-05-26,75939000.0,0.015,3474228190.0,0.0435,3478808200.0,0.0435,0.0435,3476518195.0
2015-05-27,111072000.0,0.018600000000000002,4486957920.0,0.043899999999999995,4501331000.0,0.044000000000000004,0.04395,4494144460.0
2015-05-28,87755000.0,0.0138,4624936350.0,0.04,4623104840.0,0.04,0.04,4624020595.0
2015-05-29,74666000.0,0.011399999999999999,4086567250.0,0.028399999999999998,4098167970.0,0.0285,0.02845,4092367610.0
2015-06-01,124575000.0,0.024300000000000002,5751991705.0,0.0622,5773950300.0,0.0625,0.06235,5762971002.5
2015-06-02,110954100.0,0.020099999999999996,5714645130.0,0.056900000000000006,5719992335.0,0.057,0.05695,5717318732.5
2015-06-03,137247400.0,0.0232,6641578965.0,0.0649,6641549395.0,0.0649,0.0649,6641564180.0
2015-06-04,184943600.0,0.0246,7835856955.0,0.056900000000000006,7817860500.0,0.056799999999999996,0.05685,7826858727.5
2015-06-05,194926700.0,0.0318,8598692180.0,0.077,8640569265.0,0.07730000000000001,0.07715,8619630722.5
2015-06-08,146254900.0,0.027200000000000002,6788601170.0,0.0706,6813596300.0,0.0708,0.0707,6801098735.0
2015-06-09,167554000.0,0.0263,7362677510.0,0.0676,7333463700.0,0.0673,0.06745,7348070605.0
2015-06-10,160301100.0,0.0287,8175133130.0,0.08259999999999999,8204188690.0,0.08289999999999999,0.08274999999999999,8189660910.0
2015-06-11,145590000.0,0.027000000000000003,8137693085.0,0.0823,8150521050.0,0.0825,0.0824,8144107067.5
2015-06-12,122811800.0,0.0276,7008678985.0,0.08410000000000001,7014415845.0,0.0842,0.08415,7011547415.0
2015-06-15,118551000.0,0.0286,6412301360.0,0.0852,6408963490.0,0.0852,0.0852,6410632425.0
2015-06-16,119656000.0,0.0265,5849619790.0,0.0726,5854392710.0,0.0726,0.0726,5852006250.0
2015-06-17,138818400.0,0.0275,6477868750.0,0.0698,6484999110.0,0.0699,0.06985,6481433930.0
2015-06-18,136128900.0,0.0297,6183903080.0,0.0746,6195382685.0,0.0747,0.07465,6189642882.5
2015-06-22,112301600.0,0.023,5268411055.0,0.057999999999999996,5277936220.0,0.0581,0.05805,5273173637.5
2015-06-23,167685100.0,0.030699999999999998,8116732505.0,0.0806,8126411490.0,0.08070000000000001,0.08065,8121571997.5
2015-06-24,132077100.0,0.028300000000000002,5787246135.0,0.0728,5788273335.0,0.0728,0.0728,5787759735.0
2015-06-25,154651800.0,0.0291,7230215980.0,0.07,7245878475.0,0.0701,0.07005,7238047227.5
2015-06-26,162774800.0,0.0369,6767343935.0,0.0799,6784705585.0,0.0801,0.08,6776024760.0
2015-06-29,174431900.0,0.0353,6482697655.0,0.0687,6443109400.0,0.0683,0.0685,6462903527.5
2015-06-30,206815200.0,0.0441,7421607790.0,0.08,7465110135.0,0.0805,0.08025,7443358962.5
2015-07-01,135398600.0,0.028999999999999998,7485688355.0,0.0864,7505948680.0,0.0866,0.0865,7495818517.5
2015-07-02,181268300.0,0.0377,7284268465.0,0.08460000000000001,7302417500.0,0.0848,0.0847,7293342982.5
2015-07-03,231279300.0,0.049699999999999994,8502060280.0,0.1007,8535917560.0,0.1011,0.10089999999999999,8518988920.0
2015-07-06,200667500.0,0.0453,7438961615.0,0.08900000000000001,7392489165.0,0.08839999999999999,0.0887,7415725390.0
2015-07-07,270146700.0,0.054000000000000006,9840232585.0,0.1063,9836830410.0,0.1063,0.1063,9838531497.5
2015-07-08,246025900.0,0.0329,10059857165.0,0.0701,10018805135.0,0.0698,0.06995,10039331150.0
2015-07-09,397547800.0,0.056100000000000004,14381649745.0,0.1103,14643965755.0,0.11230000000000001,0.11130000000000001,14512807750.0
2015-07-13,187741100.0,0.0327,8135135915.0,0.0781,8159438025.0,0.0784,0.07825,8147286970.0
2015-07-14,217361600.0,0.0375,8357020845.0,0.08289999999999999,8317533590.0,0.0825,0.0827,8337277217.5
2015-07-15,177864300.0,0.0365,7314591290.0,0.0877,7307191540.0,0.0876,0.08765,7310891415.0
2015-07-16,188242100.0,0.039599999999999996,6733802795.0,0.0864,6752851980.0,0.0866,0.0865,6743327387.5
2015-07-17,148986700.0,0.0344,6169291560.0,0.0805,6167713915.0,0.0805,0.0805,6168502737.5
2015-07-20,174442600.0,0.0359,6918126395.0,0.0837,6895140740.0,0.0834,0.08355,6906633567.5
2015-07-21,186683600.0,0.0388,6909483415.0,0.0949,6934962860.0,0.09519999999999999,0.09505,6922223137.5
2015-07-22,128265800.0,0.0277,6339586920.0,0.0796,6342067675.0,0.0796,0.0796,6340827297.5
2015-07-23,199495200.0,0.0345,9054402145.0,0.0866,9017129940.0,0.0863,0.08645,9035766042.5
2015-07-24,148471600.0,0.0336,6929421865.0,0.0891,6924828855.0,0.0891,0.0891,6927125360.0
2015-07-27,153711900.0,0.0278,6708635975.0,0.0688,6649231940.0,0.0682,0.0685,6678933957.5
2015-07-28,239697800.0,0.0414,8802855735.0,0.08779999999999999,8877610450.0,0.0886,0.0882,8840233092.5
2015-07-29,216505100.0,0.039599999999999996,8968536130.0,0.09960000000000001,8978701985.0,0.09970000000000001,0.09965000000000002,8973619057.5
2015-07-30,196903900.0,0.0353,8864262490.0,0.1,8870622080.0,0.1001,0.10005,8867442285.0
2015-07-31,175266400.0,0.0371,7393121680.0,0.085,7403670730.0,0.0851,0.08505,7398396205.0
2015-08-03,158199300.0,0.0354,7448441420.0,0.0942,7456686090.0,0.0943,0.09425,7452563755.0
2015-08-04,201942300.0,0.0342,10541437325.0,0.1043,10535588075.0,0.1043,0.1043,10538512700.0
2015-08-05,174324700.0,0.035,9247862610.0,0.1065,9277296260.0,0.10679999999999999,0.10665,9262579435.0
2015-08-06,186889700.0,0.0364,9150845200.0,0.1007,9153516530.0,0.1007,0.1007,9152180865.0
2015-08-07,161935700.0,0.0393,8920590435.0,0.11710000000000001,8976147740.0,0.11779999999999999,0.11745,8948369087.5
2015-08-10,166949400.0,0.035,8632346840.0,0.109,8685686540.0,0.1097,0.10935,8659016690.0
2015-08-11,183630900.0,0.0326,9729130400.0,0.0969,9683672460.0,0.0964,0.09665,9706401430.0
2015-08-12,215891300.0,0.0391,10193338200.0,0.10529999999999999,10202845590.0,0.1054,0.10535,10198091895.0
2015-08-13,211586200.0,0.0404,9582926580.0,0.1076,9599350180.0,0.10779999999999999,0.10769999999999999,9591138380.0
2015-08-14,178739200.0,0.0417,7753053930.0,0.10490000000000001,7755280950.0,0.10490000000000001,0.10490000000000001,7754167440.0
2015-08-17,138904100.0,0.0346,6146350000.0,0.0874,6133085730.0,0.0872,0.0873,6139717865.0
2015-08-18,195811200.0,0.0441,7569712870.0,0.1,7568256660.0,0.1,0.1,7568984765.0
2015-08-19,215717100.0,0.037599999999999995,9413887230.0,0.0924,9398111530.0,0.0922,0.0923,9405999380.0
2015-08-20,196763400.0,0.0408,9634611345.0,0.10869999999999999,9658766420.0,0.109,0.10885,9646688882.5
2015-08-21,203810500.0,0.0373,8983480565.0,0.0866,8955802985.0,0.0863,0.08645,8969641775.0
2015-08-24,424939600.0,0.056100000000000004,16535922520.0,0.1131,16578939120.0,0.1134,0.11325,16557430820.0
2015-08-25,392557400.0,0.062,15482607280.0,0.1251,15659110385.0,0.1265,0.1258,15570858832.5
2015-08-26,431850800.0,0.0761,15785194130.0,0.1433,15891328375.0,0.14429999999999998,0.14379999999999998,15838261252.5
2015-08-27,339440300.0,0.0603,13404902705.0,0.1217,13435516885.0,0.1219,0.12179999999999999,13420209795.0
2015-08-28,279451800.0,0.0524,11624020890.0,0.1103,11634309510.0,0.1104,0.11035,11629165200.0
2015-08-31,302422500.0,0.061900000000000004,10200119315.0,0.1003,10239401300.0,0.1007,0.1005,10219760307.5
2015-09-01,307848900.0,0.0663,10113231380.0,0.1185,10126658420.0,0.1186,0.11854999999999999,10119944900.0
2015-09-02,370867600.0,0.0768,11961632190.0,0.1309,12018527635.0,0.1315,0.13119999999999998,11990079912.5
2015-09-03,290419000.0,0.0581,11054753440.0,0.1268,11098777840.0,0.1273,0.12705,11076765640.0
2015-09-04,352147500.0,0.07429999999999999,11625373585.0,0.1399,11554591265.0,0.139,0.13945000000000002,11589982425.0
2015-09-07,289963600.0,0.0787,10544905920.0,0.15259999999999999,10574086210.0,0.153,0.1528,10559496065.0
2015-09-08,246278100.0,0.0665,9372186955.0,0.1402,9392131725.0,0.1405,0.14035,9382159340.0
2015-09-09,309603400.0,0.0507,12143145590.0,0.10210000000000001,12201115290.0,0.1026,0.10235,12172130440.0
2015-09-10,264017200.0,0.057699999999999994,10246259040.0,0.1192,10273084800.0,0.1195,0.11935,10259671920.0
2015-09-11,224625600.0,0.056600000000000004,9892748595.0,0.1226,9906227025.0,0.12279999999999999,0.1227,9899487810.0
2015-09-14,245628900.0,0.0641,9523321720.0,0.1242,9508460445.0,0.124,0.1241,9515891082.5
2015-09-15,234360000.0,0.0661,8765858800.0,0.1265,8754965940.0,0.1263,0.1264,8760412370.0
2015-09-16,247198900.0,0.061399999999999996,9730609840.0,0.11960000000000001,9712208250.0,0.11939999999999999,0.1195,9721409045.0
2015-09-17,241213300.0,0.049100000000000005,9287661400.0,0.09380000000000001,9302447075.0,0.094,0.09390000000000001,9295054237.5
2015-09-18,218759100.0,0.048,8976978590.0,0.0942,9017855860.0,0.0946,0.09440000000000001,8997417225.0
2015-09-21,176045300.0,0.0466,6806808140.0,0.0875,6815942235.0,0.0876,0.08754999999999999,6811375187.5
2015-09-22,187278300.0,0.049100000000000005,7344559450.0,0.1042,7365831715.0,0.1045,0.10435,7355195582.5
2015-09-23,175432200.0,0.0417,7227848870.0,0.0891,7212836250.0,0.0889,0.089,7220342560.0
2015-09-24,215002000.0,0.050499999999999996,9225544870.0,0.1116,9195396290.0,0.1112,0.1114,9210470580.0
2015-09-25,195337000.0,0.0533,9271840310.0,0.1295,9302282340.0,0.13,0.12975,9287061325.0
2015-09-30,173368300.0,0.0395,8602735850.0,0.0814,8635007215.0,0.0817,0.08155,8618871532.5
2015-10-01,160194300.0,0.0337,8565964045.0,0.0955,8588537915.0,0.0958,0.09565,8577250980.0
2015-10-02,138273100.0,0.0352,7836920150.0,0.1054,7866684250.0,0.1058,0.1056,7851802200.0
2015-10-05,137686800.0,0.032799999999999996,7695050610.0,0.09119999999999999,7722628170.0,0.0916,0.0914,7708839390.0
2015-10-06,170768100.0,0.0339,9615317810.0,0.0951,9598502710.0,0.0949,0.095,9606910260.0
2015-10-07,172037400.0,0.0345,8955446080.0,0.0951,9002859095.0,0.0956,0.09535,8979152587.5
2015-10-08,201004900.0,0.0438,9455390175.0,0.0969,9410113615.0,0.0964,0.09665,9432751895.0
2015-10-12,163548500.0,0.035,8412439970.0,0.0815,8444805650.0,0.0819,0.0817,8428622810.0
2015-10-13,166975300.0,0.036000000000000004,8247636800.0,0.0915,8268213540.0,0.0917,0.0916,8257925170.0
2015-10-14,185886100.0,0.0398,8001777980.0,0.0911,8012668180.0,0.09119999999999999,0.09115,8007223080.0
2015-10-15,184844300.0,0.0375,8258392255.0,0.0867,8269750345.0,0.0868,0.08675,8264071300.0
2015-10-16,162505600.0,0.034,7987102900.0,0.0825,7989213610.0,0.08259999999999999,0.08255,7988158255.0
2015-10-19,135752100.0,0.0325,7408326920.0,0.0911,7409915760.0,0.09119999999999999,0.09115,7409121340.0
2015-10-20,124801000.0,0.028300000000000002,6846029230.0,0.0827,6846651635.0,0.0828,0.08274999999999999,6846340432.5
2015-10-21,150860000.0,0.031400000000000004,7801368490.0,0.08689999999999999,7818647960.0,0.08710000000000001,0.087,7810008225.0
2015-10-22,147931000.0,0.0342,7708238190.0,0.10099999999999999,7731048430.0,0.1013,0.10114999999999999,7719643310.0
2015-10-23,149953500.0,0.0338,8365863480.0,0.0889,8354182790.0,0.0888,0.08885000000000001,8360023135.0
2015-10-26,124226000.0,0.030699999999999998,7163085980.0,0.084,7185301350.0,0.0843,0.08415,7174193665.0
2015-10-27,146711600.0,0.0321,7882516570.0,0.08839999999999999,7884421440.0,0.08839999999999999,0.08839999999999999,7883469005.0
2015-10-28,133540100.0,0.030600000000000002,7010443885.0,0.087,7014463540.0,0.08710000000000001,0.08705,7012453712.5
2015-10-29,151591400.0,0.032799999999999996,7650424840.0,0.0888,7616450260.0,0.08839999999999999,0.0886,7633437550.0
2015-10-30,159669800.0,0.0365,8736881820.0,0.1002,8753731050.0,0.10039999999999999,0.1003,8745306435.0
2015-11-02,138422000.0,0.0347,7826681560.0,0.0993,7858606960.0,0.09970000000000001,0.0995,7842644260.0
2015-11-03,158928000.0,0.0315,8303444340.0,0.085,8307156280.0,0.0851,0.08505,8305300310.0
2015-11-04,192556100.0,0.0304,10166007570.0,0.0791,10208495895.0,0.0794,0.07925,10187251732.5
2015-11-05,200312800.0,0.0352,10509828945.0,0.0981,10508695105.0,0.0981,0.0981,10509262025.0
2015-11-06,176867000.0,0.0331,10238611960.0,0.0895,10227842100.0,0.0895,0.0895,10233227030.0
2015-11-09,183879400.0,0.0383,9955985335.0,0.10400000000000001,9944282965.0,0.1039,0.10395000000000001,9950134150.0
2015-11-10,161767700.0,0.036000000000000004,8778761015.0,0.1014,8798779150.0,0.1016,0.1015,8788770082.5
2015-11-11,170989900.0,0.0344,9743003190.0,0.09939999999999999,9685272670.0,0.09880000000000001,0.0991,9714137930.0
2015-11-12,168123100.0,0.0371,9867705450.0,0.1188,9869615795.0,0.1188,0.1188,9868660622.5
2015-11-13,156212800.0,0.039,8089111700.0,0.1035,8088744615.0,0.10339999999999999,0.10344999999999999,8088928157.5
2015-11-16,164738400.0,0.0395,8099949070.0,0.0993,8134516190.0,0.09970000000000001,0.0995,8117232630.0
2015-11-17,157605200.0,0.0335,8190696555.0,0.0947,8198058860.0,0.09480000000000001,0.09475,8194377707.5
2015-11-18,157199400.0,0.0354,7423021480.0,0.0886,7432604005.0,0.08869999999999999,0.08864999999999999,7427812742.5
2015-11-19,162276100.0,0.0359,8484092880.0,0.0986,8509067950.0,0.0989,0.09875,8496580415.0
2015-11-20,125673600.0,0.033,7478459680.0,0.09789999999999999,7494914775.0,0.09820000000000001,0.09805,7486687227.5
2015-11-23,116761500.0,0.0331,6259357590.0,0.0886,6269233205.0,0.08869999999999999,0.08864999999999999,6264295397.5
2015-11-24,129860200.0,0.030600000000000002,7446031375.0,0.0911,7414052720.0,0.0907,0.09090000000000001,7430042047.5
2015-11-25,129436500.0,0.0317,6938827355.0,0.0908,6945861925.0,0.0909,0.09085,6942344640.0
2015-11-26,140808000.0,0.0336,7564608420.0,0.0944,7582812750.0,0.0946,0.0945,7573710585.0
2015-11-27,133705400.0,0.0377,6274868835.0,0.094,6250089395.0,0.09359999999999999,0.0938,6262479115.0
2015-11-30,208394500.0,0.0365,7875177270.0,0.0574,7892344720.0,0.0575,0.05745,7883760995.0
2015-12-01,148028800.0,0.033,6852818770.0,0.0748,6880833530.0,0.0751,0.07495,6866826150.0
2015-12-02,152793400.0,0.0329,7481572925.0,0.0823,7494918525.0,0.0824,0.08235,7488245725.0
2015-12-03,162990400.0,0.0365,6766941610.0,0.08259999999999999,6789666835.0,0.08289999999999999,0.08274999999999999,6778304222.5
2015-12-04,129619900.0,0.0322,6519295580.0,0.0791,6534966215.0,0.0793,0.07919999999999999,6527130897.5
2015-12-07,153025800.0,0.0373,7952764420.0,0.0892,7970317610.0,0.0894,0.08929999999999999,7961541015.0
2015-12-08,147809000.0,0.0337,6726106140.0,0.07690000000000001,6719784230.0,0.0768,0.07685,6722945185.0
2015-12-09,174095700.0,0.0373,8080891880.0,0.0892,8062498285.0,0.08900000000000001,0.08910000000000001,8071695082.5
2015-12-10,202490100.0,0.044199999999999996,9147547090.0,0.1025,9170720500.0,0.10279999999999999,0.10264999999999999,9159133795.0
2015-12-11,186630500.0,0.0424,7975324630.0,0.08960000000000001,7933696730.0,0.0891,0.08935000000000001,7954510680.0
2015-12-14,173516800.0,0.043899999999999995,7466778995.0,0.09820000000000001,7488525730.0,0.09849999999999999,0.09834999999999999,7477652362.5
2015-12-15,154841600.0,0.039599999999999996,6721360915.0,0.0902,6716728000.0,0.0902,0.0902,6719044457.5
2015-12-16,164584800.0,0.0358,8604663195.0,0.096,8628267800.0,0.09630000000000001,0.09615000000000001,8616465497.5
2015-12-17,174143500.0,0.0347,7921645690.0,0.08560000000000001,7955770095.0,0.086,0.0858,7938707892.5
2015-12-18,190126100.0,0.044199999999999996,7683622870.0,0.0909,7700004080.0,0.0911,0.091,7691813475.0
2015-12-21,228101900.0,0.049,7368336955.0,0.094,7395537070.0,0.0943,0.09415,7381937012.5
2015-12-22,186501300.0,0.0424,7277209450.0,0.0942,7272825095.0,0.0941,0.09415000000000001,7275017272.5
2015-12-23,239724100.0,0.0528,7580654395.0,0.1015,7579107420.0,0.1015,0.1015,7579880907.5
2015-12-24,181139600.0,0.0467,6073675330.0,0.0986,6059883870.0,0.0984,0.0985,6066779600.0
2015-12-25,126133700.0,0.0467,4094572575.0,0.1017,4104426260.0,0.10189999999999999,0.1018,4099499417.5
2015-12-28,103726000.0,0.038900000000000004,3608269640.0,0.0707,3597590310.0,0.0705,0.0706,3602929975.0
2015-12-29,114454100.0,0.0388,4690702205.0,0.08869999999999999,4695976630.0,0.0888,0.08875,4693339417.5
2015-12-30,127494300.0,0.0418,4651156400.0,0.0868,4640926065.0,0.0866,0.0867,4646041232.5
2015-12-31,90993400.0,0.0364,3600780620.0,0.0746,3611488760.0,0.07490000000000001,0.07475000000000001,3606134690.0
2016-01-04,128757300.0,0.0336,5116588800.0,0.0664,5090217815.0,0.066,0.06620000000000001,5103403307.5
2016-01-05,191620100.0,0.045899999999999996,7375108225.0,0.0917,7410305300.0,0.0922,0.09195,7392706762.5
2016-01-06,209336500.0,0.043,9622243440.0,0.09699999999999999,9633653730.0,0.0971,0.09705,9627948585.0
2016-01-07,221600900.0,0.0374,10267751210.0,0.0873,10222876495.0,0.08689999999999999,0.0871,10245313852.5
2016-01-08,231053500.0,0.0509,10221097620.0,0.11,10284533410.0,0.1107,0.11035,10252815515.0
2016-01-11,196058000.0,0.0453,8112321790.0,0.095,8128931880.0,0.09519999999999999,0.09509999999999999,8120626835.0
2016-01-12,248826300.0,0.0521,9208647445.0,0.1063,9161617560.0,0.1058,0.10605,9185132502.5
2016-01-13,199309000.0,0.0475,8182802700.0,0.10679999999999999,8186962790.0,0.10679999999999999,0.10679999999999999,8184882745.0
2016-01-14,225404400.0,0.0527,8732495240.0,0.1067,8779670120.0,0.1073,0.10700000000000001,8756082680.0
2016-01-15,206696000.0,0.048799999999999996,8645032910.0,0.0955,8613441040.0,0.09519999999999999,0.09534999999999999,8629236975.0
2016-01-18,221833100.0,0.048600000000000004,9092071615.0,0.1112,9152477190.0,0.11199999999999999,0.11159999999999999,9122274402.5
2016-01-19,205379600.0,0.0466,8391863940.0,0.11289999999999999,8443976210.0,0.11359999999999999,0.11324999999999999,8417920075.0
2016-01-20,229834800.0,0.046,9597113260.0,0.1067,9542998725.0,0.1061,0.1064,9570055992.5
2016-01-21,214076300.0,0.0506,8389991490.0,0.1137,8386652260.0,0.1137,0.1137,8388321875.0
2016-01-22,226139800.0,0.0599,7649428345.0,0.11019999999999999,7640545695.0,0.11,0.1101,7644987020.0
2016-01-25,157671000.0,0.04019999999999999,6677826850.0,0.0958,6698213420.0,0.09609999999999999,0.09595,6688020135.0
2016-01-26,163926000.0,0.043899999999999995,6579651060.0,0.10550000000000001,6576711600.0,0.1054,0.10545,6578181330.0
2016-01-27,226780500.0,0.057800000000000004,8115213115.0,0.1153,8085389060.0,0.1149,0.11510000000000001,8100301087.5
2016-01-28,196173800.0,0.0464,8869568110.0,0.11130000000000001,8892141110.0,0.1116,0.11145000000000001,8880854610.0
2016-01-29,284380000.0,0.0483,11825041180.0,0.1042,11888131750.0,0.1047,0.10445,11856586465.0
2016-01-30,128569000.0,0.0316,7332840830.0,0.1173,7345720750.0,0.1175,0.1174,7339280790.0
2016-02-01,230263400.0,0.0555,9680147990.0,0.114,9659336105.0,0.1137,0.11385,9669742047.5
2016-02-02,214703400.0,0.0599,8503408295.0,0.1152,8545196300.0,0.1157,0.11545,8524302297.5
2016-02-03,181530100.0,0.054299999999999994,7795516970.0,0.0992,7789283530.0,0.09910000000000001,0.09915,7792400250.0
2016-02-15,187314000.0,0.0506,7835177640.0,0.08789999999999999,7886341285.0,0.0885,0.0882,7860759462.5
2016-02-16,201260100.0,0.041100000000000005,8535166690.0,0.0924,8574412515.0,0.0929,0.09265,8554789602.5
2016-02-17,230246000.0,0.0507,9240795980.0,0.10869999999999999,9239898370.0,0.10869999999999999,0.10869999999999999,9240347175.0
2016-02-18,207317300.0,0.0441,9145307435.0,0.0949,9153764390.0,0.095,0.09495,9149535912.5
2016-02-19,190960000.0,0.0504,7977015610.0,0.1039,7994196060.0,0.1041,0.10400000000000001,7985605835.0
2016-02-22,217544000.0,0.0528,8443914110.0,0.1101,8456792380.0,0.1103,0.11019999999999999,8450353245.0
2016-02-23,202877000.0,0.0473,8637247930.0,0.1091,8655505000.0,0.1093,0.10919999999999999,8646376465.0
2016-02-24,232285200.0,0.0556,7714248130.0,0.1057,7713048885.0,0.1057,0.1057,7713648507.5
2016-02-25,292071000.0,0.0605,9407903780.0,0.11019999999999999,9414132890.0,0.11019999999999999,0.11019999999999999,9411018335.0
2016-02-26,225904200.0,0.0538,8244597820.0,0.0971,8266236530.0,0.0974,0.09725,8255417175.0
2016-03-01,200056000.0,0.046,9021617910.0,0.0969,9064771310.0,0.0973,0.09709999999999999,9043194610.0
2016-03-02,228374000.0,0.0424,9284092725.0,0.09140000000000001,9289873465.0,0.0915,0.09145,9286983095.0
2016-03-03,263706000.0,0.0472,9319317780.0,0.09179999999999999,9329878540.0,0.0919,0.09184999999999999,9324598160.0
2016-03-04,246206500.0,0.0496,8800868595.0,0.0924,8828232810.0,0.09269999999999999,0.09255,8814550702.5
2016-03-07,243844900.0,0.0489,9538798150.0,0.098,9555447330.0,0.0981,0.09805,9547122740.0
2016-03-08,340038900.0,0.0591,12128031665.0,0.11289999999999999,12170458445.0,0.1133,0.11309999999999999,12149245055.0
2016-03-09,240781100.0,0.049400000000000006,9333563100.0,0.1063,9361497400.0,0.1067,0.10650000000000001,9347530250.0
2016-03-10,255225300.0,0.0526,9867275400.0,0.1134,9881244930.0,0.11359999999999999,0.11349999999999999,9874260165.0
2016-03-11,258005000.0,0.054900000000000004,9840185300.0,0.10980000000000001,9887533090.0,0.1103,0.11005000000000001,9863859195.0
2016-03-14,243240000.0,0.049,10289380350.0,0.10210000000000001,10331208100.0,0.1025,0.1023,10310294225.0
2016-03-15,278110800.0,0.0483,13802829740.0,0.1183,13714943590.0,0.1176,0.11795,13758886665.0
2016-03-16,249756000.0,0.050499999999999996,11300777930.0,0.1185,11336872410.0,0.1189,0.1187,11318825170.0
2016-03-17,311457000.0,0.0552,12222587165.0,0.1106,12199895475.0,0.1104,0.1105,12211241320.0
2016-03-18,249344000.0,0.0492,10341720720.0,0.0872,10375347900.0,0.0875,0.08735,10358534310.0
2016-03-21,226222700.0,0.054000000000000006,8569321715.0,0.1025,8592179570.0,0.1027,0.1026,8580750642.5
2016-03-22,214163400.0,0.0471,8424363540.0,0.0958,8421270750.0,0.09570000000000001,0.09575,8422817145.0
2016-03-23,224173500.0,0.054000000000000006,10331633350.0,0.1244,10326288945.0,0.1244,0.1244,10328961147.5
2016-03-24,234866000.0,0.0542,9844645710.0,0.12140000000000001,9865698600.0,0.1217,0.12155,9855172155.0
2016-03-25,180556300.0,0.0518,6869510625.0,0.1025,6871143905.0,0.1025,0.1025,6870327265.0
2016-03-28,195025000.0,0.0536,7356273350.0,0.1059,7352958580.0,0.1059,0.1059,7354615965.0
2016-03-29,211155100.0,0.048600000000000004,8243103095.0,0.1025,8222960870.0,0.1023,0.10239999999999999,8233031982.5
2016-03-30,222601000.0,0.05,9466194470.0,0.1061,9501469210.0,0.1065,0.1063,9483831840.0
2016-03-31,235660000.0,0.0525,9693729040.0,0.1008,9696643230.0,0.1008,0.1008,9695186135.0
2016-04-01,181366000.0,0.0516,7245955790.0,0.0973,7241946080.0,0.09720000000000001,0.09725,7243950935.0
2016-04-06,160484200.0,0.037599999999999995,7571699610.0,0.0759,7600407490.0,0.0762,0.07605,7586053550.0
2016-04-07,201189000.0,0.04650000000000001,8570349920.0,0.1008,8561071080.0,0.1007,0.10075,8565710500.0
2016-04-08,243638000.0,0.0601,8666635100.0,0.10980000000000001,8697584870.0,0.11019999999999999,0.11,8682109985.0
2016-04-11,180582000.0,0.049800000000000004,7402853170.0,0.1074,7418237400.0,0.1076,0.1075,7410545285.0
2016-04-12,204050000.0,0.04769999999999999,10462282580.0,0.1249,10398526900.0,0.1241,0.1245,10430404740.0
2016-04-13,186133200.0,0.0387,9205347260.0,0.09960000000000001,9233451690.0,0.0999,0.09975,9219399475.0
2016-04-14,183301300.0,0.0424,7804132030.0,0.0949,7798412790.0,0.09480000000000001,0.09485,7801272410.0
2016-04-15,164146000.0,0.044000000000000004,9236847570.0,0.1158,9263858080.0,0.1162,0.11599999999999999,9250352825.0
2016-04-18,139756500.0,0.0415,7157243260.0,0.11,7170273360.0,0.11019999999999999,0.1101,7163758310.0
2016-04-19,189858600.0,0.045899999999999996,10064244800.0,0.12369999999999999,10060843350.0,0.12359999999999999,0.12364999999999998,10062544075.0
2016-04-20,202976000.0,0.0421,10032587880.0,0.1036,9997464540.0,0.1032,0.10339999999999999,10015026210.0
2016-04-21,153527000.0,0.0392,8039956430.0,0.1058,8048980090.0,0.1059,0.10585,8044468260.0
2016-04-22,184317100.0,0.0481,9562857080.0,0.1209,9549774925.0,0.1207,0.12079999999999999,9556316002.5
2016-04-25,119666000.0,0.0408,6415905360.0,0.11410000000000001,6425651500.0,0.1143,0.1142,6420778430.0
2016-04-26,160438000.0,0.0479,7506352760.0,0.12050000000000001,7519297850.0,0.1207,0.12060000000000001,7512825305.0
2016-04-27,149053200.0,0.042699999999999995,7627474330.0,0.1108,7637053450.0,0.111,0.1109,7632263890.0
2016-04-28,163492000.0,0.0416,7053658460.0,0.09380000000000001,7046449970.0,0.09369999999999999,0.09375,7050054215.0
2016-04-29,137887000.0,0.0385,6697558640.0,0.0842,6693739920.0,0.08410000000000001,0.08415,6695649280.0
2016-05-03,149969400.0,0.039900000000000005,7077921010.0,0.0889,7088506280.0,0.0891,0.089,7083213645.0
2016-05-04,153203000.0,0.0369,7685537990.0,0.0932,7673996850.0,0.0931,0.09315000000000001,7679767420.0
2016-05-05,158420000.0,0.0398,7930222620.0,0.1057,7941913230.0,0.1059,0.1058,7936067925.0
2016-05-06,183363400.0,0.0463,9360637005.0,0.1109,9383412055.0,0.11109999999999999,0.11099999999999999,9372024530.0
2016-05-09,160925000.0,0.0433,7890238460.0,0.1045,7879981960.0,0.10439999999999999,0.10444999999999999,7885110210.0
2016-05-10,168501000.0,0.045,8133297100.0,0.11460000000000001,8164833820.0,0.1151,0.11485000000000001,8149065460.0
2016-05-11,178340000.0,0.044000000000000004,8879881250.0,0.1104,8880269120.0,0.1104,0.1104,8880075185.0
2016-05-12,165286300.0,0.0464,8085172645.0,0.11789999999999999,8081155535.0,0.11779999999999999,0.11784999999999998,8083164090.0
2016-05-13,188812000.0,0.0446,8854917340.0,0.0984,8867082810.0,0.0986,0.0985,8861000075.0
2016-05-16,156514000.0,0.0483,6971493160.0,0.10769999999999999,6993817800.0,0.1081,0.1079,6982655480.0
2016-05-17,174380600.0,0.0483,7542723170.0,0.1131,7568888365.0,0.11349999999999999,0.1133,7555805767.5
2016-05-18,169339000.0,0.0484,7138447940.0,0.1091,7155259940.0,0.1094,0.10925,7146853940.0
2016-05-19,143143000.0,0.0462,6410865650.0,0.1061,6405242030.0,0.106,0.10605,6408053840.0
2016-05-20,153578000.0,0.0538,6832467510.0,0.11720000000000001,6846701160.0,0.1175,0.11735000000000001,6839584335.0
2016-05-23,213834400.0,0.045899999999999996,9762264220.0,0.10779999999999999,9823805725.0,0.1084,0.1081,9793034972.5
2016-05-24,135089000.0,0.0379,6374609560.0,0.0986,6378209490.0,0.0986,0.0986,6376409525.0
2016-05-25,175210000.0,0.0432,8366120750.0,0.1039,8370436160.0,0.10400000000000001,0.10395000000000001,8368278455.0
2016-05-26,167378000.0,0.046900000000000004,8300639790.0,0.1267,8309919800.0,0.12689999999999999,0.1268,8305279795.0
2016-05-27,150814000.0,0.044199999999999996,6941054180.0,0.1011,6950202260.0,0.1012,0.10114999999999999,6945628220.0
2016-05-30,144490000.0,0.0382,7350556750.0,0.094,7380343300.0,0.0944,0.0942,7365450025.0
2016-05-31,193283300.0,0.0392,8721803505.0,0.0754,8730068040.0,0.0755,0.07544999999999999,8725935772.5
2016-06-01,163606700.0,0.0398,7031885825.0,0.091,7042237630.0,0.09119999999999999,0.09109999999999999,7037061727.5
2016-06-02,183077000.0,0.0414,9055109690.0,0.1101,9042214890.0,0.11,0.11005000000000001,9048662290.0
2016-06-03,151704000.0,0.0443,7701304290.0,0.1188,7702412940.0,0.1188,0.1188,7701858615.0
2016-06-04,81609000.0,0.043,4836795310.0,0.16010000000000002,4841277960.0,0.1602,0.16015000000000001,4839036635.0
2016-06-06,154503000.0,0.0506,6928002920.0,0.1117,6932553500.0,0.1118,0.11174999999999999,6930278210.0
2016-06-07,145469000.0,0.0365,7783778940.0,0.0915,7782832080.0,0.0915,0.0915,7783305510.0
2016-06-08,164953000.0,0.0447,8040985205.0,0.09369999999999999,8045993720.0,0.09369999999999999,0.09369999999999999,8043489462.5
2016-06-13,136605000.0,0.0382,6190667330.0,0.07400000000000001,6190783060.0,0.07400000000000001,0.07400000000000001,6190725195.0
2016-06-14,162709500.0,0.052000000000000005,6742570240.0,0.10550000000000001,6761765210.0,0.1058,0.10565000000000001,6752167725.0
2016-06-15,342544400.0,0.0953,10222923840.0,0.14029999999999998,10345720300.0,0.142,0.14115,10284322070.0
2016-06-16,186328700.0,0.050199999999999995,7157618280.0,0.09820000000000001,7156022235.0,0.09820000000000001,0.09820000000000001,7156820257.5
2016-06-17,189109000.0,0.0542,6913330450.0,0.09449999999999999,6929764580.0,0.0947,0.09459999999999999,6921547515.0
2016-06-20,164490600.0,0.0548,5874609600.0,0.0951,5885668500.0,0.0953,0.0952,5880139050.0
2016-06-21,160015000.0,0.0473,6626689850.0,0.09390000000000001,6643216270.0,0.0941,0.094,6634953060.0
2016-06-22,190289000.0,0.053399999999999996,7409590300.0,0.1015,7414185840.0,0.1016,0.10155,7411888070.0
2016-06-23,124490100.0,0.04,5238217575.0,0.086,5237384640.0,0.086,0.086,5237801107.5
2016-06-24,377679700.0,0.0652,14148915400.0,0.1142,14105227115.0,0.1139,0.11405,14127071257.5
2016-06-27,138696200.0,0.0424,6124726220.0,0.0956,6137007420.0,0.0958,0.09570000000000001,6130866820.0
2016-06-28,180817000.0,0.0472,8786968730.0,0.1191,8833286760.0,0.1198,0.11945,8810127745.0
2016-06-29,239921000.0,0.0529,9985755890.0,0.1202,9966620480.0,0.12,0.1201,9976188185.0
2016-06-30,243548000.0,0.0504,8647995200.0,0.0906,8672824250.0,0.0908,0.0907,8660409725.0
2016-07-01,207025200.0,0.048600000000000004,8020121420.0,0.0917,8028225550.0,0.09179999999999999,0.09175,8024173485.0
2016-07-04,151557500.0,0.0416,5926759360.0,0.0824,5941340075.0,0.08259999999999999,0.08249999999999999,5934049717.5
2016-07-05,154295000.0,0.0444,5765265440.0,0.0901,5768155050.0,0.0901,0.0901,5766710245.0
2016-07-06,149119400.0,0.0354,6658506040.0,0.0839,6654787020.0,0.0839,0.0839,6656646530.0
2016-07-07,163087000.0,0.048600000000000004,6617665260.0,0.1035,6617822120.0,0.1035,0.1035,6617743690.0
2016-07-11,161093000.0,0.0344,6255574120.0,0.0629,6265050710.0,0.063,0.06295,6260312415.0
2016-07-12,172577200.0,0.036699999999999997,8305390810.0,0.08439999999999999,8335686720.0,0.0848,0.0846,8320538765.0
2016-07-13,212730400.0,0.0438,8000887015.0,0.0812,8025589890.0,0.0815,0.08135,8013238452.5
2016-07-14,178000500.0,0.04019999999999999,6774365205.0,0.08,6789733735.0,0.0802,0.0801,6782049470.0
2016-07-15,176300000.0,0.0361,8067825660.0,0.0785,8087302270.0,0.0787,0.0786,8077563965.0
2016-07-18,171817000.0,0.037599999999999995,8035244470.0,0.0859,8054090130.0,0.0861,0.086,8044667300.0
2016-07-19,228763000.0,0.0479,7535951450.0,0.0782,7545864960.0,0.0783,0.07825,7540908205.0
2016-07-20,194873000.0,0.0438,8127775060.0,0.08560000000000001,8138066300.0,0.0857,0.08565,8132920680.0
2016-07-21,265061000.0,0.0509,8284766180.0,0.0823,8310947960.0,0.0825,0.0824,8297857070.0
2016-07-22,196838000.0,0.0463,6959824290.0,0.0848,6966334760.0,0.0849,0.08485000000000001,6963079525.0
2016-07-25,212170000.0,0.0529,7208668990.0,0.0928,7200994610.0,0.09269999999999999,0.09275,7204831800.0
2016-07-26,164089000.0,0.0417,6498306900.0,0.085,6518764360.0,0.0852,0.08510000000000001,6508535630.0
2016-07-27,241327000.0,0.048499999999999995,9403744210.0,0.0975,9400586730.0,0.0974,0.09745000000000001,9402165470.0
2016-07-28,213560000.0,0.044800000000000006,7450754300.0,0.0839,7454168680.0,0.0839,0.0839,7452461490.0
2016-07-29,175049000.0,0.0454,6168827460.0,0.07730000000000001,6174662480.0,0.07730000000000001,0.07730000000000001,6171744970.0
2016-08-01,150748000.0,0.038900000000000004,6246375610.0,0.07919999999999999,6264135880.0,0.0794,0.0793,6255255745.0
2016-08-02,142472000.0,0.0366,6543705010.0,0.08839999999999999,6547497720.0,0.08839999999999999,0.08839999999999999,6545601365.0
2016-08-03,167707000.0,0.0437,6384315110.0,0.0902,6405622760.0,0.09050000000000001,0.09035000000000001,6394968935.0
2016-08-04,157397000.0,0.040999999999999995,6804248810.0,0.09140000000000001,6812298380.0,0.0915,0.09145,6808273595.0
2016-08-05,170695000.0,0.0403,7520836380.0,0.0892,7536117800.0,0.0894,0.08929999999999999,7528477090.0
2016-08-08,144626000.0,0.0354,7246312990.0,0.0868,7270040820.0,0.08710000000000001,0.08695,7258176905.0
2016-08-09,142452000.0,0.035,6247567300.0,0.0782,6234610670.0,0.078,0.0781,6241088985.0
2016-08-10,155533000.0,0.0368,6556809540.0,0.08130000000000001,6570305200.0,0.0815,0.0814,6563557370.0
2016-08-11,196159500.0,0.0412,8686312440.0,0.0928,8691653960.0,0.0928,0.0928,8688983200.0
2016-08-12,155475000.0,0.0387,7479433990.0,0.08449999999999999,7484697750.0,0.08460000000000001,0.08455,7482065870.0
2016-08-15,168303600.0,0.040999999999999995,6807724725.0,0.0852,6821846980.0,0.08529999999999999,0.08524999999999999,6814785852.5
2016-08-16,196780200.0,0.044199999999999996,7570336670.0,0.0891,7581532040.0,0.08929999999999999,0.0892,7575934355.0
2016-08-17,159548000.0,0.0401,6302454660.0,0.0775,6305525290.0,0.0776,0.07755000000000001,6303989975.0
2016-08-18,178863000.0,0.044500000000000005,7198987700.0,0.0907,7219077650.0,0.091,0.09085,7209032675.0
2016-08-19,225680000.0,0.051399999999999994,8595630900.0,0.1025,8573025960.0,0.1023,0.10239999999999999,8584328430.0
2016-08-22,159387000.0,0.040999999999999995,6103003040.0,0.08779999999999999,6108707610.0,0.08789999999999999,0.08784999999999998,6105855325.0
2016-08-23,164871000.0,0.0429,5792602520.0,0.08650000000000001,5806743640.0,0.0867,0.08660000000000001,5799673080.0
2016-08-24,147023000.0,0.0417,5321221630.0,0.0864,5329787050.0,0.0866,0.0865,5325504340.0
2016-08-25,192413000.0,0.045,6786609140.0,0.0862,6805538670.0,0.08650000000000001,0.08635000000000001,6796073905.0
2016-08-26,142435000.0,0.039599999999999996,5999657180.0,0.0911,5999892110.0,0.0911,0.0911,5999774645.0
2016-08-29,155408000.0,0.0409,6218176110.0,0.0919,6233014340.0,0.09210000000000002,0.092,6225595225.0
2016-08-30,141107000.0,0.0375,6277214440.0,0.0902,6290471520.0,0.0904,0.09029999999999999,6283842980.0
2016-08-31,176037000.0,0.0412,6997037790.0,0.0803,7003130480.0,0.08039999999999999,0.08034999999999999,7000084135.0
2016-09-01,170557000.0,0.042,7094943350.0,0.08800000000000001,7102922990.0,0.08810000000000001,0.08805000000000002,7098933170.0
2016-09-02,182390000.0,0.042300000000000004,6359637300.0,0.0795,6358709830.0,0.0795,0.0795,6359173565.0
2016-09-05,128018000.0,0.0355,5186420880.0,0.081,5201887010.0,0.0812,0.0811,5194153945.0
2016-09-06,152516000.0,0.037000000000000005,6375879220.0,0.0833,6386745460.0,0.0834,0.08335000000000001,6381312340.0
2016-09-07,165107000.0,0.0345,7351500540.0,0.0789,7367033400.0,0.0791,0.079,7359266970.0
2016-09-08,147843000.0,0.0371,6252087810.0,0.0801,6262088120.0,0.0803,0.0802,6257087965.0
2016-09-09,123500000.0,0.0347,5807986340.0,0.086,5818791960.0,0.0862,0.0861,5813389150.0
2016-09-10,102512000.0,0.0345,4430967680.0,0.0911,4439234760.0,0.0913,0.0912,4435101220.0
2016-09-12,155299000.0,0.042699999999999995,6371196480.0,0.0834,6369508610.0,0.0833,0.08335000000000001,6370352545.0
2016-09-13,184199000.0,0.0479,7929637400.0,0.1003,7925783150.0,0.1003,0.1003,7927710275.0
2016-09-14,137373000.0,0.0417,6992693080.0,0.0816,7001674590.0,0.0817,0.08165,6997183835.0
2016-09-19,144606000.0,0.0356,7656114970.0,0.0764,7681918410.0,0.0767,0.07655,7669016690.0
2016-09-20,146976000.0,0.0404,6274338790.0,0.0902,6280627740.0,0.09029999999999999,0.09025,6277483265.0
2016-09-21,172629000.0,0.0447,7070031200.0,0.09539999999999998,7092105620.0,0.0956,0.0955,7081068410.0
2016-09-22,170408000.0,0.04650000000000001,7411672700.0,0.10369999999999999,7412238550.0,0.10369999999999999,0.10369999999999999,7411955625.0
2016-09-23,141176000.0,0.0438,5637805090.0,0.0862,5647675660.0,0.0864,0.0863,5642740375.0
2016-09-26,123197000.0,0.046900000000000004,4535758200.0,0.08130000000000001,4540545960.0,0.0814,0.08135,4538152080.0
2016-09-29,160846000.0,0.0432,6524084990.0,0.0725,6529868170.0,0.0725,0.0725,6526976580.0
2016-09-30,143278000.0,0.0418,5585540290.0,0.0748,5590570110.0,0.07490000000000001,0.07485,5588055200.0
2016-10-03,122772000.0,0.0408,5341547590.0,0.096,5351589280.0,0.0962,0.09609999999999999,5346568435.0
2016-10-04,119639000.0,0.039,5808583680.0,0.09359999999999999,5820866790.0,0.09380000000000001,0.0937,5814725235.0
2016-10-05,108931000.0,0.0362,5182615970.0,0.085,5187579070.0,0.0851,0.08505,5185097520.0
2016-10-06,123225000.0,0.0392,5547678550.0,0.0875,5549358090.0,0.0876,0.08754999999999999,5548518320.0
2016-10-07,127434000.0,0.042699999999999995,5142155030.0,0.08130000000000001,5140971700.0,0.0812,0.08125,5141563365.0
2016-10-11,199139000.0,0.0482,8346904790.0,0.09300000000000001,8331434860.0,0.0928,0.09290000000000001,8339169825.0
2016-10-12,149544000.0,0.0438,6533593100.0,0.09849999999999999,6548611270.0,0.0987,0.0986,6541102185.0
2016-10-13,155619000.0,0.04650000000000001,7282934580.0,0.0968,7281144510.0,0.0968,0.0968,7282039545.0
2016-10-14,140598500.0,0.0436,6847267795.0,0.1007,6843478675.0,0.10060000000000001,0.10065,6845373235.0
2016-10-17,148866000.0,0.0482,6285976210.0,0.10210000000000001,6311103100.0,0.1025,0.1023,6298539655.0
2016-10-18,138288000.0,0.0452,6320553670.0,0.09849999999999999,6331685290.0,0.0987,0.0986,6326119480.0
2016-10-19,169244000.0,0.0493,6515905030.0,0.08810000000000001,6524074310.0,0.0882,0.08815,6519989670.0
2016-10-20,177541000.0,0.050300000000000004,6313056010.0,0.0966,6320994340.0,0.0967,0.09665,6317025175.0
2016-10-21,197209000.0,0.052199999999999996,6084357760.0,0.08,6095885760.0,0.0802,0.0801,6090121760.0
2016-10-24,140210000.0,0.046,5116398130.0,0.08839999999999999,5125517810.0,0.0885,0.08845,5120957970.0
2016-10-25,158159000.0,0.0443,6099901960.0,0.0928,6113633120.0,0.09300000000000001,0.09290000000000001,6106767540.0
2016-10-26,142885000.0,0.0446,5614487190.0,0.0915,5622633040.0,0.0916,0.09154999999999999,5618560115.0
2016-10-27,167773000.0,0.048799999999999996,6430282120.0,0.0947,6427921490.0,0.0946,0.09465000000000001,6429101805.0
2016-10-28,150645000.0,0.0482,5981308100.0,0.0932,5974661970.0,0.0931,0.09315000000000001,5977985035.0
2016-10-31,150429000.0,0.0512,5532879460.0,0.09230000000000001,5554353190.0,0.0926,0.09245,5543616325.0
2016-11-01,133994000.0,0.0536,4582616350.0,0.09269999999999999,4589948050.0,0.0929,0.0928,4586282200.0
2016-11-02,150522000.0,0.0472,5575900360.0,0.0867,5562364530.0,0.08650000000000001,0.08660000000000001,5569132445.0
2016-11-03,153878000.0,0.048,6709943340.0,0.0993,6709953850.0,0.0993,0.0993,6709948595.0
2016-11-04,144782000.0,0.0528,5872139180.0,0.1104,5881303250.0,0.1106,0.1105,5876721215.0
2016-11-07,123069000.0,0.0434,5131830120.0,0.0909,5147450680.0,0.0911,0.091,5139640400.0
2016-11-08,136936000.0,0.044500000000000005,5655358750.0,0.0978,5661902070.0,0.09789999999999999,0.09784999999999999,5658630410.0
2016-11-09,383106000.0,0.0633,13161102450.0,0.1099,13069782320.0,0.1091,0.1095,13115442385.0
2016-11-10,177551000.0,0.0393,6787094470.0,0.0757,6808735930.0,0.076,0.07585,6797915200.0
2016-11-11,221049000.0,0.0436,8683451020.0,0.0761,8696172500.0,0.0762,0.07615,8689811760.0
2016-11-14,237756000.0,0.0512,9445652580.0,0.0959,9477169000.0,0.0962,0.09605,9461410790.0
2016-11-15,202629000.0,0.049400000000000006,7811879530.0,0.0971,7828646470.0,0.0973,0.09720000000000001,7820263000.0
2016-11-16,188371000.0,0.0481,6584897930.0,0.084,6593010230.0,0.08410000000000001,0.08405000000000001,6588954080.0
2016-11-17,188983000.0,0.0527,6585160530.0,0.10210000000000001,6597077130.0,0.1023,0.10220000000000001,6591118830.0
2016-11-18,189734100.0,0.0506,7398431375.0,0.10550000000000001,7421504710.0,0.1059,0.1057,7409968042.5
2016-11-21,259389000.0,0.0691,6702045310.0,0.1065,6724297260.0,0.1069,0.10669999999999999,6713171285.0
2016-11-22,251482000.0,0.0542,7434767890.0,0.091,7448341690.0,0.09119999999999999,0.09109999999999999,7441554790.0
2016-11-23,237762000.0,0.0555,7409978890.0,0.09820000000000001,7418379490.0,0.0984,0.0983,7414179190.0
2016-11-24,269011000.0,0.0665,7273065400.0,0.1112,7288563200.0,0.1114,0.1113,7280814300.0
2016-11-25,243458000.0,0.0664,6128658070.0,0.1042,6136721200.0,0.1043,0.10425000000000001,6132689635.0
2016-11-28,240073000.0,0.0564,6795706380.0,0.09359999999999999,6810549390.0,0.09380000000000001,0.0937,6803127885.0
2016-11-29,223527000.0,0.0518,6873118280.0,0.0907,6889835040.0,0.091,0.09085,6881476660.0
2016-11-30,247668200.0,0.0508,7250869570.0,0.0673,7261715960.0,0.0674,0.06735,7256292765.0
2016-12-01,240260000.0,0.057999999999999996,6833672900.0,0.0909,6846316060.0,0.091,0.09095,6839994480.0
2016-12-02,198153100.0,0.052300000000000006,6138385980.0,0.08039999999999999,6145149295.0,0.0805,0.08045,6141767637.5
2016-12-05,189109000.0,0.0557,5781733090.0,0.0909,5782728220.0,0.0909,0.0909,5782230655.0
2016-12-06,165218000.0,0.045,5896431230.0,0.0825,5898010040.0,0.0825,0.0825,5897220635.0
2016-12-07,197455000.0,0.0542,6468809530.0,0.0969,6475734570.0,0.09699999999999999,0.09695,6472272050.0
2016-12-08,219638000.0,0.0482,7288905340.0,0.08,7297791060.0,0.0801,0.08005000000000001,7293348200.0
2016-12-09,190048200.0,0.0479,6603413960.0,0.08449999999999999,6613207510.0,0.08470000000000001,0.08460000000000001,6608310735.0
2016-12-12,212927100.0,0.0527,7028194220.0,0.0947,7030404610.0,0.0947,0.0947,7029299415.0
2016-12-13,218543000.0,0.057300000000000004,6174146020.0,0.08789999999999999,6185504930.0,0.08810000000000001,0.088,6179825475.0
2016-12-14,186535000.0,0.054299999999999994,7058398800.0,0.10460000000000001,7073486210.0,0.1048,0.10470000000000002,7065942505.0
2016-12-15,229910000.0,0.0599,6937568100.0,0.0964,6952486040.0,0.0966,0.0965,6945027070.0
2016-12-16,205020000.0,0.0557,6703332190.0,0.0833,6708041530.0,0.0834,0.08335000000000001,6705686860.0
2016-12-19,145849000.0,0.0462,4625996810.0,0.0796,4614557640.0,0.0794,0.0795,4620277225.0
2016-12-20,163440000.0,0.0484,5527115610.0,0.0915,5531404670.0,0.0916,0.09154999999999999,5529260140.0
2016-12-21,172414000.0,0.053899999999999997,5136228900.0,0.08650000000000001,5144580690.0,0.0867,0.08660000000000001,5140404795.0
2016-12-22,131294000.0,0.04,4417254580.0,0.0757,4413281520.0,0.0757,0.0757,4415268050.0
2016-12-23,156527000.0,0.0533,4652804640.0,0.08710000000000001,4652453810.0,0.08710000000000001,0.08710000000000001,4652629225.0
2016-12-26,116198000.0,0.0567,3560894250.0,0.11019999999999999,3565739320.0,0.1103,0.11024999999999999,3563316785.0
2016-12-27,103798000.0,0.049800000000000004,3269335610.0,0.0969,3269860060.0,0.0969,0.0969,3269597835.0
2016-12-28,137593000.0,0.049100000000000005,3677209310.0,0.07690000000000001,3687801160.0,0.0771,0.07700000000000001,3682505235.0
2016-12-29,153759000.0,0.056799999999999996,5629600230.0,0.1066,5642931670.0,0.1069,0.10675,5636265950.0
2016-12-30,153660000.0,0.055999999999999994,5437172660.0,0.0946,5442387160.0,0.0947,0.09465000000000001,5439779910.0
2017-01-03,138684000.0,0.0556,3793796040.0,0.08220000000000001,3803583070.0,0.0824,0.08230000000000001,3798689555.0
2017-01-04,143666000.0,0.0495,5283397220.0,0.0922,5292439740.0,0.09230000000000001,0.09225,5287918480.0
2017-01-05,215064000.0,0.0547,7123226910.0,0.09179999999999999,7147467810.0,0.09210000000000002,0.09195,7135347360.0
2017-01-06,188771000.0,0.052300000000000006,6150701470.0,0.0867,6154734680.0,0.0867,0.0867,6152718075.0
2017-01-09,201931000.0,0.056799999999999996,6158869250.0,0.0951,6160375800.0,0.09519999999999999,0.09515,6159622525.0
2017-01-10,168426000.0,0.0512,5599375100.0,0.0924,5610383690.0,0.0925,0.09245,5604879395.0
2017-01-11,221239000.0,0.0601,7251385500.0,0.098,7269544040.0,0.0983,0.09815,7260464770.0
2017-01-12,255419000.0,0.0677,6806955150.0,0.0874,6814451910.0,0.0875,0.08745,6810703530.0
2017-01-13,196142000.0,0.059500000000000004,6670758280.0,0.09140000000000001,6684611140.0,0.0916,0.0915,6677684710.0
2017-01-16,170171000.0,0.0554,5035192120.0,0.0862,5038870820.0,0.0863,0.08625,5037031470.0
2017-01-17,224757200.0,0.0736,6510328500.0,0.1105,6529847420.0,0.1109,0.11069999999999999,6520087960.0
2017-01-18,244050500.0,0.06509999999999999,8304334180.0,0.1069,8340880700.0,0.1073,0.1071,8322607440.0
2017-01-19,233725000.0,0.0646,10204371440.0,0.1249,10220393160.0,0.1251,0.125,10212382300.0
2017-01-20,206258000.0,0.0665,6745127830.0,0.09269999999999999,6758505680.0,0.0929,0.0928,6751816755.0
2017-01-23,226610000.0,0.0703,6462673780.0,0.0823,6475876110.0,0.0825,0.0824,6469274945.0
2017-01-24,253812000.0,0.0754,6961302150.0,0.077,6980513660.0,0.07719999999999999,0.0771,6970907905.0
2017-02-02,333702000.0,0.06509999999999999,9030681610.0,0.061,9079545070.0,0.0613,0.061149999999999996,9055113340.0
2017-02-03,354101000.0,0.0698,9088185830.0,0.0888,9099448240.0,0.0889,0.08885000000000001,9093817035.0
2017-02-06,362385000.0,0.06570000000000001,8736393710.0,0.08529999999999999,8772207080.0,0.0857,0.08549999999999999,8754300395.0
2017-02-07,281838000.0,0.0571,8148121110.0,0.0851,8165601080.0,0.08529999999999999,0.0852,8156861095.0
2017-02-08,306699000.0,0.057800000000000004,9172101570.0,0.0828,9199509250.0,0.083,0.0829,9185805410.0
2017-02-09,329953000.0,0.0626,10212713520.0,0.09609999999999999,10256882260.0,0.0965,0.0963,10234797890.0
2017-02-10,421792000.0,0.0675,13744057320.0,0.10039999999999999,13752792870.0,0.1005,0.10045,13748425095.0
2017-02-13,322529000.0,0.0613,9437961680.0,0.0932,9460581580.0,0.0935,0.09335,9449271630.0
2017-02-14,293475000.0,0.053,9829422140.0,0.0864,9831447260.0,0.0864,0.0864,9830434700.0
2017-02-15,316586100.0,0.055,10632706250.0,0.0901,10668503300.0,0.0904,0.09025,10650604775.0
2017-02-16,275216000.0,0.053200000000000004,10446034200.0,0.0964,10449132410.0,0.0964,0.0964,10447583305.0
2017-02-17,255817000.0,0.058600000000000006,11122855950.0,0.1168,11162806860.0,0.11720000000000001,0.117,11142831405.0
2017-02-18,215966100.0,0.0633,9218696485.0,0.1487,9248861740.0,0.1492,0.14895,9233779112.5
2017-02-20,297922900.0,0.06269999999999999,11648565395.0,0.11900000000000001,11644270590.0,0.11900000000000001,0.11900000000000001,11646417992.5
2017-02-21,326261000.0,0.0708,9460804270.0,0.105,9479439390.0,0.1052,0.1051,9470121830.0
2017-02-22,296630000.0,0.0611,11638261280.0,0.1149,11672647750.0,0.1152,0.11505,11655454515.0
2017-02-23,282752000.0,0.060700000000000004,10024479630.0,0.09910000000000001,10027464400.0,0.0992,0.09915,10025972015.0
2017-02-24,279412000.0,0.0661,8851020230.0,0.0955,8864262190.0,0.0956,0.09555,8857641210.0
2017-03-01,253493000.0,0.0582,8350940310.0,0.08349999999999999,8328159160.0,0.0833,0.0834,8339549735.0
2017-03-02,284640000.0,0.059699999999999996,11087032680.0,0.10640000000000001,11090739540.0,0.10640000000000001,0.10640000000000001,11088886110.0
2017-03-03,250463000.0,0.0601,8582886450.0,0.10039999999999999,8579294970.0,0.1003,0.10035,8581090710.0
2017-03-06,215168100.0,0.057800000000000004,7112115625.0,0.1033,7120962060.0,0.10339999999999999,0.10335,7116538842.5
2017-03-07,210513000.0,0.054299999999999994,6659508360.0,0.09269999999999999,6670848160.0,0.0929,0.0928,6665178260.0
2017-03-08,235641000.0,0.056100000000000004,7836097910.0,0.09480000000000001,7849380290.0,0.095,0.09490000000000001,7842739100.0
2017-03-09,259687000.0,0.054000000000000006,7990528410.0,0.08839999999999999,7993101460.0,0.08839999999999999,0.08839999999999999,7991814935.0
2017-03-10,249909000.0,0.0541,9393239510.0,0.10460000000000001,9438605300.0,0.1051,0.10485,9415922405.0
2017-03-13,218380000.0,0.053200000000000004,10203898340.0,0.12300000000000001,10224206890.0,0.1233,0.12315000000000001,10214052615.0
2017-03-14,231237000.0,0.049400000000000006,9160402540.0,0.0992,9176302740.0,0.09939999999999999,0.0993,9168352640.0
2017-03-15,211523000.0,0.054299999999999994,7591555650.0,0.10460000000000001,7596947310.0,0.10460000000000001,0.10460000000000001,7594251480.0
2017-03-16,225871000.0,0.0495,9914396550.0,0.10369999999999999,9919286350.0,0.1038,0.10375,9916841450.0
2017-03-17,238580000.0,0.0481,8607007730.0,0.0785,8635145590.0,0.0788,0.07865,8621076660.0
2017-03-20,223309000.0,0.053099999999999994,8511133930.0,0.1007,8533257080.0,0.1009,0.1008,8522195505.0
2017-03-21,232298000.0,0.051,9407174070.0,0.09369999999999999,9420093540.0,0.09390000000000001,0.0938,9413633805.0
2017-03-22,254087000.0,0.0572,11615449000.0,0.1191,11660585820.0,0.11960000000000001,0.11935000000000001,11638017410.0
2017-03-23,333631000.0,0.0705,14159098110.0,0.1383,14213904880.0,0.1389,0.1386,14186501495.0
2017-03-24,274059000.0,0.0654,11034124870.0,0.1235,11032254600.0,0.1235,0.1235,11033189735.0
2017-03-27,243856000.0,0.057999999999999996,8191838780.0,0.0926,8187077810.0,0.0925,0.09255,8189458295.0
2017-03-28,264465000.0,0.0547,11411227550.0,0.109,11399387650.0,0.10880000000000001,0.1089,11405307600.0
2017-03-29,284435000.0,0.0655,10023609730.0,0.11289999999999999,10047295330.0,0.11320000000000001,0.11305,10035452530.0
2017-03-30,302375000.0,0.071,9937599600.0,0.10830000000000001,9979486880.0,0.10869999999999999,0.1085,9958543240.0
2017-03-31,290692000.0,0.0694,12028225380.0,0.1155,12040359920.0,0.11560000000000001,0.11555000000000001,12034292650.0
2017-04-05,253258000.0,0.0507,11197333550.0,0.0876,11227746190.0,0.08779999999999999,0.0877,11212539870.0
2017-04-06,201081000.0,0.0487,9177455920.0,0.09949999999999999,9154952870.0,0.0993,0.09939999999999999,9166204395.0
2017-04-07,316750000.0,0.0679,13018467200.0,0.1264,13065692180.0,0.1268,0.1266,13042079690.0
2017-04-10,338633000.0,0.0761,10893974940.0,0.1247,10927867300.0,0.1251,0.1249,10910921120.0
2017-04-11,237299000.0,0.0528,11878733020.0,0.12560000000000002,11836280850.0,0.1252,0.1254,11857506935.0
2017-04-12,298129000.0,0.0649,10687677140.0,0.11869999999999999,10715956870.0,0.11900000000000001,0.11885,10701817005.0
2017-04-13,281014000.0,0.0617,10712210190.0,0.1235,10713664340.0,0.1235,0.1235,10712937265.0
2017-04-14,236072000.0,0.0524,10337815240.0,0.1185,10330020770.0,0.1184,0.11845,10333918005.0
2017-04-17,300196000.0,0.0713,11245117880.0,0.1437,11257648760.0,0.1439,0.14379999999999998,11251383320.0
2017-04-18,230179000.0,0.0621,9686399050.0,0.1306,9703468500.0,0.1308,0.13069999999999998,9694933775.0
2017-04-19,226560000.0,0.051699999999999996,9814659170.0,0.1112,9812784540.0,0.1112,0.1112,9813721855.0
2017-04-20,187396000.0,0.0471,9497122100.0,0.1127,9494203420.0,0.1127,0.1127,9495662760.0
2017-04-21,187202000.0,0.0528,8853685760.0,0.1244,8859116280.0,0.1245,0.12445,8856401020.0
2017-04-24,172194000.0,0.0535,7335532260.0,0.11,7338323060.0,0.11,0.11,7336927660.0
2017-04-25,244592700.0,0.0552,10967852395.0,0.1173,11008216395.0,0.11779999999999999,0.11754999999999999,10988034395.0
2017-04-26,268113000.0,0.056799999999999996,12683599150.0,0.12269999999999999,12744320590.0,0.1233,0.123,12713959870.0
2017-04-27,235245400.0,0.0605,10637400410.0,0.1273,10670770240.0,0.1277,0.1275,10654085325.0
2017-04-28,407576000.0,0.0959,17389599520.0,0.17329999999999998,17379104750.0,0.1732,0.17325,17384352135.0
2017-05-02,310523000.0,0.0677,15279721970.0,0.13470000000000001,15314034810.0,0.135,0.13485000000000003,15296878390.0
2017-05-03,301775300.0,0.0774,13506852470.0,0.16690000000000002,13507059205.0,0.16690000000000002,0.16690000000000002,13506955837.5
2017-05-04,365443000.0,0.10210000000000001,13088094400.0,0.1728,13121677630.0,0.17329999999999998,0.17304999999999998,13104886015.0
2017-05-05,302612700.0,0.0817,11691316220.0,0.154,11701116120.0,0.1542,0.15410000000000001,11696216170.0
2017-05-08,290512000.0,0.07519999999999999,11854209690.0,0.1378,11863086100.0,0.1379,0.13785,11858647895.0
2017-05-09,392859000.0,0.0817,17477249990.0,0.1589,17486591780.0,0.159,0.15895,17481920885.0
2017-05-10,315240000.0,0.07490000000000001,14551654860.0,0.15869999999999998,14605035360.0,0.1592,0.15894999999999998,14578345110.0
2017-05-11,390274000.0,0.0848,16238786460.0,0.1648,16244403450.0,0.1649,0.16485,16241594955.0
2017-05-12,342995500.0,0.0806,15954591160.0,0.17120000000000002,15986280470.0,0.1716,0.1714,15970435815.0
2017-05-15,267036000.0,0.06480000000000001,13928347030.0,0.1574,13975145800.0,0.15789999999999998,0.15765,13951746415.0
2017-05-16,299157000.0,0.0664,16182691050.0,0.1536,16173859280.0,0.1535,0.15355,16178275165.0
2017-05-17,278116000.0,0.0713,14120842580.0,0.16760000000000003,14139939790.0,0.1678,0.16770000000000002,14130391185.0
2017-05-18,307518200.0,0.0793,14863505900.0,0.17670000000000002,14909263000.0,0.1773,0.17700000000000002,14886384450.0
2017-05-19,353904000.0,0.1,11591158660.0,0.16390000000000002,11594394010.0,0.16390000000000002,0.16390000000000002,11592776335.0
2017-05-22,265426000.0,0.081,11927017880.0,0.1659,11954483130.0,0.1663,0.1661,11940750505.0
2017-05-23,273605000.0,0.07139999999999999,12943544660.0,0.1573,12958892370.0,0.1575,0.15739999999999998,12951218515.0
2017-05-24,300200000.0,0.07919999999999999,14084590780.0,0.17190000000000003,14113800980.0,0.1722,0.17205,14099195880.0
2017-05-25,373298000.0,0.0832,15761957810.0,0.1635,15784946910.0,0.1637,0.16360000000000002,15773452360.0
2017-05-26,334801000.0,0.08410000000000001,15461248720.0,0.1666,15472876160.0,0.1668,0.16670000000000001,15467062440.0
2017-05-31,309305300.0,0.0675,13444849905.0,0.1079,13454774460.0,0.10800000000000001,0.10795,13449812182.5
2017-06-01,367448600.0,0.0933,13730078585.0,0.1659,13769886370.0,0.1663,0.1661,13749982477.5
2017-06-02,369389000.0,0.0866,13537993710.0,0.1531,13565076980.0,0.1534,0.15325,13551535345.0
2017-06-03,253113000.0,0.0904,9745812530.0,0.2113,9768108250.0,0.2118,0.21155,9756960390.0
2017-06-05,401285000.0,0.0895,15117191580.0,0.1609,15143691130.0,0.1612,0.16105,15130441355.0
2017-06-06,382631000.0,0.0891,14228782370.0,0.1632,14247660050.0,0.1634,0.1633,14238221210.0
2017-06-07,377558000.0,0.0827,15473554320.0,0.149,15479565660.0,0.149,0.149,15476559990.0
2017-06-08,297406000.0,0.0736,13908735550.0,0.16149999999999998,13930490250.0,0.1618,0.16165,13919612900.0
2017-06-09,371696000.0,0.0794,16408441540.0,0.157,16411614560.0,0.15710000000000002,0.15705000000000002,16410028050.0
2017-06-12,300295000.0,0.0753,12553289810.0,0.13720000000000002,12576992850.0,0.1375,0.13735000000000003,12565141330.0
2017-06-13,314549000.0,0.0873,13910751300.0,0.1681,13921170740.0,0.16829999999999998,0.1682,13915961020.0
2017-06-14,358306700.0,0.0787,15956848280.0,0.1572,15946382870.0,0.15710000000000002,0.15715,15951615575.0
2017-06-15,319103000.0,0.0814,13886007200.0,0.175,13916326520.0,0.1754,0.1752,13901166860.0
2017-06-16,376652000.0,0.0855,16120729560.0,0.16440000000000002,16165509280.0,0.1649,0.16465000000000002,16143119420.0
2017-06-19,327289000.0,0.0766,16199068930.0,0.17859999999999998,16236361380.0,0.179,0.1788,16217715155.0
2017-06-20,347049000.0,0.0766,17002320650.0,0.1791,17013665010.0,0.17920000000000003,0.17915000000000003,17007992830.0
2017-06-21,472117000.0,0.0919,17489010990.0,0.15810000000000002,17549237170.0,0.1586,0.15835,17519124080.0
2017-06-22,374492700.0,0.079,16079170060.0,0.1641,16099871800.0,0.1643,0.1642,16089520930.0
2017-06-23,370251000.0,0.0863,15038583800.0,0.16449999999999998,15050514870.0,0.1646,0.16454999999999997,15044549335.0
2017-06-26,429958000.0,0.0742,18477999890.0,0.1368,18539094110.0,0.13720000000000002,0.137,18508547000.0
2017-06-27,479725000.0,0.08560000000000001,18807683920.0,0.16390000000000002,18843738900.0,0.1643,0.16410000000000002,18825711410.0
2017-06-28,589127800.0,0.0978,18888251075.0,0.15109999999999998,18911000070.0,0.15130000000000002,0.1512,18899625572.5
2017-06-29,598274000.0,0.1107,18116194200.0,0.1802,18105381450.0,0.1801,0.18015,18110787825.0
2017-06-30,426963000.0,0.0941,13955566020.0,0.1464,13989603850.0,0.1467,0.14655,13972584935.0
2017-07-03,362604000.0,0.0814,13166420400.0,0.1536,13188355220.0,0.1539,0.15375,13177387810.0
2017-07-04,405101000.0,0.0827,13709775910.0,0.1478,13713623050.0,0.1478,0.1478,13711699480.0
2017-07-05,354136000.0,0.0824,13497502520.0,0.1588,13529955210.0,0.1592,0.159,13513728865.0
2017-07-06,301351000.0,0.0754,16042391630.0,0.1832,16082469630.0,0.1837,0.18345,16062430630.0
2017-07-07,286848000.0,0.0766,16296193780.0,0.19440000000000002,16297988180.0,0.1945,0.19445,16297090980.0
2017-07-10,304490000.0,0.0768,12980241130.0,0.15710000000000002,12989113090.0,0.1572,0.15715,12984677110.0
2017-07-11,309834100.0,0.0644,17633241905.0,0.15960000000000002,17671945150.0,0.15990000000000001,0.15975,17652593527.5
2017-07-12,372796000.0,0.0731,18851867780.0,0.1678,18904862940.0,0.16829999999999998,0.16804999999999998,18878365360.0
2017-07-13,412818000.0,0.0721,17100293310.0,0.14550000000000002,17137389220.0,0.1458,0.14565,17118841265.0
2017-07-14,442511000.0,0.0909,20728580800.0,0.2046,20790362970.0,0.2052,0.2049,20759471885.0
2017-07-17,403356400.0,0.0836,17952063000.0,0.1791,17990937110.0,0.1795,0.17930000000000001,17971500055.0
2017-07-18,364571200.0,0.0753,16975588450.0,0.1745,17022981260.0,0.175,0.17475,16999284855.0
2017-07-19,436052000.0,0.0803,24972912590.0,0.2079,25025744720.0,0.20829999999999999,0.2081,24999328655.0
2017-07-20,401216000.0,0.0799,19597022850.0,0.1893,19613372670.0,0.1894,0.18935000000000002,19605197760.0
2017-07-21,337869000.0,0.081,15781091570.0,0.18420000000000003,15794484670.0,0.1844,0.18430000000000002,15787788120.0
2017-07-24,308622000.0,0.0784,14260365760.0,0.1718,14287290970.0,0.1722,0.172,14273828365.0
2017-07-25,372526000.0,0.0815,19672508630.0,0.21100000000000002,19729150820.0,0.2116,0.21130000000000002,19700829725.0
2017-07-26,418699000.0,0.0786,19311380330.0,0.1759,19332459180.0,0.1761,0.176,19321919755.0
2017-07-27,453074100.0,0.08199999999999999,21170108740.0,0.1916,21233394710.0,0.19219999999999998,0.1919,21201751725.0
2017-07-28,330340000.0,0.0733,18479340470.0,0.187,18478358230.0,0.187,0.187,18478849350.0
2017-07-31,321250000.0,0.0733,15920314140.0,0.1643,15967174910.0,0.1648,0.16455,15943744525.0
2017-08-01,406336000.0,0.0753,20211029300.0,0.1788,20267363120.0,0.1793,0.17905,20239196210.0
2017-08-02,431560000.0,0.0779,24123366790.0,0.1937,24179683950.0,0.1941,0.19390000000000002,24151525370.0
2017-08-03,387745000.0,0.07730000000000001,21490425230.0,0.1938,21512202820.0,0.19399999999999998,0.1939,21501314025.0
2017-08-04,457336100.0,0.0876,23906947090.0,0.2089,23967957105.0,0.2095,0.2092,23937452097.5
2017-08-07,442422000.0,0.0779,26497704080.0,0.2069,26600306390.0,0.2077,0.20729999999999998,26549005235.0
2017-08-08,529295000.0,0.08839999999999999,28348719460.0,0.21109999999999998,28341838910.0,0.21100000000000002,0.21105000000000002,28345279185.0
2017-08-09,410399000.0,0.07519999999999999,20796797420.0,0.18460000000000001,20810775820.0,0.18469999999999998,0.18464999999999998,20803786620.0
2017-08-10,494366000.0,0.07730000000000001,25775017700.0,0.188,25688707430.0,0.18739999999999998,0.18769999999999998,25731862565.0
2017-08-11,473286200.0,0.0806,23281142160.0,0.1891,23386758150.0,0.18989999999999999,0.1895,23333950155.0
2017-08-14,414447000.0,0.0762,20089810720.0,0.18469999999999998,20046303560.0,0.1843,0.1845,20068057140.0
2017-08-15,448532000.0,0.08869999999999999,18620527700.0,0.1953,18645298390.0,0.1955,0.19540000000000002,18632913045.0
2017-08-16,517114000.0,0.09960000000000001,21122617250.0,0.2101,21166300930.0,0.21059999999999998,0.21034999999999998,21144459090.0
2017-08-17,539360000.0,0.096,19970492830.0,0.20170000000000002,20014125030.0,0.2022,0.20195000000000002,19992308930.0
2017-08-18,499651200.0,0.099,17825806700.0,0.1977,17887070280.0,0.19829999999999998,0.19799999999999998,17856438490.0
2017-08-21,444787000.0,0.0971,17146877970.0,0.19829999999999998,17185057610.0,0.19870000000000002,0.1985,17165967790.0
2017-08-22,523373200.0,0.0943,26130584550.0,0.23550000000000001,26224085300.0,0.2364,0.23595,26177334925.0
2017-08-23,515832000.0,0.09140000000000001,28891812530.0,0.2468,28946219030.0,0.2473,0.24705,28919015780.0
2017-08-24,617121500.0,0.10619999999999999,27892100750.0,0.2368,27967321390.0,0.23739999999999997,0.23709999999999998,27929711070.0
2017-08-25,687385500.0,0.114,28793994205.0,0.2368,28872429060.0,0.2375,0.23715,28833211632.5
2017-08-28,651734800.0,0.1106,23035418320.0,0.2007,23076688860.0,0.2011,0.2009,23056053590.0
2017-08-29,754823400.0,0.1298,23382835450.0,0.2151,23449489340.0,0.2157,0.2154,23416162395.0
2017-08-30,648932000.0,0.1099,26863050840.0,0.221,26925818840.0,0.2216,0.2213,26894434840.0
2017-08-31,594639000.0,0.1,25902003550.0,0.2,25927858250.0,0.2002,0.2001,25914930900.0
2017-09-01,732466000.0,0.1207,24712325660.0,0.2139,24798120670.0,0.2146,0.21425,24755223165.0
2017-09-04,604417000.0,0.1099,22021620120.0,0.20579999999999998,22064089310.0,0.20620000000000002,0.20600000000000002,22042854715.0
2017-09-05,686027000.0,0.1167,24441410820.0,0.2024,24523277950.0,0.20309999999999997,0.20274999999999999,24482344385.0
2017-09-06,649903000.0,0.1043,26480895020.0,0.20309999999999997,26527438150.0,0.20350000000000001,0.20329999999999998,26504166585.0
2017-09-07,799598000.0,0.1242,29352170980.0,0.2207,29290687900.0,0.2202,0.22045,29321429440.0
2017-09-08,682531000.0,0.11800000000000001,25811430880.0,0.2101,25876687660.0,0.2107,0.2104,25844059270.0
2017-09-11,668096000.0,0.1128,31467071240.0,0.237,31489160030.0,0.2372,0.23709999999999998,31478115635.0
2017-09-12,686267000.0,0.1189,31250409500.0,0.24739999999999998,31261424770.0,0.2475,0.24745,31255917135.0
2017-09-13,598976000.0,0.1023,29538142940.0,0.2267,29548164660.0,0.2268,0.22675,29543153800.0
2017-09-14,586354000.0,0.1061,30981819400.0,0.2504,31111976310.0,0.2515,0.25095,31046897855.0
2017-09-15,731058000.0,0.1127,36221971510.0,0.2281,36333957280.0,0.2288,0.22845,36277964395.0
2017-09-18,866423000.0,0.1246,32832961360.0,0.2418,32943958780.0,0.2427,0.24225,32888460070.0
2017-09-19,722928000.0,0.1091,33894444050.0,0.24059999999999998,33868513750.0,0.2404,0.2405,33881478900.0
2017-09-20,631793000.0,0.10710000000000001,31283982230.0,0.2372,31314634630.0,0.2375,0.23735,31299308430.0
2017-09-21,557308000.0,0.1,30204216970.0,0.24789999999999998,30312854760.0,0.2488,0.24835,30258535865.0
2017-09-22,497219500.0,0.0868,27158068225.0,0.222,27114201960.0,0.2216,0.2218,27136135092.5
2017-09-25,532561000.0,0.092,30828085360.0,0.23329999999999998,30866580200.0,0.2336,0.23345,30847332780.0
2017-09-26,534342000.0,0.09269999999999999,29217792090.0,0.23629999999999998,29169662820.0,0.2359,0.23609999999999998,29193727455.0
2017-09-27,520440000.0,0.09849999999999999,30768473390.0,0.2779,30826559690.0,0.2784,0.27815,30797516540.0
2017-09-28,531333000.0,0.1061,28182535040.0,0.2618,28222830020.0,0.2621,0.26195,28202682530.0
2017-09-29,484740400.0,0.0984,25993188340.0,0.2553,26027772980.0,0.2556,0.25545,26010480660.0
2017-09-30,304158000.0,0.0848,14730412630.0,0.2713,14763318950.0,0.27190000000000003,0.2716,14746865790.0
2017-10-02,425136000.0,0.09,25987618730.0,0.25579999999999997,26070848700.0,0.2566,0.2562,26029233715.0
2017-10-03,474854000.0,0.09910000000000001,28688660590.0,0.2621,28738297360.0,0.2626,0.26234999999999997,28713478975.0
2017-10-05,433507000.0,0.09269999999999999,26161371860.0,0.2455,26238567580.0,0.2462,0.24585,26199969720.0
2017-10-06,438675000.0,0.09390000000000001,27033329880.0,0.2477,27064642760.0,0.248,0.24785000000000001,27048986320.0
2017-10-11,623404500.0,0.1047,32594791225.0,0.20879999999999999,32629764855.0,0.209,0.20889999999999997,32612278040.0
2017-10-12,502704000.0,0.09359999999999999,27488636470.0,0.2177,27575585880.0,0.2184,0.21805000000000002,27532111175.0
2017-10-13,580932000.0,0.1105,31369687510.0,0.254,31469382330.0,0.2548,0.2544,31419534920.0
2017-10-16,515129300.0,0.0904,27566333290.0,0.2173,27645071640.0,0.21789999999999998,0.2176,27605702465.0
2017-10-17,526527100.0,0.0993,28255374210.0,0.23309999999999997,28243621800.0,0.233,0.23304999999999998,28249498005.0
2017-10-18,638770000.0,0.1112,36849975010.0,0.2672,36888449230.0,0.2675,0.26735,36869212120.0
2017-10-19,550145000.0,0.1007,32092194640.0,0.2677,32180841070.0,0.2685,0.2681,32136517855.0
2017-10-20,492456800.0,0.0922,32561408055.0,0.2576,32638577940.0,0.2582,0.2579,32599992997.5
2017-10-23,481715000.0,0.0977,27051706995.0,0.256,27092033245.0,0.2564,0.2562,27071870120.0
2017-10-24,546153400.0,0.1042,30809490470.0,0.2751,30903774770.0,0.2759,0.27549999999999997,30856632620.0
2017-10-25,610471300.0,0.1108,30826752340.0,0.2563,30818800990.0,0.2563,0.2563,30822776665.0
2017-10-26,548192700.0,0.105,29757175275.0,0.2645,29877176305.0,0.2655,0.265,29817175790.0
2017-10-27,743430600.0,0.1114,40134886535.0,0.2691,40036360320.0,0.2685,0.26880000000000004,40085623427.5
2017-10-30,554627100.0,0.0998,31173741080.0,0.2492,31194077100.0,0.2494,0.24930000000000002,31183909090.0
2017-10-31,486546000.0,0.0913,29802216150.0,0.2503,29910732060.0,0.25120000000000003,0.25075000000000003,29856474105.0
2017-11-01,613102000.0,0.1035,33860143500.0,0.2616,33899942970.0,0.2619,0.26175000000000004,33880043235.0
2017-11-02,690162000.0,0.12269999999999999,31971691320.0,0.26649999999999996,32009564100.0,0.2668,0.26664999999999994,31990627710.0
2017-11-03,550388000.0,0.1033,31197351060.0,0.2691,31225544590.0,0.26940000000000003,0.26925,31211447825.0
2017-11-06,548183000.0,0.1024,29165140640.0,0.2569,29225937730.0,0.25739999999999996,0.25715,29195539185.0
2017-11-07,674836000.0,0.111,31171517020.0,0.244,31248326180.0,0.2446,0.24430000000000002,31209921600.0
2017-11-08,629715000.0,0.10779999999999999,31665354230.0,0.261,31706160170.0,0.2613,0.26115,31685757200.0
2017-11-09,702199000.0,0.1033,36306112770.0,0.2439,36243230160.0,0.24350000000000002,0.24370000000000003,36274671465.0
2017-11-10,586399400.0,0.1013,32356138850.0,0.2687,32469544290.0,0.2697,0.2692,32412841570.0
2017-11-13,640791000.0,0.1003,27559426500.0,0.21230000000000002,27567805980.0,0.21239999999999998,0.21234999999999998,27563616240.0
2017-11-14,671034500.0,0.1085,32189534960.0,0.2565,32221783835.0,0.2568,0.25665,32205659397.5
2017-11-15,466212000.0,0.08109999999999999,27592464150.0,0.21309999999999998,27654321850.0,0.21359999999999998,0.21334999999999998,27623393000.0
2017-11-16,583396200.0,0.1092,27283488130.0,0.25670000000000004,27349014070.0,0.25730000000000003,0.257,27316251100.0
2017-11-17,577869000.0,0.0967,31306191440.0,0.2437,31358239065.0,0.2441,0.2439,31332215252.5
2017-11-20,622794300.0,0.1072,24815307190.0,0.22440000000000002,24825968430.0,0.2245,0.22445,24820637810.0
2017-11-21,766664400.0,0.10859999999999999,29336551430.0,0.2112,29437630745.0,0.2119,0.21155000000000002,29387091087.5
2017-11-22,916145000.0,0.1074,45074006410.0,0.2502,45130212880.0,0.2505,0.25034999999999996,45102109645.0
2017-11-23,727188100.0,0.1099,34926390070.0,0.2675,35027979840.0,0.2682,0.26785000000000003,34977184955.0
2017-11-24,770160100.0,0.11699999999999999,32329772400.0,0.251,32403929770.0,0.2516,0.25129999999999997,32366851085.0
2017-11-27,643071400.0,0.09820000000000001,31371646980.0,0.23170000000000002,31364079890.0,0.2316,0.23165000000000002,31367863435.0
2017-11-28,805839300.0,0.1202,35864719610.0,0.25170000000000003,35901091390.0,0.2519,0.2518,35882905500.0
2017-11-29,880689600.0,0.1318,35414812070.0,0.261,35474482400.0,0.2615,0.26125,35444647235.0
2017-11-30,1122136000.0,0.1273,47367710370.0,0.2028,47559848440.0,0.2036,0.2032,47463779405.0
2017-12-01,1028284200.0,0.12960000000000002,48682262980.0,0.26839999999999997,48746264000.0,0.2687,0.26854999999999996,48714263490.0
2017-12-04,717833000.0,0.1116,33538353710.0,0.2582,33597800190.0,0.2587,0.25844999999999996,33568076950.0
2017-12-05,769920000.0,0.1104,36012567220.0,0.24559999999999998,36004749700.0,0.2455,0.24555,36008658460.0
2017-12-06,644400100.0,0.08929999999999999,39444061310.0,0.2445,39369546775.0,0.244,0.24425,39406804042.5
2017-12-07,660643400.0,0.1001,34937239055.0,0.2521,34934357830.0,0.2521,0.2521,34935798442.5
2017-12-08,760620100.0,0.1222,37178048600.0,0.2841,37322075280.0,0.2852,0.28465,37250061940.0
2017-12-11,570042300.0,0.0944,29589031480.0,0.2509,29709563070.0,0.2519,0.2514,29649297275.0
2017-12-12,565482000.0,0.1032,28975832190.0,0.266,28995078520.0,0.2662,0.2661,28985455355.0
2017-12-13,630448300.0,0.1208,29546561535.0,0.2842,29596966120.0,0.2847,0.28445,29571763827.5
2017-12-14,565519100.0,0.1009,30345369555.0,0.2669,30372450500.0,0.2672,0.26705,30358910027.5
2017-12-15,567440000.0,0.099,29384882680.0,0.23190000000000002,29423526850.0,0.2322,0.23205,29404204765.0
2017-12-18,488992000.0,0.1065,25954729060.0,0.2702,26006775020.0,0.2707,0.27044999999999997,25980752040.0
2017-12-19,503697000.0,0.0987,29318245910.0,0.2601,29336502140.0,0.26030000000000003,0.2602,29327374025.0
2017-12-20,579989200.0,0.114,28831158650.0,0.2775,28923944540.0,0.2784,0.27795000000000003,28877551595.0
2017-12-21,553640000.0,0.10869999999999999,26877975700.0,0.2708,26899970650.0,0.2711,0.27095,26888973175.0
2017-12-22,504064000.0,0.1097,25050207240.0,0.2723,25089909310.0,0.2727,0.27249999999999996,25070058275.0
2017-12-25,554480000.0,0.1272,23443738690.0,0.2872,23471331470.0,0.2875,0.28735,23457535080.0
2017-12-26,501111000.0,0.0989,26923969390.0,0.2759,26905760840.0,0.2757,0.2758,26914865115.0
2017-12-27,582818500.0,0.1184,26444602600.0,0.28550000000000003,26490510940.0,0.28600000000000003,0.28575000000000006,26467556770.0
2017-12-28,603367000.0,0.1105,28197439500.0,0.2555,28259527770.0,0.2561,0.2558,28228483635.0
2017-12-29,601011100.0,0.11230000000000001,27805368280.0,0.2529,27816087580.0,0.253,0.25295,27810727930.0
2018-01-02,580347000.0,0.1076,25330299860.0,0.24239999999999998,25428000470.0,0.2433,0.24284999999999998,25379150165.0
2018-01-03,666451600.0,0.1018,32109564650.0,0.22649999999999998,32193306910.0,0.2271,0.2268,32151435780.0
2018-01-04,718255200.0,0.1065,33776514130.0,0.235,33891802880.0,0.23579999999999998,0.2354,33834158505.0
2018-01-05,686199600.0,0.10210000000000001,34753485540.0,0.2413,34831134220.0,0.2418,0.24155,34792309880.0
2018-01-08,682704200.0,0.1011,30218851485.0,0.2169,30261201410.0,0.21719999999999998,0.21705,30240026447.5
2018-01-09,676227200.0,0.1047,30398615610.0,0.2281,30395884510.0,0.2281,0.2281,30397250060.0
2018-01-10,721292100.0,0.1058,29244306000.0,0.2101,29274269815.0,0.21030000000000001,0.2102,29259287907.5
2018-01-11,665182100.0,0.1116,29826083640.0,0.23920000000000002,29869791615.0,0.2396,0.2394,29847937627.5
2018-01-12,702760400.0,0.1094,30666425050.0,0.2395,30725622080.0,0.24,0.23975,30696023565.0
2018-01-15,585657500.0,0.0933,28209283860.0,0.222,28267888110.0,0.2225,0.22225,28238585985.0
2018-01-16,724169000.0,0.11019999999999999,32578207040.0,0.24489999999999998,32682534830.0,0.2457,0.2453,32630370935.0
2018-01-17,908243500.0,0.1216,34757737620.0,0.2339,34824061270.0,0.2343,0.2341,34790899445.0
2018-01-18,676389000.0,0.0946,33350200530.0,0.2192,33384397850.0,0.2195,0.21935,33367299190.0
2018-01-19,622490300.0,0.09910000000000001,29510369805.0,0.21530000000000002,29558939010.0,0.21559999999999999,0.21545,29534654407.5
2018-01-22,750268000.0,0.1035,34677371375.0,0.2302,34799945285.0,0.2311,0.23065,34738658330.0
2018-01-23,916022300.0,0.11630000000000001,41238894630.0,0.25,41251733555.0,0.2501,0.25005,41245314092.5
2018-01-24,850106600.0,0.1168,36631407590.0,0.2473,36705899580.0,0.24780000000000002,0.24755,36668653585.0
2018-01-25,873007800.0,0.1118,39853561665.0,0.2433,39893255505.0,0.24350000000000002,0.2434,39873408585.0
2018-01-26,700694000.0,0.10550000000000001,34326087425.0,0.24719999999999998,34382445425.0,0.24760000000000001,0.2474,34354266425.0
2018-01-29,587066200.0,0.0929,32814286220.0,0.24789999999999998,32897411900.0,0.24850000000000003,0.2482,32855849060.0
2018-01-30,616096300.0,0.09140000000000001,31742982750.0,0.228,31739239415.0,0.2279,0.22794999999999999,31741111082.5
2018-01-31,686359000.0,0.1035,33045674905.0,0.2433,33173150610.0,0.2443,0.2438,33109412757.5
2018-02-01,567992400.0,0.0922,30565953205.0,0.2488,30589569595.0,0.249,0.2489,30577761400.0
2018-02-02,505229500.0,0.0907,30985299490.0,0.256,31019484570.0,0.2563,0.25615,31002392030.0
2018-02-05,534273000.0,0.0888,28289979160.0,0.2173,28424859900.0,0.2183,0.2178,28357419530.0
2018-02-06,924600200.0,0.0882,42650044690.0,0.17579999999999998,42600635885.0,0.17559999999999998,0.17569999999999997,42625340287.5
2018-02-07,708460800.0,0.0941,39242205570.0,0.22329999999999997,39275657590.0,0.2234,0.22335,39258931580.0
2018-02-08,634066100.0,0.1039,29372503940.0,0.2412,29343908335.0,0.24100000000000002,0.2411,29358206137.5
2018-02-09,815667600.0,0.127,36861265365.0,0.2425,37090934495.0,0.244,0.24325,36976099930.0
2018-02-12,485344500.0,0.11259999999999999,21732068025.0,0.1968,21716208120.0,0.1966,0.19669999999999999,21724138072.5
2018-02-21,519652400.0,0.0857,25146409620.0,0.16210000000000002,25260219040.0,0.1629,0.1625,25203314330.0
2018-02-22,550497100.0,0.0894,28094268870.0,0.2191,28194008090.0,0.21989999999999998,0.21949999999999997,28144138480.0
2018-02-23,669149100.0,0.1051,32025451410.0,0.2504,32033769585.0,0.2505,0.25045,32029610497.5
2018-02-26,561496000.0,0.0926,29849786410.0,0.2441,29895586470.0,0.2445,0.24430000000000002,29872686440.0
2018-02-27,680667000.0,0.1027,32854197330.0,0.2351,32861254060.0,0.2351,0.2351,32857725695.0
2018-03-01,628049300.0,0.09789999999999999,29947934600.0,0.22690000000000002,30045401870.0,0.22760000000000002,0.22725,29996668235.0
2018-03-02,517516000.0,0.0934,26168234850.0,0.235,26237713250.0,0.23559999999999998,0.23529999999999998,26202974050.0
2018-03-05,547646000.0,0.1026,28843575430.0,0.25370000000000004,28853012930.0,0.25370000000000004,0.25370000000000004,28848294180.0
2018-03-06,509638000.0,0.1002,29710633630.0,0.2636,29767474920.0,0.2641,0.26385000000000003,29739054275.0
2018-03-07,549613300.0,0.0974,31174809675.0,0.2527,31224713570.0,0.2531,0.2529,31199761622.5
2018-03-08,685763000.0,0.1075,31938740690.0,0.263,32003678620.0,0.2635,0.26325,31971209655.0
2018-03-09,622653000.0,0.09910000000000001,32212118160.0,0.2575,32236413990.0,0.2577,0.2576,32224266075.0
2018-03-12,617233000.0,0.0882,30515877200.0,0.2162,30563203580.0,0.2165,0.21635,30539540390.0
2018-03-13,555680000.0,0.0848,29754383590.0,0.2216,29823990730.0,0.22219999999999998,0.2219,29789187160.0
2018-03-14,595202200.0,0.09960000000000001,30868097040.0,0.257,30885187315.0,0.2572,0.2571,30876642177.5
2018-03-15,538514000.0,0.09210000000000002,28542040440.0,0.2526,28616175920.0,0.25329999999999997,0.25295,28579108180.0
2018-03-16,566422000.0,0.0855,34959667800.0,0.2078,35002908100.0,0.20809999999999998,0.20795,34981287950.0
2018-03-19,507860000.0,0.0904,27334583760.0,0.2439,27405723920.0,0.2446,0.24425000000000002,27370153840.0
2018-03-20,497802100.0,0.08650000000000001,26792673260.0,0.24,26832030215.0,0.2404,0.2402,26812351737.5
2018-03-21,550542100.0,0.0868,32564141965.0,0.2452,32644604520.0,0.2458,0.2455,32604373242.5
2018-03-22,636895000.0,0.08929999999999999,38914778470.0,0.2597,38860916780.0,0.2594,0.25955,38887847625.0
2018-03-23,562206300.0,0.0818,30567484830.0,0.204,30685530360.0,0.2048,0.2044,30626507595.0
2018-03-26,499627300.0,0.0885,29126254330.0,0.24109999999999998,29187113685.0,0.2416,0.24135,29156684007.5
2018-03-27,516165100.0,0.08130000000000001,31276759930.0,0.23809999999999998,31326696845.0,0.23850000000000002,0.2383,31301728387.5
2018-03-28,494459100.0,0.0868,29450604220.0,0.24989999999999998,29444544340.0,0.24989999999999998,0.24989999999999998,29447574280.0
2018-03-29,544524000.0,0.09949999999999999,29614488480.0,0.2515,29669338920.0,0.2519,0.25170000000000003,29641913700.0
2018-03-30,563541000.0,0.0965,30252654670.0,0.263,30252556040.0,0.263,0.263,30252605355.0
2018-03-31,365339100.0,0.0825,18599465465.0,0.2422,18622802125.0,0.2425,0.24235,18611133795.0
2018-04-02,558575000.0,0.10460000000000001,27206432740.0,0.2633,27186079900.0,0.2631,0.2632,27196256320.0
2018-04-03,466461000.0,0.08789999999999999,25388120810.0,0.2165,25473470760.0,0.2173,0.21689999999999998,25430795785.0
2018-04-09,565410100.0,0.0978,26908396150.0,0.2032,26973981940.0,0.20370000000000002,0.20345000000000002,26941189045.0
2018-04-10,689950400.0,0.0987,34785417625.0,0.2412,34845696545.0,0.2416,0.2414,34815557085.0
2018-04-11,551626300.0,0.0875,31129119850.0,0.2394,31156884540.0,0.2396,0.2395,31143002195.0
2018-04-12,468119200.0,0.0834,24830377990.0,0.22399999999999998,24857370570.0,0.2242,0.2241,24843874280.0
2018-04-13,534354100.0,0.08560000000000001,29505511170.0,0.2345,29589690390.0,0.2351,0.2348,29547600780.0
2018-04-16,568070100.0,0.0886,31083807260.0,0.2445,31160137840.0,0.2451,0.24480000000000002,31121972550.0
2018-04-17,538855100.0,0.0814,38673054395.0,0.2511,38687048520.0,0.25120000000000003,0.25115,38680051457.5
2018-04-18,577278100.0,0.0882,40463371130.0,0.2721,40522782575.0,0.2725,0.2723,40493076852.5
2018-04-19,614640100.0,0.0864,45236587890.0,0.2904,45338950035.0,0.29109999999999997,0.29074999999999995,45287768962.5
2018-04-20,558387100.0,0.08199999999999999,39981093690.0,0.2529,39978161740.0,0.2529,0.2529,39979627715.0
2018-04-23,525300100.0,0.0868,34757575180.0,0.2536,34749319090.0,0.2536,0.2536,34753447135.0
2018-04-24,609776200.0,0.0898,44329327400.0,0.2764,44306226660.0,0.2762,0.2763,44317777030.0
2018-04-25,627777000.0,0.09880000000000001,39634109560.0,0.2897,39712718960.0,0.2903,0.29000000000000004,39673414260.0
2018-04-26,640604100.0,0.0964,38597177105.0,0.2729,38448701340.0,0.27190000000000003,0.2724,38522939222.5
2018-04-27,537606200.0,0.0913,31562168150.0,0.26289999999999997,31638636800.0,0.2636,0.26325,31600402475.0
2018-04-30,527828100.0,0.0861,35486293680.0,0.2981,35582212660.0,0.2989,0.2985,35534253170.0
2018-05-02,508407000.0,0.0803,36874317050.0,0.28559999999999997,36900444270.0,0.2858,0.28569999999999995,36887380660.0
2018-05-03,526015000.0,0.09,38078245970.0,0.3061,38115726500.0,0.3064,0.30625,38096986235.0
2018-05-04,554597100.0,0.098,41050962010.0,0.3397,41113700100.0,0.34020000000000006,0.33995000000000003,41082331055.0
2018-05-07,551571000.0,0.0902,41336295020.0,0.32789999999999997,41491904560.0,0.32909999999999995,0.32849999999999996,41414099790.0
2018-05-08,609578200.0,0.0862,37609671540.0,0.2813,37645185755.0,0.2815,0.2814,37627428647.5
2018-05-09,679405000.0,0.096,43182845730.0,0.3181,43304466620.0,0.319,0.31855,43243656175.0
2018-05-10,630061200.0,0.0892,42043052980.0,0.3018,42111676315.0,0.3023,0.30205000000000004,42077364647.5
2018-05-11,681932000.0,0.09210000000000002,51963376170.0,0.3134,52001703090.0,0.31370000000000003,0.31355,51982539630.0
2018-05-14,589440000.0,0.0816,35825398870.0,0.2463,35941286930.0,0.24710000000000001,0.2467,35883342900.0
2018-05-15,714120000.0,0.0981,43432077670.0,0.2815,43458644960.0,0.2817,0.28159999999999996,43445361315.0
2018-05-16,774714000.0,0.1072,35887107650.0,0.2581,35954334040.0,0.2586,0.25834999999999997,35920720845.0
2018-05-17,668448000.0,0.0967,34690150730.0,0.259,34673578390.0,0.2588,0.2589,34681864560.0
2018-05-18,738832000.0,0.1084,33645318280.0,0.2632,33686273340.0,0.2635,0.26335,33665795810.0
2018-05-21,625976100.0,0.08779999999999999,31644189035.0,0.2481,31718864420.0,0.2487,0.2484,31681526727.5
2018-05-22,689433000.0,0.0951,41247802430.0,0.3063,41316591170.0,0.3068,0.30655,41282196800.0
2018-05-23,700662200.0,0.10369999999999999,42117022750.0,0.3014,42169276190.0,0.3017,0.30155,42143149470.0
2018-05-24,641356000.0,0.1013,40670701930.0,0.3185,40783189300.0,0.3194,0.31895,40726945615.0
2018-05-25,578980000.0,0.0898,39357938910.0,0.30510000000000004,39427462450.0,0.3056,0.30535,39392700680.0
2018-05-28,705597200.0,0.10369999999999999,41901303430.0,0.2968,42048605000.0,0.2978,0.2973,41974954215.0
2018-05-29,667412200.0,0.0984,44083921730.0,0.3134,44182351360.0,0.3141,0.31375,44133136545.0
2018-05-30,762364400.0,0.1026,44769639045.0,0.2735,44908653540.0,0.27440000000000003,0.27395,44839146292.5
2018-05-31,942229000.0,0.1085,57092462510.0,0.2386,57052798380.0,0.2384,0.2385,57072630445.0
2018-06-01,744449000.0,0.1096,42005960960.0,0.29719999999999996,42112015810.0,0.2979,0.29755,42058988385.0
2018-06-04,681187000.0,0.0895,41829826750.0,0.26539999999999997,41917900430.0,0.266,0.2657,41873863590.0
2018-06-05,783325000.0,0.1008,50162882390.0,0.30519999999999997,50143121090.0,0.305,0.3051,50153001740.0
2018-06-06,773623000.0,0.09539999999999998,48027962860.0,0.2774,48176000860.0,0.2782,0.2778,48101981860.0
2018-06-07,1022178100.0,0.11810000000000001,59328693330.0,0.31170000000000003,59434511180.0,0.3122,0.31195,59381602255.0
2018-06-08,778414000.0,0.1043,46917518970.0,0.28800000000000003,46965250180.0,0.2883,0.28815,46941384575.0
2018-06-11,727360000.0,0.11109999999999999,47257222520.0,0.3023,47414755840.0,0.30329999999999996,0.30279999999999996,47335989180.0
2018-06-12,829245000.0,0.11259999999999999,59110157920.0,0.32270000000000004,59203724000.0,0.3232,0.32295,59156940960.0
2018-06-13,981739000.0,0.1303,59784830930.0,0.3336,59769929570.0,0.3335,0.33355,59777380250.0
2018-06-14,921718000.0,0.1292,52925891640.0,0.3169,52996105580.0,0.3173,0.31710000000000005,52960998610.0
2018-06-15,854991100.0,0.1149,54709216755.0,0.2829,54830540555.0,0.28350000000000003,0.2832,54769878655.0
2018-06-19,739672000.0,0.1014,43509542070.0,0.2529,43515838210.0,0.2529,0.2529,43512690140.0
2018-06-20,929055200.0,0.1245,60152637985.0,0.3322,60177939150.0,0.33240000000000003,0.33230000000000004,60165288567.5
2018-06-21,759091200.0,0.1216,44522421800.0,0.32189999999999996,44573762365.0,0.3223,0.32209999999999994,44548092082.5
2018-06-22,835706100.0,0.1292,48001846550.0,0.3165,48115385015.0,0.3173,0.3169,48058615782.5
2018-06-25,684646000.0,0.1226,37116045380.0,0.2924,37108709010.0,0.2924,0.2924,37112377195.0
2018-06-26,815268200.0,0.1245,42251897175.0,0.2954,42420582915.0,0.2966,0.296,42336240045.0
2018-06-27,717867200.0,0.1188,50547243985.0,0.3387,50554556795.0,0.33880000000000005,0.33875,50550900390.0
2018-06-28,656817000.0,0.1128,43951092400.0,0.33039999999999997,43990801470.0,0.3307,0.33055,43970946935.0
2018-06-29,643836000.0,0.109,44775731340.0,0.31620000000000004,44890941600.0,0.317,0.3166,44833336470.0
2018-07-02,627063000.0,0.09949999999999999,46537114970.0,0.3212,46652848590.0,0.322,0.3216,46594981780.0
2018-07-03,862462300.0,0.12789999999999999,61678009635.0,0.35729999999999995,61509653910.0,0.3563,0.3568,61593831772.5
2018-07-04,653851000.0,0.1193,43397889900.0,0.3505,43447608560.0,0.35090000000000005,0.3507,43422749230.0
2018-07-05,609420000.0,0.1137,42944334810.0,0.32409999999999994,42762768520.0,0.32270000000000004,0.3234,42853551665.0
2018-07-06,771573000.0,0.1251,54934565550.0,0.3398,55054240820.0,0.34049999999999997,0.34014999999999995,54994403185.0
2018-07-09,620723000.0,0.1012,42553065470.0,0.3034,42562967060.0,0.3035,0.30345,42558016265.0
2018-07-10,687459000.0,0.1091,39005623870.0,0.307,39102231000.0,0.3077,0.30735,39053927435.0
2018-07-11,673316200.0,0.12140000000000001,39792518920.0,0.3014,39808859580.0,0.3015,0.30145,39800689250.0
2018-07-12,557164000.0,0.0931,41545661160.0,0.3129,41673425280.0,0.3139,0.3134,41609543220.0
2018-07-13,579472000.0,0.086,42399562500.0,0.2918,42492347910.0,0.2924,0.2921,42445955205.0
2018-07-16,505389000.0,0.08650000000000001,38786749200.0,0.3064,38772265840.0,0.3063,0.30635,38779507520.0
2018-07-17,551667100.0,0.0956,45851639015.0,0.3386,45847496755.0,0.3386,0.3386,45849567885.0
2018-07-18,661632000.0,0.0998,53995180180.0,0.32530000000000003,53967854110.0,0.32520000000000004,0.32525000000000004,53981517145.0
2018-07-19,589682000.0,0.0999,49582502550.0,0.3427,49644931110.0,0.3432,0.34295,49613716830.0
2018-07-20,614813400.0,0.1038,48209821545.0,0.2875,48205601545.0,0.2875,0.2875,48207711545.0
2018-07-23,563438100.0,0.1015,47073977635.0,0.3128,47169070100.0,0.3135,0.31315000000000004,47121523867.5
2018-07-24,580523000.0,0.09789999999999999,45960771390.0,0.3147,46070506870.0,0.3154,0.31505,46015639130.0
2018-07-25,488021000.0,0.0877,37819970110.0,0.3042,37862577570.0,0.3045,0.30435,37841273840.0
2018-07-26,579482000.0,0.1026,42373675630.0,0.31579999999999997,42425464270.0,0.31620000000000004,0.316,42399569950.0
2018-07-27,547133100.0,0.09630000000000001,36331028700.0,0.2877,36400117355.0,0.2882,0.28795000000000004,36365573027.5
2018-07-30,486266000.0,0.0886,33536162220.0,0.2647,33511789640.0,0.2646,0.26465,33523975930.0
2018-07-31,541740000.0,0.09390000000000001,50584904960.0,0.3181,50663852260.0,0.3186,0.31835,50624378610.0
2018-08-01,543687000.0,0.0906,46461923730.0,0.3193,46516365870.0,0.3197,0.3195,46489144800.0
2018-08-02,527078300.0,0.085,39975808535.0,0.281,39930114685.0,0.28059999999999996,0.2808,39952961610.0
2018-08-03,518331000.0,0.105,48510517050.0,0.3528,48544835470.0,0.3531,0.35295,48527676260.0
2018-08-06,469905100.0,0.0897,36583589725.0,0.3135,36607445320.0,0.31370000000000003,0.3136,36595517522.5
2018-08-07,452471000.0,0.08779999999999999,35133078830.0,0.2907,35222778670.0,0.2914,0.29105000000000003,35177928750.0
2018-08-08,499467000.0,0.0898,42650333730.0,0.2991,42529669470.0,0.2983,0.29869999999999997,42590001600.0
2018-08-09,458548000.0,0.0861,41114674380.0,0.3248,41162026690.0,0.32520000000000004,0.325,41138350535.0
2018-08-10,469952000.0,0.09380000000000001,39079903090.0,0.3111,39027985590.0,0.3107,0.31089999999999995,39053944340.0
2018-08-13,564404100.0,0.08810000000000001,43559158430.0,0.2729,43575147535.0,0.273,0.27295,43567152982.5
2018-08-14,569821000.0,0.10550000000000001,46479480040.0,0.3357,46661768210.0,0.3371,0.33640000000000003,46570624125.0
2018-08-15,596309000.0,0.10800000000000001,42103124470.0,0.3106,42142199610.0,0.31079999999999997,0.3107,42122662040.0
2018-08-16,759024100.0,0.1367,49620178215.0,0.3502,49805550530.0,0.3515,0.35085,49712864372.5
2018-08-17,594672000.0,0.1191,45356225670.0,0.35350000000000004,45318335430.0,0.3532,0.35335000000000005,45337280550.0
2018-08-20,536349000.0,0.1158,39434564130.0,0.34369999999999995,39497476540.0,0.3443,0.344,39466020335.0
2018-08-21,493498000.0,0.1043,38548032600.0,0.3389,38608909420.0,0.3394,0.33914999999999995,38578471010.0
2018-08-22,496845000.0,0.105,29623624960.0,0.30010000000000003,29654365280.0,0.3005,0.3003,29638995120.0
2018-08-23,502081000.0,0.1052,31602555350.0,0.3123,31618689860.0,0.3125,0.3124,31610622605.0
2018-08-24,448808000.0,0.1056,32935146000.0,0.3371,32972995640.0,0.3375,0.33730000000000004,32954070820.0
2018-08-27,420001000.0,0.0973,33188222450.0,0.3125,33289205070.0,0.3134,0.31295,33238713760.0
2018-08-28,493572000.0,0.1041,42052075480.0,0.32409999999999994,42056910220.0,0.32409999999999994,0.32409999999999994,42054492850.0
2018-08-29,449982000.0,0.0987,36934278550.0,0.3064,36999855300.0,0.3069,0.30665,36967066925.0
2018-08-30,504356000.0,0.113,33893110900.0,0.2927,33902812200.0,0.2927,0.2927,33897961550.0
2018-08-31,510656000.0,0.11449999999999999,31381228780.0,0.25730000000000003,31441559540.0,0.25780000000000003,0.25755000000000006,31411394160.0
2018-09-03,459962300.0,0.10859999999999999,32062753880.0,0.2833,32030195140.0,0.28300000000000003,0.28315,32046474510.0
2018-09-04,471952000.0,0.1131,43268144460.0,0.3671,43392373080.0,0.36810000000000004,0.36760000000000004,43330258770.0
2018-09-05,469221000.0,0.1039,35495599270.0,0.2984,35514309710.0,0.2985,0.29845,35504954490.0
2018-09-06,559295000.0,0.1166,45052226150.0,0.3419,45094354920.0,0.3422,0.34204999999999997,45073290535.0
2018-09-07,657488000.0,0.121,45307555550.0,0.2956,45279558890.0,0.2954,0.2955,45293557220.0
2018-09-10,630686200.0,0.1184,46202791750.0,0.29510000000000003,46246510770.0,0.2954,0.29525,46224651260.0
2018-09-11,589248500.0,0.125,40925209430.0,0.3154,40999436115.0,0.3159,0.31565,40962322772.5
2018-09-12,574763000.0,0.12480000000000001,39761046140.0,0.3173,39812768590.0,0.3177,0.3175,39786907365.0
2018-09-13,599034000.0,0.1399,38452941140.0,0.3323,38451510230.0,0.3323,0.3323,38452225685.0
2018-09-14,604039000.0,0.1245,44558958960.0,0.34490000000000004,44713028000.0,0.3461,0.34550000000000003,44635993480.0
2018-09-17,477281000.0,0.1177,28708877830.0,0.3153,28767510890.0,0.316,0.31565,28738194360.0
2018-09-18,557727000.0,0.1208,36924303100.0,0.3125,36940620560.0,0.3127,0.3126,36932461830.0
2018-09-19,569697000.0,0.1153,41182284720.0,0.3094,41160383110.0,0.30920000000000003,0.3093,41171333915.0
2018-09-20,592714000.0,0.1231,49394801630.0,0.3653,49485515960.0,0.366,0.36565000000000003,49440158795.0
2018-09-21,612135000.0,0.1148,46532606610.0,0.2915,46693803140.0,0.2925,0.292,46613204875.0
2018-09-25,561504000.0,0.126,37371267870.0,0.3215,37452964040.0,0.3222,0.32184999999999997,37412115955.0
2018-09-26,566093000.0,0.12789999999999999,34296076840.0,0.31739999999999996,34304995130.0,0.3175,0.31745,34300535985.0
2018-09-27,565664000.0,0.1209,38968355010.0,0.3143,39007912950.0,0.3146,0.31445,38988133980.0
2018-09-28,657009000.0,0.13449999999999998,47721777050.0,0.34259999999999996,47774743880.0,0.34299999999999997,0.3428,47748260465.0
2018-10-01,409559000.0,0.1024,29394632760.0,0.313,29451509970.0,0.3136,0.3133,29423071365.0
2018-10-02,452974000.0,0.10369999999999999,34201457380.0,0.3151,34190624560.0,0.315,0.31505,34196040970.0
2018-10-03,452406100.0,0.115,32936259415.0,0.3259,32932044465.0,0.3258,0.32585,32934151940.0
2018-10-04,447708000.0,0.10679999999999999,33867971620.0,0.299,33883999610.0,0.2991,0.29905,33875985615.0
2018-10-05,693342000.0,0.125,45326539900.0,0.3011,45317283340.0,0.301,0.30105,45321911620.0
2018-10-08,554471000.0,0.1213,42741666380.0,0.3368,42785312630.0,0.3372,0.33699999999999997,42763489505.0
2018-10-09,637360100.0,0.1356,42889389080.0,0.3494,42981827755.0,0.35009999999999997,0.34975,42935608417.5
2018-10-11,731339000.0,0.0902,40000164500.0,0.1909,40107009350.0,0.19140000000000001,0.19115,40053586925.0
2018-10-12,746501100.0,0.125,44644760530.0,0.3011,44853447460.0,0.30260000000000004,0.30185,44749103995.0
2018-10-15,532924000.0,0.11220000000000001,35123305430.0,0.2969,35184488020.0,0.2975,0.2972,35153896725.0
2018-10-16,570355000.0,0.1306,35561693110.0,0.3264,35627710880.0,0.327,0.3267,35594701995.0
2018-10-17,575306000.0,0.12990000000000002,37926625020.0,0.3285,37928801580.0,0.3285,0.3285,37927713300.0
2018-10-18,544023000.0,0.1382,35517780590.0,0.36340000000000006,35553801900.0,0.3638,0.36360000000000003,35535791245.0
2018-10-19,685136000.0,0.1341,41539697580.0,0.32799999999999996,41616365560.0,0.3286,0.3283,41578031570.0
2018-10-22,558663000.0,0.1211,36881528760.0,0.36060000000000003,36990355640.0,0.3617,0.36115,36935942200.0
2018-10-23,523377300.0,0.11410000000000001,32230529835.0,0.3116,32210906730.0,0.3115,0.31155,32220718282.5
2018-10-24,815672100.0,0.1551,45703393460.0,0.36579999999999996,45796398570.0,0.3665,0.36615,45749896015.0
2018-10-25,711745100.0,0.125,37135036065.0,0.28059999999999996,37200723250.0,0.2811,0.28085,37167879657.5
2018-10-26,777946000.0,0.1514,44597012580.0,0.3356,44588330780.0,0.3356,0.3356,44592671680.0
2018-10-29,672532000.0,0.1432,38584754730.0,0.3608,38643073260.0,0.3614,0.3611,38613913995.0
2018-10-30,684970100.0,0.1509,36218656005.0,0.3578,36273712715.0,0.3583,0.35805,36246184360.0
2018-10-31,733039000.0,0.1375,41916768380.0,0.3175,42054200360.0,0.3185,0.318,41985484370.0
2018-11-01,737417000.0,0.13419999999999999,44596046830.0,0.3458,44760682870.0,0.34700000000000003,0.34640000000000004,44678364850.0
2018-11-02,980036000.0,0.1589,62266525830.0,0.4044,62422925650.0,0.4054,0.4049,62344725740.0
2018-11-05,655500100.0,0.13419999999999999,38843078030.0,0.3566,38886619695.0,0.35700000000000004,0.3568,38864848862.5
2018-11-06,704689000.0,0.1435,43943753730.0,0.3686,43887955250.0,0.3682,0.3684,43915854490.0
2018-11-07,683110000.0,0.138,47883741530.0,0.4039,47992442800.0,0.4048,0.40435,47938092165.0
2018-11-08,667998000.0,0.1317,43401776660.0,0.36,43362905200.0,0.35969999999999996,0.35985,43382340930.0
2018-11-09,529310000.0,0.1191,38085180790.0,0.37060000000000004,38128358510.0,0.371,0.3708,38106769650.0
2018-11-12,521285000.0,0.1264,32924735880.0,0.35869999999999996,32963258910.0,0.3591,0.3589,32943997395.0
2018-11-13,700043200.0,0.13720000000000002,41248049360.0,0.36340000000000006,41392952750.0,0.36460000000000004,0.36400000000000005,41320501055.0
2018-11-14,628008000.0,0.1316,37188906450.0,0.355,37223788120.0,0.3554,0.35519999999999996,37206347285.0
2018-11-15,695636000.0,0.1531,34815344350.0,0.35350000000000004,34860468480.0,0.354,0.35375,34837906415.0
2018-11-16,762095000.0,0.1586,42919115740.0,0.3629,42983230590.0,0.36340000000000006,0.36315000000000003,42951173165.0
2018-11-19,495025000.0,0.12269999999999999,27512125340.0,0.295,27548280000.0,0.2954,0.2952,27530202670.0
2018-11-20,499109000.0,0.126,30668759650.0,0.3262,30692248720.0,0.3264,0.32630000000000003,30680504185.0
2018-11-21,566137000.0,0.1358,34714889540.0,0.3378,34792139790.0,0.3385,0.33815,34753514665.0
2018-11-22,569813000.0,0.1405,38161940190.0,0.382,38139600570.0,0.3818,0.3819,38150770380.0
2018-11-23,463946000.0,0.1249,27095523270.0,0.3493,27073382160.0,0.349,0.34914999999999996,27084452715.0
2018-11-26,604784000.0,0.1535,29986867340.0,0.32909999999999995,30044619210.0,0.3297,0.32939999999999997,30015743275.0
2018-11-27,540837100.0,0.12480000000000001,31322415670.0,0.3074,31396767120.0,0.3081,0.30774999999999997,31359591395.0
2018-11-28,722989000.0,0.1335,42383257510.0,0.3292,42577722590.0,0.3307,0.32994999999999997,42480490050.0
2018-11-29,768414000.0,0.131,45090459920.0,0.3125,45142150860.0,0.3129,0.3127,45116305390.0
2018-11-30,830498000.0,0.12560000000000002,42715744940.0,0.2493,42833353370.0,0.25,0.24964999999999998,42774549155.0
2018-12-03,832208000.0,0.1197,41695821490.0,0.24420000000000003,41871461910.0,0.2452,0.24470000000000003,41783641700.0
2018-12-04,705817000.0,0.1258,44068035950.0,0.3023,44129247400.0,0.30269999999999997,0.3025,44098641675.0
2018-12-05,594343000.0,0.1244,34777845860.0,0.301,34850442920.0,0.3016,0.3013,34814144390.0
2018-12-06,707737000.0,0.1253,41214879550.0,0.28559999999999997,41081011850.0,0.2846,0.2851,41147945700.0
2018-12-07,538548000.0,0.1366,34712632230.0,0.3497,34767857560.0,0.3502,0.34995,34740244895.0
2018-12-10,618620100.0,0.1449,31521642455.0,0.3136,31555593385.0,0.3139,0.31375,31538617920.0
2018-12-11,526154000.0,0.14400000000000002,30773372680.0,0.33149999999999996,30828962460.0,0.3321,0.3318,30801167570.0
2018-12-12,506608000.0,0.12240000000000001,28148561030.0,0.2748,28192965430.0,0.2753,0.27505,28170763230.0
2018-12-13,590112000.0,0.1297,35625724220.0,0.3128,35659222410.0,0.3131,0.31295,35642473315.0
2018-12-14,525187000.0,0.1335,29946708720.0,0.3069,29981186850.0,0.3073,0.30710000000000004,29963947785.0
2018-12-17,516204000.0,0.1413,26310969580.0,0.3261,26361035090.0,0.3267,0.3264,26336002335.0
2018-12-18,485532200.0,0.11349999999999999,24633762430.0,0.2546,24661523870.0,0.25489999999999996,0.25475,24647643150.0
2018-12-19,524811000.0,0.1319,25619409000.0,0.28059999999999996,25624329030.0,0.28059999999999996,0.28059999999999996,25621869015.0
2018-12-20,550412200.0,0.1292,26067975050.0,0.2726,26087303825.0,0.2728,0.2727,26077639437.5
2018-12-21,608378100.0,0.13,33636292305.0,0.299,33715522080.0,0.29969999999999997,0.29935,33675907192.5
2018-12-22,255955000.0,0.10980000000000001,12549293110.0,0.32409999999999994,12563718030.0,0.3245,0.3243,12556505570.0
2018-12-24,403211000.0,0.1328,19115682430.0,0.2768,19158787110.0,0.2775,0.27715,19137234770.0
2018-12-25,456360000.0,0.12710000000000002,21721152200.0,0.295,21761179480.0,0.2955,0.29525,21741165840.0
2018-12-26,462153000.0,0.1489,23237465380.0,0.3337,23165454230.0,0.33270000000000005,0.33320000000000005,23201459805.0
2018-12-27,504782000.0,0.1373,26861773880.0,0.3274,26875651340.0,0.3276,0.3275,26868712610.0
2018-12-28,382954000.0,0.1234,19007767760.0,0.254,19033553060.0,0.25429999999999997,0.25415,19020660410.0
2019-01-02,384118100.0,0.1207,19144554720.0,0.2638,19131447850.0,0.2637,0.26375,19138001285.0
2019-01-03,456015000.0,0.1166,25263415510.0,0.2773,25297759600.0,0.2777,0.27749999999999997,25280587555.0
2019-01-04,528148000.0,0.1137,28760265770.0,0.2662,28819407080.0,0.2668,0.26649999999999996,28789836425.0
2019-01-07,478807100.0,0.1119,21750914190.0,0.2324,21787434760.0,0.2328,0.2326,21769174475.0
2019-01-08,420831000.0,0.1222,20458828950.0,0.2602,20493559340.0,0.2606,0.26039999999999996,20476194145.0
2019-01-09,582062000.0,0.1144,33887270990.0,0.2631,33991617590.0,0.2639,0.2635,33939444290.0
2019-01-10,463144000.0,0.1174,24814903960.0,0.2778,24851043460.0,0.2782,0.278,24832973710.0
2019-01-11,454861000.0,0.1173,27453302980.0,0.2879,27466751300.0,0.28809999999999997,0.288,27460027140.0
2019-01-14,358474000.0,0.1084,19860411220.0,0.2729,19882239180.0,0.2732,0.27305,19871325200.0
2019-01-15,443081000.0,0.11109999999999999,26861130240.0,0.2672,26926854120.0,0.26789999999999997,0.26754999999999995,26893992180.0
2019-01-16,476636000.0,0.1162,25943053430.0,0.27,25987737600.0,0.2705,0.27025,25965395515.0
2019-01-17,483348000.0,0.1273,26820134340.0,0.28800000000000003,26823948770.0,0.28800000000000003,0.28800000000000003,26822041555.0
2019-01-18,423094000.0,0.1103,25781783700.0,0.2632,25827425060.0,0.2637,0.26344999999999996,25804604380.0
2019-01-21,423480000.0,0.1081,23967028680.0,0.2552,23996069700.0,0.2555,0.25534999999999997,23981549190.0
2019-01-22,380600000.0,0.1175,21263779490.0,0.2691,21271128300.0,0.2692,0.26915,21267453895.0
2019-01-23,321911000.0,0.11349999999999999,17147376280.0,0.25379999999999997,17166564750.0,0.2541,0.25395,17156970515.0
2019-01-24,423497000.0,0.132,23721094040.0,0.2756,23743171520.0,0.2759,0.27575,23732132780.0
2019-01-25,488786000.0,0.1112,27235745620.0,0.23929999999999998,27289745980.0,0.2398,0.23954999999999999,27262745800.0
2019-01-28,425394000.0,0.10980000000000001,24765321630.0,0.2589,24801953590.0,0.2593,0.2591,24783637610.0
2019-01-29,405030000.0,0.1198,22594617000.0,0.2501,22622614700.0,0.2504,0.25025,22608615850.0
2019-01-30,416063000.0,0.1261,23767646980.0,0.2302,23793701020.0,0.2305,0.23035,23780674000.0
2019-03-04,551183100.0,0.1177,30367749090.0,0.2151,30442269075.0,0.21559999999999999,0.21534999999999999,30405009082.5
2019-03-05,449231000.0,0.1152,27653936870.0,0.2607,27674227150.0,0.2609,0.26080000000000003,27664082010.0
2019-03-06,506241000.0,0.135,27138674230.0,0.2676,27176274890.0,0.268,0.26780000000000004,27157474560.0
2019-03-07,552552000.0,0.1293,26713528450.0,0.24539999999999998,26721491020.0,0.2455,0.24545,26717509735.0
2019-03-08,583843100.0,0.1371,28924365600.0,0.2734,28981078555.0,0.27390000000000003,0.27365,28952722077.5
2019-03-11,473194000.0,0.12689999999999999,24339151680.0,0.2584,24373607590.0,0.2588,0.2586,24356379635.0
2019-03-12,509022000.0,0.12179999999999999,28257634750.0,0.25420000000000004,28291020280.0,0.2545,0.25435,28274327515.0
2019-03-13,562111000.0,0.1503,26459463080.0,0.2717,26492840290.0,0.2721,0.27190000000000003,26476151685.0
2019-03-14,581184000.0,0.1416,32887162680.0,0.2844,32937583340.0,0.2849,0.28464999999999996,32912373010.0
2019-03-15,678274000.0,0.1333,40245847480.0,0.26039999999999996,40335133750.0,0.2609,0.26065,40290490615.0
2019-03-18,587204000.0,0.13449999999999998,30028383100.0,0.257,30110762570.0,0.25780000000000003,0.2574,30069572835.0
2019-03-19,597033000.0,0.1338,30133596510.0,0.254,30172648550.0,0.2544,0.2542,30153122530.0
2019-03-20,633155000.0,0.14800000000000002,32503587590.0,0.2724,32579410410.0,0.273,0.2727,32541499000.0
2019-03-21,556621000.0,0.13419999999999999,27712999990.0,0.2455,27774477200.0,0.24600000000000002,0.24575000000000002,27743738595.0
2019-03-22,681392000.0,0.1419,35570853790.0,0.2698,35580759000.0,0.2699,0.26985,35575806395.0
2019-03-25,533508000.0,0.1191,25208016290.0,0.23010000000000003,25276621990.0,0.23070000000000002,0.23040000000000002,25242319140.0
2019-03-26,523707000.0,0.1359,28016984550.0,0.2659,28033271370.0,0.2661,0.266,28025127960.0
2019-03-27,484966000.0,0.1204,25475878330.0,0.2415,25523343630.0,0.2419,0.2417,25499610980.0
2019-03-28,465567000.0,0.12240000000000001,20861381850.0,0.23010000000000003,20879570430.0,0.2303,0.23020000000000002,20870476140.0
2019-03-29,537773400.0,0.11349999999999999,25898463830.0,0.2091,25947672650.0,0.2095,0.20929999999999999,25923068240.0
2019-04-01,655277000.0,0.1182,35184349800.0,0.2278,35255534990.0,0.22829999999999998,0.22804999999999997,35219942395.0
2019-04-02,577390000.0,0.1241,33260628610.0,0.24559999999999998,33354644330.0,0.2463,0.24595,33307636470.0
2019-04-03,540754000.0,0.1319,28064263430.0,0.2379,28111026730.0,0.2382,0.23804999999999998,28087645080.0
2019-04-08,639164500.0,0.1184,33362449230.0,0.20829999999999999,33431153165.0,0.2087,0.2085,33396801197.5
2019-04-09,582762000.0,0.11460000000000001,32776862290.0,0.2346,32818573620.0,0.2349,0.23475000000000001,32797717955.0
2019-04-10,540680100.0,0.1161,28504548915.0,0.2168,28563394350.0,0.21719999999999998,0.21699999999999997,28533971632.5
2019-04-11,584987100.0,0.1157,31669470385.0,0.2255,31655992390.0,0.2254,0.22544999999999998,31662731387.5
2019-04-12,519954000.0,0.1191,29486811520.0,0.24359999999999998,29486741210.0,0.24359999999999998,0.24359999999999998,29486776365.0
2019-04-15,525860700.0,0.1142,27071864940.0,0.22510000000000002,27136053060.0,0.2256,0.22535,27103959000.0
2019-04-16,749408000.0,0.14880000000000002,32490778590.0,0.2444,32572655510.0,0.245,0.2447,32531717050.0
2019-04-17,745500000.0,0.135,41960849630.0,0.24789999999999998,42046727280.0,0.2484,0.24814999999999998,42003788455.0
2019-04-18,711573000.0,0.1242,43402197700.0,0.2395,43346221895.0,0.23920000000000002,0.23935,43374209797.5
2019-04-19,618646000.0,0.1383,34323205640.0,0.26649999999999996,34342222770.0,0.2666,0.26654999999999995,34332714205.0
2019-04-22,601805300.0,0.1358,26873680140.0,0.2397,26823315000.0,0.23929999999999998,0.2395,26848497570.0
2019-04-23,553385100.0,0.1378,29466352245.0,0.2632,29494207465.0,0.2634,0.2633,29480279855.0
2019-04-24,595482000.0,0.1393,30209345160.0,0.23929999999999998,30231883300.0,0.2394,0.23935,30220614230.0
2019-04-25,604375200.0,0.14800000000000002,30150998790.0,0.2608,30177147140.0,0.261,0.2609,30164072965.0
2019-04-26,563980100.0,0.1275,28025227765.0,0.2421,28022158205.0,0.242,0.24205,28023692985.0
2019-04-29,544045000.0,0.1313,31737867800.0,0.2619,31762134220.0,0.2621,0.262,31750001010.0
2019-04-30,475295100.0,0.1282,27420988810.0,0.25239999999999996,27490884190.0,0.253,0.2527,27455936500.0
2019-05-02,412877000.0,0.11449999999999999,24958387690.0,0.23929999999999998,24988041980.0,0.2396,0.23945,24973214835.0
2019-05-03,445536000.0,0.1149,28680397880.0,0.247,28757240520.0,0.2477,0.24735000000000001,28718819200.0
2019-05-06,540835300.0,0.1054,31717189400.0,0.2284,31745967325.0,0.2286,0.22849999999999998,31731578362.5
2019-05-07,466095000.0,0.121,30318520520.0,0.2687,30370508590.0,0.2692,0.26895,30344514555.0
2019-05-08,449244000.0,0.10880000000000001,28883969960.0,0.261,28952231780.0,0.2616,0.2613,28918100870.0
2019-05-09,612815200.0,0.11800000000000001,34744094950.0,0.24489999999999998,34706678760.0,0.2446,0.24475,34725386855.0
2019-05-10,750811000.0,0.1585,40846539800.0,0.32549999999999996,40886946440.0,0.3259,0.3257,40866743120.0
2019-05-13,445515200.0,0.1091,28247890120.0,0.24710000000000001,28263442015.0,0.2473,0.2472,28255666067.5
2019-05-14,710461000.0,0.1354,38560345820.0,0.2752,38782073040.0,0.2768,0.276,38671209430.0
2019-05-15,604429000.0,0.14300000000000002,32426465230.0,0.2803,32490606780.0,0.2809,0.28059999999999996,32458536005.0
2019-05-16,642849000.0,0.1495,33401438620.0,0.2909,33431902620.0,0.2912,0.29105000000000003,33416670620.0
2019-05-17,723215100.0,0.1497,39698172900.0,0.3003,39668699360.0,0.30010000000000003,0.3002,39683436130.0
2019-05-20,602336000.0,0.1507,31538181850.0,0.2902,31584966940.0,0.2907,0.29045,31561574395.0
2019-05-21,620609000.0,0.1373,34706633590.0,0.2672,34807394570.0,0.268,0.2676,34757014080.0
2019-05-22,576164000.0,0.1528,29959900290.0,0.31170000000000003,29978561480.0,0.3119,0.3118,29969230885.0
2019-05-23,628909000.0,0.1444,32971240110.0,0.27649999999999997,33018302480.0,0.27690000000000003,0.2767,32994771295.0
2019-05-24,581499000.0,0.1496,33225593940.0,0.3223,33256291070.0,0.3226,0.32245,33240942505.0
2019-05-27,548481000.0,0.1533,28751586520.0,0.31,28786645890.0,0.3103,0.31015000000000004,28769116205.0
2019-05-28,558153000.0,0.1134,26820210890.0,0.17309999999999998,26861996470.0,0.1734,0.17325,26841103680.0
2019-05-29,599152000.0,0.1568,27672140980.0,0.2899,27720299090.0,0.2904,0.29015,27696220035.0
2019-05-30,540929000.0,0.13849999999999998,27271975280.0,0.2747,27306002250.0,0.2751,0.27490000000000003,27288988765.0
2019-05-31,592127000.0,0.1243,34721809100.0,0.2747,34801290240.0,0.2753,0.275,34761549670.0
2019-06-03,555693000.0,0.1396,29765627590.0,0.3055,29827145420.0,0.3061,0.30579999999999996,29796386505.0
2019-06-04,482144000.0,0.1383,25597703090.0,0.2858,25602352740.0,0.2859,0.28585,25600027915.0
2019-06-05,511261000.0,0.1387,28594521320.0,0.2865,28602379090.0,0.2866,0.28654999999999997,28598450205.0
2019-06-06,464327000.0,0.1265,28375524650.0,0.28559999999999997,28441128940.0,0.2863,0.28595,28408326795.0
2019-06-10,488759000.0,0.11460000000000001,27874656940.0,0.255,27951536540.0,0.2557,0.25534999999999997,27913096740.0
2019-06-11,698375000.0,0.1388,36132692800.0,0.2933,36213361610.0,0.294,0.29364999999999997,36173027205.0
2019-06-12,519037000.0,0.12390000000000001,28929030990.0,0.2804,28977354930.0,0.2809,0.28064999999999996,28953192960.0
2019-06-13,562453000.0,0.14859999999999998,28732386020.0,0.2933,28767375820.0,0.29359999999999997,0.29345,28749880920.0
2019-06-14,415493000.0,0.1291,23422082260.0,0.2738,23427981200.0,0.2738,0.2738,23425031730.0
2019-06-17,439192100.0,0.1351,24029450655.0,0.26839999999999997,24068216545.0,0.26890000000000003,0.26865,24048833600.0
2019-06-18,373602000.0,0.12029999999999999,21769808390.0,0.2688,21776721900.0,0.26890000000000003,0.26885000000000003,21773265145.0
2019-06-19,598337000.0,0.1188,34984111760.0,0.2458,35082227490.0,0.2465,0.24614999999999998,35033169625.0
2019-06-20,634944000.0,0.1264,35065631830.0,0.27140000000000003,35147417220.0,0.2721,0.27175000000000005,35106524525.0
2019-06-21,630703000.0,0.11789999999999999,35692256270.0,0.23379999999999998,35722869520.0,0.23399999999999999,0.2339,35707562895.0
2019-06-24,428076000.0,0.11789999999999999,24745696860.0,0.2536,24786131530.0,0.2541,0.25385,24765914195.0
2019-06-25,497954000.0,0.12789999999999999,26486429920.0,0.2611,26475762470.0,0.261,0.26105,26481096195.0
2019-06-26,419243000.0,0.1246,23391403120.0,0.2672,23426256850.0,0.2676,0.26739999999999997,23408829985.0
2019-06-27,610957000.0,0.136,37148935270.0,0.29309999999999997,37222084350.0,0.29359999999999997,0.29335,37185509810.0
2019-06-28,388172000.0,0.1125,22838073430.0,0.2498,22841300050.0,0.2498,0.2498,22839686740.0
2019-07-01,535125400.0,0.1073,28879790720.0,0.19820000000000002,28975419300.0,0.1989,0.19855,28927605010.0
2019-07-02,431782300.0,0.1005,28812197920.0,0.2386,28871520160.0,0.2391,0.23885,28841859040.0
2019-07-03,428121000.0,0.1008,26484711410.0,0.2349,26481098530.0,0.2349,0.2349,26482904970.0
2019-07-04,431614000.0,0.11359999999999999,26641213500.0,0.27140000000000003,26676995450.0,0.2717,0.27155,26659104475.0
2019-07-05,410447000.0,0.1207,21836251260.0,0.25239999999999996,21865321140.0,0.2527,0.25254999999999994,21850786200.0
2019-07-08,389084000.0,0.10400000000000001,22521159410.0,0.23190000000000002,22549243110.0,0.2322,0.23205,22535201260.0
2019-07-09,397976000.0,0.11449999999999999,24525436630.0,0.26030000000000003,24538941620.0,0.26039999999999996,0.26034999999999997,24532189125.0
2019-07-10,443753000.0,0.1097,25014726710.0,0.24,25067549640.0,0.24050000000000002,0.24025000000000002,25041138175.0
2019-07-11,578136000.0,0.11560000000000001,31869515550.0,0.2413,31935055890.0,0.2418,0.24155,31902285720.0
2019-07-12,589742000.0,0.1293,32925205920.0,0.2693,32981577750.0,0.2698,0.26954999999999996,32953391835.0
2019-07-15,678910000.0,0.1467,31745920320.0,0.2633,31831171700.0,0.264,0.26365,31788546010.0
2019-07-16,562918000.0,0.1264,29353328490.0,0.2452,29389920530.0,0.2455,0.24535,29371624510.0
2019-07-17,621791000.0,0.1355,28937859500.0,0.2487,28981462150.0,0.2491,0.2489,28959660825.0
2019-07-18,594214000.0,0.141,28902910570.0,0.2721,28928453520.0,0.2723,0.2722,28915682045.0
2019-07-19,591371000.0,0.1313,31805098580.0,0.25730000000000003,31848808780.0,0.2577,0.2575,31826953680.0
2019-07-22,555835100.0,0.1253,27606785570.0,0.23260000000000003,27655025770.0,0.233,0.2328,27630905670.0
2019-07-23,581964000.0,0.1274,32168467780.0,0.2515,32199097200.0,0.25170000000000003,0.25160000000000005,32183782490.0
2019-07-24,584924000.0,0.12210000000000001,31454015340.0,0.23620000000000002,31517549990.0,0.23670000000000002,0.23645000000000002,31485782665.0
2019-07-25,635985000.0,0.1263,32184635580.0,0.2403,32263932970.0,0.2409,0.2406,32224284275.0
2019-07-26,606444000.0,0.1434,29104518570.0,0.26030000000000003,29163016120.0,0.2608,0.26055,29133767345.0
2019-07-29,551879000.0,0.1424,27256632980.0,0.2582,27285557800.0,0.2585,0.25834999999999997,27271095390.0
2019-07-30,654382000.0,0.1456,36188433260.0,0.2753,36151655460.0,0.2751,0.2752,36170044360.0
2019-07-31,612400000.0,0.1368,33122337800.0,0.2516,33214377720.0,0.2523,0.25195,33168357760.0
2019-08-01,603008000.0,0.1333,35121127510.0,0.26789999999999997,35189161950.0,0.26839999999999997,0.26815,35155144730.0
2019-08-02,680721000.0,0.1199,38550229720.0,0.24100000000000002,38584026520.0,0.2412,0.2411,38567128120.0
2019-08-05,639346100.0,0.1301,33944845255.0,0.2623,33972049300.0,0.2625,0.26239999999999997,33958447277.5
2019-08-06,876982000.0,0.1459,44031133510.0,0.3015,44311452300.0,0.3034,0.30245,44171292905.0
2019-08-07,593289000.0,0.13269999999999998,33657155390.0,0.2764,33680888900.0,0.2766,0.27649999999999997,33669022145.0
2019-08-08,650544000.0,0.14550000000000002,37968493590.0,0.3059,38083594010.0,0.3069,0.3064,38026043800.0
2019-08-12,583673000.0,0.1292,34840856200.0,0.275,34920158730.0,0.2756,0.2753,34880507465.0
2019-08-13,638031000.0,0.141,35827035480.0,0.30010000000000003,35874015670.0,0.3005,0.3003,35850525575.0
2019-08-14,759073000.0,0.1506,43599154870.0,0.2983,43629587210.0,0.2985,0.2984,43614371040.0
2019-08-15,666733000.0,0.13140000000000002,33914689100.0,0.2754,34008141070.0,0.2761,0.27575,33961415085.0
2019-08-16,733995000.0,0.1561,34711551030.0,0.2891,34782167900.0,0.2897,0.2894,34746859465.0
2019-08-19,715306000.0,0.1563,34340762700.0,0.285,34448024770.0,0.2859,0.28545,34394393735.0
2019-08-20,675377200.0,0.14859999999999998,34257272540.0,0.28190000000000004,34287927365.0,0.2822,0.28205,34272599952.5
2019-08-21,586463000.0,0.1491,32711396250.0,0.2944,32774144500.0,0.295,0.29469999999999996,32742770375.0
2019-08-22,653038000.0,0.1485,34822686130.0,0.2824,34872233520.0,0.2828,0.28259999999999996,34847459825.0
2019-08-23,585769000.0,0.1485,32027928160.0,0.29109999999999997,32075188410.0,0.2915,0.2913,32051558285.0
2019-08-26,560419100.0,0.1152,27183146980.0,0.2322,27202534320.0,0.2324,0.2323,27192840650.0
2019-08-27,521397000.0,0.1265,26103939930.0,0.21100000000000002,26135530630.0,0.2112,0.2111,26119735280.0
2019-08-28,485595000.0,0.1349,28812060900.0,0.2822,28843366620.0,0.2825,0.28235,28827713760.0
2019-08-29,643875000.0,0.16649999999999998,31607311630.0,0.3031,31668707850.0,0.3037,0.3034,31638009740.0
2019-08-30,772698000.0,0.1451,41062697530.0,0.27699999999999997,41136052750.0,0.2775,0.27725,41099375140.0
2019-09-02,617996000.0,0.1426,30728843250.0,0.2903,30818862050.0,0.29109999999999997,0.29069999999999996,30773852650.0
2019-09-03,592650000.0,0.1465,31362997220.0,0.297,31366105790.0,0.297,0.297,31364551505.0
2019-09-04,589700000.0,0.1359,27085217080.0,0.2529,27135256450.0,0.25329999999999997,0.2531,27110236765.0
2019-09-05,922327000.0,0.1533,41222011000.0,0.26649999999999996,41300604320.0,0.267,0.26675,41261307660.0
2019-09-06,677161000.0,0.1402,36418492520.0,0.2773,36458231260.0,0.2776,0.27745,36438361890.0
2019-09-09,617675000.0,0.1359,31505319770.0,0.2698,31526527360.0,0.27,0.26990000000000003,31515923565.0
2019-09-10,610848000.0,0.1364,33027559510.0,0.2721,33011026080.0,0.272,0.27205,33019292795.0
2019-09-11,621706000.0,0.1442,35576143210.0,0.2966,35644010870.0,0.29710000000000003,0.29685,35610077040.0
2019-09-12,585760000.0,0.1352,33851172530.0,0.28,33872573860.0,0.2802,0.2801,33861873195.0
2019-09-16,593543100.0,0.1352,30094466725.0,0.2516,30146827490.0,0.2521,0.25185,30120647107.5
2019-09-17,561372000.0,0.1324,29265915160.0,0.2489,29293409310.0,0.2492,0.24905,29279662235.0
2019-09-18,551717000.0,0.1259,32191356280.0,0.24670000000000003,32243270040.0,0.24710000000000001,0.2469,32217313160.0
2019-09-19,520500000.0,0.12710000000000002,31936387960.0,0.2785,31979731000.0,0.2788,0.27865,31958059480.0
2019-09-20,609627000.0,0.1293,34168286110.0,0.23079999999999998,34233987110.0,0.23129999999999998,0.23104999999999998,34201136610.0
2019-09-23,557338200.0,0.1401,30315730900.0,0.2837,30373680170.0,0.2842,0.28395000000000004,30344705535.0
2019-09-24,553459000.0,0.1429,29194624030.0,0.2661,29212624360.0,0.2662,0.26615,29203624195.0
2019-09-25,509300000.0,0.13119999999999998,27012875910.0,0.25420000000000004,27049646580.0,0.2545,0.25435,27031261245.0
2019-09-26,543312000.0,0.14,31151275270.0,0.2685,31173444360.0,0.2686,0.26855,31162359815.0
2019-09-27,545595100.0,0.1295,32797432465.0,0.26280000000000003,32811486620.0,0.26289999999999997,0.26285000000000003,32804459542.5
2019-10-01,487604000.0,0.109,36550552510.0,0.2439,36676688280.0,0.2447,0.24430000000000002,36613620395.0
2019-10-02,469452000.0,0.1206,34715471650.0,0.2968,34786911900.0,0.2974,0.29710000000000003,34751191775.0
2019-10-03,472401000.0,0.1107,35431787150.0,0.29109999999999997,35516126010.0,0.2918,0.29145,35473956580.0
2019-10-04,530625000.0,0.1444,38819902880.0,0.3141,38868961850.0,0.3145,0.3143,38844432365.0
2019-10-07,444942000.0,0.124,34390751290.0,0.3006,34449704880.0,0.3011,0.30084999999999995,34420228085.0
2019-10-08,514354000.0,0.1274,35854538230.0,0.2736,35870255530.0,0.2737,0.27365,35862396880.0
2019-10-09,545141000.0,0.1352,38079369960.0,0.2918,38120485750.0,0.2921,0.29195000000000004,38099927855.0
2019-10-14,653163000.0,0.1208,38776239190.0,0.23829999999999998,38866745980.0,0.23879999999999998,0.23854999999999998,38821492585.0
2019-10-15,576948000.0,0.1351,36570020850.0,0.2657,36625321420.0,0.2661,0.2659,36597671135.0
2019-10-16,704921000.0,0.1495,41829653180.0,0.2825,41854827220.0,0.2827,0.28259999999999996,41842240200.0
2019-10-17,603773000.0,0.1481,32182597140.0,0.2601,32248224300.0,0.2607,0.26039999999999996,32215410720.0
2019-10-18,617982300.0,0.1352,33723193850.0,0.2303,33760121080.0,0.2306,0.23045,33741657465.0
2019-10-21,463946000.0,0.13390000000000002,26861534120.0,0.2602,26896180840.0,0.2606,0.26039999999999996,26878857480.0
2019-10-22,568059000.0,0.1409,33283578850.0,0.2611,33345293970.0,0.2616,0.26134999999999997,33314436410.0
2019-10-23,680475000.0,0.1562,40072326200.0,0.2845,40134425810.0,0.2849,0.28469999999999995,40103376005.0
2019-10-24,611154000.0,0.1323,40305396500.0,0.2811,40399370670.0,0.2818,0.28145,40352383585.0
2019-10-25,568444000.0,0.1363,36951321940.0,0.2832,36962769910.0,0.2833,0.28325,36957045925.0
2019-10-28,492520000.0,0.129,31169427490.0,0.2651,31228700700.0,0.2656,0.26535,31199064095.0
2019-10-29,625720000.0,0.1447,41888629720.0,0.2854,41912117260.0,0.28559999999999997,0.2855,41900373490.0
2019-10-30,560366000.0,0.1459,36019359810.0,0.2877,36093173870.0,0.2883,0.28800000000000003,36056266840.0
2019-10-31,622588000.0,0.1361,39025225110.0,0.25,39048310310.0,0.2501,0.25005,39036767710.0
2019-11-01,520309000.0,0.126,36434358060.0,0.265,36520750550.0,0.2656,0.2653,36477554305.0
2019-11-04,571430000.0,0.1133,37268370410.0,0.2351,37340982320.0,0.23550000000000001,0.2353,37304676365.0
2019-11-05,598309000.0,0.12380000000000001,38617734040.0,0.24719999999999998,38685223360.0,0.24760000000000001,0.2474,38651478700.0
2019-11-06,648360000.0,0.1282,44249808310.0,0.27449999999999997,44294869160.0,0.2748,0.27464999999999995,44272338735.0
2019-11-07,627965000.0,0.1421,38504294400.0,0.2718,38554853990.0,0.2721,0.27195,38529574195.0
2019-11-08,560819000.0,0.1317,38765346120.0,0.2737,38838903420.0,0.2742,0.27395,38802124770.0
2019-11-11,558592000.0,0.1199,37991420470.0,0.2468,38018560490.0,0.247,0.2469,38004990480.0
2019-11-12,573097000.0,0.15109999999999998,34862133920.0,0.2915,34929629680.0,0.2921,0.2918,34895881800.0
2019-11-13,504051000.0,0.1426,33275394400.0,0.2851,33298111650.0,0.2853,0.2852,33286753025.0
2019-11-14,613868000.0,0.1542,40054757360.0,0.3029,40120971290.0,0.3034,0.30315000000000003,40087864325.0
2019-11-15,726791400.0,0.17010000000000003,37264202200.0,0.2824,37308029290.0,0.2827,0.28254999999999997,37286115745.0
2019-11-18,549019000.0,0.1418,30842344080.0,0.2807,30886525320.0,0.2811,0.28090000000000004,30864434700.0
2019-11-19,524103000.0,0.1268,32061305830.0,0.2593,32107596840.0,0.2597,0.25949999999999995,32084451335.0
2019-11-20,525748000.0,0.1367,31138086970.0,0.2632,31155337490.0,0.2634,0.2633,31146712230.0
2019-11-21,513940000.0,0.1304,33483353260.0,0.2747,33554533800.0,0.2753,0.275,33518943530.0
2019-11-22,568246000.0,0.1548,30387642010.0,0.2776,30447288420.0,0.2781,0.27785000000000004,30417465215.0
2019-11-25,585667000.0,0.1481,30741238100.0,0.2707,30768843930.0,0.271,0.27085000000000004,30755041015.0
2019-11-26,584942000.0,0.1101,35409108590.0,0.1753,35477334990.0,0.17559999999999998,0.17545,35443221790.0
2019-11-27,664386000.0,0.1532,30426883430.0,0.2767,30497422700.0,0.2774,0.27705,30462153065.0
2019-11-28,612481000.0,0.1558,29666222470.0,0.2791,29687756030.0,0.2793,0.2792,29676989250.0
2019-11-29,648909000.0,0.1458,30601399500.0,0.252,30587986540.0,0.2518,0.2519,30594693020.0
2019-12-02,614900000.0,0.1431,31443185850.0,0.2736,31504474310.0,0.2742,0.27390000000000003,31473830080.0
2019-12-03,526825000.0,0.1389,31856961320.0,0.2901,31957328700.0,0.29109999999999997,0.29059999999999997,31907145010.0
2019-12-04,568013000.0,0.1481,30723722250.0,0.2805,30755782030.0,0.2808,0.28065,30739752140.0
2019-12-05,582294000.0,0.1325,31535235020.0,0.252,31573526880.0,0.2523,0.25215,31554380950.0
2019-12-06,554436300.0,0.1421,31158317165.0,0.2767,31196103910.0,0.2771,0.27690000000000003,31177210537.5
2019-12-09,665088000.0,0.15,30924132510.0,0.2498,30934673280.0,0.24989999999999998,0.24985,30929402895.0
2019-12-10,687532000.0,0.16760000000000003,29068248610.0,0.2755,29111109520.0,0.2759,0.2757,29089679065.0
2019-12-11,613065000.0,0.1523,34903362600.0,0.2705,34967982840.0,0.271,0.27075000000000005,34935672720.0
2019-12-12,649983000.0,0.1362,40457890610.0,0.262,40525603690.0,0.26239999999999997,0.2622,40491747150.0
2019-12-13,764282000.0,0.1388,44475639000.0,0.2568,44489858250.0,0.2568,0.2568,44482748625.0
2019-12-16,690149000.0,0.1359,33052894480.0,0.2281,33122792590.0,0.2286,0.22835,33087843535.0
2019-12-17,665020000.0,0.12480000000000001,39309482760.0,0.251,39406845820.0,0.2516,0.25129999999999997,39358164290.0
2019-12-18,621392000.0,0.12890000000000001,36622470270.0,0.24309999999999998,36655559300.0,0.2433,0.24319999999999997,36639014785.0
2019-12-19,544979000.0,0.129,34823704670.0,0.2527,34849160450.0,0.2529,0.2528,34836432560.0
2019-12-20,596194000.0,0.1273,41178791900.0,0.2413,41226250500.0,0.2416,0.24145,41202521200.0
2019-12-23,468223000.0,0.1246,30057214250.0,0.26289999999999997,30095470500.0,0.2632,0.26305,30076342375.0
2019-12-24,436851000.0,0.1318,31667222150.0,0.3041,31736559970.0,0.30469999999999997,0.3044,31701891060.0
2019-12-25,420583000.0,0.1324,28138206400.0,0.3084,28184788770.0,0.3089,0.30865,28161497585.0
2019-12-26,461147000.0,0.1451,32534235950.0,0.32270000000000004,32572797400.0,0.3231,0.3229,32553516675.0
2019-12-27,542878000.0,0.14550000000000002,31000625370.0,0.2842,31043735810.0,0.2846,0.2844,31022180590.0
2019-12-30,535995000.0,0.13849999999999998,37804245660.0,0.3011,37864916700.0,0.3016,0.30135,37834581180.0
2019-12-31,420071000.0,0.1208,36825558510.0,0.3119,36875512530.0,0.3124,0.31215000000000004,36850535520.0
2020-01-02,540327000.0,0.1246,39995969890.0,0.2802,40095063730.0,0.2809,0.28054999999999997,40045516810.0
2020-01-03,772452000.0,0.13970000000000002,62033680000.0,0.3201,62120256230.0,0.3206,0.32035,62076968115.0
2020-01-06,598898000.0,0.12789999999999999,37154355030.0,0.25739999999999996,37200038660.0,0.2577,0.25754999999999995,37177196845.0
2020-01-07,643685000.0,0.1381,48018304710.0,0.28850000000000003,48064029150.0,0.2888,0.28865,48041166930.0
2020-01-08,851313000.0,0.16760000000000003,47893567270.0,0.3178,48054449190.0,0.3189,0.31835,47974008230.0
2020-01-09,567138000.0,0.12619999999999998,37837606980.0,0.2818,37884496330.0,0.2821,0.28195000000000003,37861051655.0
2020-01-10,487368000.0,0.1168,37729749980.0,0.2926,37771230270.0,0.2929,0.29275,37750490125.0
2020-01-13,596098000.0,0.1272,40314677530.0,0.2809,40376372720.0,0.2813,0.2811,40345525125.0
2020-01-14,582808000.0,0.1197,41585399280.0,0.2697,41660671970.0,0.2702,0.26995,41623035625.0
2020-01-15,492084000.0,0.1182,39889672060.0,0.2614,39948310340.0,0.2618,0.2616,39918991200.0
2020-01-16,536983000.0,0.13970000000000002,38906225090.0,0.2755,38965775620.0,0.2759,0.2757,38936000355.0
2020-01-17,496388000.0,0.1258,33244804590.0,0.2477,33242273290.0,0.2477,0.2477,33243538940.0
2020-01-20,438684000.0,0.12539999999999998,25426001590.0,0.2188,25454994190.0,0.21899999999999997,0.21889999999999998,25440497890.0
2020-01-30,835475000.0,0.0998,44090602530.0,0.1588,44237463280.0,0.1593,0.15905,44164032905.0
2020-01-31,783669100.0,0.1375,41613549000.0,0.23550000000000001,41754711180.0,0.23629999999999998,0.2359,41684130090.0
2020-02-03,1181208000.0,0.1674,50168509380.0,0.27190000000000003,50502254230.0,0.2737,0.27280000000000004,50335381805.0
2020-02-04,840250000.0,0.1465,44134212590.0,0.2728,44283137870.0,0.2738,0.2733,44208675230.0
2020-02-05,833266000.0,0.1523,46183767570.0,0.292,46265732110.0,0.2925,0.29225,46224749840.0
2020-02-06,683700000.0,0.1267,41049901460.0,0.2837,41136549360.0,0.2843,0.28400000000000003,41093225410.0
2020-02-07,565885000.0,0.1209,32373899290.0,0.2492,32399784110.0,0.2494,0.24930000000000002,32386841700.0
2020-02-10,773315000.0,0.15810000000000002,40335058400.0,0.3055,40469962630.0,0.3065,0.306,40402510515.0
2020-02-11,568718000.0,0.125,35624998150.0,0.2891,35679044200.0,0.2896,0.28935,35652021175.0
2020-02-12,541230000.0,0.1106,39568000580.0,0.263,39657014750.0,0.2636,0.2633,39612507665.0
2020-02-13,662972000.0,0.1326,39882809660.0,0.2827,39899241010.0,0.2828,0.28275,39891025335.0
2020-02-14,507009000.0,0.1291,32598467620.0,0.2882,32661824970.0,0.2887,0.28845,32630146295.0
2020-02-17,507385000.0,0.12179999999999999,30020118290.0,0.2587,30060665980.0,0.259,0.25885,30040392135.0
2020-02-18,586965000.0,0.136,40061139110.0,0.28350000000000003,40069387970.0,0.28350000000000003,0.28350000000000003,40065263540.0
2020-02-19,684441000.0,0.1433,41940188580.0,0.2958,42028761710.0,0.2964,0.29610000000000003,41984475145.0
2020-02-20,626792000.0,0.1321,39126205940.0,0.2891,39154251780.0,0.2893,0.2892,39140228860.0
2020-02-21,605193000.0,0.1344,37122448960.0,0.29710000000000003,37152937790.0,0.2973,0.2972,37137693375.0
2020-02-24,706442000.0,0.1309,33965152260.0,0.242,34017627290.0,0.24239999999999998,0.24219999999999997,33991389775.0
2020-02-25,729768000.0,0.1354,49619179630.0,0.3191,49759413970.0,0.32,0.31955,49689296800.0
2020-02-26,890137000.0,0.1431,50260364100.0,0.2838,50276270480.0,0.2839,0.28385,50268317290.0
2020-02-27,998378000.0,0.1384,52471557240.0,0.25780000000000003,52420224920.0,0.2576,0.25770000000000004,52445891080.0
2020-03-02,1134156000.0,0.15560000000000002,55721596310.0,0.2742,56037285760.0,0.2757,0.27495,55879441035.0
2020-03-03,916050000.0,0.1524,48033967050.0,0.29100000000000004,48096980120.0,0.2914,0.2912,48065473585.0
2020-03-04,768768000.0,0.1525,41196257990.0,0.2927,41262199200.0,0.29309999999999997,0.2929,41229228595.0
2020-03-05,736628000.0,0.14550000000000002,40102204120.0,0.2747,40172122090.0,0.2752,0.27495,40137163105.0
2020-03-06,841012000.0,0.14859999999999998,38631344590.0,0.255,38704211160.0,0.2555,0.25525,38667777875.0
2020-03-09,1597159000.0,0.1704,56996806100.0,0.24489999999999998,57050918600.0,0.2451,0.245,57023862350.0
2020-03-10,1717896000.0,0.1997,62438467980.0,0.3005,62700124200.0,0.3017,0.30110000000000003,62569296090.0
2020-03-11,1516942000.0,0.2052,53449556840.0,0.30079999999999996,53481003780.0,0.301,0.30089999999999995,53465280310.0
2020-03-12,2077813000.0,0.1997,73855714170.0,0.2723,73923350330.0,0.2726,0.27244999999999997,73889532250.0
2020-03-13,2888902000.0,0.24109999999999998,89691311770.0,0.2953,90484026450.0,0.2979,0.2966,90087669110.0
2020-03-16,1657067000.0,0.2167,63193211940.0,0.2992,63167026290.0,0.2991,0.29915,63180119115.0
2020-03-17,2084445000.0,0.254,83027747570.0,0.3489,83276836800.0,0.34990000000000004,0.34940000000000004,83152292185.0
2020-03-18,1636020000.0,0.21789999999999998,65924260900.0,0.3105,65982539500.0,0.3107,0.3106,65953400200.0
2020-03-19,2133499200.0,0.2048,79865351660.0,0.2945,79864602110.0,0.2945,0.2945,79864976885.0
2020-03-20,1683826000.0,0.2025,61436441680.0,0.2591,61695111440.0,0.2602,0.25965,61565776560.0
2020-03-23,1204574000.0,0.2216,44387147190.0,0.28809999999999997,44528248490.0,0.289,0.28855,44457697840.0
2020-03-24,1072974000.0,0.1887,39323641330.0,0.25379999999999997,39476387710.0,0.2548,0.25429999999999997,39400014520.0
2020-03-25,1319312000.0,0.209,51558839690.0,0.2793,51708294670.0,0.2801,0.2797,51633567180.0
2020-03-26,1248126000.0,0.2514,50421452550.0,0.32689999999999997,50583013990.0,0.32789999999999997,0.32739999999999997,50502233270.0
2020-03-27,1295622000.0,0.2266,56379671870.0,0.3103,56402472700.0,0.3104,0.31035,56391072285.0
2020-03-30,1193069000.0,0.25980000000000003,42871652100.0,0.3335,42993122750.0,0.3345,0.334,42932387425.0
2020-03-31,1112740000.0,0.23579999999999998,45906235340.0,0.3119,45975003790.0,0.3123,0.31210000000000004,45940619565.0
2020-04-01,963555000.0,0.2304,35796816020.0,0.2969,35877285700.0,0.29760000000000003,0.29725,35837050860.0
2020-04-06,1150512000.0,0.2194,42154480490.0,0.2751,42280743800.0,0.2759,0.27549999999999997,42217612145.0
2020-04-07,1125170000.0,0.201,49358371640.0,0.2834,49457134350.0,0.2839,0.28364999999999996,49407752995.0
2020-04-08,1053645000.0,0.1888,49333302250.0,0.289,49524768990.0,0.2901,0.28955,49429035620.0
2020-04-09,1017029000.0,0.19440000000000002,51149852520.0,0.3093,51128248300.0,0.30920000000000003,0.30925,51139050410.0
2020-04-10,732436100.0,0.17620000000000002,35080900845.0,0.2867,35121927195.0,0.287,0.28685,35101414020.0
2020-04-13,736705000.0,0.1568,34090979830.0,0.2866,34125561700.0,0.2869,0.28675,34108270765.0
2020-04-14,878056000.0,0.1637,40231947730.0,0.2546,40355730390.0,0.2553,0.25495,40293839060.0
2020-04-15,921391000.0,0.1631,53909277390.0,0.27649999999999997,54080809630.0,0.2774,0.27695,53995043510.0
2020-04-16,852578000.0,0.1765,44989196920.0,0.2853,45112735140.0,0.2861,0.2857,45050966030.0
2020-04-17,1223726000.0,0.19219999999999998,65488634940.0,0.2807,65467303040.0,0.2807,0.2807,65477968990.0
2020-04-20,732424000.0,0.1845,40598230400.0,0.2973,40691625910.0,0.298,0.29764999999999997,40644928155.0
2020-04-21,1220448000.0,0.2061,53527659440.0,0.2896,53538589520.0,0.2897,0.28965,53533124480.0
2020-04-22,1108730000.0,0.2107,53414767610.0,0.3481,53613439810.0,0.3494,0.34875,53514103710.0
2020-04-23,1070815000.0,0.2289,56212078940.0,0.3603,56303570150.0,0.36090000000000005,0.36060000000000003,56257824545.0
2020-04-24,881822000.0,0.2175,43628111940.0,0.3452,43707968680.0,0.3458,0.34550000000000003,43668040310.0
2020-04-27,993377000.0,0.17920000000000003,52504135200.0,0.29359999999999997,52698761840.0,0.29469999999999996,0.29414999999999997,52601448520.0
2020-04-28,1088579000.0,0.20149999999999998,61199712360.0,0.3335,61316537800.0,0.33409999999999995,0.3338,61258125080.0
2020-04-29,1036753000.0,0.1825,55065423210.0,0.2832,55199803320.0,0.2839,0.28354999999999997,55132613265.0
2020-04-30,1049550000.0,0.1603,62274988680.0,0.2686,62397662390.0,0.2692,0.26890000000000003,62336325535.0
2020-05-04,928706000.0,0.161,50107041650.0,0.2622,50310757890.0,0.2632,0.2627,50208899770.0
2020-05-05,930890000.0,0.1978,63035749340.0,0.3515,63140809190.0,0.3521,0.3518,63088279265.0
2020-05-06,1029374000.0,0.1936,58977113350.0,0.32280000000000003,59087953410.0,0.3234,0.32310000000000005,59032533380.0
2020-05-07,892659000.0,0.1867,51591218690.0,0.30579999999999996,51680901870.0,0.3063,0.30605,51636060280.0
2020-05-08,963131100.0,0.1889,57262851070.0,0.3048,57294491000.0,0.305,0.3049,57278671035.0
2020-05-11,995503000.0,0.18230000000000002,48313681480.0,0.2844,48439503850.0,0.2852,0.2848,48376592665.0
2020-05-12,912506000.0,0.1819,51763358310.0,0.2967,51868597570.0,0.2973,0.29700000000000004,51815977940.0
2020-05-13,922074000.0,0.19399999999999998,53528034290.0,0.3182,53679946490.0,0.3191,0.31865,53603990390.0
2020-05-14,984952000.0,0.177,58613093360.0,0.3115,58611120140.0,0.3115,0.3115,58612106750.0
2020-05-15,967077000.0,0.2,61439980910.0,0.3482,61509511930.0,0.3486,0.34840000000000004,61474746420.0
2020-05-18,822981000.0,0.17350000000000002,56203901300.0,0.2879,56270109770.0,0.2883,0.2881,56237005535.0
2020-05-19,952190000.0,0.18510000000000001,58837920800.0,0.31079999999999997,58919950530.0,0.31120000000000003,0.311,58878935665.0
2020-05-20,935499000.0,0.20739999999999997,59404464930.0,0.3442,59527846110.0,0.345,0.3446,59466155520.0
2020-05-21,878302000.0,0.1797,52538910160.0,0.305,52666300740.0,0.30579999999999996,0.3054,52602605450.0
2020-05-22,918994000.0,0.1818,54298489640.0,0.3043,54315883850.0,0.3044,0.30435,54307186745.0
2020-05-25,812676000.0,0.1963,52473158220.0,0.35259999999999997,52673040510.0,0.354,0.35329999999999995,52573099365.0
2020-05-26,827507000.0,0.162,56980539890.0,0.3123,57048732000.0,0.3127,0.3125,57014635945.0
2020-05-27,965690000.0,0.2045,53395317140.0,0.33799999999999997,53440095420.0,0.3383,0.33814999999999995,53417706280.0
2020-05-28,1123959000.0,0.2145,59760206030.0,0.3452,59756464610.0,0.3452,0.3452,59758335320.0
2020-05-29,906548000.0,0.16449999999999998,50172334660.0,0.2327,50271286700.0,0.23309999999999997,0.2329,50221810680.0
2020-06-01,766461000.0,0.154,47124332990.0,0.2779,47233149110.0,0.2785,0.2782,47178741050.0
2020-06-02,824593000.0,0.16570000000000001,56234217120.0,0.30820000000000003,56294288840.0,0.3086,0.3084,56264252980.0
2020-06-03,988523000.0,0.1537,57021116470.0,0.2657,57162867500.0,0.2663,0.266,57091991985.0
2020-06-04,1015290000.0,0.17079999999999998,62044613450.0,0.3046,62156037930.0,0.30519999999999997,0.30489999999999995,62100325690.0
2020-06-05,1005194000.0,0.17379999999999998,49675470690.0,0.2742,49767473190.0,0.2747,0.27444999999999997,49721471940.0
2020-06-08,1077237000.0,0.16760000000000003,54972147280.0,0.2688,55039946540.0,0.2691,0.26895,55006046910.0
2020-06-09,836966000.0,0.1616,51153302260.0,0.2913,51235685700.0,0.2918,0.29155,51194493980.0
2020-06-10,962723000.0,0.1711,54188609820.0,0.2822,54301788410.0,0.2828,0.2825,54245199115.0
2020-06-11,1307548000.0,0.1832,70614496180.0,0.2928,70655266960.0,0.293,0.2929,70634881570.0
2020-06-12,1355184000.0,0.1986,61925774820.0,0.3119,62169846440.0,0.3132,0.31255,62047810630.0
2020-06-15,1069688000.0,0.1905,52512838340.0,0.2943,52577479420.0,0.29469999999999996,0.2945,52545158880.0
2020-06-16,1019088000.0,0.18350000000000002,55387086940.0,0.3024,55507615140.0,0.3031,0.30274999999999996,55447351040.0
2020-06-17,1141338000.0,0.2101,55324154210.0,0.3148,55441549230.0,0.3155,0.31515000000000004,55382851720.0
2020-06-18,1255887000.0,0.22460000000000002,60400357380.0,0.3248,60542237980.0,0.3256,0.3252,60471297680.0
2020-06-19,1293917000.0,0.19,71314025060.0,0.2825,71464541070.0,0.28309999999999996,0.28279999999999994,71389283065.0
2020-06-22,920759000.0,0.1812,56438833110.0,0.3075,56534050740.0,0.3081,0.30779999999999996,56486441925.0
2020-06-23,1224376000.0,0.21359999999999998,66782140650.0,0.3233,66880878860.0,0.32380000000000003,0.32355,66831509755.0
2020-06-24,842882000.0,0.1656,61844236200.0,0.3042,61925872940.0,0.3046,0.3044,61885054570.0
2020-06-29,894384000.0,0.163,58393338520.0,0.2789,58548652820.0,0.2797,0.2793,58470995670.0
2020-06-30,779302000.0,0.1487,51675226640.0,0.26280000000000003,51763013390.0,0.2633,0.26305,51719120015.0
2020-07-01,832868000.0,0.1433,56323832920.0,0.2917,56433436400.0,0.2923,0.29200000000000004,56378634660.0
2020-07-02,822425000.0,0.135,50501907830.0,0.2639,50616039320.0,0.2645,0.2642,50558973575.0
2020-07-03,1005090000.0,0.1549,57370026620.0,0.2621,57486870300.0,0.2626,0.26234999999999997,57428448460.0
2020-07-06,1216431000.0,0.1536,60891043570.0,0.2415,61089224020.0,0.24230000000000002,0.2419,60990133795.0
2020-07-07,1249130200.0,0.1632,73922007130.0,0.2663,74100665580.0,0.267,0.26665,74011336355.0
2020-07-08,918027000.0,0.1442,67912359810.0,0.2798,68168787660.0,0.2809,0.28035,68040573735.0
2020-07-09,1001474000.0,0.1507,69737237510.0,0.2759,69854421370.0,0.2764,0.27615,69795829440.0
2020-07-10,1084637000.0,0.1542,69249352120.0,0.26530000000000004,69332517590.0,0.2656,0.26545,69290934855.0
2020-07-13,931419200.0,0.1517,55104588120.0,0.2609,55207005750.0,0.2614,0.26115,55155796935.0
2020-07-14,965685000.0,0.1558,58806171820.0,0.2863,58813163930.0,0.2863,0.2863,58809667875.0
2020-07-15,1137970000.0,0.1684,69074020980.0,0.2872,69071865210.0,0.2872,0.2872,69072943095.0
2020-07-16,915625000.0,0.1586,58488925160.0,0.2929,58544723980.0,0.2932,0.29305000000000003,58516824570.0
2020-07-17,998161000.0,0.168,57214685460.0,0.28559999999999997,57210002790.0,0.28559999999999997,0.28559999999999997,57212344125.0
2020-07-20,936746000.0,0.17579999999999998,55463184750.0,0.3143,55676665900.0,0.3155,0.3149,55569925325.0
2020-07-21,1028582100.0,0.1516,62304748035.0,0.2761,62469801705.0,0.2768,0.27645,62387274870.0
2020-07-22,1057163000.0,0.1632,68420544900.0,0.3024,68512034320.0,0.3028,0.3026,68466289610.0
2020-07-23,1108720000.0,0.16879999999999998,69663546760.0,0.3053,69727753910.0,0.3056,0.30545,69695650335.0
2020-07-24,1259168100.0,0.1724,84949190460.0,0.3164,85026599575.0,0.31670000000000004,0.31655,84987895017.5
2020-07-27,1100884200.0,0.16940000000000002,75848589830.0,0.2955,76013200840.0,0.2962,0.29585,75930895335.0
2020-07-28,1668427000.0,0.2152,127478905300.0,0.3653,127400771240.0,0.3651,0.36519999999999997,127439838270.0
2020-07-29,1094276000.0,0.18539999999999998,77374573460.0,0.3497,77536346920.0,0.3504,0.35005,77455460190.0
2020-07-30,1039890000.0,0.17670000000000002,74361694700.0,0.3447,74500600440.0,0.3453,0.345,74431147570.0
2020-07-31,1000979000.0,0.1681,66567992210.0,0.31629999999999997,66721344250.0,0.317,0.31665,66644668230.0
2020-08-03,985915000.0,0.1689,72052489750.0,0.30879999999999996,72149075080.0,0.30920000000000003,0.309,72100782415.0
2020-08-04,1136662000.0,0.1843,70521077310.0,0.33020000000000005,70686554170.0,0.3309,0.33055,70603815740.0
2020-08-05,1260539000.0,0.179,76895887280.0,0.3193,77134869520.0,0.32020000000000004,0.31975,77015378400.0
2020-08-06,1406299000.0,0.19440000000000002,87308934460.0,0.3331,87444798150.0,0.3336,0.33335000000000004,87376866305.0
2020-08-07,1237071100.0,0.19149999999999998,79626673260.0,0.33149999999999996,79666900135.0,0.33159999999999995,0.33154999999999996,79646786697.5
2020-08-10,1203278000.0,0.18289999999999998,69977924430.0,0.3234,70040740540.0,0.3237,0.32355,70009332485.0
2020-08-11,1108638000.0,0.17379999999999998,67510296230.0,0.32659999999999995,67600488040.0,0.327,0.3268,67555392135.0
2020-08-12,1052303000.0,0.1656,70203059200.0,0.3206,70325373580.0,0.3211,0.32084999999999997,70264216390.0
2020-08-13,1228605000.0,0.19879999999999998,86410709820.0,0.3608,86410520910.0,0.3608,0.3608,86410615365.0
2020-08-14,1291702000.0,0.2022,79794442760.0,0.3718,80038218520.0,0.3729,0.37235,79916330640.0
2020-08-17,1256691000.0,0.17059999999999997,68355547130.0,0.30670000000000003,68500476430.0,0.3073,0.30700000000000005,68428011780.0
2020-08-18,1227219000.0,0.1793,81548835660.0,0.3256,81691553720.0,0.3261,0.32585,81620194690.0
2020-08-19,1339450000.0,0.18600000000000003,83713346430.0,0.3275,83866827860.0,0.3281,0.3278,83790087145.0
2020-08-20,2144345000.0,0.19829999999999998,114235303310.0,0.32409999999999994,114312197210.0,0.3243,0.32419999999999993,114273750260.0
2020-08-21,1273856000.0,0.1925,78545653840.0,0.3469,78735978010.0,0.3478,0.34735,78640815925.0
2020-08-24,1281908000.0,0.21489999999999998,81155770890.0,0.39399999999999996,81271131850.0,0.3946,0.3943,81213451370.0
2020-08-25,1285871000.0,0.1937,71929963130.0,0.3603,72026294880.0,0.3608,0.36055000000000004,71978129005.0
2020-08-26,1065706000.0,0.1807,57655228550.0,0.32,57757631090.0,0.32049999999999995,0.32025,57706429820.0
2020-08-27,1911279000.0,0.25170000000000003,78079670730.0,0.35619999999999996,78197458220.0,0.3568,0.3565,78138564475.0
2020-08-28,1310435000.0,0.1934,69748709910.0,0.3326,69829175970.0,0.33299999999999996,0.3328,69788942940.0
2020-08-31,1382231000.0,0.1826,72365291090.0,0.2876,72481031650.0,0.28800000000000003,0.28780000000000006,72423161370.0
2020-09-01,1280815000.0,0.1787,76394693270.0,0.3311,76593491460.0,0.332,0.33155,76494092365.0
2020-09-02,1163933000.0,0.1721,69397228500.0,0.3267,69517443530.0,0.3273,0.32699999999999996,69457336015.0
2020-09-03,2052930000.0,0.23190000000000002,80054481800.0,0.3357,80217324680.0,0.33640000000000003,0.33605,80135903240.0
2020-09-04,1904710100.0,0.21559999999999999,78268596555.0,0.3342,78482544260.0,0.33509999999999995,0.33465,78375570407.5
2020-09-07,1855018000.0,0.2177,76579409320.0,0.33549999999999996,76636148230.0,0.3358,0.33565,76607778775.0
2020-09-08,1417711000.0,0.1978,74228111600.0,0.3605,74223590610.0,0.3605,0.3605,74225851105.0
2020-09-09,1622508000.0,0.21170000000000003,77126462170.0,0.3669,77281980480.0,0.3677,0.3673,77204221325.0
2020-09-10,1636431100.0,0.2165,69949893560.0,0.35,69990274350.0,0.3502,0.35009999999999997,69970083955.0
2020-09-11,1639434000.0,0.2198,69890663630.0,0.3641,69866963490.0,0.364,0.36405,69878813560.0
2020-09-14,1150889000.0,0.19269999999999998,59832447380.0,0.3323,60011299840.0,0.3333,0.3328,59921873610.0
2020-09-15,1280165000.0,0.20929999999999999,66864218040.0,0.3539,66986236030.0,0.3546,0.35425,66925227035.0
2020-09-16,1181227000.0,0.1861,68078662820.0,0.3233,68171000850.0,0.3237,0.3235,68124831835.0
2020-09-17,1237527000.0,0.2119,66193856140.0,0.3492,66260966920.0,0.3496,0.34940000000000004,66227411530.0
2020-09-18,1213151000.0,0.1981,58762279690.0,0.2863,58806690990.0,0.2865,0.2864,58784485340.0
2020-09-21,1279131000.0,0.209,54845903140.0,0.3127,54877271910.0,0.3129,0.31279999999999997,54861587525.0
2020-09-22,1234758000.0,0.2045,56456145220.0,0.3239,56505609930.0,0.32420000000000004,0.32405000000000006,56480877575.0
2020-09-23,1104554000.0,0.2003,57588570660.0,0.32799999999999996,57644553370.0,0.3284,0.3282,57616562015.0
2020-09-24,1493287000.0,0.1909,71955647890.0,0.2925,71974714890.0,0.2926,0.29255,71965181390.0
2020-09-25,1586315000.0,0.23850000000000002,80072178810.0,0.3772,80072645220.0,0.3772,0.3772,80072412015.0
2020-09-28,1058355000.0,0.2104,56726196760.0,0.3635,56849379930.0,0.3643,0.3639,56787788345.0
2020-09-29,1171462100.0,0.22699999999999998,60088819535.0,0.359,60125021465.0,0.3592,0.3591,60106920500.0
2020-09-30,981932000.0,0.228,50486196050.0,0.3639,50549656830.0,0.3643,0.3641,50517926440.0
2020-10-05,1027456000.0,0.21760000000000002,51592171060.0,0.34590000000000004,51679407300.0,0.3465,0.3462,51635789180.0
2020-10-06,984234000.0,0.18969999999999998,53843793370.0,0.3246,53911257030.0,0.325,0.3248,53877525200.0
2020-10-07,976013000.0,0.201,54550901940.0,0.3306,54682974800.0,0.33140000000000003,0.331,54616938370.0
2020-10-08,1269506000.0,0.22,73586113330.0,0.34850000000000003,73736399230.0,0.3492,0.34885,73661256280.0
2020-10-12,1213641000.0,0.18719999999999998,68603508970.0,0.2949,68689789970.0,0.2953,0.29510000000000003,68646649470.0
2020-10-13,1172673000.0,0.20170000000000002,65139603670.0,0.341,65243591080.0,0.34159999999999996,0.3413,65191597375.0
2020-10-14,1324236000.0,0.2165,64870459210.0,0.3232,64991852890.0,0.32380000000000003,0.3235,64931156050.0
2020-10-15,1255661000.0,0.2069,55918367580.0,0.30670000000000003,55976559990.0,0.307,0.30685,55947463785.0
2020-10-16,1412840000.0,0.22820000000000001,62459203910.0,0.3332,62495571800.0,0.33340000000000003,0.33330000000000004,62477387855.0
2020-10-19,1073044000.0,0.1998,54196931280.0,0.3282,54287588220.0,0.32880000000000004,0.3285,54242259750.0
2020-10-20,944538000.0,0.1993,51849538140.0,0.34979999999999994,51914791250.0,0.3503,0.35005,51882164695.0
2020-10-21,1373218000.0,0.2426,59140440810.0,0.3477,59189174770.0,0.348,0.34785,59164807790.0
2020-10-22,1356731000.0,0.2348,56268791560.0,0.3209,56344117090.0,0.32130000000000003,0.32110000000000005,56306454325.0
2020-10-23,1286384000.0,0.2414,51869356150.0,0.3398,51965194350.0,0.3404,0.34009999999999996,51917275250.0
2020-10-26,1989729000.0,0.2979,59371338010.0,0.36,59484253420.0,0.3607,0.36035,59427795715.0
2020-10-27,1434801000.0,0.2371,56416493740.0,0.3297,56463655590.0,0.33,0.32985,56440074665.0
2020-10-28,1482399000.0,0.23579999999999998,57180371740.0,0.32049999999999995,57211049020.0,0.3207,0.3206,57195710380.0
2020-10-29,1683286000.0,0.2489,69032351430.0,0.36479999999999996,69215131790.0,0.36579999999999996,0.36529999999999996,69123741610.0
2020-10-30,1407291000.0,0.2151,65112883870.0,0.3256,65134634830.0,0.3258,0.3257,65123759350.0
2020-11-02,1197380000.0,0.2261,59621248630.0,0.3582,59669121510.0,0.35850000000000004,0.35835000000000006,59645185070.0
2020-11-03,1121380000.0,0.21059999999999998,58191381760.0,0.34619999999999995,58315208070.0,0.34700000000000003,0.3466,58253294915.0
2020-11-04,1721316000.0,0.2616,75795310860.0,0.3914,75958391000.0,0.3922,0.39180000000000004,75876850930.0
2020-11-05,1284927000.0,0.2293,61637489210.0,0.34950000000000003,61713742020.0,0.35,0.34975,61675615615.0
2020-11-06,1229452000.0,0.21309999999999998,62360292050.0,0.3367,62461943630.0,0.3372,0.33694999999999997,62411117840.0
2020-11-09,1268194000.0,0.1865,71886518500.0,0.322,72041041190.0,0.32270000000000004,0.32235,71963779845.0
2020-11-10,1523506000.0,0.1963,81265546740.0,0.32299999999999995,81341277820.0,0.3233,0.32314999999999994,81303412280.0
2020-11-11,1443850000.0,0.17629999999999998,70845980410.0,0.2913,71003505400.0,0.2919,0.29159999999999997,70924742905.0
2020-11-12,1199860000.0,0.17489999999999997,66398892050.0,0.2933,66472602240.0,0.2937,0.2935,66435747145.0
2020-11-13,1279008000.0,0.218,61452705400.0,0.3393,61546658860.0,0.3398,0.33955,61499682130.0
2020-11-16,1100556000.0,0.1624,66978485390.0,0.2824,67185366530.0,0.2833,0.28285,67081925960.0
2020-11-17,1239648000.0,0.1868,74387791550.0,0.3106,74515034910.0,0.3111,0.31084999999999996,74451413230.0
2020-11-18,1338884200.0,0.20309999999999997,70135413360.0,0.2989,70310265430.0,0.29969999999999997,0.2993,70222839395.0
2020-11-19,1348417000.0,0.2159,66923720170.0,0.319,67050573270.0,0.3196,0.31930000000000003,66987146720.0
2020-11-20,1210342000.0,0.2021,74704954780.0,0.33770000000000006,74859960050.0,0.33840000000000003,0.3380500000000001,74782457415.0
2020-11-23,1401503000.0,0.19940000000000002,77560394830.0,0.32409999999999994,77730302350.0,0.3248,0.32444999999999996,77645348590.0
2020-11-24,1691630000.0,0.22149999999999997,90207308540.0,0.3382,90378838390.0,0.33880000000000005,0.3385,90293073465.0
2020-11-25,1789844000.0,0.23070000000000002,89271245900.0,0.33240000000000003,89355922180.0,0.33270000000000005,0.33255,89313584040.0
2020-11-26,1624212000.0,0.235,75162679880.0,0.3393,75347576590.0,0.34009999999999996,0.3397,75255128235.0
2020-11-27,1683135000.0,0.23079999999999998,85478619590.0,0.35479999999999995,85669642750.0,0.3556,0.35519999999999996,85574131170.0
2020-11-30,1940009000.0,0.1838,97442862590.0,0.2378,97668134710.0,0.23829999999999998,0.23804999999999998,97555498650.0
2020-12-01,2318152000.0,0.2527,82434875480.0,0.3153,82670536730.0,0.31620000000000004,0.31575000000000003,82552706105.0
2020-12-02,2264704000.0,0.2528,82476390320.0,0.2841,82731953240.0,0.285,0.28454999999999997,82604171780.0
2020-12-03,2111073000.0,0.2519,88942945960.0,0.3287,89135320370.0,0.32939999999999997,0.32904999999999995,89039133165.0
2020-12-04,2349471000.0,0.2519,90310261100.0,0.3107,90595687690.0,0.31170000000000003,0.31120000000000003,90452974395.0
2020-12-07,2951281000.0,0.2778,109161103970.0,0.32539999999999997,109390976260.0,0.3261,0.32575,109276040115.0
2020-12-08,2117367000.0,0.2421,89039307780.0,0.315,89294684420.0,0.3159,0.31545,89166996100.0
2020-12-09,2016081000.0,0.2275,95604181800.0,0.3068,95943428850.0,0.3079,0.30735,95773805325.0
2020-12-10,2102677000.0,0.2384,99169296260.0,0.3224,99332781330.0,0.32299999999999995,0.3227,99251038795.0
2020-12-11,2311180000.0,0.2556,110575672450.0,0.3417,110611667190.0,0.3418,0.34175,110593669820.0
2020-12-14,2153981000.0,0.27949999999999997,79184486940.0,0.33659999999999995,79389878480.0,0.3375,0.33704999999999996,79287182710.0
2020-12-15,2290094000.0,0.2594,85794978740.0,0.3089,85713608840.0,0.3086,0.30874999999999997,85754293790.0
2020-12-16,1641106400.0,0.2328,77834121135.0,0.30820000000000003,78012888115.0,0.309,0.3086,77923504625.0
2020-12-17,1535131000.0,0.2465,81357397420.0,0.35359999999999997,81501082120.0,0.3542,0.3539,81429239770.0
2020-12-18,1893061000.0,0.2544,79343596240.0,0.3182,79444290030.0,0.3186,0.3184,79393943135.0
2020-12-21,2331291200.0,0.2733,87215442540.0,0.33630000000000004,87527527900.0,0.3375,0.33690000000000003,87371485220.0
2020-12-22,3134931000.0,0.2884,101833797490.0,0.3486,101904328100.0,0.3488,0.3487,101869062795.0
2020-12-23,2258671000.0,0.2922,82126588510.0,0.37079999999999996,82278404260.0,0.3715,0.37115,82202496385.0
2020-12-24,2096547000.0,0.281,83655652160.0,0.3732,83814194260.0,0.3739,0.37355,83734923210.0
2020-12-25,2029930000.0,0.276,76541993620.0,0.3575,76675024420.0,0.35810000000000003,0.3578,76608509020.0
2020-12-28,2163396000.0,0.25379999999999997,79828953710.0,0.3165,80103929090.0,0.3176,0.31705,79966441400.0
2020-12-29,2737084000.0,0.28850000000000003,103806025890.0,0.3604,103866539430.0,0.36060000000000003,0.36050000000000004,103836282660.0
2020-12-30,2141630000.0,0.2566,85218364870.0,0.3231,85398065530.0,0.32380000000000003,0.32345,85308215200.0
2020-12-31,2058913000.0,0.25420000000000004,89116994830.0,0.3418,89232973200.0,0.3423,0.34204999999999997,89174984015.0
2021-01-04,2208613100.0,0.2364,113890531850.0,0.3258,114281711780.0,0.32689999999999997,0.32635,114086121815.0
2021-01-05,2297758000.0,0.2503,122938792030.0,0.35109999999999997,123330275520.0,0.3522,0.35165,123134533775.0
2021-01-06,2848380000.0,0.24789999999999998,154776501830.0,0.3528,154931532700.0,0.3531,0.35295,154854017265.0
2021-01-07,2168713200.0,0.24559999999999998,118340164800.0,0.3455,118568909630.0,0.34619999999999995,0.34585,118454537215.0
2021-01-08,2133277000.0,0.2306,136462994450.0,0.3404,136842556470.0,0.34130000000000005,0.34085,136652775460.0
2021-01-11,1775887000.0,0.2161,102139613780.0,0.3097,102406505340.0,0.3105,0.3101,102273059560.0
2021-01-12,2291656000.0,0.2439,129101952920.0,0.3448,129169126530.0,0.345,0.3449,129135539725.0
2021-01-13,2222540000.0,0.2439,118335796480.0,0.3114,118703148480.0,0.3124,0.3119,118519472480.0
2021-01-14,2145335200.0,0.2335,127044459490.0,0.3159,127517675815.0,0.3171,0.3165,127281067652.5
2021-01-15,2551249200.0,0.2439,147971260150.0,0.3335,148096710230.0,0.33380000000000004,0.33365,148033985190.0
2021-01-18,2358582000.0,0.2842,117124030460.0,0.36729999999999996,117601189840.0,0.3688,0.36805,117362610150.0
2021-01-19,2261743000.0,0.2709,115678724060.0,0.3588,115884584610.0,0.35950000000000004,0.35915,115781654335.0
2021-01-20,2646845000.0,0.2505,138208903630.0,0.3224,138207714740.0,0.3224,0.3224,138208309185.0
2021-01-21,2365887000.0,0.26780000000000004,139513653500.0,0.3837,139825778010.0,0.3846,0.38415,139669715755.0
2021-01-22,1960482000.0,0.2375,140172635770.0,0.33899999999999997,140577611090.0,0.34,0.3395,140375123430.0
2021-01-25,1853064000.0,0.23120000000000002,128886288510.0,0.3591,129092881430.0,0.35969999999999996,0.35939999999999994,128989584970.0
2021-01-26,1798002000.0,0.22920000000000001,128468049410.0,0.35109999999999997,128452973960.0,0.35109999999999997,0.35109999999999997,128460511685.0
2021-01-27,1771603000.0,0.2561,115993409870.0,0.3725,116175224050.0,0.373,0.37275,116084316960.0
2021-01-28,2240010000.0,0.2579,133133141880.0,0.36090000000000005,133369310650.0,0.3615,0.3612,133251226265.0
2021-01-29,2240462000.0,0.25989999999999996,128916448950.0,0.3552,128910430350.0,0.35509999999999997,0.35514999999999997,128913439650.0
2021-02-01,2176015000.0,0.2879,109365653350.0,0.39380000000000004,109749576150.0,0.39520000000000005,0.3945000000000001,109557614750.0
2021-02-02,2261688000.0,0.2814,118998129710.0,0.38159999999999994,119225601880.0,0.3823,0.38194999999999996,119111865795.0
2021-02-03,2296295000.0,0.294,111765257500.0,0.38020000000000004,111859946090.0,0.38060000000000005,0.38040000000000007,111812601795.0
2021-02-04,2076323100.0,0.30920000000000003,107962956210.0,0.42119999999999996,108096755570.0,0.4217,0.42145,108029855890.0
2021-02-05,1783392000.0,0.25670000000000004,108695871370.0,0.3787,108798922460.0,0.3791,0.3789,108747396915.0
2021-02-17,1776239200.0,0.19260000000000002,116850120005.0,0.2761,117251030300.0,0.2771,0.2766,117050575152.5
2021-02-18,2137657000.0,0.23620000000000002,126134672020.0,0.3418,126489095470.0,0.3427,0.34225,126311883745.0
2021-02-19,2026657100.0,0.2293,117399674080.0,0.33240000000000003,117701504155.0,0.3332,0.3328,117550589117.5
2021-02-22,2215523000.0,0.23,115516467910.0,0.32289999999999996,115811864440.0,0.3237,0.3233,115664166175.0
2021-02-23,2240837000.0,0.2297,121834091040.0,0.32630000000000003,122180110260.0,0.3272,0.32675,122007100650.0
2021-02-24,2401767000.0,0.23879999999999998,131897032970.0,0.3272,131938694410.0,0.3273,0.32725,131917863690.0
2021-02-25,2586962000.0,0.2605,120857052550.0,0.3397,120975835770.0,0.34009999999999996,0.3399,120916444160.0
2021-02-26,2842365000.0,0.2525,129714142570.0,0.2863,130039157900.0,0.2871,0.2867,129876650235.0
2021-03-02,2465307000.0,0.2687,111214492130.0,0.3262,111166965940.0,0.3261,0.32615,111190729035.0
2021-03-03,2156219000.0,0.2585,109078170080.0,0.3407,109416259700.0,0.3417,0.3412,109247214890.0
2021-03-04,2389456000.0,0.2664,114261581380.0,0.3406,114339120010.0,0.3408,0.3407,114300350695.0
2021-03-05,2032064000.0,0.26039999999999996,113525920170.0,0.3667,113800598770.0,0.3676,0.36715,113663259470.0
2021-03-08,1962616000.0,0.2482,104624238350.0,0.3593,104609402090.0,0.3592,0.35925,104616820220.0
2021-03-09,2023321000.0,0.2368,115869066870.0,0.3527,116122650630.0,0.35350000000000004,0.3531,115995858750.0
2021-03-10,1586604000.0,0.2281,94440559060.0,0.35840000000000005,94481008460.0,0.35850000000000004,0.35845000000000005,94460783760.0
2021-03-11,1614392000.0,0.1974,106205911620.0,0.32170000000000004,106511194250.0,0.32270000000000004,0.32220000000000004,106358552935.0
2021-03-12,1733045000.0,0.225,107633840850.0,0.3556,107726667010.0,0.35590000000000005,0.35575,107680253930.0
2021-03-15,1467187000.0,0.2084,84554897370.0,0.3156,84770338720.0,0.3164,0.316,84662618045.0
2021-03-16,1784459000.0,0.2243,97361254140.0,0.3257,97469280570.0,0.326,0.32585,97415267355.0
2021-03-17,1831788000.0,0.23190000000000002,106956627790.0,0.3375,107039400600.0,0.3378,0.33765,106998014195.0
2021-03-18,2156152000.0,0.24059999999999998,110272288510.0,0.3357,110442742960.0,0.3362,0.33594999999999997,110357515735.0
2021-03-19,2226791000.0,0.2147,118928895750.0,0.2994,119212388500.0,0.30010000000000003,0.29975,119070642125.0
2021-03-22,2523424000.0,0.2527,111192479250.0,0.33039999999999997,111486780030.0,0.3312,0.3308,111339629640.0
2021-03-23,2778458000.0,0.26539999999999997,122724023590.0,0.3477,122684609240.0,0.34759999999999996,0.34765,122704316415.0
2021-03-24,2065957000.0,0.23879999999999998,102881252250.0,0.31620000000000004,103143430090.0,0.317,0.3166,103012341170.0
2021-03-25,2099940000.0,0.2325,105988361810.0,0.3264,106017557100.0,0.3265,0.32645,106002959455.0
2021-03-26,1622027000.0,0.1891,88348268690.0,0.29350000000000004,88620089020.0,0.2944,0.29395000000000004,88484178855.0
2021-03-29,2325048000.0,0.2224,96614013770.0,0.2939,96856170160.0,0.29460000000000003,0.29425,96735091965.0
2021-03-30,1978471000.0,0.2184,98034338290.0,0.31079999999999997,98238167420.0,0.3114,0.3111,98136252855.0
2021-03-31,1797752000.0,0.1962,95051119370.0,0.2799,95193352000.0,0.2803,0.2801,95122235685.0
2021-04-01,1880391000.0,0.2115,98478224050.0,0.3013,98661269460.0,0.3019,0.3016,98569746755.0
2021-04-06,1928107000.0,0.19699999999999998,98672731470.0,0.2902,98975407280.0,0.29109999999999997,0.29064999999999996,98824069375.0
2021-04-07,2118574000.0,0.2102,101545694300.0,0.294,101901518860.0,0.295,0.2945,101723606580.0
2021-04-08,2322245000.0,0.20309999999999997,115226412150.0,0.2956,115730835150.0,0.2969,0.29625,115478623650.0
2021-04-09,2965574100.0,0.2378,142187781720.0,0.3171,142396560490.0,0.3175,0.3173,142292171105.0
2021-04-12,2969166100.0,0.23329999999999998,131653579000.0,0.3074,132030610840.0,0.30829999999999996,0.30784999999999996,131842094920.0
2021-04-13,3668367000.0,0.2531,159642226930.0,0.33909999999999996,159827601740.0,0.3395,0.3393,159734914335.0
2021-04-14,4244053000.0,0.2926,192693767290.0,0.3924,192971653690.0,0.39299999999999996,0.3927,192832710490.0
2021-04-15,2551314000.0,0.2348,124916013200.0,0.3407,125228448640.0,0.34149999999999997,0.34109999999999996,125072230920.0
2021-04-16,2827610000.0,0.23070000000000002,144039446010.0,0.33509999999999995,144496579800.0,0.3362,0.33565,144268012905.0
2021-04-19,3269550000.0,0.22390000000000002,138563542590.0,0.3065,139031746550.0,0.3075,0.307,138797644570.0
2021-04-20,3110797000.0,0.2379,145621153370.0,0.3271,145887923390.0,0.32770000000000005,0.3274,145754538380.0
2021-04-21,3291019100.0,0.24739999999999998,143567154070.0,0.3225,144185267310.0,0.3239,0.32320000000000004,143876210690.0
2021-04-22,5907817000.0,0.301,242384944500.0,0.3715,242331227610.0,0.3714,0.37145,242358086055.0
2021-04-23,3688837000.0,0.2791,171986098450.0,0.37479999999999997,172529240400.0,0.376,0.37539999999999996,172257669425.0
2021-04-26,3295505000.0,0.2397,159661353090.0,0.3373,160129092970.0,0.3383,0.3378,159895223030.0
2021-04-27,3798478000.0,0.2801,193914176550.0,0.3873,194136980750.0,0.38780000000000003,0.38755,194025578650.0
2021-04-28,4042689000.0,0.2787,190262463590.0,0.3722,190732287920.0,0.37310000000000004,0.37265000000000004,190497375755.0
2021-04-29,4144860000.0,0.2732,201067075560.0,0.3668,201415645020.0,0.3675,0.36715,201241360290.0
2021-05-03,3910919000.0,0.2529,206051080840.0,0.3446,206293444210.0,0.345,0.3448,206172262525.0
2021-05-04,5450371000.0,0.30829999999999996,283085729940.0,0.42100000000000004,283263928340.0,0.4213,0.42115,283174829140.0
2021-05-05,3734661000.0,0.3081,195356253950.0,0.4207,196085316040.0,0.42219999999999996,0.42145,195720784995.0
2021-05-06,4167922000.0,0.32630000000000003,220328047410.0,0.44420000000000004,220558764970.0,0.4447,0.44445,220443406190.0
2021-05-07,3500403100.0,0.2878,188360328305.0,0.4102,188972947230.0,0.41159999999999997,0.4109,188666637767.5
2021-05-10,3426034000.0,0.2646,192089774070.0,0.3831,192772406320.0,0.38439999999999996,0.38375,192431090195.0
2021-05-11,5336089000.0,0.2988,291950185690.0,0.40259999999999996,292519988420.0,0.40340000000000004,0.403,292235087055.0
2021-05-12,6130675000.0,0.30510000000000004,333375640730.0,0.42579999999999996,334020734840.0,0.4266,0.42619999999999997,333698187785.0
2021-05-13,5330280000.0,0.3641,270083492730.0,0.47,271802785470.0,0.473,0.4715,270943139100.0
2021-05-14,4581798000.0,0.3565,248017259080.0,0.4804,248136092390.0,0.4807,0.48055000000000003,248076675735.0
2021-05-17,3997986100.0,0.304,200955108490.0,0.4143,201688310170.0,0.4158,0.41505000000000003,201321709330.0
2021-05-18,3348004000.0,0.3072,171300937010.0,0.413,172120194310.0,0.415,0.414,171710565660.0
2021-05-19,4498268000.0,0.3969,212988505000.0,0.48200000000000004,213573329970.0,0.48340000000000005,0.4827,213280917485.0
2021-05-20,4178911000.0,0.39590000000000003,241963806960.0,0.5067,242380990220.0,0.5075,0.5071,242172398590.0
2021-05-21,3947819000.0,0.3932,214112587580.0,0.4943,214577176950.0,0.4954,0.49485,214344882265.0
2021-05-24,3818693000.0,0.39289999999999997,223964410800.0,0.5233,224817170410.0,0.5252,0.52425,224390790605.0
2021-05-25,4318360000.0,0.34590000000000004,249283264920.0,0.4673,249436481930.0,0.46759999999999996,0.46745,249359873425.0
2021-05-26,3332116000.0,0.3613,217027032060.0,0.505,217565426840.0,0.5062,0.5056,217296229450.0
2021-05-27,3599856100.0,0.3358,234588000760.0,0.4336,235018401160.0,0.43439999999999995,0.43399999999999994,234803200960.0
2021-05-28,3750334000.0,0.3206,224862509260.0,0.4518,225722866410.0,0.4535,0.45265,225292687835.0
2021-05-31,4479760100.0,0.35119999999999996,250411758850.0,0.4636,251014066800.0,0.4647,0.46415,250712912825.0
2021-06-01,3691502000.0,0.3429,214906826010.0,0.4618,215426737610.0,0.4629,0.46235,215166781810.0
2021-06-02,4322340000.0,0.3496,254167900070.0,0.47,254591776110.0,0.4707,0.47035,254379838090.0
2021-06-03,3819172000.0,0.3447,227570216270.0,0.46130000000000004,228135219920.0,0.4625,0.46190000000000003,227852718095.0
2021-06-04,4019115000.0,0.3608,205125282510.0,0.4648,205110342810.0,0.4647,0.46475,205117812660.0
2021-06-07,4448379000.0,0.38380000000000003,249070498410.0,0.5055,249562190910.0,0.5065,0.506,249316344660.0
2021-06-08,2614272000.0,0.3281,164048132390.0,0.4677,164178308960.0,0.4681,0.4679,164113220675.0
2021-06-09,2705728000.0,0.3081,184644922630.0,0.45880000000000004,184840239060.0,0.4593,0.45905,184742580845.0
2021-06-10,2949270000.0,0.3055,188577228430.0,0.4533,188878733570.0,0.45409999999999995,0.4537,188727981000.0
2021-06-11,2843403000.0,0.3214,186767878970.0,0.4537,187150589740.0,0.4546,0.45415,186959234355.0
2021-06-15,2653408000.0,0.2902,190586246360.0,0.4335,191288795930.0,0.4351,0.4343,190937521145.0
2021-06-16,3540990000.0,0.32549999999999996,283173903350.0,0.4875,283577295310.0,0.4882,0.48785,283375599330.0
2021-06-17,2919045000.0,0.31370000000000003,210332490950.0,0.47259999999999996,211065218170.0,0.4743,0.47345,210698854560.0
2021-06-18,3209456000.0,0.2908,234852138160.0,0.4302,235656210060.0,0.4316,0.4309,235254174110.0
2021-06-21,2931098000.0,0.272,215611619470.0,0.41619999999999996,216342017740.0,0.41759999999999997,0.41689999999999994,215976818605.0
2021-06-22,3858426000.0,0.3188,232042369440.0,0.4208,232227016390.0,0.4211,0.42095,232134692915.0
2021-06-23,3153639000.0,0.2756,207639154750.0,0.3921,207626812130.0,0.3921,0.3921,207632983440.0
2021-06-24,2619700000.0,0.2734,171090503710.0,0.40490000000000004,171579357040.0,0.4061,0.4055,171334930375.0
2021-06-25,2698006000.0,0.2659,199673822880.0,0.4154,200037192160.0,0.41609999999999997,0.41574999999999995,199855507520.0
2021-06-28,2703030000.0,0.26899999999999996,174122240020.0,0.3918,174899499290.0,0.3936,0.3927,174510869655.0
2021-06-29,3395232000.0,0.2939,262226252850.0,0.43829999999999997,262446845240.0,0.4386,0.43845,262336549045.0
2021-06-30,3198788000.0,0.2854,216778262840.0,0.3986,217594308690.0,0.40009999999999996,0.39935,217186285765.0
2021-07-01,4048862000.0,0.3075,289674989990.0,0.4473,289872452840.0,0.4476,0.44745,289773721415.0
2021-07-02,3992613000.0,0.3243,284616879390.0,0.4643,284472403490.0,0.46409999999999996,0.46419999999999995,284544641440.0
2021-07-05,2906599100.0,0.2566,269901891320.0,0.4415,270360677310.0,0.44229999999999997,0.44189999999999996,270131284315.0
2021-07-06,2655201000.0,0.2657,294979060020.0,0.4861,295680369720.0,0.48729999999999996,0.48669999999999997,295329714870.0
2021-07-07,2722464000.0,0.2627,273019186310.0,0.46149999999999997,273024048120.0,0.46149999999999997,0.46149999999999997,273021617215.0
2021-07-08,3799227000.0,0.32159999999999994,331024314710.0,0.5145000000000001,332141881590.0,0.5162,0.51535,331583098150.0
2021-07-09,2558058000.0,0.2572,251902426290.0,0.4579,251955088120.0,0.45799999999999996,0.45794999999999997,251928757205.0
2021-07-12,2636037000.0,0.2518,252130263820.0,0.4511,252360150580.0,0.45159999999999995,0.45135,252245207200.0
2021-07-13,3271193000.0,0.2516,270123017190.0,0.4075,269766519940.0,0.40700000000000003,0.40725,269944768565.0
2021-07-14,3031518000.0,0.2799,279475939400.0,0.48350000000000004,279979144780.0,0.4844,0.48395,279727542090.0
2021-07-15,2236460100.0,0.2455,199598507755.0,0.4353,200392310710.0,0.43700000000000006,0.43615000000000004,199995409232.5
2021-07-16,2778287000.0,0.2701,282558909910.0,0.4869,283176184780.0,0.488,0.48745,282867547345.0
2021-07-19,2222282000.0,0.2361,209253779900.0,0.44299999999999995,209443187170.0,0.4434,0.4432,209348483535.0
2021-07-20,2371965100.0,0.2464,206513653880.0,0.4349,206462270375.0,0.43479999999999996,0.43484999999999996,206487962127.5
2021-07-21,3036430000.0,0.2798,285642289600.0,0.46,284880541820.0,0.45880000000000004,0.45940000000000003,285261415710.0
2021-07-22,2894168000.0,0.2848,279071302080.0,0.47369999999999995,279485529070.0,0.4744,0.47404999999999997,279278415575.0
2021-07-23,2873600000.0,0.2858,288626037910.0,0.5075999999999999,289315173280.0,0.5089,0.50825,288970605595.0
2021-07-26,2285770000.0,0.2452,200565781280.0,0.4335,200874684200.0,0.43420000000000003,0.43385,200720232740.0
2021-07-27,2526759000.0,0.2723,234321452560.0,0.4596,234416227680.0,0.4597,0.45965,234368840120.0
2021-07-28,3159454000.0,0.3025,272079761850.0,0.48460000000000003,272962417010.0,0.48619999999999997,0.4854,272521089430.0
2021-07-29,2466326200.0,0.2861,223681753955.0,0.4718,224559181785.0,0.47369999999999995,0.47275,224120467870.0
2021-07-30,2805120100.0,0.2847,260647065090.0,0.47759999999999997,260744141975.0,0.4778,0.4777,260695603532.5
2021-08-02,2328902000.0,0.2761,222274717960.0,0.5049,223041695760.0,0.5065999999999999,0.5057499999999999,222658206860.0
2021-08-03,1953721000.0,0.2677,191250710990.0,0.49,191473907900.0,0.4905,0.49024999999999996,191362309445.0
2021-08-04,2363976000.0,0.2725,160355025190.0,0.4229,160580731220.0,0.4235,0.4232,160467878205.0
2021-08-05,2533251100.0,0.272,156786812820.0,0.40619999999999995,157049738875.0,0.4069,0.40654999999999997,156918275847.5
2021-08-06,2408450100.0,0.28300000000000003,187330771060.0,0.4668,187465627945.0,0.4671,0.46695,187398199502.5
2021-08-09,2141521000.0,0.2712,160823627700.0,0.45630000000000004,160934694660.0,0.45659999999999995,0.45645,160879161180.0
2021-08-10,1940462000.0,0.2613,164683819890.0,0.46649999999999997,164714005020.0,0.46659999999999996,0.46654999999999996,164698912455.0
2021-08-11,2313232000.0,0.2726,181578967780.0,0.4628,181666110130.0,0.46299999999999997,0.4629,181622538955.0
2021-08-12,1721612000.0,0.2614,152601837740.0,0.4731,152953151970.0,0.4742,0.47365,152777494855.0
2021-08-13,2036301000.0,0.252,169794005020.0,0.4391,169676624450.0,0.4388,0.43895,169735314735.0
2021-08-16,1863868000.0,0.2468,146631658500.0,0.4361,146836136140.0,0.43670000000000003,0.4364,146733897320.0
2021-08-17,1489640000.0,0.2266,114195734270.0,0.3809,114096526110.0,0.38060000000000005,0.38075000000000003,114146130190.0
2021-08-18,2414559000.0,0.2813,194569765030.0,0.4585,196003612890.0,0.4619,0.4602,195286688960.0
2021-08-19,2292350000.0,0.2622,204052109880.0,0.4654,203711166190.0,0.4646,0.46499999999999997,203881638035.0
2021-08-20,2160593000.0,0.28559999999999997,175703167740.0,0.49520000000000003,176047173990.0,0.4961,0.49565000000000003,175875170865.0
2021-08-23,1797758100.0,0.245,163264130515.0,0.444,163791300785.0,0.4454,0.4447,163527715650.0
2021-08-24,2395359000.0,0.2914,201059934560.0,0.4808,201067418030.0,0.4808,0.4808,201063676295.0
2021-08-25,1950766000.0,0.2701,174480808330.0,0.4792,174865998200.0,0.4803,0.47975,174673403265.0
2021-08-26,2037306000.0,0.2839,178060867400.0,0.4721,178214711180.0,0.4725,0.4723,178137789290.0
2021-08-27,1735573000.0,0.2523,142664939630.0,0.4458,142796146990.0,0.4462,0.44599999999999995,142730543310.0
2021-08-30,1387577000.0,0.2207,105521288360.0,0.38380000000000003,105599780120.0,0.38409999999999994,0.38395,105560534240.0
2021-08-31,1693911000.0,0.223,128919272760.0,0.3735,129094919780.0,0.374,0.37375,129007096270.0
2021-09-01,1766342000.0,0.23809999999999998,152517992240.0,0.4174,152725009280.0,0.418,0.41769999999999996,152621500760.0
2021-09-02,1801218000.0,0.2446,156779991390.0,0.442,156927511500.0,0.4424,0.44220000000000004,156853751445.0
2021-09-03,1824029000.0,0.2459,149994373530.0,0.40950000000000003,150155895730.0,0.40990000000000004,0.40970000000000006,150075134630.0
2021-09-06,2053095000.0,0.2526,155252093000.0,0.40759999999999996,155479672050.0,0.4082,0.4079,155365882525.0
2021-09-07,1897242000.0,0.2786,159158315790.0,0.4711,159399692840.0,0.4718,0.47145000000000004,159279004315.0
2021-09-08,1633629000.0,0.2432,137661611990.0,0.4226,137835283100.0,0.4232,0.4229,137748447545.0
2021-09-09,1392486000.0,0.26890000000000003,115528131740.0,0.4678,115678917820.0,0.46840000000000004,0.4681,115603524780.0
2021-09-10,1507535000.0,0.2555,122099941400.0,0.4546,122269836780.0,0.45520000000000005,0.4549,122184889090.0
2021-09-13,1410621000.0,0.2377,106913682300.0,0.41,106998703160.0,0.4103,0.41015,106956192730.0
2021-09-14,1530838000.0,0.27,110463042090.0,0.4218,110452835300.0,0.4217,0.42175,110457938695.0
2021-09-15,1723519000.0,0.3006,118860037730.0,0.44049999999999995,119046420390.0,0.4411,0.44079999999999997,118953229060.0
2021-09-16,1689146000.0,0.2937,103746702330.0,0.4276,103817672320.0,0.4279,0.42774999999999996,103782187325.0
2021-09-17,1697642000.0,0.2584,122675452460.0,0.3876,122858224780.0,0.3882,0.3879,122766838620.0
2021-09-22,1725118000.0,0.2378,105952197080.0,0.3549,106161737350.0,0.3556,0.35525,106056967215.0
2021-09-23,1569501000.0,0.2738,105138677870.0,0.41409999999999997,105288103140.0,0.4147,0.4144,105213390505.0
2021-09-24,1621506000.0,0.2657,115432131390.0,0.4138,115605297130.0,0.4144,0.4141,115518714260.0
2021-09-27,1696231000.0,0.2545,115333971400.0,0.3836,115455570250.0,0.384,0.38380000000000003,115394770825.0
2021-09-28,1475603000.0,0.25429999999999997,101893977880.0,0.3924,101998670210.0,0.39280000000000004,0.39260000000000006,101946324045.0
2021-09-29,1862418000.0,0.2529,121438787700.0,0.36920000000000003,121589082670.0,0.3697,0.36945,121513935185.0
2021-09-30,1760249000.0,0.2776,112281485990.0,0.4036,112514712570.0,0.4044,0.404,112398099280.0
2021-10-01,1896997000.0,0.2407,128237675960.0,0.3715,128300340780.0,0.37170000000000003,0.37160000000000004,128269008370.0
2021-10-04,1940143000.0,0.2897,133483905170.0,0.4409,133520734660.0,0.441,0.44095,133502319915.0
2021-10-05,2126065000.0,0.3095,163128437920.0,0.49079999999999996,163947219910.0,0.49329999999999996,0.49205,163537828915.0
2021-10-06,1837770000.0,0.29760000000000003,135494976590.0,0.46590000000000004,135630240670.0,0.4664,0.46615,135562608630.0
2021-10-07,1698753000.0,0.264,127192808150.0,0.4264,127589395470.0,0.4277,0.42705000000000004,127391101810.0
2021-10-08,1593763000.0,0.2702,125624202920.0,0.4539,125796936610.0,0.4545,0.45420000000000005,125710569765.0
2021-10-12,1572343000.0,0.2638,120020813050.0,0.4213,120156279110.0,0.4218,0.42155,120088546080.0
2021-10-13,1697217000.0,0.29309999999999997,119309245400.0,0.4578,119305031940.0,0.4578,0.4578,119307138670.0
2021-10-14,1897853000.0,0.3367,130839151760.0,0.5057,131036043730.0,0.5064,0.50605,130937597745.0
2021-10-15,1510277000.0,0.2504,119729629380.0,0.4156,119953984000.0,0.4163,0.41595000000000004,119841806690.0
2021-10-18,1700182000.0,0.2704,121878161720.0,0.4482,122194821400.0,0.4493,0.44875,122036491560.0
2021-10-19,1580815000.0,0.26,116817285050.0,0.4329,117135745550.0,0.4341,0.4335,116976515300.0
2021-10-20,1461203000.0,0.2541,118400944100.0,0.4414,118586510480.0,0.4421,0.44175,118493727290.0
2021-10-21,1694928000.0,0.2562,134102176110.0,0.4301,134269435620.0,0.43060000000000004,0.43035,134185805865.0
2021-10-22,1501259000.0,0.24420000000000003,126368556390.0,0.444,126646880960.0,0.445,0.4445,126507718675.0
2021-10-25,1433231000.0,0.2609,122061619780.0,0.4522,122455055290.0,0.4537,0.45294999999999996,122258337535.0
2021-10-26,1450282000.0,0.217,128843450510.0,0.39149999999999996,128965263800.0,0.39189999999999997,0.39169999999999994,128904357155.0
2021-10-27,1316596000.0,0.2236,116994806870.0,0.40950000000000003,117281077830.0,0.4105,0.41000000000000003,117137942350.0
2021-10-28,1915594000.0,0.2737,139611729810.0,0.4385,139884466650.0,0.43939999999999996,0.43894999999999995,139748098230.0
2021-10-29,1759339000.0,0.2495,149110160110.0,0.4207,149574931030.0,0.42200000000000004,0.42135,149342545570.0
2021-11-01,1678833000.0,0.2373,132963899060.0,0.4039,133266922920.0,0.4048,0.40435,133115410990.0
2021-11-02,2180527000.0,0.2614,168080523690.0,0.4296,168129490450.0,0.42969999999999997,0.42965,168105007070.0
2021-11-03,1987123000.0,0.2827,153833861830.0,0.46409999999999996,154197182210.0,0.46520000000000006,0.46465,154015522020.0
2021-11-04,1833078000.0,0.2641,135260075780.0,0.4325,135349460210.0,0.4328,0.43265,135304767995.0
2021-11-05,1920268000.0,0.2582,132646160800.0,0.4036,132985833990.0,0.4047,0.40415,132815997395.0
2021-11-08,2359803000.0,0.27949999999999997,158504022130.0,0.4154,158889922820.0,0.4164,0.4159,158696972475.0
2021-11-09,2269403000.0,0.2663,167170586680.0,0.41859999999999997,167536218120.0,0.41950000000000004,0.41905000000000003,167353402400.0
2021-11-10,2593674100.0,0.30510000000000004,155299479445.0,0.4371,155532637975.0,0.4378,0.43745,155416058710.0
2021-11-11,2794474000.0,0.31,183639429420.0,0.4537,183973612260.0,0.4545,0.4541,183806520840.0
2021-11-12,2337029000.0,0.2869,168455986260.0,0.45159999999999995,168777993350.0,0.4525,0.45204999999999995,168616989805.0
2021-11-15,2083927000.0,0.2547,154766671320.0,0.40549999999999997,155096397590.0,0.4064,0.40595,154931534455.0
2021-11-16,2717415000.0,0.3068,157549656610.0,0.4122,157734316120.0,0.4127,0.41245,157641986365.0
2021-11-17,2570475000.0,0.2841,164016983120.0,0.40869999999999995,164451269660.0,0.4097,0.4092,164234126390.0
2021-11-18,2713598000.0,0.2735,164343476250.0,0.4097,164703983700.0,0.4106,0.41015,164523729975.0
2021-11-19,2459344000.0,0.2685,159915659860.0,0.3967,160111146030.0,0.3972,0.39695,160013402945.0
2021-11-22,1959931000.0,0.2636,128523704950.0,0.4033,128700914380.0,0.4039,0.40359999999999996,128612309665.0
2021-11-23,1983213000.0,0.2645,127002620980.0,0.4003,127061689550.0,0.40049999999999997,0.4004,127032155265.0
2021-11-24,2077083000.0,0.2824,122311747640.0,0.413,122540434030.0,0.4138,0.4134,122426090835.0
2021-11-25,1989097000.0,0.2811,134459263050.0,0.44079999999999997,134677600190.0,0.4415,0.44115,134568431620.0
2021-11-26,2042198000.0,0.23629999999999998,142384119940.0,0.39759999999999995,142433601710.0,0.39770000000000005,0.39765,142408860825.0
2021-11-29,2175553000.0,0.2817,142355707650.0,0.4439,142867126600.0,0.44549999999999995,0.4447,142611417125.0
2021-11-30,2041623000.0,0.2254,153856116490.0,0.34119999999999995,154260304260.0,0.3421,0.34165,154058210375.0
2021-12-01,1773561000.0,0.2526,120046677040.0,0.39770000000000005,120343049020.0,0.3986,0.39815,120194863030.0
2021-12-02,2105136000.0,0.25989999999999996,157351145960.0,0.4029,157730593680.0,0.4039,0.4034,157540869820.0
2021-12-03,1884354000.0,0.2681,141075887280.0,0.4252,141240107370.0,0.42560000000000003,0.4254,141157997325.0
2021-12-06,1557037000.0,0.23829999999999998,119870519940.0,0.39880000000000004,120136095680.0,0.3997,0.39925,120003307810.0
2021-12-07,2287513000.0,0.275,167216639990.0,0.44020000000000004,167351453320.0,0.44060000000000005,0.4404,167284046655.0
2021-12-08,2218990000.0,0.2704,152888883670.0,0.41119999999999995,153074167230.0,0.4117,0.41145,152981525450.0
2021-12-09,2158607000.0,0.2708,129833542930.0,0.3996,129917231070.0,0.39990000000000003,0.39975000000000005,129875387000.0
2021-12-10,1856706000.0,0.26789999999999997,122440275160.0,0.4252,122641275520.0,0.42590000000000006,0.42555000000000004,122540775340.0
2021-12-13,1865654000.0,0.2526,110218385490.0,0.38079999999999997,110369675640.0,0.38130000000000003,0.38105,110294030565.0
2021-12-14,1917719000.0,0.2495,117496521660.0,0.3815,117386877670.0,0.3812,0.38134999999999997,117441699665.0
2021-12-15,1528507000.0,0.2627,101705351290.0,0.40590000000000004,101962545500.0,0.4069,0.4064,101833948395.0
2021-12-16,1680139000.0,0.237,125484817090.0,0.39770000000000005,125713185850.0,0.3985,0.3981,125599001470.0
2021-12-17,1812493000.0,0.23170000000000002,131161771720.0,0.3671,131343444150.0,0.3676,0.36734999999999995,131252607935.0
2021-12-20,1485073000.0,0.2379,105357239020.0,0.39899999999999997,105470012860.0,0.3994,0.3992,105413625940.0
2021-12-21,1445853000.0,0.2353,107991802080.0,0.4107,108275065330.0,0.4118,0.41125,108133433705.0
2021-12-22,1431005000.0,0.2377,106512633790.0,0.41869999999999996,106590445960.0,0.419,0.41884999999999994,106551539875.0
2021-12-23,1547517000.0,0.2432,112458127630.0,0.4025,112550295700.0,0.4028,0.40265,112504211665.0
2021-12-24,1580843000.0,0.2511,101224468310.0,0.4122,101295525570.0,0.4125,0.41235,101259996940.0
2021-12-27,1451561000.0,0.2394,95888210000.0,0.4003,95986391220.0,0.4007,0.40049999999999997,95937300610.0
2021-12-28,1423165000.0,0.2263,92995321550.0,0.35369999999999996,93083536960.0,0.354,0.35385,93039429255.0
2021-12-29,1507132000.0,0.24350000000000002,89280106000.0,0.368,89428728500.0,0.3686,0.36829999999999996,89354417250.0
2021-12-30,1446611000.0,0.2262,101903605390.0,0.382,102037863640.0,0.3825,0.38225,101970734515.0
2022-01-03,1543235000.0,0.2214,115889830090.0,0.34990000000000004,116098538710.0,0.3506,0.35025000000000006,115994184400.0
2022-01-04,1764029000.0,0.24170000000000003,112487344720.0,0.33520000000000005,112682406750.0,0.3357,0.33545,112584875735.0
2022-01-05,1692333000.0,0.2297,119228585460.0,0.3471,119352761410.0,0.3475,0.3473,119290673435.0
2022-01-06,1289471000.0,0.2014,106457344940.0,0.35359999999999997,106645916710.0,0.3542,0.3539,106551630825.0
2022-01-07,1911786000.0,0.2516,123402121970.0,0.37070000000000003,123476004680.0,0.3709,0.3708,123439063325.0
2022-01-10,1318846000.0,0.2236,102294590000.0,0.3718,102545943320.0,0.37270000000000003,0.37225,102420266660.0
2022-01-11,1619509000.0,0.22010000000000002,108927444390.0,0.3522,109128759220.0,0.3529,0.35255000000000003,109028101805.0
2022-01-12,1541018000.0,0.2284,106736530970.0,0.3678,106846736650.0,0.3682,0.368,106791633810.0
2022-01-13,1709253000.0,0.2397,100696267640.0,0.3575,100843873350.0,0.358,0.35775,100770070495.0
2022-01-14,1825272000.0,0.2477,125008531400.0,0.369,125229064530.0,0.3697,0.36934999999999996,125118797965.0
2022-01-17,1151894000.0,0.1997,91808430240.0,0.34600000000000003,92004072470.0,0.3467,0.34635000000000005,91906251355.0
2022-01-18,1286892000.0,0.2139,102026589950.0,0.3803,102164558790.0,0.3809,0.38060000000000005,102095574370.0
2022-01-19,1287238000.0,0.2101,96490116170.0,0.3688,96649252910.0,0.36939999999999995,0.3691,96569684540.0
2022-01-20,1373835000.0,0.24710000000000001,95378526270.0,0.3908,95527399390.0,0.3914,0.3911,95452962830.0
2022-01-21,1417458000.0,0.1971,100173758710.0,0.3221,100189529320.0,0.3221,0.3221,100181644015.0
2022-01-24,1467111000.0,0.2407,102772573390.0,0.3847,103100687690.0,0.3859,0.3853,102936630540.0
2022-01-25,1205935000.0,0.1973,90996591560.0,0.3309,91032245780.0,0.331,0.33095,91014418670.0
2022-01-26,1020828000.0,0.20679999999999998,78810950630.0,0.34240000000000004,78960785940.0,0.3431,0.34275,78885868285.0
2022-02-07,1361525000.0,0.2164,93657160810.0,0.2977,93941689210.0,0.2986,0.29815,93799425010.0
2022-02-08,1590948000.0,0.231,124973724830.0,0.3893,125333014740.0,0.39039999999999997,0.38985,125153369785.0
2022-02-09,1474700000.0,0.21489999999999998,114590595360.0,0.3807,114899517790.0,0.38170000000000004,0.3812,114745056575.0
2022-02-10,1404324000.0,0.21559999999999999,107254023280.0,0.37560000000000004,107391404480.0,0.3761,0.37585,107322713880.0
2022-02-11,1305592000.0,0.2113,102724397250.0,0.3872,102882411140.0,0.38780000000000003,0.3875,102803404195.0
2022-02-14,1300178000.0,0.20440000000000003,96471411980.0,0.35729999999999995,96585769390.0,0.3578,0.35755,96528590685.0
2022-02-15,1499787000.0,0.2548,94638517770.0,0.401,94746392620.0,0.4014,0.4012,94692455195.0
2022-02-16,1520799000.0,0.23629999999999998,108250958550.0,0.397,108376942750.0,0.3975,0.39725,108313950650.0
2022-02-17,2310690000.0,0.29410000000000003,131160693270.0,0.4242,131385797000.0,0.4249,0.42455,131273245135.0
2022-02-18,2202036000.0,0.2907,129283670220.0,0.4215,129631682100.0,0.4226,0.42205,129457676160.0
2022-02-21,1837110000.0,0.24489999999999998,121077479710.0,0.4068,121234927840.0,0.4073,0.40705,121156203775.0
2022-02-22,2086601000.0,0.2439,132765272940.0,0.3872,132907283960.0,0.3876,0.38739999999999997,132836278450.0
2022-02-23,1638474000.0,0.26940000000000003,113016664360.0,0.414,113167962960.0,0.4146,0.4143,113092313660.0
2022-02-24,2529997000.0,0.2504,170892821270.0,0.3857,171203642880.0,0.3864,0.38605,171048232075.0
2022-02-25,2016978000.0,0.2488,147141058930.0,0.37229999999999996,147273780910.0,0.3726,0.37244999999999995,147207419920.0
2022-03-01,1726426000.0,0.22579999999999997,135434946390.0,0.3714,135685425580.0,0.3721,0.37175,135560185985.0
2022-03-02,1693847000.0,0.2462,127172407920.0,0.4275,127429289160.0,0.42840000000000006,0.42795000000000005,127300848540.0
2022-03-03,1695106000.0,0.2509,140440038470.0,0.42810000000000004,140677472150.0,0.4289,0.4285,140558755310.0
2022-03-04,1992259000.0,0.2639,176202769160.0,0.4426,176585544380.0,0.4436,0.4431,176394156770.0
2022-03-07,2221774000.0,0.2205,169887818670.0,0.3613,170049141020.0,0.3617,0.36150000000000004,169968479845.0
2022-03-08,2493845000.0,0.2518,185840679740.0,0.40909999999999996,186025123530.0,0.40950000000000003,0.4093,185932901635.0
2022-03-09,1737342000.0,0.2492,138633836480.0,0.4294,138856013510.0,0.4301,0.42974999999999997,138744924995.0
2022-03-10,2119537000.0,0.2638,156832455430.0,0.439,156973677690.0,0.43939999999999996,0.4392,156903066560.0
2022-03-11,1401499000.0,0.2351,108953680400.0,0.40549999999999997,109107789340.0,0.406,0.40575,109030734870.0
2022-03-14,1441086000.0,0.22579999999999997,117819293740.0,0.39890000000000003,117979231390.0,0.3994,0.39915,117899262565.0
2022-03-15,1853383000.0,0.23989999999999997,145312584260.0,0.38049999999999995,145261842540.0,0.3804,0.38044999999999995,145287213400.0
2022-03-16,2224256000.0,0.2737,177532023670.0,0.4365,177451581120.0,0.4363,0.4364,177491802395.0
2022-03-17,2135499000.0,0.21850000000000003,157478863610.0,0.3861,157926241990.0,0.3872,0.38665,157702552800.0
2022-03-18,1770446000.0,0.2214,131273585860.0,0.3563,131488317990.0,0.3569,0.35660000000000003,131380951925.0
2022-03-21,1384842000.0,0.2112,98668593800.0,0.36729999999999996,98806980370.0,0.3678,0.36755,98737787085.0
2022-03-22,1266360000.0,0.2155,88541283770.0,0.3697,88698334720.0,0.3704,0.37005,88619809245.0
2022-03-23,1414556000.0,0.2066,106477634300.0,0.37,106558106860.0,0.37020000000000003,0.3701,106517870580.0
2022-03-24,1474447000.0,0.2267,98371602990.0,0.36950000000000005,98526505530.0,0.37,0.36975,98449054260.0
2022-03-25,1320740000.0,0.1984,98017434700.0,0.3362,97967936030.0,0.336,0.3361,97992685365.0
2022-03-28,1301039000.0,0.22089999999999999,92262505600.0,0.38659999999999994,92461009740.0,0.3874,0.387,92361757670.0
2022-03-29,1381017000.0,0.2299,105009638540.0,0.405,105154807600.0,0.40549999999999997,0.40525,105082223070.0
2022-03-30,1318908200.0,0.19469999999999998,108407904370.0,0.35200000000000004,108443794550.0,0.3521,0.35205000000000003,108425849460.0
2022-03-31,1153261000.0,0.20379999999999998,79984580560.0,0.3454,79992773090.0,0.3454,0.3454,79988676825.0
2022-04-01,1217214000.0,0.21280000000000002,77985559230.0,0.33240000000000003,78119436870.0,0.3329,0.33265,78052498050.0
2022-04-06,1498479000.0,0.2193,83799125130.0,0.3123,83977092490.0,0.313,0.31265,83888108810.0
2022-04-07,1609727000.0,0.1996,99699655320.0,0.3095,99688663290.0,0.3095,0.3095,99694159305.0
2022-04-08,1304862000.0,0.2121,88448352750.0,0.3513,88581997260.0,0.3519,0.3516,88515175005.0
2022-04-11,1696115000.0,0.2167,106342804940.0,0.3477,106360336370.0,0.3478,0.34775,106351570655.0
2022-04-12,1575041000.0,0.2274,109377138460.0,0.39030000000000004,109525240840.0,0.3908,0.39055,109451189650.0
2022-04-13,1636163000.0,0.23199999999999998,100609009210.0,0.3803,100815889150.0,0.3811,0.38070000000000004,100712449180.0
2022-04-14,1743119000.0,0.2493,101652603270.0,0.39189999999999997,101719598470.0,0.3922,0.39205,101686100870.0
2022-04-15,1611323000.0,0.2318,102002580070.0,0.37189999999999995,102106785840.0,0.37229999999999996,0.3721,102054682955.0
2022-04-18,1483263000.0,0.2305,90776428900.0,0.3918,90869774520.0,0.3922,0.392,90823101710.0
2022-04-19,1422538000.0,0.2444,94591448810.0,0.41100000000000003,94770096210.0,0.4118,0.4114,94680772510.0
2022-04-20,2067863000.0,0.27649999999999997,127673197350.0,0.4301,127863277450.0,0.4307,0.4304,127768237400.0
2022-04-21,1500151000.0,0.2298,91332288790.0,0.36590000000000006,91439282910.0,0.3663,0.36610000000000004,91385785850.0
2022-04-22,1734146000.0,0.247,99218603200.0,0.3575,99433759820.0,0.3583,0.3579,99326181510.0
2022-04-25,1671233000.0,0.2137,101659715840.0,0.32770000000000005,101742255000.0,0.32789999999999997,0.3278,101700985420.0
2022-04-26,1659574000.0,0.2534,100019651120.0,0.3832,100104653250.0,0.3835,0.38334999999999997,100062152185.0
2022-04-27,1714962000.0,0.22690000000000002,116426800660.0,0.3795,116878285800.0,0.381,0.38025,116652543230.0
2022-04-28,1586296000.0,0.2507,108330477620.0,0.4127,108580227550.0,0.41359999999999997,0.41315,108455352585.0
2022-04-29,1559142000.0,0.2481,105761030550.0,0.4061,105886778230.0,0.40659999999999996,0.40635,105823904390.0
2022-05-03,1010988100.0,0.21559999999999999,70106217830.0,0.3876,70184625780.0,0.3881,0.38785000000000003,70145421805.0
2022-05-04,1033628000.0,0.2173,79282832900.0,0.4058,79384669730.0,0.40630000000000005,0.40605,79333751315.0
2022-05-05,1300474000.0,0.2157,105543378170.0,0.4093,105673865860.0,0.40979999999999994,0.40954999999999997,105608622015.0
2022-05-06,1265354000.0,0.2036,96996451310.0,0.3874,97175985990.0,0.3881,0.38775000000000004,97086218650.0
2022-05-09,1274327000.0,0.1923,87586463930.0,0.35340000000000005,87610942000.0,0.35350000000000004,0.35345000000000004,87598702965.0
2022-05-10,1474250200.0,0.215,104833364430.0,0.40090000000000003,105247692390.0,0.40240000000000004,0.40165000000000006,105040528410.0
2022-05-11,1224002000.0,0.2175,86427197920.0,0.41,86541840960.0,0.4106,0.4103,86484519440.0
2022-05-12,1500658000.0,0.20579999999999998,101138248740.0,0.384,101237911130.0,0.38439999999999996,0.3842,101188079935.0
2022-05-13,1320929100.0,0.2217,91653905560.0,0.40159999999999996,91837345920.0,0.40240000000000004,0.402,91745625740.0
2022-05-16,1429567000.0,0.2241,102105619060.0,0.41979999999999995,102150990000.0,0.42,0.41989999999999994,102128304530.0
2022-05-17,1112791000.0,0.19940000000000002,81977264040.0,0.39020000000000005,82098397090.0,0.3908,0.3905,82037830565.0
2022-05-18,1297353000.0,0.20329999999999998,88177196690.0,0.3699,88344692830.0,0.37060000000000004,0.37025,88260944760.0
2022-05-19,1491156000.0,0.23399999999999999,99039028890.0,0.41369999999999996,99277070240.0,0.4147,0.4142,99158049565.0
2022-05-20,1226667100.0,0.231,82523501280.0,0.4094,82632024250.0,0.40990000000000004,0.40965,82577762765.0
2022-05-23,1471076000.0,0.2618,102803289980.0,0.4354,103013389090.0,0.4363,0.43585,102908339535.0
2022-05-24,1261259000.0,0.2379,86808608670.0,0.4104,86804635310.0,0.4104,0.4104,86806621990.0
2022-05-25,1256223000.0,0.2304,88916867620.0,0.4129,89138174570.0,0.414,0.41345,89027521095.0
2022-05-26,1361222000.0,0.24350000000000002,92354513990.0,0.40990000000000004,92403606140.0,0.41009999999999996,0.41000000000000003,92379060065.0
2022-05-27,1243771000.0,0.2268,87552681120.0,0.3932,87687245730.0,0.39380000000000004,0.3935,87619963425.0
2022-05-30,1287379000.0,0.2048,95167654270.0,0.3667,95399232430.0,0.3676,0.36715,95283443350.0
2022-05-31,1635943000.0,0.19760000000000003,119557164530.0,0.2986,119855546480.0,0.2993,0.29895,119706355505.0
2022-06-01,1252242000.0,0.21989999999999998,102861095960.0,0.3978,103077585880.0,0.3986,0.3982,102969340920.0
2022-06-02,1116152100.0,0.23070000000000002,91146829970.0,0.4165,91242466920.0,0.4169,0.41669999999999996,91194648445.0
2022-06-06,1164656100.0,0.21489999999999998,85314416760.0,0.3935,85413584150.0,0.39399999999999996,0.39375,85364000455.0
2022-06-07,906816000.0,0.1916,70450462200.0,0.3674,70559868740.0,0.3679,0.36765000000000003,70505165470.0
2022-06-08,966724100.0,0.2007,81550106890.0,0.38520000000000004,81624063690.0,0.38549999999999995,0.38534999999999997,81587085290.0
2022-06-09,883751000.0,0.1968,71552018300.0,0.3627,71659283490.0,0.36329999999999996,0.363,71605650895.0
2022-06-10,907131000.0,0.19879999999999998,70752423040.0,0.374,70899543130.0,0.37479999999999997,0.37439999999999996,70825983085.0
2022-06-13,1129991000.0,0.19190000000000002,77174498450.0,0.32880000000000004,77278086630.0,0.3292,0.329,77226292540.0
2022-06-14,1366584000.0,0.23070000000000002,90343399780.0,0.39289999999999997,90534486460.0,0.39380000000000004,0.39335,90438943120.0
2022-06-15,1199412000.0,0.21739999999999998,83889818160.0,0.3682,83959002690.0,0.3685,0.36835,83924410425.0
2022-06-16,1521103000.0,0.233,108966870450.0,0.3908,108848610340.0,0.39039999999999997,0.39059999999999995,108907740395.0
2022-06-17,1601986000.0,0.20489999999999997,107305853570.0,0.3403,107575551590.0,0.3411,0.3407,107440702580.0
2022-06-20,1486459000.0,0.20370000000000002,96899784640.0,0.3591,97025283220.0,0.35950000000000004,0.3593,96962533930.0
2022-06-21,1332126100.0,0.2108,87125226510.0,0.3601,87449730770.0,0.3614,0.36075,87287478640.0
2022-06-22,1683604000.0,0.2341,110051155640.0,0.3887,110107540770.0,0.3889,0.38880000000000003,110079348205.0
2022-06-23,1678418000.0,0.23550000000000001,112938883010.0,0.39,112939559980.0,0.3901,0.39005,112939221495.0
2022-06-24,1240501000.0,0.20850000000000002,88339971330.0,0.3759,88437895200.0,0.3763,0.3761,88388933265.0
2022-06-27,1185275000.0,0.185,84715377440.0,0.3477,85025590390.0,0.349,0.34835,84870483915.0
2022-06-28,1309263000.0,0.22390000000000002,94344266080.0,0.3979,94538719300.0,0.3987,0.3983,94441492690.0
2022-06-29,1305115000.0,0.22219999999999998,94368192810.0,0.3795,94311122820.0,0.37929999999999997,0.37939999999999996,94339657815.0
2022-06-30,1331907000.0,0.193,90959497180.0,0.3431,91039575190.0,0.34340000000000004,0.34325000000000006,90999536185.0
2022-07-01,1708501100.0,0.2173,118423045945.0,0.3836,118429868795.0,0.3836,0.3836,118426457370.0
2022-07-04,1449219000.0,0.2349,96650652110.0,0.4057,96821504140.0,0.4064,0.40605,96736078125.0
2022-07-05,1699320000.0,0.2545,120012924720.0,0.4576,120350678110.0,0.45890000000000003,0.45825000000000005,120181801415.0
2022-07-06,1651807000.0,0.24309999999999998,106945579940.0,0.4264,107034239250.0,0.4268,0.4266,106989909595.0
2022-07-07,1657117000.0,0.24359999999999998,116002122300.0,0.44549999999999995,116499847270.0,0.4474,0.44645,116250984785.0
2022-07-08,1624379000.0,0.23920000000000002,117133319700.0,0.4489,117320783390.0,0.4496,0.44925000000000004,117227051545.0
2022-07-11,1188708000.0,0.244,75965581030.0,0.4334,75997161180.0,0.4335,0.43345,75981371105.0
2022-07-12,1186605000.0,0.21030000000000001,77131267260.0,0.38049999999999995,77179794760.0,0.3807,0.38059999999999994,77155531010.0
2022-07-13,1418086000.0,0.22719999999999999,86176574470.0,0.3821,86208108160.0,0.3823,0.3822,86192341315.0
2022-07-14,1358892000.0,0.2375,89203087900.0,0.4203,89535794610.0,0.4219,0.42110000000000003,89369441255.0
2022-07-15,1281431000.0,0.2102,92077198010.0,0.39740000000000003,92374122400.0,0.3986,0.398,92225660205.0
2022-07-18,1259646000.0,0.2109,89751176690.0,0.39030000000000004,89992657480.0,0.3914,0.39085000000000003,89871917085.0
2022-07-19,1183872000.0,0.22030000000000002,80419084480.0,0.40340000000000004,80555702390.0,0.40409999999999996,0.40375,80487393435.0
2022-07-20,1384549000.0,0.21420000000000003,101265603730.0,0.3906,101381121460.0,0.391,0.39080000000000004,101323362595.0
2022-07-21,1380611000.0,0.22510000000000002,95631087590.0,0.4004,95942276810.0,0.4017,0.40105,95786682200.0
2022-07-22,1608284000.0,0.249,116258834720.0,0.4376,116497859920.0,0.4385,0.43805,116378347320.0
2022-07-25,1039030000.0,0.2141,76317812260.0,0.4114,76447314790.0,0.4121,0.41175,76382563525.0
2022-07-26,1061432000.0,0.2213,76442656250.0,0.409,76477982480.0,0.4092,0.4091,76460319365.0
2022-07-27,1050628000.0,0.2198,81142957950.0,0.43200000000000005,81298950060.0,0.4328,0.4324,81220954005.0
2022-07-28,1226385000.0,0.22460000000000002,92338960210.0,0.41479999999999995,92365698780.0,0.41490000000000005,0.41485,92352329495.0
2022-07-29,1231838000.0,0.21,86079334390.0,0.3785,86229213380.0,0.3791,0.3788,86154273885.0
2022-08-01,1114578000.0,0.2216,73306537290.0,0.4035,73454090170.0,0.4043,0.40390000000000004,73380313730.0
2022-08-02,1291929000.0,0.21359999999999998,77016062940.0,0.3515,77148173760.0,0.3521,0.3518,77082118350.0
2022-08-03,1086359000.0,0.22699999999999998,68821468870.0,0.3872,68908409590.0,0.38770000000000004,0.38745,68864939230.0
2022-08-04,1203854000.0,0.2299,84659375760.0,0.42829999999999996,84834868020.0,0.4291,0.42869999999999997,84747121890.0
2022-08-05,1011611000.0,0.17920000000000003,72603975670.0,0.35119999999999996,72769284030.0,0.35200000000000004,0.3516,72686629850.0
2022-08-08,1033718000.0,0.2122,71370339650.0,0.4089,71515332010.0,0.4097,0.4093,71442835830.0
2022-08-09,1147815000.0,0.21710000000000002,76987483160.0,0.4093,77169264640.0,0.4103,0.4098,77078373900.0
2022-08-10,1091180000.0,0.17170000000000002,68934429610.0,0.3297,69020864530.0,0.3301,0.32989999999999997,68977647070.0
2022-08-11,1244386000.0,0.1966,80103916640.0,0.358,80215601800.0,0.35850000000000004,0.35825,80159759220.0
2022-08-12,1081625000.0,0.1865,78170787960.0,0.3736,78366548410.0,0.3746,0.3741,78268668185.0
2022-08-15,1190359000.0,0.18510000000000001,89747015190.0,0.3772,89984901440.0,0.3782,0.3777,89865958315.0
2022-08-16,1140508000.0,0.19920000000000002,78188495170.0,0.3691,78315017640.0,0.3697,0.36939999999999995,78251756405.0
2022-08-17,1277535000.0,0.23170000000000002,86632710370.0,0.39590000000000003,86794465740.0,0.39659999999999995,0.39625,86713588055.0
2022-08-18,1078933000.0,0.215,86771890490.0,0.4338,87082473740.0,0.4353,0.43455,86927182115.0
2022-08-19,1324498000.0,0.2325,96030852600.0,0.4313,96193578140.0,0.43200000000000005,0.43165000000000003,96112215370.0
2022-08-22,1097748000.0,0.207,79874042550.0,0.3911,79968951610.0,0.39149999999999996,0.3913,79921497080.0
2022-08-23,925223000.0,0.1932,67111094300.0,0.3845,67206063430.0,0.385,0.38475000000000004,67158578865.0
2022-08-24,1010990000.0,0.20850000000000002,70792309190.0,0.3908,70898246460.0,0.3914,0.3911,70845277825.0
2022-08-25,977499000.0,0.20579999999999998,68399243400.0,0.3975,68546726770.0,0.39840000000000003,0.39795,68472985085.0
2022-08-26,1285639000.0,0.22469999999999998,88396675420.0,0.4118,88470117570.0,0.4121,0.41195000000000004,88433396495.0
2022-08-29,1144083000.0,0.1906,76903814180.0,0.3611,77101129980.0,0.36200000000000004,0.36155000000000004,77002472080.0
2022-08-30,1182925000.0,0.2336,76010641850.0,0.4082,76120026660.0,0.40880000000000005,0.40850000000000003,76065334255.0
2022-08-31,1157968000.0,0.2026,79503511070.0,0.36619999999999997,79721553200.0,0.36719999999999997,0.36669999999999997,79612532135.0
2022-09-01,1193222000.0,0.1932,87872577760.0,0.3739,87994027760.0,0.37439999999999996,0.37415,87933302760.0
2022-09-02,1228795000.0,0.2122,95430010450.0,0.4028,95502760020.0,0.4031,0.40295000000000003,95466385235.0
2022-09-05,1053823000.0,0.2046,75654716910.0,0.3954,75712980860.0,0.3957,0.39554999999999996,75683848885.0
2022-09-06,1029182000.0,0.215,75335073230.0,0.4028,75325911540.0,0.4028,0.4028,75330492385.0
2022-09-07,936614000.0,0.1865,72200481530.0,0.3901,72338299220.0,0.3908,0.39044999999999996,72269390375.0
2022-09-08,898454000.0,0.18739999999999998,68134281520.0,0.3814,68248137110.0,0.382,0.38170000000000004,68191209315.0
2022-09-12,929442000.0,0.17620000000000002,69009788150.0,0.36369999999999997,69162640810.0,0.36450000000000005,0.3641,69086214480.0
2022-09-13,931339000.0,0.1882,69385180520.0,0.37329999999999997,69444774740.0,0.3736,0.37344999999999995,69414977630.0
2022-09-14,994817000.0,0.19870000000000002,71577951940.0,0.3774,71800689160.0,0.3786,0.378,71689320550.0
2022-09-15,1082045000.0,0.2206,72099645070.0,0.3956,72179041660.0,0.396,0.39580000000000004,72139343365.0
2022-09-16,1095119000.0,0.18230000000000002,70901848300.0,0.3004,70967409580.0,0.3007,0.30055,70934628940.0
2022-09-19,905955000.0,0.21,63788185430.0,0.3908,63795710240.0,0.3909,0.39085000000000003,63791947835.0
2022-09-20,938322000.0,0.2143,67955777200.0,0.4023,68056763860.0,0.4029,0.40259999999999996,68006270530.0
2022-09-21,1050387000.0,0.21239999999999998,70766929840.0,0.39299999999999996,70857415260.0,0.3935,0.39325,70812172550.0
2022-09-22,1264553000.0,0.2082,84287236090.0,0.39649999999999996,84441106270.0,0.3972,0.39685,84364171180.0
2022-09-23,1013775000.0,0.1894,81502730190.0,0.4029,81563061700.0,0.4032,0.40305,81532895945.0
2022-09-26,1081048000.0,0.1642,78326053580.0,0.35240000000000005,78462554470.0,0.353,0.3527,78394304025.0
2022-09-27,1169606000.0,0.2152,84153807000.0,0.435,84333710910.0,0.4359,0.43545,84243758955.0
2022-09-28,1357446000.0,0.1967,91323168710.0,0.39759999999999995,91477440670.0,0.3983,0.39794999999999997,91400304690.0
2022-09-29,1310658000.0,0.228,95263052770.0,0.4399,95402445650.0,0.44049999999999995,0.4402,95332749210.0
2022-09-30,1289262000.0,0.21600000000000003,90917244540.0,0.4235,91203443980.0,0.42479999999999996,0.42414999999999997,91060344260.0
2022-10-03,1082653000.0,0.217,79391371040.0,0.4644,79531659560.0,0.46520000000000006,0.4648,79461515300.0
2022-10-04,1055941000.0,0.195,74862409750.0,0.4072,74997728110.0,0.4079,0.40754999999999997,74930068930.0
2022-10-05,1265496000.0,0.19579999999999997,100019155300.0,0.4232,100170639110.0,0.4238,0.4235,100094897205.0
2022-10-06,938292000.0,0.2006,76995658850.0,0.4321,77081487950.0,0.4326,0.43235,77038573400.0
2022-10-07,817261000.0,0.1875,71303068210.0,0.4315,71380467460.0,0.43200000000000005,0.43175,71341767835.0
2022-10-11,1067824000.0,0.1653,71883191220.0,0.314,71982720220.0,0.3144,0.31420000000000003,71932955720.0
2022-10-12,1153917000.0,0.2214,77721048650.0,0.40869999999999995,77900214680.0,0.4097,0.4092,77810631665.0
2022-10-13,1338300000.0,0.2065,84908415120.0,0.3947,85020318880.0,0.3953,0.395,84964367000.0
2022-10-14,1252416000.0,0.1991,79981804800.0,0.37689999999999996,80202186090.0,0.3779,0.37739999999999996,80091995445.0
2022-10-17,1478801000.0,0.23010000000000003,93942332120.0,0.44670000000000004,94249988590.0,0.4481,0.4474,94096160355.0
2022-10-18,1217615000.0,0.22260000000000002,90339536950.0,0.45049999999999996,90499239850.0,0.45130000000000003,0.45089999999999997,90419388400.0
2022-10-19,1088889000.0,0.2177,78736653160.0,0.4218,78824131490.0,0.42229999999999995,0.42205,78780392325.0
2022-10-20,1508223000.0,0.22190000000000001,97934638950.0,0.40340000000000004,98248618450.0,0.4047,0.40405,98091628700.0
2022-10-21,996055000.0,0.21559999999999999,68531376720.0,0.4219,68608655430.0,0.4224,0.42215,68570016075.0
2022-10-24,1113826000.0,0.218,79319715440.0,0.4397,79370465810.0,0.44,0.43984999999999996,79345090625.0
2022-10-25,1088611000.0,0.20739999999999997,79150842900.0,0.41,79246330250.0,0.4105,0.41025,79198586575.0
2022-10-26,1078615000.0,0.2348,80415759010.0,0.45439999999999997,80580125870.0,0.45530000000000004,0.45485,80497942440.0
2022-10-27,1062521000.0,0.2075,75695480380.0,0.4257,75868934520.0,0.4266,0.42615000000000003,75782207450.0
2022-10-28,970909000.0,0.2066,80535495340.0,0.4543,80657282570.0,0.455,0.45465,80596388955.0
2022-10-31,888184000.0,0.196,70686408610.0,0.4104,70846339580.0,0.4113,0.41085,70766374095.0
2022-11-01,887950000.0,0.205,67716696410.0,0.4301,67815917280.0,0.4307,0.4304,67766306845.0
2022-11-02,894533000.0,0.2041,67881983400.0,0.4322,68000978710.0,0.4329,0.43255,67941481055.0
2022-11-03,873786000.0,0.1865,70612137970.0,0.4235,70784888830.0,0.42450000000000004,0.42400000000000004,70698513400.0
2022-11-04,1106249000.0,0.2107,81134640530.0,0.4457,81324484840.0,0.44670000000000004,0.44620000000000004,81229562685.0
2022-11-07,1151288000.0,0.18989999999999999,84795481090.0,0.4077,85061301080.0,0.409,0.40835,84928391085.0
2022-11-08,1335365000.0,0.21850000000000003,100373879230.0,0.44439999999999996,100498410040.0,0.4449,0.44465,100436144635.0
2022-11-09,1202492000.0,0.18739999999999998,97820847360.0,0.40369999999999995,98112069090.0,0.40490000000000004,0.4043,97966458225.0
2022-11-10,983675000.0,0.1918,82994299280.0,0.42840000000000006,83109454970.0,0.429,0.4287,83051877125.0
2022-11-11,1536239000.0,0.18309999999999998,124107657990.0,0.364,124242654050.0,0.3644,0.36419999999999997,124175156020.0
2022-11-14,1353432000.0,0.1907,104420384510.0,0.376,104721816600.0,0.3771,0.37655,104571100555.0
2022-11-15,1474916000.0,0.1863,116721262530.0,0.38409999999999994,117058977270.0,0.38520000000000004,0.38465,116890119900.0
2022-11-16,1385307000.0,0.1984,117877303280.0,0.4108,118155640600.0,0.4118,0.4113,118016471940.0
2022-11-17,1157845000.0,0.1962,104717556570.0,0.4303,104964211700.0,0.4313,0.4308,104840884135.0
2022-11-18,1218248000.0,0.21239999999999998,108611954430.0,0.4536,108768530960.0,0.4542,0.45389999999999997,108690242695.0
2022-11-21,905043000.0,0.19940000000000002,74277944840.0,0.41450000000000004,74387943570.0,0.41509999999999997,0.4148,74332944205.0
2022-11-22,956294000.0,0.21059999999999998,85223936600.0,0.442,85364172370.0,0.44270000000000004,0.44235,85294054485.0
2022-11-23,886792000.0,0.19760000000000003,80692724310.0,0.4244,80820833620.0,0.4251,0.42474999999999996,80756778965.0
2022-11-24,1065414000.0,0.19010000000000002,91313054530.0,0.4131,91526994620.0,0.414,0.41355,91420024575.0
2022-11-25,1166071000.0,0.2095,99033029710.0,0.41159999999999997,99165010390.0,0.4121,0.41185,99099020050.0
2022-11-28,1144993000.0,0.21780000000000002,83264813340.0,0.4117,83449221610.0,0.41259999999999997,0.41215,83357017475.0
2022-11-29,1296728000.0,0.21600000000000003,89161576220.0,0.41229999999999994,89460665150.0,0.41369999999999996,0.4129999999999999,89311120685.0
2022-11-30,1432371000.0,0.1932,91937182600.0,0.3221,92172825500.0,0.32289999999999996,0.3225,92055004050.0
2022-12-01,1496162000.0,0.1991,113039024520.0,0.3815,113263634540.0,0.3822,0.38185,113151329530.0
2022-12-02,1088833000.0,0.1943,86204927790.0,0.3795,86404697120.0,0.3803,0.3799,86304812455.0
2022-12-05,1258115000.0,0.20600000000000002,93247840170.0,0.3788,93486146050.0,0.3797,0.37925,93366993110.0
2022-12-06,1241814000.0,0.1924,90928899160.0,0.36460000000000004,91050669550.0,0.3651,0.36485,90989784355.0
2022-12-07,1355892000.0,0.19899999999999998,99517164000.0,0.3971,99691551130.0,0.3978,0.39744999999999997,99604357565.0
2022-12-08,1069238000.0,0.1977,76603150470.0,0.41659999999999997,76750910550.0,0.4174,0.417,76677030510.0
2022-12-09,1071748000.0,0.1953,80510497020.0,0.4077,80612913060.0,0.4082,0.40795000000000003,80561705040.0
2022-12-12,869818000.0,0.18969999999999998,59714616410.0,0.38049999999999995,59795206860.0,0.381,0.38075,59754911635.0
2022-12-13,999283000.0,0.2,70952082080.0,0.3676,71027064350.0,0.368,0.3678,70989573215.0
2022-12-14,1084791000.0,0.1999,73103282630.0,0.3782,73293068440.0,0.37920000000000004,0.37870000000000004,73198175535.0
2022-12-15,1066320000.0,0.2034,76570529490.0,0.3908,76718802290.0,0.39159999999999995,0.3912,76644665890.0
2022-12-16,1564997000.0,0.201,105792267120.0,0.349,106025511070.0,0.34979999999999994,0.34939999999999993,105908889095.0
2022-12-19,1077864000.0,0.1894,75579123230.0,0.35950000000000004,75679673280.0,0.36,0.35975,75629398255.0
2022-12-20,1335004000.0,0.1877,99730621600.0,0.3729,99826213920.0,0.3732,0.37305,99778417760.0
2022-12-21,1175357000.0,0.2095,83803790070.0,0.3738,83922556860.0,0.3743,0.37405,83863173465.0
2022-12-22,1237120000.0,0.2218,85523887970.0,0.39890000000000003,85682481940.0,0.3997,0.3993,85603184955.0
2022-12-23,874040000.0,0.20579999999999998,65684216390.0,0.4304,65794059790.0,0.4311,0.43074999999999997,65739138090.0
2022-12-26,657468000.0,0.2116,51225791560.0,0.4512,51257401900.0,0.4515,0.45135000000000003,51241596730.0
2022-12-27,858765000.0,0.2346,58327747160.0,0.46149999999999997,58352038790.0,0.4617,0.4616,58339892975.0
2022-12-28,824279000.0,0.18600000000000003,65123319900.0,0.3923,65180721970.0,0.3926,0.39244999999999997,65152020935.0
2022-12-29,807535000.0,0.1931,65385916860.0,0.45280000000000004,65485770270.0,0.4535,0.45315000000000005,65435843565.0
2022-12-30,700305000.0,0.2003,61863850630.0,0.45,61894190040.0,0.45020000000000004,0.45010000000000006,61879020335.0
2023-01-03,874303000.0,0.1974,65544043620.0,0.43310000000000004,65719587070.0,0.4343,0.43370000000000003,65631815345.0
2023-01-04,918153000.0,0.20329999999999998,69490094020.0,0.4249,69573968790.0,0.4254,0.42515000000000003,69532031405.0
2023-01-05,933727000.0,0.1986,72708728460.0,0.4171,72748533820.0,0.41729999999999995,0.4172,72728631140.0
2023-01-06,706129000.0,0.16190000000000002,60618724000.0,0.3831,60712346540.0,0.3836,0.38334999999999997,60665535270.0
2023-01-09,863235000.0,0.1416,77328910390.0,0.3422,77502453890.0,0.34299999999999997,0.3426,77415682140.0
2023-01-10,770312000.0,0.1664,68698010610.0,0.38020000000000004,68752367880.0,0.38049999999999995,0.38034999999999997,68725189245.0
2023-01-11,709135000.0,0.1775,62494541020.0,0.3858,62536818670.0,0.386,0.3859,62515679845.0
2023-01-12,661476000.0,0.17559999999999998,54723387560.0,0.36229999999999996,54744663460.0,0.3624,0.36234999999999995,54734025510.0
2023-01-13,632262000.0,0.1613,62605701700.0,0.3348,62620708680.0,0.33490000000000003,0.33485,62613205190.0
2023-01-16,574148000.0,0.1607,53217448420.0,0.3436,53281445570.0,0.344,0.3438,53249446995.0
2023-01-17,523055000.0,0.15560000000000002,52114160820.0,0.3382,52210653270.0,0.3389,0.33855,52162407045.0
2023-01-30,1063237000.0,0.1536,83568454080.0,0.2354,83887187600.0,0.23629999999999998,0.23585,83727820840.0
2023-01-31,1047110000.0,0.1696,86350861270.0,0.3023,86608726460.0,0.3032,0.30275,86479793865.0
2023-02-01,1052508000.0,0.18789999999999998,83643321260.0,0.34590000000000004,83862330390.0,0.3468,0.34635000000000005,83752825825.0
2023-02-02,1052862000.0,0.1605,86875172120.0,0.3125,87095155500.0,0.31329999999999997,0.31289999999999996,86985163810.0
2023-02-03,943480000.0,0.17600000000000002,88464125630.0,0.3671,88594355380.0,0.3676,0.36734999999999995,88529240505.0
2023-02-06,821355000.0,0.1761,70104851310.0,0.34049999999999997,70256882720.0,0.34119999999999995,0.34085,70180867015.0
2023-02-07,802749000.0,0.1869,72636487400.0,0.3803,72762572480.0,0.381,0.38065000000000004,72699529940.0
2023-02-08,831224000.0,0.15810000000000002,81046964620.0,0.349,81303532200.0,0.35009999999999997,0.34954999999999997,81175248410.0
2023-02-09,827637000.0,0.1895,87294353840.0,0.4057,87485399130.0,0.40659999999999996,0.40615,87389876485.0
2023-02-10,870025000.0,0.1892,81755895030.0,0.3832,81842105480.0,0.3836,0.38339999999999996,81799000255.0
2023-02-13,773482000.0,0.1861,67296069240.0,0.376,67385159620.0,0.3765,0.37625,67340614430.0
2023-02-14,710649000.0,0.1684,66453863060.0,0.3657,66517357450.0,0.366,0.36585,66485610255.0
2023-02-15,892215000.0,0.1752,81091511110.0,0.35729999999999995,81204446250.0,0.3578,0.35755,81147978680.0
2023-02-16,970648000.0,0.1727,86582936900.0,0.36979999999999996,86781933550.0,0.37070000000000003,0.37024999999999997,86682435225.0
2023-02-17,920382000.0,0.18239999999999998,85720394200.0,0.40009999999999996,85863489560.0,0.4008,0.40045,85791941880.0
2023-02-20,1039192000.0,0.19699999999999998,79516578760.0,0.3761,79680752490.0,0.37689999999999996,0.37649999999999995,79598665625.0
2023-02-21,1069648000.0,0.2036,87679688600.0,0.3907,87915822900.0,0.3917,0.3912,87797755750.0
2023-02-22,1034076000.0,0.19140000000000001,93102250750.0,0.38170000000000004,93163740040.0,0.38189999999999996,0.38180000000000003,93132995395.0
2023-02-23,1048677000.0,0.17850000000000002,93019978700.0,0.36810000000000004,93325432770.0,0.3693,0.3687,93172705735.0
2023-02-24,1065518000.0,0.1805,102041555910.0,0.34659999999999996,102157572110.0,0.34700000000000003,0.3468,102099564010.0
2023-03-01,1039799000.0,0.1832,89827300710.0,0.3444,90084926870.0,0.3454,0.3449,89956113790.0
2023-03-02,969758000.0,0.1963,83778636670.0,0.38630000000000003,83914558790.0,0.38689999999999997,0.3866,83846597730.0
2023-03-03,1109730000.0,0.2066,94852266990.0,0.3948,95016530660.0,0.39549999999999996,0.39515,94934398825.0
2023-03-06,1006656000.0,0.16519999999999999,79447857240.0,0.32170000000000004,79629936770.0,0.3224,0.32205000000000006,79538897005.0
2023-03-07,1001167000.0,0.1815,79459969360.0,0.3385,79615367380.0,0.33909999999999996,0.3388,79537668370.0
2023-03-08,1088478000.0,0.17980000000000002,87198640130.0,0.3343,87439637320.0,0.33520000000000005,0.33475,87319138725.0
2023-03-09,1230087000.0,0.2089,91891995050.0,0.3566,92005771770.0,0.35710000000000003,0.35685,91948883410.0
2023-03-10,1397222000.0,0.1938,104951657470.0,0.3563,105106318950.0,0.3569,0.35660000000000003,105028988210.0
2023-03-13,1286261000.0,0.2089,92007116940.0,0.3784,92311095140.0,0.3796,0.379,92159106040.0
2023-03-14,1150900000.0,0.1877,85987270030.0,0.3567,86032109060.0,0.3569,0.3568,86009689545.0
2023-03-15,1085810000.0,0.19260000000000002,90672200470.0,0.36719999999999997,90770765430.0,0.3676,0.36739999999999995,90721482950.0
2023-03-16,1185178000.0,0.1772,86417245760.0,0.3515,86471296510.0,0.3518,0.35165,86444271135.0
2023-03-17,1108727000.0,0.1805,91752575020.0,0.3408,91885178720.0,0.34130000000000005,0.34105,91818876870.0
2023-03-20,877681000.0,0.17670000000000002,69568127150.0,0.36060000000000003,69713642840.0,0.3613,0.36095,69640884995.0
2023-03-21,1040188000.0,0.2077,86550096190.0,0.38909999999999995,86664093590.0,0.3897,0.38939999999999997,86607094890.0
2023-03-22,974045000.0,0.17620000000000002,81825056130.0,0.331,81975889360.0,0.33159999999999995,0.3313,81900472745.0
2023-03-23,927320000.0,0.1718,84598694120.0,0.3615,84791876700.0,0.3624,0.36195,84695285410.0
2023-03-24,990812000.0,0.177,94727570550.0,0.36,94913778580.0,0.3607,0.36035,94820674565.0
2023-03-27,896396000.0,0.1753,69502520310.0,0.3222,69591389570.0,0.3226,0.3224,69546954940.0
2023-03-28,862675000.0,0.1802,71931406080.0,0.3348,71881231550.0,0.3346,0.3347,71906318815.0
2023-03-29,823326000.0,0.1843,66737420170.0,0.33759999999999996,66748655600.0,0.33770000000000006,0.33765,66743037885.0
2023-03-30,755505000.0,0.17379999999999998,60426317920.0,0.3204,60466314660.0,0.3206,0.3205,60446316290.0
2023-03-31,776842000.0,0.15990000000000001,61415913260.0,0.3017,61490954470.0,0.302,0.30185,61453433865.0
2023-04-06,873872000.0,0.1729,66195885330.0,0.3143,66352208980.0,0.315,0.31465,66274047155.0
2023-04-07,758744000.0,0.1789,65125059870.0,0.36310000000000003,65225199040.0,0.36369999999999997,0.3634,65175129455.0
2023-04-10,744375000.0,0.17079999999999998,61062689570.0,0.3353,61209905860.0,0.3361,0.3357,61136297715.0
2023-04-11,901734000.0,0.1796,72507039650.0,0.32770000000000005,72662345460.0,0.3284,0.32805000000000006,72584692555.0
2023-04-12,1006254000.0,0.18510000000000001,77716778320.0,0.3335,77943078090.0,0.3344,0.33394999999999997,77829928205.0
2023-04-13,1301252000.0,0.2072,83173455730.0,0.32130000000000003,83284930660.0,0.32170000000000004,0.3215,83229193195.0
2023-04-14,1221911000.0,0.20199999999999999,87065173800.0,0.3398,87274150880.0,0.3406,0.3402,87169662340.0
2023-04-17,1163540000.0,0.1972,88604328040.0,0.35369999999999996,88854270410.0,0.3547,0.35419999999999996,88729299225.0
2023-04-18,1225666000.0,0.212,95520187940.0,0.3696,95587265900.0,0.36979999999999996,0.3697,95553726920.0
2023-04-19,1252253000.0,0.21600000000000003,91938205330.0,0.3575,92103015910.0,0.3582,0.35785,92020610620.0
2023-04-20,1167931000.0,0.2108,88814484870.0,0.375,88876366530.0,0.37520000000000003,0.3751,88845425700.0
2023-04-21,1315148000.0,0.21710000000000002,95722201840.0,0.371,95807431740.0,0.3713,0.37115,95764816790.0
2023-04-24,938879000.0,0.2028,65419941080.0,0.36479999999999996,65553879530.0,0.36560000000000004,0.36519999999999997,65486910305.0
2023-04-25,1314922000.0,0.203,99323387070.0,0.3624,99429221430.0,0.3628,0.36260000000000003,99376304250.0
2023-04-26,1049078000.0,0.19760000000000003,80074244670.0,0.36469999999999997,80248244390.0,0.3654,0.36505,80161244530.0
2023-04-27,1077392000.0,0.2146,82458522160.0,0.3987,82617054710.0,0.3994,0.39905,82537788435.0
2023-04-28,1086102000.0,0.1945,82852321930.0,0.3576,83002536670.0,0.3582,0.3579,82927429300.0
2023-05-02,992311000.0,0.1782,77930109640.0,0.3392,78179510590.0,0.3403,0.33975,78054810115.0
2023-05-03,941378000.0,0.1848,79045481090.0,0.38630000000000003,79139657970.0,0.3868,0.38655,79092569530.0
2023-05-04,936126000.0,0.1913,79245183140.0,0.3886,79362714400.0,0.3892,0.3889,79303948770.0
2023-05-05,841031000.0,0.1833,69908018180.0,0.381,69991396270.0,0.3814,0.3812,69949707225.0
2023-05-08,978944000.0,0.1814,81585349030.0,0.37549999999999994,81743847360.0,0.3762,0.37584999999999996,81664598195.0
2023-05-09,1058649000.0,0.20379999999999998,83801062150.0,0.39159999999999995,83861442760.0,0.39189999999999997,0.39174999999999993,83831252455.0
2023-05-10,882315000.0,0.1907,79457705780.0,0.39840000000000003,79572385440.0,0.39899999999999997,0.3987,79515045610.0
2023-05-11,935292000.0,0.19190000000000002,77538561270.0,0.382,77599098260.0,0.3823,0.38215,77568829765.0
2023-05-12,1023128000.0,0.1993,87275522170.0,0.39130000000000004,87594695050.0,0.39270000000000005,0.392,87435108610.0
2023-05-15,967910000.0,0.204,76724788530.0,0.39890000000000003,76819577620.0,0.3994,0.39915,76772183075.0
2023-05-16,953433000.0,0.1875,81959007960.0,0.3791,82081531050.0,0.3797,0.37939999999999996,82020269505.0
2023-05-17,1001468000.0,0.1625,83801955610.0,0.3169,84048970380.0,0.3179,0.3174,83925462995.0
2023-05-18,1228513000.0,0.1858,106446881770.0,0.3629,106703114700.0,0.3638,0.36335,106574998235.0
2023-05-19,1505449000.0,0.20879999999999999,125554746960.0,0.37979999999999997,125885957730.0,0.38079999999999997,0.38029999999999997,125720352345.0
2023-05-22,1223668000.0,0.2078,92896170630.0,0.3711,93117789230.0,0.37200000000000005,0.37155000000000005,93006979930.0
2023-05-23,1093489000.0,0.19829999999999998,92655088000.0,0.3835,92832491620.0,0.38420000000000004,0.38385,92743789810.0
2023-05-24,1179895000.0,0.21780000000000002,89990205260.0,0.39130000000000004,90148103460.0,0.39189999999999997,0.3916,90069154360.0
2023-05-25,1407437000.0,0.2126,126913050940.0,0.37479999999999997,127239784810.0,0.37579999999999997,0.37529999999999997,127076417875.0
2023-05-26,1536233000.0,0.21170000000000003,133625041020.0,0.3468,133891125550.0,0.3475,0.34714999999999996,133758083285.0
2023-05-29,1390433000.0,0.19329999999999997,118757952420.0,0.3431,119101456780.0,0.34409999999999996,0.3436,118929704600.0
2023-05-30,1448988000.0,0.2235,116176153530.0,0.36479999999999996,116350890680.0,0.3654,0.3651,116263522105.0
2023-05-31,1385707000.0,0.17559999999999998,112427714050.0,0.2656,112678999600.0,0.2662,0.2659,112553356825.0
2023-06-01,1523884000.0,0.23370000000000002,103782135600.0,0.3709,104045270190.0,0.3718,0.37135,103913702895.0
2023-06-02,1736181000.0,0.2182,132843589150.0,0.36229999999999996,133125786960.0,0.36310000000000003,0.3627,132984688055.0
2023-06-05,1628420000.0,0.20600000000000002,108719309550.0,0.3577,108949440170.0,0.35850000000000004,0.35810000000000003,108834374860.0
2023-06-06,1525194000.0,0.2323,103706158990.0,0.3754,103876084850.0,0.376,0.37570000000000003,103791121920.0
2023-06-07,1334105000.0,0.203,103522081810.0,0.3497,103744583310.0,0.3504,0.35005,103633332560.0
2023-06-08,1394779000.0,0.2102,108172242620.0,0.3505,108346793910.0,0.35109999999999997,0.3508,108259518265.0
2023-06-09,1316799000.0,0.21350000000000002,107200062220.0,0.3679,107453843940.0,0.3688,0.36835,107326953080.0
2023-06-12,1281677000.0,0.1883,103198915100.0,0.3404,103473957650.0,0.34130000000000005,0.34085,103336436375.0
2023-06-13,1295209000.0,0.1729,112949979880.0,0.315,113285450990.0,0.316,0.3155,113117715435.0
2023-06-14,1610780000.0,0.21850000000000003,114239259590.0,0.34979999999999994,114555766570.0,0.3508,0.35029999999999994,114397513080.0
2023-06-15,1963449000.0,0.24100000000000002,144935584220.0,0.3775,145307406240.0,0.3785,0.378,145121495230.0
2023-06-16,2196056000.0,0.22579999999999997,153969600900.0,0.3361,154396059540.0,0.337,0.33655,154182830220.0
2023-06-19,1624965000.0,0.2167,109554590770.0,0.33630000000000004,109856264520.0,0.3372,0.33675,109705427645.0
2023-06-20,1513963000.0,0.22219999999999998,108407184790.0,0.3348,108606233140.0,0.3354,0.33509999999999995,108506708965.0
2023-06-21,1604947000.0,0.23309999999999997,109681840200.0,0.33149999999999996,109945290050.0,0.3323,0.3319,109813565125.0
2023-06-26,1297774000.0,0.19469999999999998,92444583790.0,0.3039,92646520940.0,0.3046,0.30425,92545552365.0
2023-06-27,1380524000.0,0.2071,100787572970.0,0.3356,100891504670.0,0.336,0.3358,100839538820.0
2023-06-28,1186475000.0,0.1997,95471020600.0,0.35979999999999995,95562748260.0,0.3602,0.36,95516884430.0
2023-06-29,1237353000.0,0.2004,96118367510.0,0.3513,96287352010.0,0.3519,0.3516,96202859760.0
2023-06-30,1174334000.0,0.17600000000000002,95677658390.0,0.3055,96026701140.0,0.3066,0.30605,95852179765.0
2023-07-03,1318431000.0,0.1782,112193796800.0,0.3268,112682926490.0,0.3282,0.3275,112438361645.0
2023-07-04,1661563000.0,0.2089,142958655440.0,0.37329999999999997,143478244500.0,0.3747,0.374,143218449970.0
2023-07-05,1509823000.0,0.20739999999999997,130031626870.0,0.37979999999999997,130318476640.0,0.38060000000000005,0.3802,130175051755.0
2023-07-06,1547993000.0,0.1963,120150456920.0,0.3389,120430309170.0,0.3397,0.3393,120290383045.0
2023-07-07,1472647000.0,0.21489999999999998,123439766760.0,0.39799999999999996,123724034670.0,0.39890000000000003,0.39844999999999997,123581900715.0
2023-07-10,1296904000.0,0.2107,103384848250.0,0.37939999999999996,103598897600.0,0.38020000000000004,0.3798,103491872925.0
2023-07-11,1409190000.0,0.2024,121281539280.0,0.379,121562794140.0,0.3799,0.37945,121422166710.0
2023-07-12,1522424000.0,0.2075,139798692350.0,0.39490000000000003,140147897540.0,0.39590000000000003,0.39540000000000003,139973294945.0
2023-07-13,1912451000.0,0.2059,193574315450.0,0.4107,194257866910.0,0.4121,0.4114,193916091180.0
2023-07-14,1713685000.0,0.2054,173100095110.0,0.4032,173520322470.0,0.40409999999999996,0.40364999999999995,173310208790.0
2023-07-17,1785903000.0,0.2134,154162861580.0,0.39039999999999997,154687272780.0,0.3917,0.39105,154425067180.0
2023-07-18,2607916000.0,0.2667,206360361380.0,0.4178,206782244260.0,0.41869999999999996,0.41825,206571302820.0
2023-07-19,1942063000.0,0.2402,178086625130.0,0.4106,178418240190.0,0.4114,0.41100000000000003,178252432660.0
2023-07-20,1266222000.0,0.2005,119855389390.0,0.374,120098049700.0,0.3747,0.37434999999999996,119976719545.0
2023-07-21,1739353000.0,0.226,182468886970.0,0.41479999999999995,183392704490.0,0.4169,0.41584999999999994,182930795730.0
2023-07-24,1568362000.0,0.2183,167600120590.0,0.40869999999999995,167992442540.0,0.4097,0.4092,167796281565.0
2023-07-25,1497941000.0,0.2032,178053550550.0,0.4146,178412213040.0,0.4154,0.41500000000000004,178232881795.0
2023-07-26,1580052000.0,0.22219999999999998,151385925750.0,0.4096,151550876010.0,0.41009999999999996,0.40985,151468400880.0
2023-07-27,1645694000.0,0.2165,140285765710.0,0.3947,140556263960.0,0.39549999999999996,0.3951,140421014835.0
2023-07-28,1833482000.0,0.23670000000000002,161779872000.0,0.41950000000000004,162367490170.0,0.42100000000000004,0.42025,162073681085.0
2023-07-31,2127057000.0,0.233,196760791790.0,0.3996,196776153300.0,0.3997,0.39965,196768472545.0
2023-08-01,1635087000.0,0.2314,164491351620.0,0.4232,164967514130.0,0.42450000000000004,0.42385000000000006,164729432875.0
2023-08-02,1940438000.0,0.21109999999999998,181560373990.0,0.3956,181647116740.0,0.3957,0.39565,181603745365.0
2023-08-04,1651781000.0,0.22579999999999997,153377842170.0,0.40950000000000003,154088716360.0,0.4114,0.41045,153733279265.0
2023-08-07,1337644000.0,0.21350000000000002,136527222550.0,0.41600000000000004,137014080360.0,0.4175,0.41675,136770651455.0
2023-08-08,1558333000.0,0.23079999999999998,169869415540.0,0.44780000000000003,170137063720.0,0.4485,0.44815000000000005,170003239630.0
2023-08-09,1392542000.0,0.23370000000000002,158710832920.0,0.4767,159028772040.0,0.47759999999999997,0.47714999999999996,158869802480.0
2023-08-10,1499150000.0,0.2087,144705030860.0,0.4082,144913541750.0,0.40880000000000005,0.40850000000000003,144809286305.0
2023-08-11,1290806000.0,0.2293,128699533970.0,0.4353,128902660570.0,0.436,0.43565,128801097270.0
2023-08-14,1407439000.0,0.1912,133574805650.0,0.4052,133816540710.0,0.40590000000000004,0.40555,133695673180.0
2023-08-15,1297921000.0,0.2177,128323890780.0,0.4289,128525338720.0,0.4296,0.42925,128424614750.0
2023-08-16,1372904000.0,0.2125,140478205660.0,0.42219999999999996,141006965510.0,0.4238,0.423,140742585585.0
2023-08-17,1711392000.0,0.2401,186945573320.0,0.48350000000000004,187520365770.0,0.485,0.48425,187232969545.0
2023-08-18,1841925000.0,0.2541,186791747380.0,0.483,186923989770.0,0.4833,0.48314999999999997,186857868575.0
2023-08-21,1227018000.0,0.2261,113147512470.0,0.4235,113260257890.0,0.4239,0.42369999999999997,113203885180.0
2023-08-22,1336168000.0,0.24609999999999999,142085154500.0,0.4579,142236708980.0,0.45840000000000003,0.45815,142160931740.0
2023-08-23,1328133000.0,0.2401,133337443820.0,0.4531,133646224650.0,0.4542,0.45365,133491834235.0
2023-08-24,1899602000.0,0.25,210149255180.0,0.4657,210499843940.0,0.46649999999999997,0.46609999999999996,210324549560.0
2023-08-25,1419501000.0,0.23079999999999998,139118431270.0,0.424,139373038550.0,0.42479999999999996,0.4244,139245734910.0
2023-08-28,1433344000.0,0.2536,128512059210.0,0.4536,128753805760.0,0.4545,0.45405,128632932485.0
2023-08-29,1223799000.0,0.2433,117142706750.0,0.4618,117369200010.0,0.46270000000000006,0.46225000000000005,117255953380.0
2023-08-30,1334404000.0,0.23070000000000002,127615396880.0,0.44799999999999995,127800202850.0,0.4487,0.44834999999999997,127707799865.0
2023-08-31,1452664000.0,0.22920000000000001,136304312980.0,0.37829999999999997,136658802870.0,0.37929999999999997,0.37879999999999997,136481557925.0
2023-09-01,1359440000.0,0.23199999999999998,122207661510.0,0.4274,122343408930.0,0.4279,0.42765,122275535220.0
2023-09-04,1184607000.0,0.21559999999999999,98277739050.0,0.415,98500908460.0,0.41590000000000005,0.41545,98389323755.0
2023-09-05,1075716000.0,0.19949999999999998,102582698500.0,0.4052,102826526450.0,0.40619999999999995,0.40569999999999995,102704612475.0
2023-09-06,1219871000.0,0.1977,106510265160.0,0.3849,106752162710.0,0.3858,0.38534999999999997,106631213935.0
2023-09-07,1094796000.0,0.1979,96176506430.0,0.39630000000000004,96323348900.0,0.3969,0.3966,96249927665.0
2023-09-08,1059694000.0,0.20739999999999997,95083587810.0,0.41119999999999995,95213978630.0,0.4117,0.41145,95148783220.0
2023-09-11,1273287000.0,0.2104,113723967420.0,0.3932,113886567160.0,0.39380000000000004,0.3935,113805267290.0
2023-09-12,1120222000.0,0.2071,98715837540.0,0.39149999999999996,98941928690.0,0.3924,0.39195,98828883115.0
2023-09-13,1146654000.0,0.2079,106318403200.0,0.41340000000000005,106552891460.0,0.4143,0.41385000000000005,106435647330.0
2023-09-14,1207546000.0,0.1898,111377512640.0,0.3868,111689443670.0,0.38789999999999997,0.38734999999999997,111533478155.0
2023-09-15,1442450000.0,0.17679999999999998,132113848880.0,0.326,132488005850.0,0.32689999999999997,0.32645,132300927365.0
2023-09-18,1061224000.0,0.1745,103483593420.0,0.36219999999999997,103660850730.0,0.3629,0.36255,103572222075.0
2023-09-19,1181990000.0,0.20929999999999999,114568080870.0,0.40399999999999997,114734361810.0,0.4046,0.4043,114651221340.0
2023-09-20,1279416000.0,0.21359999999999998,117490463850.0,0.4131,117712126820.0,0.4139,0.4135,117601295335.0
2023-09-21,1134843000.0,0.185,110407114800.0,0.3887,110634351630.0,0.3895,0.3891,110520733215.0
2023-09-22,1015711000.0,0.19469999999999998,103416891690.0,0.42810000000000004,103689027960.0,0.4292,0.42865000000000003,103552959825.0
2023-09-25,830428000.0,0.17329999999999998,89525826580.0,0.4118,89698512270.0,0.41259999999999997,0.4122,89612169425.0
2023-09-26,976303000.0,0.1883,98494903910.0,0.4107,98568070320.0,0.41100000000000003,0.41085000000000005,98531487115.0
2023-09-27,933010000.0,0.2027,94195172680.0,0.42950000000000005,94366392230.0,0.4303,0.42990000000000006,94280782455.0
2023-09-28,1075081000.0,0.2102,114332151850.0,0.4279,114435926490.0,0.4282,0.42805000000000004,114384039170.0
2023-10-02,1018776000.0,0.1776,113921770450.0,0.3972,114318643360.0,0.3985,0.39785000000000004,114120206905.0
2023-10-03,1137325000.0,0.193,105546820550.0,0.4036,105668072290.0,0.40409999999999996,0.40385,105607446420.0
2023-10-04,969790000.0,0.1718,93443349500.0,0.3849,93627073080.0,0.3857,0.3853,93535211290.0
2023-10-05,1016611000.0,0.1935,100477194470.0,0.4122,100627371740.0,0.4128,0.4125,100552283105.0
2023-10-06,948099000.0,0.1974,93238554660.0,0.4181,93321238570.0,0.41840000000000005,0.41825,93279896615.0
2023-10-11,1220967000.0,0.18100000000000002,130349443920.0,0.3469,130482169780.0,0.34729999999999994,0.34709999999999996,130415806850.0
2023-10-12,1112456000.0,0.18899999999999997,116737188740.0,0.385,117092154640.0,0.3862,0.3856,116914671690.0
2023-10-13,1203913000.0,0.20559999999999998,121463776710.0,0.3982,121798204130.0,0.3993,0.39875,121630990420.0
2023-10-16,1109722000.0,0.2014,91906877120.0,0.38170000000000004,92043748360.0,0.3823,0.382,91975312740.0
2023-10-17,1235504000.0,0.2285,117802060850.0,0.4215,117966178530.0,0.42210000000000003,0.4218,117884119690.0
2023-10-18,1284612000.0,0.1797,123894822010.0,0.34299999999999997,123969961300.0,0.3433,0.34314999999999996,123932391655.0
2023-10-19,1039340000.0,0.187,100257895910.0,0.3885,100518351980.0,0.3895,0.389,100388123945.0
2023-10-20,1280329000.0,0.2096,112988091330.0,0.3979,113272749420.0,0.39890000000000003,0.3984,113130420375.0
2023-10-23,908840000.0,0.1845,85914294730.0,0.3951,86017357670.0,0.3956,0.39535,85965826200.0
2023-10-24,1210116000.0,0.22440000000000002,102336065100.0,0.4337,102556884450.0,0.4347,0.4342,102446474775.0
2023-10-25,1144984000.0,0.2113,99974356170.0,0.4169,100139471530.0,0.41759999999999997,0.41725,100056913850.0
2023-10-26,1071647000.0,0.1885,89021265390.0,0.36450000000000005,89146391610.0,0.365,0.36475,89083828500.0
2023-10-27,900670000.0,0.1973,90666854520.0,0.4183,90816699770.0,0.419,0.41864999999999997,90741777145.0
2023-10-30,877130000.0,0.1935,83571702980.0,0.38170000000000004,83760159560.0,0.3825,0.3821,83665931270.0
2023-10-31,1085636000.0,0.19440000000000002,104078161140.0,0.37929999999999997,104177387600.0,0.3797,0.37949999999999995,104127774370.0
2023-11-01,975177000.0,0.2084,92240976790.0,0.4254,92416255680.0,0.42619999999999997,0.42579999999999996,92328616235.0
2023-11-02,1017933000.0,0.1861,107583503090.0,0.4012,107831121560.0,0.4021,0.40165,107707312325.0
2023-11-03,1136822000.0,0.1974,113211803060.0,0.4169,113372206700.0,0.4174,0.41715,113292004880.0
2023-11-06,1079290000.0,0.18239999999999998,106693265730.0,0.38670000000000004,106917479880.0,0.3875,0.3871,106805372805.0
2023-11-07,847488000.0,0.17920000000000003,88582336090.0,0.39909999999999995,88741488320.0,0.3998,0.39944999999999997,88661912205.0
2023-11-08,1120489000.0,0.20010000000000003,117424611990.0,0.42,117710124000.0,0.42100000000000004,0.4205,117567367995.0
2023-11-09,969117000.0,0.1907,100956135480.0,0.4046,101075463240.0,0.40509999999999996,0.40485,101015799360.0
2023-11-10,867167000.0,0.187,96354427020.0,0.409,96515436200.0,0.4097,0.40935,96434931610.0
2023-11-13,980397000.0,0.17809999999999998,105326050590.0,0.3592,105482603920.0,0.35979999999999995,0.3595,105404327255.0
2023-11-14,1027368000.0,0.1877,106221370480.0,0.3815,106402521420.0,0.3822,0.38185,106311945950.0
2023-11-15,1377939000.0,0.1787,135528141220.0,0.35100000000000003,135726463560.0,0.3515,0.35125,135627302390.0
2023-11-16,1359915000.0,0.213,111101859760.0,0.38130000000000003,111277896290.0,0.38189999999999996,0.3816,111189878025.0
2023-11-17,1236260000.0,0.1942,115122408120.0,0.3848,115420113410.0,0.3858,0.3853,115271260765.0
2023-11-20,1213348000.0,0.1978,108087417000.0,0.3811,108326164770.0,0.382,0.38155,108206790885.0
2023-11-21,1318782000.0,0.1787,119101005550.0,0.3453,119337855520.0,0.34600000000000003,0.34565,119219430535.0
2023-11-22,1207165000.0,0.196,107561598810.0,0.37270000000000003,107803128580.0,0.3736,0.37315,107682363695.0
2023-11-23,1277244000.0,0.20929999999999999,112845419100.0,0.39289999999999997,112966130980.0,0.3933,0.3931,112905775040.0
2023-11-24,1187554000.0,0.2164,97319046250.0,0.3829,97524224520.0,0.3837,0.3833,97421635385.0
2023-11-27,1220284000.0,0.20309999999999997,101866985960.0,0.3644,101982401440.0,0.36479999999999996,0.3646,101924693700.0
2023-11-28,1288434000.0,0.2036,110026687940.0,0.3688,110334027420.0,0.36979999999999996,0.36929999999999996,110180357680.0
2023-11-29,1378595000.0,0.1967,123299058940.0,0.376,123615423280.0,0.37689999999999996,0.37644999999999995,123457241110.0
2023-11-30,1447497000.0,0.19690000000000002,133115271970.0,0.3212,133416923750.0,0.32189999999999996,0.32155,133266097860.0
2023-12-01,1329015000.0,0.20600000000000002,117786910890.0,0.3882,118120962290.0,0.3893,0.38875,117953936590.0
2023-12-04,1506802000.0,0.2021,118632257240.0,0.35979999999999995,118842763150.0,0.3604,0.3601,118737510195.0
2023-12-05,1497083000.0,0.21350000000000002,121370528530.0,0.3785,121662010180.0,0.37939999999999996,0.37895,121516269355.0
2023-12-06,1348933000.0,0.2076,121565977610.0,0.4044,121758358490.0,0.405,0.4047,121662168050.0
2023-12-07,1458997000.0,0.2095,127630951730.0,0.4199,127840487250.0,0.42060000000000003,0.42025,127735719490.0
2023-12-08,1304235000.0,0.2018,121184821360.0,0.38659999999999994,121413890870.0,0.3874,0.387,121299356115.0
2023-12-11,1149425000.0,0.18600000000000003,105761165490.0,0.3627,105870402030.0,0.36310000000000003,0.3629,105815783760.0
2023-12-12,1291584000.0,0.19579999999999997,114979640190.0,0.3588,115170635200.0,0.3594,0.3591,115075137695.0
2023-12-13,1294578000.0,0.1843,112729722550.0,0.3519,112965238570.0,0.3527,0.3523,112847480560.0
2023-12-14,1597016000.0,0.18760000000000002,135309991380.0,0.34700000000000003,135535212260.0,0.34759999999999996,0.3473,135422601820.0
2023-12-15,1783745000.0,0.19269999999999998,143421257630.0,0.31980000000000003,143612187220.0,0.32020000000000004,0.32000000000000006,143516722425.0
2023-12-18,1497736000.0,0.19879999999999998,110154049890.0,0.3372,110421661200.0,0.33799999999999997,0.3376,110287855545.0
2023-12-19,1526881000.0,0.2126,114091131820.0,0.35,114305958520.0,0.3507,0.35035,114198545170.0
2023-12-20,1550580000.0,0.21789999999999998,111441874900.0,0.32780000000000004,111713551020.0,0.3286,0.32820000000000005,111577712960.0
2023-12-21,1782504000.0,0.24109999999999998,120175900940.0,0.3655,120488865020.0,0.3664,0.36595,120332382980.0
2023-12-22,1610289000.0,0.2341,116264454980.0,0.3983,116487025230.0,0.39909999999999995,0.39869999999999994,116375740105.0
2023-12-25,1271856000.0,0.22030000000000002,94744804710.0,0.39020000000000005,94820002380.0,0.39049999999999996,0.39035,94782403545.0
2023-12-26,1160216000.0,0.2095,86673821410.0,0.37729999999999997,86808633600.0,0.3779,0.3776,86741227505.0
2023-12-27,1307115000.0,0.19219999999999998,100116586030.0,0.33380000000000004,100344950770.0,0.3345,0.33415000000000006,100230768400.0
2023-12-28,1379945000.0,0.2096,108277429330.0,0.3735,108450043310.0,0.3741,0.3738,108363736320.0
2023-12-29,1180603000.0,0.203,103258246320.0,0.37929999999999997,103408800380.0,0.3799,0.3796,103333523350.0
2024-01-02,1248050000.0,0.1946,101281683410.0,0.3361,101438554650.0,0.33659999999999995,0.33635,101360119030.0
2024-01-03,1199872000.0,0.18280000000000002,101823916480.0,0.3282,101970964270.0,0.3286,0.3284,101897440375.0
2024-01-04,1345726000.0,0.2127,107592401500.0,0.3807,107773659780.0,0.3814,0.38105,107683030640.0
2024-01-05,1301816000.0,0.2143,103245118360.0,0.3825,103408771540.0,0.3831,0.38280000000000003,103326944950.0
2024-01-08,1348258000.0,0.2137,103025052850.0,0.3921,103131234680.0,0.3925,0.3923,103078143765.0
2024-01-09,1350373000.0,0.21660000000000001,115459996770.0,0.3851,115579101870.0,0.38549999999999995,0.3853,115519549320.0
2024-01-10,1163487000.0,0.2018,96970642660.0,0.3757,97133905560.0,0.3763,0.376,97052274110.0
2024-01-11,1229159000.0,0.2018,116510734740.0,0.3786,116773026340.0,0.3795,0.37905,116641880540.0
2024-01-12,1046253000.0,0.1808,109747185660.0,0.38659999999999994,109949665420.0,0.3873,0.38694999999999996,109848425540.0
2024-01-15,1137909000.0,0.18960000000000002,113613178770.0,0.39159999999999995,113851574240.0,0.3924,0.392,113732376505.0
2024-01-16,1254336000.0,0.1791,113268356990.0,0.3593,113482081560.0,0.36,0.35965,113375219275.0
2024-01-17,1372610000.0,0.16870000000000002,129241545670.0,0.3298,129323504710.0,0.33,0.32989999999999997,129282525190.0
2024-01-18,1295689000.0,0.2036,104073836540.0,0.37070000000000003,104251797150.0,0.3713,0.371,104162816845.0
2024-01-19,1309421000.0,0.1777,134580472930.0,0.30670000000000003,134982045850.0,0.30760000000000004,0.30715000000000003,134781259390.0
2024-01-22,1398319000.0,0.18789999999999998,144157585530.0,0.34909999999999997,144552576580.0,0.35,0.34954999999999997,144355081055.0
2024-01-23,1322849000.0,0.1945,112545168630.0,0.35840000000000005,112767193880.0,0.3591,0.35875,112656181255.0
2024-01-24,1102065000.0,0.18100000000000002,93608689010.0,0.3444,93719449070.0,0.3448,0.3446,93664069040.0
2024-01-25,1012094000.0,0.16329999999999997,101029573950.0,0.331,101134865820.0,0.33140000000000003,0.33120000000000005,101082219885.0
2024-01-26,979135000.0,0.17850000000000002,89183917550.0,0.34240000000000004,89277527380.0,0.3427,0.34255,89230722465.0
2024-01-29,816157000.0,0.154,76214079200.0,0.3307,76376398160.0,0.33140000000000003,0.33105,76295238680.0
2024-01-30,911495000.0,0.1548,104906452080.0,0.35340000000000005,105149112300.0,0.3542,0.3538,105027782190.0
2024-01-31,879955000.0,0.16,96001079310.0,0.3452,96150710890.0,0.3457,0.34545000000000003,96075895100.0
2024-02-01,1047189000.0,0.17850000000000002,113562404520.0,0.363,113884228720.0,0.3641,0.36355,113723316620.0
2024-02-02,1059182000.0,0.18710000000000002,124251254210.0,0.3712,124508772340.0,0.37189999999999995,0.37154999999999994,124380013275.0
2024-02-05,977207000.0,0.1751,105736308270.0,0.32539999999999997,105939749700.0,0.3261,0.32575,105838028985.0
2024-02-15,1279734000.0,0.1523,158681436270.0,0.3078,159202231300.0,0.30879999999999996,0.3083,158941833785.0
2024-02-16,1276277000.0,0.16269999999999998,140830307060.0,0.3381,141276426220.0,0.3392,0.33865,141053366640.0
2024-02-19,1387227000.0,0.17989999999999998,127032645230.0,0.3386,127434411670.0,0.3396,0.3391,127233528450.0
2024-02-20,1282927000.0,0.1816,125207924110.0,0.3479,125486568240.0,0.34869999999999995,0.34829999999999994,125347246175.0
2024-02-21,1271521000.0,0.1746,122670025150.0,0.35159999999999997,122991018190.0,0.3525,0.35205,122830521670.0
2024-02-22,1435851000.0,0.19030000000000002,152646990520.0,0.3766,152996968930.0,0.3775,0.37705,152821979725.0
2024-02-23,1453484000.0,0.18469999999999998,167034759990.0,0.369,167378674500.0,0.3697,0.36934999999999996,167206717245.0
2024-02-26,1183694000.0,0.16760000000000003,127520317910.0,0.3531,127898074070.0,0.35409999999999997,0.3536,127709195990.0
2024-02-27,1567604000.0,0.198,166200325220.0,0.3857,166516526910.0,0.3864,0.38605,166358426065.0
2024-02-29,1292867000.0,0.17079999999999998,135973979410.0,0.3184,136542634180.0,0.3197,0.31905,136258306795.0
2024-03-01,1353098000.0,0.17859999999999998,151175789600.0,0.3697,151609261490.0,0.37070000000000003,0.3702,151392525545.0
2024-03-04,1502207000.0,0.1699,165295777050.0,0.33130000000000004,165642188420.0,0.332,0.33165,165468982735.0
2024-03-05,1565830000.0,0.1925,158587250900.0,0.36469999999999997,158968691270.0,0.36560000000000004,0.36515,158777971085.0
2024-03-06,1498768000.0,0.18100000000000002,147024670320.0,0.34590000000000004,147539551790.0,0.3471,0.34650000000000003,147282111055.0
2024-03-07,1786343000.0,0.1898,179117797000.0,0.34450000000000003,179465773190.0,0.3452,0.34485,179291785095.0
2024-03-08,2054762000.0,0.1967,209163516620.0,0.3547,209535978640.0,0.3554,0.35505,209349747630.0
2024-03-11,1300431000.0,0.166,135750336930.0,0.3276,136051723590.0,0.3283,0.32794999999999996,135901030260.0
2024-03-12,1498251000.0,0.177,165582146400.0,0.3544,166179252760.0,0.3557,0.35505,165880699580.0
2024-03-13,1844208000.0,0.18989999999999999,201128574260.0,0.3641,201355943060.0,0.36450000000000005,0.3643,201242258660.0
2024-03-14,1701664000.0,0.19269999999999998,178583509000.0,0.36460000000000004,179098479540.0,0.36560000000000004,0.36510000000000004,178840994270.0
2024-03-15,1691970000.0,0.17489999999999997,185793750540.0,0.32539999999999997,186251083030.0,0.3262,0.3258,186022416785.0
2024-03-18,1373245000.0,0.177,153886701960.0,0.36,154373513060.0,0.3611,0.36055,154130107510.0
2024-03-19,1486070000.0,0.1723,164991930340.0,0.34950000000000003,165501298100.0,0.3506,0.35005000000000003,165246614220.0
2024-03-20,1842880000.0,0.1838,189197779130.0,0.3553,189533439530.0,0.35600000000000004,0.35565,189365609330.0
2024-03-21,1700490000.0,0.175,175960721500.0,0.35590000000000005,176361199520.0,0.3567,0.35630000000000006,176160960510.0
2024-03-22,1896807000.0,0.19469999999999998,179467750620.0,0.3542,179799036030.0,0.3549,0.35455000000000003,179633393325.0
2024-03-25,1351815000.0,0.17379999999999998,123751184400.0,0.3283,123904977720.0,0.32880000000000004,0.32855,123828081060.0
2024-03-26,1808789000.0,0.1931,162215597720.0,0.3284,162072181670.0,0.3281,0.32825000000000004,162143889695.0
2024-03-27,1375151000.0,0.1779,123344652710.0,0.3146,123626408420.0,0.3153,0.31495,123485530565.0
2024-03-28,1662441000.0,0.1917,146447348450.0,0.3239,146766030600.0,0.3246,0.32425000000000004,146606689525.0
2024-03-29,1433106000.0,0.1685,161221468310.0,0.3336,161720172530.0,0.3346,0.3341,161470820420.0
2024-04-01,1285475000.0,0.1524,115361470800.0,0.3156,115550905770.0,0.3161,0.31584999999999996,115456188285.0
2024-04-02,1325493000.0,0.1637,143775300220.0,0.3442,144158550810.0,0.34509999999999996,0.34465,143966925515.0
2024-04-03,1317833000.0,0.1794,136321379050.0,0.35450000000000004,136709174850.0,0.3555,0.355,136515276950.0
2024-04-08,1348212000.0,0.1721,141839362480.0,0.341,142210489360.0,0.3419,0.34145000000000003,142024925920.0
2024-04-09,1696165000.0,0.18739999999999998,153231946720.0,0.3383,153547154990.0,0.33899999999999997,0.33865,153389550855.0
2024-04-10,1696105000.0,0.1945,153149641110.0,0.3518,153259779100.0,0.35200000000000004,0.3519,153204710105.0
2024-04-11,1689596000.0,0.1895,161656533800.0,0.35840000000000005,162037470970.0,0.3592,0.3588,161847002385.0
2024-04-12,1889679000.0,0.2134,188877358250.0,0.3858,189517517070.0,0.3871,0.38644999999999996,189197437660.0
2024-04-15,1886443000.0,0.1961,176299268700.0,0.36090000000000005,176434480080.0,0.3611,0.361,176366874390.0
2024-04-16,1891593000.0,0.161,179113872710.0,0.3262,179370899270.0,0.3267,0.32645,179242385990.0
2024-04-17,1479189000.0,0.1877,148363618740.0,0.3599,148898954790.0,0.36119999999999997,0.36055,148631286765.0
2024-04-18,1978004000.0,0.2227,178861724950.0,0.3926,179318013760.0,0.3936,0.3931,179089869355.0
2024-04-19,3409097000.0,0.2397,281448600480.0,0.3884,281877962980.0,0.389,0.38870000000000005,281663281730.0
2024-04-22,2539333000.0,0.2482,192785863240.0,0.39159999999999995,192898161050.0,0.3918,0.39169999999999994,192842012145.0
2024-04-23,1759783000.0,0.2425,146436408920.0,0.41700000000000004,146623147440.0,0.41759999999999997,0.4173,146529778180.0
2024-04-24,1889284000.0,0.2073,165191361260.0,0.3803,165760681730.0,0.38170000000000004,0.381,165476021495.0
2024-04-25,1613050000.0,0.21280000000000002,148227265310.0,0.40409999999999996,148478212280.0,0.4048,0.40445,148352738795.0
2024-04-26,1913278000.0,0.21960000000000002,171944390860.0,0.4033,172329536210.0,0.4042,0.40375,172136963535.0
2024-04-29,2084036000.0,0.20679999999999998,159623762420.0,0.37229999999999996,159904035540.0,0.3729,0.3726,159763898980.0
2024-04-30,1730524000.0,0.2284,138790335410.0,0.38060000000000005,139165884940.0,0.38170000000000004,0.38115000000000004,138978110175.0
2024-05-02,1925383000.0,0.22899999999999998,150247589400.0,0.37549999999999994,150621858700.0,0.3764,0.37595,150434724050.0
2024-05-03,2024124000.0,0.23829999999999998,164079324520.0,0.3986,164316856280.0,0.3992,0.39890000000000003,164198090400.0
2024-05-06,1661086000.0,0.19469999999999998,152022043610.0,0.36229999999999996,152310163400.0,0.363,0.36265,152166103505.0
2024-05-07,1783191000.0,0.2145,159306127620.0,0.3858,159617851460.0,0.3865,0.38615,159461989540.0
2024-05-08,1843434000.0,0.2229,168449151960.0,0.3951,168822674010.0,0.396,0.39555,168635912985.0
2024-05-09,1749934000.0,0.20670000000000002,167863395480.0,0.3945,168148321460.0,0.39520000000000005,0.39485000000000003,168005858470.0
2024-05-10,2082362000.0,0.2195,167471335880.0,0.3779,167880726220.0,0.3789,0.3784,167676031050.0
2024-05-13,2042408000.0,0.2268,170681520970.0,0.3924,170974949730.0,0.39299999999999996,0.3927,170828235350.0
2024-05-14,2255908000.0,0.2483,201170082310.0,0.42200000000000004,201708019650.0,0.4232,0.42260000000000003,201439050980.0
2024-05-15,2048863000.0,0.20440000000000003,191583171200.0,0.3837,191910912070.0,0.38439999999999996,0.38405,191747041635.0
2024-05-16,2161238000.0,0.2024,198905002620.0,0.37060000000000004,199273367840.0,0.3713,0.37095,199089185230.0
2024-05-17,1949418000.0,0.2078,154129689230.0,0.3638,154520812570.0,0.36479999999999996,0.36429999999999996,154325250900.0
2024-05-20,2162014000.0,0.2229,173479047690.0,0.38439999999999996,173768526800.0,0.3851,0.38475,173623787245.0
2024-05-21,1757424000.0,0.2104,138285351040.0,0.3643,138653268610.0,0.3653,0.3648,138469309825.0
2024-05-22,2041509000.0,0.20629999999999998,159238792080.0,0.3546,159725325280.0,0.3556,0.3551,159482058680.0
2024-05-23,2061389000.0,0.1993,189834547680.0,0.3651,190325495230.0,0.366,0.36555,190080021455.0
2024-05-24,1772013000.0,0.2047,164847134310.0,0.3884,165291500060.0,0.38939999999999997,0.3889,165069317185.0
2024-05-27,1978913000.0,0.193,180959598620.0,0.3594,181478590640.0,0.3604,0.3599,181219094630.0
2024-05-28,1783118000.0,0.1814,172472739010.0,0.3555,172811265630.0,0.35609999999999997,0.3558,172642002320.0
2024-05-29,1927570000.0,0.1913,169335702250.0,0.3436,169645443090.0,0.3442,0.3439,169490572670.0
2024-05-30,1732102000.0,0.18489999999999998,146656104430.0,0.34009999999999996,146957683850.0,0.3408,0.34045,146806894140.0
2024-05-31,2171111000.0,0.1827,193772517990.0,0.2808,194241267710.0,0.2814,0.2811,194006892850.0
2024-06-03,1865475000.0,0.2021,160567665260.0,0.36460000000000004,161039868530.0,0.3657,0.36515000000000003,160803766895.0
2024-06-04,1919763000.0,0.20129999999999998,161121817480.0,0.3546,161352230930.0,0.35509999999999997,0.35485,161237024205.0
2024-06-05,1638466000.0,0.1971,151290278690.0,0.3676,151627391530.0,0.3685,0.36805,151458835110.0
2024-06-06,1954225000.0,0.201,183684149310.0,0.3775,183936739630.0,0.37799999999999995,0.37775,183810444470.0
2024-06-07,1871594000.0,0.19879999999999998,163673167090.0,0.35509999999999997,164100422680.0,0.35600000000000004,0.35555000000000003,163886794885.0
2024-06-11,2068984000.0,0.20010000000000003,178658853070.0,0.3447,178717393950.0,0.34490000000000004,0.3448,178688123510.0
2024-06-12,1658718000.0,0.1844,161267331750.0,0.35259999999999997,161643839780.0,0.35340000000000005,0.353,161455585765.0
2024-06-13,1714955000.0,0.1704,187258170390.0,0.3542,187745476980.0,0.3552,0.3547,187501823685.0
2024-06-14,1817434000.0,0.1898,192727792460.0,0.3789,193358112390.0,0.3801,0.3795,193042952425.0
2024-06-17,1658014000.0,0.17370000000000002,164839031700.0,0.363,165178742860.0,0.3638,0.3634,165008887280.0
2024-06-18,1574223000.0,0.1635,164180626470.0,0.34979999999999994,164511271050.0,0.3505,0.35014999999999996,164345948760.0
2024-06-19,1966366000.0,0.1702,216951064270.0,0.3508,217643905360.0,0.3519,0.35135,217297484815.0
2024-06-20,1653239000.0,0.1641,180300321750.0,0.3454,180877132850.0,0.3465,0.34595,180588727300.0
2024-06-21,2403174000.0,0.1932,207450085540.0,0.3186,207881252530.0,0.3193,0.31894999999999996,207665669035.0
2024-06-24,1906149000.0,0.1753,151744312670.0,0.2933,151929856960.0,0.29359999999999997,0.29345,151837084815.0
2024-06-25,1807932000.0,0.192,171214974800.0,0.355,171850499140.0,0.3563,0.35565,171532736970.0
2024-06-26,1534116000.0,0.1631,150519541760.0,0.3182,150859778270.0,0.3189,0.31855,150689660015.0
2024-06-27,1706938000.0,0.1793,156547667260.0,0.34759999999999996,156789868710.0,0.3481,0.34785,156668767985.0
2024-06-28,1515635000.0,0.1655,142414184160.0,0.3175,142728513010.0,0.3182,0.31784999999999997,142571348585.0
2024-07-01,1485843000.0,0.156,142344958180.0,0.32659999999999995,142589549400.0,0.3272,0.32689999999999997,142467253790.0
2024-07-02,1924080000.0,0.1793,157676737690.0,0.321,157961134320.0,0.32159999999999994,0.3213,157818936005.0
2024-07-03,1990188000.0,0.1805,164228090790.0,0.32549999999999996,164701060420.0,0.3265,0.32599999999999996,164464575605.0
2024-07-04,1937033000.0,0.1679,179286280600.0,0.326,179736535240.0,0.3268,0.3264,179511407920.0
2024-07-05,1933899000.0,0.1813,172423109680.0,0.3481,172792354980.0,0.3489,0.34850000000000003,172607732330.0
2024-07-08,2048557000.0,0.1757,191841885670.0,0.3381,192245179400.0,0.3389,0.3385,192043532535.0
2024-07-09,2675254000.0,0.215,222286084290.0,0.3644,222875831990.0,0.3654,0.3649,222580958140.0
2024-07-10,2069071000.0,0.193,190681627040.0,0.3613,191242662610.0,0.36229999999999996,0.3618,190962144825.0
2024-07-11,2162590000.0,0.1809,199224278920.0,0.3454,199640229340.0,0.3461,0.34575,199432254130.0
2024-07-12,2328132000.0,0.1848,195536878080.0,0.32520000000000004,195945749820.0,0.3259,0.32555,195741313950.0
2024-07-15,2019469000.0,0.1981,167116913950.0,0.35200000000000004,167455546450.0,0.3528,0.35240000000000005,167286230200.0
2024-07-16,1791912000.0,0.1844,168437441690.0,0.35090000000000005,168819513120.0,0.3517,0.35130000000000006,168628477405.0
2024-07-17,2332756000.0,0.1998,192654019120.0,0.344,193136301170.0,0.3448,0.3444,192895160145.0
2024-07-18,2228333000.0,0.1891,202631273570.0,0.3345,203134214030.0,0.3353,0.3349,202882743800.0
2024-07-19,2082395000.0,0.184,183067793250.0,0.3235,183278961480.0,0.3239,0.3237,183173377365.0
2024-07-22,2162889000.0,0.1809,197190138140.0,0.3458,197182103060.0,0.3458,0.3458,197186120600.0
2024-07-23,1459450000.0,0.1675,144431535350.0,0.3552,144666259100.0,0.3558,0.35550000000000004,144548897225.0
2024-07-26,1656014000.0,0.1585,149653053380.0,0.3044,150178132100.0,0.3055,0.30495,149915592740.0
2024-07-29,1488788000.0,0.1686,141495081910.0,0.3454,141413357950.0,0.3452,0.3453,141454219930.0
2024-07-30,1773840000.0,0.1978,153643391930.0,0.3897,154244720110.0,0.3912,0.39044999999999996,153944056020.0
2024-07-31,1548878000.0,0.1819,143486840000.0,0.36950000000000005,143853138040.0,0.3704,0.36995,143669989020.0
2024-08-01,1642118000.0,0.17120000000000002,161436544790.0,0.365,161757358420.0,0.3657,0.36535,161596951605.0
2024-08-02,1918327000.0,0.16440000000000002,172546576340.0,0.3177,172779950540.0,0.3182,0.31794999999999995,172663263440.0
2024-08-05,2881937000.0,0.1839,205596206640.0,0.3075,206012599590.0,0.3081,0.30779999999999996,205804403115.0
2024-08-06,3662465000.0,0.2763,282691206120.0,0.43320000000000003,284137586390.0,0.4354,0.4343,283414396255.0
2024-08-07,1831185000.0,0.1941,172095740680.0,0.379,172991606830.0,0.381,0.38,172543673755.0
2024-08-08,1923770000.0,0.2371,179042008610.0,0.4326,179507428640.0,0.4337,0.43315,179274718625.0
2024-08-09,2074822000.0,0.2268,186413348010.0,0.39990000000000003,186769069390.0,0.4007,0.4003,186591208700.0
2024-08-12,1583118000.0,0.1953,150408254090.0,0.3843,150828706200.0,0.38539999999999996,0.38484999999999997,150618480145.0
2024-08-13,1463595000.0,0.2046,142035798050.0,0.4065,142333676100.0,0.40740000000000004,0.40695000000000003,142184737075.0
2024-08-14,1644594000.0,0.1963,161594013420.0,0.386,161761735150.0,0.3864,0.3862,161677874285.0
2024-08-15,1385229000.0,0.18989999999999999,129215721030.0,0.39049999999999996,129412257710.0,0.3911,0.3908,129313989370.0
2024-08-16,1538967000.0,0.1868,154624285430.0,0.3613,154987499940.0,0.36219999999999997,0.36175,154805892685.0
2024-08-19,1278059000.0,0.17989999999999998,120398126710.0,0.3696,120635701460.0,0.3703,0.36995,120516914085.0
2024-08-20,1525893000.0,0.1945,133091927530.0,0.3703,133299497540.0,0.3709,0.37060000000000004,133195712535.0
2024-08-21,1651685000.0,0.20440000000000003,124596866570.0,0.3607,124794697600.0,0.3613,0.361,124695782085.0
2024-08-22,1268801000.0,0.1956,114649788810.0,0.3839,114792476480.0,0.38439999999999996,0.38415,114721132645.0
2024-08-23,1877232000.0,0.23010000000000003,120979015890.0,0.3846,121378733910.0,0.3859,0.38525,121178874900.0
2024-08-26,2015983000.0,0.2168,132824182740.0,0.3766,132952857050.0,0.37689999999999996,0.37675,132888519895.0
2024-08-27,1500302000.0,0.20440000000000003,115110651990.0,0.3917,115425807000.0,0.39280000000000004,0.39225,115268229495.0
2024-08-28,1341372000.0,0.1892,120022289630.0,0.3791,120260672800.0,0.37979999999999997,0.37944999999999995,120141481215.0
2024-08-29,1530829000.0,0.2047,136442712550.0,0.3986,136849941470.0,0.3998,0.3992,136646327010.0
2024-08-30,1419594000.0,0.1697,123385394520.0,0.2938,123586839210.0,0.2943,0.29405000000000003,123486116865.0
2024-09-02,1150859000.0,0.16940000000000002,107650135570.0,0.3649,107755232130.0,0.3653,0.3651,107702683850.0
2024-09-03,1097954000.0,0.1605,104205834840.0,0.3472,104323088340.0,0.3475,0.34735,104264461590.0
2024-09-04,1884328000.0,0.16879999999999998,159951546060.0,0.3141,160535026170.0,0.3153,0.3147,160243286115.0
2024-09-05,1421308000.0,0.1784,124671001330.0,0.37689999999999996,124725121750.0,0.3771,0.377,124698061540.0
2024-09-06,1106752000.0,0.168,103665105450.0,0.37479999999999997,103858293840.0,0.37549999999999994,0.37515,103761699645.0
2024-09-09,1256034000.0,0.1611,106997538590.0,0.34509999999999996,107317860120.0,0.34619999999999995,0.34564999999999996,107157699355.0
2024-09-10,1227113000.0,0.1686,120759338140.0,0.3603,120854057740.0,0.36060000000000003,0.36045000000000005,120806697940.0
2024-09-11,1051670000.0,0.1567,81987497160.0,0.34240000000000004,82113924070.0,0.3429,0.34265,82050710615.0
2024-09-12,1223013000.0,0.1542,102655417560.0,0.32439999999999997,102912619960.0,0.32520000000000004,0.3248,102784018760.0
2024-09-13,970553000.0,0.16010000000000002,86974512520.0,0.34259999999999996,87119480190.0,0.3431,0.34285,87046996355.0
2024-09-16,1083516000.0,0.17739999999999997,83214554200.0,0.3525,83383758430.0,0.3532,0.35285,83299156315.0
2024-09-18,1531433000.0,0.19190000000000002,111673930120.0,0.3311,111854143230.0,0.3317,0.33140000000000003,111764036675.0
2024-09-19,1355692000.0,0.1705,117882643980.0,0.3519,118322021360.0,0.3532,0.35255000000000003,118102332670.0
2024-09-20,1797582000.0,0.1855,150157129710.0,0.3151,150422056340.0,0.3156,0.31535,150289593025.0
2024-09-23,1352794000.0,0.18989999999999999,107495999770.0,0.35109999999999997,107762220260.0,0.35200000000000004,0.35155000000000003,107629110015.0
2024-09-24,1521778000.0,0.1935,128078555450.0,0.3625,128387716060.0,0.36329999999999996,0.3629,128233135755.0
2024-09-25,1639913000.0,0.1793,151836793170.0,0.33880000000000005,152266419350.0,0.3397,0.33925000000000005,152051606260.0
2024-09-26,1650906000.0,0.1802,158930540860.0,0.35479999999999995,159205460380.0,0.3554,0.35509999999999997,159068000620.0
2024-09-27,1695036000.0,0.1739,151793023510.0,0.349,152059404830.0,0.3496,0.3493,151926214170.0
2024-09-30,1663175000.0,0.18030000000000002,121386965300.0,0.2994,121582950880.0,0.2999,0.29964999999999997,121484958090.0
2024-10-01,1154800000.0,0.1764,99048815220.0,0.3458,99228644010.0,0.3465,0.34614999999999996,99138729615.0
2024-10-04,1704890000.0,0.1775,128463792930.0,0.3089,128796595030.0,0.3097,0.3093,128630193980.0
2024-10-07,1639706000.0,0.1818,124512818350.0,0.3208,124858037970.0,0.32170000000000004,0.32125000000000004,124685428160.0
2024-10-08,2192288000.0,0.2291,138313366990.0,0.3574,138432011900.0,0.3577,0.35755000000000003,138372689445.0
2024-10-09,1997303000.0,0.226,156338932630.0,0.3729,156610674740.0,0.3736,0.37324999999999997,156474803685.0
2024-10-11,1280316000.0,0.17550000000000002,121026272130.0,0.3333,121227096460.0,0.33380000000000004,0.33355,121126684295.0
2024-10-14,1384515000.0,0.1978,122781924370.0,0.3803,123100722860.0,0.38130000000000003,0.3808,122941323615.0
2024-10-15,1442483000.0,0.1721,146851477010.0,0.3427,147206767340.0,0.3435,0.3431,147029122175.0
2024-10-16,1624200000.0,0.1967,153652480310.0,0.3592,154209388670.0,0.3605,0.35985,153930934490.0
2024-10-17,1554651000.0,0.213,151434636540.0,0.39649999999999996,151699318250.0,0.3972,0.39685,151566977395.0
2024-10-18,1762174000.0,0.2029,182970830380.0,0.36560000000000004,183163775570.0,0.366,0.3658,183067302975.0
2024-10-21,1270487000.0,0.1791,123382827060.0,0.33799999999999997,123656465900.0,0.33880000000000005,0.33840000000000003,123519646480.0
2024-10-22,1281880000.0,0.1732,135521808530.0,0.35259999999999997,135824608430.0,0.35340000000000005,0.353,135673208480.0
2024-10-23,1363909000.0,0.1993,129998692400.0,0.38,130265471530.0,0.38079999999999997,0.38039999999999996,130132081965.0
2024-10-24,1471354000.0,0.20850000000000002,137583903260.0,0.3653,137722546260.0,0.36560000000000004,0.36545000000000005,137653224760.0
2024-10-25,1218599000.0,0.2048,116031378780.0,0.3775,116223042430.0,0.37810000000000005,0.3778,116127210605.0
2024-10-28,1337420000.0,0.20620000000000002,129158474440.0,0.3848,129306064730.0,0.38520000000000004,0.385,129232269585.0
2024-10-29,1300410000.0,0.1857,124372727020.0,0.35369999999999996,124608722220.0,0.3544,0.35405,124490724620.0
2024-10-30,1373082000.0,0.215,130018114940.0,0.3829,130335283970.0,0.38380000000000003,0.38335,130176699455.0
2024-11-01,1655408000.0,0.2065,155960453720.0,0.36560000000000004,156733314420.0,0.3675,0.36655000000000004,156346884070.0
2024-11-04,1215215000.0,0.183,124917611960.0,0.39280000000000004,125144924830.0,0.3935,0.39315,125031268395.0
2024-11-05,1302855000.0,0.2003,130697162790.0,0.3901,130970047760.0,0.3909,0.3905,130833605275.0
2024-11-06,1675056000.0,0.209,162968353440.0,0.3981,163349476290.0,0.39909999999999995,0.39859999999999995,163158914865.0
2024-11-07,1785253000.0,0.2048,162728073950.0,0.3757,163137734530.0,0.3766,0.37615,162932904240.0
2024-11-08,1689138000.0,0.1981,153500102850.0,0.3553,153709285860.0,0.3558,0.35555000000000003,153604694355.0
2024-11-11,1372171000.0,0.1917,131007912140.0,0.3592,131281647510.0,0.3599,0.35955000000000004,131144779825.0
2024-11-12,1632241000.0,0.1855,150361569880.0,0.3329,150623435120.0,0.3335,0.3332,150492502500.0
2024-11-13,1607699000.0,0.21559999999999999,146375132140.0,0.3743,146651056660.0,0.375,0.37465000000000004,146513094400.0
2024-11-14,1571509000.0,0.1925,147097207170.0,0.3574,147352167400.0,0.358,0.3577,147224687285.0
2024-11-15,1846668000.0,0.2341,160242589070.0,0.3831,160514874010.0,0.38380000000000003,0.38345,160378731540.0
2024-11-18,1523656000.0,0.2064,126608827220.0,0.3543,126777941460.0,0.3547,0.35450000000000004,126693384340.0
2024-11-19,1713227000.0,0.2285,139268325630.0,0.3851,139705630110.0,0.38630000000000003,0.38570000000000004,139486977870.0
2024-11-20,1673438000.0,0.22899999999999998,150464225480.0,0.38880000000000003,150649912520.0,0.3893,0.38905,150557069000.0
2024-11-21,1658496000.0,0.2407,139874957140.0,0.39189999999999997,140234074580.0,0.39289999999999997,0.39239999999999997,140054515860.0
2024-11-22,1732648000.0,0.2281,137625462090.0,0.3856,137881485300.0,0.3864,0.386,137753473695.0
2024-11-25,1879124000.0,0.2084,153641872520.0,0.3179,154056690880.0,0.3188,0.31835,153849281700.0
2024-11-26,1495390000.0,0.22699999999999998,120039166920.0,0.3774,120241121790.0,0.37799999999999995,0.3777,120140144355.0
2024-11-27,1582931000.0,0.212,135009901830.0,0.35229999999999995,135121238780.0,0.3525,0.35239999999999994,135065570305.0
2024-11-28,1616039000.0,0.235,133921707220.0,0.4008,134186967240.0,0.40159999999999996,0.4012,134054337230.0
2024-11-29,1352925000.0,0.221,126277735280.0,0.40020000000000006,126564732840.0,0.4011,0.40065000000000006,126421234060.0
2024-12-02,1189562000.0,0.1819,111792820920.0,0.34979999999999994,112034465490.0,0.3506,0.35019999999999996,111913643205.0
2024-12-03,1483114000.0,0.1757,137708875870.0,0.3406,137976167620.0,0.34130000000000005,0.34095000000000003,137842521745.0
2024-12-04,1258687000.0,0.17679999999999998,126429408850.0,0.3444,126867459670.0,0.3456,0.345,126648434260.0
2024-12-05,1242436000.0,0.1809,134568843640.0,0.34869999999999995,134813060560.0,0.3493,0.349,134690952100.0
2024-12-06,1314175000.0,0.1967,147647973680.0,0.3985,147852798600.0,0.39909999999999995,0.3988,147750386140.0
2024-12-09,1333768000.0,0.19640000000000002,131445588110.0,0.3555,131772160410.0,0.3563,0.3559,131608874260.0
2024-12-10,1521727000.0,0.22440000000000002,131732461760.0,0.3696,131842036620.0,0.3699,0.36975,131787249190.0
2024-12-11,1119922000.0,0.17620000000000002,120518131750.0,0.35509999999999997,120830642870.0,0.35600000000000004,0.35555000000000003,120674387310.0
2024-12-12,1363731000.0,0.19949999999999998,135710156770.0,0.3753,135892958410.0,0.37579999999999997,0.37555,135801557590.0
2024-12-13,1269617000.0,0.1859,132412022270.0,0.37270000000000003,132630983440.0,0.3734,0.37305,132521502855.0
2024-12-16,1247124000.0,0.1805,145624493780.0,0.3448,145811114490.0,0.3452,0.345,145717804135.0
2024-12-17,1390233000.0,0.1954,140012651880.0,0.3408,140496699500.0,0.342,0.34140000000000004,140254675690.0
2024-12-18,1487647000.0,0.2096,161991537350.0,0.3936,162442817630.0,0.3947,0.39415,162217177490.0
2024-12-19,1494796000.0,0.1957,166476193100.0,0.3943,166996033880.0,0.3956,0.39495,166736113490.0
2024-12-20,1786828000.0,0.2104,172754231130.0,0.3602,173117292440.0,0.36090000000000005,0.36055000000000004,172935761785.0
2024-12-23,1397595000.0,0.20309999999999997,130396904910.0,0.36090000000000005,130680768880.0,0.3617,0.36130000000000007,130538836895.0
2024-12-24,1424265000.0,0.21739999999999998,132136851170.0,0.38049999999999995,132368423590.0,0.3811,0.38079999999999997,132252637380.0
2024-12-25,1308154000.0,0.221,127104568710.0,0.4094,127446057670.0,0.4105,0.40995,127275313190.0
2024-12-26,1257826000.0,0.2188,122667387790.0,0.3997,122916641460.0,0.40049999999999997,0.4001,122792014625.0
2024-12-27,1205996000.0,0.22820000000000001,123323840400.0,0.4214,123475245620.0,0.4219,0.42164999999999997,123399543010.0
2024-12-30,1074855000.0,0.2071,104481999110.0,0.38020000000000004,104640616000.0,0.3807,0.38045,104561307555.0
2024-12-31,1207732000.0,0.21850000000000003,103806692250.0,0.3795,104005864290.0,0.3803,0.3799,103906278270.0
2025-01-02,1415688000.0,0.2051,136537670910.0,0.3601,136710438710.0,0.3605,0.36029999999999995,136624054810.0
2025-01-03,1336093000.0,0.2155,126279376690.0,0.3746,126483285690.0,0.37520000000000003,0.3749,126381331190.0
2025-01-06,1316870000.0,0.184,142059113940.0,0.33509999999999995,142419564030.0,0.336,0.33555,142239338985.0
2025-01-07,1437243000.0,0.1937,162325707860.0,0.3697,162699738380.0,0.3705,0.3701,162512723120.0
2025-01-08,1122133000.0,0.1848,136093970210.0,0.3665,136347390490.0,0.36719999999999997,0.36685,136220680350.0
2025-01-09,1387330000.0,0.2061,144786058140.0,0.36829999999999996,144936212080.0,0.36869999999999997,0.36849999999999994,144861135110.0
2025-01-10,1263193000.0,0.20980000000000001,127787823910.0,0.3728,127972149880.0,0.37329999999999997,0.37305,127879986895.0
2025-01-13,1554580000.0,0.19510000000000002,157042462530.0,0.3403,157490964410.0,0.34119999999999995,0.34075,157266713470.0
2025-01-14,1038522000.0,0.2045,111385154570.0,0.396,111646606760.0,0.397,0.3965,111515880665.0
2025-01-15,1064382000.0,0.2046,114574263820.0,0.3799,114722341840.0,0.3804,0.38015,114648302830.0
2025-01-16,1122869000.0,0.1953,127553503170.0,0.37270000000000003,127881019060.0,0.3736,0.37315,127717261115.0
2025-01-17,1096460000.0,0.2014,134014357410.0,0.4083,134260995300.0,0.409,0.40864999999999996,134137676355.0
2025-01-20,934620000.0,0.18600000000000003,104992208540.0,0.375,105303547220.0,0.3761,0.37555,105147877880.0
2025-01-21,963710000.0,0.2232,107281455680.0,0.4089,107426723910.0,0.40950000000000003,0.4092,107354089795.0
2025-01-22,1074400000.0,0.20809999999999998,122211754090.0,0.34159999999999996,122414307020.0,0.3422,0.3419,122313030555.0
2025-02-03,1364426000.0,0.17739999999999997,139070003740.0,0.2648,139533489850.0,0.2657,0.26525,139301746795.0
2025-02-04,1269410000.0,0.18289999999999998,147803186540.0,0.34979999999999994,148215520360.0,0.3508,0.35029999999999994,148009353450.0
2025-02-05,1071345000.0,0.179,128613411600.0,0.35840000000000005,128987156360.0,0.35950000000000004,0.35895000000000005,128800283980.0
2025-02-06,1020108000.0,0.1827,129738620450.0,0.38020000000000004,129957086990.0,0.38079999999999997,0.3805,129847853720.0
2025-02-07,1150546000.0,0.1923,141551062700.0,0.3907,142037096130.0,0.392,0.39135,141794079415.0
2025-02-10,1108156000.0,0.191,124485405770.0,0.3718,124683841290.0,0.3724,0.3721,124584623530.0
2025-02-11,1317331000.0,0.2224,144227899950.0,0.40619999999999995,144549608570.0,0.4071,0.40664999999999996,144388754260.0
2025-02-12,1386779000.0,0.2228,154806739350.0,0.4089,155076070930.0,0.4096,0.40925,154941405140.0
2025-02-13,1422738000.0,0.19399999999999998,138656228020.0,0.35840000000000005,138922963350.0,0.3591,0.35875,138789595685.0
2025-02-14,1679756000.0,0.22260000000000002,146772018070.0,0.35359999999999997,147105024870.0,0.3544,0.354,146938521470.0
2025-02-17,1495290000.0,0.2034,134434654370.0,0.3614,134796015160.0,0.3624,0.3619,134615334765.0
2025-02-18,1324164000.0,0.19870000000000002,123357537190.0,0.36329999999999996,123679200650.0,0.3643,0.3638,123518368920.0
2025-02-19,1488834000.0,0.2043,143345045830.0,0.3678,143635092580.0,0.3686,0.36819999999999997,143490069205.0
2025-02-20,1581693000.0,0.2243,151232290690.0,0.38670000000000004,151553818760.0,0.3875,0.3871,151393054725.0
2025-02-21,1603711000.0,0.22390000000000002,167615971740.0,0.41869999999999996,168024351850.0,0.41969999999999996,0.41919999999999996,167820161795.0
2025-02-24,1367904000.0,0.19329999999999997,137623561860.0,0.36840000000000006,138058612300.0,0.3696,0.369,137841087080.0
2025-02-25,1665815000.0,0.2211,140860057220.0,0.3418,141142727360.0,0.34240000000000004,0.3421,141001392290.0
2025-02-26,1459780000.0,0.2119,142255718700.0,0.3711,142555329470.0,0.37189999999999995,0.37149999999999994,142405524085.0
2025-02-27,1773588000.0,0.1971,173373672230.0,0.3152,173613816560.0,0.3156,0.3154,173493744395.0
2025-03-03,1367326000.0,0.1869,143932125490.0,0.3274,144254103580.0,0.3281,0.32775,144093114535.0
2025-03-04,1444252000.0,0.1883,149093753300.0,0.3586,149674379030.0,0.36,0.35929999999999995,149384066165.0
2025-03-05,1303072000.0,0.1804,140154213550.0,0.379,140384492960.0,0.3796,0.37929999999999997,140269353255.0
2025-03-06,1133907000.0,0.1711,133183944160.0,0.3696,133390982670.0,0.3701,0.36985,133287463415.0
2025-03-07,1193534000.0,0.1845,123789839090.0,0.337,123955019210.0,0.33740000000000003,0.33720000000000006,123872429150.0
2025-03-10,1287044000.0,0.2028,125870857070.0,0.3546,126027813510.0,0.355,0.3548,125949335290.0
2025-03-11,1619874000.0,0.2011,146086359050.0,0.34049999999999997,146723215700.0,0.342,0.34125,146404787375.0
2025-03-12,1386703000.0,0.2075,130670411070.0,0.3726,130953349920.0,0.3734,0.373,130811880495.0
2025-03-13,1615258000.0,0.2173,138508064050.0,0.3657,138585367560.0,0.36590000000000006,0.3658,138546715805.0
2025-03-14,1493782000.0,0.20620000000000002,124382190790.0,0.35710000000000003,124659169540.0,0.3579,0.35750000000000004,124520680165.0
2025-03-17,1220248000.0,0.1918,102724974140.0,0.3309,102806633060.0,0.3312,0.33105,102765803600.0
2025-03-18,1089714000.0,0.18710000000000002,94562102170.0,0.3342,94704909700.0,0.3347,0.33445,94633505935.0
2025-03-19,1135815000.0,0.1865,97571037000.0,0.3078,97612269910.0,0.3079,0.30785,97591653455.0
2025-03-20,1070188000.0,0.18719999999999998,94506045300.0,0.3396,94677188060.0,0.34020000000000006,0.33990000000000004,94591616680.0
2025-03-21,1190007000.0,0.185,94003050970.0,0.28190000000000004,94146708790.0,0.2824,0.28215,94074879880.0
2025-03-24,949765000.0,0.1891,75782637470.0,0.3018,75614470830.0,0.3011,0.30145,75698554150.0
2025-03-25,924756000.0,0.18510000000000001,75391971330.0,0.2933,75362268290.0,0.2932,0.29325,75377119810.0
2025-03-26,880841000.0,0.1998,70631764520.0,0.3164,70584836770.0,0.31620000000000004,0.3163,70608300645.0
2025-03-27,1053485000.0,0.18780000000000002,75045853370.0,0.2682,75085775450.0,0.2683,0.26825,75065814410.0
2025-03-28,1138611000.0,0.16699999999999998,84336142690.0,0.25780000000000003,84243311650.0,0.2575,0.25765000000000005,84289727170.0
2025-03-31,1577169000.0,0.1816,121588817620.0,0.2779,121856780310.0,0.2785,0.2782,121722798965.0
2025-04-01,1168054000.0,0.2004,96221349600.0,0.3458,96519930260.0,0.3468,0.3463,96370639930.0
2025-04-02,1098673000.0,0.22030000000000002,92616871890.0,0.3856,92781113230.0,0.38630000000000003,0.38595,92698992560.0
2025-04-07,773411000.0,0.136,20343764150.0,0.12240000000000001,20446535540.0,0.1231,0.12275,20395149845.0
2025-04-08,2709564000.0,0.2186,165042909820.0,0.28550000000000003,165897282080.0,0.287,0.28625,165470095950.0
2025-04-09,2887679000.0,0.2289,194674789360.0,0.3299,195438236830.0,0.3312,0.33055,195056513095.0
2025-04-10,799750000.0,0.15,36736008630.0,0.1761,36804339610.0,0.1765,0.1763,36770174120.0
2025-04-11,2471351000.0,0.2706,201915700370.0,0.38299999999999995,203940609950.0,0.38689999999999997,0.38494999999999996,202928155160.0
2025-04-14,2068222000.0,0.2698,186935412070.0,0.3935,187287698870.0,0.3943,0.39390000000000003,187111555470.0
2025-04-15,1212228000.0,0.23120000000000002,115639666120.0,0.3784,116076352330.0,0.37979999999999997,0.3791,115858009225.0
2025-04-16,1223146000.0,0.23440000000000003,107004762870.0,0.3608,107120229160.0,0.36119999999999997,0.361,107062496015.0
2025-04-17,1114083000.0,0.2422,106589818360.0,0.4138,106755385420.0,0.4144,0.4141,106672601890.0
2025-04-18,981764000.0,0.2588,86181461180.0,0.4274,86313038490.0,0.428,0.42769999999999997,86247249835.0
2025-04-21,1107352000.0,0.24670000000000003,85059390750.0,0.3981,85154377600.0,0.3985,0.3983,85106884175.0
2025-04-22,1273847000.0,0.2609,103645419720.0,0.41450000000000004,103817716910.0,0.4152,0.41485000000000005,103731568315.0
2025-04-23,1289189000.0,0.2425,102476278330.0,0.3718,102784175300.0,0.373,0.3724,102630226815.0
2025-04-24,1152797000.0,0.2645,102322549270.0,0.41090000000000004,102509681360.0,0.41159999999999997,0.41125,102416115315.0
2025-04-25,1200644000.0,0.242,113096597680.0,0.3788,113289261170.0,0.3795,0.37915,113192929425.0
2025-04-28,872164000.0,0.2208,79893360910.0,0.3582,80034169490.0,0.3589,0.35855000000000004,79963765200.0
2025-04-29,1065537000.0,0.2289,94219783310.0,0.37670000000000003,94511197230.0,0.3778,0.37725000000000003,94365490270.0
2025-04-30,1201552000.0,0.2354,106724987440.0,0.3782,106876855310.0,0.3787,0.37844999999999995,106800921375.0
2025-05-02,1191005000.0,0.1999,112837493340.0,0.3323,113195027470.0,0.3333,0.3328,113016260405.0
2025-05-05,1924122000.0,0.24789999999999998,157581785030.0,0.3972,157960450540.0,0.3982,0.3977,157771117785.0
2025-05-06,1410627000.0,0.2445,120850516920.0,0.3837,121199036180.0,0.3848,0.38425,121024776550.0
2025-05-07,1269287000.0,0.25,113184260120.0,0.4094,113311771450.0,0.40979999999999994,0.40959999999999996,113248015785.0
2025-05-08,1003584000.0,0.22210000000000002,96444123190.0,0.37689999999999996,96638761590.0,0.37770000000000004,0.37729999999999997,96541442390.0
2025-05-09,1202996000.0,0.2271,116998702640.0,0.3859,117244156790.0,0.38670000000000004,0.38630000000000003,117121429715.0
2025-05-12,1059307000.0,0.20190000000000002,105187808920.0,0.3666,105441084210.0,0.3675,0.36705,105314446565.0
2025-05-13,1614232000.0,0.2371,155697486120.0,0.37520000000000003,155903128460.0,0.3757,0.37545,155800307290.0
2025-05-14,1518194000.0,0.217,145046350840.0,0.3331,145489387330.0,0.3342,0.33365,145267869085.0
2025-05-15,1567095000.0,0.24489999999999998,136145838670.0,0.386,136347710030.0,0.3865,0.38625,136246774350.0
2025-05-16,1648162000.0,0.25129999999999997,141346821500.0,0.40399999999999997,141755656940.0,0.4052,0.40459999999999996,141551239220.0
2025-05-19,1478322000.0,0.2415,130855533530.0,0.3889,131034440860.0,0.3895,0.3892,130944987195.0
2025-05-20,1237036000.0,0.2459,110448828430.0,0.39289999999999997,110589342990.0,0.3934,0.39315,110519085710.0
2025-05-21,1227710000.0,0.2194,113586929680.0,0.3726,113846360310.0,0.3734,0.373,113716644995.0
2025-05-22,1275975000.0,0.21350000000000002,119367603620.0,0.3931,119680522130.0,0.39409999999999995,0.39359999999999995,119524062875.0
2025-05-23,1289369000.0,0.2425,130093851460.0,0.4146,130289831830.0,0.4152,0.41490000000000005,130191841645.0
2025-05-26,1300444000.0,0.2439,111260242930.0,0.3668,111521043600.0,0.3677,0.36725,111390643265.0
2025-05-27,1484819000.0,0.2519,125646778200.0,0.3931,125860613140.0,0.39380000000000004,0.39345,125753695670.0
2025-05-28,1535533000.0,0.2707,128268970590.0,0.386,128417736270.0,0.3864,0.3862,128343353430.0
2025-05-29,1645728000.0,0.21760000000000002,146067041890.0,0.304,146568396460.0,0.305,0.3045,146317719175.0
2025-06-02,1504398000.0,0.2212,117234743100.0,0.3275,117482871120.0,0.3281,0.3278,117358807110.0
2025-06-03,1330847000.0,0.21420000000000003,122616299980.0,0.3443,122888069740.0,0.34509999999999996,0.3447,122752184860.0
2025-06-04,1441519000.0,0.2077,134877684040.0,0.3236,135382812820.0,0.3248,0.3242,135130248430.0
2025-06-05,1370175000.0,0.2114,129305824940.0,0.349,129551339200.0,0.3497,0.34935,129428582070.0
2025-06-06,1138562000.0,0.21539999999999998,108141925740.0,0.353,108328957860.0,0.35359999999999997,0.35329999999999995,108235441800.0
2025-06-09,1121833000.0,0.20679999999999998,108731022840.0,0.3533,108959569140.0,0.354,0.35365,108845295990.0
2025-06-10,1319177000.0,0.19399999999999998,124243280570.0,0.3084,124580542610.0,0.3093,0.30885,124411911590.0
2025-06-11,1378956000.0,0.2065,138211301080.0,0.3354,138530254120.0,0.3362,0.3358,138370777600.0
2025-06-12,1175218000.0,0.201,119576004380.0,0.34149999999999997,119883386370.0,0.34240000000000004,0.34195,119729695375.0
2025-06-13,1363195000.0,0.1973,125426416560.0,0.3347,125630974780.0,0.33520000000000005,0.33495,125528695670.0
2025-06-16,1032873000.0,0.1869,103790048890.0,0.3479,103994056120.0,0.3486,0.34825,103892052505.0
2025-06-17,1211099000.0,0.1977,136978924270.0,0.366,137234231990.0,0.3666,0.36629999999999996,137106578130.0
2025-06-18,1351848000.0,0.2112,143194440960.0,0.3627,143506825820.0,0.36340000000000006,0.36305000000000004,143350633390.0
2025-06-19,1217029000.0,0.2139,123631248900.0,0.36579999999999996,123726319330.0,0.3661,0.36595,123678784115.0
2025-06-20,1303547000.0,0.18989999999999999,137597894640.0,0.2966,137882926260.0,0.29719999999999996,0.29689999999999994,137740410450.0
2025-06-23,1141256000.0,0.20309999999999997,110867855950.0,0.35259999999999997,111160983550.0,0.35350000000000004,0.35305,111014419750.0
2025-06-24,1453220000.0,0.2072,143374160790.0,0.3569,143735791040.0,0.3578,0.35735,143554975915.0
2025-06-25,1254125000.0,0.1979,128873612060.0,0.32130000000000003,129080402490.0,0.3218,0.32155,128977007275.0
2025-06-26,1340670000.0,0.2091,128923994790.0,0.3223,129094545200.0,0.32270000000000004,0.3225,129009269995.0
2025-06-27,1349098000.0,0.2224,130556488310.0,0.3482,130881989340.0,0.34909999999999997,0.34865,130719238825.0
2025-06-30,1081689000.0,0.1867,112549634560.0,0.3077,112759662430.0,0.30820000000000003,0.30795,112654648495.0
2025-07-01,1368520000.0,0.2133,143446008700.0,0.33990000000000004,143714115760.0,0.34049999999999997,0.3402,143580062230.0
2025-07-02,1088127000.0,0.2132,107284053330.0,0.35240000000000005,107479766310.0,0.353,0.3527,107381909820.0
2025-07-03,1218833000.0,0.2021,132317322820.0,0.3447,132523064470.0,0.3452,0.34495,132420193645.0
2025-07-04,1165554000.0,0.2069,109044095730.0,0.3293,109135729940.0,0.3295,0.3294,109089912835.0
2025-07-07,925478000.0,0.1864,89736186760.0,0.3335,89885579970.0,0.33399999999999996,0.33375,89810883365.0
2025-07-08,920157000.0,0.17010000000000003,94465245100.0,0.33409999999999995,94698496060.0,0.33490000000000003,0.3345,94581870580.0
2025-07-09,1041119000.0,0.1843,108431998600.0,0.3361,108721425400.0,0.337,0.33655,108576712000.0
2025-07-10,1030941000.0,0.1856,117514006280.0,0.3589,117740535240.0,0.35960000000000003,0.35925,117627270760.0
2025-07-11,1165671000.0,0.1643,106842140680.0,0.3161,107106103700.0,0.31679999999999997,0.31645,106974122190.0
2025-07-14,932792000.0,0.19219999999999998,96067797490.0,0.34119999999999995,96186261610.0,0.34159999999999996,0.3413999999999999,96127029550.0
2025-07-15,1066492000.0,0.19640000000000002,118564443580.0,0.37060000000000004,118821714300.0,0.3714,0.371,118693078940.0
2025-07-16,1240167000.0,0.1945,142846059350.0,0.365,143193499400.0,0.36590000000000006,0.36545000000000005,143019779375.0
2025-07-17,1143772000.0,0.1963,123972072790.0,0.3608,124233552210.0,0.3616,0.36119999999999997,124102812500.0
2025-07-18,1150742000.0,0.1877,128717678710.0,0.3375,128953388320.0,0.3381,0.3378,128835533515.0
2025-07-21,1088431000.0,0.2061,110592087480.0,0.34950000000000003,110833457460.0,0.3503,0.3499,110712772470.0
2025-07-22,1532880000.0,0.2224,169313259050.0,0.377,169598317300.0,0.37770000000000004,0.37735,169455788175.0
2025-07-23,1330305000.0,0.2132,136226570380.0,0.3774,136543235780.0,0.37829999999999997,0.37785,136384903080.0
2025-07-24,1527530000.0,0.2415,140146545050.0,0.4023,140443678950.0,0.4031,0.4027,140295112000.0
2025-07-25,1248908000.0,0.20929999999999999,112231368760.0,0.3709,112440665960.0,0.3716,0.37124999999999997,112336017360.0
2025-07-28,1364528000.0,0.22760000000000002,119242173280.0,0.36869999999999997,119576706870.0,0.3697,0.3692,119409440075.0
2025-07-29,1540183000.0,0.2303,147969994150.0,0.3788,148221424660.0,0.37939999999999996,0.3791,148095709405.0
2025-07-30,1504838000.0,0.2468,134609089250.0,0.4003,134903461020.0,0.4012,0.40075,134756275135.0
2025-07-31,1522405000.0,0.215,138683932040.0,0.33649999999999997,139069080440.0,0.33740000000000003,0.33694999999999997,138876506240.0
2025-08-01,1462515000.0,0.2104,144746388040.0,0.3575,145337832710.0,0.359,0.35824999999999996,145042110375.0
2025-08-04,1273961000.0,0.1945,116876112120.0,0.34409999999999996,117177472730.0,0.345,0.34454999999999997,117026792425.0
2025-08-05,1284010000.0,0.1942,135707291560.0,0.35700000000000004,136096465190.0,0.358,0.35750000000000004,135901878375.0
2025-08-06,1277753000.0,0.2126,134157252880.0,0.3714,134416210600.0,0.3721,0.37175,134286731740.0
2025-08-07,1357620000.0,0.191,160361376070.0,0.3431,160774160540.0,0.3439,0.3435,160567768305.0
2025-08-08,1472071000.0,0.20989999999999998,161490700940.0,0.3737,161956573680.0,0.37479999999999997,0.37424999999999997,161723637310.0
2025-08-11,1444154000.0,0.1997,165263594130.0,0.3779,165775653470.0,0.3791,0.3785,165519623800.0
2025-08-12,1661597000.0,0.2211,160276968910.0,0.37200000000000005,160604500540.0,0.3728,0.37240000000000006,160440734725.0
2025-08-13,1962377000.0,0.2213,210746158900.0,0.36719999999999997,211301359690.0,0.3682,0.3677,211023759295.0
2025-08-14,1814223000.0,0.2284,181368309070.0,0.37270000000000003,181718752890.0,0.3734,0.37305,181543530980.0
2025-08-15,1793940000.0,0.2266,167254960510.0,0.3682,167724529190.0,0.36920000000000003,0.3687,167489744850.0
2025-08-18,1801926000.0,0.213,158390407490.0,0.34590000000000004,158976873010.0,0.3472,0.34655,158683640250.0
2025-08-19,2089102000.0,0.2523,187681174100.0,0.39270000000000005,187867690590.0,0.3931,0.3929,187774432345.0
2025-08-20,1715769000.0,0.19920000000000002,177413569170.0,0.31,177683191990.0,0.3105,0.31025,177548380580.0
2025-08-21,1514452000.0,0.21660000000000001,156097878370.0,0.371,156559018610.0,0.3721,0.37155,156328448490.0
2025-08-22,1561486000.0,0.2376,145987561910.0,0.3948,146187245660.0,0.3953,0.39505,146087403785.0
2025-08-25,1480961000.0,0.20559999999999998,148850706370.0,0.3447,149234676770.0,0.3455,0.34509999999999996,149042691570.0
2025-08-26,1715396000.0,0.2076,176399397140.0,0.33149999999999996,176772403510.0,0.3322,0.33185,176585900325.0
2025-08-27,1547061000.0,0.20149999999999998,165304960620.0,0.35369999999999996,165787891130.0,0.3547,0.35419999999999996,165546425875.0
2025-08-28,1673353000.0,0.21960000000000002,174489109610.0,0.3884,174833886110.0,0.3892,0.38880000000000003,174661497860.0
2025-08-29,1650936000.0,0.2139,175352954510.0,0.3665,175779848290.0,0.3674,0.36695,175566401400.0
2025-09-01,1625188000.0,0.2061,197709155430.0,0.37829999999999997,197977164710.0,0.3788,0.37855,197843160070.0
2025-09-02,1531904000.0,0.223,167060102470.0,0.3975,167388175890.0,0.3983,0.39790000000000003,167224139180.0
2025-09-03,1329066000.0,0.2138,147355800450.0,0.39270000000000005,147854388500.0,0.39409999999999995,0.39339999999999997,147605094475.0
2025-09-04,1703679000.0,0.2285,181450118750.0,0.40270000000000006,181659884630.0,0.4031,0.40290000000000004,181555001690.0
2025-09-05,1560875000.0,0.2238,156842981000.0,0.3676,157302719790.0,0.36869999999999997,0.36815,157072850395.0
2025-09-08,1820297000.0,0.2343,165117367310.0,0.3725,165515570200.0,0.3734,0.37295,165316468755.0
2025-09-09,1813264000.0,0.22399999999999998,180672973610.0,0.3525,181187774160.0,0.35350000000000004,0.353,180930373885.0
2025-09-10,1801002000.0,0.2071,183791962320.0,0.34,184319864610.0,0.341,0.3405,184055913465.0
2025-09-11,2107938000.0,0.2206,220880175320.0,0.36229999999999996,221298098920.0,0.363,0.36265,221089137120.0
2025-09-12,1902454000.0,0.2429,185636098060.0,0.3749,185819840140.0,0.3753,0.3751,185727969100.0
2025-09-15,1613668000.0,0.23190000000000002,143240676780.0,0.35109999999999997,143594698920.0,0.35200000000000004,0.35155000000000003,143417687850.0
2025-09-16,1866194000.0,0.2468,159769352670.0,0.35100000000000003,160260488050.0,0.3521,0.35155000000000003,160014920360.0
2025-09-17,1934827000.0,0.2464,165149520170.0,0.37560000000000004,165439429610.0,0.3762,0.3759,165294474890.0
2025-09-18,2108850000.0,0.2528,174738984780.0,0.3738,175322004090.0,0.3751,0.37445,175030494435.0
2025-09-19,2386704000.0,0.2438,204916743150.0,0.3306,205449833600.0,0.33149999999999996,0.33104999999999996,205183288375.0
2025-09-22,1825940000.0,0.23260000000000003,181077201080.0,0.37560000000000004,181615191860.0,0.37670000000000003,0.37615000000000004,181346196470.0
2025-09-23,2035654000.0,0.2274,192064549520.0,0.35109999999999997,192434396530.0,0.3517,0.3514,192249473025.0
2025-09-24,1945257000.0,0.2463,196380460940.0,0.3811,196791289070.0,0.38189999999999996,0.38149999999999995,196585875005.0
2025-09-25,2328119000.0,0.2631,178932215360.0,0.3555,179303415450.0,0.3563,0.3559,179117815405.0
2025-09-26,1866989000.0,0.22399999999999998,170371118690.0,0.3407,170627514940.0,0.34119999999999995,0.34095,170499316815.0
2025-09-30,1382416000.0,0.20629999999999998,142376464440.0,0.3127,142730744490.0,0.3134,0.31305,142553604465.0
2025-10-01,1806304000.0,0.2352,179068781870.0,0.38189999999999996,179452172490.0,0.38270000000000004,0.3823,179260477180.0
2025-10-02,1853196000.0,0.22920000000000001,183765877760.0,0.3626,184082451550.0,0.36329999999999996,0.36295,183924164655.0
2025-10-03,1705445000.0,0.21899999999999997,171502780790.0,0.35719999999999996,172007854600.0,0.3582,0.3577,171755317695.0
2025-10-07,1786315000.0,0.191,187127032110.0,0.3249,187748640110.0,0.326,0.32545,187437836110.0
2025-10-08,2055289000.0,0.2487,173590790650.0,0.36829999999999996,174098698920.0,0.36939999999999995,0.36884999999999996,173844744785.0
2025-10-09,2533778000.0,0.2682,226846302550.0,0.3893,227329777020.0,0.3901,0.3897,227088039785.0
2025-10-13,2284041000.0,0.2241,213172657750.0,0.3503,214106210320.0,0.3518,0.35105,213639434035.0
2025-10-14,3056044000.0,0.2532,273960785460.0,0.38630000000000003,274781225760.0,0.3875,0.3869,274371005610.0
2025-10-15,1882482000.0,0.22440000000000002,188924257370.0,0.36229999999999996,189567534850.0,0.3635,0.3629,189245896110.0
2025-10-16,2081455000.0,0.2303,219892806260.0,0.38880000000000003,220560689950.0,0.39,0.3894,220226748105.0
2025-10-17,2005914000.0,0.2238,201051667650.0,0.3613,201423835740.0,0.3619,0.36160000000000003,201237751695.0
2025-10-20,1957938000.0,0.2433,186504426930.0,0.3737,187135359230.0,0.375,0.37434999999999996,186819893080.0
2025-10-21,1795070000.0,0.21100000000000002,192091088880.0,0.3632,192470269060.0,0.3639,0.36355000000000004,192280678970.0
2025-10-22,1698594000.0,0.2167,175062761350.0,0.3779,175493809970.0,0.3789,0.3784,175278285660.0
2025-10-23,1652203000.0,0.2257,166829686860.0,0.3839,167160980960.0,0.3846,0.38425,166995333910.0
2025-10-27,1789659000.0,0.1916,187176941600.0,0.3317,187613757740.0,0.33240000000000003,0.33205,187395349670.0
2025-10-28,2076074000.0,0.2419,209440332500.0,0.37689999999999996,210087236250.0,0.37799999999999995,0.37744999999999995,209763784375.0
2025-10-29,2219205000.0,0.2445,233992369890.0,0.3937,234703125460.0,0.39490000000000003,0.3943,234347747675.0
2025-10-30,2244606000.0,0.2376,247272749280.0,0.39020000000000005,247823720930.0,0.3911,0.39065000000000005,247548235105.0
2025-10-31,1770883000.0,0.21230000000000002,217576190460.0,0.3776,218188895640.0,0.3787,0.37815,217882543050.0
2025-11-03,1676851000.0,0.20199999999999999,214752457450.0,0.3693,215328315270.0,0.3703,0.3698,215040386360.0
2025-11-04,1687803000.0,0.20079999999999998,225204402170.0,0.3726,225524981930.0,0.3732,0.3729,225364692050.0
2025-11-05,2067149000.0,0.2299,233008686450.0,0.3762,234115387410.0,0.37799999999999995,0.3771,233562036930.0
2025-11-06,1773571000.0,0.2255,205104490130.0,0.39880000000000004,205665322140.0,0.39990000000000003,0.39935000000000004,205384906135.0
2025-11-07,1990142000.0,0.2526,190810849150.0,0.392,191123587520.0,0.3926,0.3923,190967218335.0
2025-11-10,1828863000.0,0.2441,194783243110.0,0.38630000000000003,195455667500.0,0.3876,0.38695,195119455305.0
2025-11-11,2411348000.0,0.2702,242553102960.0,0.41490000000000005,243200324510.0,0.41600000000000004,0.41545000000000004,242876713735.0
2025-11-12,2451035000.0,0.2737,239620232840.0,0.41590000000000005,240458769100.0,0.41729999999999995,0.41659999999999997,240039500970.0
2025-11-13,3157170000.0,0.2993,291593540170.0,0.4325,292310960190.0,0.4335,0.433,291952250180.0
2025-11-14,2361204000.0,0.2375,228186447220.0,0.3712,228690764700.0,0.3721,0.37165,228438605960.0
2025-11-17,2093939000.0,0.2433,206964497990.0,0.3778,207330968900.0,0.3785,0.37815,207147733445.0
2025-11-18,2478776000.0,0.2371,250475929230.0,0.37229999999999996,250974916950.0,0.373,0.37265,250725423090.0
2025-11-19,2111839000.0,0.26170000000000004,201193819920.0,0.3897,201568036780.0,0.39039999999999997,0.39005,201380928350.0
2025-11-20,2623913000.0,0.30870000000000003,268765548720.0,0.4537,269428685760.0,0.4548,0.45425,269097117240.0
2025-11-21,1666734000.0,0.1882,185098327850.0,0.3181,185531908060.0,0.3188,0.31845,185315117955.0
2025-11-24,1833323000.0,0.1984,201139531250.0,0.26839999999999997,201697778320.0,0.2692,0.2688,201418654785.0
2025-11-25,1627473000.0,0.24230000000000002,194755583470.0,0.3968,195366642350.0,0.39799999999999996,0.3974,195061112910.0
2025-11-26,1694378000.0,0.2144,202437544260.0,0.38659999999999994,202867519730.0,0.3874,0.387,202652531995.0
2025-11-27,1557129000.0,0.2065,193557945370.0,0.3821,194043303040.0,0.38299999999999995,0.38254999999999995,193800624205.0
2025-11-28,1833731000.0,0.239,190607898400.0,0.389,191124342160.0,0.3901,0.38955,190866120280.0
2025-12-01,1770472000.0,0.2386,186266347770.0,0.3774,186768991890.0,0.3785,0.37795,186517669830.0
2025-12-02,1936113000.0,0.2644,195091141360.0,0.40090000000000003,195383087370.0,0.40149999999999997,0.4012,195237114365.0
2025-12-03,1699919000.0,0.24850000000000003,179077921690.0,0.39159999999999995,179334430870.0,0.3921,0.39185,179206176280.0
2025-12-04,1542643000.0,0.2382,158871982630.0,0.39909999999999995,159119073000.0,0.3998,0.39944999999999997,158995527815.0
2025-12-05,1759359000.0,0.2594,188966088950.0,0.4132,189400325730.0,0.4142,0.4137,189183207340.0
2025-12-08,1729043000.0,0.2273,154638138430.0,0.3528,155084558050.0,0.3538,0.3533,154861348240.0
2025-12-09,2318417000.0,0.28559999999999997,207896333010.0,0.39630000000000004,208434311180.0,0.3973,0.39680000000000004,208165322095.0
2025-12-10,2196666000.0,0.26649999999999996,190512202970.0,0.3741,190827881330.0,0.37479999999999997,0.37444999999999995,190670042150.0
2025-12-11,1919491000.0,0.2373,197748848430.0,0.36810000000000004,198114266770.0,0.3688,0.36845000000000006,197931557600.0
2025-12-12,2187984000.0,0.2571,192470481540.0,0.39380000000000004,192904505740.0,0.3947,0.39425,192687493640.0
2025-12-15,1812918000.0,0.23070000000000002,158824560770.0,0.3515,159297963170.0,0.35259999999999997,0.35205,159061261970.0
2025-12-16,2146047000.0,0.2238,184353956110.0,0.3369,184742744800.0,0.33759999999999996,0.33724999999999994,184548350455.0
2025-12-17,2276378000.0,0.2523,190205663410.0,0.3624,190755062580.0,0.36340000000000006,0.3629,190480362995.0
2025-12-18,2176258000.0,0.2575,176675797890.0,0.384,176940210950.0,0.3846,0.3843,176808004420.0
2025-12-19,2170529000.0,0.2373,189214577650.0,0.3329,189591690100.0,0.3335,0.3332,189403133875.0
2025-12-22,1838614000.0,0.2046,172976182600.0,0.3428,173368066510.0,0.3436,0.3432,173172124555.0
2025-12-23,1819557000.0,0.2284,154528955710.0,0.3577,154785001690.0,0.3583,0.358,154656978700.0
2025-12-24,1839513000.0,0.2328,165304597320.0,0.3764,165627265520.0,0.3772,0.3768,165465931420.0
2025-12-26,1732442000.0,0.21420000000000003,152807150750.0,0.34409999999999996,153129853960.0,0.3448,0.34445,152968502355.0
2025-12-29,1799266000.0,0.20989999999999998,156807805080.0,0.3343,157207680250.0,0.33509999999999995,0.3347,157007742665.0
2025-12-30,2333801000.0,0.26289999999999997,185225275340.0,0.3942,185811839140.0,0.3954,0.3948,185518557240.0
2025-12-31,2551089000.0,0.2611,210420821550.0,0.3836,210877971300.0,0.3845,0.38405,210649396425.0
2026-01-02,2465324000.0,0.2298,240385030270.0,0.3589,241369442920.0,0.3603,0.35960000000000003,240877236595.0
2026-01-05,2577449000.0,0.2102,275225044910.0,0.3436,275927380160.0,0.34450000000000003,0.34405,275576212535.0
2026-01-06,3129432000.0,0.25989999999999996,281394755630.0,0.3686,282595729120.0,0.37020000000000003,0.3694,281995242375.0
2026-01-07,3572074000.0,0.2506,336754133000.0,0.38189999999999996,337789524700.0,0.38299999999999995,0.38244999999999996,337271828850.0
2026-01-08,3717240000.0,0.2808,291181459070.0,0.3835,291739723940.0,0.38420000000000004,0.38385,291460591505.0
2026-01-09,3079169000.0,0.2712,276572136140.0,0.3926,277453563770.0,0.39390000000000003,0.39325,277012849955.0
2026-01-12,2284640000.0,0.2133,213442149260.0,0.3407,214027443980.0,0.34159999999999996,0.34114999999999995,213734796620.0
2026-01-13,3068059000.0,0.2536,281854829950.0,0.3762,282442268970.0,0.377,0.3766,282148549460.0
2026-01-14,2416311000.0,0.21309999999999998,239915427710.0,0.3517,240710908320.0,0.3529,0.3523,240313168015.0
2026-01-15,2739821000.0,0.23809999999999998,238550930340.0,0.355,239283306840.0,0.35609999999999997,0.35555,238917118590.0
2026-01-16,3010365000.0,0.23600000000000002,304241616120.0,0.35729999999999995,305143294000.0,0.3583,0.3578,304692455060.0
2026-01-19,3259477000.0,0.2384,302778764170.0,0.3677,304161336240.0,0.3693,0.36850000000000005,303470050205.0
2026-01-20,3295456000.0,0.2502,299860367180.0,0.3749,301045128980.0,0.3764,0.37565000000000004,300452748080.0
2026-01-21,3698278000.0,0.256,325896367790.0,0.36229999999999996,326772118360.0,0.36329999999999996,0.36279999999999996,326334243075.0
2026-01-22,3257119000.0,0.24850000000000003,299320203980.0,0.3674,299959693420.0,0.3682,0.3678,299639948700.0
2026-01-23,3004700000.0,0.2482,312330051430.0,0.38159999999999994,313238729400.0,0.38270000000000004,0.38215,312784390415.0
2026-01-26,2659611000.0,0.2297,281985423310.0,0.37729999999999997,282975184380.0,0.3786,0.37795,282480303845.0
2026-01-27,3259388000.0,0.2552,318885575300.0,0.39,319946694580.0,0.39130000000000004,0.39065000000000005,319416134940.0
2026-01-28,3226567000.0,0.2491,329608617150.0,0.3859,330631310190.0,0.3871,0.3865,330119963670.0
2026-01-29,3858470000.0,0.2846,398627134050.0,0.4153,399374320950.0,0.41609999999999997,0.41569999999999996,399000727500.0
2026-01-30,3807718000.0,0.2837,360034049320.0,0.3824,361177298950.0,0.3836,0.383,360605674135.0
2026-02-02,2890208000.0,0.2462,283576649230.0,0.3676,284014131460.0,0.36810000000000004,0.36785,283795390345.0
2026-02-03,3108925000.0,0.2698,359119475280.0,0.4371,359654542090.0,0.43770000000000003,0.4374,359387008685.0
2026-02-04,2545232000.0,0.2505,294666860940.0,0.4181,295930962800.0,0.4199,0.41900000000000004,295298911870.0
2026-02-05,2706794000.0,0.2419,268227427990.0,0.375,268632574700.0,0.37560000000000004,0.3753,268430001345.0
2026-02-06,2825846000.0,0.2677,290777691820.0,0.4152,291987703000.0,0.4169,0.41605000000000003,291382697410.0
2026-02-09,2078360000.0,0.22089999999999999,234111071630.0,0.3579,234531508230.0,0.3586,0.35824999999999996,234321289930.0
2026-02-10,1948420000.0,0.228,258289671740.0,0.38060000000000005,258834879020.0,0.3814,0.381,258562275380.0
2026-02-11,2159074000.0,0.22390000000000002,245477729640.0,0.35100000000000003,246313338980.0,0.3522,0.3516,245895534310.0
2026-02-23,2659115000.0,0.20190000000000002,277920500900.0,0.2925,278938406110.0,0.29359999999999997,0.29305,278429453505.0
2026-02-24,2757393000.0,0.2094,301438508160.0,0.3497,303038501990.0,0.35159999999999997,0.35065,302238505075.0
2026-02-25,3774915000.0,0.23879999999999998,366478587010.0,0.359,367692073500.0,0.3602,0.35960000000000003,367085330255.0
2026-02-26,3334614000.0,0.21280000000000002,376200951990.0,0.3114,378013639840.0,0.3129,0.31215000000000004,377107295915.0
2026-03-02,3468152000.0,0.23170000000000002,357548971840.0,0.3525,359794097010.0,0.35479999999999995,0.35364999999999996,358671534425.0
2026-03-03,4019491000.0,0.24309999999999998,400288215550.0,0.35950000000000004,401467744480.0,0.36060000000000003,0.36005000000000004,400877980015.0
2026-03-04,3927751000.0,0.2306,363046369300.0,0.33020000000000005,363918340070.0,0.331,0.3306,363482354685.0
2026-03-05,2948333000.0,0.2501,298247022460.0,0.37579999999999997,298934107730.0,0.37670000000000003,0.37625,298590565095.0
2026-03-06,2650871000.0,0.2597,257856471570.0,0.3933,258641932310.0,0.3945,0.39390000000000003,258249201940.0
2026-03-09,3509531000.0,0.2427,257664639410.0,0.2967,258518484920.0,0.2977,0.2972,258091562165.0
2026-03-10,3418269000.0,0.298,287809860600.0,0.39520000000000005,288528264980.0,0.3962,0.39570000000000005,288169062790.0
2026-03-11,2363043000.0,0.21489999999999998,231299853150.0,0.3335,232506501140.0,0.33520000000000005,0.33435000000000004,231903177145.0
2026-03-12,3832326000.0,0.3144,313821379380.0,0.40020000000000006,314372629020.0,0.40090000000000003,0.4005500000000001,314097004200.0
2026-03-13,3228478000.0,0.2854,300678724340.0,0.3994,301740952120.0,0.4008,0.4001,301209838230.0
2026-03-16,2900827000.0,0.2636,294308965770.0,0.3895,295119211780.0,0.3906,0.39005,294714088775.0
2026-03-17,2855590000.0,0.2583,329695608820.0,0.3896,330733925430.0,0.3908,0.3902,330214767125.0
2026-03-18,3087080000.0,0.2579,367556359930.0,0.39770000000000005,368520378630.0,0.3987,0.3982,368038369280.0
2026-03-19,2874595000.0,0.2434,328598510090.0,0.3675,329875171620.0,0.369,0.36824999999999997,329236840855.0
2026-03-20,3320900000.0,0.2626,365144862920.0,0.3636,365686811200.0,0.3641,0.36385,365415837060.0
2026-03-23,2230140000.0,0.1925,230914994540.0,0.324,231230305290.0,0.32439999999999997,0.3242,231072649915.0
2026-03-24,2508299000.0,0.25239999999999996,262236016780.0,0.38,261974101660.0,0.3796,0.3798,262105059220.0
2026-03-25,1931304000.0,0.2212,208964478950.0,0.32030000000000003,209486694090.0,0.3211,0.3207,209225586520.0
2026-03-26,2256700000.0,0.23850000000000002,288465467550.0,0.3762,288593779040.0,0.3764,0.37629999999999997,288529623295.0
2026-03-27,2287092000.0,0.2422,249969670120.0,0.3797,251533276220.0,0.3821,0.3809,250751473170.0
2026-03-30,2434170000.0,0.2465,251549965530.0,0.3709,252261802160.0,0.37189999999999995,0.37139999999999995,251905883845.0
2026-03-31,2980905000.0,0.24359999999999998,298332757480.0,0.33799999999999997,298858919220.0,0.3386,0.3383,298595838350.0
