Date,Close
2006-02-06,31.701358795166016
2006-02-07,30.850378036499023
2006-02-08,29.924585342407227
2006-02-09,32.26244354248047
2006-02-10,32.01930618286133
2006-02-13,32.76742172241211
2006-02-14,33.45942687988281
2006-02-15,34.16078186035156
2006-02-16,33.38461685180664
2006-02-17,34.53484344482422
2006-02-21,33.13212585449219
2006-02-22,33.73997116088867
2006-02-23,33.796077728271484
2006-02-24,33.47813034057617
2006-02-27,33.19758605957031
2006-02-28,33.169532775878906
2006-03-01,33.758670806884766
2006-03-02,33.73061752319336
2006-03-03,34.24494552612305
2006-03-06,34.525489807128906
2006-03-07,34.806034088134766
2006-03-08,34.98371124267578
2006-03-09,34.8995475769043
2006-03-10,35.66636276245117
2006-03-13,35.74117660522461
2006-03-14,36.461238861083984
2006-03-15,37.00362014770508
2006-03-16,36.72307586669922
2006-03-17,36.65761947631836
2006-03-20,37.54600524902344
2006-03-21,38.28476333618164
2006-03-22,39.874507904052734
2006-03-23,38.99547576904297
2006-03-24,39.004825592041016
2006-03-27,39.565914154052734
2006-03-28,38.153846740722656
2006-03-29,37.892005920410156
2006-03-30,36.47993850708008
2006-03-31,37.34027099609375
2006-04-03,36.592159271240234
2006-04-04,36.54540252685547
2006-04-05,36.788536071777344
2006-04-06,36.395774841308594
2006-04-07,36.30226135253906
2006-04-10,35.31100845336914
2006-04-11,35.81598663330078
2006-04-12,36.35837173461914
2006-04-13,36.87269973754883
2006-04-17,36.10588455200195
2006-04-18,35.413875579833984
2006-04-19,35.572853088378906
2006-04-20,34.40392303466797
2006-04-21,32.20633316040039
2006-04-24,33.73061752319336
2006-04-25,33.5716438293457
2006-04-26,33.44072341918945
2006-04-27,34.44132995605469
2006-04-28,33.67450714111328
2006-05-01,32.99185562133789
2006-05-02,33.67450714111328
2006-05-03,35.18008804321289
2006-05-04,36.12458801269531
2006-05-05,36.442535400390625
2006-05-08,33.19758605957031
2006-05-09,32.91704559326172
2006-05-10,32.36531066894531
2006-05-11,31.49562644958496
2006-05-12,31.327301025390625
2006-05-15,31.63589859008789
2006-05-16,30.569833755493164
2006-05-17,30.682052612304688
2006-05-18,30.33604621887207
2006-05-19,30.784915924072266
2006-05-22,30.064857482910156
2006-05-23,29.52247428894043
2006-05-24,28.419004440307617
2006-05-25,28.615385055541992
2006-05-26,29.036197662353516
2006-05-30,27.109804153442383
2006-05-31,27.52126693725586
2006-06-01,27.91402816772461
2006-06-02,27.044343948364258
2006-06-05,25.688385009765625
2006-06-06,25.884767532348633
2006-06-07,26.23076820373535
2006-06-08,25.809955596923828
2006-06-09,25.80060386657715
2006-06-12,25.03378677368164
2006-06-13,25.27692413330078
2006-06-14,26.00633430480957
2006-06-15,28.447059631347656
2006-06-16,29.438310623168945
2006-06-19,29.550527572631836
2006-06-20,29.73755645751953
2006-06-21,30.158370971679688
2006-06-22,30.39215660095215
2006-06-23,30.429563522338867
2006-06-26,29.812366485595703
2006-06-27,28.16651725769043
2006-06-28,27.86726951599121
2006-06-29,28.082353591918945
2006-06-30,29.008146286010742
2006-07-03,28.961387634277344
2006-07-05,29.036197662353516
2006-07-06,29.36349868774414
2006-07-07,29.12971305847168
2006-07-10,29.438310623168945
2006-07-11,28.821115493774414
2006-07-12,28.77435874938965
2006-07-13,26.76380157470703
2006-07-14,25.02443504333496
2006-07-17,24.949623107910156
2006-07-18,25.061840057373047
2006-07-19,26.707691192626953
2006-07-20,25.875415802001953
2006-07-21,25.202112197875977
2006-07-24,26.371042251586914
2006-07-25,25.725791931152344
2006-07-26,25.604223251342773
2006-07-27,25.239517211914062
2006-07-28,25.735143661499023
2006-07-31,24.444644927978516
2006-08-01,23.51885414123535
2006-08-02,22.67722511291504
2006-08-03,23.724586486816406
2006-08-04,23.013877868652344
2006-08-07,23.331825256347656
2006-08-08,23.1728515625
2006-08-09,22.28446388244629
2006-08-10,21.994569778442383
2006-08-11,20.881750106811523
2006-08-14,21.27450942993164
2006-08-15,21.798189163208008
2006-08-16,23.02322769165039
2006-08-17,23.107389450073242
2006-08-18,23.26636505126953
2006-08-21,22.452791213989258
2006-08-22,22.649169921875
2006-08-23,23.1728515625
2006-08-24,22.705280303955078
2006-08-25,22.181598663330078
2006-08-28,22.89230728149414
2006-08-29,23.13544464111328
2006-08-30,23.565610885620117
2006-08-31,23.378582000732422
2006-09-01,23.219608306884766
2006-09-05,23.574960708618164
2006-09-06,23.27571678161621
2006-09-07,23.322473526000977
2006-09-08,23.462745666503906
2006-09-11,23.481449127197266
2006-09-12,24.734540939331055
2006-09-13,24.968326568603516
2006-09-14,25.828659057617188
2006-09-15,25.809955596923828
2006-09-18,24.856107711791992
2006-09-19,25.99698257446289
2006-09-20,26.8853702545166
2006-09-21,26.099849700927734
2006-09-22,26.01568603515625
2006-09-25,26.604827880859375
2006-09-26,26.464553833007812
2006-09-27,25.632278442382812
2006-09-28,25.080543518066406
2006-09-29,24.846757888793945
2006-10-02,26.090497970581055
2006-10-03,27.49321174621582
2006-10-04,27.820512771606445
2006-10-05,28.14781379699707
2006-10-06,28.091705322265625
2006-10-09,27.839216232299805
2006-10-10,28.51251792907715
2006-10-11,28.998794555664062
2006-10-12,29.3822021484375
2006-10-13,28.942686080932617
2006-10-16,28.269380569458008
2006-10-17,28.344192504882812
2006-10-18,30.37345314025879
2006-10-19,31.701358795166016
2006-10-20,33.10407257080078
2006-10-23,33.11342239379883
2006-10-24,32.720664978027344
2006-10-25,32.25309371948242
2006-10-26,33.39396667480469
2006-10-27,33.01055908203125
2006-10-30,34.38521957397461
2006-10-31,33.609046936035156
2006-11-01,32.95445251464844
2006-11-02,32.7580680847168
2006-11-03,32.51493453979492
2006-11-06,33.35655975341797
2006-11-07,33.19758605957031
2006-11-08,32.67390441894531
2006-11-09,32.49623107910156
2006-11-10,33.319156646728516
2006-11-13,34.600303649902344
2006-11-14,34.319759368896484
2006-11-15,37.39638137817383
2006-11-16,38.80844497680664
2006-11-17,37.82654571533203
2006-11-20,37.58340835571289
2006-11-21,39.53785705566406
2006-11-22,41.146305084228516
2006-11-24,41.55776596069336
2006-11-27,38.930015563964844
2006-11-28,37.882652282714844
2006-11-29,38.35957717895508
2006-11-30,37.948116302490234
2006-12-01,37.84524917602539
2006-12-04,39.135746002197266
2006-12-05,39.20120620727539
2006-12-06,39.509803771972656
2006-12-07,39.837100982666016
2006-12-08,40.155052185058594
2006-12-11,41.641929626464844
2006-12-12,40.42624282836914
2006-12-13,42.305885314941406
2006-12-14,41.6606330871582
2006-12-15,41.52971267700195
2006-12-18,41.81025695800781
2006-12-19,42.24977493286133
2006-12-20,41.00603103637695
2006-12-21,40.5665168762207
2006-12-22,40.0428352355957
2006-12-26,41.146305084228516
2006-12-27,41.13695526123047
2006-12-28,40.809654235839844
2006-12-29,41.146305084228516
2007-01-03,43.35324478149414
2007-01-04,44.27903366088867
2007-01-05,43.53091812133789
2007-01-08,43.764705657958984
2007-01-09,43.8021125793457
2007-01-10,45.68174743652344
2007-01-11,46.83197784423828
2007-01-12,46.90678787231445
2007-01-16,47.88868713378906
2007-01-17,45.91553497314453
2007-01-18,46.392459869384766
2007-01-19,45.96229553222656
2007-01-22,45.588233947753906
2007-01-23,41.903770446777344
2007-01-24,42.71734619140625
2007-01-25,42.259124755859375
2007-01-26,40.72549057006836
2007-01-29,42.109500885009766
2007-01-30,40.25791931152344
2007-01-31,40.398189544677734
2007-02-01,41.314632415771484
2007-02-02,41.43619918823242
2007-02-05,41.50165939331055
2007-02-06,42.19366455078125
2007-02-07,42.41809844970703
2007-02-08,41.98793411254883
2007-02-09,41.5390625
2007-02-12,41.85701370239258
2007-02-13,41.81025695800781
2007-02-14,41.959877014160156
2007-02-15,41.61387634277344
2007-02-16,41.754150390625
2007-02-20,42.240421295166016
2007-02-21,41.69804000854492
2007-02-22,40.57586669921875
2007-02-23,39.96802520751953
2007-02-26,39.416290283203125
2007-02-27,37.424434661865234
2007-02-28,37.39638137817383
2007-03-01,37.387027740478516
2007-03-02,36.536048889160156
2007-03-05,35.956260681152344
2007-03-06,36.65761947631836
2007-03-07,36.311614990234375
2007-03-08,35.7318229675293
2007-03-09,35.956260681152344
2007-03-12,37.387027740478516
2007-03-13,36.34901809692383
2007-03-14,35.36711883544922
2007-03-15,36.3770751953125
2007-03-16,35.96561050415039
2007-03-19,37.22805404663086
2007-03-20,37.60211181640625
2007-03-21,38.780391693115234
2007-03-22,37.12519073486328
2007-03-23,36.85399627685547
2007-03-26,35.83469009399414
2007-03-27,35.87209701538086
2007-03-28,35.63831329345703
2007-03-29,35.572853088378906
2007-03-30,35.69441604614258
2007-04-02,35.86274337768555
2007-04-03,37.56470489501953
2007-04-04,37.45248794555664
2007-04-05,38.28476333618164
2007-04-09,39.565914154052734
2007-04-10,39.1825065612793
2007-04-11,39.809051513671875
2007-04-12,39.509803771972656
2007-04-13,39.43498992919922
2007-04-16,39.99607849121094
2007-04-17,40.51976013183594
2007-04-18,41.36138916015625
2007-04-19,40.005428314208984
2007-04-20,38.20060348510742
2007-04-23,36.84464645385742
2007-04-24,36.62021255493164
2007-04-25,35.79728317260742
2007-04-26,34.55354690551758
2007-04-27,31.804222106933594
2007-04-30,31.233787536621094
2007-05-01,31.0467586517334
2007-05-02,31.570436477661133
2007-05-03,31.374055862426758
2007-05-04,33.26304626464844
2007-05-07,33.169532775878906
2007-05-08,33.45942687988281
2007-05-09,32.963802337646484
2007-05-10,32.36531066894531
2007-05-11,32.468177795410156
2007-05-14,31.579790115356445
2007-05-15,31.140270233154297
2007-05-16,32.37466049194336
2007-05-17,33.319156646728516
2007-05-18,33.45942687988281
2007-05-21,33.300453186035156
2007-05-22,34.413272857666016
2007-05-23,34.675113677978516
2007-05-24,35.32036209106445
2007-05-25,35.64766311645508
2007-05-29,36.45188522338867
2007-05-30,36.769832611083984
2007-05-31,36.713722229003906
2007-06-01,36.264854431152344
2007-06-04,33.86153793334961
2007-06-05,34.38521957397461
2007-06-06,34.00181198120117
2007-06-07,32.832881927490234
2007-06-08,33.73061752319336
2007-06-11,33.10407257080078
2007-06-12,32.35595703125
2007-06-13,32.7580680847168
2007-06-14,33.468780517578125
2007-06-15,33.44072341918945
2007-06-18,33.038612365722656
2007-06-19,35.46998596191406
2007-06-20,36.161991119384766
2007-06-21,36.79788589477539
2007-06-22,36.81658935546875
2007-06-25,36.43318176269531
2007-06-26,36.10588455200195
2007-06-27,36.423831939697266
2007-06-28,37.994873046875
2007-06-29,37.95746612548828
2007-07-02,38.46244430541992
2007-07-03,39.369529724121094
2007-07-05,41.333335876464844
2007-07-06,42.02533721923828
2007-07-09,41.95052719116211
2007-07-10,40.809654235839844
2007-07-11,40.155052185058594
2007-07-12,40.26727294921875
2007-07-13,40.28597640991211
2007-07-16,41.61387634277344
2007-07-17,42.801509857177734
2007-07-18,44.21357345581055
2007-07-19,43.88627624511719
2007-07-20,44.120059967041016
2007-07-23,44.176170349121094
2007-07-24,46.037105560302734
2007-07-25,45.09260940551758
2007-07-26,43.5402717590332
2007-07-27,42.59577560424805
2007-07-30,42.36199188232422
2007-07-31,41.277225494384766
2007-08-01,41.55776596069336
2007-08-02,42.67993927001953
2007-08-03,41.903770446777344
2007-08-06,40.660030364990234
2007-08-07,40.63197708129883
2007-08-08,43.128807067871094
2007-08-09,40.97797775268555
2007-08-10,39.86515808105469
2007-08-13,39.70618438720703
2007-08-14,38.9674186706543
2007-08-15,35.64766311645508
2007-08-16,36.05912780761719
2007-08-17,38.00422286987305
2007-08-20,37.81719207763672
2007-08-21,40.06153869628906
2007-08-22,40.98733139038086
2007-08-23,40.8751106262207
2007-08-24,42.55836868286133
2007-08-27,41.3707389831543
2007-08-28,40.95927429199219
2007-08-29,42.37134552001953
2007-08-30,43.10075378417969
2007-08-31,44.39125442504883
2007-09-04,44.746604919433594
2007-09-05,43.90497970581055
2007-09-06,42.913726806640625
2007-09-07,41.782203674316406
2007-09-10,41.754150390625
2007-09-11,42.745399475097656
2007-09-12,41.333335876464844
2007-09-13,42.10015106201172
2007-09-14,42.88567352294922
2007-09-17,41.978580474853516
2007-09-18,43.128807067871094
2007-09-19,44.69049835205078
2007-09-20,43.792762756347656
2007-09-21,43.02593994140625
2007-09-24,40.42624282836914
2007-09-25,41.24917221069336
2007-09-26,42.801509857177734
2007-09-27,42.801509857177734
2007-09-28,43.51221466064453
2007-10-01,44.68114471435547
2007-10-02,45.625640869140625
2007-10-03,45.13001251220703
2007-10-04,44.05459976196289
2007-10-05,45.26093673706055
2007-10-08,45.44796371459961
2007-10-09,45.85942840576172
2007-10-10,45.54147720336914
2007-10-11,44.52217102050781
2007-10-12,44.71855163574219
2007-10-15,43.55897521972656
2007-10-16,44.69049835205078
2007-10-17,46.43921661376953
2007-10-18,45.850074768066406
2007-10-19,44.76530838012695
2007-10-22,45.008445739746094
2007-10-23,48.15052795410156
2007-10-24,47.0096549987793
2007-10-25,45.45731735229492
2007-10-26,44.21357345581055
2007-10-29,43.596378326416016
2007-10-30,45.05520248413086
2007-10-31,44.793365478515625
2007-11-01,44.026546478271484
2007-11-02,42.57707214355469
2007-11-05,42.39004898071289
2007-11-06,40.660030364990234
2007-11-07,39.285369873046875
2007-11-08,38.75233840942383
2007-11-09,37.69562911987305
2007-11-12,38.35957717895508
2007-11-13,40.678733825683594
2007-11-14,41.30527877807617
2007-11-15,40.45429611206055
2007-11-16,40.12699890136719
2007-11-19,38.11643981933594
2007-11-20,35.71311950683594
2007-11-21,36.47058868408203
2007-11-23,37.62081527709961
2007-11-26,37.20000076293945
2007-11-27,37.97616958618164
2007-11-28,38.80844497680664
2007-11-29,37.517948150634766
2007-11-30,38.28476333618164
2007-12-03,37.22805404663086
2007-12-04,37.387027740478516
2007-12-05,37.52730178833008
2007-12-06,37.994873046875
2007-12-07,39.640724182128906
2007-12-10,39.2105598449707
2007-12-11,36.461238861083984
2007-12-12,34.1140251159668
2007-12-13,34.188838958740234
2007-12-14,34.38521957397461
2007-12-17,32.552337646484375
2007-12-18,32.37466049194336
2007-12-19,34.132728576660156
2007-12-20,33.23499298095703
2007-12-21,33.431373596191406
2007-12-24,34.57225036621094
2007-12-26,33.78672790527344
2007-12-27,32.54298400878906
2007-12-28,32.25309371948242
2007-12-31,33.34720993041992
2008-01-02,29.915233612060547
2008-01-03,29.690799713134766
2008-01-04,31.000001907348633
2008-01-07,29.18000030517578
2008-01-08,24.389999389648438
2008-01-09,26.030000686645508
2008-01-10,32.189998626708984
2008-01-11,32.06999969482422
2008-01-14,32.93000030517578
2008-01-15,34.56999969482422
2008-01-16,34.63999938964844
2008-01-17,33.41999816894531
2008-01-18,32.939998626708984
2008-01-22,31.8700008392334
2008-01-23,36.40999984741211
2008-01-24,34.470001220703125
2008-01-25,34.869998931884766
2008-01-28,35.630001068115234
2008-01-29,35.66999816894531
2008-01-30,36.0
2008-01-31,37.95000076293945
2008-02-01,41.13999938964844
2008-02-04,38.58000183105469
2008-02-05,36.65999984741211
2008-02-06,37.66999816894531
2008-02-07,39.54999923706055
2008-02-08,39.959999084472656
2008-02-11,40.11000061035156
2008-02-12,38.83000183105469
2008-02-13,38.59000015258789
2008-02-14,37.029998779296875
2008-02-15,37.349998474121094
2008-02-19,35.810001373291016
2008-02-20,37.13999938964844
2008-02-21,35.90999984741211
2008-02-22,35.4900016784668
2008-02-25,35.25
2008-02-26,34.95000076293945
2008-02-27,33.22999954223633
2008-02-28,31.940000534057617
2008-02-29,30.299999237060547
2008-03-03,29.34000015258789
2008-03-04,28.399999618530273
2008-03-05,30.170000076293945
2008-03-06,28.309999465942383
2008-03-07,28.09000015258789
2008-03-10,26.489999771118164
2008-03-11,26.829999923706055
2008-03-12,24.290000915527344
2008-03-13,24.049999237060547
2008-03-14,22.68000030517578
2008-03-17,20.90999984741211
2008-03-18,22.56999969482422
2008-03-19,23.18000030517578
2008-03-20,23.170000076293945
2008-03-24,23.639999389648438
2008-03-25,24.1299991607666
2008-03-26,21.989999771118164
2008-03-27,21.25
2008-03-28,21.190000534057617
2008-03-31,21.530000686645508
2008-04-01,23.1299991607666
2008-04-02,22.040000915527344
2008-04-03,21.790000915527344
2008-04-04,21.200000762939453
2008-04-07,22.18000030517578
2008-04-08,22.729999542236328
2008-04-09,21.15999984741211
2008-04-10,22.399999618530273
2008-04-11,22.899999618530273
2008-04-14,23.610000610351562
2008-04-15,22.31999969482422
2008-04-16,22.860000610351562
2008-04-17,22.399999618530273
2008-04-18,22.850000381469727
2008-04-21,21.43000030517578
2008-04-22,13.550000190734863
2008-04-23,13.949999809265137
2008-04-24,15.399999618530273
2008-04-25,15.210000038146973
2008-04-28,14.8100004196167
2008-04-29,14.930000305175781
2008-04-30,14.899999618530273
2008-05-01,16.100000381469727
2008-05-02,15.890000343322754
2008-05-05,15.0
2008-05-06,14.149999618530273
2008-05-07,13.819999694824219
2008-05-08,13.539999961853027
2008-05-09,13.710000038146973
2008-05-12,14.0
2008-05-13,13.710000038146973
2008-05-14,14.170000076293945
2008-05-15,14.380000114440918
2008-05-16,13.8100004196167
2008-05-19,12.420000076293945
2008-05-20,11.5600004196167
2008-05-21,8.149999618530273
2008-05-22,8.149999618530273
2008-05-23,7.519999980926514
2008-05-27,8.180000305175781
2008-05-28,7.909999847412109
2008-05-29,8.390000343322754
2008-05-30,8.539999961853027
2008-06-02,7.880000114440918
2008-06-03,8.529999732971191
2008-06-04,9.140000343322754
2008-06-05,10.109999656677246
2008-06-06,8.640000343322754
2008-06-09,8.279999732971191
2008-06-10,8.25
2008-06-11,7.21999979019165
2008-06-12,6.309999942779541
2008-06-13,6.860000133514404
2008-06-16,7.190000057220459
2008-06-17,7.0
2008-06-18,6.550000190734863
2008-06-19,8.109999656677246
2008-06-20,7.159999847412109
2008-06-23,6.090000152587891
2008-06-24,6.010000228881836
2008-06-25,5.75
2008-06-26,5.559999942779541
2008-06-27,5.559999942779541
2008-06-30,5.21999979019165
2008-07-01,4.599999904632568
2008-07-02,4.010000228881836
2008-07-03,3.859999895095825
2008-07-07,4.190000057220459
2008-07-08,4.75
2008-07-09,4.409999847412109
2008-07-10,4.170000076293945
2008-07-11,3.630000114440918
2008-07-14,3.430000066757202
2008-07-15,3.130000114440918
2008-07-16,4.429999828338623
2008-07-17,5.070000171661377
2008-07-18,5.449999809265137
2008-07-21,4.989999771118164
2008-07-22,8.40999984741211
2008-07-23,9.350000381469727
2008-07-24,7.449999809265137
2008-07-25,7.650000095367432
2008-07-28,7.010000228881836
2008-07-29,8.510000228881836
2008-07-30,7.900000095367432
2008-07-31,8.3100004196167
2008-08-01,8.199999809265137
2008-08-04,8.930000305175781
2008-08-05,10.239999771118164
2008-08-06,10.100000381469727
2008-08-07,9.609999656677246
2008-08-08,11.130000114440918
2008-08-11,12.270000457763672
2008-08-12,13.300000190734863
2008-08-13,12.0600004196167
2008-08-14,12.680000305175781
2008-08-15,14.180000305175781
2008-08-18,14.9399995803833
2008-08-19,13.569999694824219
2008-08-20,12.399999618530273
2008-08-21,11.329999923706055
2008-08-22,12.720000267028809
2008-08-25,12.170000076293945
2008-08-26,11.149999618530273
2008-08-27,9.880000114440918
2008-08-28,11.0
2008-08-29,11.109999656677246
2008-09-02,12.40999984741211
2008-09-03,12.5600004196167
2008-09-04,11.920000076293945
2008-09-05,12.300000190734863
2008-09-08,10.920000076293945
2008-09-09,10.600000381469727
2008-09-10,9.970000267028809
2008-09-11,11.119999885559082
2008-09-12,11.359999656677246
2008-09-15,12.359999656677246
2008-09-16,14.020000457763672
2008-09-17,12.529999732971191
2008-09-18,12.90999984741211
2008-09-19,13.239999771118164
2008-09-22,11.800000190734863
2008-09-23,11.800000190734863
2008-09-24,10.350000381469727
2008-09-25,9.960000038146973
2008-09-26,9.149999618530273
2008-09-29,8.329999923706055
2008-09-30,8.789999961853027
2008-10-01,9.520000457763672
2008-10-02,9.109999656677246
2008-10-03,8.109999656677246
2008-10-06,6.699999809265137
2008-10-07,5.019999980926514
2008-10-08,5.400000095367432
2008-10-09,5.349999904632568
2008-10-10,6.019999980926514
2008-10-13,7.0
2008-10-14,7.130000114440918
2008-10-15,7.349999904632568
2008-10-16,10.300000190734863
2008-10-17,12.279999732971191
2008-10-20,12.670000076293945
2008-10-21,13.800000190734863
2008-10-22,14.649999618530273
2008-10-23,12.510000228881836
2008-10-24,11.949999809265137
2008-10-27,11.399999618530273
2008-10-28,12.760000228881836
2008-10-29,11.0
2008-10-30,13.180000305175781
2008-10-31,14.5600004196167
2008-11-03,16.59000015258789
2008-11-04,15.479999542236328
2008-11-05,14.460000038146973
2008-11-06,14.270000457763672
2008-11-07,13.979999542236328
2008-11-10,13.34000015258789
2008-11-11,12.829999923706055
2008-11-12,9.329999923706055
2008-11-13,11.0
2008-11-14,10.149999618530273
2008-11-17,10.6899995803833
2008-11-18,11.029999732971191
2008-11-19,8.5600004196167
2008-11-20,7.53000020980835
2008-11-21,7.670000076293945
2008-11-24,8.850000381469727
2008-11-25,11.039999961853027
2008-11-26,11.029999732971191
2008-11-28,11.25
2008-12-01,8.9399995803833
2008-12-02,9.640000343322754
2008-12-03,9.920000076293945
2008-12-04,10.430000305175781
2008-12-05,11.760000228881836
2008-12-08,12.100000381469727
2008-12-09,10.520000457763672
2008-12-10,10.359999656677246
2008-12-11,9.430000305175781
2008-12-12,9.9399995803833
2008-12-15,9.520000457763672
2008-12-16,10.220000267028809
2008-12-17,10.600000381469727
2008-12-18,11.010000228881836
2008-12-19,11.09000015258789
2008-12-22,10.670000076293945
2008-12-23,10.369999885559082
2008-12-24,10.579999923706055
2008-12-26,10.520000457763672
2008-12-29,10.569999694824219
2008-12-30,10.739999771118164
2008-12-31,11.020000457763672
2009-01-02,11.869999885559082
2009-01-05,11.449999809265137
2009-01-06,12.0600004196167
2009-01-07,12.0600004196167
2009-01-08,12.770000457763672
2009-01-09,12.239999771118164
2009-01-12,11.649999618530273
2009-01-13,11.039999961853027
2009-01-14,10.270000457763672
2009-01-15,11.140000343322754
2009-01-16,11.949999809265137
2009-01-20,11.619999885559082
2009-01-21,10.90999984741211
2009-01-22,11.449999809265137
2009-01-23,11.829999923706055
2009-01-26,12.109999656677246
2009-01-27,11.039999961853027
2009-01-28,11.720000267028809
2009-01-29,10.5
2009-01-30,9.4399995803833
2009-02-02,9.079999923706055
2009-02-03,8.970000267028809
2009-02-04,8.539999961853027
2009-02-05,8.579999923706055
2009-02-06,8.9399995803833
2009-02-09,8.890000343322754
2009-02-10,8.229999542236328
2009-02-11,7.53000020980835
2009-02-12,7.869999885559082
2009-02-13,7.989999771118164
2009-02-17,7.46999979019165
2009-02-18,6.360000133514404
2009-02-19,6.070000171661377
2009-02-20,5.420000076293945
2009-02-23,6.480000019073486
2009-02-24,6.71999979019165
2009-02-25,6.300000190734863
2009-02-26,5.989999771118164
2009-02-27,4.909999847412109
2009-03-02,4.260000228881836
2009-03-03,3.940000057220459
2009-03-04,4.21999979019165
2009-03-05,3.6600000858306885
2009-03-06,3.940000057220459
2009-03-09,3.8399999141693115
2009-03-10,4.5
2009-03-11,5.099999904632568
2009-03-12,5.590000152587891
2009-03-13,6.070000171661377
2009-03-16,5.440000057220459
2009-03-17,5.78000020980835
2009-03-18,6.019999980926514
2009-03-19,5.190000057220459
2009-03-20,4.480000019073486
2009-03-23,4.789999961853027
2009-03-24,4.550000190734863
2009-03-25,4.760000228881836
2009-03-26,5.400000095367432
2009-03-27,5.019999980926514
2009-03-30,4.5
2009-03-31,4.480000019073486
2009-04-01,4.860000133514404
2009-04-02,5.28000020980835
2009-04-03,5.289999961853027
2009-04-06,5.860000133514404
2009-04-07,5.46999979019165
2009-04-08,5.699999809265137
2009-04-09,6.559999942779541
2009-04-13,6.760000228881836
2009-04-14,6.050000190734863
2009-04-15,6.559999942779541
2009-04-16,6.46999979019165
2009-04-17,6.449999809265137
2009-04-20,5.869999885559082
2009-04-21,6.630000114440918
2009-04-22,6.179999828338623
2009-04-23,6.389999866485596
2009-04-24,6.420000076293945
2009-04-27,5.5
2009-04-28,5.050000190734863
2009-04-29,5.179999828338623
2009-04-30,4.920000076293945
2009-05-01,5.159999847412109
2009-05-04,5.610000133514404
2009-05-05,6.21999979019165
2009-05-06,6.019999980926514
2009-05-07,5.570000171661377
2009-05-08,5.570000171661377
2009-05-11,5.510000228881836
2009-05-12,5.25
2009-05-13,4.829999923706055
2009-05-14,4.920000076293945
2009-05-15,4.760000228881836
2009-05-18,5.099999904632568
2009-05-19,5.139999866485596
2009-05-20,5.0
2009-05-21,4.889999866485596
2009-05-22,4.869999885559082
2009-05-26,4.909999847412109
2009-05-27,4.53000020980835
2009-05-28,4.389999866485596
2009-05-29,4.650000095367432
2009-06-01,4.96999979019165
2009-06-02,5.269999980926514
2009-06-03,5.289999961853027
2009-06-04,5.119999885559082
2009-06-05,5.039999961853027
2009-06-08,4.650000095367432
2009-06-09,4.659999847412109
2009-06-10,4.369999885559082
2009-06-11,4.119999885559082
2009-06-12,3.8299999237060547
2009-06-15,3.7300000190734863
2009-06-16,3.819999933242798
2009-06-17,3.9800000190734863
2009-06-18,3.819999933242798
2009-06-19,3.8499999046325684
2009-06-22,3.569999933242798
2009-06-23,3.200000047683716
2009-06-24,3.1700000762939453
2009-06-25,3.569999933242798
2009-06-26,3.4800000190734863
2009-06-29,3.4700000286102295
2009-06-30,3.190000057220459
2009-07-01,3.2899999618530273
2009-07-02,3.309999942779541
2009-07-06,3.3399999141693115
2009-07-07,3.259999990463257
2009-07-08,3.25
2009-07-09,3.180000066757202
2009-07-10,3.259999990463257
2009-07-13,3.309999942779541
2009-07-14,3.2699999809265137
2009-07-15,3.4700000286102295
2009-07-16,3.490000009536743
2009-07-17,3.390000104904175
2009-07-20,3.509999990463257
2009-07-21,3.7200000286102295
2009-07-22,3.359999895095825
2009-07-23,3.440000057220459
2009-07-24,3.7899999618530273
2009-07-27,3.7200000286102295
2009-07-28,3.9600000381469727
2009-07-29,4.159999847412109
2009-07-30,4.130000114440918
2009-07-31,4.119999885559082
2009-08-03,4.210000038146973
2009-08-04,5.0
2009-08-05,5.920000076293945
2009-08-06,5.849999904632568
2009-08-07,6.039999961853027
2009-08-10,5.96999979019165
2009-08-11,5.710000038146973
2009-08-12,5.829999923706055
2009-08-13,6.309999942779541
2009-08-14,6.150000095367432
2009-08-17,5.630000114440918
2009-08-18,5.769999980926514
2009-08-19,5.610000133514404
2009-08-20,5.789999961853027
2009-08-21,6.0
2009-08-24,6.03000020980835
2009-08-25,6.550000190734863
2009-08-26,6.760000228881836
2009-08-27,6.539999961853027
2009-08-28,6.519999980926514
2009-08-31,6.230000019073486
2009-09-01,5.710000038146973
2009-09-02,5.670000076293945
2009-09-03,6.179999828338623
2009-09-04,6.309999942779541
2009-09-08,6.329999923706055
2009-09-09,6.449999809265137
2009-09-10,7.599999904632568
2009-09-11,7.659999847412109
2009-09-14,8.430000305175781
2009-09-15,8.789999961853027
2009-09-16,9.09000015258789
2009-09-17,8.600000381469727
2009-09-18,8.520000457763672
2009-09-21,9.399999618530273
2009-09-22,9.050000190734863
2009-09-23,8.729999542236328
2009-09-24,8.829999923706055
2009-09-25,9.300000190734863
2009-09-28,9.130000114440918
2009-09-29,9.180000305175781
2009-09-30,9.220000267028809
2009-10-01,7.239999771118164
2009-10-02,7.210000038146973
2009-10-05,7.300000190734863
2009-10-06,7.210000038146973
2009-10-07,6.989999771118164
2009-10-08,7.21999979019165
2009-10-09,7.199999809265137
2009-10-12,7.159999847412109
2009-10-13,7.28000020980835
2009-10-14,7.820000171661377
2009-10-15,7.639999866485596
2009-10-16,7.429999828338623
2009-10-19,7.260000228881836
2009-10-20,7.900000095367432
2009-10-21,6.920000076293945
2009-10-22,7.210000038146973
2009-10-23,6.860000133514404
2009-10-26,6.659999847412109
2009-10-27,6.650000095367432
2009-10-28,6.329999923706055
2009-10-29,6.639999866485596
2009-10-30,6.510000228881836
2009-11-02,6.440000057220459
2009-11-03,6.639999866485596
2009-11-04,6.460000038146973
2009-11-05,6.519999980926514
2009-11-06,6.960000038146973
2009-11-09,7.0
2009-11-10,6.699999809265137
2009-11-11,7.300000190734863
2009-11-12,7.119999885559082
2009-11-13,7.25
2009-11-16,7.510000228881836
2009-11-17,7.480000019073486
2009-11-18,7.159999847412109
2009-11-19,7.070000171661377
2009-11-20,7.019999980926514
2009-11-23,7.150000095367432
2009-11-24,7.079999923706055
2009-11-25,7.329999923706055
2009-11-27,7.25
2009-11-30,7.760000228881836
2009-12-01,8.260000228881836
2009-12-02,9.289999961853027
2009-12-03,9.220000267028809
2009-12-04,9.720000267028809
2009-12-07,9.829999923706055
2009-12-08,9.869999885559082
2009-12-09,10.0
2009-12-10,10.170000076293945
2009-12-11,10.989999771118164
2009-12-14,11.520000457763672
2009-12-15,11.050000190734863
2009-12-16,11.260000228881836
2009-12-17,11.149999618530273
2009-12-18,11.420000076293945
2009-12-21,11.520000457763672
2009-12-22,12.930000305175781
2009-12-23,13.09000015258789
2009-12-24,13.09000015258789
2009-12-28,12.640000343322754
2009-12-29,12.670000076293945
2009-12-30,12.800000190734863
2009-12-31,12.90999984741211
2010-01-04,12.800000190734863
2010-01-05,13.90999984741211
2010-01-06,13.270000457763672
2010-01-07,13.550000190734863
2010-01-08,13.329999923706055
2010-01-11,13.109999656677246
2010-01-12,12.6899995803833
2010-01-13,13.949999809265137
2010-01-14,13.930000305175781
2010-01-15,13.25
2010-01-19,13.260000228881836
2010-01-20,13.550000190734863
2010-01-21,13.130000114440918
2010-01-22,13.210000038146973
2010-01-25,12.880000114440918
2010-01-26,12.789999961853027
2010-01-27,12.829999923706055
2010-01-28,12.630000114440918
2010-01-29,12.229999542236328
2010-02-01,12.75
2010-02-02,13.720000267028809
2010-02-03,13.359999656677246
2010-02-04,12.359999656677246
2010-02-05,12.779999732971191
2010-02-08,13.069999694824219
2010-02-09,15.359999656677246
2010-02-10,15.359999656677246
2010-02-11,15.65999984741211
2010-02-12,15.949999809265137
2010-02-16,15.680000305175781
2010-02-17,15.489999771118164
2010-02-18,14.979999542236328
2010-02-19,15.329999923706055
2010-02-22,15.529999732971191
2010-02-23,15.579999923706055
2010-02-24,15.670000076293945
2010-02-25,15.65999984741211
2010-02-26,17.149999618530273
2010-03-01,18.030000686645508
2010-03-02,17.8700008392334
2010-03-03,18.25
2010-03-04,18.059999465942383
2010-03-05,18.229999542236328
2010-03-08,17.520000457763672
2010-03-09,18.15999984741211
2010-03-10,18.979999542236328
2010-03-11,19.170000076293945
2010-03-12,19.68000030517578
2010-03-15,19.8799991607666
2010-03-16,20.18000030517578
2010-03-17,19.489999771118164
2010-03-18,19.530000686645508
2010-03-19,18.530000686645508
2010-03-22,19.43000030517578
2010-03-23,19.530000686645508
2010-03-24,19.600000381469727
2010-03-25,19.65999984741211
2010-03-26,19.90999984741211
2010-03-29,19.989999771118164
2010-03-30,19.709999084472656
2010-03-31,19.549999237060547
2010-04-01,19.510000228881836
2010-04-05,19.350000381469727
2010-04-06,19.469999313354492
2010-04-07,18.950000762939453
2010-04-08,20.229999542236328
2010-04-09,20.5
2010-04-12,21.469999313354492
2010-04-13,21.479999542236328
2010-04-14,22.360000610351562
2010-04-15,23.540000915527344
2010-04-16,22.829999923706055
2010-04-19,21.65999984741211
2010-04-20,21.780000686645508
2010-04-21,21.43000030517578
2010-04-22,21.709999084472656
2010-04-23,22.989999771118164
2010-04-26,22.360000610351562
2010-04-27,20.510000228881836
2010-04-28,21.75
2010-04-29,21.469999313354492
2010-04-30,21.600000381469727
2010-05-03,22.110000610351562
2010-05-04,19.770000457763672
2010-05-05,19.780000686645508
2010-05-06,17.969999313354492
2010-05-07,17.889999389648438
2010-05-10,19.43000030517578
2010-05-11,19.549999237060547
2010-05-12,20.3700008392334
2010-05-13,20.110000610351562
2010-05-14,19.850000381469727
2010-05-17,19.950000762939453
2010-05-18,19.3700008392334
2010-05-19,18.84000015258789
2010-05-20,17.709999084472656
2010-05-21,18.530000686645508
2010-05-24,18.280000686645508
2010-05-25,18.959999084472656
2010-05-26,19.75
2010-05-27,20.389999389648438
2010-05-28,20.010000228881836
2010-06-01,19.350000381469727
2010-06-02,21.780000686645508
2010-06-03,22.239999771118164
2010-06-04,21.079999923706055
2010-06-07,20.299999237060547
2010-06-08,20.829999923706055
2010-06-09,21.34000015258789
2010-06-10,21.950000762939453
2010-06-11,22.780000686645508
2010-06-14,22.90999984741211
2010-06-15,23.739999771118164
2010-06-16,23.969999313354492
2010-06-17,23.920000076293945
2010-06-18,23.799999237060547
2010-06-21,23.239999771118164
2010-06-22,22.100000381469727
2010-06-23,22.0
2010-06-24,21.489999771118164
2010-06-25,20.90999984741211
2010-06-28,20.809999465942383
2010-06-29,19.989999771118164
2010-06-30,20.559999465942383
2010-07-01,20.719999313354492
2010-07-02,18.59000015258789
2010-07-06,18.639999389648438
2010-07-07,20.049999237060547
2010-07-08,20.510000228881836
2010-07-09,21.360000610351562
2010-07-12,21.420000076293945
2010-07-13,22.440000534057617
2010-07-14,22.700000762939453
2010-07-15,21.979999542236328
2010-07-16,21.350000381469727
2010-07-19,21.18000030517578
2010-07-20,22.200000762939453
2010-07-21,21.770000457763672
2010-07-22,22.780000686645508
2010-07-23,22.959999084472656
2010-07-26,24.25
2010-07-27,23.709999084472656
2010-07-28,23.780000686645508
2010-07-29,23.780000686645508
2010-07-30,23.739999771118164
2010-08-02,24.170000076293945
2010-08-03,23.200000762939453
2010-08-04,22.610000610351562
2010-08-05,22.299999237060547
2010-08-06,22.31999969482422
2010-08-09,23.229999542236328
2010-08-10,22.459999084472656
2010-08-11,21.0
2010-08-12,21.360000610351562
2010-08-13,21.479999542236328
2010-08-16,21.739999771118164
2010-08-17,21.229999542236328
2010-08-18,21.43000030517578
2010-08-19,20.579999923706055
2010-08-20,20.510000228881836
2010-08-23,20.469999313354492
2010-08-24,19.729999542236328
2010-08-25,19.3700008392334
2010-08-26,19.639999389648438
2010-08-27,20.450000762939453
2010-08-30,20.709999084472656
2010-08-31,21.200000762939453
2010-09-01,21.93000030517578
2010-09-02,22.290000915527344
2010-09-03,22.5
2010-09-07,22.270000457763672
2010-09-08,22.059999465942383
2010-09-09,20.940000534057617
2010-09-10,20.84000015258789
2010-09-13,21.299999237060547
2010-09-14,21.770000457763672
2010-09-15,21.709999084472656
2010-09-16,22.219999313354492
2010-09-17,21.950000762939453
2010-09-20,22.420000076293945
2010-09-21,23.5
2010-09-22,22.639999389648438
2010-09-23,22.389999389648438
2010-09-24,22.790000915527344
2010-09-27,22.84000015258789
2010-09-28,23.020000457763672
2010-09-29,23.40999984741211
2010-09-30,23.65999984741211
2010-10-01,24.700000762939453
2010-10-04,24.100000381469727
2010-10-05,24.469999313354492
2010-10-06,24.969999313354492
2010-10-07,25.719999313354492
2010-10-08,26.440000534057617
2010-10-11,26.040000915527344
2010-10-12,26.979999542236328
2010-10-13,26.690000534057617
2010-10-14,25.829999923706055
2010-10-15,26.149999618530273
2010-10-18,26.31999969482422
2010-10-19,25.690000534057617
2010-10-20,27.6299991607666
2010-10-21,27.799999237060547
2010-10-22,27.709999084472656
2010-10-25,27.709999084472656
2010-10-26,28.440000534057617
2010-10-27,29.530000686645508
2010-10-28,28.920000076293945
2010-10-29,29.040000915527344
2010-11-01,28.399999618530273
2010-11-02,28.610000610351562
2010-11-03,28.93000030517578
2010-11-04,27.860000610351562
2010-11-05,27.860000610351562
2010-11-08,28.59000015258789
2010-11-09,28.049999237060547
2010-11-10,28.040000915527344
2010-11-11,28.399999618530273
2010-11-12,27.8700008392334
2010-11-15,27.469999313354492
2010-11-16,27.18000030517578
2010-11-17,27.34000015258789
2010-11-18,27.979999542236328
2010-11-19,28.6200008392334
2010-11-22,28.68000030517578
2010-11-23,27.920000076293945
2010-11-24,29.209999084472656
2010-11-26,28.860000610351562
2010-11-29,28.200000762939453
2010-11-30,27.68000030517578
2010-12-01,28.3700008392334
2010-12-02,28.209999084472656
2010-12-03,27.729999542236328
2010-12-06,27.040000915527344
2010-12-07,25.780000686645508
2010-12-08,25.420000076293945
2010-12-09,26.149999618530273
2010-12-10,26.100000381469727
2010-12-13,25.190000534057617
2010-12-14,24.40999984741211
2010-12-15,23.860000610351562
2010-12-16,24.3700008392334
2010-12-17,24.139999389648438
2010-12-20,24.200000762939453
2010-12-21,24.309999465942383
2010-12-22,24.40999984741211
2010-12-23,23.40999984741211
2010-12-27,23.40999984741211
2010-12-28,23.270000457763672
2010-12-29,23.459999084472656
2010-12-30,24.010000228881836
2010-12-31,23.81999969482422
2011-01-03,25.1299991607666
2011-01-04,25.530000686645508
2011-01-05,25.350000381469727
2011-01-06,25.75
2011-01-07,25.950000762939453
2011-01-10,26.200000762939453
2011-01-11,25.690000534057617
2011-01-12,25.899999618530273
2011-01-13,25.959999084472656
2011-01-14,25.8799991607666
2011-01-18,25.020000457763672
2011-01-19,24.3799991607666
2011-01-20,24.18000030517578
2011-01-21,23.75
2011-01-24,24.1200008392334
2011-01-25,24.09000015258789
2011-01-26,25.790000915527344
2011-01-27,26.959999084472656
2011-01-28,25.850000381469727
2011-01-31,25.399999618530273
2011-02-01,25.260000228881836
2011-02-02,24.760000228881836
2011-02-03,25.6299991607666
2011-02-04,25.649999618530273
2011-02-07,26.420000076293945
2011-02-08,26.75
2011-02-09,26.6200008392334
2011-02-10,26.559999465942383
2011-02-11,27.290000915527344
2011-02-14,26.940000534057617
2011-02-15,27.190000534057617
2011-02-16,27.479999542236328
2011-02-17,27.450000762939453
2011-02-18,26.920000076293945
2011-02-22,24.440000534057617
2011-02-23,22.780000686645508
2011-02-24,24.110000610351562
2011-02-25,23.950000762939453
2011-02-28,24.040000915527344
2011-03-01,23.020000457763672
2011-03-02,22.510000228881836
2011-03-03,23.030000686645508
2011-03-04,22.260000228881836
2011-03-07,23.309999465942383
2011-03-08,24.780000686645508
2011-03-09,24.329999923706055
2011-03-10,24.950000762939453
2011-03-11,24.729999542236328
2011-03-14,23.989999771118164
2011-03-15,23.610000610351562
2011-03-16,22.829999923706055
2011-03-17,22.170000076293945
2011-03-18,23.3700008392334
2011-03-21,23.969999313354492
2011-03-22,23.450000762939453
2011-03-23,23.1200008392334
2011-03-24,23.489999771118164
2011-03-25,23.510000228881836
2011-03-28,23.450000762939453
2011-03-29,22.8700008392334
2011-03-30,23.84000015258789
2011-03-31,22.989999771118164
2011-04-01,22.940000534057617
2011-04-04,22.75
2011-04-05,21.75
2011-04-06,21.229999542236328
2011-04-07,21.0
2011-04-08,19.790000915527344
2011-04-11,20.520000457763672
2011-04-12,21.709999084472656
2011-04-13,21.3700008392334
2011-04-14,20.8799991607666
2011-04-15,21.020000457763672
2011-04-18,21.219999313354492
2011-04-19,21.579999923706055
2011-04-20,21.030000686645508
2011-04-21,20.84000015258789
2011-04-25,22.030000686645508
2011-04-26,22.579999923706055
2011-04-27,22.780000686645508
2011-04-28,22.110000610351562
2011-04-29,22.81999969482422
2011-05-02,23.520000457763672
2011-05-03,23.8799991607666
2011-05-04,24.389999389648438
2011-05-05,25.790000915527344
2011-05-06,25.649999618530273
2011-05-09,25.350000381469727
2011-05-10,25.770000457763672
2011-05-11,25.8799991607666
2011-05-12,25.489999771118164
2011-05-13,25.579999923706055
2011-05-16,26.149999618530273
2011-05-17,26.3700008392334
2011-05-18,25.93000030517578
2011-05-19,26.68000030517578
2011-05-20,26.5
2011-05-23,26.25
2011-05-24,25.709999084472656
2011-05-25,25.079999923706055
2011-05-26,24.639999389648438
2011-05-27,24.260000228881836
2011-05-31,24.149999618530273
2011-06-01,23.309999465942383
2011-06-02,23.040000915527344
2011-06-03,22.729999542236328
2011-06-06,21.989999771118164
2011-06-07,21.899999618530273
2011-06-08,21.899999618530273
2011-06-09,21.90999984741211
2011-06-10,21.8700008392334
2011-06-13,22.3700008392334
2011-06-14,22.479999542236328
2011-06-15,22.670000076293945
2011-06-16,22.719999313354492
2011-06-17,24.040000915527344
2011-06-20,24.290000915527344
2011-06-21,24.520000457763672
2011-06-22,23.979999542236328
2011-06-23,25.139999389648438
2011-06-24,22.989999771118164
2011-06-27,23.280000686645508
2011-06-28,23.280000686645508
2011-06-29,22.90999984741211
2011-06-30,22.6299991607666
2011-07-01,23.030000686645508
2011-07-05,22.639999389648438
2011-07-06,22.360000610351562
2011-07-07,22.520000457763672
2011-07-08,22.860000610351562
2011-07-11,22.3700008392334
2011-07-12,21.700000762939453
2011-07-13,21.700000762939453
2011-07-14,21.200000762939453
2011-07-15,20.850000381469727
2011-07-18,20.450000762939453
2011-07-19,20.6299991607666
2011-07-20,20.280000686645508
2011-07-21,20.34000015258789
2011-07-22,19.950000762939453
2011-07-25,18.93000030517578
2011-07-26,18.760000228881836
2011-07-27,18.059999465942383
2011-07-28,17.15999984741211
2011-07-29,18.1200008392334
2011-08-01,17.989999771118164
2011-08-02,17.1299991607666
2011-08-03,18.1299991607666
2011-08-04,17.020000457763672
2011-08-05,16.81999969482422
2011-08-08,16.610000610351562
2011-08-09,18.459999084472656
2011-08-10,17.0
2011-08-11,17.81999969482422
2011-08-12,17.6200008392334
2011-08-15,18.260000228881836
2011-08-16,18.950000762939453
2011-08-17,18.959999084472656
2011-08-18,18.030000686645508
2011-08-19,17.270000457763672
2011-08-22,16.75
2011-08-23,17.420000076293945
2011-08-24,17.520000457763672
2011-08-25,17.010000228881836
2011-08-26,17.920000076293945
2011-08-29,18.59000015258789
2011-08-30,18.75
2011-08-31,18.59000015258789
2011-09-01,18.40999984741211
2011-09-02,18.06999969482422
2011-09-06,17.639999389648438
2011-09-07,18.540000915527344
2011-09-08,17.940000534057617
2011-09-09,17.729999542236328
2011-09-12,17.959999084472656
2011-09-13,19.280000686645508
2011-09-14,20.1299991607666
2011-09-15,20.329999923706055
2011-09-16,20.459999084472656
2011-09-19,20.760000228881836
2011-09-20,20.770000457763672
2011-09-21,19.829999923706055
2011-09-22,19.239999771118164
2011-09-23,20.459999084472656
2011-09-26,21.43000030517578
2011-09-27,20.43000030517578
2011-09-28,20.760000228881836
2011-09-29,20.520000457763672
2011-09-30,19.3799991607666
2011-10-03,17.110000610351562
2011-10-04,17.940000534057617
2011-10-05,19.010000228881836
2011-10-06,19.520000457763672
2011-10-07,18.8799991607666
2011-10-10,19.31999969482422
2011-10-11,19.770000457763672
2011-10-12,20.200000762939453
2011-10-13,20.93000030517578
2011-10-14,20.780000686645508
2011-10-17,20.280000686645508
2011-10-18,20.520000457763672
2011-10-19,20.079999923706055
2011-10-20,20.719999313354492
2011-10-21,20.43000030517578
2011-10-24,21.079999923706055
2011-10-25,20.010000228881836
2011-10-26,20.34000015258789
2011-10-27,20.110000610351562
2011-10-28,19.399999618530273
2011-10-31,19.31999969482422
2011-11-01,18.899999618530273
2011-11-02,18.809999465942383
2011-11-03,18.850000381469727
2011-11-04,18.719999313354492
2011-11-07,18.739999771118164
2011-11-08,18.200000762939453
2011-11-09,17.850000381469727
2011-11-10,17.309999465942383
2011-11-11,18.020000457763672
2011-11-14,18.219999313354492
2011-11-15,17.899999618530273
2011-11-16,16.899999618530273
2011-11-17,16.549999237060547
2011-11-18,16.59000015258789
2011-11-21,16.190000534057617
2011-11-22,16.020000457763672
2011-11-23,15.529999732971191
2011-11-25,15.899999618530273
2011-11-28,16.579999923706055
2011-11-29,17.6299991607666
2011-11-30,17.969999313354492
2011-12-01,19.1200008392334
2011-12-02,19.260000228881836
2011-12-05,19.84000015258789
2011-12-06,20.1299991607666
2011-12-07,20.690000534057617
2011-12-08,19.709999084472656
2011-12-09,20.6200008392334
2011-12-12,20.780000686645508
2011-12-13,19.559999465942383
2011-12-14,19.829999923706055
2011-12-15,20.639999389648438
2011-12-16,21.239999771118164
2011-12-19,20.299999237060547
2011-12-20,20.670000076293945
2011-12-21,20.299999237060547
2011-12-22,20.260000228881836
2011-12-23,19.850000381469727
2011-12-27,19.200000762939453
2011-12-28,18.950000762939453
2011-12-29,18.84000015258789
2011-12-30,18.8700008392334
2012-01-03,18.899999618530273
2012-01-04,18.520000457763672
2012-01-05,18.389999389648438
2012-01-06,18.209999084472656
2012-01-09,17.93000030517578
2012-01-10,17.479999542236328
2012-01-11,18.010000228881836
2012-01-12,18.530000686645508
2012-01-13,18.43000030517578
2012-01-17,18.229999542236328
2012-01-18,18.25
2012-01-19,19.149999618530273
2012-01-20,19.329999923706055
2012-01-23,18.940000534057617
2012-01-24,19.399999618530273
2012-01-25,20.40999984741211
2012-01-26,21.700000762939453
2012-01-27,23.09000015258789
2012-01-30,22.989999771118164
2012-01-31,23.100000381469727
2012-02-01,23.209999084472656
2012-02-02,24.09000015258789
2012-02-03,24.969999313354492
2012-02-06,24.229999542236328
2012-02-07,24.260000228881836
2012-02-08,23.8799991607666
2012-02-09,24.0
2012-02-10,23.75
2012-02-13,23.969999313354492
2012-02-14,23.56999969482422
2012-02-15,23.15999984741211
2012-02-16,23.68000030517578
2012-02-17,23.3700008392334
2012-02-21,21.239999771118164
2012-02-22,20.940000534057617
2012-02-23,20.639999389648438
2012-02-24,20.40999984741211
2012-02-27,20.06999969482422
2012-02-28,20.579999923706055
2012-02-29,20.649999618530273
2012-03-01,20.40999984741211
2012-03-02,20.940000534057617
2012-03-05,20.469999313354492
2012-03-06,19.8799991607666
2012-03-07,19.790000915527344
2012-03-08,19.959999084472656
2012-03-09,19.81999969482422
2012-03-12,19.6200008392334
2012-03-13,19.829999923706055
2012-03-14,19.420000076293945
2012-03-15,20.389999389648438
2012-03-16,19.950000762939453
2012-03-19,20.6200008392334
2012-03-20,21.020000457763672
2012-03-21,20.559999465942383
2012-03-22,19.940000534057617
2012-03-23,20.549999237060547
2012-03-26,20.969999313354492
2012-03-27,20.93000030517578
2012-03-28,21.889999389648438
2012-03-29,22.34000015258789
2012-03-30,21.5
2012-04-02,21.489999771118164
2012-04-03,22.010000228881836
2012-04-04,21.43000030517578
2012-04-05,21.399999618530273
2012-04-09,21.079999923706055
2012-04-10,20.579999923706055
2012-04-11,21.040000915527344
2012-04-12,21.520000457763672
2012-04-13,21.440000534057617
2012-04-16,22.299999237060547
2012-04-17,22.670000076293945
2012-04-18,22.700000762939453
2012-04-19,23.34000015258789
2012-04-20,22.90999984741211
2012-04-23,22.850000381469727
2012-04-24,22.81999969482422
2012-04-25,22.969999313354492
2012-04-26,22.1200008392334
2012-04-27,22.170000076293945
2012-04-30,21.920000076293945
2012-05-01,21.90999984741211
2012-05-02,21.65999984741211
2012-05-03,21.56999969482422
2012-05-04,22.280000686645508
2012-05-07,23.59000015258789
2012-05-08,23.899999618530273
2012-05-09,23.469999313354492
2012-05-10,23.760000228881836
2012-05-11,24.110000610351562
2012-05-14,24.0
2012-05-15,23.690000534057617
2012-05-16,23.65999984741211
2012-05-17,21.899999618530273
2012-05-18,20.93000030517578
2012-05-21,21.920000076293945
2012-05-22,21.829999923706055
2012-05-23,22.309999465942383
2012-05-24,23.530000686645508
2012-05-25,23.56999969482422
2012-05-29,23.8799991607666
2012-05-30,24.170000076293945
2012-05-31,25.170000076293945
2012-06-01,24.360000610351562
2012-06-04,22.520000457763672
2012-06-05,23.280000686645508
2012-06-06,23.530000686645508
2012-06-07,22.920000076293945
2012-06-08,23.489999771118164
2012-06-11,22.049999237060547
2012-06-12,22.040000915527344
2012-06-13,22.799999237060547
2012-06-14,22.829999923706055
2012-06-15,22.31999969482422
2012-06-18,23.020000457763672
2012-06-19,23.709999084472656
2012-06-20,24.540000915527344
2012-06-21,24.18000030517578
2012-06-22,24.25
2012-06-25,23.649999618530273
2012-06-26,23.829999923706055
2012-06-27,23.969999313354492
2012-06-28,24.25
2012-06-29,24.329999923706055
2012-07-02,24.81999969482422
2012-07-03,24.079999923706055
2012-07-05,23.610000610351562
2012-07-06,24.239999771118164
2012-07-09,23.899999618530273
2012-07-10,23.860000610351562
2012-07-11,24.790000915527344
2012-07-12,23.780000686645508
2012-07-13,24.139999389648438
2012-07-16,24.229999542236328
2012-07-17,23.600000381469727
2012-07-18,22.84000015258789
2012-07-19,22.049999237060547
2012-07-20,21.549999237060547
2012-07-23,21.549999237060547
2012-07-24,20.3799991607666
2012-07-25,20.40999984741211
2012-07-26,19.200000762939453
2012-07-27,19.059999465942383
2012-07-30,19.030000686645508
2012-07-31,18.889999389648438
2012-08-01,18.170000076293945
2012-08-02,18.15999984741211
2012-08-03,18.260000228881836
2012-08-06,18.479999542236328
2012-08-07,18.420000076293945
2012-08-08,18.31999969482422
2012-08-09,17.889999389648438
2012-08-10,17.780000686645508
2012-08-13,18.190000534057617
2012-08-14,18.049999237060547
2012-08-15,18.200000762939453
2012-08-16,18.290000915527344
2012-08-17,18.399999618530273
2012-08-20,19.450000762939453
2012-08-21,19.56999969482422
2012-08-22,19.350000381469727
2012-08-23,19.290000915527344
2012-08-24,19.270000457763672
2012-08-27,19.020000457763672
2012-08-28,18.520000457763672
2012-08-29,18.329999923706055
2012-08-30,18.31999969482422
2012-08-31,18.450000762939453
2012-09-04,18.100000381469727
2012-09-05,19.06999969482422
2012-09-06,19.56999969482422
2012-09-07,19.700000762939453
2012-09-10,20.059999465942383
2012-09-11,19.799999237060547
2012-09-12,20.309999465942383
2012-09-13,20.09000015258789
2012-09-14,20.059999465942383
2012-09-17,19.729999542236328
2012-09-18,19.270000457763672
2012-09-19,20.690000534057617
2012-09-20,20.260000228881836
2012-09-21,20.020000457763672
2012-09-24,20.200000762939453
2012-09-25,19.829999923706055
2012-09-26,20.15999984741211
2012-09-27,19.360000610351562
2012-09-28,19.5
2012-10-01,19.790000915527344
2012-10-02,19.940000534057617
2012-10-03,21.139999389648438
2012-10-04,20.809999465942383
2012-10-05,21.06999969482422
2012-10-08,20.899999618530273
2012-10-09,20.489999771118164
2012-10-10,20.18000030517578
2012-10-11,19.90999984741211
2012-10-12,20.0
2012-10-15,20.399999618530273
2012-10-16,20.350000381469727
2012-10-17,20.6200008392334
2012-10-18,20.59000015258789
2012-10-19,20.1299991607666
2012-10-22,20.479999542236328
2012-10-23,20.489999771118164
2012-10-24,20.270000457763672
2012-10-25,19.260000228881836
2012-10-26,19.219999313354492
2012-10-31,19.209999084472656
2012-11-01,19.479999542236328
2012-11-02,19.729999542236328
2012-11-05,20.25
2012-11-06,20.469999313354492
2012-11-07,20.530000686645508
2012-11-08,21.229999542236328
2012-11-09,21.049999237060547
2012-11-12,21.040000915527344
2012-11-13,20.940000534057617
2012-11-14,19.979999542236328
2012-11-15,19.510000228881836
2012-11-16,19.5
2012-11-19,19.700000762939453
2012-11-20,19.770000457763672
2012-11-21,19.920000076293945
2012-11-23,20.100000381469727
2012-11-26,20.18000030517578
2012-11-27,20.139999389648438
2012-11-28,20.18000030517578
2012-11-29,20.170000076293945
2012-11-30,20.219999313354492
2012-12-03,19.81999969482422
2012-12-04,19.850000381469727
2012-12-05,19.889999389648438
2012-12-06,20.510000228881836
2012-12-07,20.510000228881836
2012-12-10,20.889999389648438
2012-12-11,21.709999084472656
2012-12-12,21.40999984741211
2012-12-13,23.059999465942383
2012-12-14,23.010000228881836
2012-12-17,23.350000381469727
2012-12-18,23.56999969482422
2012-12-19,23.959999084472656
2012-12-20,24.110000610351562
2012-12-21,24.190000534057617
2012-12-24,23.8700008392334
2012-12-26,23.68000030517578
2012-12-27,23.190000534057617
2012-12-28,23.040000915527344
2012-12-31,23.3799991607666
2013-01-02,24.190000534057617
2013-01-03,24.93000030517578
2013-01-04,25.850000381469727
2013-01-07,25.670000076293945
2013-01-08,25.6200008392334
2013-01-09,25.639999389648438
2013-01-10,25.389999389648438
2013-01-11,25.989999771118164
2013-01-14,25.989999771118164
2013-01-15,25.959999084472656
2013-01-16,26.200000762939453
2013-01-17,25.760000228881836
2013-01-18,24.790000915527344
2013-01-22,25.200000762939453
2013-01-23,25.0
2013-01-24,25.540000915527344
2013-01-25,25.5
2013-01-28,24.799999237060547
2013-01-29,23.959999084472656
2013-01-30,24.079999923706055
2013-01-31,24.149999618530273
2013-02-01,24.18000030517578
2013-02-04,23.950000762939453
2013-02-05,24.260000228881836
2013-02-06,25.31999969482422
2013-02-07,25.719999313354492
2013-02-08,26.309999465942383
2013-02-11,26.510000228881836
2013-02-12,25.889999389648438
2013-02-13,26.190000534057617
2013-02-14,25.8700008392334
2013-02-15,26.3700008392334
2013-02-19,26.75
2013-02-20,26.079999923706055
2013-02-21,25.90999984741211
2013-02-22,26.360000610351562
2013-02-25,26.290000915527344
2013-02-26,25.979999542236328
2013-02-27,26.959999084472656
2013-02-28,26.709999084472656
2013-03-01,27.3799991607666
2013-03-04,28.81999969482422
2013-03-05,29.549999237060547
2013-03-06,29.299999237060547
2013-03-07,29.610000610351562
2013-03-08,31.350000381469727
2013-03-11,30.610000610351562
2013-03-12,29.950000762939453
2013-03-13,30.84000015258789
2013-03-14,31.170000076293945
2013-03-15,30.940000534057617
2013-03-18,31.200000762939453
2013-03-19,31.799999237060547
2013-03-20,32.5
2013-03-21,32.29999923706055
2013-03-22,31.8700008392334
2013-03-25,31.899999618530273
2013-03-26,31.790000915527344
2013-03-27,32.33000183105469
2013-03-28,32.0099983215332
2013-04-01,30.969999313354492
2013-04-02,29.3799991607666
2013-04-03,28.65999984741211
2013-04-04,29.299999237060547
2013-04-05,29.270000457763672
2013-04-08,30.049999237060547
2013-04-09,29.290000915527344
2013-04-10,29.829999923706055
2013-04-11,30.270000457763672
2013-04-12,30.280000686645508
2013-04-15,29.09000015258789
2013-04-16,30.860000610351562
2013-04-17,30.90999984741211
2013-04-18,30.229999542236328
2013-04-19,30.600000381469727
2013-04-22,30.149999618530273
2013-04-23,31.100000381469727
2013-04-24,31.389999389648438
2013-04-25,30.889999389648438
2013-04-26,31.139999389648438
2013-04-29,32.0
2013-04-30,32.29999923706055
2013-05-01,32.0099983215332
2013-05-02,32.599998474121094
2013-05-03,33.0099983215332
2013-05-06,33.54999923706055
2013-05-07,33.380001068115234
2013-05-08,33.279998779296875
2013-05-09,32.560001373291016
2013-05-10,32.880001068115234
2013-05-13,32.91999816894531
2013-05-14,33.290000915527344
2013-05-15,34.41999816894531
2013-05-16,34.5
2013-05-17,34.75
2013-05-20,34.290000915527344
2013-05-21,33.349998474121094
2013-05-22,33.2400016784668
2013-05-23,34.36000061035156
2013-05-24,34.369998931884766
2013-05-28,33.83000183105469
2013-05-29,33.0
2013-05-30,32.63999938964844
2013-05-31,32.459999084472656
2013-06-03,32.15999984741211
2013-06-04,32.20000076293945
2013-06-05,31.239999771118164
2013-06-06,30.670000076293945
2013-06-07,32.939998626708984
2013-06-10,33.279998779296875
2013-06-11,32.45000076293945
2013-06-12,32.040000915527344
2013-06-13,32.65999984741211
2013-06-14,32.66999816894531
2013-06-17,32.09000015258789
2013-06-18,32.41999816894531
2013-06-19,31.81999969482422
2013-06-20,31.15999984741211
2013-06-21,30.059999465942383
2013-06-24,29.479999542236328
2013-06-25,30.75
2013-06-26,30.729999542236328
2013-06-27,31.360000610351562
2013-06-28,31.290000915527344
2013-07-01,32.540000915527344
2013-07-02,31.489999771118164
2013-07-03,31.229999542236328
2013-07-05,31.799999237060547
2013-07-08,31.5
2013-07-09,32.0
2013-07-10,30.75
2013-07-11,30.84000015258789
2013-07-12,31.440000534057617
2013-07-15,32.0099983215332
2013-07-16,31.15999984741211
2013-07-17,33.689998626708984
2013-07-18,34.4900016784668
2013-07-19,34.5099983215332
2013-07-22,35.0
2013-07-23,34.560001373291016
2013-07-24,34.970001220703125
2013-07-25,34.29999923706055
2013-07-26,36.25
2013-07-29,34.849998474121094
2013-07-30,34.970001220703125
2013-07-31,34.849998474121094
2013-08-01,35.310001373291016
2013-08-02,35.650001525878906
2013-08-05,34.88999938964844
2013-08-06,33.56999969482422
2013-08-07,34.060001373291016
2013-08-08,34.810001373291016
2013-08-09,33.709999084472656
2013-08-12,33.209999084472656
2013-08-13,30.729999542236328
2013-08-14,30.040000915527344
2013-08-15,30.100000381469727
2013-08-16,30.860000610351562
2013-08-19,30.030000686645508
2013-08-20,30.059999465942383
2013-08-21,29.729999542236328
2013-08-22,30.110000610351562
2013-08-23,29.719999313354492
2013-08-26,29.860000610351562
2013-08-27,27.709999084472656
2013-08-28,27.93000030517578
2013-08-29,28.5
2013-08-30,28.459999084472656
2013-09-03,28.649999618530273
2013-09-04,29.329999923706055
2013-09-05,29.700000762939453
2013-09-06,29.719999313354492
2013-09-09,31.030000686645508
2013-09-10,33.29999923706055
2013-09-11,32.65999984741211
2013-09-12,31.690000534057617
2013-09-13,32.20000076293945
2013-09-16,32.65999984741211
2013-09-17,32.95000076293945
2013-09-18,33.279998779296875
2013-09-19,33.790000915527344
2013-09-20,33.5
2013-09-23,33.18000030517578
2013-09-24,33.88999938964844
2013-09-25,34.130001068115234
2013-09-26,34.06999969482422
2013-09-27,30.90999984741211
2013-09-30,30.709999084472656
2013-10-01,31.3799991607666
2013-10-02,30.93000030517578
2013-10-03,31.649999618530273
2013-10-04,31.739999771118164
2013-10-07,30.969999313354492
2013-10-08,30.239999771118164
2013-10-09,30.079999923706055
2013-10-10,30.1200008392334
2013-10-11,30.1200008392334
2013-10-14,29.920000076293945
2013-10-15,29.649999618530273
2013-10-16,29.950000762939453
2013-10-17,31.149999618530273
2013-10-18,30.920000076293945
2013-10-21,30.56999969482422
2013-10-22,31.18000030517578
2013-10-23,30.950000762939453
2013-10-24,31.299999237060547
2013-10-25,31.170000076293945
2013-10-28,32.119998931884766
2013-10-29,33.90999984741211
2013-10-30,33.90999984741211
2013-10-31,33.95000076293945
2013-11-01,35.540000915527344
2013-11-04,35.849998474121094
2013-11-05,35.52000045776367
2013-11-06,34.4900016784668
2013-11-07,33.9900016784668
2013-11-08,35.36000061035156
2013-11-11,35.310001373291016
2013-11-12,36.790000915527344
2013-11-13,36.02000045776367
2013-11-14,36.5
2013-11-15,36.72999954223633
2013-11-18,36.380001068115234
2013-11-19,37.79999923706055
2013-11-20,37.27000045776367
2013-11-21,37.11000061035156
2013-11-22,38.540000915527344
2013-11-25,39.83000183105469
2013-11-26,39.04999923706055
2013-11-27,39.43000030517578
2013-11-29,39.25
2013-12-02,38.560001373291016
2013-12-03,37.16999816894531
2013-12-04,37.56999969482422
2013-12-05,36.790000915527344
2013-12-06,36.7400016784668
2013-12-09,37.54999923706055
2013-12-10,37.63999938964844
2013-12-11,36.58000183105469
2013-12-12,37.619998931884766
2013-12-13,38.529998779296875
2013-12-16,38.470001220703125
2013-12-17,37.310001373291016
2013-12-18,37.290000915527344
2013-12-19,37.27000045776367
2013-12-20,37.38999938964844
2013-12-23,36.97999954223633
2013-12-24,37.599998474121094
2013-12-26,38.06999969482422
2013-12-27,36.779998779296875
2013-12-30,37.29999923706055
2013-12-31,37.83000183105469
2014-01-02,37.72999954223633
2014-01-03,39.95000076293945
2014-01-06,39.36000061035156
2014-01-07,38.689998626708984
2014-01-08,41.02000045776367
2014-01-09,43.79999923706055
2014-01-10,45.08000183105469
2014-01-13,44.599998474121094
2014-01-14,46.75
2014-01-15,46.5
2014-01-16,47.209999084472656
2014-01-17,47.06999969482422
2014-01-21,47.90999984741211
2014-01-22,49.18000030517578
2014-01-23,48.43000030517578
2014-01-24,46.130001068115234
2014-01-27,45.27000045776367
2014-01-28,46.029998779296875
2014-01-29,45.43000030517578
2014-01-30,46.43000030517578
2014-01-31,45.84000015258789
2014-02-03,43.81999969482422
2014-02-04,43.970001220703125
2014-02-05,43.61000061035156
2014-02-06,45.029998779296875
2014-02-07,45.540000915527344
2014-02-10,45.11000061035156
2014-02-11,44.0099983215332
2014-02-12,44.4900016784668
2014-02-13,45.099998474121094
2014-02-14,44.5
2014-02-18,43.65999984741211
2014-02-19,43.279998779296875
2014-02-20,45.689998626708984
2014-02-21,45.599998474121094
2014-02-24,46.099998474121094
2014-02-25,47.2599983215332
2014-02-26,46.810001373291016
2014-02-27,46.5099983215332
2014-02-28,44.959999084472656
2014-03-03,44.0099983215332
2014-03-04,45.2400016784668
2014-03-05,47.099998474121094
2014-03-06,47.97999954223633
2014-03-07,47.75
2014-03-10,46.65999984741211
2014-03-11,46.20000076293945
2014-03-12,45.939998626708984
2014-03-13,44.93000030517578
2014-03-14,44.400001525878906
2014-03-17,45.63999938964844
2014-03-18,45.220001220703125
2014-03-19,44.66999816894531
2014-03-20,45.22999954223633
2014-03-21,44.33000183105469
2014-03-24,44.45000076293945
2014-03-25,45.20000076293945
2014-03-26,44.130001068115234
2014-03-27,43.88999938964844
2014-03-28,42.959999084472656
2014-03-31,44.630001068115234
2014-04-01,46.900001525878906
2014-04-02,47.22999954223633
2014-04-03,46.45000076293945
2014-04-04,44.880001068115234
2014-04-07,44.349998474121094
2014-04-08,43.310001373291016
2014-04-09,44.52000045776367
2014-04-10,42.279998779296875
2014-04-11,41.4900016784668
2014-04-14,41.119998931884766
2014-04-15,41.97999954223633
2014-04-16,43.939998626708984
2014-04-17,43.54999923706055
2014-04-21,43.779998779296875
2014-04-22,45.810001373291016
2014-04-23,46.060001373291016
2014-04-24,41.529998779296875
2014-04-25,39.40999984741211
2014-04-28,39.20000076293945
2014-04-29,41.560001373291016
2014-04-30,40.869998931884766
2014-05-01,40.91999816894531
2014-05-02,40.720001220703125
2014-05-05,40.52000045776367
2014-05-06,40.09000015258789
2014-05-07,39.900001525878906
2014-05-08,40.369998931884766
2014-05-09,40.15999984741211
2014-05-12,41.58000183105469
2014-05-13,42.13999938964844
2014-05-14,41.88999938964844
2014-05-15,40.79999923706055
2014-05-16,40.5099983215332
2014-05-19,41.2400016784668
2014-05-20,40.380001068115234
2014-05-21,41.31999969482422
2014-05-22,42.0
2014-05-23,43.56999969482422
2014-05-27,43.4900016784668
2014-05-28,44.88999938964844
2014-05-29,44.599998474121094
2014-05-30,44.369998931884766
2014-06-02,46.70000076293945
2014-06-03,47.5099983215332
2014-06-04,46.869998931884766
2014-06-05,47.0
2014-06-06,48.04999923706055
2014-06-09,46.380001068115234
2014-06-10,47.7599983215332
2014-06-11,45.2599983215332
2014-06-12,42.599998474121094
2014-06-13,42.779998779296875
2014-06-16,42.529998779296875
2014-06-17,43.91999816894531
2014-06-18,43.7599983215332
2014-06-19,43.630001068115234
2014-06-20,43.65999984741211
2014-06-23,43.150001525878906
2014-06-24,41.790000915527344
2014-06-25,41.810001373291016
2014-06-26,41.5099983215332
2014-06-27,41.4900016784668
2014-06-30,41.06999969482422
2014-07-01,42.2599983215332
2014-07-02,39.27000045776367
2014-07-03,39.880001068115234
2014-07-07,38.619998931884766
2014-07-08,39.540000915527344
2014-07-09,40.06999969482422
2014-07-10,45.16999816894531
2014-07-11,45.70000076293945
2014-07-14,44.91999816894531
2014-07-15,45.220001220703125
2014-07-16,44.900001525878906
2014-07-17,43.349998474121094
2014-07-18,44.25
2014-07-21,43.790000915527344
2014-07-22,44.81999969482422
2014-07-23,46.0
2014-07-24,44.91999816894531
2014-07-25,46.779998779296875
2014-07-28,46.54999923706055
2014-07-29,45.84000015258789
2014-07-30,46.970001220703125
2014-07-31,46.38999938964844
2014-08-01,46.72999954223633
2014-08-04,45.5
2014-08-05,43.939998626708984
2014-08-06,43.88999938964844
2014-08-07,43.2599983215332
2014-08-08,42.95000076293945
2014-08-11,43.119998931884766
2014-08-12,42.79999923706055
2014-08-13,44.11000061035156
2014-08-14,45.91999816894531
2014-08-15,46.0099983215332
2014-08-18,47.84000015258789
2014-08-19,47.68000030517578
2014-08-20,49.25
2014-08-21,48.0099983215332
2014-08-22,48.459999084472656
2014-08-25,48.5099983215332
2014-08-26,48.220001220703125
2014-08-27,48.220001220703125
2014-08-28,48.31999969482422
2014-08-29,47.61000061035156
2014-09-02,49.9900016784668
2014-09-03,49.029998779296875
2014-09-04,50.41999816894531
2014-09-05,50.72999954223633
2014-09-08,51.130001068115234
2014-09-09,50.84000015258789
2014-09-10,51.7400016784668
2014-09-11,51.029998779296875
2014-09-12,50.40999984741211
2014-09-15,49.560001373291016
2014-09-16,49.540000915527344
2014-09-17,48.93000030517578
2014-09-18,49.900001525878906
2014-09-19,49.380001068115234
2014-09-22,47.790000915527344
2014-09-23,48.25
2014-09-24,48.20000076293945
2014-09-25,47.0099983215332
2014-09-26,47.33000183105469
2014-09-29,46.75
2014-09-30,46.790000915527344
2014-10-01,45.470001220703125
2014-10-02,46.130001068115234
2014-10-03,48.279998779296875
2014-10-06,46.939998626708984
2014-10-07,45.4900016784668
2014-10-08,43.83000183105469
2014-10-09,45.040000915527344
2014-10-10,43.7400016784668
2014-10-13,40.54999923706055
2014-10-14,43.16999816894531
2014-10-15,42.54999923706055
2014-10-16,43.77000045776367
2014-10-17,44.68000030517578
2014-10-20,47.290000915527344
2014-10-21,49.5099983215332
2014-10-22,49.060001373291016
2014-10-23,49.41999816894531
2014-10-24,49.619998931884766
2014-10-27,51.72999954223633
2014-10-28,52.36000061035156
2014-10-29,52.2599983215332
2014-10-30,51.7400016784668
2014-10-31,52.810001373291016
2014-11-03,54.279998779296875
2014-11-04,55.209999084472656
2014-11-05,54.11000061035156
2014-11-06,55.65999984741211
2014-11-07,54.18000030517578
2014-11-10,54.83000183105469
2014-11-11,54.65999984741211
2014-11-12,54.599998474121094
2014-11-13,56.7599983215332
2014-11-14,56.099998474121094
2014-11-17,55.9900016784668
2014-11-18,58.290000915527344
2014-11-19,57.540000915527344
2014-11-20,56.38999938964844
2014-11-21,55.33000183105469
2014-11-24,55.90999984741211
2014-11-25,56.25
2014-11-26,56.599998474121094
2014-11-28,61.22999954223633
2014-12-01,59.56999969482422
2014-12-02,59.380001068115234
2014-12-03,59.290000915527344
2014-12-04,61.75
2014-12-05,63.029998779296875
2014-12-08,64.25
2014-12-09,62.52000045776367
2014-12-10,63.689998626708984
2014-12-11,65.80000305175781
2014-12-12,64.0999984741211
2014-12-15,64.04000091552734
2014-12-16,61.630001068115234
2014-12-17,62.849998474121094
2014-12-18,64.25
2014-12-19,64.13999938964844
2014-12-22,64.0
2014-12-23,62.47999954223633
2014-12-24,64.93000030517578
2014-12-26,65.27999877929688
2014-12-29,65.22000122070312
2014-12-30,66.05000305175781
2014-12-31,66.88999938964844
2015-01-02,66.33999633789062
2015-01-05,66.1500015258789
2015-01-06,64.58000183105469
2015-01-07,65.52999877929688
2015-01-08,66.63999938964844
2015-01-09,65.33999633789062
2015-01-12,65.91999816894531
2015-01-13,66.41000366210938
2015-01-14,64.05000305175781
2015-01-15,63.83000183105469
2015-01-16,65.75
2015-01-20,68.02999877929688
2015-01-21,69.20999908447266
2015-01-22,72.33999633789062
2015-01-23,73.0999984741211
2015-01-26,73.62000274658203
2015-01-27,71.80000305175781
2015-01-28,70.7699966430664
2015-01-29,73.52999877929688
2015-01-30,69.37000274658203
2015-02-02,69.37999725341797
2015-02-03,67.97000122070312
2015-02-04,71.69999694824219
2015-02-05,69.5999984741211
2015-02-06,67.58000183105469
2015-02-09,64.56999969482422
2015-02-10,67.62999725341797
2015-02-11,67.12000274658203
2015-02-12,67.33999633789062
2015-02-13,66.2300033569336
2015-02-17,64.93000030517578
2015-02-18,66.72000122070312
2015-02-19,66.08999633789062
2015-02-20,68.01000213623047
2015-02-23,68.83999633789062
2015-02-24,70.88999938964844
2015-02-25,68.69000244140625
2015-02-26,67.41999816894531
2015-02-27,65.18000030517578
2015-03-02,66.80999755859375
2015-03-03,69.0
2015-03-04,68.66999816894531
2015-03-05,67.91999816894531
2015-03-06,66.66999816894531
2015-03-09,66.1500015258789
2015-03-10,64.61000061035156
2015-03-11,65.97000122070312
2015-03-12,67.73999786376953
2015-03-13,67.56999969482422
2015-03-16,67.91999816894531
2015-03-17,69.08999633789062
2015-03-18,68.0999984741211
2015-03-19,70.08999633789062
2015-03-20,69.44999694824219
2015-03-23,67.61000061035156
2015-03-24,67.62999725341797
2015-03-25,65.55999755859375
2015-03-26,64.97000122070312
2015-03-27,67.75
2015-03-30,68.19000244140625
2015-03-31,67.25
2015-04-01,64.01000213623047
2015-04-02,61.880001068115234
2015-04-06,60.119998931884766
2015-04-07,59.56999969482422
2015-04-08,60.54999923706055
2015-04-09,61.15999984741211
2015-04-10,61.04999923706055
2015-04-13,61.0099983215332
2015-04-14,60.25
2015-04-15,60.9900016784668
2015-04-16,62.20000076293945
2015-04-17,61.4900016784668
2015-04-20,62.400001525878906
2015-04-21,63.70000076293945
2015-04-22,64.0199966430664
2015-04-23,62.79999923706055
2015-04-24,63.5099983215332
2015-04-27,61.97999954223633
2015-04-28,61.41999816894531
2015-04-29,59.869998931884766
2015-04-30,59.7400016784668
2015-05-01,61.400001525878906
2015-05-04,60.91999816894531
2015-05-05,59.22999954223633
2015-05-06,59.439998626708984
2015-05-07,62.52000045776367
2015-05-08,62.439998626708984
2015-05-11,62.95000076293945
2015-05-12,61.86000061035156
2015-05-13,61.22999954223633
2015-05-14,61.75
2015-05-15,61.599998474121094
2015-05-18,62.25
2015-05-19,60.810001373291016
2015-05-20,54.540000915527344
2015-05-21,54.130001068115234
2015-05-22,53.689998626708984
2015-05-26,51.91999816894531
2015-05-27,53.70000076293945
2015-05-28,53.4900016784668
2015-05-29,54.59000015258789
2015-06-01,56.310001373291016
2015-06-02,55.95000076293945
2015-06-03,55.869998931884766
2015-06-04,54.56999969482422
2015-06-05,54.09000015258789
2015-06-08,51.72999954223633
2015-06-09,52.58000183105469
2015-06-10,52.41999816894531
2015-06-11,52.5
2015-06-12,52.869998931884766
2015-06-15,52.25
2015-06-16,51.22999954223633
2015-06-17,51.31999969482422
2015-06-18,52.0099983215332
2015-06-19,53.25
2015-06-22,54.79999923706055
2015-06-23,55.22999954223633
2015-06-24,54.459999084472656
2015-06-25,54.939998626708984
2015-06-26,54.47999954223633
2015-06-29,52.810001373291016
2015-06-30,53.0099983215332
2015-07-01,51.689998626708984
2015-07-02,51.5
2015-07-06,53.849998474121094
2015-07-07,54.310001373291016
2015-07-08,52.81999969482422
2015-07-09,53.2599983215332
2015-07-10,55.5099983215332
2015-07-13,56.38999938964844
2015-07-14,55.72999954223633
2015-07-15,55.5
2015-07-16,54.97999954223633
2015-07-17,55.38999938964844
2015-07-20,55.349998474121094
2015-07-21,55.970001220703125
2015-07-22,57.06999969482422
2015-07-23,56.66999816894531
2015-07-24,56.4900016784668
2015-07-27,56.810001373291016
2015-07-28,58.41999816894531
2015-07-29,57.209999084472656
2015-07-30,56.84000015258789
2015-07-31,56.38999938964844
2015-08-03,58.31999969482422
2015-08-04,58.95000076293945
2015-08-05,58.11000061035156
2015-08-06,57.5099983215332
2015-08-07,56.7400016784668
2015-08-10,57.150001525878906
2015-08-11,57.869998931884766
2015-08-12,57.40999984741211
2015-08-13,58.349998474121094
2015-08-14,58.529998779296875
2015-08-17,59.599998474121094
2015-08-18,58.5099983215332
2015-08-19,58.22999954223633
2015-08-20,56.59000015258789
2015-08-21,55.09000015258789
2015-08-24,52.33000183105469
2015-08-25,52.099998474121094
2015-08-26,53.95000076293945
2015-08-27,53.36000061035156
2015-08-28,57.119998931884766
2015-08-31,56.970001220703125
2015-09-01,57.130001068115234
2015-09-02,57.290000915527344
2015-09-03,57.25
2015-09-04,56.689998626708984
2015-09-08,57.5099983215332
2015-09-09,57.66999816894531
2015-09-10,56.900001525878906
2015-09-11,56.83000183105469
2015-09-14,57.45000076293945
2015-09-15,57.279998779296875
2015-09-16,57.95000076293945
2015-09-17,61.560001373291016
2015-09-18,60.310001373291016
2015-09-21,60.45000076293945
2015-09-22,58.2400016784668
2015-09-23,58.16999816894531
2015-09-24,56.33000183105469
2015-09-25,55.41999816894531
2015-09-28,53.720001220703125
2015-09-29,52.459999084472656
2015-09-30,53.04999923706055
2015-10-01,53.0
2015-10-02,51.7599983215332
2015-10-05,53.33000183105469
2015-10-06,50.779998779296875
2015-10-07,51.58000183105469
2015-10-08,52.2599983215332
2015-10-09,55.709999084472656
2015-10-12,57.79999923706055
2015-10-13,57.29999923706055
2015-10-14,57.5099983215332
2015-10-15,57.7599983215332
2015-10-16,55.970001220703125
2015-10-19,56.75
2015-10-20,55.75
2015-10-21,54.54999923706055
2015-10-22,56.04999923706055
2015-10-23,59.68000030517578
2015-10-26,61.02000045776367
2015-10-27,60.939998626708984
2015-10-28,59.54999923706055
2015-10-29,60.25
2015-10-30,60.310001373291016
2015-11-02,60.599998474121094
2015-11-03,60.84000015258789
2015-11-04,60.290000915527344
2015-11-05,60.29999923706055
2015-11-06,61.4900016784668
2015-11-09,60.150001525878906
2015-11-10,60.060001373291016
2015-11-11,59.63999938964844
2015-11-12,59.25
2015-11-13,58.79999923706055
2015-11-16,58.08000183105469
2015-11-17,57.380001068115234
2015-11-18,57.709999084472656
2015-11-19,58.5
2015-11-20,58.810001373291016
2015-11-23,58.560001373291016
2015-11-24,56.79999923706055
2015-11-25,56.220001220703125
2015-11-27,56.81999969482422
2015-11-30,55.72999954223633
2015-12-01,56.9900016784668
2015-12-02,57.90999984741211
2015-12-03,56.7400016784668
2015-12-04,58.939998626708984
2015-12-07,60.52000045776367
2015-12-08,58.650001525878906
2015-12-09,57.86000061035156
2015-12-10,59.529998779296875
2015-12-11,57.029998779296875
2015-12-14,57.29999923706055
2015-12-15,57.900001525878906
2015-12-16,58.869998931884766
2015-12-17,57.31999969482422
2015-12-18,56.91999816894531
2015-12-21,58.04999923706055
2015-12-22,58.0
2015-12-23,58.349998474121094
2015-12-24,59.779998779296875
2015-12-28,59.0099983215332
2015-12-29,59.29999923706055
2015-12-30,57.5099983215332
2015-12-31,57.29999923706055
2016-01-04,55.61000061035156
2016-01-05,55.060001373291016
2016-01-06,55.20000076293945
2016-01-07,52.630001068115234
2016-01-08,51.88999938964844
2016-01-11,51.619998931884766
2016-01-12,50.86000061035156
2016-01-13,48.060001373291016
2016-01-14,47.83000183105469
2016-01-15,45.66999816894531
2016-01-19,45.18000030517578
2016-01-20,45.119998931884766
2016-01-21,45.33000183105469
2016-01-22,46.720001220703125
2016-01-25,46.439998626708984
2016-01-26,47.22999954223633
2016-01-27,47.709999084472656
2016-01-28,46.11000061035156
2016-01-29,48.279998779296875
2016-02-01,48.86000061035156
2016-02-02,46.45000076293945
2016-02-03,47.56999969482422
2016-02-04,48.40999984741211
2016-02-05,46.86000061035156
2016-02-08,45.68000030517578
2016-02-09,46.47999954223633
2016-02-10,47.709999084472656
2016-02-11,46.97999954223633
2016-02-12,48.349998474121094
2016-02-16,48.869998931884766
2016-02-17,50.61000061035156
2016-02-18,51.939998626708984
2016-02-19,53.81999969482422
2016-02-22,55.4900016784668
2016-02-23,55.45000076293945
2016-02-24,56.2599983215332
2016-02-25,56.86000061035156
2016-02-26,56.58000183105469
2016-02-29,57.2599983215332
2016-03-01,58.400001525878906
2016-03-02,57.91999816894531
2016-03-03,58.34000015258789
2016-03-04,58.0
2016-03-07,57.61000061035156
2016-03-08,56.34000015258789
2016-03-09,57.439998626708984
2016-03-10,57.2599983215332
2016-03-11,58.369998931884766
2016-03-14,58.97999954223633
2016-03-15,58.04999923706055
2016-03-16,58.77000045776367
2016-03-17,58.84000015258789
2016-03-18,60.40999984741211
2016-03-21,61.189998626708984
2016-03-22,60.4900016784668
2016-03-23,59.7400016784668
2016-03-24,57.84000015258789
2016-03-28,57.90999984741211
2016-03-29,58.65999984741211
2016-03-30,59.81999969482422
2016-03-31,59.86000061035156
2016-04-01,56.720001220703125
2016-04-04,55.849998474121094
2016-04-05,55.58000183105469
2016-04-06,55.13999938964844
2016-04-07,53.15999984741211
2016-04-08,53.08000183105469
2016-04-11,53.709999084472656
2016-04-12,54.06999969482422
2016-04-13,55.58000183105469
2016-04-14,56.72999954223633
2016-04-15,56.900001525878906
2016-04-18,56.97999954223633
2016-04-19,58.04999923706055
2016-04-20,58.599998474121094
2016-04-21,52.7599983215332
2016-04-22,50.7400016784668
2016-04-25,49.369998931884766
2016-04-26,49.13999938964844
2016-04-27,48.939998626708984
2016-04-28,48.060001373291016
2016-04-29,45.810001373291016
2016-05-02,46.65999984741211
2016-05-03,47.130001068115234
2016-05-04,45.54999923706055
2016-05-05,44.9900016784668
2016-05-06,45.70000076293945
2016-05-09,45.709999084472656
2016-05-10,47.0
2016-05-11,45.79999923706055
2016-05-12,43.779998779296875
2016-05-13,43.84000015258789
2016-05-16,44.59000015258789
2016-05-17,45.04999923706055
2016-05-18,45.27000045776367
2016-05-19,44.0099983215332
2016-05-20,44.4900016784668
2016-05-23,44.20000076293945
2016-05-24,44.9900016784668
2016-05-25,45.130001068115234
2016-05-26,44.5
2016-05-27,45.18000030517578
2016-05-31,45.09000015258789
2016-06-01,45.25
2016-06-02,45.16999816894531
2016-06-03,44.29999923706055
2016-06-06,44.529998779296875
2016-06-07,45.810001373291016
2016-06-08,45.689998626708984
2016-06-09,46.70000076293945
2016-06-10,46.08000183105469
2016-06-13,44.060001373291016
2016-06-14,42.09000015258789
2016-06-15,42.88999938964844
2016-06-16,41.83000183105469
2016-06-17,42.619998931884766
2016-06-20,43.400001525878906
2016-06-21,44.86000061035156
2016-06-22,45.09000015258789
2016-06-23,45.16999816894531
2016-06-24,41.060001373291016
2016-06-27,37.75
2016-06-28,38.95000076293945
2016-06-29,40.56999969482422
2016-06-30,41.040000915527344
2016-07-01,41.369998931884766
2016-07-05,40.290000915527344
2016-07-06,39.310001373291016
2016-07-07,40.09000015258789
2016-07-08,41.47999954223633
2016-07-11,42.40999984741211
2016-07-12,46.15999984741211
2016-07-13,45.86000061035156
2016-07-14,47.849998474121094
2016-07-15,47.43000030517578
2016-07-18,47.709999084472656
2016-07-19,47.849998474121094
2016-07-20,48.29999923706055
2016-07-21,46.65999984741211
2016-07-22,47.56999969482422
2016-07-25,46.88999938964844
2016-07-26,47.72999954223633
2016-07-27,47.439998626708984
2016-07-28,47.400001525878906
2016-07-29,46.88999938964844
2016-08-01,47.36000061035156
2016-08-02,44.400001525878906
2016-08-03,44.900001525878906
2016-08-04,45.900001525878906
2016-08-05,48.40999984741211
2016-08-08,48.4900016784668
2016-08-09,47.810001373291016
2016-08-10,47.119998931884766
2016-08-11,47.27000045776367
2016-08-12,47.099998474121094
2016-08-15,48.0099983215332
2016-08-16,47.9900016784668
2016-08-17,48.18000030517578
2016-08-18,47.599998474121094
2016-08-19,47.09000015258789
2016-08-22,46.95000076293945
2016-08-23,47.4900016784668
2016-08-24,47.599998474121094
2016-08-25,47.529998779296875
2016-08-26,46.869998931884766
2016-08-29,46.95000076293945
2016-08-30,50.9900016784668
2016-08-31,50.40999984741211
2016-09-01,50.88999938964844
2016-09-02,51.09000015258789
2016-09-06,51.13999938964844
2016-09-07,53.68000030517578
2016-09-08,54.36000061035156
2016-09-09,52.45000076293945
2016-09-12,53.25
2016-09-13,51.63999938964844
2016-09-14,51.0
2016-09-15,51.709999084472656
2016-09-16,51.0
2016-09-19,50.959999084472656
2016-09-20,50.310001373291016
2016-09-21,50.22999954223633
2016-09-22,51.040000915527344
2016-09-23,50.95000076293945
2016-09-26,49.45000076293945
2016-09-27,50.40999984741211
2016-09-28,50.65999984741211
2016-09-29,51.13999938964844
2016-09-30,52.470001220703125
2016-10-03,53.25
2016-10-04,53.72999954223633
2016-10-05,53.81999969482422
2016-10-06,53.97999954223633
2016-10-07,52.81999969482422
2016-10-10,54.20000076293945
2016-10-11,53.52000045776367
2016-10-12,52.880001068115234
2016-10-13,53.689998626708984
2016-10-14,53.20000076293945
2016-10-17,53.029998779296875
2016-10-18,53.68000030517578
2016-10-19,55.439998626708984
2016-10-20,56.56999969482422
2016-10-21,55.599998474121094
2016-10-24,55.040000915527344
2016-10-25,54.630001068115234
2016-10-26,53.97999954223633
2016-10-27,54.41999816894531
2016-10-28,55.11000061035156
2016-10-31,56.22999954223633
2016-11-01,56.0
2016-11-02,56.13999938964844
2016-11-03,55.939998626708984
2016-11-04,57.22999954223633
2016-11-07,58.529998779296875
2016-11-08,59.310001373291016
2016-11-09,60.130001068115234
2016-11-10,59.939998626708984
2016-11-11,60.25
2016-11-14,62.939998626708984
2016-11-15,66.05999755859375
2016-11-16,65.5
2016-11-17,67.86000061035156
2016-11-18,68.29000091552734
2016-11-21,68.98999786376953
2016-11-22,69.5
2016-11-23,69.87999725341797
2016-11-25,70.08999633789062
2016-11-28,69.25
2016-11-29,69.72000122070312
2016-11-30,68.94999694824219
2016-12-01,68.47000122070312
2016-12-02,69.2699966430664
2016-12-05,68.26000213623047
2016-12-06,70.97000122070312
2016-12-07,72.43000030517578
2016-12-08,72.73999786376953
2016-12-09,75.16999816894531
2016-12-12,73.23999786376953
2016-12-13,72.55000305175781
2016-12-14,72.94000244140625
2016-12-15,74.79000091552734
2016-12-16,74.41999816894531
2016-12-19,74.4800033569336
2016-12-20,76.05000305175781
2016-12-21,75.72000122070312
2016-12-22,74.19000244140625
2016-12-23,74.79000091552734
2016-12-27,74.66999816894531
2016-12-28,73.52999877929688
2016-12-29,73.27999877929688
2016-12-30,72.87999725341797
2017-01-03,72.70999908447266
2017-01-04,73.0199966430664
2017-01-05,70.93000030517578
2017-01-06,71.37000274658203
2017-01-09,71.27999877929688
2017-01-10,73.66000366210938
2017-01-11,75.04000091552734
2017-01-12,74.0
2017-01-13,74.31999969482422
2017-01-17,73.73999786376953
2017-01-18,74.0
2017-01-19,74.0199966430664
2017-01-20,75.23999786376953
2017-01-23,72.75
2017-01-24,73.18000030517578
2017-01-25,73.58999633789062
2017-01-26,75.37999725341797
2017-01-27,74.41999816894531
2017-01-30,71.72000122070312
2017-01-31,70.47000122070312
2017-02-01,71.4800033569336
2017-02-02,72.13999938964844
2017-02-03,73.05999755859375
2017-02-06,73.5
2017-02-07,71.29000091552734
2017-02-08,71.69999694824219
2017-02-09,72.9800033569336
2017-02-10,72.5999984741211
2017-02-13,73.83999633789062
2017-02-14,73.73999786376953
2017-02-15,75.75
2017-02-16,75.66999816894531
2017-02-17,75.95999908447266
2017-02-21,75.41000366210938
2017-02-22,75.43000030517578
2017-02-23,74.55999755859375
2017-02-24,75.08000183105469
2017-02-27,75.27999877929688
2017-02-28,74.08999633789062
2017-03-01,75.38999938964844
2017-03-02,73.27999877929688
2017-03-03,75.58999633789062
2017-03-06,73.13999938964844
2017-03-07,72.63999938964844
2017-03-08,73.44000244140625
2017-03-09,72.54000091552734
2017-03-10,72.33999633789062
2017-03-13,69.8499984741211
2017-03-14,66.55000305175781
2017-03-15,68.16999816894531
2017-03-16,67.55999755859375
2017-03-17,66.79000091552734
2017-03-20,67.48999786376953
2017-03-21,65.27999877929688
2017-03-22,66.94999694824219
2017-03-23,67.5
2017-03-24,67.93000030517578
2017-03-27,68.37000274658203
2017-03-28,70.73999786376953
2017-03-29,69.8499984741211
2017-03-30,70.77999877929688
2017-03-31,70.63999938964844
2017-04-03,71.3499984741211
2017-04-04,69.76000213623047
2017-04-05,70.05999755859375
2017-04-06,70.22000122070312
2017-04-07,70.87999725341797
2017-04-10,71.5199966430664
2017-04-11,70.70999908447266
2017-04-12,69.93000030517578
2017-04-13,69.06999969482422
2017-04-17,70.7699966430664
2017-04-18,67.75
2017-04-19,69.29000091552734
2017-04-20,69.80000305175781
2017-04-21,69.55999755859375
2017-04-24,71.0
2017-04-25,70.97000122070312
2017-04-26,71.33000183105469
2017-04-27,70.69999694824219
2017-04-28,70.20999908447266
2017-05-01,70.2699966430664
2017-05-02,73.94000244140625
2017-05-03,74.20999908447266
2017-05-04,74.91000366210938
2017-05-05,75.30000305175781
2017-05-08,74.9800033569336
2017-05-09,78.55000305175781
2017-05-10,78.55000305175781
2017-05-11,77.36000061035156
2017-05-12,76.41000366210938
2017-05-15,77.79000091552734
2017-05-16,79.05999755859375
2017-05-17,76.18000030517578
2017-05-18,75.9800033569336
2017-05-19,77.9800033569336
2017-05-22,78.91999816894531
2017-05-23,79.02999877929688
2017-05-24,78.94000244140625
2017-05-25,81.41000366210938
2017-05-26,81.25
2017-05-30,79.25
2017-05-31,79.66999816894531
2017-06-01,80.9800033569336
2017-06-02,82.02999877929688
2017-06-05,81.66999816894531
2017-06-06,81.23999786376953
2017-06-07,81.66000366210938
2017-06-08,80.5199966430664
2017-06-09,78.83000183105469
2017-06-12,77.7300033569336
2017-06-13,77.4800033569336
2017-06-14,77.55999755859375
2017-06-15,77.33999633789062
2017-06-16,76.77999877929688
2017-06-19,78.62999725341797
2017-06-20,77.27999877929688
2017-06-21,77.58999633789062
2017-06-22,77.44999694824219
2017-06-23,76.79000091552734
2017-06-26,77.02999877929688
2017-06-27,76.0
2017-06-28,76.69999694824219
2017-06-29,75.44000244140625
2017-06-30,75.25
2017-07-03,75.08000183105469
2017-07-05,76.54000091552734
2017-07-06,77.70999908447266
2017-07-07,78.94000244140625
2017-07-10,78.26000213623047
2017-07-11,76.91999816894531
2017-07-12,80.52999877929688
2017-07-13,80.16999816894531
2017-07-14,79.8499984741211
2017-07-17,79.77999877929688
2017-07-18,78.9000015258789
2017-07-19,74.23999786376953
2017-07-20,72.08000183105469
2017-07-21,71.56999969482422
2017-07-24,70.43000030517578
2017-07-25,69.4800033569336
2017-07-26,70.23999786376953
2017-07-27,68.08999633789062
2017-07-28,67.87999725341797
2017-07-31,67.68000030517578
2017-08-01,67.86000061035156
2017-08-02,67.44000244140625
2017-08-03,68.19000244140625
2017-08-04,68.91000366210938
2017-08-07,68.38999938964844
2017-08-08,67.79000091552734
2017-08-09,67.05999755859375
2017-08-10,65.23999786376953
2017-08-11,65.87000274658203
2017-08-14,66.70999908447266
2017-08-15,66.95999908447266
2017-08-16,66.91999816894531
2017-08-17,64.69999694824219
2017-08-18,64.75
2017-08-21,64.8499984741211
2017-08-22,64.69999694824219
2017-08-23,62.83000183105469
2017-08-24,61.47999954223633
2017-08-25,63.36000061035156
2017-08-28,63.150001525878906
2017-08-29,62.88999938964844
2017-08-30,62.02000045776367
2017-08-31,61.959999084472656
2017-09-01,62.43000030517578
2017-09-05,61.099998474121094
2017-09-06,60.33000183105469
2017-09-07,58.58000183105469
2017-09-08,58.380001068115234
2017-09-11,60.459999084472656
2017-09-12,61.2400016784668
2017-09-13,61.65999984741211
2017-09-14,61.25
2017-09-15,59.79999923706055
2017-09-18,58.11000061035156
2017-09-19,57.540000915527344
2017-09-20,58.060001373291016
2017-09-21,58.529998779296875
2017-09-22,58.79999923706055
2017-09-25,59.439998626708984
2017-09-26,59.68000030517578
2017-09-27,60.91999816894531
2017-09-28,61.15999984741211
2017-09-29,60.880001068115234
2017-10-02,60.43000030517578
2017-10-03,64.13999938964844
2017-10-04,64.47000122070312
2017-10-05,64.31999969482422
2017-10-06,65.25
2017-10-09,64.69999694824219
2017-10-10,67.72000122070312
2017-10-11,67.4000015258789
2017-10-12,66.63999938964844
2017-10-13,67.56999969482422
2017-10-16,66.94999694824219
2017-10-17,67.51000213623047
2017-10-18,67.98999786376953
2017-10-19,59.779998779296875
2017-10-20,59.900001525878906
2017-10-23,59.099998474121094
2017-10-24,59.90999984741211
2017-10-25,59.91999816894531
2017-10-26,59.95000076293945
2017-10-27,60.25
2017-10-30,59.040000915527344
2017-10-31,58.47999954223633
2017-11-01,58.63999938964844
2017-11-02,58.27000045776367
2017-11-03,59.650001525878906
2017-11-06,59.91999816894531
2017-11-07,58.709999084472656
2017-11-08,58.91999816894531
2017-11-09,58.38999938964844
2017-11-10,58.52000045776367
2017-11-13,57.810001373291016
2017-11-14,57.20000076293945
2017-11-15,57.4900016784668
2017-11-16,58.68000030517578
2017-11-17,58.20000076293945
2017-11-20,58.7599983215332
2017-11-21,59.709999084472656
2017-11-22,59.689998626708984
2017-11-24,59.43000030517578
2017-11-27,59.09000015258789
2017-11-28,60.189998626708984
2017-11-29,62.09000015258789
2017-11-30,63.31999969482422
2017-12-01,62.56999969482422
2017-12-04,62.59000015258789
2017-12-05,62.20000076293945
2017-12-06,62.189998626708984
2017-12-07,63.529998779296875
2017-12-08,63.54999923706055
2017-12-11,64.23999786376953
2017-12-12,63.36000061035156
2017-12-13,63.029998779296875
2017-12-14,63.130001068115234
2017-12-15,63.7599983215332
2017-12-18,64.55999755859375
2017-12-19,64.43000030517578
2017-12-20,65.9000015258789
2017-12-21,67.27999877929688
2017-12-22,67.25
2017-12-26,67.3499984741211
2017-12-27,67.12000274658203
2017-12-28,67.54000091552734
2017-12-29,67.4000015258789
2018-01-02,68.94000244140625
2018-01-03,68.48999786376953
2018-01-04,69.26000213623047
2018-01-05,69.36000061035156
2018-01-08,68.51000213623047
2018-01-09,68.4800033569336
2018-01-10,73.08000183105469
2018-01-11,76.44999694824219
2018-01-12,78.4000015258789
2018-01-16,77.48999786376953
2018-01-17,76.58000183105469
2018-01-18,76.30000305175781
2018-01-19,76.5
2018-01-22,76.87000274658203
2018-01-23,77.97000122070312
2018-01-24,69.05000305175781
2018-01-25,66.08000183105469
2018-01-26,66.55999755859375
2018-01-29,65.77999877929688
2018-01-30,67.01000213623047
2018-01-31,67.81999969482422
2018-02-01,67.1500015258789
2018-02-02,65.68000030517578
2018-02-05,63.400001525878906
2018-02-06,63.95000076293945
2018-02-07,65.36000061035156
2018-02-08,63.369998931884766
2018-02-09,62.97999954223633
2018-02-12,64.13999938964844
2018-02-13,65.69999694824219
2018-02-14,65.68000030517578
2018-02-15,66.73999786376953
2018-02-16,66.5199966430664
2018-02-20,66.58999633789062
2018-02-21,67.0
2018-02-22,66.69999694824219
2018-02-23,67.56999969482422
2018-02-26,69.26000213623047
2018-02-27,67.86000061035156
2018-02-28,67.79000091552734
2018-03-01,67.54000091552734
2018-03-02,67.51000213623047
2018-03-05,67.20999908447266
2018-03-06,67.5199966430664
2018-03-07,67.80999755859375
2018-03-08,69.87000274658203
2018-03-09,71.55000305175781
2018-03-12,72.0
2018-03-13,72.5999984741211
2018-03-14,70.73999786376953
2018-03-15,70.13999938964844
2018-03-16,70.87999725341797
2018-03-19,70.12999725341797
2018-03-20,70.4800033569336
2018-03-21,69.94000244140625
2018-03-22,68.44999694824219
2018-03-23,67.38999938964844
2018-03-26,68.4800033569336
2018-03-27,68.18000030517578
2018-03-28,67.91000366210938
2018-03-29,69.47000122070312
2018-04-02,66.7699966430664
2018-04-03,69.19000244140625
2018-04-04,69.98999786376953
2018-04-05,70.69000244140625
2018-04-06,68.62999725341797
2018-04-09,68.5199966430664
2018-04-10,67.58999633789062
2018-04-11,64.87000274658203
2018-04-12,66.0999984741211
2018-04-13,66.54000091552734
2018-04-16,67.30999755859375
2018-04-17,67.33999633789062
2018-04-18,70.58000183105469
2018-04-19,70.2300033569336
2018-04-20,71.75
2018-04-23,70.33000183105469
2018-04-24,68.94999694824219
2018-04-25,68.51000213623047
2018-04-26,66.62000274658203
2018-04-27,67.86000061035156
2018-04-30,67.54000091552734
2018-05-01,68.37999725341797
2018-05-02,67.91999816894531
2018-05-03,67.5199966430664
2018-05-04,68.31999969482422
2018-05-07,67.5199966430664
2018-05-08,67.72000122070312
2018-05-09,65.80000305175781
2018-05-10,66.0199966430664
2018-05-11,66.91999816894531
2018-05-14,66.63999938964844
2018-05-15,68.02999877929688
2018-05-16,69.73999786376953
2018-05-17,69.48999786376953
2018-05-18,68.41999816894531
2018-05-21,70.06999969482422
2018-05-22,69.98999786376953
2018-05-23,69.54000091552734
2018-05-24,70.47000122070312
2018-05-25,71.68000030517578
2018-05-29,69.5199966430664
2018-05-30,69.80000305175781
2018-05-31,69.58999633789062
2018-06-01,69.25
2018-06-04,69.9800033569336
2018-06-05,69.31999969482422
2018-06-06,70.36000061035156
2018-06-07,69.54000091552734
2018-06-08,69.98999786376953
2018-06-11,72.1500015258789
2018-06-12,72.38999938964844
2018-06-13,72.5
2018-06-14,73.0199966430664
2018-06-15,73.88999938964844
2018-06-18,74.48999786376953
2018-06-19,73.0
2018-06-20,74.06999969482422
2018-06-21,74.41999816894531
2018-06-22,72.94000244140625
2018-06-25,71.33000183105469
2018-06-26,71.0199966430664
2018-06-27,69.56999969482422
2018-06-28,69.44000244140625
2018-06-29,69.7300033569336
2018-07-02,70.91999816894531
2018-07-03,70.16000366210938
2018-07-05,70.91999816894531
2018-07-06,70.95999908447266
2018-07-09,71.79000091552734
2018-07-10,71.30000305175781
2018-07-11,68.87999725341797
2018-07-12,71.04000091552734
2018-07-13,72.0999984741211
2018-07-16,72.26000213623047
2018-07-17,72.62000274658203
2018-07-18,79.0
2018-07-19,80.58999633789062
2018-07-20,80.91000366210938
2018-07-23,81.58999633789062
2018-07-24,80.04000091552734
2018-07-25,80.55999755859375
2018-07-26,81.23999786376953
2018-07-27,80.01000213623047
2018-07-30,80.06999969482422
2018-07-31,80.4000015258789
2018-08-01,80.0199966430664
2018-08-02,80.8499984741211
2018-08-03,81.33999633789062
2018-08-06,81.83000183105469
2018-08-07,82.31999969482422
2018-08-08,82.79000091552734
2018-08-09,82.75
2018-08-10,81.72000122070312
2018-08-13,81.20999908447266
2018-08-14,81.44000244140625
2018-08-15,81.87000274658203
2018-08-16,81.9000015258789
2018-08-17,82.01000213623047
2018-08-20,85.22000122070312
2018-08-21,85.66000366210938
2018-08-22,84.52999877929688
2018-08-23,84.73999786376953
2018-08-24,85.13999938964844
2018-08-27,85.94000244140625
2018-08-28,86.81999969482422
2018-08-29,87.11000061035156
2018-08-30,86.91999816894531
2018-08-31,87.41999816894531
2018-09-04,88.30000305175781
2018-09-05,88.19000244140625
2018-09-06,87.12999725341797
2018-09-07,87.68000030517578
2018-09-10,88.08999633789062
2018-09-11,89.12000274658203
2018-09-12,87.80000305175781
2018-09-13,89.58000183105469
2018-09-14,90.33000183105469
2018-09-17,90.16000366210938
2018-09-18,90.11000061035156
2018-09-19,89.3499984741211
2018-09-20,89.12000274658203
2018-09-21,89.94000244140625
2018-09-24,87.83999633789062
2018-09-25,87.91999816894531
2018-09-26,88.97000122070312
2018-09-27,88.33999633789062
2018-09-28,89.05999755859375
2018-10-01,87.61000061035156
2018-10-02,86.70999908447266
2018-10-03,87.38999938964844
2018-10-04,86.04000091552734
2018-10-05,84.13999938964844
2018-10-08,83.68000030517578
2018-10-09,81.43000030517578
2018-10-10,78.93000030517578
2018-10-11,80.12000274658203
2018-10-12,80.18000030517578
2018-10-15,81.33999633789062
2018-10-16,83.5199966430664
2018-10-17,88.48999786376953
2018-10-18,87.08999633789062
2018-10-19,87.43000030517578
2018-10-22,88.61000061035156
2018-10-23,86.33000183105469
2018-10-24,82.19000244140625
2018-10-25,85.5999984741211
2018-10-26,84.62999725341797
2018-10-29,84.98999786376953
2018-10-30,85.8499984741211
2018-10-31,85.51000213623047
2018-11-01,88.04000091552734
2018-11-02,88.68000030517578
2018-11-05,89.47000122070312
2018-11-06,89.63999938964844
2018-11-07,92.16000366210938
2018-11-08,92.55999755859375
2018-11-09,92.3499984741211
2018-11-12,91.19999694824219
2018-11-13,92.5999984741211
2018-11-14,91.79000091552734
2018-11-15,91.9800033569336
2018-11-16,92.26000213623047
2018-11-19,92.08999633789062
2018-11-20,91.7699966430664
2018-11-21,92.86000061035156
2018-11-23,94.83999633789062
2018-11-26,91.75
2018-11-27,93.37999725341797
2018-11-28,94.4800033569336
2018-11-29,95.06999969482422
2018-11-30,96.69999694824219
2018-12-03,96.45999908447266
2018-12-04,91.94000244140625
2018-12-06,93.02999877929688
2018-12-07,88.2300033569336
2018-12-10,88.55000305175781
2018-12-11,88.13999938964844
2018-12-12,89.62999725341797
2018-12-13,87.4800033569336
2018-12-14,87.73999786376953
2018-12-17,86.20999908447266
2018-12-18,87.80000305175781
2018-12-19,86.37000274658203
2018-12-20,84.41000366210938
2018-12-21,81.47000122070312
2018-12-24,79.12000274658203
2018-12-26,83.80000305175781
2018-12-27,83.04000091552734
2018-12-28,83.16999816894531
2018-12-31,83.7300033569336
2019-01-02,84.18000030517578
2019-01-03,80.0
2019-01-04,82.68000030517578
2019-01-07,83.2300033569336
2019-01-08,82.37999725341797
2019-01-09,83.76000213623047
2019-01-10,81.37000274658203
2019-01-11,80.06999969482422
2019-01-14,79.91000366210938
2019-01-15,81.19999694824219
2019-01-16,86.36000061035156
2019-01-17,86.73999786376953
2019-01-18,85.58999633789062
2019-01-22,83.33999633789062
2019-01-23,82.87999725341797
2019-01-24,84.02999877929688
2019-01-25,84.13999938964844
2019-01-28,84.5999984741211
2019-01-29,85.66999816894531
2019-01-30,87.47000122070312
2019-01-31,87.2699966430664
2019-02-01,87.48999786376953
2019-02-04,88.62000274658203
2019-02-05,89.45999908447266
2019-02-06,89.75
2019-02-07,87.86000061035156
2019-02-08,88.16999816894531
2019-02-11,89.1500015258789
2019-02-12,87.97000122070312
2019-02-13,88.58000183105469
2019-02-14,88.1500015258789
2019-02-15,88.30999755859375
2019-02-19,89.23999786376953
2019-02-20,88.5
2019-02-21,88.83999633789062
2019-02-22,89.43000030517578
2019-02-25,89.58000183105469
2019-02-26,89.52999877929688
2019-02-27,87.5999984741211
2019-02-28,87.80999755859375
2019-03-01,86.91999816894531
2019-03-04,84.30999755859375
2019-03-05,85.05000305175781
2019-03-06,84.33000183105469
2019-03-07,82.61000061035156
2019-03-08,82.4000015258789
2019-03-11,82.37999725341797
2019-03-12,79.8499984741211
2019-03-13,81.20999908447266
2019-03-14,81.48999786376953
2019-03-15,81.69000244140625
2019-03-18,80.7300033569336
2019-03-19,81.33999633789062
2019-03-20,79.83000183105469
2019-03-21,81.0
2019-03-22,79.62999725341797
2019-03-25,78.12000274658203
2019-03-26,77.48999786376953
2019-03-27,78.52999877929688
2019-03-28,78.5999984741211
2019-03-29,79.77999877929688
2019-04-01,80.87000274658203
2019-04-02,82.7699966430664
2019-04-03,84.19999694824219
2019-04-04,84.63999938964844
2019-04-05,84.91000366210938
2019-04-08,84.58000183105469
2019-04-09,84.25
2019-04-10,84.5199966430664
2019-04-11,85.75
2019-04-12,85.48999786376953
2019-04-15,84.5199966430664
2019-04-16,85.16999816894531
2019-04-17,89.23999786376953
2019-04-18,88.27999877929688
2019-04-22,87.55999755859375
2019-04-23,87.97000122070312
2019-04-24,88.02999877929688
2019-04-25,86.86000061035156
2019-04-26,87.94000244140625
2019-04-29,89.61000061035156
2019-04-30,88.86000061035156
2019-05-01,87.94000244140625
2019-05-02,88.30999755859375
2019-05-03,88.5
2019-05-06,87.79000091552734
2019-05-07,85.68000030517578
2019-05-08,84.63999938964844
2019-05-09,84.12000274658203
2019-05-10,84.79000091552734
2019-05-13,82.06999969482422
2019-05-14,83.44999694824219
2019-05-15,82.3499984741211
2019-05-16,82.58000183105469
2019-05-17,81.5
2019-05-20,81.73999786376953
2019-05-21,82.97000122070312
2019-05-22,81.87999725341797
2019-05-23,80.91000366210938
2019-05-24,80.79000091552734
2019-05-28,79.9000015258789
2019-05-29,79.25
2019-05-30,79.47000122070312
2019-05-31,77.6500015258789
2019-06-03,77.72000122070312
2019-06-04,80.5199966430664
2019-06-05,81.8499984741211
2019-06-06,82.95999908447266
2019-06-07,83.2699966430664
2019-06-10,82.66999816894531
2019-06-11,82.7699966430664
2019-06-12,83.79000091552734
2019-06-13,87.11000061035156
2019-06-14,87.12000274658203
2019-06-17,86.7699966430664
2019-06-18,87.4000015258789
2019-06-19,88.66000366210938
2019-06-20,87.13999938964844
2019-06-21,86.72000122070312
2019-06-24,86.55000305175781
2019-06-25,85.05999755859375
2019-06-26,85.33000183105469
2019-06-27,86.43000030517578
2019-06-28,87.55000305175781
2019-07-01,88.44999694824219
2019-07-02,88.87000274658203
2019-07-03,90.66999816894531
2019-07-05,90.58999633789062
2019-07-08,90.66999816894531
2019-07-09,89.45999908447266
2019-07-10,89.51000213623047
2019-07-11,89.4800033569336
2019-07-12,91.2300033569336
2019-07-15,91.31999969482422
2019-07-16,93.91999816894531
2019-07-17,94.77999877929688
2019-07-18,95.27999877929688
2019-07-19,93.83000183105469
2019-07-22,93.83000183105469
2019-07-23,94.93000030517578
2019-07-24,95.11000061035156
2019-07-25,93.93000030517578
2019-07-26,93.36000061035156
2019-07-29,93.44000244140625
2019-07-30,93.93000030517578
2019-07-31,91.91000366210938
2019-08-01,90.48999786376953
2019-08-02,89.43000030517578
2019-08-05,85.58999633789062
2019-08-06,85.45999908447266
2019-08-07,86.4800033569336
2019-08-08,87.62999725341797
2019-08-09,86.9800033569336
2019-08-12,84.70999908447266
2019-08-13,84.55999755859375
2019-08-14,81.94999694824219
2019-08-15,81.62000274658203
2019-08-16,82.94000244140625
2019-08-19,83.88999938964844
2019-08-20,84.02999877929688
2019-08-21,85.29000091552734
2019-08-22,85.55999755859375
2019-08-23,82.52999877929688
2019-08-26,83.58000183105469
2019-08-27,81.94000244140625
2019-08-28,82.44999694824219
2019-08-29,84.69000244140625
2019-08-30,84.30999755859375
2019-09-03,83.1500015258789
2019-09-04,83.91000366210938
2019-09-05,85.83999633789062
2019-09-06,86.30000305175781
2019-09-09,87.33000183105469
2019-09-10,87.55999755859375
2019-09-11,88.37999725341797
2019-09-12,89.37999725341797
2019-09-13,91.3499984741211
2019-09-16,88.76000213623047
2019-09-17,89.9800033569336
2019-09-18,90.2300033569336
2019-09-19,89.41999816894531
2019-09-20,89.08999633789062
2019-09-23,88.20999908447266
2019-09-24,88.30000305175781
2019-09-25,89.16999816894531
2019-09-26,88.44999694824219
2019-09-27,88.13999938964844
2019-09-30,88.41000366210938
2019-10-01,87.83999633789062
2019-10-02,83.69000244140625
2019-10-03,83.2699966430664
2019-10-04,84.29000091552734
2019-10-07,84.8499984741211
2019-10-08,84.69000244140625
2019-10-09,86.45999908447266
2019-10-10,87.33999633789062
2019-10-11,87.1500015258789
2019-10-14,86.97000122070312
2019-10-15,87.87999725341797
2019-10-16,89.69999694824219
2019-10-17,89.45999908447266
2019-10-18,90.08999633789062
2019-10-21,90.77999877929688
2019-10-22,89.70999908447266
2019-10-23,89.9000015258789
2019-10-24,89.80999755859375
2019-10-25,91.63999938964844
2019-10-28,92.19000244140625
2019-10-29,91.02999877929688
2019-10-30,91.66999816894531
2019-10-31,90.83999633789062
2019-11-01,91.6500015258789
2019-11-04,92.38999938964844
2019-11-05,93.12000274658203
2019-11-06,93.33999633789062
2019-11-07,93.80000305175781
2019-11-08,93.44000244140625
2019-11-11,93.52999877929688
2019-11-12,92.72000122070312
2019-11-13,92.41999816894531
2019-11-14,92.5199966430664
2019-11-15,92.51000213623047
2019-11-18,92.7699966430664
2019-11-19,93.29000091552734
2019-11-20,91.69999694824219
2019-11-21,90.97000122070312
2019-11-22,91.77999877929688
2019-11-25,92.5199966430664
2019-11-26,92.76000213623047
2019-11-27,93.05000305175781
2019-11-29,92.80000305175781
2019-12-02,91.62999725341797
2019-12-03,88.87000274658203
2019-12-04,88.16999816894531
2019-12-05,87.86000061035156
2019-12-06,88.58000183105469
2019-12-09,87.61000061035156
2019-12-10,86.51000213623047
2019-12-11,87.0199966430664
2019-12-12,88.47000122070312
2019-12-13,87.58000183105469
2019-12-16,88.62999725341797
2019-12-17,89.36000061035156
2019-12-18,88.83999633789062
2019-12-19,89.22000122070312
2019-12-20,89.27999877929688
2019-12-23,89.44000244140625
2019-12-24,89.1500015258789
2019-12-26,89.26000213623047
2019-12-27,88.37000274658203
2019-12-30,87.95999908447266
2019-12-31,88.08999633789062
2020-01-02,89.73999786376953
2020-01-03,87.9000015258789
2020-01-06,87.69999694824219
2020-01-07,86.7699966430664
2020-01-08,87.30000305175781
2020-01-09,87.94999694824219
2020-01-10,87.30999755859375
2020-01-13,86.88999938964844
2020-01-14,87.8499984741211
2020-01-15,88.29000091552734
2020-01-16,89.54000091552734
2020-01-17,89.69999694824219
2020-01-21,85.79000091552734
2020-01-22,83.33999633789062
2020-01-23,84.87999725341797
2020-01-24,81.9000015258789
2020-01-27,77.62999725341797
2020-01-28,77.05000305175781
2020-01-29,75.20999908447266
2020-01-30,77.75
2020-01-31,74.80000305175781
2020-02-03,74.91000366210938
2020-02-04,78.88999938964844
2020-02-05,81.8499984741211
2020-02-06,80.5
2020-02-07,79.4800033569336
2020-02-10,79.47000122070312
2020-02-11,80.52999877929688
2020-02-12,82.19999694824219
2020-02-13,80.98999786376953
2020-02-14,79.55000305175781
2020-02-18,80.23999786376953
2020-02-19,79.41999816894531
2020-02-20,79.91000366210938
2020-02-21,78.01000213623047
2020-02-24,75.47000122070312
2020-02-25,70.56999969482422
2020-02-26,66.52999877929688
2020-02-27,64.94000244140625
2020-02-28,61.59000015258789
2020-03-02,61.2599983215332
2020-03-03,58.290000915527344
2020-03-04,59.470001220703125
2020-03-05,51.59000015258789
2020-03-06,52.099998474121094
2020-03-09,46.779998779296875
2020-03-10,52.560001373291016
2020-03-11,49.34000015258789
2020-03-12,37.08000183105469
2020-03-13,41.63999938964844
2020-03-16,35.470001220703125
2020-03-17,30.670000076293945
2020-03-18,21.3799991607666
2020-03-19,21.280000686645508
2020-03-20,24.5
2020-03-23,26.25
2020-03-24,33.0
2020-03-25,36.599998474121094
2020-03-26,35.54999923706055
2020-03-27,32.84000015258789
2020-03-30,30.15999984741211
2020-03-31,31.549999237060547
2020-04-01,25.649999618530273
2020-04-02,23.420000076293945
2020-04-03,22.889999389648438
2020-04-06,24.020000457763672
2020-04-07,24.479999542236328
2020-04-08,27.510000228881836
2020-04-09,31.5
2020-04-13,28.90999984741211
2020-04-14,30.899999618530273
2020-04-15,31.860000610351562
2020-04-16,28.209999084472656
2020-04-17,29.079999923706055
2020-04-20,27.790000915527344
2020-04-21,27.8799991607666
2020-04-22,25.8799991607666
2020-04-23,25.719999313354492
2020-04-24,25.559999465942383
2020-04-27,25.0
2020-04-28,27.84000015258789
2020-04-29,31.209999084472656
2020-04-30,29.579999923706055
2020-05-01,26.6200008392334
2020-05-04,25.260000228881836
2020-05-05,24.1200008392334
2020-05-06,22.90999984741211
2020-05-07,22.75
2020-05-08,25.420000076293945
2020-05-11,23.969999313354492
2020-05-12,22.760000228881836
2020-05-13,20.709999084472656
2020-05-14,20.299999237060547
2020-05-15,19.920000076293945
2020-05-18,24.1299991607666
2020-05-19,23.68000030517578
2020-05-20,24.90999984741211
2020-05-21,25.84000015258789
2020-05-22,25.399999618530273
2020-05-26,29.540000915527344
2020-05-27,30.690000534057617
2020-05-28,28.889999389648438
2020-05-29,28.040000915527344
2020-06-01,29.459999084472656
2020-06-02,29.90999984741211
2020-06-03,33.650001525878906
2020-06-04,39.099998474121094
2020-06-05,42.40999984741211
2020-06-08,48.689998626708984
2020-06-09,44.63999938964844
2020-06-10,39.720001220703125
2020-06-11,33.31999969482422
2020-06-12,39.65999984741211
2020-06-15,39.0
2020-06-16,40.209999084472656
2020-06-17,39.25
2020-06-18,39.34000015258789
2020-06-19,36.84000015258789
2020-06-22,36.540000915527344
2020-06-23,36.08000183105469
2020-06-24,33.06999969482422
2020-06-25,34.689998626708984
2020-06-26,32.88999938964844
2020-06-29,35.27000045776367
2020-06-30,34.61000061035156
2020-07-01,34.45000076293945
2020-07-02,34.13999938964844
2020-07-06,35.209999084472656
2020-07-07,32.54999923706055
2020-07-08,32.529998779296875
2020-07-09,30.170000076293945
2020-07-10,32.66999816894531
2020-07-13,31.760000228881836
2020-07-14,31.739999771118164
2020-07-15,36.369998931884766
2020-07-16,34.4900016784668
2020-07-17,33.91999816894531
2020-07-20,32.33000183105469
2020-07-21,33.06999969482422
2020-07-22,31.670000076293945
2020-07-23,33.22999954223633
2020-07-24,32.880001068115234
2020-07-27,32.41999816894531
2020-07-28,33.459999084472656
2020-07-29,32.56999969482422
2020-07-30,31.739999771118164
2020-07-31,31.3799991607666
2020-08-03,31.8700008392334
2020-08-04,32.290000915527344
2020-08-05,33.72999954223633
2020-08-06,34.400001525878906
2020-08-07,34.33000183105469
2020-08-10,37.540000915527344
2020-08-11,36.83000183105469
2020-08-12,36.400001525878906
2020-08-13,35.810001373291016
2020-08-14,36.18000030517578
2020-08-17,34.400001525878906
2020-08-18,33.97999954223633
2020-08-19,34.439998626708984
2020-08-20,34.04999923706055
2020-08-21,33.040000915527344
2020-08-24,36.31999969482422
2020-08-25,35.220001220703125
2020-08-26,34.25
2020-08-27,36.220001220703125
2020-08-28,37.34000015258789
2020-08-31,36.0
2020-09-01,36.0099983215332
2020-09-02,36.88999938964844
2020-09-03,37.400001525878906
2020-09-04,38.209999084472656
2020-09-08,37.279998779296875
2020-09-09,36.029998779296875
2020-09-10,36.45000076293945
2020-09-11,36.06999969482422
2020-09-14,36.7400016784668
2020-09-15,36.79999923706055
2020-09-16,38.29999923706055
2020-09-17,38.349998474121094
2020-09-18,36.970001220703125
2020-09-21,33.790000915527344
2020-09-22,34.06999969482422
2020-09-23,33.08000183105469
2020-09-24,32.7400016784668
2020-09-25,34.20000076293945
2020-09-28,35.939998626708984
2020-09-29,34.5099983215332
2020-09-30,34.75
2020-10-01,35.18000030517578
2020-10-02,36.0099983215332
2020-10-05,36.20000076293945
2020-10-06,34.880001068115234
2020-10-07,36.380001068115234
2020-10-08,37.0
2020-10-09,37.119998931884766
2020-10-12,36.380001068115234
2020-10-13,35.2599983215332
2020-10-14,35.61000061035156
2020-10-15,34.25
2020-10-16,34.15999984741211
2020-10-19,35.5
2020-10-20,36.060001373291016
2020-10-21,35.540000915527344
2020-10-22,37.2400016784668
2020-10-23,38.0099983215332
2020-10-26,35.34000015258789
2020-10-27,34.16999816894531
2020-10-28,32.599998474121094
2020-10-29,33.56999969482422
2020-10-30,33.86000061035156
2020-11-02,33.779998779296875
2020-11-03,34.02000045776367
2020-11-04,33.34000015258789
2020-11-05,35.349998474121094
2020-11-06,34.68000030517578
2020-11-09,41.31999969482422
2020-11-10,40.04999923706055
2020-11-11,38.5099983215332
2020-11-12,36.849998474121094
2020-11-13,38.9900016784668
2020-11-16,41.0
2020-11-17,40.599998474121094
2020-11-18,41.04999923706055
2020-11-19,40.939998626708984
2020-11-20,39.900001525878906
2020-11-23,40.93000030517578
2020-11-24,44.959999084472656
2020-11-25,45.63999938964844
2020-11-27,45.29999923706055
2020-11-30,45.04999923706055
2020-12-01,45.31999969482422
2020-12-02,46.72999954223633
2020-12-03,49.90999984741211
2020-12-04,49.2400016784668
2020-12-07,49.20000076293945
2020-12-08,49.040000915527344
2020-12-09,48.02000045776367
2020-12-10,49.63999938964844
2020-12-11,48.36000061035156
2020-12-14,46.720001220703125
2020-12-15,47.459999084472656
2020-12-16,46.0
2020-12-17,45.880001068115234
2020-12-18,44.7400016784668
2020-12-21,44.060001373291016
2020-12-22,42.970001220703125
2020-12-23,44.11000061035156
2020-12-24,43.2599983215332
2020-12-28,43.91999816894531
2020-12-29,43.7400016784668
2020-12-30,44.650001525878906
2020-12-31,43.25
2021-01-04,41.630001068115234
2021-01-05,43.400001525878906
2021-01-06,43.540000915527344
2021-01-07,43.619998931884766
2021-01-08,43.290000915527344
2021-01-11,42.70000076293945
2021-01-12,44.08000183105469
2021-01-13,44.43000030517578
2021-01-14,46.290000915527344
2021-01-15,43.88999938964844
2021-01-19,44.75
2021-01-20,45.18000030517578
2021-01-21,42.59000015258789
2021-01-22,42.13999938964844
2021-01-25,40.380001068115234
2021-01-26,41.25
2021-01-27,40.90999984741211
2021-01-28,42.54999923706055
2021-01-29,39.9900016784668
2021-02-01,39.939998626708984
2021-02-02,40.83000183105469
2021-02-03,42.040000915527344
2021-02-04,42.40999984741211
2021-02-05,42.13999938964844
2021-02-08,44.349998474121094
2021-02-09,43.31999969482422
2021-02-10,43.779998779296875
2021-02-11,43.439998626708984
2021-02-12,43.939998626708984
2021-02-16,45.709999084472656
2021-02-17,46.08000183105469
2021-02-18,44.959999084472656
2021-02-19,48.029998779296875
2021-02-22,49.70000076293945
2021-02-23,50.61000061035156
2021-02-24,54.959999084472656
2021-02-25,51.779998779296875
2021-02-26,52.68000030517578
2021-03-01,53.310001373291016
2021-03-02,53.209999084472656
2021-03-03,54.56999969482422
2021-03-04,52.04999923706055
2021-03-05,50.52000045776367
2021-03-08,54.060001373291016
2021-03-09,53.43000030517578
2021-03-10,53.91999816894531
2021-03-11,54.060001373291016
2021-03-12,56.290000915527344
2021-03-15,60.939998626708984
2021-03-16,59.810001373291016
2021-03-17,62.45000076293945
2021-03-18,60.81999969482422
2021-03-19,60.77000045776367
2021-03-22,58.33000183105469
2021-03-23,54.36000061035156
2021-03-24,53.83000183105469
2021-03-25,56.04999923706055
2021-03-26,56.83000183105469
2021-03-29,56.20000076293945
2021-03-30,58.209999084472656
2021-03-31,57.540000915527344
2021-04-01,57.81999969482422
2021-04-05,59.290000915527344
2021-04-06,59.47999954223633
2021-04-07,59.56999969482422
2021-04-08,59.43000030517578
2021-04-09,58.43000030517578
2021-04-12,56.15999984741211
2021-04-13,56.65999984741211
2021-04-14,56.91999816894531
2021-04-15,56.119998931884766
2021-04-16,55.869998931884766
2021-04-19,54.9900016784668
2021-04-20,50.29999923706055
2021-04-21,51.86000061035156
2021-04-22,51.029998779296875
2021-04-23,53.11000061035156
2021-04-26,53.779998779296875
2021-04-27,53.47999954223633
2021-04-28,53.54999923706055
2021-04-29,53.689998626708984
2021-04-30,54.400001525878906
2021-05-03,54.459999084472656
2021-05-04,52.79999923706055
2021-05-05,53.27000045776367
2021-05-06,53.04999923706055
2021-05-07,54.72999954223633
2021-05-10,54.029998779296875
2021-05-11,52.70000076293945
2021-05-12,51.0099983215332
2021-05-13,52.43000030517578
2021-05-14,55.279998779296875
2021-05-17,56.56999969482422
2021-05-18,56.380001068115234
2021-05-19,55.790000915527344
2021-05-20,55.09000015258789
2021-05-21,55.29999923706055
2021-05-24,56.13999938964844
2021-05-25,56.97999954223633
2021-05-26,58.0099983215332
2021-05-27,59.130001068115234
2021-05-28,58.349998474121094
2021-06-01,59.66999816894531
2021-06-02,60.290000915527344
2021-06-03,57.72999954223633
2021-06-04,56.93000030517578
2021-06-07,57.29999923706055
2021-06-08,57.72999954223633
2021-06-09,57.22999954223633
2021-06-10,56.2599983215332
2021-06-11,56.52000045776367
2021-06-14,55.7400016784668
2021-06-15,55.290000915527344
2021-06-16,55.599998474121094
2021-06-17,54.2400016784668
2021-06-18,54.91999816894531
2021-06-21,55.689998626708984
2021-06-22,55.16999816894531
2021-06-23,55.119998931884766
2021-06-24,54.34000015258789
2021-06-25,53.880001068115234
2021-06-28,52.4900016784668
2021-06-29,52.150001525878906
2021-06-30,52.290000915527344
2021-07-01,53.08000183105469
2021-07-02,52.77000045776367
2021-07-06,51.439998626708984
2021-07-07,50.29999923706055
2021-07-08,49.65999984741211
2021-07-09,51.099998474121094
2021-07-12,50.619998931884766
2021-07-13,48.5
2021-07-14,48.15999984741211
2021-07-15,47.709999084472656
2021-07-16,46.0099983215332
2021-07-19,43.459999084472656
2021-07-20,46.31999969482422
2021-07-21,48.099998474121094
2021-07-22,47.95000076293945
2021-07-23,47.529998779296875
2021-07-26,49.459999084472656
2021-07-27,48.650001525878906
2021-07-28,49.13999938964844
2021-07-29,48.4900016784668
2021-07-30,46.720001220703125
2021-08-02,46.06999969482422
2021-08-03,46.540000915527344
2021-08-04,45.279998779296875
2021-08-05,47.2400016784668
2021-08-06,47.619998931884766
2021-08-09,46.45000076293945
2021-08-10,47.68000030517578
2021-08-11,48.209999084472656
2021-08-12,47.2400016784668
2021-08-13,46.4900016784668
2021-08-16,46.29999923706055
2021-08-17,45.290000915527344
2021-08-18,45.040000915527344
2021-08-19,43.93000030517578
2021-08-20,44.029998779296875
2021-08-23,45.529998779296875
2021-08-24,47.119998931884766
2021-08-25,47.59000015258789
2021-08-26,47.0099983215332
2021-08-27,47.709999084472656
2021-08-30,45.90999984741211
2021-08-31,46.5099983215332
2021-09-01,46.189998626708984
2021-09-02,46.7599983215332
2021-09-03,46.220001220703125
2021-09-07,46.56999969482422
2021-09-08,45.529998779296875
2021-09-09,46.58000183105469
2021-09-10,44.34000015258789
2021-09-13,44.84000015258789
2021-09-14,43.869998931884766
2021-09-15,43.86000061035156
2021-09-16,44.470001220703125
2021-09-17,44.540000915527344
2021-09-20,45.27000045776367
2021-09-21,44.45000076293945
2021-09-22,45.68000030517578
2021-09-23,47.470001220703125
2021-09-24,48.790000915527344
2021-09-27,49.08000183105469
2021-09-28,48.68000030517578
2021-09-29,48.709999084472656
2021-09-30,47.56999969482422
2021-10-01,51.34000015258789
2021-10-04,51.29999923706055
2021-10-05,50.880001068115234
2021-10-06,50.220001220703125
2021-10-07,49.52000045776367
2021-10-08,49.15999984741211
2021-10-11,49.18000030517578
2021-10-12,49.66999816894531
2021-10-13,47.880001068115234
2021-10-14,47.90999984741211
2021-10-15,48.0
2021-10-18,47.16999816894531
2021-10-19,46.220001220703125
2021-10-20,45.95000076293945
2021-10-21,46.720001220703125
2021-10-22,46.72999954223633
2021-10-25,46.650001525878906
2021-10-26,46.790000915527344
2021-10-27,45.81999969482422
2021-10-28,46.0099983215332
2021-10-29,46.13999938964844
2021-11-01,48.04999923706055
2021-11-02,47.97999954223633
2021-11-03,49.04999923706055
2021-11-04,49.13999938964844
2021-11-05,52.709999084472656
2021-11-08,53.11000061035156
2021-11-09,52.810001373291016
2021-11-10,51.77000045776367
2021-11-11,51.34000015258789
2021-11-12,49.83000183105469
2021-11-15,50.47999954223633
2021-11-16,49.20000076293945
2021-11-17,48.7400016784668
2021-11-18,47.43000030517578
2021-11-19,46.11000061035156
2021-11-22,46.47999954223633
2021-11-23,46.70000076293945
2021-11-24,46.72999954223633
2021-11-26,42.2599983215332
2021-11-29,42.540000915527344
2021-11-30,42.2599983215332
2021-12-01,39.060001373291016
2021-12-02,41.63999938964844
2021-12-03,40.61000061035156
2021-12-06,43.9900016784668
2021-12-07,43.40999984741211
2021-12-08,45.25
2021-12-09,44.439998626708984
2021-12-10,44.04999923706055
2021-12-13,41.7400016784668
2021-12-14,41.380001068115234
2021-12-15,41.5
2021-12-16,40.04999923706055
2021-12-17,40.779998779296875
2021-12-20,41.099998474121094
2021-12-21,43.93000030517578
2021-12-22,44.56999969482422
2021-12-23,44.869998931884766
2021-12-27,44.58000183105469
2021-12-28,45.27000045776367
2021-12-29,44.43000030517578
2021-12-30,44.130001068115234
2021-12-31,43.779998779296875
2022-01-03,45.4900016784668
2022-01-04,46.25
2022-01-05,45.779998779296875
2022-01-06,45.77000045776367
2022-01-07,47.310001373291016
2022-01-10,46.58000183105469
2022-01-11,46.900001525878906
2022-01-12,46.540000915527344
2022-01-13,48.16999816894531
2022-01-14,46.7400016784668
2022-01-18,45.61000061035156
2022-01-19,44.400001525878906
2022-01-20,42.880001068115234
2022-01-21,41.650001525878906
2022-01-24,41.38999938964844
2022-01-25,41.779998779296875
2022-01-26,41.43000030517578
2022-01-27,40.93000030517578
2022-01-28,40.90999984741211
2022-01-31,42.880001068115234
2022-02-01,43.959999084472656
2022-02-02,44.119998931884766
2022-02-03,43.08000183105469
2022-02-04,42.81999969482422
2022-02-07,44.439998626708984
2022-02-08,46.83000183105469
2022-02-09,48.93000030517578
2022-02-10,49.2400016784668
2022-02-11,46.970001220703125
2022-02-14,46.93000030517578
2022-02-15,50.47999954223633
2022-02-16,50.209999084472656
2022-02-17,48.36000061035156
2022-02-18,47.43000030517578
2022-02-22,46.31999969482422
2022-02-23,43.849998474121094
2022-02-24,44.060001373291016
2022-02-25,45.849998474121094
2022-02-28,44.400001525878906
2022-03-01,41.849998474121094
2022-03-02,42.41999816894531
2022-03-03,40.369998931884766
2022-03-04,36.709999084472656
2022-03-07,31.200000762939453
2022-03-08,32.2400016784668
2022-03-09,34.900001525878906
2022-03-10,35.20000076293945
2022-03-11,34.869998931884766
2022-03-14,35.02000045776367
2022-03-15,38.2400016784668
2022-03-16,41.189998626708984
2022-03-17,41.41999816894531
2022-03-18,42.349998474121094
2022-03-21,40.849998474121094
2022-03-22,42.20000076293945
2022-03-23,41.529998779296875
2022-03-24,42.779998779296875
2022-03-25,43.18000030517578
2022-03-28,43.86000061035156
2022-03-29,45.66999816894531
2022-03-30,45.86000061035156
2022-03-31,46.36000061035156
2022-04-01,45.779998779296875
2022-04-04,45.529998779296875
2022-04-05,44.709999084472656
2022-04-06,43.06999969482422
2022-04-07,42.400001525878906
2022-04-08,41.959999084472656
2022-04-11,42.41999816894531
2022-04-12,42.72999954223633
2022-04-13,45.13999938964844
2022-04-14,45.130001068115234
2022-04-18,43.970001220703125
2022-04-19,45.95000076293945
2022-04-20,46.52000045776367
2022-04-21,50.849998474121094
2022-04-22,51.459999084472656
2022-04-25,51.29999923706055
2022-04-26,48.86000061035156
2022-04-27,50.279998779296875
2022-04-28,51.81999969482422
2022-04-29,50.5
2022-05-02,50.189998626708984
2022-05-03,51.380001068115234
2022-05-04,51.900001525878906
2022-05-05,48.900001525878906
2022-05-06,47.52000045776367
2022-05-09,43.310001373291016
2022-05-10,44.119998931884766
2022-05-11,43.18000030517578
2022-05-12,41.5
2022-05-13,43.27000045776367
2022-05-16,43.540000915527344
2022-05-17,46.970001220703125
2022-05-18,44.630001068115234
2022-05-19,44.209999084472656
2022-05-20,43.54999923706055
2022-05-23,44.7599983215332
2022-05-24,41.56999969482422
2022-05-25,43.08000183105469
2022-05-26,46.06999969482422
2022-05-27,48.40999984741211
2022-05-31,47.630001068115234
2022-06-01,45.4900016784668
2022-06-02,45.77000045776367
2022-06-03,44.43000030517578
2022-06-06,44.7599983215332
2022-06-07,46.45000076293945
2022-06-08,44.599998474121094
2022-06-09,42.70000076293945
2022-06-10,41.15999984741211
2022-06-13,37.02000045776367
2022-06-14,36.9900016784668
2022-06-15,37.88999938964844
2022-06-16,34.779998779296875
2022-06-17,36.279998779296875
2022-06-21,36.5
2022-06-22,36.720001220703125
2022-06-23,35.810001373291016
2022-06-24,38.5099983215332
2022-06-27,37.20000076293945
2022-06-28,36.970001220703125
2022-06-29,35.68000030517578
2022-06-30,35.41999816894531
2022-07-01,36.439998626708984
2022-07-05,36.970001220703125
2022-07-06,36.65999984741211
2022-07-07,36.689998626708984
2022-07-08,36.470001220703125
2022-07-11,35.369998931884766
2022-07-12,38.22999954223633
2022-07-13,37.90999984741211
2022-07-14,37.849998474121094
2022-07-15,38.779998779296875
2022-07-18,39.34000015258789
2022-07-19,41.470001220703125
2022-07-20,41.68000030517578
2022-07-21,37.439998626708984
2022-07-22,36.33000183105469
2022-07-25,36.34000015258789
2022-07-26,35.34000015258789
2022-07-27,36.41999816894531
2022-07-28,36.7400016784668
2022-07-29,36.75
2022-08-01,37.689998626708984
2022-08-02,37.22999954223633
2022-08-03,38.630001068115234
2022-08-04,38.630001068115234
2022-08-05,37.81999969482422
2022-08-08,38.650001525878906
2022-08-09,37.79999923706055
2022-08-10,38.689998626708984
2022-08-11,38.66999816894531
2022-08-12,39.34000015258789
2022-08-15,39.86000061035156
2022-08-16,40.290000915527344
2022-08-17,38.959999084472656
2022-08-18,39.060001373291016
2022-08-19,37.5
2022-08-22,36.36000061035156
2022-08-23,36.90999984741211
2022-08-24,37.38999938964844
2022-08-25,38.27000045776367
2022-08-26,36.56999969482422
2022-08-29,36.02000045776367
2022-08-30,35.939998626708984
2022-08-31,35.0099983215332
2022-09-01,35.18000030517578
2022-09-02,35.310001373291016
2022-09-06,36.58000183105469
2022-09-07,38.599998474121094
2022-09-08,38.880001068115234
2022-09-09,39.2599983215332
2022-09-12,39.220001220703125
2022-09-13,37.790000915527344
2022-09-14,38.43000030517578
2022-09-15,38.900001525878906
2022-09-16,37.47999954223633
2022-09-19,38.70000076293945
2022-09-20,38.16999816894531
2022-09-21,36.119998931884766
2022-09-22,34.45000076293945
2022-09-23,33.06999969482422
2022-09-26,31.899999618530273
2022-09-27,32.83000183105469
2022-09-28,33.91999816894531
2022-09-29,32.90999984741211
2022-09-30,32.529998779296875
2022-10-03,32.810001373291016
2022-10-04,35.33000183105469
2022-10-05,35.41999816894531
2022-10-06,34.959999084472656
2022-10-07,33.86000061035156
2022-10-10,34.20000076293945
2022-10-11,33.93000030517578
2022-10-12,34.22999954223633
2022-10-13,35.400001525878906
2022-10-14,35.470001220703125
2022-10-17,36.099998474121094
2022-10-18,37.25
2022-10-19,39.099998474121094
2022-10-20,39.04999923706055
2022-10-21,40.439998626708984
2022-10-24,41.880001068115234
2022-10-25,42.599998474121094
2022-10-26,42.45000076293945
2022-10-27,42.9900016784668
2022-10-28,43.720001220703125
2022-10-31,43.08000183105469
2022-11-01,42.65999984741211
2022-11-02,41.11000061035156
2022-11-03,40.95000076293945
2022-11-04,42.619998931884766
2022-11-07,42.779998779296875
2022-11-08,42.18000030517578
2022-11-09,42.369998931884766
2022-11-10,44.33000183105469
2022-11-11,44.709999084472656
2022-11-14,44.029998779296875
2022-11-15,44.040000915527344
2022-11-16,43.290000915527344
2022-11-17,43.25
2022-11-18,43.81999969482422
2022-11-21,43.43000030517578
2022-11-22,43.43000030517578
2022-11-23,43.689998626708984
2022-11-25,44.41999816894531
2022-11-28,43.02000045776367
2022-11-29,43.689998626708984
2022-11-30,44.16999816894531
2022-12-01,43.88999938964844
2022-12-02,43.88999938964844
2022-12-05,45.029998779296875
2022-12-06,45.91999816894531
2022-12-07,44.060001373291016
2022-12-08,42.79999923706055
2022-12-09,43.040000915527344
2022-12-12,44.2400016784668
2022-12-13,41.16999816894531
2022-12-14,40.099998474121094
2022-12-15,38.54999923706055
2022-12-16,38.43000030517578
2022-12-19,37.97999954223633
2022-12-20,38.54999923706055
2022-12-21,39.0
2022-12-22,38.279998779296875
2022-12-23,38.38999938964844
2022-12-27,38.20000076293945
2022-12-28,37.290000915527344
2022-12-29,37.91999816894531
2022-12-30,37.70000076293945
2023-01-03,37.209999084472656
2023-01-04,39.720001220703125
2023-01-05,41.2400016784668
2023-01-06,42.2400016784668
2023-01-09,43.349998474121094
2023-01-10,45.75
2023-01-11,47.709999084472656
2023-01-12,51.29999923706055
2023-01-13,51.650001525878906
2023-01-17,51.20000076293945
2023-01-18,48.86000061035156
2023-01-19,48.369998931884766
2023-01-20,49.459999084472656
2023-01-23,49.279998779296875
2023-01-24,49.29999923706055
2023-01-25,50.279998779296875
2023-01-26,49.45000076293945
2023-01-27,48.72999954223633
2023-01-30,48.209999084472656
2023-01-31,48.959999084472656
2023-02-01,50.220001220703125
2023-02-02,52.310001373291016
2023-02-03,51.119998931884766
2023-02-06,50.91999816894531
2023-02-07,50.75
2023-02-08,50.77000045776367
2023-02-09,49.81999969482422
2023-02-10,48.86000061035156
2023-02-13,49.189998626708984
2023-02-14,50.060001373291016
2023-02-15,49.90999984741211
2023-02-16,48.9900016784668
2023-02-17,49.630001068115234
2023-02-21,48.20000076293945
2023-02-22,48.779998779296875
2023-02-23,50.58000183105469
2023-02-24,50.209999084472656
2023-02-27,50.70000076293945
2023-02-28,51.959999084472656
2023-03-01,52.38999938964844
2023-03-02,52.560001373291016
2023-03-03,53.060001373291016
2023-03-06,52.439998626708984
2023-03-07,54.0099983215332
2023-03-08,54.2599983215332
2023-03-09,52.119998931884766
2023-03-10,50.970001220703125
2023-03-13,48.83000183105469
2023-03-14,46.209999084472656
2023-03-15,43.13999938964844
2023-03-16,43.59000015258789
2023-03-17,43.040000915527344
2023-03-20,43.09000015258789
2023-03-21,44.2599983215332
2023-03-22,42.81999969482422
2023-03-23,41.65999984741211
2023-03-24,41.36000061035156
2023-03-27,41.939998626708984
2023-03-28,42.40999984741211
2023-03-29,43.470001220703125
2023-03-30,43.709999084472656
2023-03-31,44.25
2023-04-03,43.349998474121094
2023-04-04,42.540000915527344
2023-04-05,42.029998779296875
2023-04-06,42.65999984741211
2023-04-10,43.130001068115234
2023-04-11,44.31999969482422
2023-04-12,41.439998626708984
2023-04-13,41.970001220703125
2023-04-14,41.66999816894531
2023-04-17,42.380001068115234
2023-04-18,43.040000915527344
2023-04-19,46.27000045776367
2023-04-20,44.88999938964844
2023-04-21,44.45000076293945
2023-04-24,43.93000030517578
2023-04-25,42.4900016784668
2023-04-26,42.099998474121094
2023-04-27,42.83000183105469
2023-04-28,43.79999923706055
2023-05-01,44.40999984741211
2023-05-02,44.529998779296875
2023-05-03,44.47999954223633
2023-05-04,42.91999816894531
2023-05-05,44.810001373291016
2023-05-08,45.86000061035156
2023-05-09,46.36000061035156
2023-05-10,45.52000045776367
2023-05-11,45.08000183105469
2023-05-12,45.08000183105469
2023-05-15,45.20000076293945
2023-05-16,45.349998474121094
2023-05-17,47.75
2023-05-18,48.130001068115234
2023-05-19,47.540000915527344
2023-05-22,47.40999984741211
2023-05-23,47.869998931884766
2023-05-24,46.65999984741211
2023-05-25,47.47999954223633
2023-05-26,47.2599983215332
2023-05-30,48.0099983215332
2023-05-31,47.470001220703125
2023-06-01,47.40999984741211
2023-06-02,48.5
2023-06-05,48.2599983215332
2023-06-06,48.790000915527344
2023-06-07,49.38999938964844
2023-06-08,49.869998931884766
2023-06-09,50.41999816894531
2023-06-12,51.310001373291016
2023-06-13,53.189998626708984
2023-06-14,53.349998474121094
2023-06-15,53.58000183105469
2023-06-16,53.5
2023-06-20,52.70000076293945
2023-06-21,52.849998474121094
2023-06-22,53.04999923706055
2023-06-23,52.650001525878906
2023-06-26,53.31999969482422
2023-06-27,56.029998779296875
2023-06-28,56.29999923706055
2023-06-29,53.720001220703125
2023-06-30,54.869998931884766
2023-07-03,55.060001373291016
2023-07-05,55.630001068115234
2023-07-06,54.41999816894531
2023-07-07,55.38999938964844
2023-07-10,56.33000183105469
2023-07-11,56.18000030517578
2023-07-12,55.400001525878906
2023-07-13,55.22999954223633
2023-07-14,53.34000015258789
2023-07-17,53.33000183105469
2023-07-18,54.790000915527344
2023-07-19,54.79999923706055
2023-07-20,56.56999969482422
2023-07-21,57.61000061035156
2023-07-24,56.060001373291016
2023-07-25,54.220001220703125
2023-07-26,54.56999969482422
2023-07-27,53.2599983215332
2023-07-28,54.16999816894531
2023-07-31,54.310001373291016
2023-08-01,53.2599983215332
2023-08-02,52.66999816894531
2023-08-03,52.15999984741211
2023-08-04,52.369998931884766
2023-08-07,53.68000030517578
2023-08-08,54.86000061035156
2023-08-09,53.130001068115234
2023-08-10,52.95000076293945
2023-08-11,52.2599983215332
2023-08-14,52.310001373291016
2023-08-15,51.34000015258789
2023-08-16,50.720001220703125
2023-08-17,49.529998779296875
2023-08-18,49.099998474121094
2023-08-21,49.630001068115234
2023-08-22,49.43000030517578
2023-08-23,50.38999938964844
2023-08-24,49.400001525878906
2023-08-25,48.939998626708984
2023-08-28,49.189998626708984
2023-08-29,50.279998779296875
2023-08-30,50.099998474121094
2023-08-31,49.810001373291016
2023-09-01,49.720001220703125
2023-09-05,48.470001220703125
2023-09-06,48.34000015258789
2023-09-07,47.68000030517578
2023-09-08,47.439998626708984
2023-09-11,47.689998626708984
2023-09-12,47.599998474121094
2023-09-13,45.790000915527344
2023-09-14,45.41999816894531
2023-09-15,45.70000076293945
2023-09-18,44.630001068115234
2023-09-19,45.2400016784668
2023-09-20,44.36000061035156
2023-09-21,43.689998626708984
2023-09-22,43.06999969482422
2023-09-25,42.93000030517578
2023-09-26,42.650001525878906
2023-09-27,42.029998779296875
2023-09-28,42.310001373291016
2023-09-29,42.29999923706055
2023-10-02,41.619998931884766
2023-10-03,40.529998779296875
2023-10-04,41.40999984741211
2023-10-05,41.31999969482422
2023-10-06,41.81999969482422
2023-10-09,39.779998779296875
2023-10-10,40.38999938964844
2023-10-11,41.0
2023-10-12,39.81999969482422
2023-10-13,38.720001220703125
2023-10-16,39.529998779296875
2023-10-17,40.119998931884766
2023-10-18,36.2400016784668
2023-10-19,36.029998779296875
2023-10-20,35.09000015258789
2023-10-23,35.380001068115234
2023-10-24,35.13999938964844
2023-10-25,34.849998474121094
2023-10-26,34.91999816894531
2023-10-27,33.900001525878906
2023-10-30,34.79999923706055
2023-10-31,35.0099983215332
2023-11-01,34.810001373291016
2023-11-02,35.81999969482422
2023-11-03,37.5099983215332
2023-11-06,36.7599983215332
2023-11-07,37.029998779296875
2023-11-08,38.040000915527344
2023-11-09,37.31999969482422
2023-11-10,37.9900016784668
2023-11-13,38.11000061035156
2023-11-14,39.380001068115234
2023-11-15,39.939998626708984
2023-11-16,39.279998779296875
2023-11-17,39.7599983215332
2023-11-20,40.02000045776367
2023-11-21,39.439998626708984
2023-11-22,39.79999923706055
2023-11-24,39.709999084472656
2023-11-27,39.209999084472656
2023-11-28,38.959999084472656
2023-11-29,39.25
2023-11-30,39.400001525878906
2023-12-01,40.2400016784668
2023-12-04,40.52000045776367
2023-12-05,39.59000015258789
2023-12-06,40.93000030517578
2023-12-07,41.2599983215332
2023-12-08,40.970001220703125
2023-12-11,40.560001373291016
2023-12-12,41.099998474121094
2023-12-13,41.58000183105469
2023-12-14,43.59000015258789
2023-12-15,43.58000183105469
2023-12-18,42.33000183105469
2023-12-19,42.41999816894531
2023-12-20,41.18000030517578
2023-12-21,42.58000183105469
2023-12-22,42.54999923706055
2023-12-26,42.08000183105469
2023-12-27,41.72999954223633
2023-12-28,41.970001220703125
2023-12-29,41.2599983215332
2024-01-02,40.720001220703125
2024-01-03,39.529998779296875
2024-01-04,40.470001220703125
2024-01-05,41.7599983215332
2024-01-08,42.91999816894531
2024-01-09,43.540000915527344
2024-01-10,44.2599983215332
2024-01-11,44.5099983215332
2024-01-12,39.779998779296875
2024-01-16,38.93000030517578
2024-01-17,37.880001068115234
2024-01-18,39.77000045776367
2024-01-19,38.81999969482422
2024-01-22,38.45000076293945
2024-01-23,40.4900016784668
2024-01-24,40.84000015258789
2024-01-25,42.959999084472656
2024-01-26,42.54999923706055
2024-01-29,42.09000015258789
2024-01-30,41.65999984741211
2024-01-31,41.380001068115234
2024-02-01,41.5
2024-02-02,41.369998931884766
2024-02-05,40.0099983215332
2024-02-06,41.22999954223633
2024-02-07,41.279998779296875
2024-02-08,41.619998931884766
2024-02-09,42.33000183105469
2024-02-12,43.02000045776367
2024-02-13,41.619998931884766
2024-02-14,42.83000183105469
2024-02-15,42.83000183105469
2024-02-16,41.9900016784668
2024-02-20,43.459999084472656
2024-02-21,44.04999923706055
2024-02-22,45.2599983215332
2024-02-23,45.5099983215332
2024-02-26,44.970001220703125
2024-02-27,44.900001525878906
2024-02-28,44.7599983215332
2024-02-29,45.4900016784668
2024-03-01,44.84000015258789
2024-03-04,44.13999938964844
2024-03-05,43.7400016784668
2024-03-06,44.06999969482422
2024-03-07,44.119998931884766
2024-03-08,43.29999923706055
2024-03-11,42.88999938964844
2024-03-12,42.16999816894531
2024-03-13,43.040000915527344
2024-03-14,42.849998474121094
2024-03-15,43.619998931884766
2024-03-18,43.54999923706055
2024-03-19,43.90999984741211
2024-03-20,45.97999954223633
2024-03-21,46.630001068115234
2024-03-22,46.470001220703125
2024-03-25,44.88999938964844
2024-03-26,45.41999816894531
2024-03-27,47.2400016784668
2024-03-28,47.880001068115234
2024-04-01,47.349998474121094
2024-04-02,45.650001525878906
2024-04-03,44.619998931884766
2024-04-04,43.220001220703125
2024-04-05,43.189998626708984
2024-04-08,43.310001373291016
2024-04-09,43.439998626708984
2024-04-10,42.369998931884766
2024-04-11,43.040000915527344
2024-04-12,41.79999923706055
2024-04-15,41.040000915527344
2024-04-16,41.5
2024-04-17,48.7400016784668
2024-04-18,51.41999816894531
2024-04-19,51.380001068115234
2024-04-22,53.939998626708984
2024-04-23,54.029998779296875
2024-04-24,52.66999816894531
2024-04-25,53.5099983215332
2024-04-26,52.84000015258789
2024-04-29,52.970001220703125
2024-04-30,51.459999084472656
2024-05-01,50.66999816894531
2024-05-02,51.68000030517578
2024-05-03,51.650001525878906
2024-05-06,53.970001220703125
2024-05-07,52.689998626708984
2024-05-08,53.02000045776367
2024-05-09,52.630001068115234
2024-05-10,52.720001220703125
2024-05-13,54.400001525878906
2024-05-14,55.09000015258789
2024-05-15,54.959999084472656
2024-05-16,54.779998779296875
2024-05-17,54.970001220703125
2024-05-20,54.619998931884766
2024-05-21,53.029998779296875
2024-05-22,52.41999816894531
2024-05-23,51.7599983215332
2024-05-24,51.72999954223633
2024-05-28,50.63999938964844
2024-05-29,51.83000183105469
2024-05-30,51.34000015258789
2024-05-31,52.9900016784668
2024-06-03,52.720001220703125
2024-06-04,52.34000015258789
2024-06-05,52.90999984741211
2024-06-06,53.29999923706055
2024-06-07,53.0
2024-06-10,53.029998779296875
2024-06-11,52.04999923706055
2024-06-12,52.93000030517578
2024-06-13,52.06999969482422
2024-06-14,49.689998626708984
2024-06-17,50.36000061035156
2024-06-18,49.58000183105469
2024-06-20,48.900001525878906
2024-06-21,48.18000030517578
2024-06-24,49.18000030517578
2024-06-25,48.52000045776367
2024-06-26,48.06999969482422
2024-06-27,48.20000076293945
2024-06-28,48.65999984741211
2024-07-01,48.33000183105469
2024-07-02,48.20000076293945
2024-07-03,48.5099983215332
2024-07-05,47.0
2024-07-08,46.81999969482422
2024-07-09,47.20000076293945
2024-07-10,47.150001525878906
2024-07-11,45.63999938964844
2024-07-12,44.720001220703125
2024-07-15,44.31999969482422
2024-07-16,47.06999969482422
2024-07-17,46.939998626708984
2024-07-18,46.38999938964844
2024-07-19,47.93000030517578
2024-07-22,48.189998626708984
2024-07-23,48.220001220703125
2024-07-24,46.02000045776367
2024-07-25,46.720001220703125
2024-07-26,47.369998931884766
2024-07-29,46.7599983215332
2024-07-30,46.61000061035156
2024-07-31,45.41999816894531
2024-08-01,42.380001068115234
2024-08-02,40.189998626708984
2024-08-05,37.880001068115234
2024-08-06,38.79999923706055
2024-08-07,38.7599983215332
2024-08-08,41.18000030517578
2024-08-09,41.459999084472656
2024-08-12,40.41999816894531
2024-08-13,40.91999816894531
2024-08-14,40.2400016784668
2024-08-15,42.65999984741211
2024-08-16,42.06999969482422
2024-08-19,42.349998474121094
2024-08-20,41.7599983215332
2024-08-21,41.9900016784668
2024-08-22,41.439998626708984
2024-08-23,43.31999969482422
2024-08-26,42.779998779296875
2024-08-27,42.13999938964844
2024-08-28,41.33000183105469
2024-08-29,42.63999938964844
2024-08-30,44.040000915527344
2024-09-03,43.869998931884766
2024-09-04,44.16999816894531
2024-09-05,45.119998931884766
2024-09-06,46.0099983215332
2024-09-09,48.75
2024-09-10,48.41999816894531
2024-09-11,48.470001220703125
2024-09-12,49.650001525878906
2024-09-13,50.220001220703125
2024-09-16,51.34000015258789
2024-09-17,52.63999938964844
2024-09-18,52.959999084472656
2024-09-19,52.59000015258789
2024-09-20,52.16999816894531
2024-09-23,52.36000061035156
2024-09-24,53.630001068115234
2024-09-25,54.11000061035156
2024-09-26,58.849998474121094
2024-09-27,57.9900016784668
2024-09-30,57.060001373291016
2024-10-01,56.130001068115234
2024-10-02,55.7400016784668
2024-10-03,55.619998931884766
2024-10-04,59.220001220703125
2024-10-07,59.18000030517578
2024-10-08,60.0099983215332
2024-10-09,59.43000030517578
2024-10-10,60.2599983215332
2024-10-11,61.79999923706055
2024-10-14,63.529998779296875
2024-10-15,64.05000305175781
2024-10-16,72.0199966430664
2024-10-17,73.33000183105469
2024-10-18,74.1500015258789
2024-10-21,74.0
2024-10-22,74.48999786376953
2024-10-23,73.44999694824219
2024-10-24,74.51000213623047
2024-10-25,74.63999938964844
2024-10-28,76.08999633789062
2024-10-29,76.93000030517578
2024-10-30,80.41999816894531
2024-10-31,78.26000213623047
2024-11-01,80.45999908447266
2024-11-04,77.25
2024-11-05,80.02999877929688
2024-11-06,87.58000183105469
2024-11-07,85.43000030517578
2024-11-08,87.51000213623047
2024-11-11,89.43000030517578
2024-11-12,89.12999725341797
2024-11-13,89.77999877929688
2024-11-14,91.16000366210938
2024-11-15,91.16999816894531
2024-11-18,90.37999725341797
2024-11-19,94.26000213623047
2024-11-20,94.62999725341797
2024-11-21,94.4000015258789
2024-11-22,95.23999786376953
2024-11-25,96.83000183105469
2024-11-26,96.51000213623047
2024-11-27,96.3499984741211
2024-11-29,96.83000183105469
2024-12-02,97.44000244140625
2024-12-03,95.79000091552734
2024-12-04,99.25
2024-12-05,102.44000244140625
2024-12-06,100.27999877929688
2024-12-09,96.0199966430664
2024-12-10,96.52999877929688
2024-12-11,98.95999908447266
2024-12-12,95.97000122070312
2024-12-13,95.11000061035156
2024-12-16,95.4800033569336
2024-12-17,94.98999786376953
2024-12-18,91.47000122070312
2024-12-19,95.55999755859375
2024-12-20,97.4000015258789
2024-12-23,99.4800033569336
2024-12-24,101.16000366210938
2024-12-26,100.87000274658203
2024-12-27,99.6500015258789
2024-12-30,98.20999908447266
2024-12-31,97.0999984741211
2025-01-02,95.43000030517578
2025-01-03,95.66999816894531
2025-01-06,98.56999969482422
2025-01-07,101.20999908447266
2025-01-08,103.72000122070312
2025-01-10,107.11000061035156
2025-01-13,104.70999908447266
2025-01-14,107.66999816894531
2025-01-15,104.95999908447266
2025-01-16,106.11000061035156
2025-01-17,107.37999725341797
2025-01-21,110.5199966430664
2025-01-22,107.97000122070312
2025-01-23,103.0
2025-01-24,105.0
2025-01-27,106.73999786376953
2025-01-28,106.33999633789062
2025-01-29,108.26000213623047
2025-01-30,109.4000015258789
2025-01-31,105.83999633789062
2025-02-03,104.83000183105469
2025-02-04,108.66999816894531
2025-02-05,107.81999969482422
2025-02-06,109.1500015258789
2025-02-07,109.0
2025-02-10,106.08000183105469
2025-02-11,103.30999755859375
2025-02-12,104.18000030517578
2025-02-13,100.88999938964844
2025-02-14,104.26000213623047
2025-02-18,103.25
2025-02-19,106.51000213623047
2025-02-20,102.48999786376953
2025-02-21,95.88999938964844
2025-02-24,97.7699966430664
2025-02-25,96.58000183105469
2025-02-26,97.4000015258789
2025-02-27,92.16999816894531
2025-02-28,93.80999755859375
2025-03-03,91.66999816894531
2025-03-04,86.20999908447266
2025-03-05,91.2699966430664
2025-03-06,86.2699966430664
2025-03-07,82.87999725341797
2025-03-10,77.62000274658203
2025-03-11,76.05999755859375
2025-03-12,72.45999908447266
2025-03-13,69.9000015258789
2025-03-14,73.66999816894531
2025-03-17,73.91999816894531
2025-03-18,71.33999633789062
2025-03-19,74.43000030517578
2025-03-20,74.04000091552734
2025-03-21,74.87000274658203
2025-03-24,80.22000122070312
2025-03-25,78.9000015258789
2025-03-26,77.87000274658203
2025-03-27,73.52999877929688
2025-03-28,70.2300033569336
2025-03-31,69.05000305175781
2025-04-01,68.19999694824219
2025-04-02,71.37000274658203
2025-04-03,60.22999954223633
2025-04-04,57.66999816894531
2025-04-07,58.77000045776367
2025-04-08,56.150001525878906
2025-04-09,70.83000183105469
2025-04-10,62.75
2025-04-11,65.5999984741211
2025-04-14,65.69000244140625
2025-04-15,67.0
2025-04-16,66.98999786376953
2025-04-17,66.30000305175781
2025-04-21,65.30000305175781
2025-04-22,66.97000122070312
2025-04-23,68.02999877929688
2025-04-24,69.05000305175781
2025-04-25,68.19999694824219
2025-04-28,68.83999633789062
2025-04-29,68.93000030517578
2025-04-30,68.81999969482422
2025-05-01,69.16000366210938
2025-05-02,74.06999969482422
2025-05-05,74.86000061035156
2025-05-06,73.5199966430664
2025-05-07,75.3499984741211
2025-05-08,79.41000366210938
2025-05-09,77.2699966430664
2025-05-12,78.62000274658203
2025-05-13,82.5999984741211
2025-05-14,78.98999786376953
2025-05-15,76.54000091552734
2025-05-16,77.93000030517578
2025-05-19,78.62000274658203
2025-05-20,76.33000183105469
2025-05-21,73.33000183105469
2025-05-22,76.0
2025-05-23,74.6500015258789
2025-05-27,78.18000030517578
2025-05-28,77.5
2025-05-29,78.56999969482422
2025-05-30,79.44000244140625
2025-06-02,81.2300033569336
2025-06-03,81.08000183105469
2025-06-04,81.62000274658203
2025-06-05,80.3499984741211
2025-06-06,84.2300033569336
2025-06-09,83.47000122070312
2025-06-10,83.19999694824219
2025-06-11,78.62999725341797
2025-06-12,77.43000030517578
2025-06-13,74.0
2025-06-16,78.5199966430664
2025-06-17,73.66999816894531
2025-06-18,74.30000305175781
2025-06-20,74.2699966430664
2025-06-23,76.97000122070312
2025-06-24,79.0199966430664
2025-06-25,76.7300033569336
2025-06-26,77.55000305175781
2025-06-27,79.18000030517578
2025-06-30,79.62999725341797
2025-07-01,80.05000305175781
2025-07-02,81.01000213623047
2025-07-03,82.36000061035156
2025-07-07,81.11000061035156
2025-07-08,81.20999908447266
2025-07-09,80.18000030517578
2025-07-10,91.66999816894531
2025-07-11,87.69000244140625
2025-07-14,88.94000244140625
2025-07-15,86.37999725341797
2025-07-16,88.47000122070312
2025-07-17,91.22000122070312
2025-07-18,92.25
2025-07-21,92.3499984741211
2025-07-22,90.77999877929688
2025-07-23,90.43000030517578
2025-07-24,89.7300033569336
2025-07-25,91.11000061035156
2025-07-28,92.43000030517578
2025-07-29,90.6500015258789
2025-07-30,90.23999786376953
2025-07-31,88.30999755859375
2025-08-01,84.56999969482422
2025-08-04,87.01000213623047
2025-08-05,87.66000366210938
2025-08-06,88.87000274658203
2025-08-07,87.9800033569336
2025-08-08,89.29000091552734
2025-08-11,89.33000183105469
2025-08-12,98.47000122070312
2025-08-13,99.79000091552734
2025-08-14,99.13999938964844
2025-08-15,100.93000030517578
2025-08-18,102.37000274658203
2025-08-19,102.19000244140625
2025-08-20,99.83999633789062
2025-08-21,97.19000244140625
2025-08-22,102.9800033569336
2025-08-25,102.33999633789062
2025-08-26,104.12999725341797
2025-08-27,104.20999908447266
2025-08-28,105.08000183105469
2025-08-29,105.0
2025-09-02,104.68000030517578
2025-09-03,106.16000366210938
2025-09-04,106.05000305175781
2025-09-05,106.58999633789062
2025-09-08,107.7699966430664
2025-09-09,105.6500015258789
2025-09-10,107.51000213623047
2025-09-11,109.36000061035156
2025-09-12,106.58000183105469
2025-09-15,104.55000305175781
2025-09-16,104.19999694824219
2025-09-17,105.51000213623047
2025-09-18,105.37999725341797
2025-09-19,106.30999755859375
2025-09-22,104.18000030517578
2025-09-23,104.12999725341797
2025-09-24,101.38999938964844
2025-09-25,99.1500015258789
2025-09-26,97.91000366210938
2025-09-29,98.63999938964844
2025-09-30,96.5
2025-10-01,93.1500015258789
2025-10-02,94.83000183105469
2025-10-03,95.33000183105469
2025-10-06,97.06999969482422
2025-10-07,96.6500015258789
2025-10-08,98.08999633789062
2025-10-09,101.33999633789062
2025-10-10,96.66999816894531
2025-10-13,99.25
2025-10-14,103.1500015258789
2025-10-15,104.05000305175781
2025-10-16,98.19000244140625
2025-10-17,99.13999938964844
2025-10-20,101.29000091552734
2025-10-21,100.11000061035156
2025-10-22,96.2699966430664
2025-10-23,95.68000030517578
2025-10-24,99.30999755859375
2025-10-27,98.80000305175781
2025-10-28,94.94000244140625
2025-10-29,95.93000030517578
2025-10-30,93.37999725341797
2025-10-31,94.04000091552734
2025-11-03,96.11000061035156
2025-11-04,90.7699966430664
2025-11-05,96.6500015258789
2025-11-06,95.72000122070312
2025-11-07,97.43000030517578
2025-11-10,96.13999938964844
2025-11-11,94.94999694824219
2025-11-12,99.97000122070312
2025-11-13,97.16999816894531
2025-11-14,95.02999877929688
2025-11-17,89.94999694824219
2025-11-18,91.91999816894531
2025-11-19,91.33000183105469
2025-11-20,90.05000305175781
2025-11-21,92.19999694824219
2025-11-24,95.62000274658203
2025-11-25,98.91000366210938
2025-11-26,101.58999633789062
2025-11-28,101.95999908447266
2025-12-01,101.12000274658203
2025-12-02,104.37999725341797
2025-12-03,108.4800033569336
2025-12-04,104.7300033569336
2025-12-05,104.94999694824219
2025-12-08,104.5
2025-12-09,105.69999694824219
2025-12-10,107.73999786376953
2025-12-11,108.38999938964844
2025-12-12,106.83999633789062
2025-12-15,107.69999694824219
2025-12-16,112.4800033569336
2025-12-17,110.2699966430664
2025-12-18,112.8499984741211
2025-12-19,113.98999786376953
2025-12-22,116.0199966430664
2025-12-23,113.52999877929688
2025-12-24,114.80999755859375
2025-12-26,114.04000091552734
2025-12-29,111.44999694824219
2025-12-30,111.5199966430664
2025-12-31,111.81999969482422
2026-01-02,113.01000213623047
2026-01-05,114.88999938964844
2026-01-06,117.52999877929688
2026-01-07,116.5999984741211
2026-01-08,115.47000122070312
2026-01-09,117.31999969482422
2026-01-12,115.29000091552734
2026-01-13,114.41000366210938
2026-01-14,110.75
2026-01-15,116.0199966430664
2026-01-16,113.48999786376953
2026-01-20,108.56999969482422
2026-01-21,110.95999908447266
2026-01-22,110.4000015258789
2026-01-23,107.73999786376953
2026-01-26,107.76000213623047
2026-01-27,104.04000091552734
2026-01-28,104.91000366210938
2026-01-29,103.94000244140625
2026-01-30,102.31999969482422
2026-02-02,107.3499984741211
2026-02-03,110.86000061035156
2026-02-04,109.4800033569336
2026-02-05,106.08999633789062
2026-02-06,115.91000366210938
2026-02-09,116.19999694824219
2026-02-10,116.36000061035156
2026-02-11,113.94000244140625
2026-02-12,109.30000305175781
2026-02-13,109.29000091552734
2026-02-17,114.0199966430664
2026-02-18,116.93000030517578
2026-02-19,110.05000305175781
2026-02-20,113.02999877929688
2026-02-23,107.16999816894531
2026-02-24,112.58999633789062
2026-02-25,112.87000274658203
2026-02-26,116.43000030517578
2026-02-27,106.30000305175781
2026-03-02,103.20999908447266
2026-03-03,102.54000091552734
2026-03-04,100.4800033569336
2026-03-05,95.43000030517578
2026-03-06,92.06999969482422
2026-03-09,94.5199966430664
2026-03-10,91.0999984741211
2026-03-11,90.68000030517578
2026-03-12,86.52999877929688
2026-03-13,86.5999984741211
2026-03-16,90.27999877929688
2026-03-17,93.19000244140625
2026-03-18,92.51000213623047
2026-03-19,94.1500015258789
2026-03-20,89.94999694824219
2026-03-23,93.95999908447266
2026-03-24,93.55999755859375
2026-03-25,92.94999694824219
2026-03-26,92.69000244140625
2026-03-27,88.44000244140625
2026-03-30,85.20999908447266
2026-03-31,92.06999969482422
2026-04-01,95.08000183105469
2026-04-02,92.20999908447266
2026-04-06,90.97000122070312
2026-04-07,89.29000091552734
2026-04-08,96.30000305175781
2026-04-09,97.66999816894531
2026-04-10,96.4000015258789
2026-04-13,95.19999694824219
2026-04-14,97.19999694824219
2026-04-15,94.2699966430664
2026-04-16,95.02999877929688
2026-04-17,101.80000305175781
2026-04-20,98.91000366210938
2026-04-21,97.12999725341797
2026-04-22,91.70999908447266
2026-04-23,91.25
2026-04-24,93.0
2026-04-27,91.9000015258789
2026-04-28,90.41000366210938
2026-04-29,88.62000274658203
2026-04-30,90.0
2026-05-01,92.5199966430664
2026-05-04,90.06999969482422
2026-05-05,93.66999816894531
2026-05-06,100.04000091552734
2026-05-07,99.69999694824219
2026-05-08,99.58000183105469
2026-05-11,96.62000274658203
2026-05-12,95.83999633789062
2026-05-13,95.69999694824219
2026-05-14,96.0199966430664
2026-05-15,92.8499984741211
2026-05-18,92.55000305175781
2026-05-19,89.12000274658203
2026-05-20,98.0199966430664
2026-05-21,99.63999938964844
2026-05-22,99.95999908447266
2026-05-26,105.91999816894531
2026-05-27,112.62000274658203
2026-05-28,115.05999755859375
2026-05-29,114.80000305175781
2026-06-01,111.76000213623047
2026-06-02,108.81999969482422
2026-06-03,105.13999938964844
2026-06-04,104.94000244140625
2026-06-05,105.7300033569336
2026-06-08,105.31999969482422
2026-06-09,109.62999725341797
2026-06-10,102.77999877929688
2026-06-11,112.61000061035156
2026-06-12,115.5199966430664
2026-06-15,119.97000122070312
2026-06-16,118.51000213623047
2026-06-17,115.83000183105469
2026-06-18,118.31999969482422
2026-06-22,118.68000030517578
2026-06-23,121.55000305175781
2026-06-24,130.5399932861328
2026-06-25,134.61000061035156
2026-06-26,136.11000061035156
2026-06-29,135.19000244140625
2026-06-30,135.99000549316406
2026-07-01,135.1300048828125
